caption,mean,precision,votes,not_funny,somewhat_funny,funny,llm_humor_labels,llm_sentiment
Did you see the rock he gave her.,2.160225988700565,0.0066036057842166,13275,2949,5250,5076,sarcasm,neutral
She's lucky. All the men I date are gatherers.,2.095025246254449,0.0068094231604794,12081,2864,5205,4012,sarcasm,positive
They met at the opera,2.0867748279252702,0.0067209352724871,12204,2880,5385,3939,unknown,neutral
Now I know why she calls him Hun.,2.0260822314798044,0.0073747054793078,11042,3175,4404,3463,unknown,neutral
I hear that they met on a Viking cruise.,1.962962962962963,0.0076977284154755,10692,3592,3904,3196,unknown,neutral
It's progress. Her first husband was such a Neanderthal.,1.9628416323474356,0.0074071575457337,10684,3337,4407,2940,sarcasm,negative
"So, is this your first Minnesota wedding?",1.9364323428926389,0.0082692396402838,9659,3516,3241,2902,sarcasm,neutral
“It’s about time they settled down and razed a village.”,1.9288656350885005,0.0083648029927374,8983,3165,3292,2526,unknown,negative
They met clubbing.,1.9204666990763248,0.0077170375671533,10285,3591,3921,2773,unknown,neutral
...of course he 'takes' that woman. He's a viking. That's what they do.,1.883016503029037,0.0080212865375035,9574,3574,3546,2454,unknown,neutral
They're registered at Blood Bath and Beyond.,1.880703683342496,0.0085296559544326,9095,3616,2948,2531,not_evaluated,not_evaluated
Who knew there was a black rabbi in Norway?,1.8721020092735705,0.0094461042287508,7764,3249,2259,2256,not_evaluated,not_evaluated
I love that no one wears the pants in their relationship.,1.869190770230744,0.0097420110964842,6154,2252,2455,1447,not_evaluated,not_evaluated
Kind of encouraging people can still find love in their middle ages.,1.854859611231101,0.0091501025506995,6945,2596,2761,1588,not_evaluated,not_evaluated
He’s made a fortune in hostile takeovers.,1.847918546204408,0.0088724730725771,7759,3049,2841,1869,not_evaluated,not_evaluated
I’m leaving before she tosses the sword.,1.843054619015509,0.0101251518562756,5932,2342,2179,1411,not_evaluated,not_evaluated
Don’t even think of objecting.,1.8426793670302657,0.0095592820118191,6509,2528,2477,1504,not_evaluated,not_evaluated
They met on Ancestry.com.,1.8404729266620972,0.0103167949692119,5836,2352,2063,1421,not_evaluated,not_evaluated
She did describe him as horny.,1.783709912536443,0.0104625233497393,5488,2370,1935,1183,not_evaluated,not_evaluated
Tonight we’re gonna party like it’s 999.,1.7776022745221924,0.0097105229591893,6331,2750,2239,1342,not_evaluated,not_evaluated
I give it two harvests.,1.7741090909090909,0.0090728633653024,6875,2897,2634,1344,not_evaluated,not_evaluated
It's a mixed marriage: he's a plunderer and she's a pillager.,1.7720991860685216,0.0102567432579968,5283,2207,2073,1003,not_evaluated,not_evaluated
Doesn't she look ravaging!,1.758111031002163,0.010074313263783,5548,2395,2100,1053,not_evaluated,not_evaluated
I could have done without the reading from Beowulf.,1.7463157894736845,0.0143051626070399,2850,1284,1005,561,not_evaluated,not_evaluated
I hear they met on one of those Viking Cruises.,1.7357723577235773,0.0336569495194752,492,219,184,89,not_evaluated,not_evaluated
Let's hope tonight's the annual bath.,1.7333155008693326,0.0089925318199436,7477,3523,2425,1529,not_evaluated,not_evaluated
The third usher objected to the marriage.,1.7329093799682036,0.0222131950931038,1258,603,388,267,not_evaluated,not_evaluated
"So I said to her, ""Marge, you're never going to meet a real man online.  Why don't you try one of those Viking Cruises?""",1.7259591429995018,0.0096649626706115,6021,2744,2183,1094,not_evaluated,not_evaluated
I shaved my legs for this?,1.7176732123008522,0.010288351743419,5398,2519,1884,995,not_evaluated,not_evaluated
Suddenly these bridesmaids’ dresses don’t seem so bad.,1.7163382594417078,0.010251413059241,4872,2134,1986,752,not_evaluated,not_evaluated
Her last husband’s funeral boat isn’t even cold yet.,1.710293526336952,0.0107819436008647,4974,2367,1681,926,not_evaluated,not_evaluated
I guess this means that the reception dinner meal is all paleo.,1.707595526561044,0.0113631769201409,4292,2000,1547,745,not_evaluated,not_evaluated
"The invitation said nine thirty, but I thought A.M., not A.D.",1.7056558363417569,0.0117846531532169,4155,1990,1398,767,not_evaluated,not_evaluated
They met on Plundr.,1.7033140452393478,0.0123868529712677,3802,1840,1250,712,not_evaluated,not_evaluated
Now he wants to be called Erik the Wed.,1.6997648288476614,0.0122354940978079,3827,1843,1290,694,not_evaluated,not_evaluated
They plan to invade England for their honeymoon.,1.6965185524507558,0.011252123998648,4366,2070,1551,745,not_evaluated,not_evaluated
They're registered at Sacks.,1.690807799442897,0.0125544955328197,3590,1742,1216,632,not_evaluated,not_evaluated
If there is anyone who has a reason to object to this union my advice is to keep your mouth shut.,1.6902998889300258,0.0101518004231779,5402,2599,1877,926,not_evaluated,not_evaluated
"Wow, that's quite a rock he got her.",1.686091686091686,0.0205828412626804,1287,616,459,212,not_evaluated,not_evaluated
The pre-nup is set in stone.,1.681592039800995,0.0131721506370369,3216,1572,1096,548,not_evaluated,not_evaluated
Did you see the size of her rock?,1.6782551656280749,0.0136334660607964,3049,1512,1006,531,not_evaluated,not_evaluated
"Blind date, parking lot, Vikings vs Raiders.",1.6704087507196317,0.0127183306332468,3474,1737,1145,592,not_evaluated,not_evaluated
I will regret getting her into Game of Thrones until the day I die.,1.665086887835703,0.0299561415855631,633,321,203,109,not_evaluated,not_evaluated
"When she said she was marrying Norman, I assumed that was the guy's name.",1.6599690880989182,0.0128962436681911,3235,1607,1121,507,not_evaluated,not_evaluated
A black minister marrying a Viking couple under a chuppah. Now that's diversity,1.6511710432931157,0.0140726641386079,2818,1449,903,466,not_evaluated,not_evaluated
It's always the wife who converts.,1.65015479876161,0.012955896553196,3230,1638,1084,508,not_evaluated,not_evaluated
She's from Green Bay but she was always a Vikings fan.,1.6459566074950691,0.0231795967310039,1014,519,335,160,not_evaluated,not_evaluated
"I hear they met at the opera.""",1.6388364185870796,0.014302433114992,2647,1367,869,411,not_evaluated,not_evaluated
Remember to go for the handle when you catch the sword.,1.633879781420765,0.0237655675016918,915,465,320,130,not_evaluated,not_evaluated
She met him clubbing,1.627666896077082,0.0188238812897877,1453,745,504,204,not_evaluated,not_evaluated
I heard she has a Hun in the oven.,1.624946604015378,0.0155272292833604,2341,1264,691,386,not_evaluated,not_evaluated
"It's her first marriage, and his first consensual one.",1.6182224706539967,0.0171447756948337,1789,942,588,259,not_evaluated,not_evaluated
They go way back.,1.6160877513711152,0.0179397609108358,1641,869,533,239,not_evaluated,not_evaluated
Are you as sick of Game of Thrones as me?,1.611298482293423,0.0154335999304793,2372,1310,674,388,not_evaluated,not_evaluated
There's no way this is staying in Vegas.,1.6035103510351034,0.0157852686152104,2222,1230,643,349,not_evaluated,not_evaluated
"If anyone sees any reason why these two should not be wed, speak now and rest in peace.",1.5995405819295558,0.0201436423505926,1306,712,405,189,not_evaluated,not_evaluated
I hear they registered at Blood Bath and Beyond.,1.5990063875088716,0.0202615354036869,1409,803,368,238,not_evaluated,not_evaluated
"Marriage is a dated, barbaric ritual.",1.597609561752988,0.0266800659356806,753,414,228,111,not_evaluated,not_evaluated
At least he's better than that Neanderthal she dated in college.,1.596551724137931,0.0239976955047354,870,464,293,113,not_evaluated,not_evaluated
I teared up when they exchanged weapons.,1.5948089401586156,0.0195439246708867,1387,762,425,200,not_evaluated,not_evaluated
So glad we got to pick the dresses.,1.5926672038678484,0.0139782309693556,2482,1313,867,302,not_evaluated,not_evaluated
These Unitarian weddings are always interesting.,1.588324106693508,0.0161969737826489,1987,1095,615,277,not_evaluated,not_evaluated
"I""m surprised she went with the sleeveless bearskin",1.58078191238813,0.0152732746819066,2123,1157,699,267,not_evaluated,not_evaluated
They met at a rally for the President,1.5806267806267806,0.0183926028724533,1755,1043,405,307,not_evaluated,not_evaluated
I hear he has a long ship.,1.5771065182829889,0.0167167700493086,1887,1065,555,267,not_evaluated,not_evaluated
It's the same dress her mother wore.,1.5727728983688831,0.0181453874656179,1594,904,467,223,not_evaluated,not_evaluated
"And still, somehow, our dresses are worse.",1.566953316953317,0.0182241312595548,1628,945,443,240,not_evaluated,not_evaluated
We’re not losing a hunter. We’re gaining a gatherer.,1.5667678300455234,0.0191359354847436,1318,727,435,156,not_evaluated,not_evaluated
"When she said she was marrying a Viking, I thought she meant a football player.",1.5510771369006255,0.0187823681911757,1439,833,419,187,not_evaluated,not_evaluated
I think the've taken this paleo thing a little too far.,1.550778816199377,0.017902621370283,1605,935,456,214,not_evaluated,not_evaluated
I hear the entire banquet is forest to table.,1.549929676511955,0.0187706552308147,1422,820,422,180,not_evaluated,not_evaluated
"I told her marriage is a barbaric relic of the Middle Ages, and she was like, that's the perfect theme!""",1.5491419656786272,0.0200077205167409,1282,748,364,170,not_evaluated,not_evaluated
I wouldn't object if I were you.,1.548337200309358,0.0190810827754945,1293,728,421,144,not_evaluated,not_evaluated
Stop whining. I still have the uniform from your Trek wedding.,1.5463576158940395,0.0290661844242633,604,353,172,79,not_evaluated,not_evaluated
They’ve been insufferable over their viking heritage ever since they had their DNA tested.,1.5452302631578947,0.0205431765502961,1216,714,341,161,not_evaluated,not_evaluated
"They met on a Viking cruise, I assume.""",1.544836956521739,0.0253093979556891,736,417,237,82,not_evaluated,not_evaluated
"No, I like the outfits. I did think the Goat Sacrifice was a bit much, though.",1.544766708701135,0.0249402454335025,793,458,238,97,not_evaluated,not_evaluated
I now pronounce you Anglo & Saxon,1.543761638733706,0.0313684926032085,537,320,142,75,not_evaluated,not_evaluated
The matching fanny packs is a nice touch.,1.5422794117647058,0.0208079429390597,1088,619,348,121,not_evaluated,not_evaluated
"They hired a tribute band for the reception, The Pillage Veople.",1.5390835579514826,0.0221377398465525,1113,678,270,165,not_evaluated,not_evaluated
"After what happened to the third groomsman, I'll bet everyone else holds their peace.",1.5372340425531914,0.023068113613127,940,553,269,118,not_evaluated,not_evaluated
When Sue said she was marrying a Minnesota Viking I thought she meant a football player.,1.5366631243358129,0.0233430756699571,941,560,257,124,not_evaluated,not_evaluated
Some people just take their genetic profiles too seriously.,1.5364583333333333,0.0299574161839817,576,344,155,77,not_evaluated,not_evaluated
I can tell you right now it's gonna be for worse.,1.532994923857868,0.0352197758178294,394,231,116,47,not_evaluated,not_evaluated
Where did he drag her in from?,1.532258064516129,0.0288917916790523,620,373,164,83,not_evaluated,not_evaluated
Don't ask me. She an assistant manager at Starbucks and he's a CPA.,1.5303867403314917,0.0214569991410011,1086,646,304,136,not_evaluated,not_evaluated
"When she told me her new guy was an international trader who specialised in foreign takeovers, that's not what I envisaged.",1.528835690968444,0.0234263573992158,919,550,252,117,not_evaluated,not_evaluated
"When they said they were having a traditional Scandinavian wedding, I thought that meant there would be a Lutheran minister.",1.52642073778664,0.0222166377745298,1003,598,282,123,not_evaluated,not_evaluated
"I just know, when he drags her down the isle by her hair, I'm going to cry.",1.5236363636363637,0.0252608949550333,825,507,204,114,not_evaluated,not_evaluated
They registered at Sack Fifth Avenue.,1.5225872689938398,0.0224819125640846,974,583,273,118,not_evaluated,not_evaluated
This is what happens when you use Ancestry.com as a dating site.,1.5190424374319913,0.0233358873578187,919,557,247,115,not_evaluated,not_evaluated
Not holding out hope for vegan options at the reception.,1.5190039318479684,0.0249688730309212,763,453,224,86,not_evaluated,not_evaluated
Wait til you see her cut the cake.,1.5180467091295118,0.0224609093617773,942,560,276,106,not_evaluated,not_evaluated
There’s no reception - we’re going to raid the Miller wedding.,1.5169230769230768,0.0278124164935336,650,396,172,82,not_evaluated,not_evaluated
"Well, the wedding invitation did say ‘dress to kill’.",1.5125827814569537,0.0257898388157123,755,463,197,95,not_evaluated,not_evaluated
Would you believe they met at a Trump rally?,1.51046511627907,0.0248695275288712,860,542,197,121,not_evaluated,not_evaluated
But they don't look Jewish.,1.5103030303030305,0.0243830139319575,825,503,223,99,not_evaluated,not_evaluated
It must be true love... She used to be a Packers fan.,1.508571428571429,0.0231171869788671,875,525,255,95,not_evaluated,not_evaluated
10 to 1 they're not wearing underwear.,1.507936507936508,0.0270621012618245,693,430,174,89,not_evaluated,not_evaluated
This is a marriage made in Valhalla.,1.506953223767383,0.0247153053912604,791,482,217,92,not_evaluated,not_evaluated
"After what happened to the third groomsman, I'll hold my peace.",1.506228765571914,0.023076004552425,883,533,253,97,not_evaluated,not_evaluated
I used to date him and let's just say the spear is not to scale.,1.506188118811881,0.0244552793304024,808,493,221,94,not_evaluated,not_evaluated
Do you believe Lois wore those sandals with that sword?,1.5057618437900129,0.0243509283906904,781,469,229,83,not_evaluated,not_evaluated
To pillage and to burn...,1.5054824561403508,0.0226961069184154,912,551,261,100,not_evaluated,not_evaluated
"You think this looks silly, my other friends were Dolphin fans.",1.5051851851851852,0.0275269992790821,675,422,165,88,not_evaluated,not_evaluated
"Before we start, may I remind you this is a civil ceremony.",1.5040369088811996,0.0232748956702921,867,525,247,95,not_evaluated,not_evaluated
Before Trump this would have been funny.,1.5039370078740155,0.0262142787232532,762,482,176,104,not_evaluated,not_evaluated
"If she throws that sword, I'm not catching it.",1.5035046728971964,0.0237259235545834,856,524,233,99,not_evaluated,not_evaluated
She’s only marrying him for his vessel.,1.5032537960954446,0.0323003680450514,461,282,126,53,not_evaluated,not_evaluated
Do you know when the fat lady is going to sing?,1.5019455252918288,0.031189024794195,514,320,130,64,not_evaluated,not_evaluated
I can't tell if I'm overdressed or underdressed.,1.5018382352941178,0.0288580224057569,544,326,163,55,not_evaluated,not_evaluated
Reform Judaism has just gone too far.,1.500745156482861,0.0274903856964667,671,421,164,86,not_evaluated,not_evaluated
So nice Linda's turning over a new Leif.,1.4971014492753625,0.0266834181085813,690,430,177,83,not_evaluated,not_evaluated
"Always a wench-maid, never the wench.",1.4965986394557824,0.032916761423909,441,272,119,50,not_evaluated,not_evaluated
"It's a nice ceremony, but their funerals are better.",1.4964336661911557,0.0270573319768576,701,445,164,92,not_evaluated,not_evaluated
Did you take this woman?,1.496168582375479,0.0314204090406543,522,332,121,69,not_evaluated,not_evaluated
It'll never last. She's from Green Bay.,1.4957805907172996,0.0319238558639401,474,294,125,55,not_evaluated,not_evaluated
We're just waiting for Siegfried to get here with the ring.,1.4954367666232071,0.0260839580758411,767,491,172,104,not_evaluated,not_evaluated
Looks like they both said yes to the dress!,1.49519890260631,0.02605328029498,729,457,183,89,not_evaluated,not_evaluated
I hadn’t realized they’re both from Minnesota.,1.4947916666666667,0.0258617754557297,768,489,178,101,not_evaluated,not_evaluated
"Oh don't worry, it's all synthetic fur.",1.4947780678851177,0.0242105727401462,766,463,227,76,not_evaluated,not_evaluated
"Poor thing, everyone
 knows big feet, small sword!""",1.494097807757167,0.0285541263098991,593,369,155,69,not_evaluated,not_evaluated
I think I’ll skip the bouquet toss.,1.4928977272727273,0.0257424227863674,704,433,195,76,not_evaluated,not_evaluated
She's taking her ancestry results very seriously.,1.491156462585034,0.0250189465363735,735,451,207,77,not_evaluated,not_evaluated
I'm just grateful they didn't go with the Adam and Eve theme.,1.490990990990991,0.0259588174700508,666,405,195,66,not_evaluated,not_evaluated
They met while clubbing.,1.4908321579689705,0.0257635971290879,709,439,192,78,not_evaluated,not_evaluated
Her arse will be Thor in the morning.,1.490538573508006,0.0280833644600853,687,450,137,100,not_evaluated,not_evaluated
She said she would only marry a guy hung like a Norse,1.489841986455982,0.0337249483089049,443,282,105,56,not_evaluated,not_evaluated
You won’t believe the size of the rock he gave her!,1.488822652757079,0.0258178573623397,671,409,196,66,not_evaluated,not_evaluated
Truly a match made in Valhalla.,1.4883040935672514,0.0256309434811267,684,418,198,68,not_evaluated,not_evaluated
apparently he has a several boats and loves to travel.,1.4878744650499287,0.025582551694429,701,432,196,73,not_evaluated,not_evaluated
Can't wait to hear him try to pronounce Æthelflæd.,1.4875389408099688,0.0272865150508883,642,402,167,73,not_evaluated,not_evaluated
She says he’s great in the sacking,1.4856230031948885,0.0273362966951706,626,390,168,68,not_evaluated,not_evaluated
"It won’t last.  He does the pillaging, she does the plundering, but neither one cooks.",1.4850746268656716,0.0253195337734789,670,405,205,60,not_evaluated,not_evaluated
I'm starting to think the other groomsman isn't in the bathroom.,1.4845528455284551,0.0277890972141206,615,386,160,69,not_evaluated,not_evaluated
"If she throws that sword, it's all yours.",1.484490398818316,0.0262390231752215,677,422,182,73,not_evaluated,not_evaluated
"“If anyone knows why these two should not be married, think carefully before speaking.”",1.484472049689441,0.0300792275577114,483,294,144,45,not_evaluated,not_evaluated
With the power vested in me by Odin and the state of Nevada...,1.4829931972789117,0.0292265849707358,588,378,136,74,not_evaluated,not_evaluated
Just the gown cost an arm and a leg.,1.4821173104434906,0.0253899764884631,699,432,197,70,not_evaluated,not_evaluated
I'm telling you I can sense people who haven't been vaccinated.,1.4818355640535372,0.0302959716844404,523,331,132,60,not_evaluated,not_evaluated
"I hear the ring came from a grandmother, not his... but someones!",1.4813084112149533,0.0267411864828629,642,400,175,67,not_evaluated,not_evaluated
"...in sickness and in helath, until you are set ablaze on a ship and pushed out to sea.",1.481203007518797,0.0268366910107273,665,421,168,76,not_evaluated,not_evaluated
Thank god this is the last season of Game of Thrones,1.4810318664643398,0.0258837415948854,659,405,191,63,not_evaluated,not_evaluated
It’s time they settle down and raze a village.,1.4798206278026906,0.0263792988865141,669,420,177,72,not_evaluated,not_evaluated
She met him on a Viking cruise.,1.4798136645962734,0.0274815746724066,644,411,157,76,not_evaluated,not_evaluated
"Psst...we’re all letting her sister catch the bridal sword, ok?",1.478849407783418,0.0275931164031232,591,367,165,59,not_evaluated,not_evaluated
In high school he was voted 'Most Likely to Invade Ireland.',1.4781297134238311,0.0264660664414565,663,417,175,71,not_evaluated,not_evaluated
I bet she kills him first.,1.4758064516129032,0.0275191080898046,620,393,159,68,not_evaluated,not_evaluated
I forget. Which episode is this?,1.4754601226993864,0.0382860351907041,326,208,81,37,not_evaluated,not_evaluated
She slayed the dress herself.,1.474120082815735,0.0309097989710006,483,305,127,51,not_evaluated,not_evaluated
...in pillage and in famine...,1.4736842105263157,0.0322672779589166,475,308,109,58,not_evaluated,not_evaluated
'Apparently he now wants to be known as Erik the Wed.',1.4722689075630253,0.0280607320398064,595,379,151,65,not_evaluated,not_evaluated
They’re a perfect match.  He sacks and she pillages.,1.4722662440570522,0.0267879223460186,631,397,170,64,not_evaluated,not_evaluated
May the Norse be with you.,1.4715447154471544,0.0275809875164472,615,392,156,67,not_evaluated,not_evaluated
"it's a little ironic to call him the ""groom""",1.4712871287128713,0.0303104622424554,505,321,130,54,not_evaluated,not_evaluated
"Well I can tell you one thing.
They didn’t meet online.",1.4706867671691792,0.0273798680435972,597,375,163,59,not_evaluated,not_evaluated
Delta always mixes up my luggage too.,1.4695945945945943,0.0287630019503575,592,385,136,71,not_evaluated,not_evaluated
"When she said she was going Viking, I thought she meant appliances.",1.4694533762057878,0.0272545569559859,622,396,160,66,not_evaluated,not_evaluated
She said he was horny.,1.4686998394863564,0.0276911559688005,623,402,150,71,not_evaluated,not_evaluated
Apparently his DNA test kit said he’s one percent Scandinavian.,1.4679611650485438,0.0301245547042437,515,330,129,56,not_evaluated,not_evaluated
OMG! She’s wearing flats.,1.4673684210526317,0.0308474004817869,475,301,126,48,not_evaluated,not_evaluated
"I didn't want to be a bridesmaid, but I was afraid to say no.",1.46484375,0.0280169011084736,512,313,160,39,not_evaluated,not_evaluated
Finally ! They have been living together for ages,1.4644351464435146,0.0308426744882517,478,305,124,49,not_evaluated,not_evaluated
The reception will be Kosher Paleo,1.4643510054844606,0.029734256630931,547,357,126,64,not_evaluated,not_evaluated
I heard that before the DNA tests they were both Irish.,1.4637096774193548,0.0300257013693902,496,315,132,49,not_evaluated,not_evaluated
"Whatever you do, DON'T object!",1.4633273703041143,0.0289264915490083,559,361,137,61,not_evaluated,not_evaluated
I heard they met on Plundr.,1.4612612612612612,0.0280499392686562,555,351,152,52,not_evaluated,not_evaluated
"Always the bridesmaid, never the warrior queen.",1.460820895522388,0.028880229365924,536,342,141,53,not_evaluated,not_evaluated
I understand the condo association still hasn’t decided.,1.4599483204134367,0.0347250535397322,387,251,94,42,not_evaluated,not_evaluated
I  remember when she was a Democrat.,1.4599236641221374,0.0297257813215662,524,339,129,56,not_evaluated,not_evaluated
They meet at the Metropolitan Opera,1.4596622889305817,0.0289946574512629,533,341,139,53,not_evaluated,not_evaluated
"It's the final season of Game of Thrones, Jan, let them have their moment.""",1.4593495934959348,0.0300532282602156,492,314,130,48,not_evaluated,not_evaluated
"Forever hold your peace would appear to be the prudent option, Margaret.",1.4592901878914406,0.0304974408140968,479,306,126,47,not_evaluated,not_evaluated
This is officially the most Reform temple I've ever seen.,1.459203036053131,0.0302031983728675,527,346,120,61,not_evaluated,not_evaluated
"I hate to ask in this environment,but what happened to the best man?",1.4590818363273452,0.0300638825920045,501,322,128,51,not_evaluated,not_evaluated
To halve and to hold...,1.4584527220630372,0.0365949743219011,349,227,84,38,not_evaluated,not_evaluated
I think they're going to love the NordicTrack I got them.,1.4576271186440677,0.0284504036970255,531,336,147,48,not_evaluated,not_evaluated
I can't wait to see them cut the cake.,1.4570637119113574,0.0359097231168983,361,235,87,39,not_evaluated,not_evaluated
Trust me.  She'll be Thor in the morning.,1.4563318777292575,0.0326866887697028,458,304,99,55,not_evaluated,not_evaluated
I love the way he calls her Hun.,1.456175298804781,0.0283778990225841,502,312,151,39,not_evaluated,not_evaluated
There is no gift list. They're going to raid Paris,1.4557692307692307,0.0297575981000716,520,338,127,55,not_evaluated,not_evaluated
"Surprisingly, he's a vegan.",1.4555984555984556,0.0289519273463038,518,330,140,48,not_evaluated,not_evaluated
"It's a very modern marriage, neither wears the pants.",1.4545454545454546,0.0304498956074917,495,322,121,52,not_evaluated,not_evaluated
It was a much bigger wedding before the bachelorette party.,1.4545454545454546,0.0305839025968649,495,323,119,53,not_evaluated,not_evaluated
She's wearing her grandmother's pelt!,1.4545454545454546,0.0295014920751159,517,334,131,52,not_evaluated,not_evaluated
I thought what happened in Reykjavik stayed in Reykjavik.,1.4545454545454546,0.0292462639890752,517,332,135,50,not_evaluated,not_evaluated
When she throws that thing it's all yours.,1.4543689320388349,0.0302157298219413,515,338,120,57,not_evaluated,not_evaluated
Are you going to tell Rachel about that ancestry kit mix up now or at the reception?,1.4543610547667345,0.0309418816246624,493,324,114,55,not_evaluated,not_evaluated
"When she went paleo, 
I never imagined she'd take it this far.",1.4540337711069418,0.0293417264883238,533,347,130,56,not_evaluated,not_evaluated
They registered at IKEA.,1.4536082474226804,0.0311795724629937,485,319,112,54,not_evaluated,not_evaluated
I'd never marry a man with a spear that small.,1.4534412955465588,0.03089287752835,494,325,114,55,not_evaluated,not_evaluated
"'Plunder, pillage, and sack'? Did they write their own vows?",1.4527162977867203,0.0306208629346095,497,326,117,54,not_evaluated,not_evaluated
I think they're registered at IKEA.,1.452290076335878,0.0305520205980174,524,350,111,63,not_evaluated,not_evaluated
I hear the mother-in-law is a real dragon.,1.4513064133016629,0.0326290067866887,421,273,106,42,not_evaluated,not_evaluated
The rabbi has agreed to say a blessing over the Val-challah,1.45,0.0316759008985711,460,302,109,49,not_evaluated,not_evaluated
She said he was a barbarian. I thought she was kidding.,1.44988344988345,0.031498572455436,429,274,117,38,not_evaluated,not_evaluated
"Ughhh...always the wenchmaid, never the wench.",1.4491525423728813,0.0307916454887,472,307,118,47,not_evaluated,not_evaluated
She says he has a huge hammer.,1.4491017964071855,0.0312067406486116,501,336,105,60,not_evaluated,not_evaluated
"Oddly enough, they met at a Mensa conference.",1.4489247311827955,0.0365161834990675,372,251,75,46,not_evaluated,not_evaluated
"An open bar reception back at the boat, then looting and pillaging until dawn.",1.448637316561845,0.0301204949878017,477,307,126,44,not_evaluated,not_evaluated
I'm skipping the bouquet toss.,1.445910290237467,0.0335900364874303,379,244,101,34,not_evaluated,not_evaluated
This is the third 'Game of Thrones' wedding I've been in this year.,1.4452380952380952,0.0319588605907765,420,271,111,38,not_evaluated,not_evaluated
Why did she laugh after saying ''til death do us part'?,1.4451754385964912,0.0301520299512933,456,291,127,38,not_evaluated,not_evaluated
I hear they met clubbing.,1.444915254237288,0.0307761665430446,472,309,116,47,not_evaluated,not_evaluated
"So far, this has been a surprisingly civil ceremony.",1.44375,0.0287831115489346,480,303,141,36,not_evaluated,not_evaluated
Did you take this woman to be your wife?,1.44375,0.0301123830117641,480,312,123,45,not_evaluated,not_evaluated
The bride wore hide.,1.4436936936936935,0.0312101406132514,444,288,115,41,not_evaluated,not_evaluated
They said no gifts; they’ve already pillaged more than they need to get started.,1.4434389140271493,0.0314734921551565,442,288,112,42,not_evaluated,not_evaluated
Bold choice going with the matching fanny packs.,1.443181818181818,0.0314108395962667,440,286,113,41,not_evaluated,not_evaluated
She’s always gone for horny old men,1.4430379746835442,0.0309642903691297,474,313,112,49,not_evaluated,not_evaluated
Don't you think the matching purses are a little much?,1.4425531914893617,0.0308618167970865,470,309,114,47,not_evaluated,not_evaluated
The third groomsman? We lost him in the combat at the rehearsal dinner.,1.4411134903640257,0.0294801389130205,467,298,132,37,not_evaluated,not_evaluated
"I'm okay with the costumes, but ""Do you take this wench?"" is over the top.",1.441108545034642,0.0312565336509473,433,280,115,38,not_evaluated,not_evaluated
"Call me old fashioned, but I miss the days 
when brides wore white.""",1.4405594405594406,0.0384475945324061,286,185,76,25,not_evaluated,not_evaluated
"I still think it's weird that they call each other ""Hun.""",1.440347071583514,0.0315891723687544,461,307,105,49,not_evaluated,not_evaluated
He's the President's Chief of Staff,1.4395348837209303,0.0343711093917771,430,297,77,56,not_evaluated,not_evaluated
I think I'll hold my peace.,1.4386792452830188,0.0315392384574661,424,275,112,37,not_evaluated,not_evaluated
I hope I catch the sword.,1.4384787472035794,0.0323051075754626,447,300,98,49,not_evaluated,not_evaluated
"If anyone objects, well, good luck with that.",1.4382284382284385,0.032971897311412,429,288,94,47,not_evaluated,not_evaluated
Did you get invited to the consummation?,1.4379746835443037,0.0344992337973166,395,266,85,44,not_evaluated,not_evaluated
"Well. I think they got the ""for worse part"" nailed.",1.4379746835443037,0.0344992337973166,395,266,85,44,not_evaluated,not_evaluated
They met on a Viking river cruise.,1.4375,0.0317798246488863,448,298,104,46,not_evaluated,not_evaluated
Their choice of Wagner for the Wedding processional is making more sense!,1.4365256124721604,0.030930475915781,449,294,114,41,not_evaluated,not_evaluated
"For the honeymoon, they found a lovely little town to pillage.",1.435374149659864,0.0306603072162806,441,286,118,37,not_evaluated,not_evaluated
"Technically, it is a yarmulke.",1.4349112426035502,0.0364177413645152,338,225,79,34,not_evaluated,not_evaluated
"Valhalla my ass, she’s Jewish and he’s Episcopal they’re going to Miami.",1.434782608695652,0.032672489540824,437,295,94,48,not_evaluated,not_evaluated
Do you promise to loot and to skirmish until death you impart?,1.4341801385681294,0.0317339996596091,433,286,106,41,not_evaluated,not_evaluated
"When she said she was marrying a Viking, I thought she was talking about a football player.",1.4341463414634146,0.0319073767625763,410,267,108,35,not_evaluated,not_evaluated
You should see their funerals.,1.434090909090909,0.0315349566547638,440,291,107,42,not_evaluated,not_evaluated
The funny thing is—they’re Jewish.,1.433874709976798,0.0318383513960896,431,285,105,41,not_evaluated,not_evaluated
"They've got that no ""man put asunder"" covered.",1.4331210191082802,0.0373486297212255,314,208,76,30,not_evaluated,not_evaluated
I only pray there will be utensils at the reception.,1.4327628361858191,0.0317673193655445,409,266,109,34,not_evaluated,not_evaluated
Don't object. It won't go well.,1.432642487046632,0.0332956108689592,386,254,97,35,not_evaluated,not_evaluated
I feel like it was only yesterday when he raided her village.,1.4323607427055702,0.0332297852517618,377,246,99,32,not_evaluated,not_evaluated
They wrote their own battle cries.,1.4320388349514563,0.032521812571431,412,273,100,39,not_evaluated,not_evaluated
Think they ever fight?,1.431924882629108,0.0308693715151815,426,276,116,34,not_evaluated,not_evaluated
"I thought I had fully prepared myself for a true Minnesota wedding, but I was wrong.",1.431876606683805,0.0340941211743003,389,261,88,40,not_evaluated,not_evaluated
No worries. It’s fake fur.,1.4317617866004964,0.0307185337711125,403,256,120,27,not_evaluated,not_evaluated
I heard they met on a Viking Cruise.,1.43142144638404,0.0333465976100537,401,268,93,40,not_evaluated,not_evaluated
She’s always had a thing for vintage.,1.43108504398827,0.0351970841045268,341,224,87,30,not_evaluated,not_evaluated
"It's been like this since they got their DNA results. On the up side, wait till you see the smorgasbord at the reception.",1.4308093994778068,0.0340789843719612,383,256,89,38,not_evaluated,not_evaluated
Someone took their DNA test too seriously.,1.430622009569378,0.0309054697917251,418,270,116,32,not_evaluated,not_evaluated
"This is what Stockholm syndrome is, right?",1.430232558139535,0.0328781445612121,430,292,91,47,not_evaluated,not_evaluated
"You know, Bridget, it could have been you holding that sword",1.429305912596401,0.0320777081303006,389,252,107,30,not_evaluated,not_evaluated
Are you having mutton or fowl?,1.4285714285714286,0.0363480720128144,329,219,79,31,not_evaluated,not_evaluated
You may smite the bride.,1.4285714285714286,0.0341975247285864,399,272,83,44,not_evaluated,not_evaluated
"There were three groomsmen, weren't there!",1.4281984334203657,0.0332525725077635,383,253,96,34,not_evaluated,not_evaluated
That sword is to long for those shoes.,1.428191489361702,0.0343181991927784,376,252,87,37,not_evaluated,not_evaluated
It was sack and pillage at first sight.,1.4278215223097113,0.0339897813259673,381,255,89,37,not_evaluated,not_evaluated
I now pronounce you man and wife......you may drag the bride!,1.427461139896373,0.0336694380797922,386,258,91,37,not_evaluated,not_evaluated
She had to convert. She used to be a Bears fan”,1.4263157894736842,0.0330104201087142,380,250,98,32,not_evaluated,not_evaluated
"I'm so glad they finally got married, they've been engaged since the Stone Age!",1.4257425742574257,0.0316189187135017,404,264,108,32,not_evaluated,not_evaluated
"They both come from old, old money",1.4246575342465753,0.0337324039011055,365,241,93,31,not_evaluated,not_evaluated
"It's a good job they didn't pick the 'Star Wars' package. Otherwise, we'd all be in gold bikinis.",1.4246575342465753,0.033508530753173,365,240,95,30,not_evaluated,not_evaluated
It's his fifth ring cycle.,1.4246231155778897,0.0336805438327229,398,270,87,41,not_evaluated,not_evaluated
They're honeymooning on a Viking River Cruise!,1.4246231155778897,0.0321421383152196,398,262,103,33,not_evaluated,not_evaluated
I can think of a lot of reasons and I'm keeping them to myself.,1.4244031830238726,0.0336066290497232,377,251,92,34,not_evaluated,not_evaluated
"It all started when she said, ""I'm turning over a new Leif.""",1.4243176178660049,0.0322447669210988,403,267,101,35,not_evaluated,not_evaluated
"At the reception, they're going to sacrifice the flower girl.",1.4242424242424243,0.0328432784689832,396,264,96,36,not_evaluated,not_evaluated
The Wagner music is a nice touch.,1.4242424242424243,0.0345287378670695,363,243,86,34,not_evaluated,not_evaluated
"Oh they're rather progressive, Erik plans to be a stay at home dad, while Astrid pillages.",1.4235588972431077,0.0326627308103916,399,266,97,36,not_evaluated,not_evaluated
I thought she said he was really into Biking?,1.4235588972431077,0.0328549582835226,399,267,95,37,not_evaluated,not_evaluated
I understand they plan to sack Rome on their honeymoon...,1.4230769230769231,0.0333951349527099,390,262,91,37,not_evaluated,not_evaluated
I told her the shoes don't go with the sword.,1.4223918575063612,0.0324161362059302,393,260,100,33,not_evaluated,not_evaluated
It Takes a Pillage to Raise a Child.,1.4223918575063612,0.0341708430669034,393,269,82,42,not_evaluated,not_evaluated
Love is a battlefield.,1.4222873900293256,0.0353877235305645,341,228,82,31,not_evaluated,not_evaluated
I heard that the third groomsman died during the bachelor raid.,1.4215938303341902,0.0336455609425169,389,263,88,38,not_evaluated,not_evaluated
"I heard he’s already building a
man cave.",1.421188630490956,0.0329664361559957,387,258,95,34,not_evaluated,not_evaluated
Tsk... you know he’s just marrying her for her fjord.,1.4207792207792207,0.0324664501984121,385,254,100,31,not_evaluated,not_evaluated
It's her second marriage.  She says she's turning over a new Leif.,1.418848167539267,0.0317790781401079,382,249,106,27,not_evaluated,not_evaluated
YOU tell him the horns aren't authentic.,1.418732782369146,0.033600056544977,363,241,92,30,not_evaluated,not_evaluated
I'm not sure...I just know they're going on a Viking cruise for the honeymoon.,1.4186046511627908,0.0372438931133112,301,201,74,26,not_evaluated,not_evaluated
I hope nobody objects...,1.4182389937106918,0.0363741409334691,318,213,77,28,not_evaluated,not_evaluated
"When she said she was going to take a Viking, I thought she meant a river cruise.",1.417989417989418,0.0337119743393257,378,255,88,35,not_evaluated,not_evaluated
Tuxedos and Spats for the men and we're in these shmattes.,1.417910447761194,0.0411545242503059,268,184,56,28,not_evaluated,not_evaluated
I see two good reasons I'll forever hold my peace.,1.4173441734417345,0.0336465705320585,369,247,90,32,not_evaluated,not_evaluated
They are a match made in Valhalla,1.4171779141104297,0.0362550614755428,326,220,76,30,not_evaluated,not_evaluated
"You got them a trebuchet, too? It was still on the registry!",1.4171122994652403,0.0341751912151961,374,254,84,36,not_evaluated,not_evaluated
Trump said he wants more Norwegians.,1.4171122994652403,0.0339647903361224,374,253,86,35,not_evaluated,not_evaluated
They met on ePillage.,1.4166666666666667,0.0340930864048709,372,252,85,35,not_evaluated,not_evaluated
"Something gold, something runic, something forged, something looted.",1.4162162162162162,0.033574463233691,370,248,90,32,not_evaluated,not_evaluated
I thought you said they met while HIKING.,1.4143426294820718,0.0401011403666654,251,167,64,20,not_evaluated,not_evaluated
She converted for him.,1.4141689373297002,0.0337549814037542,367,247,88,32,not_evaluated,not_evaluated
It was love at first smite.,1.413978494623656,0.0334310777250513,372,250,90,32,not_evaluated,not_evaluated
"I heard that instead of tossing the bouquet, we have to fight to the death.",1.4130434782608696,0.0426395272881789,230,155,55,20,not_evaluated,not_evaluated
I just assumed Viking referred to the cruise line.,1.4129793510324484,0.0373895178104253,339,238,62,39,not_evaluated,not_evaluated
That little belted purse goes perfectly with his outfit,1.4122562674094707,0.0331206894397453,359,238,94,27,not_evaluated,not_evaluated
Apparently they wrote their vows in norse code.,1.412140575079872,0.0356098586374798,313,208,81,24,not_evaluated,not_evaluated
Apparently no one is going to wear the pants in this relationship.,1.411764705882353,0.0332455554634308,357,237,93,27,not_evaluated,not_evaluated
I hear they're going on a Viking cruise for a honeymoon.,1.411764705882353,0.0344085762089741,357,242,83,32,not_evaluated,not_evaluated
I got them a nice set of daggers.,1.4110787172011665,0.0346743081734003,343,231,83,29,not_evaluated,not_evaluated
"I like theme weddings, but I’m nervous about the pillaging.",1.4107648725212465,0.0322755793719178,353,230,101,22,not_evaluated,not_evaluated
I now pronounce you viking and viqueen.,1.4104234527687296,0.0372408898206917,307,209,70,28,not_evaluated,not_evaluated
Their wedding registry is at IKEA.,1.4104234527687296,0.0372408898206917,307,209,70,28,not_evaluated,not_evaluated
Did you see the Rock on her finger?,1.4096045197740112,0.0348314165409036,354,242,79,33,not_evaluated,not_evaluated
Ride of the Valkyries is just too long for a wedding processional.,1.4092409240924093,0.0378731733349466,303,208,66,29,not_evaluated,not_evaluated
"Who knew a ""destination wedding"" meant the twelfth century?",1.4088235294117648,0.0360958593957726,340,235,71,34,not_evaluated,not_evaluated
At first glance they seem somewhat suited for one another.,1.4085714285714286,0.0331920675779091,350,232,93,25,not_evaluated,not_evaluated
I heard someone smote the best man at the bachelor party.,1.4085714285714286,0.0348758731878105,350,239,79,32,not_evaluated,not_evaluated
I heard they booked The Pillage People for the party!,1.4085714285714286,0.0351098254355457,350,240,77,33,not_evaluated,not_evaluated
His uncle Hagar was a famous comic.,1.408450704225352,0.0387397458445531,284,194,64,26,not_evaluated,not_evaluated
It’s about time.  They’ve known each other for ages.,1.4069767441860466,0.0355386349530574,344,237,74,33,not_evaluated,not_evaluated
I hear they're planning to pillage a village for their honeymoon.,1.4064327485380117,0.0354435519317972,342,235,75,32,not_evaluated,not_evaluated
"When she throws the bouquet, I'm ducking!",1.4064327485380117,0.0329355604829009,342,225,95,22,not_evaluated,not_evaluated
His first wife gets the cave.  He gets the paintings.,1.4064327485380117,0.0337075572103435,342,228,89,25,not_evaluated,not_evaluated
He should have no trouble breaking the glass.,1.403726708074534,0.0353981420782334,322,218,78,26,not_evaluated,not_evaluated
Have you seen their kitchen? All Viking appliances.,1.403125,0.0376885119394495,320,225,61,34,not_evaluated,not_evaluated
I pronounce you hun and hon.,1.4029850746268655,0.0354480551845601,335,230,75,30,not_evaluated,not_evaluated
Love his purse.,1.4024024024024024,0.0353403794409195,333,228,76,29,not_evaluated,not_evaluated
"He's a pillager and she's a plunderer, but somehow it works",1.4024024024024024,0.0350835009583137,333,227,78,28,not_evaluated,not_evaluated
"I'm happy that with the fourth try, the president found a woman who fits better to him.",1.4021739130434785,0.0414428024097085,276,197,47,32,not_evaluated,not_evaluated
"It's not the best way to get Norwegian citizenship, but it is a way.",1.4019292604501608,0.0332767486741209,311,202,93,16,not_evaluated,not_evaluated
She claims it is a match made in Valhalla.,1.4018126888217524,0.0357443843480433,331,228,73,30,not_evaluated,not_evaluated
I should have suspected at the bachelorette party when she sacrificed a goat.,1.401294498381877,0.0361306037169476,309,210,74,25,not_evaluated,not_evaluated
What do you give to the couple that has pillaged everything?,1.4012158054711246,0.0343110920096848,329,221,84,24,not_evaluated,not_evaluated
They were from the first wave of Trump supporters back in 2014.,1.401098901098901,0.0498067969704996,182,128,35,19,not_evaluated,not_evaluated
Apparently it's possible to pillage two continents but impossible to find a bridesmaid's dress in anything but fuschia.,1.3993808049535603,0.0358243814487308,323,222,73,28,not_evaluated,not_evaluated
Blame it on ancestry.com,1.39937106918239,0.0362246080856211,318,219,71,28,not_evaluated,not_evaluated
The invitation did say traditional dress.,1.398753894080997,0.0345982029302822,321,216,82,23,not_evaluated,not_evaluated
No objections...not surprising!,1.398753894080997,0.0365147707222153,321,223,68,30,not_evaluated,not_evaluated
I thought she said she was marrying a villager.,1.398753894080997,0.0362471802477314,321,222,70,29,not_evaluated,not_evaluated
Don't worry. We'll hear the whole saga at the reception.,1.398753894080997,0.0351564568176862,321,218,78,25,not_evaluated,not_evaluated
"Just my luck, Magnus had to go off and impale the one cute groomsman.",1.3987138263665595,0.0365166577784301,311,214,70,27,not_evaluated,not_evaluated
It takes a pillage...,1.3981191222570533,0.0364043706585572,319,221,69,29,not_evaluated,not_evaluated
The honeymoon is on a Viking Cruise ship.,1.3981191222570533,0.0366741585132805,319,222,67,30,not_evaluated,not_evaluated
I've already forgotten. Is this Game of Thrones or Lord of the Rings?,1.3980582524271843,0.035809184318849,309,210,75,24,not_evaluated,not_evaluated
That dress has been in her family for ages.,1.3978494623655917,0.0371141755427315,279,188,71,20,not_evaluated,not_evaluated
Their 23andMe results came back 90% Neanderthal.,1.3974763406940065,0.0345994329868737,317,213,82,22,not_evaluated,not_evaluated
She studied animal husbandry,1.3974763406940065,0.0357349044951682,317,217,74,26,not_evaluated,not_evaluated
"Well, I guess we can forget about anyone speaking out against the marriage.",1.3967213114754098,0.0355222228246391,305,206,77,22,not_evaluated,not_evaluated
Word has it that she's trading up. Her last husband was just a corporate raider.,1.3966101694915254,0.0372891837635558,295,203,67,25,not_evaluated,not_evaluated
And were you taken by this man...,1.3961661341853036,0.0357592975741822,313,214,74,25,not_evaluated,not_evaluated
"I thought they said it would be a ""low key"" ceremony, not a ""Loki"" ceremony.",1.3961661341853036,0.0348896432442654,313,211,80,22,not_evaluated,not_evaluated
Did you hear the story about the ring?,1.3961661341853036,0.0360445199084112,313,215,72,26,not_evaluated,not_evaluated
"How romantic! They first met pillaging this very church.""",1.3954983922829582,0.0362020310574322,311,214,71,26,not_evaluated,not_evaluated
Congratulations on turning over a new Leif,1.395189003436426,0.0370037396234079,291,199,69,23,not_evaluated,not_evaluated
You really have to hand it to Match.com!,1.394822006472492,0.035186535005983,309,209,78,22,not_evaluated,not_evaluated
"The invites said paleo, but I thought they meant the buffet.",1.394822006472492,0.0372181989700863,309,216,64,29,not_evaluated,not_evaluated
I'm just glad they aren't fans of 'Naked and Afraid',1.3945578231292517,0.0391795682752241,294,209,54,31,not_evaluated,not_evaluated
"'When they said 'Paleo', I thought they meant the catering.'",1.3928571428571428,0.0361348393383661,308,212,71,25,not_evaluated,not_evaluated
They're leaving immediately on their honeymoon Viking cruise.,1.3928571428571428,0.0358409699514397,308,211,73,24,not_evaluated,not_evaluated
They booked the Pillage People for the reception.,1.3928571428571428,0.0358409699514397,308,211,73,24,not_evaluated,not_evaluated
"No, actually they’re both from Minnesota.",1.3928571428571428,0.0358409699514397,308,211,73,24,not_evaluated,not_evaluated
I hate destination weddings in Minnesota.,1.392491467576792,0.0380492766637426,293,205,61,27,not_evaluated,not_evaluated
"She's from Greenland; he's from Iceland, but somehow they make it work.",1.392491467576792,0.037740839321533,293,204,63,26,not_evaluated,not_evaluated
The broadsword was her grandmother’s,1.3924528301886792,0.0391419010409673,265,183,60,22,not_evaluated,not_evaluated
I am so glad we ordered the bridesmaid dresses before they picked a theme.,1.3920265780730896,0.0361093552247048,301,206,72,23,not_evaluated,not_evaluated
I thought it was just a diet,1.391891891891892,0.0392527167656336,296,212,52,32,not_evaluated,not_evaluated
And to think I complained about the bridesmaid dresses.,1.3917525773195876,0.0379189995848068,291,203,62,26,not_evaluated,not_evaluated
These Minnesota Vikings fans can get carried away.,1.3917525773195876,0.0379189995848068,291,203,62,26,not_evaluated,not_evaluated
I'd hate to see their first fight.,1.3908794788273615,0.035002358905036,307,208,78,21,not_evaluated,not_evaluated
Did you see the size of his club,1.390728476821192,0.0380913062390849,302,214,58,30,not_evaluated,not_evaluated
This wedding isn't over until the fat lady sings.,1.390728476821192,0.0375092545744651,302,212,62,28,not_evaluated,not_evaluated
"Remember, when she throws her sword over her head, we duck.",1.390728476821192,0.0360129920731774,302,207,72,23,not_evaluated,not_evaluated
"If you think Viking weddings are something,you should see their funerals.",1.3906976744186046,0.0454830853027781,215,153,40,22,not_evaluated,not_evaluated
Heck no I'm not going to object to this marriage!! You object!,1.39,0.0367840423934741,300,208,67,25,not_evaluated,not_evaluated
"When I heard he was a big Vikings fan, I didn't expect this!",1.39,0.0376822956693449,300,211,61,28,not_evaluated,not_evaluated
She takes ONE class about Viking history in college...,1.3894736842105264,0.0384671102366795,285,200,59,26,not_evaluated,not_evaluated
"Don't you think she's taking her ""3% Viking"" ancestry too far?",1.3894736842105264,0.0381445790182984,285,199,61,25,not_evaluated,not_evaluated
They met on plunder.com.,1.389261744966443,0.0366442017671248,298,206,68,24,not_evaluated,not_evaluated
I can't wait for the after-ceremony pillaging.,1.3885135135135136,0.0392206699027099,296,213,51,32,not_evaluated,not_evaluated
Viking weddings can't hold a candle to Viking funerals.,1.3885135135135136,0.0374277355241131,296,207,63,26,not_evaluated,not_evaluated
I hope the stone carver is getting all this.,1.3885135135135136,0.0361831223872868,296,203,71,22,not_evaluated,not_evaluated
I heard that they made their own weapons for the ceremony.,1.3875432525951557,0.0357868579053509,289,196,74,19,not_evaluated,not_evaluated
Minnesota is weird.,1.3869863013698631,0.0383960517478985,292,207,57,28,not_evaluated,not_evaluated
"Well, at least he is NOT from a s#*thole country.",1.3869863013698631,0.0393048124964205,292,210,51,31,not_evaluated,not_evaluated
Are you going to the pillage after?,1.3869863013698631,0.0374652544936748,292,204,63,25,not_evaluated,not_evaluated
I bet the battle to catch the bouquet later is going to be epic.,1.386759581881533,0.0359477470864446,287,195,73,19,not_evaluated,not_evaluated
They met in the East Pillage.,1.3862068965517242,0.0373225152129817,290,202,64,24,not_evaluated,not_evaluated
I didn’t know what post-Feminist meant either…,1.3862068965517242,0.0366775563563349,290,200,68,22,not_evaluated,not_evaluated
I prefer their funerals.,1.3862068965517242,0.0356882703131635,290,197,74,19,not_evaluated,not_evaluated
She'll make a wonderful battle ax.,1.3862068965517242,0.0373225152129817,290,202,64,24,not_evaluated,not_evaluated
"Do you believe she said ""Yes"" to that dress?",1.3854166666666667,0.0371733336077589,288,200,65,23,not_evaluated,not_evaluated
Now do you believe me that they’re addicted to Game of Thrones?,1.3854166666666667,0.0378186471544132,288,202,61,25,not_evaluated,not_evaluated
Her sword still has blood on it from her last husband.,1.3854166666666667,0.0378186471544132,288,202,61,25,not_evaluated,not_evaluated
"I'm not sure 'Ride of the Valkyries' is appropriate wedding music.""",1.3854166666666667,0.0365166180038277,288,198,69,21,not_evaluated,not_evaluated
It's refreshing to see a relationship work from two different sides of the fjord.,1.385185185185185,0.0367217754056145,270,183,70,17,not_evaluated,not_evaluated
The mother-in-law is the real battle-axe.,1.3849765258215962,0.0416762567268134,213,145,54,14,not_evaluated,not_evaluated
Did he just say you'll need to make some sacrifices?,1.384057971014493,0.0382918986248522,276,193,60,23,not_evaluated,not_evaluated
If anyone knows a reason why these two should not be joined together... you better leave right now.,1.384057971014493,0.0368899397636223,276,189,68,19,not_evaluated,not_evaluated
They've really adopted the paleo lifestyle.,1.3835125448028671,0.0389987364256248,279,198,55,26,not_evaluated,not_evaluated
I can see why she's marrying him - he carries a long spear.,1.3829787234042554,0.0356372289598596,282,191,74,17,not_evaluated,not_evaluated
I love the belt pouches... it's so 1990,1.3829787234042554,0.0363385521128284,282,193,70,19,not_evaluated,not_evaluated
His best man spoke. He's no longer with us.,1.3829787234042554,0.0377020812833367,282,197,62,23,not_evaluated,not_evaluated
She's seen the size of his longboat.,1.3829787234042554,0.0377020812833367,282,197,62,23,not_evaluated,not_evaluated
"It's funny, they don't LOOK Jewish.",1.3821428571428571,0.039211166060855,280,200,53,27,not_evaluated,not_evaluated
The matching purses are a little much.,1.381679389312977,0.0385896969162928,262,182,60,20,not_evaluated,not_evaluated
Do you think that broadsword makes her look fat?,1.381294964028777,0.0366759525341265,278,191,68,19,not_evaluated,not_evaluated
It's about time....I hear they've been dating for centuries!,1.381294964028777,0.0370283336982256,278,192,66,20,not_evaluated,not_evaluated
They met on a singles crusade.,1.381294964028777,0.0377232223017924,278,194,62,22,not_evaluated,not_evaluated
I just love their matching fanny packs.,1.381294964028777,0.0387421928570827,278,197,56,25,not_evaluated,not_evaluated
I think he’s reading from Beowulf.,1.381294964028777,0.0359608327200888,278,189,72,17,not_evaluated,not_evaluated
"If anyone can show just cause why this couple cannot lawfully be joined together in matrimony, I think that’s something best kept to yourself.",1.380952380952381,0.0382041644621009,273,191,60,22,not_evaluated,not_evaluated
She was originally booty.,1.3804347826086956,0.0368478600938043,276,190,67,19,not_evaluated,not_evaluated
"And, the reception is also Paleo.",1.3804347826086956,0.0375561674796393,276,192,63,21,not_evaluated,not_evaluated
A Chuppah with Wagner playing. It's meshuggah.,1.3804347826086956,0.0402649898152635,276,200,47,29,not_evaluated,not_evaluated
The part where they exchange weapons gets me every time.,1.3800738007380071,0.0380350353376146,271,189,61,21,not_evaluated,not_evaluated
It's a classic 'Boy pillages girl's father's village; girl's father trades girl for return of livestock' story.,1.3800738007380071,0.0376740004043132,271,188,63,20,not_evaluated,not_evaluated
"All the sudden she's all ""pillage this"" and ""plunder that.""",1.3783783783783785,0.0396248077802442,259,183,54,22,not_evaluated,not_evaluated
Still better than her last husband.,1.3782771535580525,0.0376721934325085,267,185,63,19,not_evaluated,not_evaluated
"""Pagan or not, they should have checked their weapons at the door like we did. This is America, not Vinland",1.3781512605042017,0.0394907811811173,238,164,58,16,not_evaluated,not_evaluated
Actually she's the one who's the Vikings fan.,1.3777777777777778,0.0384661629589014,270,190,58,22,not_evaluated,not_evaluated
The other groomsman was cute. I wish they hadn't offered him as a sacrifice to Odin.,1.3777777777777778,0.0388224487029292,270,191,56,23,not_evaluated,not_evaluated
Where’s the best man? Ten bucks says Siegfried forgot the Ring...,1.3777777777777778,0.0395253865801864,270,193,52,25,not_evaluated,not_evaluated
"Do you, Kellyanne Conway and you George Conway agree to reaffirm your marriage vows until November 2020?",1.376984126984127,0.0407795930492965,252,180,49,23,not_evaluated,not_evaluated
Are we underdressed or overdressed?,1.3765182186234817,0.0397450412877938,247,173,55,19,not_evaluated,not_evaluated
"Well, at least the bridesmaid dress only cost me a goat.",1.3759398496240602,0.0377412352411984,266,185,62,19,not_evaluated,not_evaluated
The sword adds 10 pounds.,1.3759398496240602,0.0381152680217656,266,186,60,20,not_evaluated,not_evaluated
She wore that same dress to her last wedding,1.3759398496240602,0.0377412352411984,266,185,62,19,not_evaluated,not_evaluated
Apparently the black tie really was optional.,1.3759398496240602,0.038852532659405,266,188,56,22,not_evaluated,not_evaluated
Definitely going to hold my peace.,1.3759398496240602,0.0377412352411984,266,185,62,19,not_evaluated,not_evaluated
"Well, it started with the paleolithic diet...",1.3759398496240602,0.0362064850844882,266,181,70,15,not_evaluated,not_evaluated
He travels a lot for work.  I give them two invasions.,1.3759398496240602,0.0362064850844882,266,181,70,15,not_evaluated,not_evaluated
"If you take this woman to be your lawfully wedded wife, say, ""Yabba Dabba Do!""",1.3754789272030652,0.0404810204177195,261,188,48,25,not_evaluated,not_evaluated
That's one bouquet I don't care to catch.,1.375,0.0386790394839724,264,186,57,21,not_evaluated,not_evaluated
Wow! A heterosexual  wedding. Now that's different.,1.375,0.0386790394839724,264,186,57,21,not_evaluated,not_evaluated
They're sacking Paris for the honeymoon.,1.375,0.038304868274381,264,185,59,20,not_evaluated,not_evaluated
"It's the second time around for both of them, so it's less formal.",1.375,0.0363763264238245,264,180,69,15,not_evaluated,not_evaluated
It's good to see that they have all of the tools for conflict resolution.,1.375,0.0367701276306956,264,181,67,16,not_evaluated,not_evaluated
I hear she’s the hunter/gatherer; he mostly just shops.,1.375,0.0386790394839724,264,186,57,21,not_evaluated,not_evaluated
Did you choose the tilapia or the reindeer for dinner?,1.375,0.0367156535511255,256,174,68,14,not_evaluated,not_evaluated
"Should anyone here object to this union, speak now and forever rest in peace",1.375,0.039049625571671,264,187,55,22,not_evaluated,not_evaluated
"Uggs, I knew it.""",1.375,0.0383482494423685,256,178,60,18,not_evaluated,not_evaluated
She got tired of dating AngloSaxons.,1.3740458015267176,0.0377296350914833,262,182,62,18,not_evaluated,not_evaluated
I have always found the institution of marriage to be barbaric.,1.3740458015267176,0.0377296350914833,262,182,62,18,not_evaluated,not_evaluated
What do you get for someone who has pillaged everything?,1.3740458015267176,0.0373400308161882,262,181,64,17,not_evaluated,not_evaluated
We hunt and gather here today,1.3740458015267176,0.0388750273631325,262,185,56,21,not_evaluated,not_evaluated
Someone should explain to them what a Viking Cruise honeymoon actually is.,1.3740458015267176,0.0396202306662834,262,187,52,23,not_evaluated,not_evaluated
Imagine if they had met at a Redskins game.,1.3740458015267176,0.03924939764209,262,186,54,22,not_evaluated,not_evaluated
I thought the 'until severed head or fatal impalement do us part' bit was sweet.,1.3740458015267176,0.039987624846096,262,188,50,24,not_evaluated,not_evaluated
One suggestion--don't offer any objections.,1.3740458015267176,0.0381152571409284,262,183,60,19,not_evaluated,not_evaluated
I knew them long before they moved to Minnesota.,1.3740458015267176,0.03924939764209,262,186,54,22,not_evaluated,not_evaluated
"If you ask me, Eric's gone way overboard after getting the results of his DNA test.",1.3740458015267176,0.0377296350914833,262,182,62,18,not_evaluated,not_evaluated
I heard he proposed using Norse code.,1.3740458015267176,0.0384970166337821,262,184,58,20,not_evaluated,not_evaluated
Global warming brought them together. They were frozen in the same glacier.,1.3740458015267176,0.0388750273631325,262,185,56,21,not_evaluated,not_evaluated
"When she said she was dating the school norse, I think I misunderstood.",1.3740458015267176,0.03924939764209,262,186,54,22,not_evaluated,not_evaluated
"If you can look past all the pillaging, he’s actually a pretty great catch.",1.3740458015267176,0.0349112177481431,262,175,76,11,not_evaluated,not_evaluated
That's one bouquet I'm not planning to catch.,1.3740458015267176,0.0369463183358137,262,180,66,16,not_evaluated,not_evaluated
She knew from the first time they pillaged together.,1.3740458015267176,0.03924939764209,262,186,54,22,not_evaluated,not_evaluated
Maybe always a bridesmaid is not so bad after all.,1.3740458015267176,0.0365483648852952,262,179,68,15,not_evaluated,not_evaluated
No one is looking at your dress.,1.373913043478261,0.0431006959092933,230,166,42,22,not_evaluated,not_evaluated
He’s going to read the vows in Norse code.,1.373076923076923,0.0383060414752902,260,182,59,19,not_evaluated,not_evaluated
.......... as long as you both might live!,1.373076923076923,0.0375226965196612,260,180,63,17,not_evaluated,not_evaluated
He’s known as The Plunder From Down Under.,1.373076923076923,0.0379163920198986,260,181,61,18,not_evaluated,not_evaluated
"If anyone knows why these two should not be married, you better have a gun.",1.373076923076923,0.0409298548911044,260,189,45,26,not_evaluated,not_evaluated
I guess they really did meet on Ancestry!,1.373076923076923,0.0394519061973784,260,185,53,22,not_evaluated,not_evaluated
I bet it will be one helluva raw bar.,1.3727272727272728,0.0421102655321394,220,155,48,17,not_evaluated,not_evaluated
"No, not the app. They actually met starting a fire.",1.3725490196078431,0.0396074304027705,255,181,53,21,not_evaluated,not_evaluated
It's the new black.,1.3722943722943723,0.0416086026407414,231,164,48,19,not_evaluated,not_evaluated
"I thought she said they met on a cruise...""",1.372093023255814,0.0384994126492965,258,181,58,19,not_evaluated,not_evaluated
"What attracted her to him wasn't the pillaging and plundering, it was that he always tidied up afterwards!",1.372093023255814,0.0388891753211592,258,182,56,20,not_evaluated,not_evaluated
She will !,1.372093023255814,0.0407821513809058,258,187,46,25,not_evaluated,not_evaluated
Is that a fanny pack?,1.372093023255814,0.0368992146673151,258,177,66,15,not_evaluated,not_evaluated
"All I'm saying is, 'knight in shining armor' is a bit of an exaggeration...",1.372093023255814,0.039657210224598,258,184,52,22,not_evaluated,not_evaluated
"Always a Norsemaid, never a bride.",1.372093023255814,0.0388891753211592,258,182,56,20,not_evaluated,not_evaluated
I'm not looking forward to the lutefisk.,1.372093023255814,0.0373056996434011,258,178,64,16,not_evaluated,not_evaluated
"At least we've got ""something old"" checked off the list.",1.3700787401574803,0.0359846615994113,254,172,70,12,not_evaluated,not_evaluated
And now you may drag the bride away.,1.3700787401574803,0.0388941385513334,254,179,56,19,not_evaluated,not_evaluated
I like an old fashioned wedding.,1.3696498054474708,0.038571602904488,257,181,57,19,not_evaluated,not_evaluated
"When she said ""vintage"" dress, I didn't see this coming!",1.369047619047619,0.0406810133411703,252,182,47,23,not_evaluated,not_evaluated
I always cry when they exchange cows,1.369047619047619,0.0398961870283448,252,180,51,21,not_evaluated,not_evaluated
Love conquers all.,1.369047619047619,0.0394979263489714,252,179,53,20,not_evaluated,not_evaluated
I wore spanks for this?,1.3677685950413223,0.0422824901705603,242,177,41,24,not_evaluated,not_evaluated
"This is nice, but the funerals are really something.",1.3675889328063242,0.0393685312692487,253,180,53,20,not_evaluated,not_evaluated
My Star Trek wedding was much classier.,1.3665338645418326,0.0395752114580154,251,179,52,20,not_evaluated,not_evaluated
"Here I am, always a bridesmaid, never a Valkyrie!",1.3665338645418326,0.0395752114580154,251,179,52,20,not_evaluated,not_evaluated
I doubt anyone is going to object to this wedding.,1.3665338645418326,0.0383481398775241,251,176,58,17,not_evaluated,not_evaluated
I hope they don’t take that section about ‘until death do us part’ too seriously.,1.3665338645418326,0.0366481894808668,251,172,66,13,not_evaluated,not_evaluated
Does this mean we are going to have another paleo banquet again,1.3665338645418326,0.0411544335617351,251,183,44,24,not_evaluated,not_evaluated
Today it takes a pillage to raise a child.,1.3665338645418326,0.0395752114580154,251,179,52,20,not_evaluated,not_evaluated
I now pronounce you Erik the Wed.,1.3661971830985915,0.053336273679782,142,102,28,12,not_evaluated,not_evaluated
Do you solemnly swear to take this hrdlghdrgh as your hrdlgfhhtf?,1.3659574468085107,0.0418971062679652,235,170,44,21,not_evaluated,not_evaluated
Her first three husbands are in Valhalla.  Just sayin'....,1.3658536585365857,0.0380094498767794,246,171,60,15,not_evaluated,not_evaluated
"To be fair to them, 'traditional' is a pretty vague word.",1.3658536585365857,0.0375703909299061,246,170,62,14,not_evaluated,not_evaluated
"How seriously do you think they take the whole ""until death do you part"" thing?",1.3654618473895583,0.0397848070254664,249,178,51,20,not_evaluated,not_evaluated
I know they're Wagner fans but this is ridiculous.,1.3654618473895583,0.0389622335101767,249,176,55,18,not_evaluated,not_evaluated
She's turning over a new Lief.,1.3654618473895583,0.0389622335101767,249,176,55,18,not_evaluated,not_evaluated
Wish I could find a man who'd give up late capitalist modernity for me.,1.3654618473895583,0.0389622335101767,249,176,55,18,not_evaluated,not_evaluated
"I planned the bachelorette party, booked the caterer, found the venue, and she still chose her sister for the blood sacrifice.",1.3647540983606556,0.0403504693890255,244,175,49,20,not_evaluated,not_evaluated
He's really not that horrible.,1.3647540983606556,0.0363947538680961,244,166,67,11,not_evaluated,not_evaluated
"OK, so maybe these bridesmaid dresses aren't so bad after all.",1.3643724696356276,0.0361047481798566,247,168,68,11,not_evaluated,not_evaluated
It won't be long until their first fight.,1.3643724696356276,0.0395837758736108,247,176,52,19,not_evaluated,not_evaluated
Well they can't win a Superbowl but they sure know how to stage a wedding.,1.3643724696356276,0.0404067559973898,247,178,48,21,not_evaluated,not_evaluated
Both outfits from one bison hide. Hard to believe.,1.3643724696356276,0.0387433180637888,247,174,56,17,not_evaluated,not_evaluated
"She met him at Ikea""",1.3643724696356276,0.0383161765535358,247,173,58,16,not_evaluated,not_evaluated
I always said they were a match made in Valhalla.,1.3643724696356276,0.0387433180637888,247,174,56,17,not_evaluated,not_evaluated
"After paying for this wedding, he's going to be ""Erik IN the Red.""",1.363265306122449,0.0380763148208471,245,171,59,15,not_evaluated,not_evaluated
She won't admit it but I'm guessing early middle age.,1.363265306122449,0.0376344223415652,245,170,61,14,not_evaluated,not_evaluated
She did say she wanted a traditional wedding.,1.363265306122449,0.0406268603568382,245,177,47,21,not_evaluated,not_evaluated
They’re the last couple who didn’t meet online,1.363265306122449,0.041036542103435,245,178,45,22,not_evaluated,not_evaluated
Honestly? I prefer the funerals.,1.363265306122449,0.0397948460450359,245,175,51,19,not_evaluated,not_evaluated
"Do you ever feel like you're the only one who isn't into ''Game of Thrones""?",1.363265306122449,0.0414421740882395,245,179,43,23,not_evaluated,not_evaluated
He just kicked the door down and the rest is history!,1.363265306122449,0.0376344223415652,245,170,61,14,not_evaluated,not_evaluated
I introduced them.  He was the one who ransacked our home.,1.363265306122449,0.036734693877551,245,168,65,12,not_evaluated,not_evaluated
"She sank his ship, he ravaged her village. They were meant for each other.",1.3625,0.0385996374123928,240,168,57,15,not_evaluated,not_evaluated
Are you SURE we know them?,1.3625,0.0399316230427521,240,171,51,18,not_evaluated,not_evaluated
He had her at “IKEA.”,1.3625,0.041220589870703,240,174,45,21,not_evaluated,not_evaluated
Don't you think she's taking Opera too far?,1.3625,0.0407954596223887,240,173,47,20,not_evaluated,not_evaluated
They’re UGGS,1.3625,0.0403658521812088,240,172,49,19,not_evaluated,not_evaluated
By the power vested in me by the state of Minnesota...,1.3621399176954732,0.0412643441904243,243,177,44,22,not_evaluated,not_evaluated
Are you going to the after-raid?,1.3621399176954732,0.0387128569256312,243,171,56,16,not_evaluated,not_evaluated
I hear they met pillaging.,1.3621399176954732,0.0364504405493707,243,166,66,11,not_evaluated,not_evaluated
"Before we proceed with the vows, I´d like to emphasize this is a CIVIL union""",1.361344537815126,0.0388019466960407,238,167,56,15,not_evaluated,not_evaluated
I've got to be at an Avengers themed bris by noon.,1.361344537815126,0.039256187897775,238,168,54,16,not_evaluated,not_evaluated
And to think she was such a Packers fan!,1.361344537815126,0.0397052327675893,238,169,52,17,not_evaluated,not_evaluated
She vows to take him for better or Norse.,1.361344537815126,0.0383423244801271,238,166,58,14,not_evaluated,not_evaluated
"They said it wouldn't last, but here they are renewing their vows a thousand years later.",1.361344537815126,0.0378771253618372,238,165,60,13,not_evaluated,not_evaluated
I hear they're sacking Paris for their honeymoon...,1.361344537815126,0.0401492556592457,238,170,50,18,not_evaluated,not_evaluated
"For their honeymoon, they're sacking Rome.",1.3601694915254237,0.0403700859222069,236,169,49,18,not_evaluated,not_evaluated
I hope he remembered Der Ring.,1.3601694915254237,0.0399209445113773,236,168,51,17,not_evaluated,not_evaluated
She caught the goat head at the last wedding...,1.3601694915254237,0.0403700859222069,236,169,49,18,not_evaluated,not_evaluated
"I can't remember whether I requested the chicken, the fish or the free range boar.",1.3601694915254237,0.0385421292953927,236,165,57,14,not_evaluated,not_evaluated
"Yeah, like anyone else is gonna object!",1.3601694915254237,0.0399209445113773,236,168,51,17,not_evaluated,not_evaluated
She said she was going to turn over a new Leif.,1.3601694915254237,0.0403700859222069,236,169,49,18,not_evaluated,not_evaluated
They registered at Pillage & Plunder,1.3601694915254237,0.0408142850488927,236,170,47,19,not_evaluated,not_evaluated
She’s always liked the horny type.,1.3601694915254237,0.0408142850488927,236,170,47,19,not_evaluated,not_evaluated
I knew the wedding was supposed to be Paleo but assumed that meant the food.,1.3593073593073592,0.0409692215703812,231,166,47,18,not_evaluated,not_evaluated
"This guy's not bad, but he's no Odin.",1.358974358974359,0.0368025618418901,234,160,64,10,not_evaluated,not_evaluated
How they met is a real saga.,1.358974358974359,0.0382684710757288,234,163,58,13,not_evaluated,not_evaluated
They're from Minnesota,1.358974358974359,0.0419277402133865,234,171,42,21,not_evaluated,not_evaluated
"Okay, now with THAT GUY dead, does ANYONE ELSE object?",1.358974358974359,0.0396802620810604,234,166,52,16,not_evaluated,not_evaluated
I think that I'll forever hold my peace,1.358974358974359,0.0396802620810604,234,166,52,16,not_evaluated,not_evaluated
"On who would wear the pants, they just skirted the issue.",1.358974358974359,0.0450780727478352,195,141,38,16,not_evaluated,not_evaluated
Ana and Bob took their ancestry DNA results a bit too far,1.358974358974359,0.0410435198194477,234,169,46,19,not_evaluated,not_evaluated
They've taken a viking to each other.,1.358974358974359,0.0382684710757288,234,163,58,13,not_evaluated,not_evaluated
The difference is she WILL get to wear the dress again.,1.358974358974359,0.0396802620810604,234,166,52,16,not_evaluated,not_evaluated
These Viking cruises take their weddings very seriously.,1.3580786026200873,0.0392991819099157,229,161,54,14,not_evaluated,not_evaluated
Wait until you see the buffet.,1.3577586206896552,0.0408216373639997,232,167,47,18,not_evaluated,not_evaluated
I think it's sweet they've decided neither of them will wear the pants in the family.,1.3577586206896552,0.0394265021092305,232,164,53,15,not_evaluated,not_evaluated
"'....through black plague, pestilence and fiery catapults.....'",1.3577586206896552,0.0426108212596621,232,171,39,22,not_evaluated,not_evaluated
"I tell you, Ruth, it's not true love. She just got carried away.",1.3577586206896552,0.0374856380127667,232,160,61,11,not_evaluated,not_evaluated
The matching fanny packs are where I draw the line.,1.3577586206896552,0.0408216373639997,232,167,47,18,not_evaluated,not_evaluated
"Did he just say, 'For better or Norse'?",1.3577586206896552,0.0379801535023284,232,161,59,12,not_evaluated,not_evaluated
I really hope this is the last Game of Thrones-themed wedding I attend.,1.3577586206896552,0.0389503538588922,232,163,55,14,not_evaluated,not_evaluated
Silly question. Of course this will be in The Times!,1.3577586206896552,0.0417258203364581,232,169,43,20,not_evaluated,not_evaluated
I hear her last husband was an Anglo-Saxon,1.3577586206896552,0.0403619508230418,232,166,49,17,not_evaluated,not_evaluated
Did he just skip the part about anyone objecting?,1.3565217391304347,0.0396407872558602,230,163,52,15,not_evaluated,not_evaluated
"Fanny packs are so slimming, don't you think?",1.3565217391304347,0.0401168829110612,230,164,50,16,not_evaluated,not_evaluated
After the ceremony they're sacking this church.,1.3565217391304347,0.0419672898272155,230,168,42,20,not_evaluated,not_evaluated
"I hope the dinner isn’t Paleo, too!”",1.3565217391304347,0.0405873942836347,230,165,48,17,not_evaluated,not_evaluated
They're pillaging France on their honeymoon.,1.3565217391304347,0.0396407872558602,230,163,52,15,not_evaluated,not_evaluated
"The food at the reception is paleo, too.",1.3565217391304347,0.0396407872558602,230,163,52,15,not_evaluated,not_evaluated
I like how they added 'pillage' to their vows.,1.3555555555555556,0.0387184473576205,225,157,56,12,not_evaluated,not_evaluated
She was a Packers fan before they met.,1.3555555555555556,0.0402264314205529,225,160,50,15,not_evaluated,not_evaluated
"So they call each other, 'Hun'",1.3555555555555556,0.0402264314205529,225,160,50,15,not_evaluated,not_evaluated
"Don't laugh, they could've been Packer fans.",1.355263157894737,0.0417522540584413,228,166,43,19,not_evaluated,not_evaluated
History Channel dating app,1.355263157894737,0.0398582396538979,228,162,51,15,not_evaluated,not_evaluated
"Glacier aside, it was still a long engagement.",1.355263157894737,0.0412868969080671,228,165,45,18,not_evaluated,not_evaluated
"Long spear, short honeymoon.",1.355263157894737,0.0388766452125312,228,160,55,13,not_evaluated,not_evaluated
What a shame about Carl impaling himself in rehearsal.  Now you don’t have an escort.,1.3542600896860986,0.0394415868004447,223,157,53,13,not_evaluated,not_evaluated
They're going pillaging in Britain for their Honeymoon.,1.353982300884956,0.040078932918652,226,161,50,15,not_evaluated,not_evaluated
"She told me that all the food for the reception was ""locally sourced""",1.353982300884956,0.0405666393809347,226,162,48,16,not_evaluated,not_evaluated
I heard his family is a bunch of barbarians.,1.353982300884956,0.0390852674337507,226,159,54,13,not_evaluated,not_evaluated
"I'm afraid there will be some putting asunder.""",1.353982300884956,0.0395852181645221,226,160,52,14,not_evaluated,not_evaluated
I'm more familiar with Viking funerals.,1.353982300884956,0.0395852181645221,226,160,52,14,not_evaluated,not_evaluated
It was so romantic; he proposed in the glow of a burning village.,1.353982300884956,0.0419957894432023,226,165,42,19,not_evaluated,not_evaluated
It's so rare to have a perfect spring day like this here in Minnesota.,1.3534883720930233,0.0414722757640727,215,154,46,15,not_evaluated,not_evaluated
He's Reform.,1.3532338308457712,0.0434576473670098,201,145,41,15,not_evaluated,not_evaluated
A marriage made in Valhalla.,1.353211009174312,0.0405545294364314,218,155,49,14,not_evaluated,not_evaluated
I never thought I'd look back fondly on that zip-line wedding in Costa Rica.,1.353211009174312,0.0410724700128447,218,156,47,15,not_evaluated,not_evaluated
"If you tell me one more time that Vikings did not have horns on their helmets, I'll scream!",1.3529411764705883,0.0426571641526213,221,162,40,19,not_evaluated,not_evaluated
"She was hoping for a big church wedding, but then he went and leveled the church.",1.3529411764705883,0.0401740834030942,221,157,50,14,not_evaluated,not_evaluated
"I’m okay with the ‘for better’ part, but I don’t even want to think about ‘for worse.’",1.3526785714285714,0.0403029429603555,224,160,49,15,not_evaluated,not_evaluated
The even registered at Nordstrom,1.3526785714285714,0.0422431172957603,224,164,41,19,not_evaluated,not_evaluated
They dated for ages!,1.3526785714285714,0.0422431172957603,224,164,41,19,not_evaluated,not_evaluated
The reception is paleo.,1.3526785714285714,0.0403029429603555,224,160,49,15,not_evaluated,not_evaluated
"When I went out with him, he was pretty horny too.",1.352112676056338,0.041184395428149,213,152,47,14,not_evaluated,not_evaluated
"We're hoping the marriage lasts, and the renunciation of all technology is just a phase.",1.351851851851852,0.041830236885531,216,156,44,16,not_evaluated,not_evaluated
What time do we storm the reception?,1.351351351351351,0.0384662206136602,222,155,56,11,not_evaluated,not_evaluated
Apparently she liked the way he pillages.,1.351351351351351,0.038992497675141,222,156,54,12,not_evaluated,not_evaluated
"I don't know, but remember, they're both from Minnesota.",1.351351351351351,0.0395117656096633,222,157,52,13,not_evaluated,not_evaluated
I love how she challenges gender norms by being the one with the sword.,1.351351351351351,0.0379326426926951,222,154,58,10,not_evaluated,not_evaluated
"I don't mean to question his commitment to her, but Lars once threw a spear at me too.",1.351351351351351,0.0400242972235625,222,158,50,14,not_evaluated,not_evaluated
That other groomsman really should've held his peace.,1.351351351351351,0.0410301579516125,222,160,46,16,not_evaluated,not_evaluated
Notice she's not wearing white?,1.351351351351351,0.0400242972235625,222,158,50,14,not_evaluated,not_evaluated
I wondered why they registered at IKEA.,1.351351351351351,0.0420119430022996,222,162,42,18,not_evaluated,not_evaluated
His dad owns a cruise line.,1.351351351351351,0.0379326426926951,222,154,58,10,not_evaluated,not_evaluated
It's not over till the fat lady sings.,1.35,0.0427495238953045,220,162,39,19,not_evaluated,not_evaluated
"They’re going on a cruise, just as soon as they get 40 oarsmen lined up”",1.35,0.0407612290248316,220,158,47,15,not_evaluated,not_evaluated
I hear the reception is strictly paleo.,1.35,0.0392038874395058,220,155,53,12,not_evaluated,not_evaluated
"I never noticed before, but Hjalmar has really tiny hands.",1.35,0.0402488110532431,220,157,49,14,not_evaluated,not_evaluated
And the damn dinner is going to be paleo too.,1.35,0.0417672095362498,220,160,43,17,not_evaluated,not_evaluated
They told their vegan friends not to bother coming to the reception.,1.348623853211009,0.0420142923309668,218,159,42,17,not_evaluated,not_evaluated
"It's about time they tied the knot, they've been together for eons.”",1.348623853211009,0.0383308650313609,218,152,56,10,not_evaluated,not_evaluated
"No, the weirdest part is that they're Packer fans.",1.348623853211009,0.041508105532851,218,158,44,16,not_evaluated,not_evaluated
I’m not telling them that you forgot the rings.,1.348623853211009,0.0404767458503645,218,156,48,14,not_evaluated,not_evaluated
'Til death do us part' suddenly sounds ominous.,1.3474178403755868,0.0411035326274926,213,153,46,14,not_evaluated,not_evaluated
It’s refreshing to see a couple who aren’t afraid of the inevitable conflicts.,1.3472222222222223,0.0412337544898719,216,156,45,15,not_evaluated,not_evaluated
For their honeymoon they're going to North America.,1.3472222222222223,0.0407081832951919,216,155,47,14,not_evaluated,not_evaluated
I’m afraid this relationship isn’t going to work....neither one wants to wear the pants.,1.3472222222222223,0.0427717368800859,216,159,39,18,not_evaluated,not_evaluated
"If you think this is elaborate, you should see their funerals.",1.3472222222222223,0.0427717368800859,216,159,39,18,not_evaluated,not_evaluated
The nose ring belonged  to her grandmother.,1.3472222222222223,0.0422652949073257,216,158,41,17,not_evaluated,not_evaluated
Hopefully the reception has fewer blood sacrifices than the rehearsal dinner.,1.3472222222222223,0.0422652949073257,216,158,41,17,not_evaluated,not_evaluated
I heard they fight a lot.,1.3472222222222223,0.0412337544898719,216,156,45,15,not_evaluated,not_evaluated
Viking burials are a blast too,1.3472222222222223,0.0401757372683919,216,154,49,13,not_evaluated,not_evaluated
They met at my son's bar mitzvah.,1.3472222222222223,0.0401757372683919,216,154,49,13,not_evaluated,not_evaluated
She recently found out that she was 1% Viking on ancestry.com...,1.3472222222222223,0.0407081832951919,216,155,47,14,not_evaluated,not_evaluated
They’ll make a beautiful horde,1.3472222222222223,0.039089093373813,216,152,53,11,not_evaluated,not_evaluated
They haven’t been themselves since Comic Con,1.3472222222222223,0.0412337544898719,216,156,45,15,not_evaluated,not_evaluated
They're Orthodox.,1.3471502590673574,0.0446092625847734,193,141,37,15,not_evaluated,not_evaluated
Actually they didn't meet on the internet.,1.3457943925233644,0.0414755738122393,214,155,44,15,not_evaluated,not_evaluated
Can you believe he voted for Trump?,1.3457943925233644,0.0440409816869405,214,160,34,20,not_evaluated,not_evaluated
"They've been together for, like, a thousand years.",1.3451776649746192,0.0427385108089548,197,142,42,13,not_evaluated,not_evaluated
"Did he just say 'rape and pillage'?""",1.3450704225352113,0.0547839033030825,142,107,21,14,not_evaluated,not_evaluated
"Viking themes are so last year.  Aztec would have been just right.  Well, what can you expect? They’re from Minnesota.",1.3443396226415094,0.0417212188097492,212,154,43,15,not_evaluated,not_evaluated
"If anyone dare show cause why this couple cannot be lawfully
joined together in matrimony, let them speak and,
and run like hell.",1.3443396226415094,0.0417212188097492,212,154,43,15,not_evaluated,not_evaluated
Finally a bride's maid gig with comfortable shoes!,1.3443396226415094,0.0422536486069786,212,155,41,16,not_evaluated,not_evaluated
I guess no one wears the pants in this family.,1.3443396226415094,0.0371883627755054,212,146,59,7,not_evaluated,not_evaluated
We'll it's better than a Viking funeral...,1.3443396226415094,0.0417212188097492,212,154,43,15,not_evaluated,not_evaluated
When he finds out she's  turning vegetarian. fur's  gonna fly.,1.3443396226415094,0.0389500512299501,212,149,53,10,not_evaluated,not_evaluated
Is this your first paleo wedding?,1.3443396226415094,0.0411819059459361,212,153,45,14,not_evaluated,not_evaluated
The Valkyries are planning a big reception.,1.3443396226415094,0.0406354359606105,212,152,47,13,not_evaluated,not_evaluated
"I hope they don't take the ""till death do us part"" thing too seriously.",1.3443396226415094,0.0406354359606105,212,152,47,13,not_evaluated,not_evaluated
"Don’t tell Bridezilla, but I’m wearing underwear.",1.3428571428571427,0.0425101774940288,210,154,40,16,not_evaluated,not_evaluated
We had to buy these dresses----and SHE shows up in buckskins??,1.3428571428571427,0.0403093205609998,210,150,48,12,not_evaluated,not_evaluated
I doubt anyone will object.,1.3428571428571427,0.0414243679171045,210,152,44,14,not_evaluated,not_evaluated
"Can you count her sword as something borrowed, if she took it off a dead body?",1.3428571428571427,0.0403093205609998,210,150,48,12,not_evaluated,not_evaluated
"I never really noticed that it was ""For better, for Norse"".",1.3428571428571427,0.0451105034740173,210,159,30,21,not_evaluated,not_evaluated
"She changed him, he’s become such a better listener.",1.3428571428571427,0.0430428119108746,210,155,38,17,not_evaluated,not_evaluated
"Weary and disgruntled, we are gathered here today...",1.3428571428571427,0.0414243679171045,210,152,44,14,not_evaluated,not_evaluated
"I'm surprised as anyone. She's a pillager, he's more of a plunderer.",1.3428571428571427,0.0425101774940288,210,154,40,16,not_evaluated,not_evaluated
"I'm going to pass on catching the ""bouquet""",1.3428571428571427,0.0397400661482633,210,149,50,11,not_evaluated,not_evaluated
They wanted to get married after Act 1 because he kills her in Act 2.,1.3428571428571427,0.0425101774940288,210,154,40,16,not_evaluated,not_evaluated
You try telling her that the sword toss isn’t going to be a big hit.,1.3428571428571427,0.0430428119108746,210,155,38,17,not_evaluated,not_evaluated
"For their honeymoon, they’re going to pillage The Hamptons.",1.3428571428571427,0.0397400661482633,210,149,50,11,not_evaluated,not_evaluated
All this time I thought she was an Packers fan,1.3428571428571427,0.0408706470551977,210,151,46,13,not_evaluated,not_evaluated
I humbly suggest that everyone simply opt to hold their peace.,1.3428571428571427,0.0408706470551977,210,151,46,13,not_evaluated,not_evaluated
"So you're saying ""ring bear"" wasn't a typo?",1.3413461538461535,0.0427708821753956,208,153,39,16,not_evaluated,not_evaluated
Do you think something from Ikea would be too on the nose?,1.3413461538461535,0.0405406441541196,208,149,47,12,not_evaluated,not_evaluated
You should see Bob's man cave.,1.3413461538461535,0.0405406441541196,208,149,47,12,not_evaluated,not_evaluated
They are way too into Game of Thrones.,1.3413461538461535,0.0427708821753956,208,153,39,16,not_evaluated,not_evaluated
You may now smash your bride over the head and drag her to your tent.,1.3413461538461535,0.0438434787497169,208,155,35,18,not_evaluated,not_evaluated
My bet is that death will do them part pretty darn soon.,1.3413461538461535,0.0416706862824007,208,151,43,14,not_evaluated,not_evaluated
"She said, “For better or Norse.”",1.3413461538461535,0.0427708821753956,208,153,39,16,not_evaluated,not_evaluated
I still don’t think they’re right for each other.,1.3413461538461535,0.0422243677117126,208,152,41,15,not_evaluated,not_evaluated
"I would ask at this time if anyone present objects, but it would appear that all the objectors are no longer with us.",1.3413461538461535,0.0427708821753956,208,153,39,16,not_evaluated,not_evaluated
"She eviscerated a goat on their first date, and he's been smitten ever since.",1.341317365269461,0.0455607829457733,167,120,37,10,not_evaluated,not_evaluated
"Finally!
They’ve been dating for ever.",1.3398058252427183,0.0419209567749988,206,150,42,14,not_evaluated,not_evaluated
"You may now drag the bride, by her hair, to the wedding suite.",1.3398058252427183,0.0435826308020195,206,153,36,17,not_evaluated,not_evaluated
Are they really rowing to Scotland for their honeymoon?,1.3398058252427183,0.0407755714017037,206,148,46,12,not_evaluated,not_evaluated
"I'll give it three raids, tops",1.3398058252427183,0.0401906397838788,206,147,48,11,not_evaluated,not_evaluated
The third groomsman is in Valhalla - after unsuccessfully challenging the groom for the bride.,1.3398058252427183,0.0419209567749988,206,150,42,14,not_evaluated,not_evaluated
"I, Hallgerd The Nearsighted, take you Olaf The Ugly...""",1.3398058252427183,0.0441226178339758,206,154,34,18,not_evaluated,not_evaluated
"...to hunt and to gather, in sickness and in health...",1.3398058252427183,0.0407755714017037,206,148,46,12,not_evaluated,not_evaluated
They were on NordicTracks when they first met.,1.3398058252427183,0.0419209567749988,206,150,42,14,not_evaluated,not_evaluated
"What do you mean obey""",1.3398058252427183,0.0424820704983792,206,151,40,15,not_evaluated,not_evaluated
"Do you vow to slaughter your enemies, with no mercy, in sickness and in health?",1.3383084577114428,0.0426121653838086,201,147,40,14,not_evaluated,not_evaluated
"Yes, I tied the cans on...but I don't think they'll have the intended effect behind the boat.",1.338235294117647,0.0415987850525355,204,148,43,13,not_evaluated,not_evaluated
I heard it was love at first fight.,1.338235294117647,0.0404211399834914,204,146,47,11,not_evaluated,not_evaluated
"If so, please respond by saying ‘you betcha.’",1.338235294117647,0.0421752782799127,204,149,41,14,not_evaluated,not_evaluated
In their world it takes a pillage to raise a child.....,1.338235294117647,0.0427439969835426,204,150,39,15,not_evaluated,not_evaluated
"I know a reason they shouldn't be wed, but I'm not going to risk an injury.",1.338235294117647,0.0421752782799127,204,149,41,14,not_evaluated,not_evaluated
"She told me he was almost always horny, but I didn't realize she meant it this way",1.338235294117647,0.0404211399834914,204,146,47,11,not_evaluated,not_evaluated
It's quite a saga.,1.338235294117647,0.0415987850525355,204,148,43,13,not_evaluated,not_evaluated
"I think this one is forever. Between them, they killed all of each other's former love interests, and I don't see that passion letting up.",1.3373493975903614,0.0480007125931876,166,123,30,13,not_evaluated,not_evaluated
He got her at a raid.,1.3373493975903614,0.0456619136597499,166,120,36,10,not_evaluated,not_evaluated
"When I wore calfskin on my wedding day, it meant something.",1.3366834170854272,0.0410641563555486,199,143,45,11,not_evaluated,not_evaluated
They met at Harvard Law School,1.3366834170854272,0.0468385886260451,199,153,25,21,not_evaluated,not_evaluated
I still say she could have plundered a better man.,1.3354037267080745,0.0465786746606535,161,117,34,10,not_evaluated,not_evaluated
I think the ministers glasses make him look ridiculous.,1.3350785340314135,0.045325732036268,191,143,32,16,not_evaluated,not_evaluated
It will never work. He's a Viking and she is a Packer.,1.3333333333333333,0.0441408902501185,198,148,34,16,not_evaluated,not_evaluated
"When they said it was a destination wedding, I thought, 'Minnesota?'",1.3333333333333333,0.0435562168825958,198,147,36,15,not_evaluated,not_evaluated
The prenup gives her half of whatever he pillages and plunders.,1.3333333333333333,0.0417531021635022,198,144,42,12,not_evaluated,not_evaluated
I can't believe she's carrying on her wedding day.,1.3333333333333333,0.0421887722213148,195,142,41,12,not_evaluated,not_evaluated
Well here's another dress I will never wear again.,1.3333333333333333,0.0411345034894863,198,143,44,11,not_evaluated,not_evaluated
She made him wear the helmet to cover his bald spot.,1.3333333333333333,0.0455306576135048,186,139,32,15,not_evaluated,not_evaluated
"After we plunder the reception line, let's pillage the buffet.",1.3333333333333333,0.044028363401989,195,145,35,15,not_evaluated,not_evaluated
"He had her at 'lusty wench'""",1.3333333333333333,0.0415574831701437,195,141,43,11,not_evaluated,not_evaluated
Always the wenchmaid never the wench.,1.3333333333333333,0.0409164552879592,195,140,45,10,not_evaluated,not_evaluated
"They met at a football game in Minnesota.""",1.3333333333333333,0.0409164552879592,195,140,45,10,not_evaluated,not_evaluated
"Tinder? No, they met on Tundra.",1.3333333333333333,0.0434238262910168,195,144,37,14,not_evaluated,not_evaluated
Are you wearing bear skin? I thought only the mother of the bride could wear bear skin.,1.3333333333333333,0.0415574831701437,195,141,43,11,not_evaluated,not_evaluated
The third groomsman is conquering the reception venue.,1.3333333333333333,0.0411345034894863,198,143,44,11,not_evaluated,not_evaluated
"I’ve heard he’s not much with the spear, if you know what I mean.",1.3333333333333333,0.0405064589217235,198,142,46,10,not_evaluated,not_evaluated
And we had to buy dresses.,1.3333333333333333,0.0417531021635022,198,144,42,12,not_evaluated,not_evaluated
Only a Green Bay Packers fan would object to this union.,1.3333333333333333,0.0417531021635022,198,144,42,12,not_evaluated,not_evaluated
He went to Jårøjd.,1.3333333333333333,0.0398685220622483,198,141,48,9,not_evaluated,not_evaluated
Two Norsemen of the apocalypse.,1.3333333333333333,0.0447179198422992,198,149,32,17,not_evaluated,not_evaluated
"Me? No, I’m taken. I hope YOU catch the sword this time!",1.3333333333333333,0.0428107532711957,195,143,39,13,not_evaluated,not_evaluated
"They wanted to get married in Norway, but then decided they could have a traditional wedding right here in Minnesota.",1.3333333333333333,0.0415574831701437,195,141,43,11,not_evaluated,not_evaluated
My husband is also a bit of weekend warrior.,1.3333333333333333,0.0385610000587304,198,139,52,7,not_evaluated,not_evaluated
This is why I steer clear of those genealogy websites!,1.3333333333333333,0.0417531021635022,198,144,42,12,not_evaluated,not_evaluated
The third groomsman left early to go discover America.,1.3333333333333333,0.0435562168825958,198,147,36,15,not_evaluated,not_evaluated
I can’t believe I dated him in high school.,1.3333333333333333,0.0437466326842956,189,139,37,13,not_evaluated,not_evaluated
Who wears  fanny-pack to a wedding?,1.3316062176165804,0.0418101594611675,193,140,42,11,not_evaluated,not_evaluated
"This is nothing, wait till they release the dragons.",1.3316062176165804,0.0437036215045601,193,143,36,14,not_evaluated,not_evaluated
This is my first Orthodox Hun wedding.,1.3316062176165804,0.0437036215045601,193,143,36,14,not_evaluated,not_evaluated
You may drag the bride.,1.3316062176165804,0.0437036215045601,193,143,36,14,not_evaluated,not_evaluated
I heard she had to make sacrifices.,1.3316062176165804,0.0418101594611675,193,140,42,11,not_evaluated,not_evaluated
They really are cut from the same loincloth.,1.3316062176165804,0.0404987000022369,193,138,46,9,not_evaluated,not_evaluated
Minnesota football fans sometimes take it too far.,1.3316062176165804,0.0430817149898343,193,142,38,13,not_evaluated,not_evaluated
"Always a brudepike, never a skaldmaer",1.3316062176165804,0.0443168015403005,193,144,34,15,not_evaluated,not_evaluated
They agreed that nobody would wear the pants in their family.,1.3316062176165804,0.0404987000022369,193,138,46,9,not_evaluated,not_evaluated
She's holding their prenup.,1.3316062176165804,0.0391433259901879,193,136,50,7,not_evaluated,not_evaluated
I'm only here for the grog.,1.3316062176165804,0.0418101594611675,193,140,42,11,not_evaluated,not_evaluated
"Hmm... 'Crush your enemies, see them driven before you, and hear the lamentation of their women' don't seem like wedding vows to me, but maybe I'm old-fashioned.",1.3316062176165804,0.0430817149898343,193,142,38,13,not_evaluated,not_evaluated
"In my opinion, 5 goats was too high a price, although she did agree to throw in the sword.",1.3316062176165804,0.0418101594611675,193,140,42,11,not_evaluated,not_evaluated
"Well, they say love conquers all.",1.3316062176165804,0.0424506984667718,193,141,40,12,not_evaluated,not_evaluated
I told that other groomsman NOT to object!,1.3316062176165804,0.0404987000022369,193,138,46,9,not_evaluated,not_evaluated
I so admire them for living off the grid.,1.3316062176165804,0.0391433259901879,193,136,50,7,not_evaluated,not_evaluated
I think they've taken the Paleo Diet a little too far.,1.331578947368421,0.0429069461023679,190,139,39,12,not_evaluated,not_evaluated
They're really into the Make Marriage Great Again movement.,1.3312883435582823,0.0452677783664185,163,118,36,9,not_evaluated,not_evaluated
Well it’s a step up...the last guy was a real Neanderthal,1.3312883435582823,0.0460967690871076,163,119,34,10,not_evaluated,not_evaluated
"Do you, Sigurðr the Fearless, take Freya Gunhilda Roðrhurthrindiorðrgregunthalðr to be your lawfully wedded... what do you guys call it again?",1.3298429319371727,0.0427170015733932,191,140,39,12,not_evaluated,not_evaluated
I hear the reception is at all of our homes.,1.3298429319371727,0.0427170015733932,191,140,39,12,not_evaluated,not_evaluated
I hear he's taking her on a Viking cruise for their honeymoon.,1.3298429319371727,0.0420669778143054,191,139,41,11,not_evaluated,not_evaluated
"Always a bridesmaid, never a battle-axe.",1.3298429319371727,0.0420669778143054,191,139,41,11,not_evaluated,not_evaluated
"But do nomads ever really settle down?""",1.3298429319371727,0.0414067509162124,191,138,43,10,not_evaluated,not_evaluated
I guess fur is back in.,1.3298429319371727,0.0427170015733932,191,140,39,12,not_evaluated,not_evaluated
It won't last.  She's paleo but he's actually vegan.,1.3298429319371727,0.0414067509162124,191,138,43,10,not_evaluated,not_evaluated
'I hope their marriage can endure season seven.',1.3298429319371727,0.0407358247792437,191,137,45,9,not_evaluated,not_evaluated
"Yeah, this is pretty lame – but his funeral should be worth seeing!",1.3298429319371727,0.0439882418994587,191,142,35,14,not_evaluated,not_evaluated
Expectations are a little lower when it's a second marriage.,1.3298429319371727,0.0427170015733932,191,140,39,12,not_evaluated,not_evaluated
"Do you take this sea roving, plundering, rapist pirate to be your lawful wedded husband “",1.3298429319371727,0.0446102793803995,191,143,33,15,not_evaluated,not_evaluated
Did you know that they met on the Plundr app?,1.3298429319371727,0.0433572811003329,191,141,37,13,not_evaluated,not_evaluated
I’m starting to regret the time machine.,1.3298429319371727,0.0427170015733932,191,140,39,12,not_evaluated,not_evaluated
"You think this is something, you should have seen her grandfather's funeral!",1.3298429319371727,0.0414067509162124,191,138,43,10,not_evaluated,not_evaluated
He's upgrading. His last wife was a battle axe.,1.3298429319371727,0.0420669778143054,191,139,41,11,not_evaluated,not_evaluated
They never should have done those DNA tests.,1.3298429319371727,0.0420669778143054,191,139,41,11,not_evaluated,not_evaluated
"I told her, ""he's not that bad, it's not like he has horns.""  And now this.",1.3297297297297297,0.0415923104018264,185,133,43,9,not_evaluated,not_evaluated
Can you believe it?  She’s only been divorced from Conan for six months”,1.3294117647058823,0.0470327111680951,170,127,30,13,not_evaluated,not_evaluated
It's not just viking funerals anymore. My nephew's having a viking Bar Mitzvah next month.,1.328042328042328,0.0449089337286459,189,142,32,15,not_evaluated,not_evaluated
"I used to date Thor, but he made me tho thor I could barely pith.",1.328042328042328,0.0473493557502453,189,146,24,19,not_evaluated,not_evaluated
You think this is hot? You should see their funerals.,1.328042328042328,0.0449089337286459,189,142,32,15,not_evaluated,not_evaluated
"He's a viking and she's a barbarian,
but I think they'll make it work.",1.328042328042328,0.0423280423280423,189,138,40,11,not_evaluated,not_evaluated
I always thought she meant he was a big football fan,1.328042328042328,0.0449089337286459,189,142,32,15,not_evaluated,not_evaluated
You didn't get the 'it's a themed wedding' email either?,1.328042328042328,0.0442778165486293,189,141,34,14,not_evaluated,not_evaluated
I understand they've been dating since 1066.,1.328042328042328,0.0436375726637519,189,140,36,13,not_evaluated,not_evaluated
"If anyone has objections, speak your last words now or forever hold your peace.",1.328042328042328,0.042987794286918,189,139,38,12,not_evaluated,not_evaluated
She hasn't told him yet that she wants to move to Green Bay.,1.328042328042328,0.042987794286918,189,139,38,12,not_evaluated,not_evaluated
Honeymoon's on Viking Cruises,1.328042328042328,0.0455313037258297,189,143,30,16,not_evaluated,not_evaluated
You get the sword this time.,1.328042328042328,0.040976683451261,189,136,44,9,not_evaluated,not_evaluated
I'm fine with themed weddings but the Viking appliances on the registry was a bit overboard,1.328042328042328,0.0423280423280423,189,138,40,11,not_evaluated,not_evaluated
I thought she said she took a LIKING to him.,1.328042328042328,0.042987794286918,189,139,38,12,not_evaluated,not_evaluated
"Frankly, I find the funerals much more exciting.",1.328042328042328,0.0449089337286459,189,142,32,15,not_evaluated,not_evaluated
He needs to speed it up. We only have the costumes until 5,1.328042328042328,0.0442778165486293,189,141,34,14,not_evaluated,not_evaluated
It's a match made in heathen.,1.328042328042328,0.0423280423280423,189,138,40,11,not_evaluated,not_evaluated
They met on a blind pillage.,1.328042328042328,0.0423280423280423,189,138,40,11,not_evaluated,not_evaluated
I hear their fights are epic.,1.328042328042328,0.0402840079477577,189,135,46,8,not_evaluated,not_evaluated
We’ll skip the ‘speak now’ portion of the ceremony,1.328042328042328,0.0436375726637519,189,140,36,13,not_evaluated,not_evaluated
Not the kind of storybook wedding I'd envisioned.,1.328042328042328,0.042987794286918,189,139,38,12,not_evaluated,not_evaluated
Has anyone seen the Ring Bear?,1.328042328042328,0.0423280423280423,189,138,40,11,not_evaluated,not_evaluated
Do you think we're overdressed?,1.328042328042328,0.042987794286918,189,139,38,12,not_evaluated,not_evaluated
"She says they’re a match made in Valhalla, but he’s just horny.",1.328042328042328,0.0449089337286459,189,142,32,15,not_evaluated,not_evaluated
Well I suppose that explains the longship that's been moored at the marina since Tuesday.,1.328042328042328,0.0395792117911052,189,134,48,7,not_evaluated,not_evaluated
Now I know why she said he is so horny.,1.328042328042328,0.040976683451261,189,136,44,9,not_evaluated,not_evaluated
It’s a match made in Valhalla.,1.3273809523809523,0.0458554775622707,168,124,33,11,not_evaluated,not_evaluated
I say it lasts until the next invasion.,1.3273809523809523,0.0442736131753948,168,122,37,9,not_evaluated,not_evaluated
I love the part where they exchange edged weapons.,1.3262032085561497,0.0405178954628948,187,134,45,8,not_evaluated,not_evaluated
"The sexism of hideous wear-one-time bridesmaid dresses, that’s what’s barbarian.",1.3262032085561497,0.0419130273933689,187,136,41,10,not_evaluated,not_evaluated
Do you think they'll call each other Hun?,1.3262032085561497,0.0432631931069877,187,138,37,12,not_evaluated,not_evaluated
I offered to read their vows but they said they would be runed.,1.3262032085561497,0.0419130273933689,187,136,41,10,not_evaluated,not_evaluated
Speak Norse or forever hold your peace.,1.3262032085561497,0.0425934604316778,187,137,39,11,not_evaluated,not_evaluated
"They're giving each other practical gifts. He's paying off her student loans, and she's made a down payment on a boat for his funeral.",1.3262032085561497,0.0432631931069877,187,138,37,12,not_evaluated,not_evaluated
"Theme or no theme, it’s still a Jewish wedding. He agreed to the Huppa.",1.3262032085561497,0.0432631931069877,187,138,37,12,not_evaluated,not_evaluated
They met when the glacier melted,1.3262032085561497,0.0432631931069877,187,138,37,12,not_evaluated,not_evaluated
She said she wanted an old-fashioned wedding.,1.3262032085561497,0.0412213641090355,187,135,43,9,not_evaluated,not_evaluated
They met at IKEA...,1.3262032085561497,0.0412213641090355,187,135,43,9,not_evaluated,not_evaluated
I thought they said 'HIKING' outfits!,1.3262032085561497,0.0412213641090355,187,135,43,9,not_evaluated,not_evaluated
"Do you think she'll change her last name to ""the Red""?",1.3262032085561497,0.0405178954628948,187,134,45,8,not_evaluated,not_evaluated
One of the groomsmen blabbed about dating her.,1.3262032085561497,0.0432631931069877,187,138,37,12,not_evaluated,not_evaluated
She's only marrying him for his loot.,1.3262032085561497,0.0439227148987869,187,139,35,13,not_evaluated,not_evaluated
This is my first same-sect wedding.,1.3262032085561497,0.0452129063057811,187,141,31,15,not_evaluated,not_evaluated
"In this case it’s “for better, for Norse”",1.3262032085561497,0.0412213641090355,187,135,43,9,not_evaluated,not_evaluated
"In about five years, those two will be ancient history.",1.3262032085561497,0.0412213641090355,187,135,43,9,not_evaluated,not_evaluated
Dearly behemoth...,1.3262032085561497,0.0464672885926278,187,143,27,17,not_evaluated,not_evaluated
Is there anyone left to contest this union?,1.3258426966292134,0.0475052488673823,178,136,26,16,not_evaluated,not_evaluated
"Hey...wait a minute...isn't being twins a ""reason these two may not be joined in holy matrimony?""",1.3255813953488371,0.0458265885992622,172,128,32,12,not_evaluated,not_evaluated
It was the only way he'd agree to a Viking cruise for the honeymoon.,1.3253012048192772,0.0461887072282845,166,123,32,11,not_evaluated,not_evaluated
"I don't mind a destination wedding, but I think time travel is too much to ask.",1.324675324675325,0.047769284036252,154,114,30,10,not_evaluated,not_evaluated
I heard he had a “big spear” but this isn’t what I imagined.,1.3243243243243243,0.0435433184302927,185,137,36,12,not_evaluated,not_evaluated
"My cousin Beatrice said, ""Oh no, you don't need to bring a shield"".  Well, guess who is conveniently not here.",1.3243243243243243,0.0435433184302927,185,137,36,12,not_evaluated,not_evaluated
I'm just hoping they have utensils at the reception.,1.3243243243243243,0.0407554039803299,185,133,44,8,not_evaluated,not_evaluated
"Frankly, I think they're taking taking this genetic heritage stuff way too seriously.....",1.3243243243243243,0.0414699573206965,185,134,42,9,not_evaluated,not_evaluated
"They were unfrozen on different continents, but matched on ""actualvikingsonly.com"".",1.3243243243243243,0.0414699573206965,185,134,42,9,not_evaluated,not_evaluated
Actually the sword is borrowed.  I have no idea what's blue.,1.3243243243243243,0.0414699573206965,185,134,42,9,not_evaluated,not_evaluated
I saw what they did to the other groomsman.,1.3243243243243243,0.0435433184302927,185,137,36,12,not_evaluated,not_evaluated
She advertised for a horny old man.,1.3243243243243243,0.0448723678123058,185,139,32,14,not_evaluated,not_evaluated
"I see that you're Bjorn again.""",1.3243243243243243,0.044212837349602,185,138,34,13,not_evaluated,not_evaluated
The reception's got five different types of mead!,1.3243243243243243,0.0414699573206965,185,134,42,9,not_evaluated,not_evaluated
Do I have time to change my shoes before we storm the castle?,1.3243243243243243,0.044212837349602,185,138,34,13,not_evaluated,not_evaluated
"When she tosses the sword, I am outta here.",1.3243243243243243,0.044212837349602,185,138,34,13,not_evaluated,not_evaluated
"When she told me her fiancé was horny, this isn't what I had in mind.",1.3243243243243243,0.044212837349602,185,138,34,13,not_evaluated,not_evaluated
"They're both Visigoths, but they call each other 'Hun.'",1.3243243243243243,0.0428633430023998,185,136,38,11,not_evaluated,not_evaluated
"How embarrassing — I bought her a djöfull hamar, but I see she already has one.",1.3243243243243243,0.0428633430023998,185,136,38,11,not_evaluated,not_evaluated
The matching coin purses really bring it all together.,1.3243243243243243,0.0435433184302927,185,137,36,12,not_evaluated,not_evaluated
I brought my own cutlery for the reception.,1.3243243243243243,0.0448723678123058,185,139,32,14,not_evaluated,not_evaluated
"It’s his second pillage, her first.",1.3243243243243243,0.0421724052759726,185,135,40,10,not_evaluated,not_evaluated
He doesn't have any friends. They found these two guys selling popcorn in the theater.,1.3243243243243243,0.0421724052759726,185,135,40,10,not_evaluated,not_evaluated
"If she tosses the sword, you can have it.",1.3243243243243243,0.0392873279880282,185,131,48,6,not_evaluated,not_evaluated
His pillaging days are over.,1.3243243243243243,0.045522343960558,185,140,30,15,not_evaluated,not_evaluated
She stepped on his spear at yoga and the rest is history.,1.3231707317073171,0.0481095372890365,164,124,27,13,not_evaluated,not_evaluated
He's bigger than he looks in the comic strip.,1.3224043715846994,0.0424360805855366,183,134,39,10,not_evaluated,not_evaluated
Why give a nice present? Ninety percent of receptions get pillaged in the first hour.,1.3224043715846994,0.0438282946989314,183,136,35,12,not_evaluated,not_evaluated
"You gotta be careful
when she tosses her sword.",1.3224043715846994,0.0424360805855366,183,134,39,10,not_evaluated,not_evaluated
I understand Minnesota picked up his option.,1.3224043715846994,0.0451776260661248,183,138,31,14,not_evaluated,not_evaluated
Sorry you missed the bachelorette party.  We ended up invading England.,1.3224043715846994,0.0438282946989314,183,136,35,12,not_evaluated,not_evaluated
"Wait, we don’t get to put them in a boat and light it on fire?",1.3224043715846994,0.0424360805855366,183,134,39,10,not_evaluated,not_evaluated
No one commits to a diet like Brittany and Todd!,1.3224043715846994,0.0431378044856164,183,135,37,11,not_evaluated,not_evaluated
"He could be more refined, but he has loads of plunder.",1.3224043715846994,0.0417225561906872,183,133,41,9,not_evaluated,not_evaluated
"Dearly beloved, we are hunted/gathered here today...",1.3224043715846994,0.0438282946989314,183,136,35,12,not_evaluated,not_evaluated
Do you think the buffet will be kosher?,1.3224043715846994,0.0431378044856164,183,135,37,11,not_evaluated,not_evaluated
Which one has to kill the goat?,1.3224043715846994,0.0424360805855366,183,134,39,10,not_evaluated,not_evaluated
So that's what black tie optional means,1.3224043715846994,0.0431378044856164,183,135,37,11,not_evaluated,not_evaluated
Be careful during the Hora.,1.3224043715846994,0.0438282946989314,183,136,35,12,not_evaluated,not_evaluated
"The ""until death do you part"" may come a little sooner than it usually does.",1.3224043715846994,0.0409966151615952,183,132,43,8,not_evaluated,not_evaluated
Why are bridesmaid's dresses always so hideous?,1.3224043715846994,0.0409966151615952,183,132,43,8,not_evaluated,not_evaluated
I think we're overdressed.,1.3224043715846994,0.0409966151615952,183,132,43,8,not_evaluated,not_evaluated
"If you ask me, they're both compensating for something.",1.3224043715846994,0.0438282946989314,183,136,35,12,not_evaluated,not_evaluated
He converted.,1.3224043715846994,0.0402575857985899,183,131,45,7,not_evaluated,not_evaluated
You may now plunder the church.,1.3224043715846994,0.0431378044856164,183,135,37,11,not_evaluated,not_evaluated
She took a liking to the Viking.,1.3224043715846994,0.0438282946989314,183,136,35,12,not_evaluated,not_evaluated
You're  not losing a daughter you're gaining a Hun,1.3224043715846994,0.0464878089150781,183,140,27,16,not_evaluated,not_evaluated
I give it three raids.,1.3224043715846994,0.0438282946989314,183,136,35,12,not_evaluated,not_evaluated
Pillager? He hardly knows her!,1.3224043715846994,0.0451776260661248,183,138,31,14,not_evaluated,not_evaluated
Well at least it's not a shotgun wedding.,1.3224043715846994,0.0445080740607082,183,137,33,13,not_evaluated,not_evaluated
These Minnesota weddings are getting out of hand.,1.3224043715846994,0.0409966151615952,183,132,43,8,not_evaluated,not_evaluated
"If anyone has any objections to marriage, please forever hold your peace.”",1.3224043715846994,0.0431378044856164,183,135,37,11,not_evaluated,not_evaluated
I can't wait until they cut the cake.,1.3224043715846994,0.0431378044856164,183,135,37,11,not_evaluated,not_evaluated
I heard there'll be a paleo smorgasbord at the reception.,1.3224043715846994,0.0438282946989314,183,136,35,12,not_evaluated,not_evaluated
You should see the cave she'll be living in.,1.3224043715846994,0.0458373988937822,183,139,29,15,not_evaluated,not_evaluated
They're definitely a Viking River Cruise  honeymoon.,1.3224043715846994,0.0417225561906872,183,133,41,9,not_evaluated,not_evaluated
You throw the offal and I'll tie the flagons to the barge.,1.3224043715846994,0.0445080740607082,183,137,33,13,not_evaluated,not_evaluated
They needed a way to justify serving pickled fish at the reception.,1.3224043715846994,0.0409966151615952,183,132,43,8,not_evaluated,not_evaluated
"He better guard his loot, she’s from the wrong side of the fjord.",1.3224043715846994,0.0451776260661248,183,138,31,14,not_evaluated,not_evaluated
I  bet they are registered at IKEA,1.3224043715846994,0.0417225561906872,183,133,41,9,not_evaluated,not_evaluated
"If there’s anyone who objects to this marriage, run!",1.3224043715846994,0.0424360805855366,183,134,39,10,not_evaluated,not_evaluated
For their honeymoon they plan to sack Shelter Island.,1.3224043715846994,0.0438282946989314,183,136,35,12,not_evaluated,not_evaluated
They're taking this Viking heritage thing too far - it was only three percent!,1.3224043715846994,0.0438282946989314,183,136,35,12,not_evaluated,not_evaluated
as a couple they are very combatable,1.3224043715846994,0.0458373988937822,183,139,29,15,not_evaluated,not_evaluated
She’s still not letting him buy the boat.,1.3224043715846994,0.0458373988937822,183,139,29,15,not_evaluated,not_evaluated
You weren’t kidding about them being old fashioned,1.3224043715846994,0.0402575857985899,183,131,45,7,not_evaluated,not_evaluated
"She said it makes “‘Til death do us part,” seem more achievable.",1.3224043715846994,0.0451776260661248,183,138,31,14,not_evaluated,not_evaluated
I heard they booked a Viking cruise for their honeymoon.,1.3224043715846994,0.0431378044856164,183,135,37,11,not_evaluated,not_evaluated
His ex was a real battle-axe.,1.3224043715846994,0.0451776260661248,183,138,31,14,not_evaluated,not_evaluated
I'm glad they finally caved in!,1.3224043715846994,0.0424360805855366,183,134,39,10,not_evaluated,not_evaluated
Does “Arrrgh” mean “I do “  ?,1.3224043715846994,0.0445080740607082,183,137,33,13,not_evaluated,not_evaluated
This is nothing! Wait 'til you see the dinner menu!,1.3224043715846994,0.0438282946989314,183,136,35,12,not_evaluated,not_evaluated
I give it six months or at best till Gotterdammerung.,1.3224043715846994,0.0445080740607082,183,137,33,13,not_evaluated,not_evaluated
I just wonder why they waited so long.,1.3224043715846994,0.0424360805855366,183,134,39,10,not_evaluated,not_evaluated
It's not a real Game of Thrones themed wedding unless we're all murdered afterwards,1.3224043715846994,0.0409966151615952,183,132,43,8,not_evaluated,not_evaluated
Do you promise to love and cherish until it's time to send your flaming corpse into sea...,1.3224043715846994,0.0458373988937822,183,139,29,15,not_evaluated,not_evaluated
It's more a hammer throw than a bouquet toss.,1.3224043715846994,0.0409966151615952,183,132,43,8,not_evaluated,not_evaluated
I always bawl at the 'blood oath' part.,1.3224043715846994,0.0438282946989314,183,136,35,12,not_evaluated,not_evaluated
This will set marriage back a thousand years,1.3224043715846994,0.0395047335638873,183,130,47,6,not_evaluated,not_evaluated
I hope the Nibelung don’t expect their ring back.,1.3224043715846994,0.0431378044856164,183,135,37,11,not_evaluated,not_evaluated
I lost three fingers trying to catch the sword at her last wedding.,1.3224043715846994,0.0431378044856164,183,135,37,11,not_evaluated,not_evaluated
That’s it! I’m giving this longship single’s cruise a shot!,1.3224043715846994,0.0424360805855366,183,134,39,10,not_evaluated,not_evaluated
I hear her first husband was a real barbarian.,1.3224043715846994,0.0438282946989314,183,136,35,12,not_evaluated,not_evaluated
"Apparently, they're old school - very old school.",1.3223684210526316,0.0481461605773328,152,113,29,10,not_evaluated,not_evaluated
"I hereby pronounce you Goth and Visigoth, you may now smash your mouths together.",1.3222222222222222,0.0429047387597446,180,132,38,10,not_evaluated,not_evaluated
I love these genderfluid weddings where no one will wear the pants in the family.,1.3218390804597702,0.0461014196178358,174,131,30,13,not_evaluated,not_evaluated
They met in Minnesota.,1.3204419889502763,0.0419792564171098,181,132,40,9,not_evaluated,not_evaluated
She should've run him through while she had a chance.,1.3204419889502763,0.0461582288932716,181,138,28,15,not_evaluated,not_evaluated
They said it was love at first pillage.,1.3204419889502763,0.0397252552756851,181,129,46,6,not_evaluated,not_evaluated
I'm here for the ale and mead.,1.3204419889502763,0.0427041604944821,181,133,38,10,not_evaluated,not_evaluated
"And do you, Brunhilde the Conqueror, take this man, Lars the Impaler, to live, love, loot and pillage with 'til the fires of Valhalla bear you away?",1.3204419889502763,0.0427041604944821,181,133,38,10,not_evaluated,not_evaluated
At least it isn't a shotgun wedding,1.3204419889502763,0.0434169630184277,181,134,36,11,not_evaluated,not_evaluated
I hear they're going to pillage Saxony for their honeymoon.,1.3204419889502763,0.0427041604944821,181,133,38,10,not_evaluated,not_evaluated
"Viking, I thought you said a vegan wedding.",1.3204419889502763,0.0434169630184277,181,134,36,11,not_evaluated,not_evaluated
Turns our Hagar really wasn't all that horrible.,1.3204419889502763,0.0434169630184277,181,134,36,11,not_evaluated,not_evaluated
"Their weddings are fun, but their funerals are brutal.",1.3204419889502763,0.0419792564171098,181,132,40,9,not_evaluated,not_evaluated
I thought you said it was a Viking Cruise wedding?,1.3204419889502763,0.0419792564171098,181,132,40,9,not_evaluated,not_evaluated
"And do you, Siglinde, promise to cleave unto Thorgod, and I mean that in the best possible way.",1.3204419889502763,0.0427041604944821,181,133,38,10,not_evaluated,not_evaluated
Did you see the size of that rock?!?!,1.3204419889502763,0.0427041604944821,181,133,38,10,not_evaluated,not_evaluated
"Their honeymoon?  On a Viking cruise, of course.",1.3204419889502763,0.0441182505540343,181,135,34,12,not_evaluated,not_evaluated
Neanderthal . . .on his mother's side.,1.3204419889502763,0.0404905329789987,181,130,44,7,not_evaluated,not_evaluated
Good thing she let us pick our own bridesmaid dresses,1.3204419889502763,0.0412416126640123,181,131,42,8,not_evaluated,not_evaluated
"I couldn't find severed heads, so i got us bouquets.",1.3204419889502763,0.0427041604944821,181,133,38,10,not_evaluated,not_evaluated
"Oh yes, they DO take the 'til death do us part' very seriously.",1.3204419889502763,0.0404905329789987,181,130,44,7,not_evaluated,not_evaluated
The reception will include a Viking raid on the coast of Brittany.,1.3204419889502763,0.0434169630184277,181,134,36,11,not_evaluated,not_evaluated
And then he says I yabba-dabba-do.,1.3202247191011236,0.0446272894807072,178,133,33,12,not_evaluated,not_evaluated
"Do you take each other to have and to hold, to maim and slaughter, in sickness and in famine, until death do everyone depart?""",1.318435754189944,0.0429767554248507,179,132,37,10,not_evaluated,not_evaluated
We all know she wears the horns in this relationship.,1.318435754189944,0.0437009405560717,179,133,35,11,not_evaluated,not_evaluated
"And I promise to love, honour, obey and beat off all contenders with sword and club.",1.318181818181818,0.0456489349891478,176,133,30,13,not_evaluated,not_evaluated
I'm not looking forward to the reception.,1.318181818181818,0.0434628585212506,176,130,36,10,not_evaluated,not_evaluated
What airline did you say lost their luggage?,1.318181818181818,0.0434628585212506,176,130,36,10,not_evaluated,not_evaluated
I’ve heard they fight all the time.,1.318181818181818,0.0442035647405649,176,131,34,11,not_evaluated,not_evaluated
I wonder if she's told him she's originally from Green Bay.,1.318181818181818,0.0434628585212506,176,130,36,10,not_evaluated,not_evaluated
She tells me they're honeymooning in Minnesota.,1.318181818181818,0.0449320620571589,176,132,32,12,not_evaluated,not_evaluated
The reception pillage is always quite nice.,1.318181818181818,0.0419422214596237,176,128,40,8,not_evaluated,not_evaluated
They met on one of those Viking Ocean cruises.,1.3160919540229885,0.0452423701042012,174,131,31,12,not_evaluated,not_evaluated
Count me out when she throws what is obviously not the bouquet.,1.3160919540229885,0.0429831333022581,174,128,37,9,not_evaluated,not_evaluated
Good luck pronouncing them Tryggvi and Cnut.,1.3160919540229885,0.0414085524061048,174,126,41,7,not_evaluated,not_evaluated
"I wish their registry had been more specific than ""English Countryside""",1.3160919540229885,0.0437491773240934,174,129,35,10,not_evaluated,not_evaluated
Why are all the good ones taken.,1.3160919540229885,0.0445020368588927,174,130,33,11,not_evaluated,not_evaluated
"Just wait. I GUARANTEE he'll be here shortly shouting, 'Elaine!!'",1.3160919540229885,0.0452423701042012,174,131,31,12,not_evaluated,not_evaluated
"Honeymooning on a Viking Cruise, what else?",1.3160919540229885,0.0422031868515212,174,127,39,8,not_evaluated,not_evaluated
"Do you, Thor, promise to give up rape and pillage and promise to barbeque and do dishes?",1.3160919540229885,0.0466878312706435,174,133,27,14,not_evaluated,not_evaluated
When do they stomp on the glass?,1.3160919540229885,0.0459707822502598,174,132,29,13,not_evaluated,not_evaluated
I hear they're spending their honeymoon on a Viking cruise,1.3154761904761905,0.0471151518708443,168,128,27,13,not_evaluated,not_evaluated
Plunderful Wedding.,1.3151515151515152,0.0445110254045192,165,122,34,9,not_evaluated,not_evaluated
They met while pillaging.,1.313953488372093,0.0408358672591191,172,124,42,6,not_evaluated,not_evaluated
"If anyone knows any reason these two should not be joined in matrimony, unsheathe your weapon, let cry a blood-curdling scream and charge full-speed towards the podium, or forever hold your peace.",1.313953488372093,0.0432616044873217,172,127,36,9,not_evaluated,not_evaluated
I can't wait for the cake cutting.,1.313953488372093,0.0408358672591191,172,124,42,6,not_evaluated,not_evaluated
"For their honeymoon, they're going to pillage a small town in Hawaii.",1.313953488372093,0.04404050270855,172,128,34,10,not_evaluated,not_evaluated
"They'll be pillaging this fall near New Brunswick.""",1.313953488372093,0.0448058627282876,172,129,32,11,not_evaluated,not_evaluated
"I swear she said ""I love biking"".",1.313953488372093,0.0448058627282876,172,129,32,11,not_evaluated,not_evaluated
"So, I guess he's not so horrible after all.",1.313953488372093,0.04404050270855,172,128,34,10,not_evaluated,not_evaluated
They did that ancestry thing,1.313953488372093,0.0448058627282876,172,129,32,11,not_evaluated,not_evaluated
This is going to be one epic wedding.,1.313953488372093,0.0416601429523321,172,125,40,7,not_evaluated,not_evaluated
I hear she’s already been pillaged.,1.313953488372093,0.0455583668586848,172,130,30,12,not_evaluated,not_evaluated
Stand back when he stomps on the wine glass.,1.313953488372093,0.0416601429523321,172,125,40,7,not_evaluated,not_evaluated
They found out through 23andMe that he’s 51% Scandinavian and she’s 75% cosplay.,1.313953488372093,0.0448058627282876,172,129,32,11,not_evaluated,not_evaluated
And it’s an exact replica of the Kushner’s huppah,1.313953488372093,0.0462986419545418,172,131,28,13,not_evaluated,not_evaluated
I never thought she would find the right man.,1.313953488372093,0.0462986419545418,172,131,28,13,not_evaluated,not_evaluated
Her tunic is stunning.,1.313953488372093,0.0424684231731424,172,126,38,8,not_evaluated,not_evaluated
She warned Reginald not to insist he was the best man...,1.313953488372093,0.0448058627282876,172,129,32,11,not_evaluated,not_evaluated
They're really taking the battle of the sexes seriously.,1.313953488372093,0.0455583668586848,172,130,30,12,not_evaluated,not_evaluated
I didn't realize Jane was Vikish,1.313953488372093,0.0432616044873217,172,127,36,9,not_evaluated,not_evaluated
"One thing for sure, she's definitely not marrying a Renaissance man.",1.313953488372093,0.0416601429523321,172,125,40,7,not_evaluated,not_evaluated
They did say that it was black tie 'optional.',1.313953488372093,0.0432616044873217,172,127,36,9,not_evaluated,not_evaluated
"I know they're excited about their honeymoon, but I think they misunderstand what really happens on a Viking River Cruise.",1.313953488372093,0.04404050270855,172,128,34,10,not_evaluated,not_evaluated
"No heels, great idea.  No underwear, bad idea.",1.313953488372093,0.0416601429523321,172,125,40,7,not_evaluated,not_evaluated
That summer in Norway really made an impact.,1.313953488372093,0.04404050270855,172,128,34,10,not_evaluated,not_evaluated
She's already giving him hun-do lists.,1.3120567375886525,0.0451663050711939,141,102,34,5,not_evaluated,not_evaluated
"This is so wrong, she is supposed to have the spear.",1.311764705882353,0.0451151871432707,170,128,31,11,not_evaluated,not_evaluated
I guess animal skins don't come in white.,1.311764705882353,0.0419156955551882,170,124,39,7,not_evaluated,not_evaluated
Notice the Norse trollop is not wearing white.,1.311764705882353,0.0435448369203948,170,126,35,9,not_evaluated,not_evaluated
I can't believe she didn't understand which way to swipe on Tinder.,1.311764705882353,0.0419156955551882,170,124,39,7,not_evaluated,not_evaluated
I think they'll be disappointed by their Viking Cruise honeymoon.,1.311764705882353,0.0435448369203948,170,126,35,9,not_evaluated,not_evaluated
"That’s just great.  These bridesmaid dresses were crazy expensive, and she gets away with showing up in the same animal skin tunic she wore at her first wedding.",1.311764705882353,0.0435448369203948,170,126,35,9,not_evaluated,not_evaluated
What happens in Valhalla stays in Valhalla.,1.311764705882353,0.044336965014512,170,127,33,10,not_evaluated,not_evaluated
I hear the post wedding dinner is going to be a smorgasbord.,1.311764705882353,0.0427380296474873,170,125,37,8,not_evaluated,not_evaluated
Did you know she was left handed?,1.311764705882353,0.0458802109328915,170,129,29,12,not_evaluated,not_evaluated
"I, too, was surprised  Vera Wang does bear skin.",1.311764705882353,0.0419156955551882,170,124,39,7,not_evaluated,not_evaluated
Theme weddings are even worse than Destination weddings,1.311764705882353,0.0435448369203948,170,126,35,9,not_evaluated,not_evaluated
Longest dating couple ever.,1.311764705882353,0.0451151871432707,170,128,31,11,not_evaluated,not_evaluated
The bouquet toss is gonna be a doozy.,1.311764705882353,0.0419156955551882,170,124,39,7,not_evaluated,not_evaluated
Die hard Minnesota Vikings fans,1.311764705882353,0.0458802109328915,170,129,29,12,not_evaluated,not_evaluated
Even Ragnar can't pull off a man purse.,1.311764705882353,0.0435448369203948,170,126,35,9,not_evaluated,not_evaluated
A real Viking wouldn’t  wear horns.,1.311764705882353,0.0435448369203948,170,126,35,9,not_evaluated,not_evaluated
Their vows just seem so arcane.,1.311764705882353,0.0419156955551882,170,124,39,7,not_evaluated,not_evaluated
This is the third theme wedding I have been in this year!,1.311764705882353,0.0427380296474873,170,125,37,8,not_evaluated,not_evaluated
You think this is embarrassing?  Try being a JETS fan.,1.311764705882353,0.0451151871432707,170,128,31,11,not_evaluated,not_evaluated
How long until death does them part?,1.311764705882353,0.0458802109328915,170,129,29,12,not_evaluated,not_evaluated
"I’m her sis, and though you may not believe this, he’s a catch.",1.311764705882353,0.0435448369203948,170,126,35,9,not_evaluated,not_evaluated
They met in a Paleo cooking class.,1.311764705882353,0.044336965014512,170,127,33,10,not_evaluated,not_evaluated
What do you think of  these time traveler destination weddings?,1.311764705882353,0.0435448369203948,170,126,35,9,not_evaluated,not_evaluated
They met on a longship cruise.,1.311764705882353,0.0435448369203948,170,126,35,9,not_evaluated,not_evaluated
"Well, that’s what happens when you tell Alexa to order “striking” wedding clothes.",1.311764705882353,0.0419156955551882,170,124,39,7,not_evaluated,not_evaluated
There was a mixup at the baggage carousel,1.311764705882353,0.0451151871432707,170,128,31,11,not_evaluated,not_evaluated
They're gonna kill on the dance floor.,1.311764705882353,0.0466326859565358,170,130,27,13,not_evaluated,not_evaluated
It all started on a paleo diet dating site,1.311764705882353,0.0451151871432707,170,128,31,11,not_evaluated,not_evaluated
"I'm glad she picked Game of Thrones for the theme, she was considering Naked and Afraid.",1.311377245508982,0.0472184157995452,167,128,26,13,not_evaluated,not_evaluated
She had us spend hundreds of dollars on these dresses and she wore that?,1.311377245508982,0.0440567738610972,167,124,34,9,not_evaluated,not_evaluated
"I won't cry at this wedding, I just hope they don't kill each other.",1.3095238095238095,0.04620806651971,168,128,28,12,not_evaluated,not_evaluated
Did she just vow 'For Better or Norse'?,1.3095238095238095,0.04543015971863,168,127,30,11,not_evaluated,not_evaluated
"If anyone knows why these two should not be joined in Holy Matrimony, speak now but keep in mind: her sword and his spear were sharpened moments before this ceremony.",1.3095238095238095,0.0446386985992033,168,126,32,10,not_evaluated,not_evaluated
These 23 and Me-inspired weddings are getting out of hand.,1.3095238095238095,0.0446386985992033,168,126,32,10,not_evaluated,not_evaluated
Well . . . she finally caved!,1.3095238095238095,0.04543015971863,168,127,30,11,not_evaluated,not_evaluated
"I thought she said he was striking, not Viking.",1.3095238095238095,0.0421752938856552,168,123,38,7,not_evaluated,not_evaluated
It has been my experience these blood weddings don't last.,1.3095238095238095,0.0469730924138453,168,129,26,13,not_evaluated,not_evaluated
I plan to repurpose this dress as mulch.”,1.3095238095238095,0.0484669310951197,168,131,22,15,not_evaluated,not_evaluated
Can you believe I almost wore the same outfit as the bride?,1.3095238095238095,0.04620806651971,168,128,28,12,not_evaluated,not_evaluated
"Did he say ""broadsword"" or ""broad's sword""?",1.3095238095238095,0.0446386985992033,168,126,32,10,not_evaluated,not_evaluated
I thought she was marrying the one with the hammer.,1.3095238095238095,0.0413215369379174,168,122,40,6,not_evaluated,not_evaluated
They've written their own battle cries.,1.309090909090909,0.0451802514744554,165,124,31,10,not_evaluated,not_evaluated
"See Marge, Something good can come from climate change.",1.308724832214765,0.0484657860727539,149,113,26,10,not_evaluated,not_evaluated
"Well, they seem prepared for anyone who can't hold their peace.",1.3072289156626506,0.0432907612239138,166,123,35,8,not_evaluated,not_evaluated
They’ve decided to go on a Viking Cruise for their honeymoon.,1.3072289156626506,0.0465421036036947,166,127,27,12,not_evaluated,not_evaluated
The funerals  are more exciting.,1.3072289156626506,0.0449458419389545,166,125,31,10,not_evaluated,not_evaluated
Which bridesmaid will catch the sword?,1.3072289156626506,0.0441260621115651,166,124,33,9,not_evaluated,not_evaluated
I never thought she'd fall in love with a corporate raider!,1.3072289156626506,0.0415698365054561,166,121,39,6,not_evaluated,not_evaluated
At my wedding Ralph was a Klingon and I was a Vulcan.,1.3072289156626506,0.0415698365054561,166,121,39,6,not_evaluated,not_evaluated
All I know is that she met him on Tinder and told me he was horny,1.3072289156626506,0.0449458419389545,166,125,31,10,not_evaluated,not_evaluated
This is the third time she's forsaken all others.,1.3072289156626506,0.0432907612239138,166,123,35,8,not_evaluated,not_evaluated
They're invading England right after the ceremony,1.3072289156626506,0.0432907612239138,166,123,35,8,not_evaluated,not_evaluated
What's with the purse?,1.3072289156626506,0.0432907612239138,166,123,35,8,not_evaluated,not_evaluated
You don't think it's Stockholm syndrome?,1.3072289156626506,0.0441260621115651,166,124,33,9,not_evaluated,not_evaluated
When she texted me about the ring and the white Norse I thought it was a typo.,1.3072289156626506,0.0432907612239138,166,123,35,8,not_evaluated,not_evaluated
"They are hardcore Vikings fans, that's why.",1.3072289156626506,0.0449458419389545,166,125,31,10,not_evaluated,not_evaluated
This is the second marriage for each of them. They know what to expect.,1.3072289156626506,0.0424390228117724,166,122,37,7,not_evaluated,not_evaluated
I heard it's an open mead bar.,1.3072289156626506,0.0465421036036947,166,127,27,12,not_evaluated,not_evaluated
It’s stunning.  She’s not registered at Amazon.,1.3072289156626506,0.0457509350475951,166,126,29,11,not_evaluated,not_evaluated
Cummerbunds AND vests on the groomsmen? Tacky...,1.3072289156626506,0.047320046048,166,128,25,13,not_evaluated,not_evaluated
"I wonder what will happen to his 'man cave' now that they are married.""",1.3072289156626506,0.0449458419389545,166,125,31,10,not_evaluated,not_evaluated
This was a long time coming.,1.3072289156626506,0.0415698365054561,166,121,39,6,not_evaluated,not_evaluated
I think they have a lot in common!,1.30718954248366,0.0475410543995996,153,116,27,10,not_evaluated,not_evaluated
She looks fat in that bearskin.,1.304878048780488,0.0460776728610795,164,125,28,11,not_evaluated,not_evaluated
"I'm not really into cosplay, but he did get her a Viking range.",1.304878048780488,0.0435740959634386,164,122,34,8,not_evaluated,not_evaluated
I won’t be running to catch her bouquet,1.304878048780488,0.0427069682832172,164,121,36,7,not_evaluated,not_evaluated
At least SHE can wear it again!,1.304878048780488,0.0399929374100229,164,118,42,4,not_evaluated,not_evaluated
I got them a stove.,1.304878048780488,0.0484520591260513,164,128,22,14,not_evaluated,not_evaluated
I can't wait to see the bride slice the cake with her sword.,1.304878048780488,0.0452585377272115,164,124,30,10,not_evaluated,not_evaluated
I hate these time travel destination weddings.,1.304878048780488,0.0427069682832172,164,121,36,7,not_evaluated,not_evaluated
"They both smiled when he said ""till death do us part"".",1.304878048780488,0.0476737384150555,164,127,24,13,not_evaluated,not_evaluated
I hear that after this they're going pillaging in Hawaii.,1.304878048780488,0.0460776728610795,164,125,28,11,not_evaluated,not_evaluated
The Bride insisted we had to wear these ridiculous clothes.,1.304878048780488,0.0444243012113662,164,123,32,9,not_evaluated,not_evaluated
I'm not staying for the reception. You?,1.304878048780488,0.0452585377272115,164,124,30,10,not_evaluated,not_evaluated
"They hold the record for ""longest engagement ever"".",1.304878048780488,0.0460776728610795,164,125,28,11,not_evaluated,not_evaluated
Not sure having the wedding on a Viking River Cruise was a good idea.,1.304878048780488,0.0444243012113662,164,123,32,9,not_evaluated,not_evaluated
You should have seen them before marriage counseling!,1.304878048780488,0.0435740959634386,164,122,34,8,not_evaluated,not_evaluated
"I know Viking Funerals get all the fanfare, but this is lovely, too.",1.304878048780488,0.0444243012113662,164,123,32,9,not_evaluated,not_evaluated
I'm so glad she talked him out of Star Wars garb.,1.304878048780488,0.0427069682832172,164,121,36,7,not_evaluated,not_evaluated
"And do you promise to love, honor and obey until one of you is cremated on a burning ship?",1.304878048780488,0.0484520591260513,164,128,22,14,not_evaluated,not_evaluated
"Do you promise to rape, pillage and plunder together as long as you shall live?",1.304878048780488,0.0476737384150555,164,127,24,13,not_evaluated,not_evaluated
and now you enter the Game of Marriage,1.304878048780488,0.0468824981776771,164,126,26,12,not_evaluated,not_evaluated
"Theme wedding? or Met Gala
wannabes?",1.304878048780488,0.0444243012113662,164,123,32,9,not_evaluated,not_evaluated
He needs a green card.,1.304878048780488,0.0435740959634386,164,122,34,8,not_evaluated,not_evaluated
"It's about time, they have been dating for centuries.",1.304878048780488,0.0468824981776771,164,126,26,12,not_evaluated,not_evaluated
I think Viking Cruises has taken it a bit too far.,1.304878048780488,0.0444243012113662,164,123,32,9,not_evaluated,not_evaluated
They're sacking England for the honeymoon.,1.304878048780488,0.0435740959634386,164,122,34,8,not_evaluated,not_evaluated
I think I'm going to skip the bouquet toss.,1.3043478260869563,0.0466614260910457,161,123,27,11,not_evaluated,not_evaluated
I think they went too far with the paleo diet.,1.3043478260869563,0.0458219263376969,161,122,29,10,not_evaluated,not_evaluated
I hope she doesn't regret converting.,1.3043478260869563,0.0458219263376969,161,122,29,10,not_evaluated,not_evaluated
"She's born again, he's going to Valhalla.",1.3043478260869563,0.0474860867665773,161,124,25,12,not_evaluated,not_evaluated
I now pronounce you very strange.,1.3043478260869563,0.0449667564067559,161,121,31,9,not_evaluated,not_evaluated
These destination weddings are getting out of hand.,1.3043478260869563,0.0458219263376969,161,122,29,10,not_evaluated,not_evaluated
Do you know if Hagar has a brother?,1.3043478260869563,0.0449667564067559,161,121,31,9,not_evaluated,not_evaluated
Is this your first Norwegian wedding?,1.3043478260869563,0.0432056672051125,161,119,35,7,not_evaluated,not_evaluated
Check out the size of that rock on her finger!,1.3043478260869563,0.0458219263376969,161,122,29,10,not_evaluated,not_evaluated
Word is all the mead you can drink at the reception.,1.3043478260869563,0.0422976350058268,161,118,37,6,not_evaluated,not_evaluated
She settled.,1.30188679245283,0.0461517393090365,159,121,28,10,not_evaluated,not_evaluated
You may now toot his horns.,1.30188679245283,0.0452810285367863,159,120,30,9,not_evaluated,not_evaluated
"Oh sure, they get to wear comfortable clothes.",1.30188679245283,0.0434873378530951,159,118,34,7,not_evaluated,not_evaluated
Don't you just love an old-fashioned wedding?,1.300653594771242,0.0425827744892346,153,112,36,5,not_evaluated,not_evaluated
“For their honeymoon they’re invading Europe.”,1.2993630573248407,0.0473578984943511,157,121,25,11,not_evaluated,not_evaluated
"Instead of a limo, they rented a yak.",1.2993630573248407,0.0456010078303654,157,119,29,9,not_evaluated,not_evaluated
He raided Jared.,1.2993630573248407,0.0490519029646911,157,123,21,13,not_evaluated,not_evaluated
She really holds the sword in their relationship,1.2993630573248407,0.0456010078303654,157,119,29,9,not_evaluated,not_evaluated
Is that Fred or Barney?,1.2993630573248407,0.0446966732298606,157,118,31,8,not_evaluated,not_evaluated
"So romantic, getting married at half-time.",1.2993630573248407,0.0437736596652465,157,117,33,7,not_evaluated,not_evaluated
Finally...they've been engaged for 1100 years.,1.2993630573248407,0.0446966732298606,157,118,31,8,not_evaluated,not_evaluated
"So when did ""something sharp"" replace old, new, borrowed and blue?",1.2993630573248407,0.0446966732298606,157,118,31,8,not_evaluated,not_evaluated
"On their first date she asked him, ""What's in YOUR wallet; and he said, ""A condom.""  She decided that qualified him as a feminist,  and she proposed.",1.2993630573248407,0.0437736596652465,157,117,33,7,not_evaluated,not_evaluated
"Can you believe she said ""yes to the dress"" ?",1.2993630573248407,0.0428307595445227,157,116,35,6,not_evaluated,not_evaluated
They are honeymooning in Stonehenge.,1.2993630573248407,0.0464877535752498,157,120,27,10,not_evaluated,not_evaluated
Her wedding dress still looks better than what we are wearing.,1.2993630573248407,0.0428307595445227,157,116,35,6,not_evaluated,not_evaluated
"On the bright side, Astrid's Ikea gown only cost $14.95 and it will still fit in 20 years.",1.2993630573248407,0.0428307595445227,157,116,35,6,not_evaluated,not_evaluated
"After the fat lady sang, I thought, '""Really, there's more?""",1.2993630573248407,0.0456010078303654,157,119,29,9,not_evaluated,not_evaluated
I can't believe I got dragged into this.,1.2993630573248407,0.0428307595445227,157,116,35,6,not_evaluated,not_evaluated
Do you take this raper and pillager to be your lawfully wedded husband?,1.2993630573248407,0.0437736596652465,157,117,33,7,not_evaluated,not_evaluated
"What Thor has joined together, let no Norseman put asunder.",1.2993630573248407,0.0456010078303654,157,119,29,9,not_evaluated,not_evaluated
Is that a Vera Wang?,1.2993630573248407,0.0456010078303654,157,119,29,9,not_evaluated,not_evaluated
They met at Walmart.,1.2993630573248407,0.0490519029646911,157,123,21,13,not_evaluated,not_evaluated
You're sure this is the right wedding?,1.2993630573248407,0.0428307595445227,157,116,35,6,not_evaluated,not_evaluated
Themed weddings are soooo 1000 years ago.,1.2993630573248407,0.0446966732298606,157,118,31,8,not_evaluated,not_evaluated
"Well, Love is a Battlefield.",1.2993630573248407,0.0473578984943511,157,121,25,11,not_evaluated,not_evaluated
It took ages and ages for them to find each other.,1.2993630573248407,0.0428307595445227,157,116,35,6,not_evaluated,not_evaluated
Their honeymoon cruise includes a raiding party.,1.2993630573248407,0.0446966732298606,157,118,31,8,not_evaluated,not_evaluated
They agreed that nobody will wear the pants in their relationship.,1.2993630573248407,0.0473578984943511,157,121,25,11,not_evaluated,not_evaluated
Turning my dress into a rug. You?,1.2993630573248407,0.0456010078303654,157,119,29,9,not_evaluated,not_evaluated
That hat makes him look horny.,1.2993630573248407,0.0482123414400231,157,122,23,12,not_evaluated,not_evaluated
"She's no Rhine maiden, I can tell you that for sure.",1.2993630573248407,0.0428307595445227,157,116,35,6,not_evaluated,not_evaluated
I've never seen a Viking chuppah.,1.2993630573248407,0.0428307595445227,157,116,35,6,not_evaluated,not_evaluated
"Do you promise to rape, pillage and slay?",1.2993630573248407,0.0456010078303654,157,119,29,9,not_evaluated,not_evaluated
“They met at work. He is the Commissioner for the Department of Housing and Urban Development”,1.2993630573248407,0.0490519029646911,157,123,21,13,not_evaluated,not_evaluated
At least she has the decency not to wear white.,1.2993630573248407,0.0437736596652465,157,117,33,7,not_evaluated,not_evaluated
This is a good break from the last three renaissance weddings I've been to.,1.2985074626865671,0.0462119685599438,134,99,30,5,not_evaluated,not_evaluated
Can't wait 'til they break the glass.,1.2967741935483872,0.0450054165602798,155,117,30,8,not_evaluated,not_evaluated
You thinking what I'm thinking?  How is he going to get the ring on her left hand?,1.2967741935483872,0.0450054165602798,155,117,30,8,not_evaluated,not_evaluated
They’re not wearing underwear.,1.2967741935483872,0.0450054165602798,155,117,30,8,not_evaluated,not_evaluated
I can never remember longship reception etiquette. Do bridesmaids row on the left or right?,1.2967741935483872,0.0459268407396555,155,118,28,9,not_evaluated,not_evaluated
I always cry when they lock horns.,1.2967741935483872,0.0450054165602798,155,117,30,8,not_evaluated,not_evaluated
"If he doesn't hold her, she'll halve him.",1.2967741935483872,0.0459268407396555,155,118,28,9,not_evaluated,not_evaluated
The prenup is brutal.,1.2967741935483872,0.0421203748568337,155,114,36,5,not_evaluated,not_evaluated
He met her on a trip to England....,1.2967741935483872,0.0450054165602798,155,117,30,8,not_evaluated,not_evaluated
"I give it five winters, tops.",1.2967741935483872,0.0421203748568337,155,114,36,5,not_evaluated,not_evaluated
"Quick, the nose ring.",1.2967741935483872,0.040081811547851,155,112,40,3,not_evaluated,not_evaluated
Not only the good ones are gone.,1.2967741935483872,0.0450054165602798,155,117,30,8,not_evaluated,not_evaluated
"Stacy is keeping her maiden name, I mean she's not in the stone ages...",1.2967741935483872,0.0411137300365561,155,113,38,4,not_evaluated,not_evaluated
"Oh, she married a Norse, not a nurse!",1.2967741935483872,0.0459268407396555,155,118,28,9,not_evaluated,not_evaluated
"They've taken this ""23 & me"" thing a bit too far,don't you think?",1.2967741935483872,0.0477163395646442,155,120,24,11,not_evaluated,not_evaluated
"I hate to be the one to say it, but I'm not sure they're ready to settle down.",1.2967741935483872,0.0485863791819251,155,121,22,12,not_evaluated,not_evaluated
Let me guess...they're going on a Viking cruise for their honeymoon!,1.2967741935483872,0.0411137300365561,155,113,38,4,not_evaluated,not_evaluated
I am okay with the theme so long as we get cake and don’t have to eat roadkill.,1.2967741935483872,0.0459268407396555,155,118,28,9,not_evaluated,not_evaluated
The gall of her -- dressed like that and making us wear these awful bridesmaid's dresses.,1.2967741935483872,0.0450054165602798,155,117,30,8,not_evaluated,not_evaluated
They're rented.  All his groomsmen were slain by the Irish.,1.2967741935483872,0.0494411106526864,155,122,20,13,not_evaluated,not_evaluated
They’re going to plunder Europe for the Honeymoon.,1.2967741935483872,0.0459268407396555,155,118,28,9,not_evaluated,not_evaluated
”You May now fight to the death.,1.2967741935483872,0.0468301385956422,155,119,26,10,not_evaluated,not_evaluated
"A little jazz, a little Ring Cycle--not your everyday theme wedding, is it?!",1.2967741935483872,0.0440647289700383,155,116,32,7,not_evaluated,not_evaluated
They met on NobleSavages.com.,1.2967741935483872,0.0459268407396555,155,118,28,9,not_evaluated,not_evaluated
The bridal registry suggested all Viking appliances.,1.2967741935483872,0.0450054165602798,155,117,30,8,not_evaluated,not_evaluated
Another Episcopalian Mixed Marriage,1.2945205479452055,0.0487615235648597,146,113,23,10,not_evaluated,not_evaluated
"It's like Tinder, but for weirdos",1.2945205479452055,0.04471904443532,146,109,31,6,not_evaluated,not_evaluated
So much for an open bar. Looks like mead out of a horn!,1.2945205479452055,0.04471904443532,146,109,31,6,not_evaluated,not_evaluated
Thank God they decided against Naked and Afraid.,1.2945205479452055,0.04471904443532,146,109,31,6,not_evaluated,not_evaluated
His ManPurse makes the outfit.,1.2945205479452055,0.0457631538084701,146,110,29,7,not_evaluated,not_evaluated
Not looking forward to the 'no utensil' rule at the reception.,1.2945205479452055,0.0467839668881044,146,111,27,8,not_evaluated,not_evaluated
"I don't care if it does look like a sack, for what I paid for this dress - I'm so wearing it again!",1.2945205479452055,0.0414291322783792,146,106,37,3,not_evaluated,not_evaluated
I thought you said they grew out of it when they were kids!,1.2945205479452055,0.0467839668881044,146,111,27,8,not_evaluated,not_evaluated
Would you believe this is my third Hägar the Horrible themed wedding this summer?,1.2945205479452055,0.0436499670551831,146,108,33,5,not_evaluated,not_evaluated
She did not tell us about the Viking marriage theme just to humiliate us.  It is like middle school all over again!,1.2945205479452055,0.047782976770779,146,112,25,9,not_evaluated,not_evaluated
I just love her gown's plundering neckline.,1.2941176470588236,0.0453195975491155,153,116,29,8,not_evaluated,not_evaluated
"I'm just glad there is an open bar.""",1.2941176470588236,0.0480818454099914,153,119,23,11,not_evaluated,not_evaluated
It does take nerve to wear LL Bean duck boot knockoffs.,1.2941176470588236,0.0453195975491155,153,116,29,8,not_evaluated,not_evaluated
So  quaint. He’s still horny.,1.2941176470588236,0.0462586773915911,153,117,27,9,not_evaluated,not_evaluated
Only true opera buffs could interpret The Ring this literally.,1.2941176470588236,0.0480818454099914,153,119,23,11,not_evaluated,not_evaluated
Their funerals should be fun,1.2941176470588236,0.0423776826407165,153,113,35,5,not_evaluated,not_evaluated
"I'm confuced,
Is she a coverted Hun or is he  converted Visigoth?",1.2941176470588236,0.0489679810696317,153,120,21,12,not_evaluated,not_evaluated
"He killed the best man, so you’ll  be going stag to the reception.",1.2941176470588236,0.0433804944416588,153,114,33,6,not_evaluated,not_evaluated
I heard The Pillage People are playing the reception.,1.2941176470588236,0.0453195975491155,153,116,29,8,not_evaluated,not_evaluated
I give it two raids.,1.2941176470588236,0.0462586773915911,153,117,27,9,not_evaluated,not_evaluated
Who knew Pillage.com had a dating app?,1.2941176470588236,0.0433804944416588,153,114,33,6,not_evaluated,not_evaluated
"Brenda always preferred pillaging to partying""",1.2941176470588236,0.0462586773915911,153,117,27,9,not_evaluated,not_evaluated
You may now head butt the bride.,1.2941176470588236,0.0480818454099914,153,119,23,11,not_evaluated,not_evaluated
I HAVE to find out where she bought those shoes.,1.2941176470588236,0.0489679810696317,153,120,21,12,not_evaluated,not_evaluated
Did you remember to put the “Just Married” sign on the back of their longboat?,1.2941176470588236,0.0423776826407165,153,113,35,5,not_evaluated,not_evaluated
They wanted to be ready for any objectors.,1.2941176470588236,0.0462586773915911,153,117,27,9,not_evaluated,not_evaluated
I am not looking forward to the garter toss.,1.2941176470588236,0.0433804944416588,153,114,33,6,not_evaluated,not_evaluated
"And do you promise to love, honor, and not bludgeon each other to death?",1.2941176470588236,0.0480818454099914,153,119,23,11,not_evaluated,not_evaluated
You should have seen what they wore to the rehearsal dinner.,1.2933333333333332,0.0418227501609067,150,110,36,4,not_evaluated,not_evaluated
When did she convert?,1.2933333333333332,0.0449176892422189,150,113,30,7,not_evaluated,not_evaluated
It'll never last. He travels a lot for work.,1.2933333333333332,0.0418227501609067,150,110,36,4,not_evaluated,not_evaluated
"I hope you like ""Smorgasbord"".",1.2932330827067668,0.0498139108136588,133,102,23,8,not_evaluated,not_evaluated
It’s so cute when she calls him Hunny.,1.2913907284768211,0.0405147932795184,151,110,38,3,not_evaluated,not_evaluated
"God, everything these days is Scandinavian chic.",1.2913907284768211,0.0465966715440644,151,116,26,9,not_evaluated,not_evaluated
You may wrestle the bride.,1.2913907284768211,0.0456393424386775,151,115,28,8,not_evaluated,not_evaluated
She always said she wanted a Viking in the kitchen.,1.2913907284768211,0.0456393424386775,151,115,28,8,not_evaluated,not_evaluated
I don't think they will have a Vegan option at the reception.,1.2913907284768211,0.0475347243574208,151,117,24,10,not_evaluated,not_evaluated
At least we know it’s not a shotgun wedding,1.2913907284768211,0.0436617582872445,151,113,32,6,not_evaluated,not_evaluated
That hemline. She always had a great eye for fashion.,1.2913907284768211,0.0426385848262253,151,112,34,5,not_evaluated,not_evaluated
They met on a cruise.  He rowed. She mended the sail.,1.2913907284768211,0.0436617582872445,151,113,32,6,not_evaluated,not_evaluated
"If I see a sacrificial fertility goat, I'm walking out.",1.2913907284768211,0.0465966715440644,151,116,26,9,not_evaluated,not_evaluated
I still think the mace would have gone better with that dress than the sword.,1.2913907284768211,0.0415902475976359,151,111,36,4,not_evaluated,not_evaluated
"And do you, Ivanka, take this Great American to be your husband?",1.2913907284768211,0.0493573749427284,151,119,20,12,not_evaluated,not_evaluated
At least we know why the gift registry specified Viking.,1.2913907284768211,0.0456393424386775,151,115,28,8,not_evaluated,not_evaluated
I hope they don't already have a toaster.,1.2913907284768211,0.0475347243574208,151,117,24,10,not_evaluated,not_evaluated
They're gonna explore America for their honeymoon.,1.2913907284768211,0.0456393424386775,151,115,28,8,not_evaluated,not_evaluated
Just be happy they aren't Bears fans Monica.,1.2913907284768211,0.0465966715440644,151,116,26,9,not_evaluated,not_evaluated
I gave 10 pelts,1.2913907284768211,0.0446614974836751,151,114,30,7,not_evaluated,not_evaluated
"How about that, a vow to never again use deodorant.",1.2913907284768211,0.0465966715440644,151,116,26,9,not_evaluated,not_evaluated
I'm gonna pillage one of those groomsmen.,1.2913907284768211,0.0465966715440644,151,116,26,9,not_evaluated,not_evaluated
This wasn't her wedding day fantasy when we were teenagers.,1.2913907284768211,0.0493573749427284,151,119,20,12,not_evaluated,not_evaluated
I wish he hadn't eaten the flower girls.,1.2913907284768211,0.0493573749427284,151,119,20,12,not_evaluated,not_evaluated
"They really ran with this Minnesota football thing, huh?",1.2913907284768211,0.0436617582872445,151,113,32,6,not_evaluated,not_evaluated
"On the other hand, they're both adept at writing code""",1.2913907284768211,0.0456393424386775,151,115,28,8,not_evaluated,not_evaluated
I'll bet their limo is out back eating hay.,1.2913907284768211,0.0456393424386775,151,115,28,8,not_evaluated,not_evaluated
I can’t believe they went with spats.,1.2913907284768211,0.0446614974836751,151,114,30,7,not_evaluated,not_evaluated
Do you think he’s good in the ransack?,1.2913907284768211,0.0465966715440644,151,116,26,9,not_evaluated,not_evaluated
They wanted it to be both traditional AND progressive.,1.2913907284768211,0.0426385848262253,151,112,34,5,not_evaluated,not_evaluated
I'm outta here when she turns around and throws the sword.,1.2913907284768211,0.0446614974836751,151,114,30,7,not_evaluated,not_evaluated
She's always had a thing for the 'bad boy' type.,1.2913907284768211,0.0465966715440644,151,116,26,9,not_evaluated,not_evaluated
They're going to rediscover America for their honeymoon!,1.2913907284768211,0.0456393424386775,151,115,28,8,not_evaluated,not_evaluated
If only we didn't have to hold these thistle bouquets.,1.2913907284768211,0.0446614974836751,151,114,30,7,not_evaluated,not_evaluated
"The reception buffet is 'Norvegan.'""",1.2905405405405406,0.0462347487596109,148,113,27,8,not_evaluated,not_evaluated
I hear they’re going to pillage in Hawaii.,1.2905405405405406,0.0472184355545753,148,114,25,9,not_evaluated,not_evaluated
You may now club the bride.,1.2905405405405406,0.0481820435388414,148,115,23,10,not_evaluated,not_evaluated
The honeymoon will be with a Viking crew not on a Viking cruise.,1.2905405405405406,0.0481820435388414,148,115,23,10,not_evaluated,not_evaluated
I thought she said they were going hiking on their honeymoon.,1.2905405405405406,0.045229673108559,148,112,29,7,not_evaluated,not_evaluated
At least they don't have tattoos.,1.2905405405405406,0.0431493453344618,148,110,33,5,not_evaluated,not_evaluated
"This isn't what I thought when they said, ""Traditional Attire"".",1.2905405405405406,0.0420706232356428,148,109,35,4,not_evaluated,not_evaluated
After this they're going to pillage the reception across the street.,1.2905405405405406,0.0462347487596109,148,113,27,8,not_evaluated,not_evaluated
Check that sword.  She''l be wearing the codpiece in that marriage.,1.2905405405405406,0.0500536376929118,148,117,19,12,not_evaluated,not_evaluated
I heard we're eating mutton,1.2905405405405406,0.0481820435388414,148,115,23,10,not_evaluated,not_evaluated
"I love the part where they promise to burn, pillage and loot till death do they part.",1.2905405405405406,0.0442017495824529,148,111,31,6,not_evaluated,not_evaluated
I wish they'd converted to Christianity before they burnt down the church.,1.2905405405405406,0.045229673108559,148,112,29,7,not_evaluated,not_evaluated
I now pronounce you goth and visigoth. You may pillage and burn.,1.2905405405405406,0.0462347487596109,148,113,27,8,not_evaluated,not_evaluated
They met at MOMA. Go figure.,1.2905405405405406,0.045229673108559,148,112,29,7,not_evaluated,not_evaluated
I wonder where they’re raiding on their honeymoon.,1.2905405405405406,0.0442017495824529,148,111,31,6,not_evaluated,not_evaluated
It's a pity that Helga slayed the groomsman at the rehearsal.,1.2905405405405406,0.045229673108559,148,112,29,7,not_evaluated,not_evaluated
I do.. All though I probably shouldn't.,1.2905405405405406,0.0472184355545753,148,114,25,9,not_evaluated,not_evaluated
I can't believe they're wearing fanny packs at the altar.,1.2905405405405406,0.0462347487596109,148,113,27,8,not_evaluated,not_evaluated
"I don’t know if it’s re-enactment, pre-enactment, or just dumb.",1.2905405405405406,0.0472184355545753,148,114,25,9,not_evaluated,not_evaluated
Are you staying after the ceremony for the for the looting and pillaging?,1.2905405405405406,0.0420706232356428,148,109,35,4,not_evaluated,not_evaluated
It was war at first sight,1.2905405405405406,0.0472184355545753,148,114,25,9,not_evaluated,not_evaluated
I think she went for the guy with the biggest horns.,1.2905405405405406,0.0500536376929118,148,117,19,12,not_evaluated,not_evaluated
I wonder when the ring cycle is going to be over.,1.2887323943661972,0.0464298103757555,142,108,27,7,not_evaluated,not_evaluated
"Well, they did say it would be an old-fashioned wedding.",1.2887323943661972,0.0464298103757555,142,108,27,7,not_evaluated,not_evaluated
They plan to pillage and plunder for a whole year before starting a family.,1.2876712328767124,0.0444978322194829,146,110,30,6,not_evaluated,not_evaluated
Check out that rock!,1.2876712328767124,0.0485587305990539,146,114,22,10,not_evaluated,not_evaluated
That's really clever - A yarmulkah that doubles as a coat rack.,1.2876712328767124,0.0465725637560611,146,112,26,8,not_evaluated,not_evaluated
Isn't this carrying their paleo diet a little too far?,1.2876712328767124,0.0434233089589416,146,109,32,5,not_evaluated,not_evaluated
They met last year at the Met Gala,1.2876712328767124,0.0495219509781375,146,115,20,11,not_evaluated,not_evaluated
And for their honeymoon they're going to loot the Saxons,1.2876712328767124,0.0465725637560611,146,112,26,8,not_evaluated,not_evaluated
So...the Saga begins,1.2876712328767124,0.0444978322194829,146,110,30,6,not_evaluated,not_evaluated
"She says they met on that new Pillage & Plunder theme dating site.  He gets to be Thor tonight but we all know who going to really be ""Thor"" tomorrow.",1.2876712328767124,0.0485587305990539,146,114,22,10,not_evaluated,not_evaluated
"It won’t last, they are always competing,",1.2876712328767124,0.0434233089589416,146,109,32,5,not_evaluated,not_evaluated
The reception being at Comic-Con makes sense now.,1.2876712328767124,0.0465725637560611,146,112,26,8,not_evaluated,not_evaluated
If anyone objects to this man Hägar taking this woman Helga to be his lawfully wedded wife speak now at your own peril.,1.2876712328767124,0.0455470128935237,146,111,28,7,not_evaluated,not_evaluated
She’s gonna introduce me to his brother. I heard he looks just like Thor.,1.2876712328767124,0.0475760129277553,146,113,24,9,not_evaluated,not_evaluated
This whole time I thought they had met through her *biking* club.,1.2876712328767124,0.0455470128935237,146,111,28,7,not_evaluated,not_evaluated
"And do you, take Bob, house of Humdrum, rightful heir to the framed jerseys, elder man of the golden beerbong, doer of many things, loudest snorer in the seven kingdoms, loudest belcher in the great hall to love and to cherish until death do you part",1.2876712328767124,0.0455470128935237,146,111,28,7,not_evaluated,not_evaluated
They're very old-fashioned.,1.2876712328767124,0.0465725637560611,146,112,26,8,not_evaluated,not_evaluated
I can't believe they made us wear these ridiculous outfits.,1.2876712328767124,0.0465725637560611,146,112,26,8,not_evaluated,not_evaluated
It's my first time at one of these- when do we send them off in a flaming boat?,1.2876712328767124,0.0444978322194829,146,110,30,6,not_evaluated,not_evaluated
Norseman? I thought you said he was a horse man.,1.2847222222222223,0.0458698143058867,144,110,27,7,not_evaluated,not_evaluated
Speak now and forever rest in peace.,1.2847222222222223,0.0469165744868658,144,111,25,8,not_evaluated,not_evaluated
These Vikings fans carry it a little too far.,1.2847222222222223,0.0469165744868658,144,111,25,8,not_evaluated,not_evaluated
"They agreed to omit ""obey"" for obvious reasons.",1.2847222222222223,0.0437011403764974,144,108,31,5,not_evaluated,not_evaluated
I give it one ár.,1.2847222222222223,0.0437011403764974,144,108,31,5,not_evaluated,not_evaluated
Hope she doesn't slay him until after my aria.,1.2847222222222223,0.0458698143058867,144,110,27,7,not_evaluated,not_evaluated
They met on a Norwegian cruise for single pillagers.,1.2847222222222223,0.0447986022921634,144,109,29,6,not_evaluated,not_evaluated
Valhalla is the ultimate 'fuck you' destination wedding.,1.2847222222222223,0.0458698143058867,144,110,27,7,not_evaluated,not_evaluated
Paleo isn’t for everyone.,1.2847222222222223,0.0469165744868658,144,111,25,8,not_evaluated,not_evaluated
She's taking his name but keeping her own plunder.,1.2847222222222223,0.0458698143058867,144,110,27,7,not_evaluated,not_evaluated
"I'm getting antsy, how long until we ""drink the blood of our ancestors""?",1.2847222222222223,0.0458698143058867,144,110,27,7,not_evaluated,not_evaluated
You may now slay the groom.,1.2847222222222223,0.0469165744868658,144,111,25,8,not_evaluated,not_evaluated
I’m just praying that no one objects...!,1.2847222222222223,0.0447986022921634,144,109,29,6,not_evaluated,not_evaluated
Did you see the tin cans tied to the ship?,1.2847222222222223,0.0437011403764974,144,108,31,5,not_evaluated,not_evaluated
You're so much more evolved than your sister.,1.2847222222222223,0.0479404845481011,144,112,23,9,not_evaluated,not_evaluated
Her 'something pillaged' is so last season.,1.2847222222222223,0.0469165744868658,144,111,25,8,not_evaluated,not_evaluated
It's so romantic. He's sacking Paris for their honeymoon.,1.2847222222222223,0.0447986022921634,144,109,29,6,not_evaluated,not_evaluated
She always had a thing for guys from Minnesota.,1.2847222222222223,0.0447986022921634,144,109,29,6,not_evaluated,not_evaluated
Just stay out of my way when she throws it and nobody will get hurt.,1.2847222222222223,0.0458698143058867,144,110,27,7,not_evaluated,not_evaluated
He was also the first in his extended family to go to college.,1.2847222222222223,0.0469165744868658,144,111,25,8,not_evaluated,not_evaluated
He’s from Minnesota.,1.2847222222222223,0.0437011403764974,144,108,31,5,not_evaluated,not_evaluated
....in famine and in pillage....,1.2847222222222223,0.0447986022921634,144,109,29,6,not_evaluated,not_evaluated
"For the reception, we raid a small village.",1.2847222222222223,0.0437011403764974,144,108,31,5,not_evaluated,not_evaluated
I give it six months before one of them wants to be pushed out to sea.,1.2847222222222223,0.0447986022921634,144,109,29,6,not_evaluated,not_evaluated
We're getting them a Viking range.,1.2847222222222223,0.0458698143058867,144,110,27,7,not_evaluated,not_evaluated
"See, I told you she would wear vintage",1.2847222222222223,0.0437011403764974,144,108,31,5,not_evaluated,not_evaluated
"Actually, I thought the dragon ring bearer was a nice touch.",1.2847222222222223,0.0437011403764974,144,108,31,5,not_evaluated,not_evaluated
Animal skins make me look fat!,1.2847222222222223,0.0437011403764974,144,108,31,5,not_evaluated,not_evaluated
"Well, at least it wasn't a destination wedding!",1.2847222222222223,0.0479404845481011,144,112,23,9,not_evaluated,not_evaluated
They met on a Viking Cruise Ship last summer.,1.2847222222222223,0.0489429786162614,144,113,21,10,not_evaluated,not_evaluated
"And do you Yigvildfr, agree to fight, hunt and gather with Gizurr, for as long as you both survive?",1.2847222222222223,0.0458698143058867,144,110,27,7,not_evaluated,not_evaluated
Ancestry analysis does have consequences.,1.2847222222222223,0.0469165744868658,144,111,25,8,not_evaluated,not_evaluated
Have you ever seen a groom that horny?,1.2847222222222223,0.0437011403764974,144,108,31,5,not_evaluated,not_evaluated
You may now whack the bride.,1.2847222222222223,0.0499253467985643,144,114,19,11,not_evaluated,not_evaluated
I'm more of a Packers fan myself,1.2847222222222223,0.0469165744868658,144,111,25,8,not_evaluated,not_evaluated
I just love Minnesota.,1.2847222222222223,0.0437011403764974,144,108,31,5,not_evaluated,not_evaluated
I give it three pillages.,1.2847222222222223,0.0479404845481011,144,112,23,9,not_evaluated,not_evaluated
"Heads up girls , I heard she’s going to catapult the bouquet.",1.2847222222222223,0.0479404845481011,144,112,23,9,not_evaluated,not_evaluated
You may now maraud the countryside.,1.2847222222222223,0.0479404845481011,144,112,23,9,not_evaluated,not_evaluated
Viking weddings are so... yesterday.,1.2847222222222223,0.0499253467985643,144,114,19,11,not_evaluated,not_evaluated
"If anyone objects to this union, please say so now--before your tongue is cut from your throat, sliced, and served at the reception.",1.2847222222222223,0.0479404845481011,144,112,23,9,not_evaluated,not_evaluated
"And now, the bride and groom will exchange thrusts and parries.",1.2847222222222223,0.0447986022921634,144,109,29,6,not_evaluated,not_evaluated
The reception should be fun.,1.2847222222222223,0.0437011403764974,144,108,31,5,not_evaluated,not_evaluated
And I said the bride's maids' dresses were too retro!,1.2847222222222223,0.0479404845481011,144,112,23,9,not_evaluated,not_evaluated
Who would have guessed they met through JDate?,1.2847222222222223,0.0499253467985643,144,114,19,11,not_evaluated,not_evaluated
I give it one conquest.,1.2847222222222223,0.0458698143058867,144,110,27,7,not_evaluated,not_evaluated
"You’re the oldest, so I’ll let you catch the bride’s sword.",1.2847222222222223,0.0458698143058867,144,110,27,7,not_evaluated,not_evaluated
It’s my first paleo wedding.,1.2847222222222223,0.0437011403764974,144,108,31,5,not_evaluated,not_evaluated
Only in Minnesota.,1.2847222222222223,0.0458698143058867,144,110,27,7,not_evaluated,not_evaluated
"...In famine and in gluttony, in sacking and in restoration...",1.2847222222222223,0.0479404845481011,144,112,23,9,not_evaluated,not_evaluated
"Well, she did say we should all go retro, but I didn't realize how far back her idea of retro extended.",1.2847222222222223,0.0458698143058867,144,110,27,7,not_evaluated,not_evaluated
I believe I’ll skip the bridal bouquet toss,1.2847222222222223,0.0489429786162614,144,113,21,10,not_evaluated,not_evaluated
Kick that Starbucks cup away,1.2847222222222223,0.0447986022921634,144,109,29,6,not_evaluated,not_evaluated
At least it's better than when she was dating the Phillies fan!,1.2847222222222223,0.0479404845481011,144,112,23,9,not_evaluated,not_evaluated
"So charming their vow to love, honor, and plunder.",1.2847222222222223,0.0479404845481011,144,112,23,9,not_evaluated,not_evaluated
Til death and a flaming arrow into a boat do you part.,1.2847222222222223,0.0458698143058867,144,110,27,7,not_evaluated,not_evaluated
They couldn’t fjord a tuxedo.,1.2847222222222223,0.0479404845481011,144,112,23,9,not_evaluated,not_evaluated
They met at some football game in Minnesota.,1.2847222222222223,0.0458698143058867,144,110,27,7,not_evaluated,not_evaluated
"Apparently, he just swiped right on ValhallaVixens and the rest is history...",1.2847222222222223,0.0489429786162614,144,113,21,10,not_evaluated,not_evaluated
"You know what, Inga? I also hope that you catch the sword.",1.2847222222222223,0.0469165744868658,144,111,25,8,not_evaluated,not_evaluated
Fanny packs? Really?,1.2847222222222223,0.0499253467985643,144,114,19,11,not_evaluated,not_evaluated
She's just marrying him for his plunder.,1.2847222222222223,0.0458698143058867,144,110,27,7,not_evaluated,not_evaluated
I never thought they'd get past the mortal combat phase.,1.2847222222222223,0.0479404845481011,144,112,23,9,not_evaluated,not_evaluated
"Personally, I prefer a Viking Funeral.",1.2847222222222223,0.0458698143058867,144,110,27,7,not_evaluated,not_evaluated
I'm told they'll invade Scotland for their honeymoon.,1.2847222222222223,0.0469165744868658,144,111,25,8,not_evaluated,not_evaluated
Are you going to the skull bashing?,1.2847222222222223,0.0499253467985643,144,114,19,11,not_evaluated,not_evaluated
It's so romantic.  They're going on a Viking cruise.,1.2847222222222223,0.0479404845481011,144,112,23,9,not_evaluated,not_evaluated
"As soon as this is over, I'm going to pillage the buffet. You with me?",1.2847222222222223,0.0479404845481011,144,112,23,9,not_evaluated,not_evaluated
"...in sickness and in health, hmmm - let's skip this ""until death do us part"" bit",1.2847222222222223,0.0447986022921634,144,109,29,6,not_evaluated,not_evaluated
"You think this is bad, I had to sit through her Mom's funeral",1.2847222222222223,0.0479404845481011,144,112,23,9,not_evaluated,not_evaluated
i hear she converted.,1.2847222222222223,0.0479404845481011,144,112,23,9,not_evaluated,not_evaluated
They met on Christian Mingle.,1.2847222222222223,0.0479404845481011,144,112,23,9,not_evaluated,not_evaluated
Their pillaging style is totally different. I guess opposites do attract.,1.2847222222222223,0.0447986022921634,144,109,29,6,not_evaluated,not_evaluated
When did they change it to a themed wedding?,1.2847222222222223,0.0425753986837614,144,107,33,4,not_evaluated,not_evaluated
Getting married is all about the cutlery.,1.2847222222222223,0.0458698143058867,144,110,27,7,not_evaluated,not_evaluated
They couldn’t afford a real destination wedding.,1.2847222222222223,0.0479404845481011,144,112,23,9,not_evaluated,not_evaluated
"Apparently, the groom is from Minnesota",1.2847222222222223,0.0458698143058867,144,110,27,7,not_evaluated,not_evaluated
She’s not the type to sit at home while he goes out raping and pillaging.,1.2847222222222223,0.0469165744868658,144,111,25,8,not_evaluated,not_evaluated
She thinks he'll settle down and only pillage,1.2847222222222223,0.0469165744868658,144,111,25,8,not_evaluated,not_evaluated
Who knew this would lead to when she took up fencing at Wellsley.,1.2847222222222223,0.0458698143058867,144,110,27,7,not_evaluated,not_evaluated
I got them a boulder for the man cave.,1.2847222222222223,0.0437011403764974,144,108,31,5,not_evaluated,not_evaluated
They met at a Halloween party in Minnesota. The rest is history.,1.2847222222222223,0.0447986022921634,144,109,29,6,not_evaluated,not_evaluated
Did they gird their loins?,1.2847222222222223,0.0458698143058867,144,110,27,7,not_evaluated,not_evaluated
"I now pronounce you man and wife. You may club the bride.""",1.2847222222222223,0.0479404845481011,144,112,23,9,not_evaluated,not_evaluated
They met at a Vikings game and it changed their lives.,1.2847222222222223,0.0469165744868658,144,111,25,8,not_evaluated,not_evaluated
For better or Thor worse . . . .,1.2847222222222223,0.0479404845481011,144,112,23,9,not_evaluated,not_evaluated
They met on a Viking river tour.,1.2847222222222223,0.0437011403764974,144,108,31,5,not_evaluated,not_evaluated
"No wonder there was so much Viking cutlery on the gift registry.""",1.2847222222222223,0.0447986022921634,144,109,29,6,not_evaluated,not_evaluated
"Since she converted, she really dresses the part.",1.2847222222222223,0.0458698143058867,144,110,27,7,not_evaluated,not_evaluated
I hear the honeymoon is on one of those “riverboat” cruises.,1.2847222222222223,0.0447986022921634,144,109,29,6,not_evaluated,not_evaluated
I was thinking Vikingmatch.com was way too niche...,1.2847222222222223,0.0479404845481011,144,112,23,9,not_evaluated,not_evaluated
They had the best man at the rehearsal dinner.,1.2847222222222223,0.0469165744868658,144,111,25,8,not_evaluated,not_evaluated
It's about time they stopped raiding and settled down.,1.284671532846715,0.0462748257782121,137,104,27,6,not_evaluated,not_evaluated
She was looking for a guy who was horny.,1.284671532846715,0.0507023503264591,137,108,19,10,not_evaluated,not_evaluated
And do you Hägar take Helga to be . . .,1.283687943262411,0.0475608085518587,141,109,24,8,not_evaluated,not_evaluated
If any of you has a reason why these two should not be married it shall be settled by joust in the reception tent.,1.2816901408450705,0.0483120301873452,142,111,22,9,not_evaluated,not_evaluated
I wish she'd just hurry up and sing.,1.2816901408450705,0.046198181989001,142,109,26,7,not_evaluated,not_evaluated
"If anyone objects to this marriage, demand ritualistic combat now.",1.2816901408450705,0.0483120301873452,142,111,22,9,not_evaluated,not_evaluated
"Honey, a black minister? I hope he doesn’t feel out of place.",1.2816901408450705,0.0493350015880206,142,112,20,10,not_evaluated,not_evaluated
"It was love on first invasion...""
""Brenda...""
""They're r-a-i-d-iant""
""Stop it.",1.2816901408450705,0.0483120301873452,142,111,22,9,not_evaluated,not_evaluated
Her ex was a Packers fan.,1.2816901408450705,0.0451041228517063,142,108,28,6,not_evaluated,not_evaluated
"He's the new general manager for the Minnesota Vikings, I hear.",1.2816901408450705,0.0451041228517063,142,108,28,6,not_evaluated,not_evaluated
"If anyone has reason for these two not to wed; please don’t speak, you’ll regret it.",1.2816901408450705,0.0483120301873452,142,111,22,9,not_evaluated,not_evaluated
"""Yes, that was his vow - 'I drink and I know things.'",1.2816901408450705,0.046198181989001,142,109,26,7,not_evaluated,not_evaluated
"Always the bridesmaid, never the sacrifice.",1.2816901408450705,0.04043292488497,142,104,36,2,not_evaluated,not_evaluated
How do you “speak now” in Old Norse?,1.2816901408450705,0.046198181989001,142,109,26,7,not_evaluated,not_evaluated
Fucking Tinder!,1.2816901408450705,0.0513198073206056,142,114,16,12,not_evaluated,not_evaluated
"When he says “speak now or forever your peace,” hold your peace.",1.2816901408450705,0.0428322501917389,142,106,32,4,not_evaluated,not_evaluated
They met on a Viking Cruise.,1.2805755395683454,0.0468247063041393,139,107,25,7,not_evaluated,not_evaluated
"You know, I'm the one who kept telling her, 'Hägar isn't THAT horrible'.",1.2805755395683454,0.0468247063041393,139,107,25,7,not_evaluated,not_evaluated
I now pronounce you anything you want please don't kill me.,1.2805755395683454,0.0468247063041393,139,107,25,7,not_evaluated,not_evaluated
"I suggestes Mediterranean but no, they had to go Paleo.",1.2805755395683454,0.0479251242567425,139,108,23,8,not_evaluated,not_evaluated
"To save money on the reception, instead of catering, we’ll be pillaging the Olive Garden.",1.2805755395683454,0.049000836213064,139,109,21,9,not_evaluated,not_evaluated
"They met ransacking Paris, the City of Love.",1.2805755395683454,0.0520948672447244,139,112,15,12,not_evaluated,not_evaluated
"They're both hunters, it won't last.",1.2805755395683454,0.0456977976046285,139,106,27,6,not_evaluated,not_evaluated
"Classic us, Helga: always the shieldwench, never the shieldmaiden.",1.2805755395683454,0.0456977976046285,139,106,27,6,not_evaluated,not_evaluated
I wish I'D thought of walking down the aisle to the wailing of my enemies.,1.2805755395683454,0.0468247063041393,139,107,25,7,not_evaluated,not_evaluated
"He plays for Minnesota, and she was a Green Bay cheerleader. It was part of the prenuptial agreement.",1.2794117647058822,0.049717257725566,136,107,20,9,not_evaluated,not_evaluated
She landed a great catch: Thor is a Wall Street raider.,1.2773722627737227,0.0482963593032787,137,107,22,8,not_evaluated,not_evaluated
"If this is an authentic Viking Wedding then
why are the groomsmen in tuxes?",1.2773722627737227,0.0460201467624762,137,105,26,6,not_evaluated,not_evaluated
There originally from Minnesota.,1.2773722627737227,0.0493951468153215,137,108,20,9,not_evaluated,not_evaluated
Plundering and pillaging together sounds so romantic.,1.2773722627737227,0.0448387299227361,137,104,28,5,not_evaluated,not_evaluated
It was love at first fight.,1.2773722627737227,0.0448387299227361,137,104,28,5,not_evaluated,not_evaluated
"...for better, for Norse...",1.2773722627737227,0.0482963593032787,137,107,22,8,not_evaluated,not_evaluated
Gretel is the only girl around here who can really tame him.,1.2773722627737227,0.0471719844292735,137,106,24,7,not_evaluated,not_evaluated
"Remember when Bob Mankoff bought funny cartoons for the magazine ?""",1.2773722627737227,0.0493951468153215,137,108,20,9,not_evaluated,not_evaluated
Heads up when she tosses the bouquet.,1.2773722627737227,0.0448387299227361,137,104,28,5,not_evaluated,not_evaluated
Now I see why they said not to play the Mendelssohn.,1.2773722627737227,0.0436253308770065,137,103,30,4,not_evaluated,not_evaluated
I now pronounce you Atilla and Hun,1.2773722627737227,0.0448387299227361,137,104,28,5,not_evaluated,not_evaluated
It started with the Paleo diet and now they live in a cave and hunt all of their food,1.2773722627737227,0.0471719844292735,137,106,24,7,not_evaluated,not_evaluated
Costumes. Another reason to hate destination weddings.,1.2773722627737227,0.0493951468153215,137,108,20,9,not_evaluated,not_evaluated
"Apparently, in the rehearsal  nobody told the best man that human sacrifice was a sign of good fortune in Viking weddings, so I’m sorry we are short one male in the wedding party",1.2773722627737227,0.0448387299227361,137,104,28,5,not_evaluated,not_evaluated
"If Trump's 4th wife is Elizabeth Warren, I'll vote for him in 2020.",1.2773722627737227,0.0504700181876621,137,109,18,10,not_evaluated,not_evaluated
"Yes, this is an unorthodox congregation albeit with traditional overtones.",1.2773722627737227,0.0460201467624762,137,105,26,6,not_evaluated,not_evaluated
You really do go in with your eyes open the second time around.,1.2773722627737227,0.0504700181876621,137,109,18,10,not_evaluated,not_evaluated
Bridesmaid: 'Why'd they make us wear these weird outfits?!',1.2773722627737227,0.0493951468153215,137,108,20,9,not_evaluated,not_evaluated
I hope the wedding planner remembered to pillage some vegan dinner options.,1.2773722627737227,0.0460201467624762,137,105,26,6,not_evaluated,not_evaluated
They're trying to prove a point to their parents that they can make it work.,1.2773722627737227,0.0471719844292735,137,106,24,7,not_evaluated,not_evaluated
Blessings on your heads . . . and any other heads you might acquire.,1.2773722627737227,0.0471719844292735,137,106,24,7,not_evaluated,not_evaluated
"She promised to love, honor, and cosplay.",1.2773722627737227,0.0471719844292735,137,106,24,7,not_evaluated,not_evaluated
The belt bags are Gucci.,1.2773722627737227,0.0460201467624762,137,105,26,6,not_evaluated,not_evaluated
"If Fred knew they were going to behead him, he would have held his peace.",1.2773722627737227,0.0460201467624762,137,105,26,6,not_evaluated,not_evaluated
Those that live by the sword get their guy by the sword.,1.2773722627737227,0.0471719844292735,137,106,24,7,not_evaluated,not_evaluated
They wrote their own vows. This could get messy.,1.2773722627737227,0.0448387299227361,137,104,28,5,not_evaluated,not_evaluated
I now pronounce you...whatever it is you two are going for here.,1.2773722627737227,0.0460201467624762,137,105,26,6,not_evaluated,not_evaluated
Nothing like a really old-fashioned wedding !,1.2773722627737227,0.0448387299227361,137,104,28,5,not_evaluated,not_evaluated
She made us wear these fancy bridesmaid dresses and she shows up in that?,1.2773722627737227,0.0471719844292735,137,106,24,7,not_evaluated,not_evaluated
I love these retro Jewish weddings!,1.2773722627737227,0.0493951468153215,137,108,20,9,not_evaluated,not_evaluated
"The weapons are a nice touch, but the matching plunder pouches are just too cute",1.2773722627737227,0.0448387299227361,137,104,28,5,not_evaluated,not_evaluated
I’m planning on leaving right before she throws the sword.,1.2773722627737227,0.0436253308770065,137,103,30,4,not_evaluated,not_evaluated
And I now pronounce you husband and wife... until one of you get a real job and stop the illusion of thinking that life could be an eternal geek fair.,1.2773722627737227,0.0493951468153215,137,108,20,9,not_evaluated,not_evaluated
At least it's not Star Wars like the last three dudes she married.,1.2773722627737227,0.0493951468153215,137,108,20,9,not_evaluated,not_evaluated
"She said she was dating a guy named Thor, but this is ridiculous.",1.2773722627737227,0.0460201467624762,137,105,26,6,not_evaluated,not_evaluated
"Funny thing is, she broke off her last relationship because she said she couldn’t take his toxic masculinity.",1.2773722627737227,0.0448387299227361,137,104,28,5,not_evaluated,not_evaluated
"I mean I get the idea of theme weddings, but I just wish they had told the rest of us.",1.2773722627737227,0.0448387299227361,137,104,28,5,not_evaluated,not_evaluated
If I were the bride I'd demand a prenup in event of decapitation.,1.2773722627737227,0.0471719844292735,137,106,24,7,not_evaluated,not_evaluated
"I'm going along with it - but if there are no eating utensils at the reception, I'm out of here.",1.2773722627737227,0.0410911800781718,137,101,34,2,not_evaluated,not_evaluated
Is Viking cuisine the same as Paleo?,1.2773722627737227,0.0471719844292735,137,106,24,7,not_evaluated,not_evaluated
Tossing of the sword should be fun,1.2773722627737227,0.0436253308770065,137,103,30,4,not_evaluated,not_evaluated
She swore to me she'd never go on another of those damned cruises.,1.2773722627737227,0.0448387299227361,137,104,28,5,not_evaluated,not_evaluated
"They fight out the ""obey"" bit later.",1.2773722627737227,0.0460201467624762,137,105,26,6,not_evaluated,not_evaluated
In sickness and health. In war and in peace.,1.2773722627737227,0.0448387299227361,137,104,28,5,not_evaluated,not_evaluated
I'm glad they raided until they both were ready,1.2773722627737227,0.0471719844292735,137,106,24,7,not_evaluated,not_evaluated
"Ever since 23andMe, he has taken this
whole Viking thing WAY too far.",1.2773722627737227,0.0482963593032787,137,107,22,8,not_evaluated,not_evaluated
They're going to pillage London on their honeymoon.,1.2773722627737227,0.0436253308770065,137,103,30,4,not_evaluated,not_evaluated
"...for richer or poorer, for better or Norse....",1.2773722627737227,0.0482963593032787,137,107,22,8,not_evaluated,not_evaluated
The vow to slaughter their enemies is touching.,1.2773722627737227,0.0460201467624762,137,105,26,6,not_evaluated,not_evaluated
They met on the Paleo Diet site,1.2773722627737227,0.0493951468153215,137,108,20,9,not_evaluated,not_evaluated
"For their honeymoon, they're going to pillage England, Wales and Ireland.",1.274074074074074,0.0451392166647678,135,103,27,5,not_evaluated,not_evaluated
"If he didn't marry her, her dad was going to bring the hammer down.",1.274074074074074,0.0451392166647678,135,103,27,5,not_evaluated,not_evaluated
You should have seen her bachelorette party.,1.274074074074074,0.0463476774026746,135,104,25,6,not_evaluated,not_evaluated
Aren't the cell phone fanny packs a bit of an anachronism?,1.274074074074074,0.0438975006303925,135,102,29,4,not_evaluated,not_evaluated
"Always a bridesmaid, never Brunhilde.",1.274074074074074,0.0438975006303925,135,102,29,4,not_evaluated,not_evaluated
Pillaging starts at seven.,1.274074074074074,0.0463476774026746,135,104,25,6,not_evaluated,not_evaluated
At least they backed off on their request for dragons.,1.274074074074074,0.0475254197260365,135,105,23,7,not_evaluated,not_evaluated
"I take thee to be my lawfully wedded wife, in fighting or in battle, in pitched combat, or in all-out melee, in conquest and in defeat, where death will do us part.",1.274074074074074,0.049797411169287,135,107,19,9,not_evaluated,not_evaluated
"Pillage, plunder, feast... should be a lively reception.",1.274074074074074,0.0463476774026746,135,104,25,6,not_evaluated,not_evaluated
Hipsters are really getting out of control,1.274074074074074,0.0475254197260365,135,105,23,7,not_evaluated,not_evaluated
Helga insists he’s really not that horrible.,1.274074074074074,0.0438975006303925,135,102,29,4,not_evaluated,not_evaluated
"I like his take on the yarmulke, very retro.",1.274074074074074,0.0475254197260365,135,105,23,7,not_evaluated,not_evaluated
They plan to spend their honeymoon pillaging Cancun.,1.274074074074074,0.0486746734929931,135,106,21,8,not_evaluated,not_evaluated
I don’t get it.  They don’t own a boat and neither of them like watching  football.,1.274074074074074,0.0463476774026746,135,104,25,6,not_evaluated,not_evaluated
I just hope his pillaging can keep up with her lifestyle.,1.274074074074074,0.0463476774026746,135,104,25,6,not_evaluated,not_evaluated
And do you promise never to leave a Starbucks cup on the table?,1.274074074074074,0.0519701721970412,135,109,15,11,not_evaluated,not_evaluated
"No one wears the pants in this marriage.""",1.274074074074074,0.0451392166647678,135,103,27,5,not_evaluated,not_evaluated
The other groomsman will be found in the bog in a thousand years,1.274074074074074,0.0438975006303925,135,102,29,4,not_evaluated,not_evaluated
I'll bet on death do us part,1.274074074074074,0.0451392166647678,135,103,27,5,not_evaluated,not_evaluated
"The hoopah's nice, but I think he's already smashed all the glassware.",1.274074074074074,0.0475254197260365,135,105,23,7,not_evaluated,not_evaluated
I will NOT be trying to catch the bouquet!,1.274074074074074,0.0486746734929931,135,106,21,8,not_evaluated,not_evaluated
That battle-axe of a mother in law doesn't know what she's in for.,1.274074074074074,0.0486746734929931,135,106,21,8,not_evaluated,not_evaluated
I must have seven of these bridesmaid skins in the yurt and I’ll never wear any of them again!,1.274074074074074,0.0486746734929931,135,106,21,8,not_evaluated,not_evaluated
And do you Hilde vow to plunder and pillage with reckless abandon so long as you both shall live?,1.274074074074074,0.0438975006303925,135,102,29,4,not_evaluated,not_evaluated
"Do you promise to love, honor and rarely stab each other?",1.274074074074074,0.0475254197260365,135,105,23,7,not_evaluated,not_evaluated
"She told me she was scrapping ""obey.""",1.274074074074074,0.0438975006303925,135,102,29,4,not_evaluated,not_evaluated
I think the matching fanny packs create a nice modern vibe.,1.274074074074074,0.0438975006303925,135,102,29,4,not_evaluated,not_evaluated
Are you staying for the post-nuptial sacking of the town?,1.274074074074074,0.0426196227350943,135,101,31,3,not_evaluated,not_evaluated
They went beserk when they first met.,1.274074074074074,0.0475254197260365,135,105,23,7,not_evaluated,not_evaluated
I thought they were kidding when they said the were going on a Viking Cruise in a long boat!,1.274074074074074,0.0475254197260365,135,105,23,7,not_evaluated,not_evaluated
You should have seen him before the paleo diet,1.274074074074074,0.0463476774026746,135,104,25,6,not_evaluated,not_evaluated
I knew her as Kathy.,1.274074074074074,0.0475254197260365,135,105,23,7,not_evaluated,not_evaluated
I heard she's only in it for the pillage,1.274074074074074,0.0451392166647678,135,103,27,5,not_evaluated,not_evaluated
At least he waxes his back.,1.274074074074074,0.0475254197260365,135,105,23,7,not_evaluated,not_evaluated
I now promounce you conquered and pillaged.,1.274074074074074,0.0475254197260365,135,105,23,7,not_evaluated,not_evaluated
"He had her at “Hello, Hun.”",1.274074074074074,0.0451392166647678,135,103,27,5,not_evaluated,not_evaluated
She converted to barbarism for his family.,1.274074074074074,0.0463476774026746,135,104,25,6,not_evaluated,not_evaluated
So does this make her a Viqueen?,1.274074074074074,0.0463476774026746,135,104,25,6,not_evaluated,not_evaluated
are they going to war for their honey moon?,1.274074074074074,0.0475254197260365,135,105,23,7,not_evaluated,not_evaluated
They're from Minneapolis.,1.274074074074074,0.0451392166647678,135,103,27,5,not_evaluated,not_evaluated
"The matching purses are a nice touch, don't you think?",1.274074074074074,0.0475254197260365,135,105,23,7,not_evaluated,not_evaluated
I can only imagine what happened to the third groomsman!,1.274074074074074,0.0475254197260365,135,105,23,7,not_evaluated,not_evaluated
Everything has gotten so 'Game of Thrones' lately.,1.2727272727272727,0.0457427826197577,132,101,26,5,not_evaluated,not_evaluated
Our bridesmaid dresses are so tacky.,1.2706766917293233,0.0490602267598043,133,105,20,8,not_evaluated,not_evaluated
She's pillaging his last name.,1.2706766917293233,0.044172629347962,133,101,28,4,not_evaluated,not_evaluated
The groomsmen tied cans to their ship.,1.2706766917293233,0.0415135983794099,133,99,32,2,not_evaluated,not_evaluated
You can catch the bouquet.,1.2706766917293233,0.0428637377856818,133,100,30,3,not_evaluated,not_evaluated
"Do you promise to honour, obey, loot, rape, and pillage?",1.2706766917293233,0.0490602267598043,133,105,20,8,not_evaluated,not_evaluated
She's changed so much since she started dating Hagar.,1.2706766917293233,0.0454438373166833,133,102,26,5,not_evaluated,not_evaluated
"All I said was, 'Sometimes marriage is a battle, and you have to be prepared for that.'",1.2706766917293233,0.0478851196424387,133,104,22,7,not_evaluated,not_evaluated
I can't really say that the Paleo Diet has worked for him.,1.2706766917293233,0.0466804404072833,133,103,24,6,not_evaluated,not_evaluated
you catch the bouquet!,1.2706766917293233,0.0466804404072833,133,103,24,6,not_evaluated,not_evaluated
He says he lost it during the bachelor pillage.,1.2706766917293233,0.0478851196424387,133,104,22,7,not_evaluated,not_evaluated
It sure was a long engagement.,1.2706766917293233,0.0502078381956061,133,106,18,9,not_evaluated,not_evaluated
You may pillage the bride,1.2706766917293233,0.0466804404072833,133,103,24,6,not_evaluated,not_evaluated
Can you believe it? Those aren't even his real horns!,1.2706766917293233,0.0454438373166833,133,102,26,5,not_evaluated,not_evaluated
"Do you promise to raid, rape and pillage together till death does you part?",1.2706766917293233,0.044172629347962,133,101,28,4,not_evaluated,not_evaluated
I wonder if there's a vegan option at the buffet?,1.2706766917293233,0.0478851196424387,133,104,22,7,not_evaluated,not_evaluated
Do you think she's going to throw that for the bouquet toss?,1.2706766917293233,0.0478851196424387,133,104,22,7,not_evaluated,not_evaluated
I heard the lutefisk is imported.,1.2706766917293233,0.0454438373166833,133,102,26,5,not_evaluated,not_evaluated
I thought you were in charge of providing the sacrificial goat.,1.2706766917293233,0.0428637377856818,133,100,30,3,not_evaluated,not_evaluated
"If anyone objects to this union, I'd keep quiet if I were you.",1.2706766917293233,0.0454438373166833,133,102,26,5,not_evaluated,not_evaluated
It worked out well for the Flintstones.,1.2706766917293233,0.0478851196424387,133,104,22,7,not_evaluated,not_evaluated
Donald of Sweden and Melania of Slovenia…,1.2706766917293233,0.0513297981958716,133,107,16,10,not_evaluated,not_evaluated
Siegfried always dreamed of being married by Reverend Sharpton.,1.2706766917293233,0.0478851196424387,133,104,22,7,not_evaluated,not_evaluated
I hope no one noticed that I spilled my latte on her dress in the bridal suite.,1.2706766917293233,0.0415135983794099,133,99,32,2,not_evaluated,not_evaluated
I hear they etched their own vows.,1.2706766917293233,0.0428637377856818,133,100,30,3,not_evaluated,not_evaluated
"No, Margaret.  The pillaging doesn't start until after the cocktail hour.",1.2706766917293233,0.0478851196424387,133,104,22,7,not_evaluated,not_evaluated
Oh yeah... it’s open bar,1.2706766917293233,0.0454438373166833,133,102,26,5,not_evaluated,not_evaluated
I love theme weddings!,1.2706766917293233,0.0490602267598043,133,105,20,8,not_evaluated,not_evaluated
They met online.,1.2706766917293233,0.0478851196424387,133,104,22,7,not_evaluated,not_evaluated
"They were found together in a glacier melt.""",1.2706766917293233,0.0478851196424387,133,104,22,7,not_evaluated,not_evaluated
This beats that Viking funeral I went to last week.,1.2706766917293233,0.0428637377856818,133,100,30,3,not_evaluated,not_evaluated
I heard they met on the “PlundR” app.,1.2706766917293233,0.0428637377856818,133,100,30,3,not_evaluated,not_evaluated
As in all mixed marriages: She carries the sword!,1.2706766917293233,0.0454438373166833,133,102,26,5,not_evaluated,not_evaluated
"For their honeymoon, they'll be sacking the Hebrides.",1.2706766917293233,0.0401180468599133,133,98,34,1,not_evaluated,not_evaluated
I hear that they're already fighting,1.2706766917293233,0.0490602267598043,133,105,20,8,not_evaluated,not_evaluated
"And on top of everything, they’ve both gone Paleo!",1.2706766917293233,0.0490602267598043,133,105,20,8,not_evaluated,not_evaluated
I'm in the mood to pillage some groomsmen.,1.2706766917293233,0.0466804404072833,133,103,24,6,not_evaluated,not_evaluated
Take it from me they are perfect together. He's plunder and she's pillage.,1.2706766917293233,0.0502078381956061,133,106,18,9,not_evaluated,not_evaluated
Did you bring The Ring?,1.2706766917293233,0.0490602267598043,133,105,20,8,not_evaluated,not_evaluated
I understand that for their honeymoon they are going to attack Rhode Island.,1.2706766917293233,0.0490602267598043,133,105,20,8,not_evaluated,not_evaluated
"They've aged well, haven't they?",1.2706766917293233,0.0466804404072833,133,103,24,6,not_evaluated,not_evaluated
Their DNA tests came back 1% Scandinavian,1.2706766917293233,0.0454438373166833,133,102,26,5,not_evaluated,not_evaluated
The pillage vow is so romantic,1.2706766917293233,0.0490602267598043,133,105,20,8,not_evaluated,not_evaluated
I just love the matching cross-body bags!,1.2706766917293233,0.0454438373166833,133,102,26,5,not_evaluated,not_evaluated
I'm betting on death do them part.,1.2706766917293233,0.0502078381956061,133,106,18,9,not_evaluated,not_evaluated
I hear they wrote their own chants.,1.2706766917293233,0.0454438373166833,133,102,26,5,not_evaluated,not_evaluated
'In peace or melee--I like that...,1.2706766917293233,0.0502078381956061,133,106,18,9,not_evaluated,not_evaluated
"Well, it was long overdue",1.2706766917293233,0.0490602267598043,133,105,20,8,not_evaluated,not_evaluated
This is where marital turns martial.,1.2706766917293233,0.0454438373166833,133,102,26,5,not_evaluated,not_evaluated
I think they're way beyond cosplay.,1.2706766917293233,0.044172629347962,133,101,28,4,not_evaluated,not_evaluated
I'm going to duck out just before the blood sacrifice.,1.2706766917293233,0.0478851196424387,133,104,22,7,not_evaluated,not_evaluated
She's going to regret that dress in a few years,1.2706766917293233,0.0454438373166833,133,102,26,5,not_evaluated,not_evaluated
Their registry is for plundered china.,1.2706766917293233,0.0478851196424387,133,104,22,7,not_evaluated,not_evaluated
I love a traditional wedding.,1.2706766917293233,0.0466804404072833,133,103,24,6,not_evaluated,not_evaluated
They're going on a cruise for their honeymoon.,1.2706766917293233,0.044172629347962,133,101,28,4,not_evaluated,not_evaluated
They both had second thoughts but decided to settle it after the ceremony.,1.2706766917293233,0.0428637377856818,133,100,30,3,not_evaluated,not_evaluated
"If it were really authentic, there'd be more pillaging.",1.2706766917293233,0.0490602267598043,133,105,20,8,not_evaluated,not_evaluated
Some might question their full commitment to the paleo diet.,1.2706766917293233,0.0502078381956061,133,106,18,9,not_evaluated,not_evaluated
How soon do you think I can leave?  I'm still in season 7.,1.2706766917293233,0.0478851196424387,133,104,22,7,not_evaluated,not_evaluated
They're honeymooning in Iceland.,1.2706766917293233,0.0490602267598043,133,105,20,8,not_evaluated,not_evaluated
I would object but I'm afraid of being impaled.,1.2706766917293233,0.0428637377856818,133,100,30,3,not_evaluated,not_evaluated
I'll be skipping the reception.,1.2706766917293233,0.0478851196424387,133,104,22,7,not_evaluated,not_evaluated
Thank God for Tinder.,1.2706766917293233,0.0490602267598043,133,105,20,8,not_evaluated,not_evaluated
Isn't this taking '23andMe' a bit too far.,1.2706766917293233,0.044172629347962,133,101,28,4,not_evaluated,not_evaluated
Apparently the dinner and pillaging are buffet style.,1.2692307692307692,0.0447459689119078,130,99,27,4,not_evaluated,not_evaluated
"Yet I feel, as they say, Winter is coming.",1.2692307692307692,0.0485796612482632,130,102,21,7,not_evaluated,not_evaluated
I know this is terrible but I can't pronounce either of their names.,1.2692307692307692,0.0447459689119078,130,99,27,4,not_evaluated,not_evaluated
NOTICE WHO HAS THE BIGGER SWORD?,1.2692307692307692,0.0485796612482632,130,102,21,7,not_evaluated,not_evaluated
"Yea, I’m just going to hold my peace.",1.2692307692307692,0.0473362747015346,130,101,23,6,not_evaluated,not_evaluated
Without those big horns he's shorter than she is.,1.2692307692307692,0.0473362747015346,130,101,23,6,not_evaluated,not_evaluated
"It's Knut's fourteenth marriage, but only his third Christian one.",1.2692307692307692,0.046059334756836,130,100,25,5,not_evaluated,not_evaluated
Don't you just love being in these reality shows!,1.2692307692307692,0.0473362747015346,130,101,23,6,not_evaluated,not_evaluated
"Well, after all, they did meet on a Viking River Cruise.",1.2692307692307692,0.0497920081074551,130,103,19,8,not_evaluated,not_evaluated
I hope to hell they don't have kids!,1.2692307692307692,0.046059334756836,130,100,25,5,not_evaluated,not_evaluated
"Always a bridesmaid, never a Valkyrie.",1.2692307692307692,0.046059334756836,130,100,25,5,not_evaluated,not_evaluated
I hear Columbus is already claiming he was married here first...,1.2692307692307692,0.0485796612482632,130,102,21,7,not_evaluated,not_evaluated
Time travel gives new meaning to destination weddings.,1.2692307692307692,0.0509755299702684,130,104,17,9,not_evaluated,not_evaluated
They plan a week pillaging in The Bahamas.,1.2692307692307692,0.0485796612482632,130,102,21,7,not_evaluated,not_evaluated
You may now pillage the bride.,1.2692307692307692,0.0485796612482632,130,102,21,7,not_evaluated,not_evaluated
I heard they're serving mammoth at the reception.,1.2692307692307692,0.0447459689119078,130,99,27,4,not_evaluated,not_evaluated
And now I pronounce you Hun and Hunny!,1.2692307692307692,0.0497920081074551,130,103,19,8,not_evaluated,not_evaluated
"She told you the reception's in Valhalla, right?",1.2692307692307692,0.046059334756836,130,100,25,5,not_evaluated,not_evaluated
The groom captured the guys in the suits in a raid on another wedding.,1.2692307692307692,0.046059334756836,130,100,25,5,not_evaluated,not_evaluated
They're spending their honeymoon at Comic-con ... why do you ask?,1.265625,0.0450344014938955,128,98,26,4,not_evaluated,not_evaluated
In sickness and dismemberment?,1.265625,0.0476881569159405,128,100,22,6,not_evaluated,not_evaluated
By the Old Gods and the New? I thought she was Episcopalian.,1.265625,0.0476881569159405,128,100,22,6,not_evaluated,not_evaluated
Pray that they never have a marital spat.,1.265625,0.0489611254578809,128,101,20,7,not_evaluated,not_evaluated
Just imagine their divorce. A bloodbath.,1.265625,0.0502018256855799,128,102,18,8,not_evaluated,not_evaluated
I helped him pillage the ring.,1.265625,0.0489611254578809,128,101,20,7,not_evaluated,not_evaluated
They say it was a match made in Valhalla.,1.265625,0.0463802631943413,128,99,24,5,not_evaluated,not_evaluated
Do you think those outfits are rentals?,1.265625,0.0422141484077009,128,96,30,2,not_evaluated,not_evaluated
I think the groomsmen are his friends from World of Warcraft.,1.265625,0.0502018256855799,128,102,18,8,not_evaluated,not_evaluated
My destination wedding was at a bodega in the Bronx.,1.265625,0.0502018256855799,128,102,18,8,not_evaluated,not_evaluated
Do you promise to kill and pillage in sickness and in health till death do you part?,1.265625,0.0489611254578809,128,101,20,7,not_evaluated,not_evaluated
They're assimilated immigrants.,1.265625,0.0502018256855799,128,102,18,8,not_evaluated,not_evaluated
"After the reception, they're sacking Rome.",1.265625,0.0463802631943413,128,99,24,5,not_evaluated,not_evaluated
They met during the ring cycle,1.265625,0.0463802631943413,128,99,24,5,not_evaluated,not_evaluated
"It's the perfect match, booty for booty.",1.265625,0.0489611254578809,128,101,20,7,not_evaluated,not_evaluated
"When they moved in together, they started on the paleo diet; things somehow just escalated from there.",1.265625,0.0436470597159808,128,97,28,3,not_evaluated,not_evaluated
I thought you said this was a shotgun wedding.,1.265625,0.0463802631943413,128,99,24,5,not_evaluated,not_evaluated
I imagine the “forsaking all others” part will be easy for them,1.265625,0.0476881569159405,128,100,22,6,not_evaluated,not_evaluated
They have a Viking cruise planned,1.265625,0.0463802631943413,128,99,24,5,not_evaluated,not_evaluated
THEY MET AT A ROCK CONCERT.,1.265625,0.0514125937706739,128,103,16,9,not_evaluated,not_evaluated
"Wagner's ""Ring""?",1.265625,0.0514125937706739,128,103,16,9,not_evaluated,not_evaluated
At least we can't call this a shotgun wedding.,1.265625,0.0450344014938955,128,98,26,4,not_evaluated,not_evaluated
If a life of pillaging is what makes her happy we should support that.,1.265625,0.0450344014938955,128,98,26,4,not_evaluated,not_evaluated
At least it's in a church.,1.265625,0.0476881569159405,128,100,22,6,not_evaluated,not_evaluated
Marriage is not for the weak of heart.,1.265625,0.0476881569159405,128,100,22,6,not_evaluated,not_evaluated
...for Bitter or Wurst...,1.265625,0.0476881569159405,128,100,22,6,not_evaluated,not_evaluated
"They met a long time ago, on a Viking cruise.",1.265625,0.0463802631943413,128,99,24,5,not_evaluated,not_evaluated
...and do you both commit to pillage and plunder till death do you part?,1.265625,0.0450344014938955,128,98,26,4,not_evaluated,not_evaluated
Well aren't we a little overdressed,1.265625,0.0422141484077009,128,96,30,2,not_evaluated,not_evaluated
Her dad raided and pillaged for the whole thing.,1.265625,0.0436470597159808,128,97,28,3,not_evaluated,not_evaluated
Time travel sure added a whole new dimension for destination weddings,1.265625,0.0476881569159405,128,100,22,6,not_evaluated,not_evaluated
I hear the third groomsman didn't make the cut,1.265625,0.0450344014938955,128,98,26,4,not_evaluated,not_evaluated
It's a marriage made in Heaven—they're both corporate raiders.,1.265625,0.0489611254578809,128,101,20,7,not_evaluated,not_evaluated
They couldn't afford a destination wedding.,1.265625,0.0476881569159405,128,100,22,6,not_evaluated,not_evaluated
...to plunder and pillage ‘til death do you part.,1.2651515151515151,0.0502823953172454,132,106,17,9,not_evaluated,not_evaluated
Can you play any Wagner?,1.263157894736842,0.0557967672816726,114,93,12,9,not_evaluated,not_evaluated
The prenup is written in blood.,1.261904761904762,0.0453257296544411,126,97,25,4,not_evaluated,not_evaluated
"Great Odin's Beard, Agnus. You know the saying, 'The family that slays together, stays together' "".",1.261904761904762,0.0467055231818637,126,98,23,5,not_evaluated,not_evaluated
A bit dramatic since the other 98% indicated Western European,1.261904761904762,0.0480457076404931,126,99,21,6,not_evaluated,not_evaluated
BarbariansOnly.com,1.261904761904762,0.0480457076404931,126,99,21,6,not_evaluated,not_evaluated
They've really gone all-in since they did that 23andMe test.,1.261904761904762,0.0467055231818637,126,98,23,5,not_evaluated,not_evaluated
"Doris, this isn’t the Keller Wedding.”
“Shush, just stand still.",1.261904761904762,0.0480457076404931,126,99,21,6,not_evaluated,not_evaluated
"Well, she'll always get great Bluetooth reception.",1.261904761904762,0.0467055231818637,126,98,23,5,not_evaluated,not_evaluated
When they told me it was a Wagner themed wedding I thought it was just the wedding march...,1.261904761904762,0.0480457076404931,126,99,21,6,not_evaluated,not_evaluated
So much for the shotgun wedding,1.261904761904762,0.0493495101258347,126,100,19,7,not_evaluated,not_evaluated
I hope she doesn’t expect me to hold her sword while she says her vows.,1.261904761904762,0.0493495101258347,126,100,19,7,not_evaluated,not_evaluated
"So relieved Cheryl opted for a Viking theme, for a while there she was talking Game of Thrones.",1.261904761904762,0.0493495101258347,126,100,19,7,not_evaluated,not_evaluated
Something tells me to skip the reception,1.261904761904762,0.0467055231818637,126,98,23,5,not_evaluated,not_evaluated
They're on a budget so we'll just pillage a small reception afterwards.,1.261904761904762,0.0480457076404931,126,99,21,6,not_evaluated,not_evaluated
"Do you promise not to decapitate, disembowel or use sorcery to settle any marital disputes?",1.261904761904762,0.0480457076404931,126,99,21,6,not_evaluated,not_evaluated
I'm a Packer's fan.,1.261904761904762,0.0493495101258347,126,100,19,7,not_evaluated,not_evaluated
"No, I did not think this is the 'traditional' they were talking about...",1.261904761904762,0.0480457076404931,126,99,21,6,not_evaluated,not_evaluated
"I misunderstood ""business attire""",1.261904761904762,0.0467055231818637,126,98,23,5,not_evaluated,not_evaluated
Nordstrom Rack.,1.261904761904762,0.0493495101258347,126,100,19,7,not_evaluated,not_evaluated
It’s his Viking funeral.,1.261904761904762,0.0493495101258347,126,100,19,7,not_evaluated,not_evaluated
They’re both actuaries in real life.,1.261904761904762,0.0453257296544411,126,97,25,4,not_evaluated,not_evaluated
Aren't they taking this paleo fad a bit too far.,1.261904761904762,0.0453257296544411,126,97,25,4,not_evaluated,not_evaluated
Can you believe this bitch made me buy a $800 coral dress for this shit?,1.261904761904762,0.050619741965403,126,101,17,8,not_evaluated,not_evaluated
A sharp edge is key to a good marriage.,1.261904761904762,0.0493495101258347,126,100,19,7,not_evaluated,not_evaluated
"I catch the bouquet, or I crush your skull with a battle axe.",1.261904761904762,0.0480457076404931,126,99,21,6,not_evaluated,not_evaluated
"Oh he'll get in a few jabs, but she'll be ready for close combat.",1.261904761904762,0.0467055231818637,126,98,23,5,not_evaluated,not_evaluated
It’s a relief we were allowed to pick our own bridesmaid dresses.,1.261904761904762,0.0493495101258347,126,100,19,7,not_evaluated,not_evaluated
"On second thought, I 'm going to forever hold my peace.",1.261904761904762,0.0493495101258347,126,100,19,7,not_evaluated,not_evaluated
"It's the second marriage for her and the twenty third for him""",1.261904761904762,0.0480457076404931,126,99,21,6,not_evaluated,not_evaluated
"I said, ""YOU're Thor? I can hardly pith!""",1.261904761904762,0.0480457076404931,126,99,21,6,not_evaluated,not_evaluated
"Ahh, it's a match made in Asgard",1.261904761904762,0.0439025926537756,126,96,27,3,not_evaluated,not_evaluated
Is it just me or has she had some work?,1.261904761904762,0.0493495101258347,126,100,19,7,not_evaluated,not_evaluated
You should have seen the drama over the ring!,1.261904761904762,0.0453257296544411,126,97,25,4,not_evaluated,not_evaluated
Who invited the Swede?,1.261904761904762,0.0467055231818637,126,98,23,5,not_evaluated,not_evaluated
They’ll be at each other’s throats before the honeymoon is over,1.261904761904762,0.0467055231818637,126,98,23,5,not_evaluated,not_evaluated
ekrjgn;kjdfgregnjfd,1.261904761904762,0.050619741965403,126,101,17,8,not_evaluated,not_evaluated
"She knew he was the one when he called her “hun.”  The funny thing is, she’s a Visigoth.",1.261904761904762,0.0467055231818637,126,98,23,5,not_evaluated,not_evaluated
It'll be a marriage made in Valhalla,1.261904761904762,0.0453257296544411,126,97,25,4,not_evaluated,not_evaluated
And to think I could have been off somewhere saving money with GEICO.,1.261904761904762,0.050619741965403,126,101,17,8,not_evaluated,not_evaluated
The traditional first anniversary gift is a side of mutton.,1.261904761904762,0.0467055231818637,126,98,23,5,not_evaluated,not_evaluated
"Yeah, the Iron Age is actually a thing now.",1.261904761904762,0.0467055231818637,126,98,23,5,not_evaluated,not_evaluated
"Surprisingly, they've never even seen an episode.",1.261904761904762,0.050619741965403,126,101,17,8,not_evaluated,not_evaluated
"Honestly, I prefer viking funerals.",1.261904761904762,0.0467055231818637,126,98,23,5,not_evaluated,not_evaluated
She had all but given up on internet dating...,1.261904761904762,0.0467055231818637,126,98,23,5,not_evaluated,not_evaluated
I'll be happy to let you catch the sword when she tosses it.,1.261904761904762,0.0467055231818637,126,98,23,5,not_evaluated,not_evaluated
"...yeah, right after they got their ancestry DNA results.",1.261904761904762,0.0480457076404931,126,99,21,6,not_evaluated,not_evaluated
They are very old fashioned but rather progressive on matters of race.,1.261904761904762,0.050619741965403,126,101,17,8,not_evaluated,not_evaluated
I thought it was just going to be a one night raid...,1.261904761904762,0.0453257296544411,126,97,25,4,not_evaluated,not_evaluated
"And do you promise to love, honor, and pillage...till death do you part?",1.261904761904762,0.0467055231818637,126,98,23,5,not_evaluated,not_evaluated
I told you it would be casual.,1.261904761904762,0.050619741965403,126,101,17,8,not_evaluated,not_evaluated
...and don't ya think she reminds him of his mother?,1.261904761904762,0.0480457076404931,126,99,21,6,not_evaluated,not_evaluated
These Ancestry.com weddings are getting popular.,1.261904761904762,0.0453257296544411,126,97,25,4,not_evaluated,not_evaluated
Will you take this man Hägar for horrible or worse?,1.261904761904762,0.0453257296544411,126,97,25,4,not_evaluated,not_evaluated
"I'm telling you, someone is going to get poisoned, stabbed, or beheaded before the champagne toast.",1.261904761904762,0.0467055231818637,126,98,23,5,not_evaluated,not_evaluated
Obviously she didn't listen. I told her it's supposed to be white fur for a first marriage.,1.261904761904762,0.0424317512570389,126,95,29,2,not_evaluated,not_evaluated
Matching Armani,1.261904761904762,0.0493495101258347,126,100,19,7,not_evaluated,not_evaluated
I think they misunderstand 'camp'.,1.261904761904762,0.0467055231818637,126,98,23,5,not_evaluated,not_evaluated
She told me it took him about a thousand years to pop the question!,1.261904761904762,0.0467055231818637,126,98,23,5,not_evaluated,not_evaluated
I hope he knows about the Me-Too movement,1.261904761904762,0.0493495101258347,126,100,19,7,not_evaluated,not_evaluated
This theme wedding fad is out of control,1.261904761904762,0.0453257296544411,126,97,25,4,not_evaluated,not_evaluated
The invite says we're invading England after the reception.,1.261904761904762,0.0467055231818637,126,98,23,5,not_evaluated,not_evaluated
I thought the sack bride's maid dresses were to make her look better.,1.261904761904762,0.0480457076404931,126,99,21,6,not_evaluated,not_evaluated
Oh to be afly on the wall  for that first PTO meeting.,1.261904761904762,0.0493495101258347,126,100,19,7,not_evaluated,not_evaluated
Apparently it was a compromise. He wanted a blood wedding.,1.261904761904762,0.0453257296544411,126,97,25,4,not_evaluated,not_evaluated
It won't last the first winter.,1.261904761904762,0.0453257296544411,126,97,25,4,not_evaluated,not_evaluated
That dress is so last season.,1.261904761904762,0.0493495101258347,126,100,19,7,not_evaluated,not_evaluated
Longest engagement I ever heard of.,1.261904761904762,0.0467055231818637,126,98,23,5,not_evaluated,not_evaluated
"With their lifestyle, they won't be living that long anyway.",1.261904761904762,0.0439025926537756,126,96,27,3,not_evaluated,not_evaluated
I bet I know who his favorite team is.,1.261904761904762,0.0453257296544411,126,97,25,4,not_evaluated,not_evaluated
"I'm all for being unique, but an uneven number of bridesmaids and groomsmen- who even does that?!",1.261904761904762,0.0518588700573789,126,102,15,9,not_evaluated,not_evaluated
This is not what I imagined when they said it was going to be an old-school wedding,1.261904761904762,0.0453257296544411,126,97,25,4,not_evaluated,not_evaluated
She may have snagged the last Neanderthal.,1.261904761904762,0.0480457076404931,126,99,21,6,not_evaluated,not_evaluated
So is she Mrs. the Destroyer now?,1.261904761904762,0.0467055231818637,126,98,23,5,not_evaluated,not_evaluated
They met through Ancestry.com,1.2601626016260163,0.0459435391868536,123,95,24,4,not_evaluated,not_evaluated
I'm guessing the dinner will be Paleo too?,1.2601626016260163,0.0514191489458272,123,99,16,8,not_evaluated,not_evaluated
We may want to duck when they get to 'obey'.,1.2601626016260163,0.0397201297545054,123,91,32,0,not_evaluated,not_evaluated
"So I say, ""I don't care if your dad is Odin, I am not wearing fur.""",1.2601626016260163,0.0487582694080046,123,97,20,6,not_evaluated,not_evaluated
Until--WHAT?! do we part?,1.2601626016260163,0.0487582694080046,123,97,20,6,not_evaluated,not_evaluated
I’m told he provided all the meats for the reception.,1.2601626016260163,0.0459435391868536,123,95,24,4,not_evaluated,not_evaluated
Wilma wasn't sure Fred was proposing until she saw the size of the rock.,1.2601626016260163,0.0459435391868536,123,95,24,4,not_evaluated,not_evaluated
Brunhilde's procession to the Ride of the Valkyries was to die for!,1.2601626016260163,0.047371814556113,123,96,22,5,not_evaluated,not_evaluated
"By the powers given to me by the almighty, I now pronounce you man and his chattel""",1.2601626016260163,0.047371814556113,123,96,22,5,not_evaluated,not_evaluated
"This is nothing. I heard that last week, they had the Giants here",1.2601626016260163,0.0487582694080046,123,97,20,6,not_evaluated,not_evaluated
Til death do you part...for marriage is dark and full of terrors.,1.2601626016260163,0.0459435391868536,123,95,24,4,not_evaluated,not_evaluated
It’s amazing they found each other.,1.2601626016260163,0.0501063754125996,123,98,18,7,not_evaluated,not_evaluated
They think marriage is primitive.,1.2601626016260163,0.047371814556113,123,96,22,5,not_evaluated,not_evaluated
I hear they're going to spend their honeymoon on a nice little pillage in Bordeaux.,1.2601626016260163,0.0514191489458272,123,99,16,8,not_evaluated,not_evaluated
There’s someone out there for everyone.,1.2589285714285714,0.0503295697488197,112,88,19,5,not_evaluated,not_evaluated
They had been dating for ages.,1.2580645161290325,0.0497449141454479,124,99,18,7,not_evaluated,not_evaluated
For this I had to buy a new dress?,1.2580645161290325,0.0497449141454479,124,99,18,7,not_evaluated,not_evaluated
"Thor looks fine, but what was she thinking with those shoes?",1.2580645161290325,0.0456197923346159,124,96,24,4,not_evaluated,not_evaluated
Those shoes look so comfortable.,1.2580645161290325,0.0470350485937347,124,97,22,5,not_evaluated,not_evaluated
"Sheesh, I guess www.singlevikingsmeet.com really works!",1.2580645161290325,0.0470350485937347,124,97,22,5,not_evaluated,not_evaluated
Are you going to stay after for the pillaging?,1.256198347107438,0.0462490050817486,121,94,23,4,not_evaluated,not_evaluated
Who knew Sammy Davis Jr.'s son ran a Temple at Burning Man?,1.256198347107438,0.0518645799981011,121,98,15,8,not_evaluated,not_evaluated
"Go figure, both are running for president!",1.256198347107438,0.0477148982801343,121,95,21,5,not_evaluated,not_evaluated
I helped her pick out these bridesmaid dresses.  You're welcome.,1.256198347107438,0.0462490050817486,121,94,23,4,not_evaluated,not_evaluated
Nothing says equal marriage partnership better than a huge sword.,1.256198347107438,0.0477148982801343,121,95,21,5,not_evaluated,not_evaluated
"Did he just take her as his ""awful"" wedded wife?",1.256198347107438,0.0431681407682529,121,92,27,2,not_evaluated,not_evaluated
You've just got to see it. Their new place is a cavern.,1.256198347107438,0.0447351028189235,121,93,25,3,not_evaluated,not_evaluated
"He did pillage her village, but at least he’s taking her name",1.256198347107438,0.0462490050817486,121,94,23,4,not_evaluated,not_evaluated
"And after the ceremony, they're going to invade Greenland.",1.256198347107438,0.0491370793262636,121,96,19,6,not_evaluated,not_evaluated
Why don't we get swords?,1.256198347107438,0.050519240013558,121,97,17,7,not_evaluated,not_evaluated
She said all she wanted was an old fashioned wedding.,1.256198347107438,0.0447351028189235,121,93,25,3,not_evaluated,not_evaluated
They met cute at the Sack of Rome.  She was pillaging.  He was plundering,1.256198347107438,0.0462490050817486,121,94,23,4,not_evaluated,not_evaluated
I heard her parents bought them a starter pillage town up north.,1.256198347107438,0.0447351028189235,121,93,25,3,not_evaluated,not_evaluated
So is the joke on us or them?,1.256198347107438,0.0447351028189235,121,93,25,3,not_evaluated,not_evaluated
She does,1.256198347107438,0.050519240013558,121,97,17,7,not_evaluated,not_evaluated
"As soon as I saw him, I said, 'Hilda, he's the one.'",1.256198347107438,0.0491370793262636,121,96,19,6,not_evaluated,not_evaluated
They met in online pillaging forum.,1.256198347107438,0.0477148982801343,121,95,21,5,not_evaluated,not_evaluated
I heard they killed the third groomsman.,1.256198347107438,0.0447351028189235,121,93,25,3,not_evaluated,not_evaluated
What's with the ridiculous spats?,1.256198347107438,0.0477148982801343,121,95,21,5,not_evaluated,not_evaluated
He brought herring.,1.256198347107438,0.0477148982801343,121,95,21,5,not_evaluated,not_evaluated
Have I told you I've never seen a single episode?,1.256198347107438,0.0477148982801343,121,95,21,5,not_evaluated,not_evaluated
they met at the paleo buffet on a Viking cruise,1.256198347107438,0.0518645799981011,121,98,15,8,not_evaluated,not_evaluated
They wore the same pelt. How embarrassing!,1.256198347107438,0.0491370793262636,121,96,19,6,not_evaluated,not_evaluated
- Sam told me they've found a lovely condo in Greenland with a huge backyard.,1.256198347107438,0.0477148982801343,121,95,21,5,not_evaluated,not_evaluated
Is promising to pillage and plunder one vow or two?,1.256198347107438,0.0491370793262636,121,96,19,6,not_evaluated,not_evaluated
"She thought he said vicodin, but they fell in love anyway.",1.256198347107438,0.0477148982801343,121,95,21,5,not_evaluated,not_evaluated
"They found a quaint, little village to plunder for their honeymoon.",1.256198347107438,0.0491370793262636,121,96,19,6,not_evaluated,not_evaluated
"During the ceremony, would you please give those to the weapons-bearer?",1.256198347107438,0.0491370793262636,121,96,19,6,not_evaluated,not_evaluated
They met at an Alice Cooper concert.,1.256198347107438,0.0518645799981011,121,98,15,8,not_evaluated,not_evaluated
Is this ceremony binding in any state other than Minnesota?,1.256198347107438,0.0462490050817486,121,94,23,4,not_evaluated,not_evaluated
Never mind. I'm going to hold my peace.,1.256198347107438,0.0447351028189235,121,93,25,3,not_evaluated,not_evaluated
I give it a week.,1.256198347107438,0.050519240013558,121,97,17,7,not_evaluated,not_evaluated
"When they said 'to sack and to pillage,' they meant downtown, right?",1.256198347107438,0.0462490050817486,121,94,23,4,not_evaluated,not_evaluated
I hear they really bonded over scrapbooking.,1.256198347107438,0.0462490050817486,121,94,23,4,not_evaluated,not_evaluated
"For their honeymoon, they are going to pillage in Ireland.",1.256198347107438,0.0518645799981011,121,98,15,8,not_evaluated,not_evaluated
"...in plague and in the brief time between plagues, for pillager and for pillaged, 'til a massive club wielding troll shall part you...",1.256198347107438,0.0491370793262636,121,96,19,6,not_evaluated,not_evaluated
"Till death do us part"" might be sooner than they think",1.256198347107438,0.0477148982801343,121,95,21,5,not_evaluated,not_evaluated
"Nope, not ‘Game of Thrones’, it’s just that their luggage was lost”..",1.256198347107438,0.0518645799981011,121,98,15,8,not_evaluated,not_evaluated
"After the wedding, they go trick-or-treating.",1.256198347107438,0.0462490050817486,121,94,23,4,not_evaluated,not_evaluated
"No, they met on that new white nationalist dating site, goodpeopleonbothsides.com!",1.256198347107438,0.0477148982801343,121,95,21,5,not_evaluated,not_evaluated
I hope this has a happier ending than the Viking funeral I went to last month.,1.256198347107438,0.0491370793262636,121,96,19,6,not_evaluated,not_evaluated
Did he just say rape and pillage til death do us part?,1.256198347107438,0.0477148982801343,121,95,21,5,not_evaluated,not_evaluated
I didn't realize method acting was so extreme.,1.256198347107438,0.0491370793262636,121,96,19,6,not_evaluated,not_evaluated
They say their marriage vows are based on mutually assured destruction.,1.256198347107438,0.0447351028189235,121,93,25,3,not_evaluated,not_evaluated
I'm the Betty to her Wilma.,1.256198347107438,0.0415421151430177,121,91,29,1,not_evaluated,not_evaluated
"You know of course Waltraute,they are brother and sister.",1.256198347107438,0.0447351028189235,121,93,25,3,not_evaluated,not_evaluated
"If I were her, I would be concerned if my husband only had 2 friends.",1.256198347107438,0.0491370793262636,121,96,19,6,not_evaluated,not_evaluated
"I just think they are so right for each other, don't you?",1.256198347107438,0.0462490050817486,121,94,23,4,not_evaluated,not_evaluated
She gets a sword and all we bridesmaids get are these lousy flowers. Typical.,1.256198347107438,0.0477148982801343,121,95,21,5,not_evaluated,not_evaluated
They say it takes a pillage if they have kids.,1.256198347107438,0.0477148982801343,121,95,21,5,not_evaluated,not_evaluated
Guess who wears the pants in this family?,1.256198347107438,0.0477148982801343,121,95,21,5,not_evaluated,not_evaluated
I heard they're plundering in France for their honeymoon.,1.256198347107438,0.0462490050817486,121,94,23,4,not_evaluated,not_evaluated
Typical.  She gets to carry a sword and we get flowers.,1.256198347107438,0.0491370793262636,121,96,19,6,not_evaluated,not_evaluated
"It really is about time,don't you think?",1.256198347107438,0.0491370793262636,121,96,19,6,not_evaluated,not_evaluated
"Do you promise to love, honor, and lose weight?",1.256198347107438,0.0477148982801343,121,95,21,5,not_evaluated,not_evaluated
Isn't it sweet - they met while plundering,1.256198347107438,0.0431681407682529,121,92,27,2,not_evaluated,not_evaluated
I thought this would never happen. They've been engaged for eons.,1.256198347107438,0.0462490050817486,121,94,23,4,not_evaluated,not_evaluated
"By the looks of her dress, he must not be her first conquest.",1.256198347107438,0.0447351028189235,121,93,25,3,not_evaluated,not_evaluated
"You may now start your rampage.""",1.2521008403361344,0.0523190819898336,119,97,14,8,not_evaluated,not_evaluated
Their museum crawl through Scandinavia has had a life changing effect on them.,1.2521008403361344,0.0450015230161455,119,92,24,3,not_evaluated,not_evaluated
I hear she can't even look at another guy or he goes berserk,1.2521008403361344,0.0480624258685221,119,94,20,5,not_evaluated,not_evaluated
"Well, I think we can rule out a shotgun wedding!",1.2521008403361344,0.0433901742388231,119,91,26,2,not_evaluated,not_evaluated
We apparently have to up our game in the shoe department.,1.2521008403361344,0.0480624258685221,119,94,20,5,not_evaluated,not_evaluated
They met filming a credit card commercial,1.2521008403361344,0.0495219813180413,119,95,18,6,not_evaluated,not_evaluated
I thought she said she was getting a Viking stove.....,1.2521008403361344,0.046557136156232,119,93,22,4,not_evaluated,not_evaluated
"His pillage buddies won't stop with the ""Eric the Wed"" jokes.",1.2521008403361344,0.0480624258685221,119,94,20,5,not_evaluated,not_evaluated
"Eh, are you sure she's from Minnesota?!",1.2521008403361344,0.0480624258685221,119,94,20,5,not_evaluated,not_evaluated
"I give it 3 harvest moons, at best.",1.2521008403361344,0.046557136156232,119,93,22,4,not_evaluated,not_evaluated
His first wife's ship is still smoking.,1.2521008403361344,0.0495219813180413,119,95,18,6,not_evaluated,not_evaluated
"It's so romantic, they both listed raiding and pillaging as favorite things to do on their Tender profile.",1.2521008403361344,0.0480624258685221,119,94,20,5,not_evaluated,not_evaluated
You can be sure that something about this wedding will end up at the Supreme Court.,1.2521008403361344,0.0495219813180413,119,95,18,6,not_evaluated,not_evaluated
"I  originally thought the Hagar the Horrible wedding idea was bad, but last week I went to a Garfield-themed one. There were three different kinds of lasagna at the reception.",1.2521008403361344,0.0480624258685221,119,94,20,5,not_evaluated,not_evaluated
I hear they play rough in bed.,1.2521008403361344,0.0495219813180413,119,95,18,6,not_evaluated,not_evaluated
What is more romantic than a springtime fertility rite?,1.2521008403361344,0.0523190819898336,119,97,14,8,not_evaluated,not_evaluated
(bridesmaid to person at her right) We need another sword here. These flowers aren’t going to keep him from bolting.,1.2521008403361344,0.0480624258685221,119,94,20,5,not_evaluated,not_evaluated
"Her first husband was a Chewbacca fanboy, and things got a bit hairy.",1.2521008403361344,0.0480624258685221,119,94,20,5,not_evaluated,not_evaluated
"I guess he won't be asking if anyone objects, being that they killed their three objectors at last night's out-of-towners'dinner.""",1.2521008403361344,0.0450015230161455,119,92,24,3,not_evaluated,not_evaluated
Who still gets married in Vegas?,1.2521008403361344,0.0480624258685221,119,94,20,5,not_evaluated,not_evaluated
I always cry at beheadings.,1.2521008403361344,0.0480624258685221,119,94,20,5,not_evaluated,not_evaluated
I already hear the fat lady singing.,1.2521008403361344,0.046557136156232,119,93,22,4,not_evaluated,not_evaluated
"They're actually quite diverse; she's from Bushwick, and he's from Williamsburg.",1.2521008403361344,0.0480624258685221,119,94,20,5,not_evaluated,not_evaluated
If anyone objects to this brother and sister entering into unholy matrimony speak now and run like hell.,1.2521008403361344,0.0509397338721128,119,96,16,7,not_evaluated,not_evaluated
I just love old fashioned weddings.,1.2521008403361344,0.0495219813180413,119,95,18,6,not_evaluated,not_evaluated
She's settling.,1.2521008403361344,0.0480624258685221,119,94,20,5,not_evaluated,not_evaluated
They’re into yoga and pillaging.,1.2521008403361344,0.0509397338721128,119,96,16,7,not_evaluated,not_evaluated
She's not Jewish.,1.2521008403361344,0.046557136156232,119,93,22,4,not_evaluated,not_evaluated
"It really seems to emphasize ""Til death do us part.""",1.2521008403361344,0.0450015230161455,119,92,24,3,not_evaluated,not_evaluated
It was such a fight to do the service in English.,1.2521008403361344,0.0509397338721128,119,96,16,7,not_evaluated,not_evaluated
It just finished tying tin cans to their ship,1.2521008403361344,0.046557136156232,119,93,22,4,not_evaluated,not_evaluated
"Uh, there's retro and then there's retro.",1.2521008403361344,0.046557136156232,119,93,22,4,not_evaluated,not_evaluated
Apparently they’re from Norway and getting married was the only way to get Visa to live here.,1.2521008403361344,0.0509397338721128,119,96,16,7,not_evaluated,not_evaluated
It's about time.  They've been dating forever.,1.2521008403361344,0.0450015230161455,119,92,24,3,not_evaluated,not_evaluated
I'll never recommend Saks again.,1.2521008403361344,0.0509397338721128,119,96,16,7,not_evaluated,not_evaluated
"Saga, do you accept this stolen ring from Thor?",1.2521008403361344,0.0495219813180413,119,95,18,6,not_evaluated,not_evaluated
The other groomsman is in hiding.,1.2521008403361344,0.046557136156232,119,93,22,4,not_evaluated,not_evaluated
I told you it would be a double-sword ceremony!,1.2521008403361344,0.0433901742388231,119,91,26,2,not_evaluated,not_evaluated
"They say that those who slay together, stay together.",1.2521008403361344,0.0509397338721128,119,96,16,7,not_evaluated,not_evaluated
They don't know how to count!,1.2521008403361344,0.0509397338721128,119,96,16,7,not_evaluated,not_evaluated
"Yeah, some people take this Ancestry DNA testing a little too serious.",1.2521008403361344,0.046557136156232,119,93,22,4,not_evaluated,not_evaluated
After the ceremony they fight over who cuts the cake.,1.2521008403361344,0.0450015230161455,119,92,24,3,not_evaluated,not_evaluated
I hear Siegfried isn’t his real name.,1.2521008403361344,0.046557136156232,119,93,22,4,not_evaluated,not_evaluated
I've heard of a destination wedding but this is just ridiculous!,1.2521008403361344,0.0509397338721128,119,96,16,7,not_evaluated,not_evaluated
...To raid and to pillage...,1.2521008403361344,0.0450015230161455,119,92,24,3,not_evaluated,not_evaluated
Romance today. It takes a pillage.,1.2521008403361344,0.0450015230161455,119,92,24,3,not_evaluated,not_evaluated
I understand it's not raping and pillaging if he marries her.,1.2521008403361344,0.046557136156232,119,93,22,4,not_evaluated,not_evaluated
Guess what cruise line they picked for the honeymoon?,1.2521008403361344,0.0433901742388231,119,91,26,2,not_evaluated,not_evaluated
They're very dedicated.  They've only taken today off from their congressional duties.,1.2521008403361344,0.0480624258685221,119,94,20,5,not_evaluated,not_evaluated
"Do you Inge, promise to love cherish and above all, obey Ing until the fat lady sings?",1.2521008403361344,0.0523190819898336,119,97,14,8,not_evaluated,not_evaluated
I now pronounce you Fred and Wilma Flinstone.,1.2521008403361344,0.0523190819898336,119,97,14,8,not_evaluated,not_evaluated
"I'm all for theme weddings, but did they have to impale the best man?",1.2521008403361344,0.0509397338721128,119,96,16,7,not_evaluated,not_evaluated
Can you believe Thor met Brunhilda on match.com,1.2521008403361344,0.0480624258685221,119,94,20,5,not_evaluated,not_evaluated
I think 'till death do us part' is a perfect vow for them.,1.2521008403361344,0.046557136156232,119,93,22,4,not_evaluated,not_evaluated
They've never taken a river cruise before. They've only raided them.,1.2521008403361344,0.046557136156232,119,93,22,4,not_evaluated,not_evaluated
I hear the reception has a blood-of-their-enemies fountain.,1.247863247863248,0.0499129553345062,117,94,17,6,not_evaluated,not_evaluated
$800 each for our bridesmaid dresses! Seriously?,1.247863247863248,0.0499129553345062,117,94,17,6,not_evaluated,not_evaluated
The reception menu is meat.  Lots of meat.,1.247863247863248,0.046867671987938,117,92,21,4,not_evaluated,not_evaluated
They met at a Cosplay Convention.,1.247863247863248,0.0499129553345062,117,94,17,6,not_evaluated,not_evaluated
This is the last wedding in Vegas I'll go to,1.247863247863248,0.048414263331137,117,93,19,5,not_evaluated,not_evaluated
Theme weddings are getting out of hand.,1.247863247863248,0.046867671987938,117,92,21,4,not_evaluated,not_evaluated
"Love, honor and slay?",1.247863247863248,0.046867671987938,117,92,21,4,not_evaluated,not_evaluated
How to tell when your wedding planner binged Game Of Thrones,1.247863247863248,0.048414263331137,117,93,19,5,not_evaluated,not_evaluated
It's her third time. She is trying not to take herself to seriously.,1.247863247863248,0.0452682721256424,117,91,23,3,not_evaluated,not_evaluated
This is my first time attending a bris.,1.247863247863248,0.0499129553345062,117,94,17,6,not_evaluated,not_evaluated
You may now kill the bride.,1.247863247863248,0.0499129553345062,117,94,17,6,not_evaluated,not_evaluated
"What did you say, hun?",1.247863247863248,0.048414263331137,117,93,19,5,not_evaluated,not_evaluated
"She was calling her flock of goats, and Thor showed up!",1.247863247863248,0.0418866569277825,117,89,27,1,not_evaluated,not_evaluated
We're also having a  Paleo Reception!,1.247863247863248,0.048414263331137,117,93,19,5,not_evaluated,not_evaluated
"She told me he stepped right out of her dreams, but I know for a fact she made that costume for him.",1.247863247863248,0.048414263331137,117,93,19,5,not_evaluated,not_evaluated
Do you promise to pillage and plunder until death do you part?,1.247863247863248,0.0513679406493208,117,95,15,7,not_evaluated,not_evaluated
"You have to admit, as theme weddings go this one is UNIQUE!",1.247863247863248,0.046867671987938,117,92,21,4,not_evaluated,not_evaluated
These theme weddings are really starting to get out of hand.,1.247863247863248,0.048414263331137,117,93,19,5,not_evaluated,not_evaluated
I give this marriage six looting and pillaging raids at most.,1.247863247863248,0.048414263331137,117,93,19,5,not_evaluated,not_evaluated
"I can't wait, Beatrice's dad, Olaf, went all out, herring, wild boar (""save an ear for me"") and a primo grog fountain.",1.247863247863248,0.048414263331137,117,93,19,5,not_evaluated,not_evaluated
And they've already named their first born Thor.,1.247863247863248,0.048414263331137,117,93,19,5,not_evaluated,not_evaluated
"She's a good fighter herself, and admired his spear thrust; and of course, he owns half of Spitsbergen.",1.247863247863248,0.046867671987938,117,92,21,4,not_evaluated,not_evaluated
Don’t try to catch the bouquet.,1.247863247863248,0.0452682721256424,117,91,23,3,not_evaluated,not_evaluated
"I guess ""tandem biking"" was a typo.",1.247863247863248,0.0499129553345062,117,94,17,6,not_evaluated,not_evaluated
Her lipstick is too bold.,1.247863247863248,0.0452682721256424,117,91,23,3,not_evaluated,not_evaluated
‘When should we tell them about the White Walkers?,1.247863247863248,0.048414263331137,117,93,19,5,not_evaluated,not_evaluated
"Well, they sure took the CAMP theme seriously.",1.247863247863248,0.048414263331137,117,93,19,5,not_evaluated,not_evaluated
"When the time comes, they plan to have a Viking funeral as well.",1.247863247863248,0.0436102538964574,117,90,25,2,not_evaluated,not_evaluated
The Minister must not know he’s going to be sacrificed during the Recessional.,1.247863247863248,0.046867671987938,117,92,21,4,not_evaluated,not_evaluated
These days her sharp sword trumps my sharp wit.,1.247863247863248,0.048414263331137,117,93,19,5,not_evaluated,not_evaluated
Why do they get to wear tuxes and we're dressed  like roadkill?,1.247863247863248,0.0513679406493208,117,95,15,7,not_evaluated,not_evaluated
Unitarian?,1.247863247863248,0.0452682721256424,117,91,23,3,not_evaluated,not_evaluated
They are both on a paleo diet,1.247863247863248,0.046867671987938,117,92,21,4,not_evaluated,not_evaluated
They met on a Viking Cruise singles cruise to Bermuda,1.247863247863248,0.0499129553345062,117,94,17,6,not_evaluated,not_evaluated
"She says she’s going to keep her Starbucks name, though.",1.247863247863248,0.0513679406493208,117,95,15,7,not_evaluated,not_evaluated
Is marrying Paleo as good for you as eating Paleo?,1.247863247863248,0.0513679406493208,117,95,15,7,not_evaluated,not_evaluated
This promises to be an interesting wedding night.,1.247863247863248,0.046867671987938,117,92,21,4,not_evaluated,not_evaluated
For worse or for worser?,1.247863247863248,0.046867671987938,117,92,21,4,not_evaluated,not_evaluated
"They say it won’t last.
Deep down she’s a pillager but he’s all about the plunder.",1.247863247863248,0.046867671987938,117,92,21,4,not_evaluated,not_evaluated
They were engaged in battle then decided to tie the knot.,1.247863247863248,0.048414263331137,117,93,19,5,not_evaluated,not_evaluated
I'm a childhood friend of the bride.  I knew her before her psychotic break.,1.247863247863248,0.046867671987938,117,92,21,4,not_evaluated,not_evaluated
"His best man , Hagar, couldn't make it?....That man is horrible!",1.247863247863248,0.0513679406493208,117,95,15,7,not_evaluated,not_evaluated
I told you to burn the church AFTER our marriage.,1.247863247863248,0.048414263331137,117,93,19,5,not_evaluated,not_evaluated
That Paleo diet is a slippery slope.,1.247863247863248,0.0499129553345062,117,94,17,6,not_evaluated,not_evaluated
Who has a location wedding in Norway?,1.247863247863248,0.046867671987938,117,92,21,4,not_evaluated,not_evaluated
I can't wait for the buffet!,1.247863247863248,0.046867671987938,117,92,21,4,not_evaluated,not_evaluated
"I heard they are going to settle in Valhalla, the one in New York",1.247863247863248,0.0513679406493208,117,95,15,7,not_evaluated,not_evaluated
Looks like the rumours were true - Thor really had to go back a long way to find a virgin.,1.247863247863248,0.046867671987938,117,92,21,4,not_evaluated,not_evaluated
"They created,""till death do us part.""",1.247863247863248,0.0499129553345062,117,94,17,6,not_evaluated,not_evaluated
Don't you think period weddings have gotten just a little bit out of hand?,1.247863247863248,0.048414263331137,117,93,19,5,not_evaluated,not_evaluated
The only place I've seen Thor pillage and plunder is the casino buffet.,1.247863247863248,0.046867671987938,117,92,21,4,not_evaluated,not_evaluated
Both families go way back!,1.247863247863248,0.0436102538964574,117,90,25,2,not_evaluated,not_evaluated
I told them having the dragon as their ring-bearer was a bad idea.,1.247863247863248,0.046867671987938,117,92,21,4,not_evaluated,not_evaluated
This makes three Viking weddings and a funeral for me this year.,1.247863247863248,0.0499129553345062,117,94,17,6,not_evaluated,not_evaluated
The third usher fell out of the boat,1.247863247863248,0.048414263331137,117,93,19,5,not_evaluated,not_evaluated
I heard she's into rough sex.,1.247863247863248,0.0499129553345062,117,94,17,6,not_evaluated,not_evaluated
"....for better for worse, for richer for poorer, in war and in peace,....",1.247863247863248,0.048414263331137,117,93,19,5,not_evaluated,not_evaluated
"The good news is, their first fight will likely be their last fight!",1.247863247863248,0.0513679406493208,117,95,15,7,not_evaluated,not_evaluated
And to think that this started when he asked if she liked football,1.247863247863248,0.0436102538964574,117,90,25,2,not_evaluated,not_evaluated
"Call me crazy, but I find a Viking funeral more culturally appealing.",1.247863247863248,0.0452682721256424,117,91,23,3,not_evaluated,not_evaluated
She couldn't resist his stove.,1.247863247863248,0.0499129553345062,117,94,17,6,not_evaluated,not_evaluated
I was hoping to wear leather.,1.247863247863248,0.046867671987938,117,92,21,4,not_evaluated,not_evaluated
He's perfect for Troglodette.,1.247863247863248,0.046867671987938,117,92,21,4,not_evaluated,not_evaluated
She's just in it for the pelts.,1.247863247863248,0.0499129553345062,117,94,17,6,not_evaluated,not_evaluated
I guess they're really committed to this paleo diet thing.,1.247863247863248,0.046867671987938,117,92,21,4,not_evaluated,not_evaluated
Right after the reception they leave for six weeks of raiding and plundering in Europe.,1.247863247863248,0.0452682721256424,117,91,23,3,not_evaluated,not_evaluated
Did you agree to be one of the rowers on the honeymoon cruise?,1.247863247863248,0.046867671987938,117,92,21,4,not_evaluated,not_evaluated
I heard they met cute. He pillaged her village.,1.247863247863248,0.048414263331137,117,93,19,5,not_evaluated,not_evaluated
The new law prohibiting guns was signed today,1.247863247863248,0.0499129553345062,117,94,17,6,not_evaluated,not_evaluated
It started when she went Paleo.,1.247863247863248,0.048414263331137,117,93,19,5,not_evaluated,not_evaluated
Do you take Thor in pillage and blunder to ravage the countryside till death do you part.,1.247863247863248,0.0513679406493208,117,95,15,7,not_evaluated,not_evaluated
Do you think the Vikings will make it to the Superbowl this year?,1.247863247863248,0.046867671987938,117,92,21,4,not_evaluated,not_evaluated
I never thought Putin would make it legal that Trump is his puppet and boy toy?,1.247863247863248,0.0513679406493208,117,95,15,7,not_evaluated,not_evaluated
I say they're evenly matched for the joust at the wedding reception.,1.247863247863248,0.046867671987938,117,92,21,4,not_evaluated,not_evaluated
I pronounce you Eric the red and Mrs Red,1.247863247863248,0.0499129553345062,117,94,17,6,not_evaluated,not_evaluated
"Funny, they both show me their DNA , and they are American Indian !",1.247863247863248,0.0513679406493208,117,95,15,7,not_evaluated,not_evaluated
Her sword and his spear are wonderfully symbolic of lasting peace and harmony.,1.247863247863248,0.048414263331137,117,93,19,5,not_evaluated,not_evaluated
The broadsword works perfectly.,1.247863247863248,0.0513679406493208,117,95,15,7,not_evaluated,not_evaluated
They're planning to hyphenate.,1.247863247863248,0.0499129553345062,117,94,17,6,not_evaluated,not_evaluated
Is she keeping her mane?,1.247863247863248,0.0418866569277825,117,89,27,1,not_evaluated,not_evaluated
Is this your first Destination Wedding in Iceland?,1.247863247863248,0.0452682721256424,117,91,23,3,not_evaluated,not_evaluated
She says he's a real Neanderthal.,1.247863247863248,0.0436102538964574,117,90,25,2,not_evaluated,not_evaluated
Their honeymoon is booked with Time Travel,1.247863247863248,0.0527828337897832,117,96,13,8,not_evaluated,not_evaluated
They're planning a honeymoon raid on Ireland.,1.247863247863248,0.0452682721256424,117,91,23,3,not_evaluated,not_evaluated
It was either him or that Norman guy.,1.247863247863248,0.0436102538964574,117,90,25,2,not_evaluated,not_evaluated
How romantic!  They're giving up the she shed and the man cave to live in a hole in the wall.,1.247863247863248,0.048414263331137,117,93,19,5,not_evaluated,not_evaluated
"Cheryl, did you know Thor is trans?",1.247863247863248,0.048414263331137,117,93,19,5,not_evaluated,not_evaluated
The Viking Cruise! What else?,1.247863247863248,0.0436102538964574,117,90,25,2,not_evaluated,not_evaluated
"Did she just say 'Me too""?",1.247863247863248,0.046867671987938,117,92,21,4,not_evaluated,not_evaluated
"Well I  think it's lovely how they promise to maraud, loot, and plunder 'till death do they part.",1.247863247863248,0.0436102538964574,117,90,25,2,not_evaluated,not_evaluated
I hope he takes his hat off before he kisses the bride.,1.247863247863248,0.048414263331137,117,93,19,5,not_evaluated,not_evaluated
That what happens when you start on a paleo diet,1.247863247863248,0.0499129553345062,117,94,17,6,not_evaluated,not_evaluated
How many more Jonas Brothers are there?,1.247863247863248,0.0513679406493208,117,95,15,7,not_evaluated,not_evaluated
I didn't realize they were doing the traditional ceremony or I could have worn an animal skin.,1.247863247863248,0.046867671987938,117,92,21,4,not_evaluated,not_evaluated
Looks like they sacrificed the third groomsman.,1.247863247863248,0.0418866569277825,117,89,27,1,not_evaluated,not_evaluated
They plan to honeymoon in Martha's Vineyard--then pillage it.,1.247863247863248,0.0452682721256424,117,91,23,3,not_evaluated,not_evaluated
I'm glad he moved on from the old battle axe.,1.247863247863248,0.0499129553345062,117,94,17,6,not_evaluated,not_evaluated
I'm not surprised. She always was a little horny.,1.247863247863248,0.046867671987938,117,92,21,4,not_evaluated,not_evaluated
First she loved the man cave; then she loved the man.,1.247863247863248,0.046867671987938,117,92,21,4,not_evaluated,not_evaluated
This is much better than the viking funeral I attended last weekend.,1.247863247863248,0.048414263331137,117,93,19,5,not_evaluated,not_evaluated
Did the invitation say 'dress to impress' or 'dress to conquest?,1.247863247863248,0.0452682721256424,117,91,23,3,not_evaluated,not_evaluated
"Have faith! For, truly, they shall cleave only unto one another.",1.247863247863248,0.0436102538964574,117,90,25,2,not_evaluated,not_evaluated
I'm just glad their favorite show wasn't 'The Apprentice.',1.247863247863248,0.0499129553345062,117,94,17,6,not_evaluated,not_evaluated
At the reception is she going to throw the SWORD?,1.247863247863248,0.0418866569277825,117,89,27,1,not_evaluated,not_evaluated
She fell for him the moment he dragged her senseless.,1.247863247863248,0.046867671987938,117,92,21,4,not_evaluated,not_evaluated
The couple may now exchange runes.,1.247863247863248,0.0499129553345062,117,94,17,6,not_evaluated,not_evaluated
"I'm happy for her, but I just don't see how they're compatible.",1.247863247863248,0.046867671987938,117,92,21,4,not_evaluated,not_evaluated
"In the interest of everyones safety, I request please just forever hold your peace.",1.247863247863248,0.0527828337897832,117,96,13,8,not_evaluated,not_evaluated
"Anyone who objects to this marriage, speak up now  -- at your own risk!",1.247863247863248,0.0452682721256424,117,91,23,3,not_evaluated,not_evaluated
"After this, I'm definitely a Packers fan.""",1.247863247863248,0.0513679406493208,117,95,15,7,not_evaluated,not_evaluated
He's telling them to turn in their sidearms before hitting the sack.,1.247863247863248,0.046867671987938,117,92,21,4,not_evaluated,not_evaluated
The honeymoon's going to be berserk.,1.2476190476190476,0.0537613645553732,105,85,14,6,not_evaluated,not_evaluated
I hear that they are taking a Viking Cruise on their honeymoon.,1.2456140350877194,0.0475472023922403,114,90,20,4,not_evaluated,not_evaluated
They went with a theme wedding because he couldn’t slim down for his tux.,1.2456140350877194,0.0491527400096235,114,91,18,5,not_evaluated,not_evaluated
Dearly beheaded...,1.2456140350877194,0.0475472023922403,114,90,20,4,not_evaluated,not_evaluated
I hear they're going to honeymoon in Newfoundland.,1.2456140350877194,0.0475472023922403,114,90,20,4,not_evaluated,not_evaluated
He said Ugh? What kind of vow is that?,1.2456140350877194,0.0475472023922403,114,90,20,4,not_evaluated,not_evaluated
They met through 23 And Me.,1.2456140350877194,0.0522159232485992,114,93,14,7,not_evaluated,not_evaluated
I told you we shouldn't have hemmed.,1.2456140350877194,0.0491527400096235,114,91,18,5,not_evaluated,not_evaluated
I am also available for Viking funerals and longship christenings.,1.2456140350877194,0.0522159232485992,114,93,14,7,not_evaluated,not_evaluated
Don’t let their weapons fool you.  It’s shotgun.,1.2456140350877194,0.0491527400096235,114,91,18,5,not_evaluated,not_evaluated
When in Minnesota...,1.2456140350877194,0.0522159232485992,114,93,14,7,not_evaluated,not_evaluated
I do. Do I?,1.2456140350877194,0.0491527400096235,114,91,18,5,not_evaluated,not_evaluated
Vikings don't make that much. How can they a-fjord this wedding?,1.2456140350877194,0.0522159232485992,114,93,14,7,not_evaluated,not_evaluated
"Clearly, this match was made in Valhalla.",1.2456140350877194,0.0475472023922403,114,90,20,4,not_evaluated,not_evaluated
"Do you take this Viking, to stab and to scold, till death do you part?”",1.2456140350877194,0.0475472023922403,114,90,20,4,not_evaluated,not_evaluated
I can’t believe she made us buy these dresses. I feel like a fool up here.,1.2456140350877194,0.0475472023922403,114,90,20,4,not_evaluated,not_evaluated
"The honeymoon plan is plunder Jamaica, then chill in the Caymans.",1.2456140350877194,0.0441613594115795,114,88,24,2,not_evaluated,not_evaluated
"Oh, yes.  She had to accept Thor as her savior.",1.2456140350877194,0.0491527400096235,114,91,18,5,not_evaluated,not_evaluated
They booked a honeymoon cruise to Greenland.,1.2456140350877194,0.0491527400096235,114,91,18,5,not_evaluated,not_evaluated
For this I needed to buy a fuchsia bridesmaid gown ?,1.2456140350877194,0.0522159232485992,114,93,14,7,not_evaluated,not_evaluated
It could be worse. At least they’re not diehard Washington fans.,1.2456140350877194,0.0475472023922403,114,90,20,4,not_evaluated,not_evaluated
Til Thor do ye part.,1.2454545454545454,0.0486453071835961,110,87,19,4,not_evaluated,not_evaluated
"Theme""  weddings have gone too far",1.2454545454545454,0.0550780228090818,110,91,11,8,not_evaluated,not_evaluated
I thought she said their outfits were both 'striking'.,1.2454545454545454,0.0519613053509251,110,89,15,6,not_evaluated,not_evaluated
I miss when she was Mindy.,1.2454545454545454,0.0468994695022619,110,86,21,3,not_evaluated,not_evaluated
"Honestly, we got off pretty easy as bridesmaids' dresses go.",1.2434782608695651,0.0455348825604945,115,90,22,3,not_evaluated,not_evaluated
Truly Goth!,1.2410714285714286,0.0443847105210594,112,87,23,2,not_evaluated,not_evaluated
"They do realize that The Game of Thrones thing is not real, right?",1.2410714285714286,0.0526723678261576,112,92,13,7,not_evaluated,not_evaluated
"If you think this is weird, wait till you see how they cut the cake.",1.2410714285714286,0.0478722555327045,112,89,19,4,not_evaluated,not_evaluated
"Do you solemnly swear to scrub his beard once a year?"" ""I do.",1.2410714285714286,0.0526723678261576,112,92,13,7,not_evaluated,not_evaluated
Will you take this Woden...,1.2410714285714286,0.0443847105210594,112,87,23,2,not_evaluated,not_evaluated
It was love at first melee.,1.2410714285714286,0.051122433153547,112,91,15,6,not_evaluated,not_evaluated
This isn't even the most barbaric wedding I've attended,1.2410714285714286,0.0461614307502854,112,88,21,3,not_evaluated,not_evaluated
They met at some Goth club downtown.,1.2410714285714286,0.0495240144845278,112,90,17,5,not_evaluated,not_evaluated
Her last husband was a caveman.,1.2410714285714286,0.0461614307502854,112,88,21,3,not_evaluated,not_evaluated
"Forsaking all others, do you promise to burn, pillage and plunder, till death do you part?",1.2410714285714286,0.0461614307502854,112,88,21,3,not_evaluated,not_evaluated
...And with the blessings of the Gods you may now live wildly ever after!,1.2410714285714286,0.0478722555327045,112,89,19,4,not_evaluated,not_evaluated
Their 23 and me results finally came in. Turns out Todd is 15% Nordic.”,1.2410714285714286,0.0478722555327045,112,89,19,4,not_evaluated,not_evaluated
Thank god she decided against  the wool and flax dresses.,1.2410714285714286,0.051122433153547,112,91,15,6,not_evaluated,not_evaluated
"And here I was, worried I'd never be able to wear the dress again.",1.2410714285714286,0.0461614307502854,112,88,21,3,not_evaluated,not_evaluated
"Well, what do you want?  Every Viking needs a Viqueen.",1.2410714285714286,0.0478722555327045,112,89,19,4,not_evaluated,not_evaluated
"Always a Viking bridesmaid, never a Viking bride.",1.2410714285714286,0.0495240144845278,112,90,17,5,not_evaluated,not_evaluated
So I'm guessing no one else got the 'Game of Thrones' wedding theme memo,1.2410714285714286,0.0478722555327045,112,89,19,4,not_evaluated,not_evaluated
Only one of you is going to be happy with these 23&Me results...,1.2410714285714286,0.0541779797822806,112,93,11,8,not_evaluated,not_evaluated
"They look happy now, but I've seen these marriages end in a Götterdämmerung.",1.2410714285714286,0.0526723678261576,112,92,13,7,not_evaluated,not_evaluated
Is she going to throw that at us when the ceremony is over?,1.2410714285714286,0.0495240144845278,112,90,17,5,not_evaluated,not_evaluated
Did you pillage this woman to be your lawfully wedded wife?,1.2410714285714286,0.0495240144845278,112,90,17,5,not_evaluated,not_evaluated
She always said that wearing white was too old-fashioned.,1.2410714285714286,0.0495240144845278,112,90,17,5,not_evaluated,not_evaluated
Weren't their  vows to rape and pillage in sickness and in health the sweetest thing ever?,1.2410714285714286,0.0478722555327045,112,89,19,4,not_evaluated,not_evaluated
She was a Democrat but converted to Alt-Right when they got engaged.,1.2410714285714286,0.051122433153547,112,91,15,6,not_evaluated,not_evaluated
Does this dress makes me look fat?,1.2410714285714286,0.0495240144845278,112,90,17,5,not_evaluated,not_evaluated
That 'Until Death Do Us Part' thing seems more real than ever before.,1.2410714285714286,0.0443847105210594,112,87,23,2,not_evaluated,not_evaluated
They said no gifts - they’re going on a raid for their honeymoon.,1.2410714285714286,0.0478722555327045,112,89,19,4,not_evaluated,not_evaluated
I'm pretty sure she'll be taking his last name.,1.2410714285714286,0.0478722555327045,112,89,19,4,not_evaluated,not_evaluated
I don't know how they can afjord this reception and still manage to travel all the time.,1.2410714285714286,0.0478722555327045,112,89,19,4,not_evaluated,not_evaluated
These bridesmaid dresses really could have been a lot worse.,1.2410714285714286,0.0443847105210594,112,87,23,2,not_evaluated,not_evaluated
Welcome to Game of Betrothed.,1.238938053097345,0.0474946538397806,113,90,19,4,not_evaluated,not_evaluated
They plan to honeymoon in Valhalla.,1.238938053097345,0.0491301328743945,113,91,17,5,not_evaluated,not_evaluated
Im so glad there’s an open bar.,1.238938053097345,0.0458008114607757,113,89,21,3,not_evaluated,not_evaluated
Will you honour and obey? Yes he will,1.238532110091743,0.046813302765362,109,86,20,3,not_evaluated,not_evaluated
"The wedding is Hagar the Horrible, but for the reception they've gone with a Blondie theme.",1.238532110091743,0.0503117744312051,109,88,16,5,not_evaluated,not_evaluated
I'm feeling slightly nauseated from the yak blood.,1.238532110091743,0.0485940323610724,109,87,18,4,not_evaluated,not_evaluated
The after party is going to be berserk.,1.238532110091743,0.0503117744312051,109,88,16,5,not_evaluated,not_evaluated
"Do you promise to love her, until fiery death do us part?",1.238532110091743,0.0430313372460865,109,84,24,1,not_evaluated,not_evaluated
The prenup gives her half of his pillage and plunder.,1.238532110091743,0.0485940323610724,109,87,18,4,not_evaluated,not_evaluated
Stone age indeed!  Did you see the one in her ring?,1.238532110091743,0.0503117744312051,109,88,16,5,not_evaluated,not_evaluated
This whole Game of Thrones thing has gone too far.,1.238532110091743,0.0519727747164222,109,89,14,6,not_evaluated,not_evaluated
I now pronounce you Ooga and Booga,1.238532110091743,0.0503117744312051,109,88,16,5,not_evaluated,not_evaluated
"When you get past the whole 'pillaging and looting' thing, they make a really cute couple.",1.238532110091743,0.0503117744312051,109,88,16,5,not_evaluated,not_evaluated
A little too long on the paleo diet,1.238532110091743,0.0503117744312051,109,88,16,5,not_evaluated,not_evaluated
They are not a cute couple.,1.238532110091743,0.0449621023807155,109,85,22,2,not_evaluated,not_evaluated
"They met on a singles pillaging cruise.""",1.238532110091743,0.0485940323610724,109,87,18,4,not_evaluated,not_evaluated
Mum's Sword.,1.238532110091743,0.046813302765362,109,86,20,3,not_evaluated,not_evaluated
I think it's all pleather.,1.238532110091743,0.0485940323610724,109,87,18,4,not_evaluated,not_evaluated
No Game of Thrones spoilers!,1.238532110091743,0.0485940323610724,109,87,18,4,not_evaluated,not_evaluated
"I may be wrong, but I think they still need to sacrifice a goat.",1.238532110091743,0.0519727747164222,109,89,14,6,not_evaluated,not_evaluated
I should have gone with the Starbucks gift card,1.238532110091743,0.0485940323610724,109,87,18,4,not_evaluated,not_evaluated
Have you ordered tickets for their divorce yet?,1.238532110091743,0.046813302765362,109,86,20,3,not_evaluated,not_evaluated
‘Don’t kink-shame Janet. So what if they’re into Barbarian role play? Mind your own business you nosey-ass bitch. This is why Kenneth left you.’,1.238532110091743,0.0485940323610724,109,87,18,4,not_evaluated,not_evaluated
That preacher doesn't look Norwegian!,1.238532110091743,0.046813302765362,109,86,20,3,not_evaluated,not_evaluated
I just hope the reception food isn't Paleo.,1.238532110091743,0.046813302765362,109,86,20,3,not_evaluated,not_evaluated
Dearly Beclubbed we are gathered here together...,1.238532110091743,0.0503117744312051,109,88,16,5,not_evaluated,not_evaluated
"Did he just say, ""Unite and conquer""?",1.238532110091743,0.046813302765362,109,86,20,3,not_evaluated,not_evaluated
She said they will be honeymooning on a raid somewhere in Northumbria.,1.238532110091743,0.0449621023807155,109,85,22,2,not_evaluated,not_evaluated
Can you give me a ride to Valhalla after the service?,1.238532110091743,0.0485940323610724,109,87,18,4,not_evaluated,not_evaluated
"Ten bucks we hear crickets after 'speak now or forever hold your peace.'""",1.238532110091743,0.046813302765362,109,86,20,3,not_evaluated,not_evaluated
They believe in traditional gender roles,1.238532110091743,0.0519727747164222,109,89,14,6,not_evaluated,not_evaluated
Told her not to get married on a Sunday especially when the Vikings are +6 at Green Bay.,1.238532110091743,0.0485940323610724,109,87,18,4,not_evaluated,not_evaluated
"I'm concerned that the ""something blue"" will be dragon fire.",1.238532110091743,0.0519727747164222,109,89,14,6,not_evaluated,not_evaluated
"It's not really the size of the sword that matters, I've heard.",1.238532110091743,0.0485940323610724,109,87,18,4,not_evaluated,not_evaluated
"I generally don't like destination weddings, but Westeros is so pretty this time of year.",1.238532110091743,0.0449621023807155,109,85,22,2,not_evaluated,not_evaluated
He owns three mountains and it was love at first sight for her.,1.238532110091743,0.0503117744312051,109,88,16,5,not_evaluated,not_evaluated
Do you promise not to refer to your mother-in-law as a Battle Ax?,1.238532110091743,0.0503117744312051,109,88,16,5,not_evaluated,not_evaluated
It's death to who parts?,1.238532110091743,0.046813302765362,109,86,20,3,not_evaluated,not_evaluated
Them saying their own vows is simply barbaric.,1.238532110091743,0.0485940323610724,109,87,18,4,not_evaluated,not_evaluated
Do you take this bull by the horns to love and to cherish as long as you shall live?,1.238532110091743,0.0503117744312051,109,88,16,5,not_evaluated,not_evaluated
Lisa told me they met on an Asterix chat room but told her parents it was the Opera.,1.238532110091743,0.046813302765362,109,86,20,3,not_evaluated,not_evaluated
"I guess 'for better, for Norse' makes sense.",1.238532110091743,0.046813302765362,109,86,20,3,not_evaluated,not_evaluated
"You know, Janet, there's no way I'll get a second wearing out of this one, unless I'm in one of the Flintstones' wedding next year.",1.238532110091743,0.0485940323610724,109,87,18,4,not_evaluated,not_evaluated
"She said she wanted something different, but Visigoth fashion is so itchy!",1.238532110091743,0.046813302765362,109,86,20,3,not_evaluated,not_evaluated
Nothing like prehistoric traditions to make a modern woman feel loved.,1.238532110091743,0.0519727747164222,109,89,14,6,not_evaluated,not_evaluated
I give it six moons.,1.238532110091743,0.0485940323610724,109,87,18,4,not_evaluated,not_evaluated
I’ll never find anyone to pillage with.,1.238532110091743,0.046813302765362,109,86,20,3,not_evaluated,not_evaluated
Luckily she has her sword to parry his spear tonight,1.238532110091743,0.0503117744312051,109,88,16,5,not_evaluated,not_evaluated
Let's hope she skips that tradition of 'throwing the bouquet'.,1.238532110091743,0.046813302765362,109,86,20,3,not_evaluated,not_evaluated
"And for their honeymoon, they're going to sack and pillage the Outer Hebrides.",1.238532110091743,0.0485940323610724,109,87,18,4,not_evaluated,not_evaluated
They're going on a raiding cruise for their honeymoon.,1.238532110091743,0.0485940323610724,109,87,18,4,not_evaluated,not_evaluated
Some of us would prefer that they wore Cheeseheads.,1.238532110091743,0.0485940323610724,109,87,18,4,not_evaluated,not_evaluated
Of course the reception dinner is paleo,1.238532110091743,0.0503117744312051,109,88,16,5,not_evaluated,not_evaluated
I give it till next Sunday night.,1.238532110091743,0.0485940323610724,109,87,18,4,not_evaluated,not_evaluated
"Despite the raping and pillaging, they are quite the couple.""",1.238532110091743,0.0503117744312051,109,88,16,5,not_evaluated,not_evaluated
I dont think its healthy to binge watch Thrones while planning a wedding.,1.238532110091743,0.0503117744312051,109,88,16,5,not_evaluated,not_evaluated
I've heard they're going to invade Norway on their honeymoon.,1.238532110091743,0.046813302765362,109,86,20,3,not_evaluated,not_evaluated
They're moving to Denmark to be closer to Olin's great-great-great-great-great-great-great-great-great-great-great-grandfather.,1.238532110091743,0.046813302765362,109,86,20,3,not_evaluated,not_evaluated
It is my pleasure to now pronounce them confused! You may now kiss whatever is standing next to you.,1.238532110091743,0.0430313372460865,109,84,24,1,not_evaluated,not_evaluated
They're vegans.,1.238532110091743,0.0519727747164222,109,89,14,6,not_evaluated,not_evaluated
"Regardless, I still think 23andMe is a fun engagement present",1.238532110091743,0.046813302765362,109,86,20,3,not_evaluated,not_evaluated
I just wish she wouldn’t have used her sword to tailor that dress.,1.238532110091743,0.0485940323610724,109,87,18,4,not_evaluated,not_evaluated
"For their honeymoon, they're going to conquer France.",1.238532110091743,0.0503117744312051,109,88,16,5,not_evaluated,not_evaluated
We don't sack the church until after the ceremony.',1.238532110091743,0.046813302765362,109,86,20,3,not_evaluated,not_evaluated
“And I hear they’re taking a Viking cruise for their Honeymoon. Can you believe that?,1.238532110091743,0.046813302765362,109,86,20,3,not_evaluated,not_evaluated
Tell me again why we spent $200 on matching dresses.,1.238532110091743,0.0449621023807155,109,85,22,2,not_evaluated,not_evaluated
"And to rape, plunder and pillage so long as you both shall live?",1.238532110091743,0.0449621023807155,109,85,22,2,not_evaluated,not_evaluated
Couples that rape and pillage together stay together.,1.238532110091743,0.0485940323610724,109,87,18,4,not_evaluated,not_evaluated
She wanted a man from the old school.,1.238532110091743,0.046813302765362,109,86,20,3,not_evaluated,not_evaluated
The Groupon for the Viking Cruise delivered big-time.,1.238532110091743,0.046813302765362,109,86,20,3,not_evaluated,not_evaluated
They registered for plunder.,1.238532110091743,0.046813302765362,109,86,20,3,not_evaluated,not_evaluated
Maybe I'll pass on trying to catch the bouquet...,1.238532110091743,0.0449621023807155,109,85,22,2,not_evaluated,not_evaluated
"Your having forsworn rape and pillage, I now pronounce you....",1.238532110091743,0.0519727747164222,109,89,14,6,not_evaluated,not_evaluated
It started with the Paleo diet.,1.238532110091743,0.046813302765362,109,86,20,3,not_evaluated,not_evaluated
What does a vow to 'kill the wabbit' mean?,1.238532110091743,0.046813302765362,109,86,20,3,not_evaluated,not_evaluated
They both worked at Medieval Times when they met.,1.238532110091743,0.046813302765362,109,86,20,3,not_evaluated,not_evaluated
"I told them, stop trying to be trendy. Everybody's doing their honeymoon in Iceland.",1.238532110091743,0.0503117744312051,109,88,16,5,not_evaluated,not_evaluated
I now pronounce you husband and wife until the fat lady sings.,1.238532110091743,0.046813302765362,109,86,20,3,not_evaluated,not_evaluated
"If anyone knows why this couple should not marry, keep silent or bid this world farewell.",1.238532110091743,0.0503117744312051,109,88,16,5,not_evaluated,not_evaluated
You may now rub noses!,1.238532110091743,0.0485940323610724,109,87,18,4,not_evaluated,not_evaluated
"Remember, you two - it's not the size of the boat, but the motion of the ocean.",1.238532110091743,0.046813302765362,109,86,20,3,not_evaluated,not_evaluated
"I'd forget that ""I object"" nonsense if I were you.",1.238532110091743,0.0503117744312051,109,88,16,5,not_evaluated,not_evaluated
“Throwback Thursdays are getting out of hand”.,1.238532110091743,0.0449621023807155,109,85,22,2,not_evaluated,not_evaluated
You may kiss the 'brúor' or 'kván' or whatever.,1.238532110091743,0.0503117744312051,109,88,16,5,not_evaluated,not_evaluated
So do you think that he'll carry her down the aisle on his shoulder or drag her by the hair after they cross swords?,1.238532110091743,0.0485940323610724,109,87,18,4,not_evaluated,not_evaluated
It's a compromise. She wanted a vintage dress. He wanted  a Viking stove.,1.238532110091743,0.0449621023807155,109,85,22,2,not_evaluated,not_evaluated
They're taking that Paleo diet very seriously.,1.238532110091743,0.0503117744312051,109,88,16,5,not_evaluated,not_evaluated
I think they fired the wedding planner prematurely.,1.238532110091743,0.0485940323610724,109,87,18,4,not_evaluated,not_evaluated
They really went all in on the paleo diet,1.238532110091743,0.0535823102994961,109,90,12,7,not_evaluated,not_evaluated
I hear they are going to honeymoon in Valhalla!,1.238532110091743,0.0449621023807155,109,85,22,2,not_evaluated,not_evaluated
It's a crossbow wedding.,1.238532110091743,0.0485940323610724,109,87,18,4,not_evaluated,not_evaluated
"Feels more like 'speak now, or forever hold your piece.",1.238532110091743,0.046813302765362,109,86,20,3,not_evaluated,not_evaluated
You may now cancel HBO,1.238532110091743,0.046813302765362,109,86,20,3,not_evaluated,not_evaluated
"Hilda says all the phallic symbols are just for show, except hers.",1.238532110091743,0.0485940323610724,109,87,18,4,not_evaluated,not_evaluated
"She did manage to talk him out of wearing
that stylish nosepiece.",1.238532110091743,0.0535823102994961,109,90,12,7,not_evaluated,not_evaluated
"And if anyone has an objection, speak now and prepare for combat or forever hold your peace.",1.238532110091743,0.0449621023807155,109,85,22,2,not_evaluated,not_evaluated
"I know vows don't usually include so many pledges to 'spare no one,' but they wrote their own. So romantic.",1.238532110091743,0.0449621023807155,109,85,22,2,not_evaluated,not_evaluated
"I knew I should have worn my loin cloth""....",1.238532110091743,0.046813302765362,109,86,20,3,not_evaluated,not_evaluated
I hope Kevin shows up. We need six to witness their consummation and I don't want to have to use the priest...,1.238532110091743,0.0519727747164222,109,89,14,6,not_evaluated,not_evaluated
I think everyone's prepared to hold their peace.,1.238532110091743,0.0485940323610724,109,87,18,4,not_evaluated,not_evaluated
In Minnesota it isn't possible to be too rabid a fan of your NFL team.,1.238532110091743,0.0519727747164222,109,89,14,6,not_evaluated,not_evaluated
"To have and to hold, for better or for worse, through plague and disease and invasion of Germanic hordes...till death do you part.",1.238532110091743,0.046813302765362,109,86,20,3,not_evaluated,not_evaluated
Can you believe they were a perfect match on social media.,1.238532110091743,0.0430313372460865,109,84,24,1,not_evaluated,not_evaluated
They’re storming a castle for their honeymoon.,1.238532110091743,0.0519727747164222,109,89,14,6,not_evaluated,not_evaluated
What village are they raiding for their honeymoon?,1.238532110091743,0.046813302765362,109,86,20,3,not_evaluated,not_evaluated
Dearly be-hunted ...,1.238532110091743,0.0485940323610724,109,87,18,4,not_evaluated,not_evaluated
They see eye to eye on the important things.,1.238532110091743,0.046813302765362,109,86,20,3,not_evaluated,not_evaluated
You should've been there when Freyja heard from Ragnhild and Halvor that Jormungand invited his ex Oddveig to the wedding. It was a complete nightmare.,1.238532110091743,0.0551448877262344,109,91,10,8,not_evaluated,not_evaluated
I'm having trouble following ... I don't understand Norse code.,1.238532110091743,0.0519727747164222,109,89,14,6,not_evaluated,not_evaluated
"Well, they clearly are an 'old-fashioned love' kind of couple...",1.238532110091743,0.046813302765362,109,86,20,3,not_evaluated,not_evaluated
They met at the Lohengrin opera.,1.2363636363636363,0.0446042232883623,110,86,22,2,not_evaluated,not_evaluated
When they bring out the sacrificial lamb just tell them I had to go pee.,1.233644859813084,0.050703809095611,107,87,15,5,not_evaluated,not_evaluated
"The third groomsman couldn’t make it.  He died last week in the Battle of Oslo.”

Robert Van Brocklin, Portland, Ore.",1.233644859813084,0.050703809095611,107,87,15,5,not_evaluated,not_evaluated
Let's hope they don't have kids.,1.233644859813084,0.0489340424811706,107,86,17,4,not_evaluated,not_evaluated
"When she tosses her sword, be careful how you catch it.",1.233644859813084,0.0489340424811706,107,86,17,4,not_evaluated,not_evaluated
"I still say she's taking this paleo thing way too far.""",1.233644859813084,0.050703809095611,107,87,15,5,not_evaluated,not_evaluated
You may now slaughter the bride.,1.233644859813084,0.0489340424811706,107,86,17,4,not_evaluated,not_evaluated
Now you may keep the Bride,1.233644859813084,0.0470978212903087,107,85,19,3,not_evaluated,not_evaluated
"She goes on the paleo diet, and next thing you know, she's Mrs. Zug.",1.233644859813084,0.0489340424811706,107,86,17,4,not_evaluated,not_evaluated
You know they didn't actually wear horned helmets.,1.233644859813084,0.0489340424811706,107,86,17,4,not_evaluated,not_evaluated
"Personally, I'd rather be at a Viking funeral.",1.233644859813084,0.0489340424811706,107,86,17,4,not_evaluated,not_evaluated
I'm predicting that this is going to be a combative relationship.,1.233644859813084,0.0470978212903087,107,85,19,3,not_evaluated,not_evaluated
You don’t want to know where they’re registered.,1.233644859813084,0.0489340424811706,107,86,17,4,not_evaluated,not_evaluated
This bouquet toss will not be pretty.,1.233644859813084,0.043191819639644,107,83,23,1,not_evaluated,not_evaluated
"She told me that they had bonded over a shared love for the Paleo diet, but this is taking things a bit too far...",1.233644859813084,0.0524138531312031,107,88,13,6,not_evaluated,not_evaluated
"6 to 1 he's dead by sunrise, eh?",1.233644859813084,0.0540698413472287,107,89,11,7,not_evaluated,not_evaluated
It all started with that Paleo diet.,1.233644859813084,0.0524138531312031,107,88,13,6,not_evaluated,not_evaluated
"""And may you live happily ever after and be great in the sack.""",1.233644859813084,0.050703809095611,107,87,15,5,not_evaluated,not_evaluated
I thought he was supposed to give her his sword AFTER the wedding.,1.233644859813084,0.0489340424811706,107,86,17,4,not_evaluated,not_evaluated
Hurry! The Vikings game starts in ten minutes!!!,1.233644859813084,0.0470978212903087,107,85,19,3,not_evaluated,not_evaluated
I’m so sorry - this is the Wilkes wedding. The cosplay convention is next week.,1.233644859813084,0.0470978212903087,107,85,19,3,not_evaluated,not_evaluated
"Before we begin, has anyone seen the groom's double latte coffee cup?",1.233644859813084,0.0489340424811706,107,86,17,4,not_evaluated,not_evaluated
Nah - he wouldn't hear of a 'best man.',1.233644859813084,0.0470978212903087,107,85,19,3,not_evaluated,not_evaluated
Is the breakfast Paleo too?,1.233644859813084,0.0524138531312031,107,88,13,6,not_evaluated,not_evaluated
The honeymoon is going to be a Viking River Cruise.,1.233644859813084,0.050703809095611,107,87,15,5,not_evaluated,not_evaluated
Wait till you see the paleo wedding cake.,1.233644859813084,0.0489340424811706,107,86,17,4,not_evaluated,not_evaluated
You know he's pillaged and plundered half the women in Europe.,1.233644859813084,0.0489340424811706,107,86,17,4,not_evaluated,not_evaluated
I think these theme weddings have gone too far.,1.233644859813084,0.0470978212903087,107,85,19,3,not_evaluated,not_evaluated
"Always a bridesmaid, never a shield matron.",1.233644859813084,0.050703809095611,107,87,15,5,not_evaluated,not_evaluated
Whose cave are going to live in?,1.233644859813084,0.0470978212903087,107,85,19,3,not_evaluated,not_evaluated
And to think it was a blind date.,1.233644859813084,0.0540698413472287,107,89,11,7,not_evaluated,not_evaluated
"She's been dreaming about this day for literally 1,000 years.",1.233644859813084,0.0540698413472287,107,89,11,7,not_evaluated,not_evaluated
Alberich is nicer than he looks.,1.233644859813084,0.0470978212903087,107,85,19,3,not_evaluated,not_evaluated
I’m just glad she didn’t give up her sword!,1.233644859813084,0.0470978212903087,107,85,19,3,not_evaluated,not_evaluated
Her sword is mightier than his pen,1.233644859813084,0.0470978212903087,107,85,19,3,not_evaluated,not_evaluated
They met on VDate.,1.233644859813084,0.0524138531312031,107,88,13,6,not_evaluated,not_evaluated
Why do you think the invitation said Red Wedding?,1.233644859813084,0.0524138531312031,107,88,13,6,not_evaluated,not_evaluated
What happens in Vegas....,1.233644859813084,0.0470978212903087,107,85,19,3,not_evaluated,not_evaluated
How do you say vodka cranberry in Norse?,1.233644859813084,0.043191819639644,107,83,23,1,not_evaluated,not_evaluated
He looked a lot thinner on his Facebook page.,1.233644859813084,0.0451870449027008,107,84,21,2,not_evaluated,not_evaluated
At least she can wear hers for other occasions.,1.233644859813084,0.0451870449027008,107,84,21,2,not_evaluated,not_evaluated
"When they said old fashion wedding, I thought they meant the 80's.",1.233644859813084,0.050703809095611,107,87,15,5,not_evaluated,not_evaluated
"The vacuum was pricey, but Aunt Carol got stuck with “blood of the enemy.”",1.233644859813084,0.0489340424811706,107,86,17,4,not_evaluated,not_evaluated
God help him if he messes up a line.,1.233644859813084,0.0451870449027008,107,84,21,2,not_evaluated,not_evaluated
He just got a job in Minnesota.,1.233644859813084,0.0489340424811706,107,86,17,4,not_evaluated,not_evaluated
Dearly Beweaponed...,1.233644859813084,0.050703809095611,107,87,15,5,not_evaluated,not_evaluated
Warning! This sermon contains Game of Thrones spoilers.,1.233644859813084,0.050703809095611,107,87,15,5,not_evaluated,not_evaluated
I love her shoes! They match her wedding dress perfectly.,1.233644859813084,0.050703809095611,107,87,15,5,not_evaluated,not_evaluated
They'll be honeymooning along the coast of Normandy.,1.233644859813084,0.0470978212903087,107,85,19,3,not_evaluated,not_evaluated
I heard they're honeymooning at Lindisfarne.,1.233644859813084,0.0489340424811706,107,86,17,4,not_evaluated,not_evaluated
They met on the set of Games of Thrones.,1.233644859813084,0.055676597296976,107,90,9,8,not_evaluated,not_evaluated
"After they get the bill for this themed wedding, they are also going to be playing a lot of Game of Loans.",1.233644859813084,0.0470978212903087,107,85,19,3,not_evaluated,not_evaluated
There's a small problem. She has a seafood allergy.,1.233644859813084,0.0489340424811706,107,86,17,4,not_evaluated,not_evaluated
"To be true to the theme, he should just throw her over his shoulder and head for his hut.",1.233644859813084,0.0470978212903087,107,85,19,3,not_evaluated,not_evaluated
Jerry’s 12% Swedish result from Ancestry.com and here we stand in these ridiculous outfits.,1.233644859813084,0.050703809095611,107,87,15,5,not_evaluated,not_evaluated
"The hip satchel REALLY doesn't go with her dress, it's such a primitive accessory.",1.233644859813084,0.050703809095611,107,87,15,5,not_evaluated,not_evaluated
"When I heard it was a Scandinavian theme, I thought they meant minimalist.",1.233644859813084,0.0489340424811706,107,86,17,4,not_evaluated,not_evaluated
You still want to do mazel tov?,1.233644859813084,0.0451870449027008,107,84,21,2,not_evaluated,not_evaluated
And they met on the Viking River Cruise ship.,1.233644859813084,0.0470978212903087,107,85,19,3,not_evaluated,not_evaluated
"Seems like only yesterday, they were Jedi Warriors.",1.233644859813084,0.0489340424811706,107,86,17,4,not_evaluated,not_evaluated
Is the tossing of the sword still traditional?,1.233644859813084,0.050703809095611,107,87,15,5,not_evaluated,not_evaluated
"I get it— We all love the Vikings, but really? Purple bridesmaids dresses?!",1.233644859813084,0.0524138531312031,107,88,13,6,not_evaluated,not_evaluated
Apparently he told her he was horny and she appreciated his honesty.,1.233644859813084,0.050703809095611,107,87,15,5,not_evaluated,not_evaluated
I'm guessing they don't have a prenup.,1.233644859813084,0.050703809095611,107,87,15,5,not_evaluated,not_evaluated
"Diamonds are out, valyrian steel is in.",1.233644859813084,0.050703809095611,107,87,15,5,not_evaluated,not_evaluated
It looks like they picked fish for dinner and we have a choice between spearfish and swordfish.,1.233644859813084,0.0489340424811706,107,86,17,4,not_evaluated,not_evaluated
Getting him here has been quite the saga.,1.233644859813084,0.050703809095611,107,87,15,5,not_evaluated,not_evaluated
I heard the pre-nup covers pillage spoils.,1.233644859813084,0.0470978212903087,107,85,19,3,not_evaluated,not_evaluated
For better or for Norse…”,1.233644859813084,0.050703809095611,107,87,15,5,not_evaluated,not_evaluated
"Through siege, plunder, and mayhem 'till death do you part.",1.233644859813084,0.0470978212903087,107,85,19,3,not_evaluated,not_evaluated
He’s rushing because there’s a Viking funeral next.,1.233644859813084,0.0524138531312031,107,88,13,6,not_evaluated,not_evaluated
"One of them dies in the last episode """,1.2314814814814814,0.0485270787963912,108,87,17,4,not_evaluated,not_evaluated
"Yes, he will obey.",1.2293577981651376,0.0498605386397374,109,89,15,5,not_evaluated,not_evaluated
Was it the best man or maid of honor that was supposed to bring the side of beef?,1.2293577981651376,0.0425028781638927,109,85,23,1,not_evaluated,not_evaluated
They pillaged their own vows.,1.2285714285714286,0.0510998857678179,105,86,14,5,not_evaluated,not_evaluated
I give it until the 'sack and pillage' season.,1.2285714285714286,0.0510998857678179,105,86,14,5,not_evaluated,not_evaluated
"She dated a Great and a Good, but she chose Magnus the So-So.",1.2285714285714286,0.0473803541479342,105,84,18,3,not_evaluated,not_evaluated
"Be man and wife, united before God in heaven until Game of Throne's series finale do you part.",1.2285714285714286,0.0492752284858614,105,85,16,4,not_evaluated,not_evaluated
They flipped a coin between The Vikings and Game of Thrones.,1.2285714285714286,0.0454064728429052,105,83,20,2,not_evaluated,not_evaluated
Let's head straight to the open bar before it's pillaged.,1.2285714285714286,0.0473803541479342,105,84,18,3,not_evaluated,not_evaluated
And they promise to pillage and sack till death do them part.,1.2285714285714286,0.0454064728429052,105,83,20,2,not_evaluated,not_evaluated
No I didn’t meet her at a Pilates class. We met when we sacked his kingdom.,1.2285714285714286,0.0492752284858614,105,85,16,4,not_evaluated,not_evaluated
...as long as you both shall pillage.,1.2285714285714286,0.0454064728429052,105,83,20,2,not_evaluated,not_evaluated
"Don't worry, the bride switches the sword with a bouquet before the toss.",1.2285714285714286,0.0492752284858614,105,85,16,4,not_evaluated,not_evaluated
"They're really gung-ho on this Viking cruise honeymoon trip, huh?",1.2285714285714286,0.0510998857678179,105,86,14,5,not_evaluated,not_evaluated
"We are gathered here today to celebrate the union of...okay I can't pronounce either of your names, so why not we cut to the cake?",1.2285714285714286,0.0492752284858614,105,85,16,4,not_evaluated,not_evaluated
"Will you love, honor and  equally share the spoils from pillage until death do you part?",1.2285714285714286,0.0433427917061569,105,82,22,1,not_evaluated,not_evaluated
"Double or nothing, Anna, they’ll last for two years.",1.2285714285714286,0.0492752284858614,105,85,16,4,not_evaluated,not_evaluated
"The Best Man forgot the rings, so we’re waiting for him to plunder the village for a new pair.",1.2285714285714286,0.0473803541479342,105,84,18,3,not_evaluated,not_evaluated
"Another ""conquest"" for Magnus.",1.2285714285714286,0.0510998857678179,105,86,14,5,not_evaluated,not_evaluated
"Liv looks so cute as ""Vi"" and Ingmar so handsome as ""King"".",1.2285714285714286,0.0492752284858614,105,85,16,4,not_evaluated,not_evaluated
"I introduced them at Comic Con.
It was love at first LARP.",1.2285714285714286,0.0454064728429052,105,83,20,2,not_evaluated,not_evaluated
"She keeps calling him 'Hun'--it's a Baltimore thing.""",1.2285714285714286,0.0492752284858614,105,85,16,4,not_evaluated,not_evaluated
I don’t know what she sees in Hagar. I think he’s horrible.,1.2285714285714286,0.0492752284858614,105,85,16,4,not_evaluated,not_evaluated
"If anyone here knows of a reason why this couple should not be joined in holy matrimony, let him stand and grunt now.",1.2285714285714286,0.0492752284858614,105,85,16,4,not_evaluated,not_evaluated
It was love at first pillage.,1.2285714285714286,0.0510998857678179,105,86,14,5,not_evaluated,not_evaluated
"Speak now, or as I would highly recommend, forever hold your peace.",1.2285714285714286,0.0454064728429052,105,83,20,2,not_evaluated,not_evaluated
Shotgun? What's a shotgun?,1.2285714285714286,0.0492752284858614,105,85,16,4,not_evaluated,not_evaluated
I was there when she said yes to that dress.,1.2285714285714286,0.0473803541479342,105,84,18,3,not_evaluated,not_evaluated
It's a match made in Valhalla - they're both 9-5 Barbarians.,1.2285714285714286,0.0510998857678179,105,86,14,5,not_evaluated,not_evaluated
"She may never see her village again, but at least she’s keeping her last name.",1.2285714285714286,0.0510998857678179,105,86,14,5,not_evaluated,not_evaluated
"Well, they did say it wasn’t going to be a shotgun wedding",1.2285714285714286,0.0473803541479342,105,84,18,3,not_evaluated,not_evaluated
Don’t you just love old-fashioned weddings?,1.2285714285714286,0.0454064728429052,105,83,20,2,not_evaluated,not_evaluated
They're into paleo but I'm not sure it's working for him.,1.2285714285714286,0.0492752284858614,105,85,16,4,not_evaluated,not_evaluated
A match made in Valhalla.,1.2285714285714286,0.0473803541479342,105,84,18,3,not_evaluated,not_evaluated
"The minister is leaving out the ""till death do you part"" part.",1.2285714285714286,0.0473803541479342,105,84,18,3,not_evaluated,not_evaluated
It was the only thing they could come up with when his tux wasn't delivered.,1.2285714285714286,0.0528615976738711,105,87,12,6,not_evaluated,not_evaluated
I think the sword emphasizes the 'keep' part of the vows.,1.2285714285714286,0.0473803541479342,105,84,18,3,not_evaluated,not_evaluated
They are so right for each other! I love their matching gowns!,1.2285714285714286,0.0528615976738711,105,87,12,6,not_evaluated,not_evaluated
"I’m warning ya, don’t do Ancestry.com!",1.2285714285714286,0.0510998857678179,105,86,14,5,not_evaluated,not_evaluated
Do You Promise To Honor 'Game of Thrones' for as long as you both shall live?,1.2285714285714286,0.0492752284858614,105,85,16,4,not_evaluated,not_evaluated
This isn’t the first troth he’s plighted,1.2285714285714286,0.0510998857678179,105,86,14,5,not_evaluated,not_evaluated
"My Old Norse isn't so good, but I think he just said ""I ate the third groomsman.""",1.2285714285714286,0.0433427917061569,105,82,22,1,not_evaluated,not_evaluated
"I tried to fix her up with my cousin, but she said he was kind of rough around the edges.",1.2285714285714286,0.0454064728429052,105,83,20,2,not_evaluated,not_evaluated
"He was her patient in the hospital, and he took a turn for the Norse.",1.2285714285714286,0.0510998857678179,105,86,14,5,not_evaluated,not_evaluated
I’m gonna have Jourasic themed wedding,1.2285714285714286,0.0510998857678179,105,86,14,5,not_evaluated,not_evaluated
"...to love, honor, and cherish, as long as the ratings hold up...",1.2285714285714286,0.0492752284858614,105,85,16,4,not_evaluated,not_evaluated
Now you can fight the bride,1.2285714285714286,0.0473803541479342,105,84,18,3,not_evaluated,not_evaluated
"She's obsessed with the ""something old"" part.",1.2285714285714286,0.0510998857678179,105,86,14,5,not_evaluated,not_evaluated
None of them would dare claim to be the best man.,1.2285714285714286,0.0433427917061569,105,82,22,1,not_evaluated,not_evaluated
"On the hilt of her sword she promises, “To death be the penalty of your infidelity.”",1.2285714285714286,0.0473803541479342,105,84,18,3,not_evaluated,not_evaluated
I'm skipping the reception.,1.2285714285714286,0.0473803541479342,105,84,18,3,not_evaluated,not_evaluated
"""Do you take this woman? I mean seriously, with a manpurse""",1.2285714285714286,0.0492752284858614,105,85,16,4,not_evaluated,not_evaluated
They're planning on pillaging Iceland for their honeymoon.,1.2285714285714286,0.0473803541479342,105,84,18,3,not_evaluated,not_evaluated
They are taking this paleo diet thing too far.,1.2285714285714286,0.0492752284858614,105,85,16,4,not_evaluated,not_evaluated
I kinda wish they had never learned that they had so much Neanderthal DNA.,1.2285714285714286,0.0473803541479342,105,84,18,3,not_evaluated,not_evaluated
Eric. Mrs. Red. I now pronounce you plunderer and plunderess.,1.2285714285714286,0.0492752284858614,105,85,16,4,not_evaluated,not_evaluated
"When they said ""destination wedding"", I didn't think they meant Mordor.",1.2285714285714286,0.0454064728429052,105,83,20,2,not_evaluated,not_evaluated
Honeymoon plans were a cruise but Comic-Con is next week.,1.2285714285714286,0.0492752284858614,105,85,16,4,not_evaluated,not_evaluated
"I'm not sure why my sister asked me to be a bridesmaid. I mean, I've never watched an episode of ""Game of Thrones.""",1.2285714285714286,0.0492752284858614,105,85,16,4,not_evaluated,not_evaluated
I wish our dresses had fringe on the bottom too.,1.2285714285714286,0.0492752284858614,105,85,16,4,not_evaluated,not_evaluated
"The honeymoon is at a place called ""Plunder & Pillage"".",1.2285714285714286,0.0492752284858614,105,85,16,4,not_evaluated,not_evaluated
Aw! They're wearing what they wore when they first met.,1.2285714285714286,0.0510998857678179,105,86,14,5,not_evaluated,not_evaluated
Did you order the paleo or the keto?,1.2285714285714286,0.0473803541479342,105,84,18,3,not_evaluated,not_evaluated
He make look imposing but pleeze... a fanny pack? He probably has never pillaged in his life.,1.2285714285714286,0.0473803541479342,105,84,18,3,not_evaluated,not_evaluated
O.K. call in the Valkaries,1.2285714285714286,0.0473803541479342,105,84,18,3,not_evaluated,not_evaluated
They met on a Viking cruise ship!,1.2285714285714286,0.0473803541479342,105,84,18,3,not_evaluated,not_evaluated
"She's as horney as he is,but wouldn't be caught dead in that hat.",1.2285714285714286,0.0411758109784509,105,81,24,0,not_evaluated,not_evaluated
I give it six generations.,1.2285714285714286,0.0510998857678179,105,86,14,5,not_evaluated,not_evaluated
"After the wedding you better be careful.  Instead of a bouquet, she throws the sword, and instead of a garter, he throws the spear.",1.2285714285714286,0.0510998857678179,105,86,14,5,not_evaluated,not_evaluated
Last week I was at a Viking funeral...,1.2285714285714286,0.0510998857678179,105,86,14,5,not_evaluated,not_evaluated
There's heritage and there's effin' whacko.  Please tell me she did not just say 'Obey'.,1.2285714285714286,0.0473803541479342,105,84,18,3,not_evaluated,not_evaluated
I give it a year before she realizes how horrible he is.,1.2285714285714286,0.0492752284858614,105,85,16,4,not_evaluated,not_evaluated
He promised he’d get circumcised after the ceremony,1.2285714285714286,0.0528615976738711,105,87,12,6,not_evaluated,not_evaluated
Vlad's final conquest!,1.2285714285714286,0.0473803541479342,105,84,18,3,not_evaluated,not_evaluated
"As soon as the ceremony is over, we'll be hunting and gathering dinner.",1.2285714285714286,0.0473803541479342,105,84,18,3,not_evaluated,not_evaluated
Their relationship goes way back.,1.2285714285714286,0.0492752284858614,105,85,16,4,not_evaluated,not_evaluated
I have a sudden taste for a Danish.,1.2285714285714286,0.0473803541479342,105,84,18,3,not_evaluated,not_evaluated
It seems like they dated forever. !,1.2285714285714286,0.0454064728429052,105,83,20,2,not_evaluated,not_evaluated
After the ceremony we are going to pillage the Arnowitz reception.,1.2285714285714286,0.0510998857678179,105,86,14,5,not_evaluated,not_evaluated
"I didn't know Paleo was a fashion, too.",1.2285714285714286,0.0510998857678179,105,86,14,5,not_evaluated,not_evaluated
"Well, this IS her third marriage.",1.2285714285714286,0.0492752284858614,105,85,16,4,not_evaluated,not_evaluated
The huge rock is making more sense.,1.2285714285714286,0.0454064728429052,105,83,20,2,not_evaluated,not_evaluated
I know she was a Vikings fan even when she was young. But this?,1.2285714285714286,0.0510998857678179,105,86,14,5,not_evaluated,not_evaluated
Someday they hope to get a throne of their own.,1.2285714285714286,0.0473803541479342,105,84,18,3,not_evaluated,not_evaluated
"Well it took a horse, two trains and a flux capacitor but here, in this state and time, you two can be married.",1.2285714285714286,0.0545664612356748,105,88,10,7,not_evaluated,not_evaluated
"Finding a dress wasn't a problem, wait till you see their registry",1.2285714285714286,0.0510998857678179,105,86,14,5,not_evaluated,not_evaluated
I plan to avoid her bouquet toss.,1.2285714285714286,0.0510998857678179,105,86,14,5,not_evaluated,not_evaluated
They're both workaholics.  For the honeymoon they're pillaging the South of France.,1.2285714285714286,0.0528615976738711,105,87,12,6,not_evaluated,not_evaluated
I don’t think they break the glass at  this one!,1.2285714285714286,0.0473803541479342,105,84,18,3,not_evaluated,not_evaluated
She's the pillage to his plunder.,1.2285714285714286,0.0528615976738711,105,87,12,6,not_evaluated,not_evaluated
And may you always rampage together for better or worse and richer or poorer.,1.2285714285714286,0.0492752284858614,105,85,16,4,not_evaluated,not_evaluated
"I didn't know this was what they meant when the invite said ""black tie optional""",1.2285714285714286,0.0433427917061569,105,82,22,1,not_evaluated,not_evaluated
"What’s this about Bifrost, Asgard and Odin. I thought this was an Episcopalian wedding.",1.2285714285714286,0.0473803541479342,105,84,18,3,not_evaluated,not_evaluated
"It's going to be a ""tough go"". She's descended from Greenland and he from Norway.",1.2285714285714286,0.0454064728429052,105,83,20,2,not_evaluated,not_evaluated
Football nuts...they're Vikings fans.,1.2285714285714286,0.0492752284858614,105,85,16,4,not_evaluated,not_evaluated
THESE VIKING FANS ARE GETTING RIDICULOUS.,1.2285714285714286,0.0473803541479342,105,84,18,3,not_evaluated,not_evaluated
She said he got her rocks off.,1.2285714285714286,0.0473803541479342,105,84,18,3,not_evaluated,not_evaluated
Do you know how long this is going to take? I've got a pillaging in an hour.,1.2285714285714286,0.0510998857678179,105,86,14,5,not_evaluated,not_evaluated
"They're a very progressive couple. She hit HIM over the head and dragged him here, but not before she made him sign a prenup.",1.2285714285714286,0.0473803541479342,105,84,18,3,not_evaluated,not_evaluated
"When they said that their 'Love of the Vikings' brought them together, I thought they meant football.",1.2285714285714286,0.0473803541479342,105,84,18,3,not_evaluated,not_evaluated
Aren't they sweet?  They met at the Bar Review course.,1.2285714285714286,0.0492752284858614,105,85,16,4,not_evaluated,not_evaluated
At least she gave consent before he pillages.,1.2285714285714286,0.0433427917061569,105,82,22,1,not_evaluated,not_evaluated
"I think they met on ""Survivor: Goth Edition.""",1.2285714285714286,0.0510998857678179,105,86,14,5,not_evaluated,not_evaluated
"Now cross your weapons, spit and say you bet.",1.2285714285714286,0.0510998857678179,105,86,14,5,not_evaluated,not_evaluated
"I must admit Ethel, I am excited for the true Viking buffet of putrefied shark, mead and puffin",1.2285714285714286,0.0528615976738711,105,87,12,6,not_evaluated,not_evaluated
I didn't expect them to settle down.,1.2285714285714286,0.0454064728429052,105,83,20,2,not_evaluated,not_evaluated
"For me, plundering and pillaging would have been dealbreakers.",1.2285714285714286,0.0510998857678179,105,86,14,5,not_evaluated,not_evaluated
White was not an option.,1.2285714285714286,0.0492752284858614,105,85,16,4,not_evaluated,not_evaluated
Congratulations . . . and now back to raping and pillaging.,1.2285714285714286,0.0492752284858614,105,85,16,4,not_evaluated,not_evaluated
I understand that they met on-line.,1.2285714285714286,0.0528615976738711,105,87,12,6,not_evaluated,not_evaluated
Will you accept this sword?,1.2285714285714286,0.0510998857678179,105,86,14,5,not_evaluated,not_evaluated
I don't have cable... I've never even seen Game of Thrones,1.2285714285714286,0.0492752284858614,105,85,16,4,not_evaluated,not_evaluated
Are you going to the reception? I hear there'll be sword fighting.,1.2285714285714286,0.0473803541479342,105,84,18,3,not_evaluated,not_evaluated
I am so not looking forward to the traditional tossing of the sword.,1.2285714285714286,0.0473803541479342,105,84,18,3,not_evaluated,not_evaluated
We're rowing them to Maui for the honeymoon.,1.2285714285714286,0.0473803541479342,105,84,18,3,not_evaluated,not_evaluated
You may now drag the bride to your lair by her hair.,1.2285714285714286,0.0473803541479342,105,84,18,3,not_evaluated,not_evaluated
How do you think they afjord this?,1.2285714285714286,0.0473803541479342,105,84,18,3,not_evaluated,not_evaluated
They must be preparing for “til death do us part.”,1.2285714285714286,0.0492752284858614,105,85,16,4,not_evaluated,not_evaluated
Hers is by Olga Beste. His is a cheap imitation.,1.2285714285714286,0.0492752284858614,105,85,16,4,not_evaluated,not_evaluated
Only second marriages can get away with this.,1.2285714285714286,0.0473803541479342,105,84,18,3,not_evaluated,not_evaluated
Oriental Trading was having a 50% off sale.,1.2285714285714286,0.0492752284858614,105,85,16,4,not_evaluated,not_evaluated
I see we're back on the Viking Cruise itinerary.,1.2285714285714286,0.0473803541479342,105,84,18,3,not_evaluated,not_evaluated
"Twice blessed, a marriage license AND a license for open carry, a match made in Valhalla.",1.2285714285714286,0.0528615976738711,105,87,12,6,not_evaluated,not_evaluated
"I remember she said, “wear your skins,” but I thought that was a Norse valediction.",1.2285714285714286,0.0473803541479342,105,84,18,3,not_evaluated,not_evaluated
"And now, if there are any guests here who object to this union - and have a death wish - I invite you to speak up at this time.  For the rest of you, I recommend identifying the nearest exit - it may be behind you.",1.2285714285714286,0.0545664612356748,105,88,10,7,not_evaluated,not_evaluated
It's a marriage made in Valhalla.,1.2285714285714286,0.0433427917061569,105,82,22,1,not_evaluated,not_evaluated
"It is just me or did he say' ""you may now stab the bride?""",1.2285714285714286,0.0510998857678179,105,86,14,5,not_evaluated,not_evaluated
"So I don't think it's anything you need to worry about, but I need to ask if anyone objects to you two marrying.",1.2285714285714286,0.0473803541479342,105,84,18,3,not_evaluated,not_evaluated
Today we celebrate the Black Irish and Viking bloodlines in our DNA map...,1.2285714285714286,0.0473803541479342,105,84,18,3,not_evaluated,not_evaluated
They are going to honeymoon in Minnesota.,1.2285714285714286,0.0473803541479342,105,84,18,3,not_evaluated,not_evaluated
I hope this one goes better then her Byzantine  marriage.,1.2285714285714286,0.0528615976738711,105,87,12,6,not_evaluated,not_evaluated
The reception theme is the sacking of Rome.,1.2285714285714286,0.0492752284858614,105,85,16,4,not_evaluated,not_evaluated
"You know what they say, Carol: Always a bridesmaid, never a warrior princess.",1.2285714285714286,0.0492752284858614,105,85,16,4,not_evaluated,not_evaluated
These celebrity weddings are weird as fuck.,1.2285714285714286,0.0492752284858614,105,85,16,4,not_evaluated,not_evaluated
My gift is those matching Gucci purses.,1.2285714285714286,0.0492752284858614,105,85,16,4,not_evaluated,not_evaluated
"So, who wears the pants in the relationship?",1.2285714285714286,0.0528615976738711,105,87,12,6,not_evaluated,not_evaluated
They wanted an older traditional Scandinavian wedding,1.2285714285714286,0.0528615976738711,105,87,12,6,not_evaluated,not_evaluated
They are really leaning into having dated wedding photos.,1.2285714285714286,0.0510998857678179,105,86,14,5,not_evaluated,not_evaluated
"At the reception dance onboard the ship, expect  beer, fish and violence.",1.2285714285714286,0.0492752284858614,105,85,16,4,not_evaluated,not_evaluated
I guess he was sacked.,1.2285714285714286,0.0492752284858614,105,85,16,4,not_evaluated,not_evaluated
The bride slaughtered the thousand lambs for the reception herself.,1.2285714285714286,0.0510998857678179,105,86,14,5,not_evaluated,not_evaluated
"Get a load of the gown! Next time, say No To The Dress!",1.2285714285714286,0.0473803541479342,105,84,18,3,not_evaluated,not_evaluated
Iceland has become a very hot honeymoon spot.,1.2285714285714286,0.0433427917061569,105,82,22,1,not_evaluated,not_evaluated
I hear they're going on a siege of Rome for their honeymoon.,1.2285714285714286,0.0528615976738711,105,87,12,6,not_evaluated,not_evaluated
His enemies decided on a slow painful death.,1.2285714285714286,0.0528615976738711,105,87,12,6,not_evaluated,not_evaluated
We are giving them matching pelts.,1.2285714285714286,0.0473803541479342,105,84,18,3,not_evaluated,not_evaluated
"Place the Ring of Death on her finger and say the following: ""Achk tychkty vlogh flvngyt ushkbt...""",1.2285714285714286,0.0528615976738711,105,87,12,6,not_evaluated,not_evaluated
"""Helga told me they're going to exchange weapons.""",1.2285714285714286,0.0492752284858614,105,85,16,4,not_evaluated,not_evaluated
This why I don't Internet date.,1.2285714285714286,0.0510998857678179,105,86,14,5,not_evaluated,not_evaluated
What is her wedding planner trying to tell her?,1.2285714285714286,0.0492752284858614,105,85,16,4,not_evaluated,not_evaluated
Do you promise to pillage and plunder till death due you part?,1.2285714285714286,0.0473803541479342,105,84,18,3,not_evaluated,not_evaluated
"Amazon Prime screwed this order up, big time.",1.2285714285714286,0.0454064728429052,105,83,20,2,not_evaluated,not_evaluated
"The other stuff was good, but the pillaging sealed the deal!",1.2285714285714286,0.0528615976738711,105,87,12,6,not_evaluated,not_evaluated
"The bride doesn't usually carry a weapon, but since this is her second marriage she thought she would carry the sword of Damocles.",1.2285714285714286,0.0473803541479342,105,84,18,3,not_evaluated,not_evaluated
"Right after the reception, they're going plundering.",1.2285714285714286,0.0492752284858614,105,85,16,4,not_evaluated,not_evaluated
They met on Game of Thrones,1.2285714285714286,0.0528615976738711,105,87,12,6,not_evaluated,not_evaluated
"I wish the new bride could throw us something else, like flowers or something.",1.2285714285714286,0.0510998857678179,105,86,14,5,not_evaluated,not_evaluated
This is a wonderful match. They are both heavily into genealogy.,1.2285714285714286,0.0528615976738711,105,87,12,6,not_evaluated,not_evaluated
I'm worried about the lack of vegetarian options at the reception.,1.2285714285714286,0.0473803541479342,105,84,18,3,not_evaluated,not_evaluated
"Am I terrible for thinking thinking more and more, 'America for Americans' """,1.2285714285714286,0.0473803541479342,105,84,18,3,not_evaluated,not_evaluated
I can’t believe she’s made us wear these ridiculous dresses,1.2285714285714286,0.0492752284858614,105,85,16,4,not_evaluated,not_evaluated
Can you believe they met on a Southwest flight to Des Moines?,1.2285714285714286,0.0528615976738711,105,87,12,6,not_evaluated,not_evaluated
There's a no-uxoricide clause in their prenup.,1.2285714285714286,0.0473803541479342,105,84,18,3,not_evaluated,not_evaluated
"Did he just say 'What God has joined together,go forth to pillage and plunder",1.2285714285714286,0.0473803541479342,105,84,18,3,not_evaluated,not_evaluated
I hear they're going to pillage the most adorable village for the honeymoon.,1.2285714285714286,0.0454064728429052,105,83,20,2,not_evaluated,not_evaluated
Their registry was all plunder and burn.,1.2285714285714286,0.0492752284858614,105,85,16,4,not_evaluated,not_evaluated
Ten to one Freydis turns Eric the Bloodaxe into Eric the Lapdog.,1.2285714285714286,0.0492752284858614,105,85,16,4,not_evaluated,not_evaluated
"When she said it would be a 'paleo' wedding, I thought she meant the food.",1.2285714285714286,0.0492752284858614,105,85,16,4,not_evaluated,not_evaluated
It's a scandal. They're completely unrelated,1.2285714285714286,0.0510998857678179,105,86,14,5,not_evaluated,not_evaluated
I'm SO envious! I hear they're honeymooning in Vinland.,1.2285714285714286,0.0528615976738711,105,87,12,6,not_evaluated,not_evaluated
They met on pillage.com..,1.2285714285714286,0.0492752284858614,105,85,16,4,not_evaluated,not_evaluated
Believe I will skip trying to catch the bouquet this time”,1.2285714285714286,0.0492752284858614,105,85,16,4,not_evaluated,not_evaluated
The sword is used by the rabbi at the bris.,1.2285714285714286,0.0510998857678179,105,86,14,5,not_evaluated,not_evaluated
"Well, I tried to put my foot down about this cosplay crap...",1.2285714285714286,0.0454064728429052,105,83,20,2,not_evaluated,not_evaluated
"Did you know that their outfits are washable, made from Ultrasuede®️",1.2285714285714286,0.0510998857678179,105,86,14,5,not_evaluated,not_evaluated
I think the ring purses really complete their outfits.,1.2285714285714286,0.0473803541479342,105,84,18,3,not_evaluated,not_evaluated
I can’t believe she’s wearing hwit.,1.2285714285714286,0.0492752284858614,105,85,16,4,not_evaluated,not_evaluated
I think she's going to hyphenate it.  She'll be Helga Pillager-Impaler.,1.2285714285714286,0.0528615976738711,105,87,12,6,not_evaluated,not_evaluated
"Always the bridesmaid, never the barbarian.",1.2285714285714286,0.0492752284858614,105,85,16,4,not_evaluated,not_evaluated
It's outrageous... the bride going sleeveless this time of year.,1.2285714285714286,0.0492752284858614,105,85,16,4,not_evaluated,not_evaluated
"Do you take this women to be your wife?
Yes I did, last week when I raided her father’s kingdom.",1.2285714285714286,0.0510998857678179,105,86,14,5,not_evaluated,not_evaluated
"Before him, she never even liked pillaging.",1.2285714285714286,0.0510998857678179,105,86,14,5,not_evaluated,not_evaluated
"Tomorrow this theme party is over, and I'm getting my money back for this dress.",1.2285714285714286,0.0473803541479342,105,84,18,3,not_evaluated,not_evaluated
Kiss the bride before I call security.,1.2280701754385963,0.0449863056312521,114,91,20,3,not_evaluated,not_evaluated
"Actually, they're Vegan.",1.2264150943396226,0.0469807531999574,106,85,18,3,not_evaluated,not_evaluated
"Sorry, but I'm so over these legacy events.",1.2264150943396226,0.0450277320316952,106,84,20,2,not_evaluated,not_evaluated
It's just part of the new all-Paleo lifestyle!,1.2264150943396226,0.0506614272387744,106,87,14,5,not_evaluated,not_evaluated
"At the kiss, the preacher had better duck!",1.2264150943396226,0.0469807531999574,106,85,18,3,not_evaluated,not_evaluated
"You are now Wed, begin the battle!",1.2264150943396226,0.0506614272387744,106,87,14,5,not_evaluated,not_evaluated
"I'm just glad it's only a themed wedding, I can't afford another destination wedding",1.2264150943396226,0.0524049113078802,106,88,12,6,not_evaluated,not_evaluated
Someone told me they had been binging Game of Thrones.,1.2264150943396226,0.0450277320316952,106,84,20,2,not_evaluated,not_evaluated
Can’t wait to raid the buffet.,1.2254901960784317,0.043855321395865,102,80,21,1,not_evaluated,not_evaluated
Do you know how much money we could have saved on dresses?,1.2254901960784317,0.048078720202023,102,82,17,3,not_evaluated,not_evaluated
You’ll never guess what they’re doing for their honeymoon...,1.2254901960784317,0.0460155003830178,102,81,19,2,not_evaluated,not_evaluated
I heard they are going to Honeymoon along the coast of England.,1.2254901960784317,0.0460155003830178,102,81,19,2,not_evaluated,not_evaluated
This really brings home the current affinity for Nordic socialism.,1.2254901960784317,0.0500569715127605,102,83,15,4,not_evaluated,not_evaluated
You can almost feel the gotterdammerung!,1.2254901960784317,0.048078720202023,102,82,17,3,not_evaluated,not_evaluated
If anyone knows any reason these two should not be wed... Best of luck.,1.2254901960784317,0.048078720202023,102,82,17,3,not_evaluated,not_evaluated
"Before we start, the Theme Wedding thing stops as soon as the reception is over. Okay?",1.2254901960784317,0.0500569715127605,102,83,15,4,not_evaluated,not_evaluated
I still don't understand why she chose Gog/Magog for her bridal collection.,1.2254901960784317,0.0460155003830178,102,81,19,2,not_evaluated,not_evaluated
I hear they’re leaving the reception in an antique fjord.,1.2254901960784317,0.0500569715127605,102,83,15,4,not_evaluated,not_evaluated
"Okay, tie the cans to the back of the longboat!",1.2254901960784317,0.0500569715127605,102,83,15,4,not_evaluated,not_evaluated
They have a pillage registry at Nordstrom.,1.2254901960784317,0.0519599601404217,102,84,13,5,not_evaluated,not_evaluated
They were found holding hands in a block of ice when it was melted.,1.2254901960784317,0.043855321395865,102,80,21,1,not_evaluated,not_evaluated
"I think the sword and the spear really make the outfit, don't you?",1.2254901960784317,0.048078720202023,102,82,17,3,not_evaluated,not_evaluated
You may kiss the barbarian,1.2254901960784317,0.0537956737903627,102,85,11,6,not_evaluated,not_evaluated
At least it isn’t a Viking funeral.,1.2254901960784317,0.0460155003830178,102,81,19,2,not_evaluated,not_evaluated
I don’t know what she sees in him.,1.2254901960784317,0.048078720202023,102,82,17,3,not_evaluated,not_evaluated
"Lace-up sandals?  Fur tunics?
FANNY packs??
SO passé...",1.2254901960784317,0.0537956737903627,102,85,11,6,not_evaluated,not_evaluated
"Do you, Hagar the Horrible, take Olga the Terrible, in lawfully wedded combat?",1.2254901960784317,0.0460155003830178,102,81,19,2,not_evaluated,not_evaluated
"They met through the web, the dating site for corporate raiders.",1.2254901960784317,0.0500569715127605,102,83,15,4,not_evaluated,not_evaluated
I heard that they meet on a cruise,1.2254901960784317,0.048078720202023,102,82,17,3,not_evaluated,not_evaluated
Oh you said for better or worse NOT for better or norse.,1.2254901960784317,0.048078720202023,102,82,17,3,not_evaluated,not_evaluated
"Hey, it's their day, but I refused to budge on the goat sacrifice.",1.2254901960784317,0.043855321395865,102,80,21,1,not_evaluated,not_evaluated
"JDate, apparently.",1.2254901960784317,0.0460155003830178,102,81,19,2,not_evaluated,not_evaluated
Where are they going for their honeymoon raid?,1.2254901960784317,0.0500569715127605,102,83,15,4,not_evaluated,not_evaluated
"Wanda, did the minister just say, ""until death duel you part""?",1.2254901960784317,0.0500569715127605,102,83,15,4,not_evaluated,not_evaluated
He worships her lutefisk and caper pâté.,1.2254901960784317,0.0460155003830178,102,81,19,2,not_evaluated,not_evaluated
Hurry up!  The time warp is almost over.,1.2254901960784317,0.048078720202023,102,82,17,3,not_evaluated,not_evaluated
"I was going to object, but I forgot my battle axe in the car.",1.2254901960784317,0.048078720202023,102,82,17,3,not_evaluated,not_evaluated
"Pardon me, Brunhilda and Magnus, but I'm thinking the part in here about ""wives be submissive to your husbands"" is not applicable to you two.",1.2254901960784317,0.0519599601404217,102,84,13,5,not_evaluated,not_evaluated
Same thing she wore at her 1st wedding!,1.2254901960784317,0.0500569715127605,102,83,15,4,not_evaluated,not_evaluated
I heard he slaughtered a village at the bachelor party,1.2254901960784317,0.048078720202023,102,82,17,3,not_evaluated,not_evaluated
"Actually, they don't need the weapons until after they're
 married.",1.2254901960784317,0.0519599601404217,102,84,13,5,not_evaluated,not_evaluated
"""The pre-nups just keep getting crazier.""",1.2254901960784317,0.048078720202023,102,82,17,3,not_evaluated,not_evaluated
He got his 23andMe results and they showed something like 0.1% Viking,1.2254901960784317,0.0500569715127605,102,83,15,4,not_evaluated,not_evaluated
The ritual isn’t complete until she blows the Gjallarhorn,1.2254901960784317,0.048078720202023,102,82,17,3,not_evaluated,not_evaluated
"No, he won’t be breaking a glass. Slaughtering a chicken together is more their thing.",1.2254901960784317,0.0500569715127605,102,83,15,4,not_evaluated,not_evaluated
She carries the sword in the family.  I’ll be taking her name.,1.2254901960784317,0.0500569715127605,102,83,15,4,not_evaluated,not_evaluated
He plunders villages; she pillages treasure ships. It won’t last.,1.2254901960784317,0.0500569715127605,102,83,15,4,not_evaluated,not_evaluated
I now pronounce you Fang and Claw.,1.2254901960784317,0.0500569715127605,102,83,15,4,not_evaluated,not_evaluated
They met on Pininterest!,1.2254901960784317,0.0519599601404217,102,84,13,5,not_evaluated,not_evaluated
Why did I have to buy this dress?,1.2254901960784317,0.0500569715127605,102,83,15,4,not_evaluated,not_evaluated
"At the first rehearsal, he tried to put the ring in her nose.",1.2254901960784317,0.048078720202023,102,82,17,3,not_evaluated,not_evaluated
"Not to be a nag, but couldn't they've dressed up a little?",1.2242990654205608,0.0536260740022942,107,90,10,7,not_evaluated,not_evaluated
Thjodhild told me that she and Erik are honeymooning to Greenland for 10 days on a Viking Ocean Cruise.,1.2242990654205608,0.051955943544934,107,89,12,6,not_evaluated,not_evaluated
They are registered at Pillaging and Beyond,1.22,0.0483672817035849,100,81,16,3,not_evaluated,not_evaluated
"Stick around, there's going to be pillaging after dinner.",1.22,0.0462317395019237,100,80,18,2,not_evaluated,not_evaluated
They took one of those new DNA ancestry tests.,1.22,0.0462317395019237,100,80,18,2,not_evaluated,not_evaluated
"I love a formal wedding, don't you?",1.22,0.0483672817035849,100,81,16,3,not_evaluated,not_evaluated
I love these theme weddings.,1.22,0.0462317395019237,100,80,18,2,not_evaluated,not_evaluated
You may spear the bride.,1.22,0.0462317395019237,100,80,18,2,not_evaluated,not_evaluated
"He and I used to date.  Just think, it could have been me.",1.22,0.0462317395019237,100,80,18,2,not_evaluated,not_evaluated
"I heard She-Throg insisted on a pre-nup;  if Throg ever leaves her, she gets the whalebone jewelry, cask of grog, and the Volvo XC90 Hybrid SUV.",1.22,0.0504124403437697,100,82,14,4,not_evaluated,not_evaluated
They’re actually Sunday school teachers living it up.,1.22,0.0504124403437697,100,82,14,4,not_evaluated,not_evaluated
"Wow, they're really holding fast to their old fashioned view of marriage.",1.22,0.0504124403437697,100,82,14,4,not_evaluated,not_evaluated
"Do you promise to maraud, plunder, raid and pillage until you depart to Valhalla?",1.22,0.0462317395019237,100,80,18,2,not_evaluated,not_evaluated
Sooo... is the blood eagle scheduled before or after the cake?,1.22,0.0483672817035849,100,81,16,3,not_evaluated,not_evaluated
I’ve heard of a shotgun wedding but this is ridiculous.”,1.22,0.0504124403437697,100,82,14,4,not_evaluated,not_evaluated
What's a shotgun?,1.22,0.0483672817035849,100,81,16,3,not_evaluated,not_evaluated
You'll know the wedding has ended when the fat lady sings.,1.22,0.0504124403437697,100,82,14,4,not_evaluated,not_evaluated
I’m so glad they found each other.,1.22,0.0439926531974775,100,79,20,1,not_evaluated,not_evaluated
Not yet. Consummation is later,1.22,0.0462317395019237,100,80,18,2,not_evaluated,not_evaluated
"You were right, a couple of neanderthals!",1.22,0.0504124403437697,100,82,14,4,not_evaluated,not_evaluated
I can't see him forsaking the pillaging either.,1.22,0.0483672817035849,100,81,16,3,not_evaluated,not_evaluated
72nd generation Norwegians.,1.22,0.0523778039195453,100,83,12,5,not_evaluated,not_evaluated
"I think they've got the ""Til death do us part"" down pat.",1.22,0.0483672817035849,100,81,16,3,not_evaluated,not_evaluated
This seal bone bra is really uncomfortable.,1.22,0.0483672817035849,100,81,16,3,not_evaluated,not_evaluated
Do you think she is wearing nylons?,1.22,0.0462317395019237,100,80,18,2,not_evaluated,not_evaluated
"They say they want their wedding to “go viral”, whatever that means!",1.22,0.0483672817035849,100,81,16,3,not_evaluated,not_evaluated
"To have and to hold, to hunt and to gather, in famine and in successful murder of goat family during fruitful harvest.",1.22,0.0504124403437697,100,82,14,4,not_evaluated,not_evaluated
They met on PillageAndPlunder.com.,1.22,0.0462317395019237,100,80,18,2,not_evaluated,not_evaluated
They forgot they're expected at the Met Gala right after this,1.22,0.0483672817035849,100,81,16,3,not_evaluated,not_evaluated
"And do you Helga, promise to Pillage and Plunder with Jeff until Valkyries collect your soul?",1.22,0.0504124403437697,100,82,14,4,not_evaluated,not_evaluated
Isn't this taking the paleo diet a bit too far?,1.22,0.0483672817035849,100,81,16,3,not_evaluated,not_evaluated
"""She's much prettier than the last one he pillaged.""",1.22,0.0523778039195453,100,83,12,5,not_evaluated,not_evaluated
Don't tell anyone but I missed every episode. On purpose.,1.22,0.0523778039195453,100,83,12,5,not_evaluated,not_evaluated
They both just got their MBA's.,1.22,0.0523778039195453,100,83,12,5,not_evaluated,not_evaluated
I heard the mother-in-law is even more barbaric,1.22,0.0523778039195453,100,83,12,5,not_evaluated,not_evaluated
She said they met at a raid and pillage. Is that a new restaurant uptown?,1.22,0.0462317395019237,100,80,18,2,not_evaluated,not_evaluated
What happens if she says 'I don't!',1.22,0.0462317395019237,100,80,18,2,not_evaluated,not_evaluated
I think they carry this ‘Game of Thrones’ thing a little too far.,1.22,0.0483672817035849,100,81,16,3,not_evaluated,not_evaluated
How much longer is this going to friggin take?,1.22,0.0504124403437697,100,82,14,4,not_evaluated,not_evaluated
Her first husband was an orthodontist.,1.22,0.0483672817035849,100,81,16,3,not_evaluated,not_evaluated
Wait until you see the Ring Bear.,1.22,0.0462317395019237,100,80,18,2,not_evaluated,not_evaluated
She kept pressuring him and he finally caved in.,1.22,0.0523778039195453,100,83,12,5,not_evaluated,not_evaluated
You just never know who you'll find on VikingsOnly.com!,1.22,0.0462317395019237,100,80,18,2,not_evaluated,not_evaluated
Now I know why there were no steak knives on their registry.,1.22,0.0462317395019237,100,80,18,2,not_evaluated,not_evaluated
The catching of the bouquet will be especially brutal today.,1.22,0.0439926531974775,100,79,20,1,not_evaluated,not_evaluated
"The ""until death do you part"" clause usually refers to natural causes.",1.2178217821782178,0.0519023462260639,101,84,12,5,not_evaluated,not_evaluated
"She read some online blog about ""the couple that slays together, stays together.""",1.2178217821782178,0.0479355185620206,101,82,16,3,not_evaluated,not_evaluated
And they're headed for a Norse divorce.,1.2164948453608246,0.0491045332042723,97,79,15,3,not_evaluated,not_evaluated
The Paleo diet has some unexpected side effects.,1.2164948453608246,0.0491045332042723,97,79,15,3,not_evaluated,not_evaluated
I decorated their old fjord with newlywed cans.,1.2164948453608246,0.0491045332042723,97,79,15,3,not_evaluated,not_evaluated
I wasn’t sure it’d work out when he abducted her. But their relationship has really blossomed.,1.2164948453608246,0.0491045332042723,97,79,15,3,not_evaluated,not_evaluated
Let's break tradition and not catch the garter.,1.2164948453608246,0.0491045332042723,97,79,15,3,not_evaluated,not_evaluated
Their funerals are much more exciting.,1.2164948453608246,0.0491045332042723,97,79,15,3,not_evaluated,not_evaluated
I'm sure they're gonna rune things.,1.2164948453608246,0.044516310680521,97,77,19,1,not_evaluated,not_evaluated
"They're honeymooning in Vinland, wherever that is.",1.2164948453608246,0.0468666037697108,97,78,17,2,not_evaluated,not_evaluated
"I guess they want to remind us that the Wedding Gift Registry is for IKEA.""",1.2164948453608246,0.0512448223093015,97,80,13,4,not_evaluated,not_evaluated
I told you they took Game of Thrones too seriously.,1.2164948453608246,0.044516310680521,97,77,19,1,not_evaluated,not_evaluated
A little ironic that the reading is from the Lindisfarne Gospels.,1.2164948453608246,0.0491045332042723,97,79,15,3,not_evaluated,not_evaluated
He comes from a really old fashioned family.,1.2164948453608246,0.0491045332042723,97,79,15,3,not_evaluated,not_evaluated
This is the 4th thrones wedding I've been to this year...,1.2164948453608246,0.0468666037697108,97,78,17,2,not_evaluated,not_evaluated
I hear they are moving to Greenland,1.2164948453608246,0.0512448223093015,97,80,13,4,not_evaluated,not_evaluated
This all just feels a bit archaic.,1.2164948453608246,0.0512448223093015,97,80,13,4,not_evaluated,not_evaluated
I guess I'm not surprised Janine is taking Ivan the Terrible's last name.,1.2164948453608246,0.0512448223093015,97,80,13,4,not_evaluated,not_evaluated
Could have told me it was fancy dress.,1.2164948453608246,0.0512448223093015,97,80,13,4,not_evaluated,not_evaluated
"He’s deaf as a post. She wanted a Village People theme. Instead, she gets Pillage People.",1.2164948453608246,0.0491045332042723,97,79,15,3,not_evaluated,not_evaluated
It’ll last until a Vikings game airs opposite ‘Game of Thrones.’,1.2164948453608246,0.0512448223093015,97,80,13,4,not_evaluated,not_evaluated
The weather’s just perfect. I guess sacrificing Roger to the Norse Gods paid off after all.,1.2164948453608246,0.0491045332042723,97,79,15,3,not_evaluated,not_evaluated
"She couldn't wear white, obviously, but the caveman get-up, really?",1.2164948453608246,0.0491045332042723,97,79,15,3,not_evaluated,not_evaluated
I wouldn’t want to see him in the sack.,1.2164948453608246,0.0512448223093015,97,80,13,4,not_evaluated,not_evaluated
I heard they’re gonna have dragons at the reception.,1.2164948453608246,0.0491045332042723,97,79,15,3,not_evaluated,not_evaluated
I was in a Shakespeare themed wedding last summer too.,1.2164948453608246,0.0512448223093015,97,80,13,4,not_evaluated,not_evaluated
She swears he's not horrible.,1.2164948453608246,0.0468666037697108,97,78,17,2,not_evaluated,not_evaluated
These things are so antiquated. Who needs a priest to tell them they're more than just siblings?,1.2164948453608246,0.0420348103873714,97,76,21,0,not_evaluated,not_evaluated
I think `bliss' is out of the question.,1.2164948453608246,0.0491045332042723,97,79,15,3,not_evaluated,not_evaluated
I heard they wanted a very traditional wedding,1.2164948453608246,0.0468666037697108,97,78,17,2,not_evaluated,not_evaluated
They built their own ship for their honeymoon.,1.2164948453608246,0.0468666037697108,97,78,17,2,not_evaluated,not_evaluated
She's got it on backward.,1.2164948453608246,0.0491045332042723,97,79,15,3,not_evaluated,not_evaluated
What’s in your wallet?,1.2164948453608246,0.0468666037697108,97,78,17,2,not_evaluated,not_evaluated
"Similar ceremonies. Similar vows, really, except for the ""In Death we do pyre"" part.",1.2164948453608246,0.0512448223093015,97,80,13,4,not_evaluated,not_evaluated
"Something better, something worse, something stylish, something Norse.",1.2164948453608246,0.0532992349458629,97,81,11,5,not_evaluated,not_evaluated
We are gathered here today in the sight of Thor.,1.2164948453608246,0.0468666037697108,97,78,17,2,not_evaluated,not_evaluated
This is taking 'something old' a little too far.,1.2164948453608246,0.0468666037697108,97,78,17,2,not_evaluated,not_evaluated
I gave them the matching fanny packs. What did you get them?,1.2164948453608246,0.0552773468802248,97,82,9,6,not_evaluated,not_evaluated
"If they don't serve ale at our reception, I'm gonna go berserk!",1.2164948453608246,0.0532992349458629,97,81,11,5,not_evaluated,not_evaluated
The couple that raids together...,1.2164948453608246,0.044516310680521,97,77,19,1,not_evaluated,not_evaluated
"She needs to review that, ""Death do us part"" stuff.",1.2164948453608246,0.0512448223093015,97,80,13,4,not_evaluated,not_evaluated
"Before I begin, Mr.”The Red,” I
must ask you, are you here on your own free will?",1.2164948453608246,0.0468666037697108,97,78,17,2,not_evaluated,not_evaluated
Apparently he was tossed overboard. Sorry.,1.2164948453608246,0.044516310680521,97,77,19,1,not_evaluated,not_evaluated
I thought you had Der Ring!,1.2164948453608246,0.044516310680521,97,77,19,1,not_evaluated,not_evaluated
"Asgard is my witness, I've never seen a happier couple.",1.2164948453608246,0.044516310680521,97,77,19,1,not_evaluated,not_evaluated
They committed to everything paleo.,1.2164948453608246,0.0512448223093015,97,80,13,4,not_evaluated,not_evaluated
Its part of the  #Me Then movement.,1.2164948453608246,0.0468666037697108,97,78,17,2,not_evaluated,not_evaluated
They met at a Game of Thrones fan club.,1.2164948453608246,0.0491045332042723,97,79,15,3,not_evaluated,not_evaluated
I think we look more Scandinavian than Norwegian.,1.2164948453608246,0.0512448223093015,97,80,13,4,not_evaluated,not_evaluated
"Their pledge of faithfulness holds a bit of a threat, don't you think?",1.2164948453608246,0.0512448223093015,97,80,13,4,not_evaluated,not_evaluated
Right? She always makes things difficult.  I spent all that money on a dress I can never wear anywhere else.,1.2164948453608246,0.0468666037697108,97,78,17,2,not_evaluated,not_evaluated
I was getting so tired of those DIY barn weddings. The thatched hut idea is so fresh.,1.2164948453608246,0.0512448223093015,97,80,13,4,not_evaluated,not_evaluated
You OK with forever hold your piece?,1.2164948453608246,0.0491045332042723,97,79,15,3,not_evaluated,not_evaluated
i hear they met while  he was pillaging her town,1.2164948453608246,0.0512448223093015,97,80,13,4,not_evaluated,not_evaluated
He had her at a Knock Knock Viking joke.,1.2164948453608246,0.0512448223093015,97,80,13,4,not_evaluated,not_evaluated
I hate to think what the honeymoon will be like.,1.2164948453608246,0.0420348103873714,97,76,21,0,not_evaluated,not_evaluated
Let the battle begin.,1.2164948453608246,0.0491045332042723,97,79,15,3,not_evaluated,not_evaluated
I think they took this role playing thing a bit too far,1.2164948453608246,0.0468666037697108,97,78,17,2,not_evaluated,not_evaluated
"Just remember, never catch the bouquet with your knife arm.",1.2164948453608246,0.0512448223093015,97,80,13,4,not_evaluated,not_evaluated
"I told her ""do not tie your hair !""",1.2164948453608246,0.0512448223093015,97,80,13,4,not_evaluated,not_evaluated
This is why I don’t watch Game of Thrones.,1.2164948453608246,0.0512448223093015,97,80,13,4,not_evaluated,not_evaluated
I think Madison has started taking this 23andMe thing  just a little too far.,1.2164948453608246,0.0468666037697108,97,78,17,2,not_evaluated,not_evaluated
I heard they met at last year's Pillage Frolic.  It was love at first smite.,1.2164948453608246,0.0491045332042723,97,79,15,3,not_evaluated,not_evaluated
I hate being underdressed.,1.2164948453608246,0.0491045332042723,97,79,15,3,not_evaluated,not_evaluated
"I'm not catching it, are you?",1.2164948453608246,0.0512448223093015,97,80,13,4,not_evaluated,not_evaluated
Do you think their children will be raised in the Viking tradition?,1.2164948453608246,0.0491045332042723,97,79,15,3,not_evaluated,not_evaluated
I think this is called “extreme paleo.”,1.2164948453608246,0.0491045332042723,97,79,15,3,not_evaluated,not_evaluated
We’re going to do some pillaging before the reception.,1.2164948453608246,0.0512448223093015,97,80,13,4,not_evaluated,not_evaluated
"They are going with the usual ""love, honor, and pillage"" oath.",1.2164948453608246,0.0512448223093015,97,80,13,4,not_evaluated,not_evaluated
"they have Viking funerals planned, too.",1.2164948453608246,0.044516310680521,97,77,19,1,not_evaluated,not_evaluated
I’m planning on pillaging the best man tonight.,1.2164948453608246,0.0512448223093015,97,80,13,4,not_evaluated,not_evaluated
Maybe I should put Viking in my Tinder bio too.,1.2164948453608246,0.0491045332042723,97,79,15,3,not_evaluated,not_evaluated
She's finally gonna make an honest hun outta him,1.2164948453608246,0.0491045332042723,97,79,15,3,not_evaluated,not_evaluated
I didn't  expect such a traditional wedding .,1.2164948453608246,0.0552773468802248,97,82,9,6,not_evaluated,not_evaluated
We'll have a choice between rack of wild boar and yak stew at the reception.,1.2164948453608246,0.0491045332042723,97,79,15,3,not_evaluated,not_evaluated
I can't wait to pillage the open bar.,1.2164948453608246,0.0491045332042723,97,79,15,3,not_evaluated,not_evaluated
I’m undecided about trying to catch her sword.,1.2164948453608246,0.0420348103873714,97,76,21,0,not_evaluated,not_evaluated
The first husband. Literally.,1.2142857142857142,0.0507673082566809,98,81,13,4,not_evaluated,not_evaluated
"We heard the reception is a ""pillage and plunder"" theme",1.2142857142857142,0.0486510652699821,98,80,15,3,not_evaluated,not_evaluated
Your first Game of Thrones Prequel wedding?,1.2105263157894737,0.047075115315785,95,77,16,2,not_evaluated,not_evaluated
The last time I saw Hagar he raped my sister and stole our horses.,1.2105263157894737,0.0537397337097506,95,80,10,5,not_evaluated,not_evaluated
Spoiler alert: She’s going to say “yes.”,1.2105263157894737,0.044632973419446,95,76,18,1,not_evaluated,not_evaluated
I hate that theme weddings are normal now.,1.2105263157894737,0.0516139013586594,95,79,12,4,not_evaluated,not_evaluated
‘And how are they going to bring up the children?’,1.2105263157894737,0.044632973419446,95,76,18,1,not_evaluated,not_evaluated
I guess she hasn't told him she a Packers fan.,1.2105263157894737,0.0516139013586594,95,79,12,4,not_evaluated,not_evaluated
"I'm telling you, Vikings didn't really wear horns!",1.2105263157894737,0.049396666362498,95,78,14,3,not_evaluated,not_evaluated
So...who wears the pants?,1.2105263157894737,0.0516139013586594,95,79,12,4,not_evaluated,not_evaluated
That sword goes great with her gown.,1.2105263157894737,0.0516139013586594,95,79,12,4,not_evaluated,not_evaluated
"Well, he's no Thor.",1.2105263157894737,0.047075115315785,95,77,16,2,not_evaluated,not_evaluated
"Don’t give up hope, Darlene. After all, we never thought Laura would find someone that shared her affinity for Viking culture.",1.2105263157894737,0.047075115315785,95,77,16,2,not_evaluated,not_evaluated
It would have been nice to get clued into the details of this Norwegian Destination Wedding.,1.2105263157894737,0.047075115315785,95,77,16,2,not_evaluated,not_evaluated
I heard he comes from the other side of the tracks.,1.2105263157894737,0.047075115315785,95,77,16,2,not_evaluated,not_evaluated
They kicked the third one out because he didn't have matching shoes.,1.2105263157894737,0.049396666362498,95,78,14,3,not_evaluated,not_evaluated
"Dearly Beloved, we are gathered here today, in the sight of Odin...",1.2105263157894737,0.0516139013586594,95,79,12,4,not_evaluated,not_evaluated
Ordering online from Viking Formals didn't strike me as wise either.,1.2105263157894737,0.049396666362498,95,78,14,3,not_evaluated,not_evaluated
"He's not pagan, but he converted.",1.2105263157894737,0.047075115315785,95,77,16,2,not_evaluated,not_evaluated
It'll never last...he's Swedish.,1.2105263157894737,0.0537397337097506,95,80,10,5,not_evaluated,not_evaluated
They met on the internet,1.2105263157894737,0.0516139013586594,95,79,12,4,not_evaluated,not_evaluated
"I think Karen's taken the ""Game of Thrones"" theme a little over the top...",1.2105263157894737,0.049396666362498,95,78,14,3,not_evaluated,not_evaluated
I can't wait to try the vegan seal meat alternative at the reception.,1.2105263157894737,0.047075115315785,95,77,16,2,not_evaluated,not_evaluated
Thor has some weird friends.,1.2105263157894737,0.047075115315785,95,77,16,2,not_evaluated,not_evaluated
"Her sword isn't even real, Its silicone.",1.2105263157894737,0.047075115315785,95,77,16,2,not_evaluated,not_evaluated
That spat is going to be a doozy.,1.2105263157894737,0.0516139013586594,95,79,12,4,not_evaluated,not_evaluated
I love Las Vegas weddings. Last week Batman and Catwoman married without knowing each other's real names!,1.2105263157894737,0.047075115315785,95,77,16,2,not_evaluated,not_evaluated
They've always been behind the times.,1.2105263157894737,0.047075115315785,95,77,16,2,not_evaluated,not_evaluated
This was the only church they hadn’t pillaged.,1.2105263157894737,0.049396666362498,95,78,14,3,not_evaluated,not_evaluated
Do you promise to pilfer together?,1.2105263157894737,0.047075115315785,95,77,16,2,not_evaluated,not_evaluated
She told me they wrote their own vows. The Old Norse is a bit of a surprise.,1.2105263157894737,0.0516139013586594,95,79,12,4,not_evaluated,not_evaluated
"So by the power invested in me, by Mike Zimmer, I now pronounce you disappointed Vikings fans.  You may now dash your hopes.  Go Vikes.",1.2105263157894737,0.049396666362498,95,78,14,3,not_evaluated,not_evaluated
Do you promise to always pillage and burn together?,1.2105263157894737,0.047075115315785,95,77,16,2,not_evaluated,not_evaluated
This is my first Game of Thrones Red Wedding. What will the reception be like?,1.2105263157894737,0.044632973419446,95,76,18,1,not_evaluated,not_evaluated
"I give it two raiding seasons, max.",1.2105263157894737,0.049396666362498,95,78,14,3,not_evaluated,not_evaluated
I knew she wouldn't be wearing white.,1.2105263157894737,0.049396666362498,95,78,14,3,not_evaluated,not_evaluated
Do you Leif  take Geisel  to  be your lawful partner in pillaging and plundering so long as one of you shall live,1.2105263157894737,0.044632973419446,95,76,18,1,not_evaluated,not_evaluated
Did anyone tie tin cans to the swan from Asgard?,1.2105263157894737,0.049396666362498,95,78,14,3,not_evaluated,not_evaluated
Don’t you find it odd.. accessorizing with fannypacks at a wedding,1.2105263157894737,0.047075115315785,95,77,16,2,not_evaluated,not_evaluated
Let's hope the bouquet is not a battle axe.,1.2105263157894737,0.044632973419446,95,76,18,1,not_evaluated,not_evaluated
The other Valkyries are flying in.,1.2105263157894737,0.049396666362498,95,78,14,3,not_evaluated,not_evaluated
Kill the wabbit...Kill the wabbit...,1.2105263157894737,0.047075115315785,95,77,16,2,not_evaluated,not_evaluated
"I think she killed. Something old; those clothes, something new; her third husband, something borrowed; that broad sword, something blue; the color she'll turn when they celebrate their honeymoon in Norway.",1.2105263157894737,0.0537397337097506,95,80,10,5,not_evaluated,not_evaluated
I prefer her dress to ours.,1.2105263157894737,0.0516139013586594,95,79,12,4,not_evaluated,not_evaluated
This is my first throwback wedding.,1.2105263157894737,0.047075115315785,95,77,16,2,not_evaluated,not_evaluated
The costumes seem right somehow -- but the photos with the bridesmaids and groomsmen are going to look odd,1.2105263157894737,0.049396666362498,95,78,14,3,not_evaluated,not_evaluated
Any idea why we’re all wearing red?,1.2105263157894737,0.049396666362498,95,78,14,3,not_evaluated,not_evaluated
"I know that this is Viking Cruise Lines, but still, its a bit much.",1.2105263157894737,0.049396666362498,95,78,14,3,not_evaluated,not_evaluated
They really believe in being prepared.,1.2105263157894737,0.049396666362498,95,78,14,3,not_evaluated,not_evaluated
...until death do you part... I'm guessing that's around 10 minutes.,1.2105263157894737,0.049396666362498,95,78,14,3,not_evaluated,not_evaluated
I give it 15 minutes...,1.2105263157894737,0.047075115315785,95,77,16,2,not_evaluated,not_evaluated
"Aren't they beautiful, matching silver 
sword and spear?""",1.2105263157894737,0.049396666362498,95,78,14,3,not_evaluated,not_evaluated
Buying him a subscription to Ancestry .com  : wasn't the smartest thing she ever did .,1.2105263157894737,0.047075115315785,95,77,16,2,not_evaluated,not_evaluated
They met on VikingMatch.com.,1.2105263157894737,0.049396666362498,95,78,14,3,not_evaluated,not_evaluated
"Ok, now I understand the NordicTrack on their registry...",1.2105263157894737,0.047075115315785,95,77,16,2,not_evaluated,not_evaluated
You may now pillage together!,1.2105263157894737,0.0516139013586594,95,79,12,4,not_evaluated,not_evaluated
We should be so lucky. Finding a soul mate with the same sensibilities!,1.2105263157894737,0.047075115315785,95,77,16,2,not_evaluated,not_evaluated
She hasn't even buried her first husband yet!,1.2105263157894737,0.049396666362498,95,78,14,3,not_evaluated,not_evaluated
This shiksah converted for this schmendrick?,1.2105263157894737,0.049396666362498,95,78,14,3,not_evaluated,not_evaluated
They could have at least hinted at the theme.,1.2105263157894737,0.044632973419446,95,76,18,1,not_evaluated,not_evaluated
"Classic pagans, always looking for a tax break",1.2105263157894737,0.0516139013586594,95,79,12,4,not_evaluated,not_evaluated
"You know, her last husband was an ogre.",1.2105263157894737,0.047075115315785,95,77,16,2,not_evaluated,not_evaluated
I don’t watch Game of Thrones. How does this end?,1.2105263157894737,0.049396666362498,95,78,14,3,not_evaluated,not_evaluated
"I hear an ABBA cover band will be playing at the reception.""",1.2105263157894737,0.047075115315785,95,77,16,2,not_evaluated,not_evaluated
"And whoever catches it will never be asked, 'when are you getting married?'",1.2105263157894737,0.0516139013586594,95,79,12,4,not_evaluated,not_evaluated
I told you he's Jewish.,1.2105263157894737,0.0516139013586594,95,79,12,4,not_evaluated,not_evaluated
"...to love, honor and pillage!? Really?",1.2105263157894737,0.0420492348387874,95,75,20,0,not_evaluated,not_evaluated
When does he stomp on the glass?,1.2105263157894737,0.047075115315785,95,77,16,2,not_evaluated,not_evaluated
But isn't she his aunt?,1.2105263157894737,0.0516139013586594,95,79,12,4,not_evaluated,not_evaluated
Now it's time to break the glass.,1.2105263157894737,0.049396666362498,95,78,14,3,not_evaluated,not_evaluated
The honeymoon should be quite the bang up.,1.2105263157894737,0.047075115315785,95,77,16,2,not_evaluated,not_evaluated
They'll stay together for better or Norse,1.2105263157894737,0.047075115315785,95,77,16,2,not_evaluated,not_evaluated
"Well, she always did say should would kill for that dress.",1.2105263157894737,0.047075115315785,95,77,16,2,not_evaluated,not_evaluated
"I hear that at the reception, the guests will be pillaging the buffet at the Holiday Inn.",1.2105263157894737,0.0516139013586594,95,79,12,4,not_evaluated,not_evaluated
If it doesn’t work out I bet she still keeps the sword.,1.2105263157894737,0.044632973419446,95,76,18,1,not_evaluated,not_evaluated
"Given the reality of climate change, her ultimatum was a space capsule or Viking ship.”

Catherine Burgess
Somerville, M",1.2105263157894737,0.049396666362498,95,78,14,3,not_evaluated,not_evaluated
"Val, do you take Halla...",1.2105263157894737,0.0516139013586594,95,79,12,4,not_evaluated,not_evaluated
"Instead of vows, they're planning on a fight to the death.",1.2105263157894737,0.047075115315785,95,77,16,2,not_evaluated,not_evaluated
"Always a bridesmaid, never a brúðr, right?",1.2105263157894737,0.044632973419446,95,76,18,1,not_evaluated,not_evaluated
Kinsman to kinswoman will be true.,1.2105263157894737,0.049396666362498,95,78,14,3,not_evaluated,not_evaluated
They should travel back in time.,1.2105263157894737,0.0516139013586594,95,79,12,4,not_evaluated,not_evaluated
"Did he say,""For better or Norse?"".",1.2105263157894737,0.0516139013586594,95,79,12,4,not_evaluated,not_evaluated
I give you this spear as a symbol of my love...,1.2105263157894737,0.0516139013586594,95,79,12,4,not_evaluated,not_evaluated
"Yes, I believe that they've booked a cruise to Scotland for their honeymoon.",1.2105263157894737,0.047075115315785,95,77,16,2,not_evaluated,not_evaluated
"I’m all for a themed wedding, but those fanny packs are tacky.",1.2105263157894737,0.0516139013586594,95,79,12,4,not_evaluated,not_evaluated
Like I told her: if you’re gonna marry a caveman then forget the beautiful wedding dress.,1.2105263157894737,0.047075115315785,95,77,16,2,not_evaluated,not_evaluated
I heard there's a Village Spoils clause in the pre-nup.,1.2105263157894737,0.047075115315785,95,77,16,2,not_evaluated,not_evaluated
I think they've raised the bar for really old fashioned weddings.,1.2105263157894737,0.0537397337097506,95,80,10,5,not_evaluated,not_evaluated
Don’t cry— It’s reassuring to now know there IS a soulmate somewhere for All of Us,1.2105263157894737,0.0420492348387874,95,75,20,0,not_evaluated,not_evaluated
"Yeah, he’s a superficial Democratic Socialist. Really into Nordic Models.",1.2105263157894737,0.0516139013586594,95,79,12,4,not_evaluated,not_evaluated
Spoiler Alert - Game of Thrones.,1.2105263157894737,0.049396666362498,95,78,14,3,not_evaluated,not_evaluated
She  always  liked  to  be  different,1.2105263157894737,0.047075115315785,95,77,16,2,not_evaluated,not_evaluated
Last wedding I attended they were Tampa Bay Buccaneer fans.,1.2105263157894737,0.049396666362498,95,78,14,3,not_evaluated,not_evaluated
"I thought you said ""rustic?""",1.2105263157894737,0.049396666362498,95,78,14,3,not_evaluated,not_evaluated
Holly runs the Facebook Punsters Asylum Group. Bud runs NRA's local chapter. It's the Right to Bare Arms theme.,1.2105263157894737,0.0537397337097506,95,80,10,5,not_evaluated,not_evaluated
These modern kids! Give me a good Bacchus wedding any day.,1.2105263157894737,0.047075115315785,95,77,16,2,not_evaluated,not_evaluated
Time travel is a new twist to Destination Weddings.,1.2105263157894737,0.044632973419446,95,76,18,1,not_evaluated,not_evaluated
I heard that the Bachelor party invaded Western Europe...,1.2105263157894737,0.0516139013586594,95,79,12,4,not_evaluated,not_evaluated
Have you tried their Paleo diet?,1.2105263157894737,0.0516139013586594,95,79,12,4,not_evaluated,not_evaluated
I think they've gone overboard with their Paleo diet.,1.2105263157894737,0.047075115315785,95,77,16,2,not_evaluated,not_evaluated
"When I told Sarah to venture out of her comfort zone, this isn't what I meant.",1.2105263157894737,0.047075115315785,95,77,16,2,not_evaluated,not_evaluated
"When they said they were going for a vintage theme,I didn't think they meant this.",1.2105263157894737,0.044632973419446,95,76,18,1,not_evaluated,not_evaluated
It took them a long time to find each other.,1.2105263157894737,0.049396666362498,95,78,14,3,not_evaluated,not_evaluated
I give it a pillage and a sack.,1.2105263157894737,0.044632973419446,95,76,18,1,not_evaluated,not_evaluated
They have a gift registry at IKEA,1.2105263157894737,0.0516139013586594,95,79,12,4,not_evaluated,not_evaluated
"...I must say, though, that fanny-pack looks like it will come in handy",1.2105263157894737,0.047075115315785,95,77,16,2,not_evaluated,not_evaluated
She would have done anything for a fur coat...,1.2105263157894737,0.0516139013586594,95,79,12,4,not_evaluated,not_evaluated
The groomsman on the right helped him discover America.,1.2105263157894737,0.0516139013586594,95,79,12,4,not_evaluated,not_evaluated
The best ones are always taken.,1.2105263157894737,0.049396666362498,95,78,14,3,not_evaluated,not_evaluated
This wasn't what I imagined when she said they were planning a 'traditional Viking wedding'.,1.2105263157894737,0.047075115315785,95,77,16,2,not_evaluated,not_evaluated
I personally hate this Goth look.,1.2105263157894737,0.047075115315785,95,77,16,2,not_evaluated,not_evaluated
"Tom Potter: ""I was amazed they chose each other. They have nothing in common!""",1.2105263157894737,0.047075115315785,95,77,16,2,not_evaluated,not_evaluated
"Did he just say ""WHEN death do us part"" ?",1.2105263157894737,0.0516139013586594,95,79,12,4,not_evaluated,not_evaluated
"They plan to honeymoon in Hastings, after the battle.",1.2105263157894737,0.049396666362498,95,78,14,3,not_evaluated,not_evaluated
Seriously? He's going to share the whole story of how they met and fell in love? What a saga!,1.2105263157894737,0.047075115315785,95,77,16,2,not_evaluated,not_evaluated
My GOT...,1.2105263157894737,0.049396666362498,95,78,14,3,not_evaluated,not_evaluated
It’s going to be a marauding honeymoon.,1.2105263157894737,0.044632973419446,95,76,18,1,not_evaluated,not_evaluated
"Astrid and Lars recently found out, they're both descendants of  Viking royalty.""",1.2105263157894737,0.049396666362498,95,78,14,3,not_evaluated,not_evaluated
"Always a bridesmaid, never a kick-ass Norse Warrior Queen.",1.2105263157894737,0.0516139013586594,95,79,12,4,not_evaluated,not_evaluated
"I love these Viking weddings. The Viking funerals, not so much.",1.2083333333333333,0.0511204860458823,96,80,12,4,not_evaluated,not_evaluated
"I, Conan...",1.2065217391304348,0.0451626658066878,92,74,17,1,not_evaluated,not_evaluated
"Well, I still think he's a barbarian.",1.2065217391304348,0.0477342426985695,92,75,15,2,not_evaluated,not_evaluated
They did say they wanted a vintage wedding theme.,1.2065217391304348,0.0477342426985695,92,75,15,2,not_evaluated,not_evaluated
At least it’s not a shotgun wedding.,1.2065217391304348,0.0501741912664799,92,76,13,3,not_evaluated,not_evaluated
I hear they’re spending the honeymoon on an ice floe.,1.2065217391304348,0.0424355374600959,92,73,19,0,not_evaluated,not_evaluated
In the eyes of Thor I pronounce you man and wife,1.2065217391304348,0.0525008667784131,92,77,11,4,not_evaluated,not_evaluated
With this Ring Cycle I thee wed.,1.2065217391304348,0.0501741912664799,92,76,13,3,not_evaluated,not_evaluated
Be careful during the first dance,1.2065217391304348,0.0451626658066878,92,74,17,1,not_evaluated,not_evaluated
I don't think he's Jewish (Not the right sort of horns),1.2065217391304348,0.0525008667784131,92,77,11,4,not_evaluated,not_evaluated
"When they said ""Destination Wedding"", they didn't say the destination was 10th century Norway.",1.2065217391304348,0.0477342426985695,92,75,15,2,not_evaluated,not_evaluated
He never did learn how to tie a bow tie,1.2065217391304348,0.0451626658066878,92,74,17,1,not_evaluated,not_evaluated
The best man is really hot.,1.2065217391304348,0.0451626658066878,92,74,17,1,not_evaluated,not_evaluated
Can't imagine how they're going to pull off a vegan blood sacrifice.,1.2065217391304348,0.0525008667784131,92,77,11,4,not_evaluated,not_evaluated
This sure beats an Irish wedding.,1.2065217391304348,0.0477342426985695,92,75,15,2,not_evaluated,not_evaluated
"""Always a Norse maid, never a Norse.""",1.2065217391304348,0.0501741912664799,92,76,13,3,not_evaluated,not_evaluated
"At the end of the ceremony they don't exchange rings, they exchange head-butts.",1.2065217391304348,0.0477342426985695,92,75,15,2,not_evaluated,not_evaluated
"I think she's actually starting to believe in the ""Game of Thrones?",1.2065217391304348,0.0501741912664799,92,76,13,3,not_evaluated,not_evaluated
What you get when Feminism marries Religious Freedom.,1.2065217391304348,0.0451626658066878,92,74,17,1,not_evaluated,not_evaluated
I hear they met on a cruise.,1.2065217391304348,0.0501741912664799,92,76,13,3,not_evaluated,not_evaluated
Vandal game in 45 minutes.,1.2065217391304348,0.0525008667784131,92,77,11,4,not_evaluated,not_evaluated
They shouldn't have killed the third groomsman. It's going to ruin the symmetry of the photos after the ceremony.,1.2065217391304348,0.0451626658066878,92,74,17,1,not_evaluated,not_evaluated
She always did go for the barbarians!,1.2065217391304348,0.0501741912664799,92,76,13,3,not_evaluated,not_evaluated
Till death club you apart....,1.2065217391304348,0.0525008667784131,92,77,11,4,not_evaluated,not_evaluated
I think they've taken this destination wedding theme a bit too far...,1.2065217391304348,0.0501741912664799,92,76,13,3,not_evaluated,not_evaluated
"And do you Mr. Ericksson swear not to run off to discover North America, never to return!",1.2065217391304348,0.0477342426985695,92,75,15,2,not_evaluated,not_evaluated
I still remember when they first met at the mascot tryout in Minnesota!,1.2065217391304348,0.0477342426985695,92,75,15,2,not_evaluated,not_evaluated
They really got into the paleo diet when they were dating.,1.2065217391304348,0.0477342426985695,92,75,15,2,not_evaluated,not_evaluated
She should have married a Lannister if you want my opinion,1.2065217391304348,0.0477342426985695,92,75,15,2,not_evaluated,not_evaluated
I hear the honeymoon is on a Viking Longboat.,1.2065217391304348,0.0501741912664799,92,76,13,3,not_evaluated,not_evaluated
At least we know the funeral will be exciting..,1.2065217391304348,0.0501741912664799,92,76,13,3,not_evaluated,not_evaluated
"Oh ...  You don't have to tell me. I know hard it must have been to lash twenty wild boars to the barbecue spits, but  finding eighty virgin rowers  for the honey moon barge was a bitch.",1.2065217391304348,0.0477342426985695,92,75,15,2,not_evaluated,not_evaluated
It’s a shame their parents could not make the wedding.,1.2065217391304348,0.0501741912664799,92,76,13,3,not_evaluated,not_evaluated
I can't wait for the fremented whale blunder feast to start. How about you?,1.2065217391304348,0.0477342426985695,92,75,15,2,not_evaluated,not_evaluated
I hear they're raiding Niagara Falls for the honeymoon.,1.2065217391304348,0.0477342426985695,92,75,15,2,not_evaluated,not_evaluated
The honeymoon will be a North Sea Cruise to the British Isles.,1.2065217391304348,0.0501741912664799,92,76,13,3,not_evaluated,not_evaluated
The impaled heads go on the groom’s side.,1.2065217391304348,0.0525008667784131,92,77,11,4,not_evaluated,not_evaluated
"Yeup, apparently they came straight from the Met ball!",1.2065217391304348,0.0477342426985695,92,75,15,2,not_evaluated,not_evaluated
Dagmar finally landed a horny man.,1.2065217391304348,0.0451626658066878,92,74,17,1,not_evaluated,not_evaluated
And you thought the coffee cup on Game if Thrones was an obvious anachronism!,1.2065217391304348,0.0525008667784131,92,77,11,4,not_evaluated,not_evaluated
I hear they're going on a Viking cruise for their honeymoon.,1.2065217391304348,0.0501741912664799,92,76,13,3,not_evaluated,not_evaluated
They both swear by the paleo diet.,1.2065217391304348,0.0525008667784131,92,77,11,4,not_evaluated,not_evaluated
He left out the part about does anyone object to this union,1.2065217391304348,0.0477342426985695,92,75,15,2,not_evaluated,not_evaluated
‘Til a floating funeral pyre at sea do we part,1.2065217391304348,0.0501741912664799,92,76,13,3,not_evaluated,not_evaluated
Their new house is stone age modern.,1.2065217391304348,0.0477342426985695,92,75,15,2,not_evaluated,not_evaluated
These theme weddings are getting so old.,1.2065217391304348,0.0525008667784131,92,77,11,4,not_evaluated,not_evaluated
Leave it to Steve and Barb to turn an elegant ceremony into a barbaric affair...,1.2065217391304348,0.0501741912664799,92,76,13,3,not_evaluated,not_evaluated
"Always the bridesmaid, never the Brunhilda.",1.2065217391304348,0.0477342426985695,92,75,15,2,not_evaluated,not_evaluated
Looks like they are well armed for marriage.,1.2065217391304348,0.0451626658066878,92,74,17,1,not_evaluated,not_evaluated
His dick was bigger.,1.2065217391304348,0.0525008667784131,92,77,11,4,not_evaluated,not_evaluated
...and my last Unitarian wedding took only 29 minutes.,1.2065217391304348,0.0501741912664799,92,76,13,3,not_evaluated,not_evaluated
"I wish they'd hurry up. The parking outside Valhalla is crazy this time of day and boy, do I need a mead.",1.2065217391304348,0.0477342426985695,92,75,15,2,not_evaluated,not_evaluated
Olaf is used to rape and plunder.  Olga's sword says otherwise!,1.2065217391304348,0.0477342426985695,92,75,15,2,not_evaluated,not_evaluated
This is a relief after her first marriage to that Neanderthal.,1.2065217391304348,0.0451626658066878,92,74,17,1,not_evaluated,not_evaluated
She met him at a mammoth hunters re-enactment.,1.2065217391304348,0.0477342426985695,92,75,15,2,not_evaluated,not_evaluated
"As cosplay weddings go, this one’s pretty tame. But I hear the batchelor party was murder.",1.2065217391304348,0.0451626658066878,92,74,17,1,not_evaluated,not_evaluated
"Call me progressive, but do traditional weddings seem a little barbaric?",1.2065217391304348,0.0501741912664799,92,76,13,3,not_evaluated,not_evaluated
This explains the dragon themed cake,1.2065217391304348,0.0451626658066878,92,74,17,1,not_evaluated,not_evaluated
Paleo diet. It's a lifestyle.,1.2065217391304348,0.0477342426985695,92,75,15,2,not_evaluated,not_evaluated
I''m sure the reception will be a bit of a messy affair,1.2065217391304348,0.0451626658066878,92,74,17,1,not_evaluated,not_evaluated
Looks like they are forever going to hold their pieces.,1.2065217391304348,0.0477342426985695,92,75,15,2,not_evaluated,not_evaluated
I would have gone with the smaller sword.,1.2065217391304348,0.0424355374600959,92,73,19,0,not_evaluated,not_evaluated
...Barb says she met him at a Paleo diet retreat...,1.2065217391304348,0.0477342426985695,92,75,15,2,not_evaluated,not_evaluated
They impaled my groomsman.,1.2065217391304348,0.0477342426985695,92,75,15,2,not_evaluated,not_evaluated
Did you notice her shoes?,1.2065217391304348,0.0477342426985695,92,75,15,2,not_evaluated,not_evaluated
"So you’re telling me, that caves these days are mortgage free?",1.2065217391304348,0.0501741912664799,92,76,13,3,not_evaluated,not_evaluated
I understand they have signed up for a Pillage and Plunder Excursion at one of the Cruise Ship stops,1.2065217391304348,0.0501741912664799,92,76,13,3,not_evaluated,not_evaluated
"Personally, I think this home DNA testing has gone way too far.",1.2065217391304348,0.0477342426985695,92,75,15,2,not_evaluated,not_evaluated
It's my turn to catch the bouquet.,1.2065217391304348,0.0525008667784131,92,77,11,4,not_evaluated,not_evaluated
"To be honest, this is my first cosplay wedding.",1.2065217391304348,0.0477342426985695,92,75,15,2,not_evaluated,not_evaluated
Star Wars theme is so 2018.,1.2065217391304348,0.0547287178337301,92,78,9,5,not_evaluated,not_evaluated
"""I swear the fur isn't fake!""",1.2065217391304348,0.0477342426985695,92,75,15,2,not_evaluated,not_evaluated
"Oh gods, I bet they are going to go berserk tonight.",1.2065217391304348,0.0477342426985695,92,75,15,2,not_evaluated,not_evaluated
"Looks like your date didn't survive Thor's bachelor night game ""Slay.""",1.2065217391304348,0.0451626658066878,92,74,17,1,not_evaluated,not_evaluated
"Well, they did say it would be a traditional wedding.",1.2065217391304348,0.0477342426985695,92,75,15,2,not_evaluated,not_evaluated
This is what happens when you book a wedding at the Valhalla Inn.,1.2065217391304348,0.0477342426985695,92,75,15,2,not_evaluated,not_evaluated
The pastor agreed to do it if they promised to pay him with real money and not animal skins.,1.2058823529411764,0.0489418914124265,102,85,13,4,not_evaluated,not_evaluated
I hear he got the ring from a dragon.,1.2043010752688172,0.0472703715690037,93,76,15,2,not_evaluated,not_evaluated
"Well, I always wondered what a Neanderthal marryng up would look like.",1.2043010752688172,0.0472703715690037,93,76,15,2,not_evaluated,not_evaluated
I think we will be noticed more than that coffee cup,1.2043010752688172,0.0472703715690037,93,76,15,2,not_evaluated,not_evaluated
They both stabbed right.,1.2043010752688172,0.054182564542124,93,79,9,5,not_evaluated,not_evaluated
He didn’t have to work too hard to convert to cave man for her.,1.2043010752688172,0.0496814061693936,93,77,13,3,not_evaluated,not_evaluated
They met on GRRRRRRR-inder.,1.2,0.0479283693574423,90,74,14,2,not_evaluated,not_evaluated
you may now exchange swords,1.2,0.0452486541139744,90,73,16,1,not_evaluated,not_evaluated
"She claims they met on a jaunt to New England, but I'm skeptical.",1.2,0.0504659932964838,90,75,12,3,not_evaluated,not_evaluated
He already took this wife.,1.2,0.0452486541139744,90,73,16,1,not_evaluated,not_evaluated
She's been waiting forever for him to come around!,1.2,0.0479283693574423,90,74,14,2,not_evaluated,not_evaluated
They're already dressed for their Viking cruise honeymoon!,1.2,0.0479283693574423,90,74,14,2,not_evaluated,not_evaluated
"Oh, that's what she meant by saying he's good at ""swordplay"".",1.2,0.0504659932964838,90,75,12,3,not_evaluated,not_evaluated
"Sure there were women warriors, but Betty just thought the sword accessorizes so nicely with Jim's spear.",1.2,0.0504659932964838,90,75,12,3,not_evaluated,not_evaluated
The honeymoon is a cruise to Vinland,1.2,0.0528819853025402,90,76,10,4,not_evaluated,not_evaluated
There are dating sites for everyone. Even marauders.,1.2,0.0504659932964838,90,75,12,3,not_evaluated,not_evaluated
He has no idea his bride is Brunhilda.,1.2,0.0504659932964838,90,75,12,3,not_evaluated,not_evaluated
Norse is the new white.,1.2,0.0452486541139744,90,73,16,1,not_evaluated,not_evaluated
"I feel so out of place, is the bar open yet?",1.2,0.0479283693574423,90,74,14,2,not_evaluated,not_evaluated
We're just waiting on the Lord Of The Rings.,1.2,0.0509704259596523,95,80,11,4,not_evaluated,not_evaluated
That's cute. They're matching.,1.2,0.0504659932964838,90,75,12,3,not_evaluated,not_evaluated
"Wow, what some people will do to save money.",1.2,0.0452486541139744,90,73,16,1,not_evaluated,not_evaluated
He converted...why do you ask?,1.2,0.0479283693574423,90,74,14,2,not_evaluated,not_evaluated
Kids today just don't want to dress up.,1.2,0.0479283693574423,90,74,14,2,not_evaluated,not_evaluated
I had to get dressed up for this?,1.2,0.0504659932964838,90,75,12,3,not_evaluated,not_evaluated
"It's not ""Just a dumb theme wedding"". Didn't you hear they're raiding English monasteries for their honeymoon?",1.2,0.0479283693574423,90,74,14,2,not_evaluated,not_evaluated
"I'm not a bit surprised, she's always talking about how 'cutting edge' they are.",1.2,0.0528819853025402,90,76,10,4,not_evaluated,not_evaluated
"After he carries her out over his shoulder, I'm going to need a drink.",1.2,0.0479283693574423,90,74,14,2,not_evaluated,not_evaluated
Everything's so mundane right after the Met Gala.,1.2,0.0479283693574423,90,74,14,2,not_evaluated,not_evaluated
This is the third one of these I went to this month.,1.2,0.0551923206585427,90,77,8,5,not_evaluated,not_evaluated
"The dinner's going to have brawls, pillaging, and an open bard.",1.2,0.0479283693574423,90,74,14,2,not_evaluated,not_evaluated
The honeymoon is to go out on a boat and light it on fire.,1.2,0.0479283693574423,90,74,14,2,not_evaluated,not_evaluated
No. I said plunder; it's not a dating app.,1.2,0.0504659932964838,90,75,12,3,not_evaluated,not_evaluated
"Are they the ones that step on the glass and do the circle dance with the chair? Or are they the ones that do the blood sacrifice ritual? Can't keep it straight, I'm such a dummy! Also have you seen my dog? Freya said he was gonna be in the ceremony.",1.2,0.0479283693574423,90,74,14,2,not_evaluated,not_evaluated
luckily they are both Paleo so it's not a mixed marriage,1.2,0.0504659932964838,90,75,12,3,not_evaluated,not_evaluated
They have so much in common.,1.2,0.0479283693574423,90,74,14,2,not_evaluated,not_evaluated
I think they are inappropriately dressed for this cartoon.,1.2,0.0504659932964838,90,75,12,3,not_evaluated,not_evaluated
That's a big rock.,1.2,0.0528819853025402,90,76,10,4,not_evaluated,not_evaluated
... 'til rape and pillage do us part.,1.2,0.0452486541139744,90,73,16,1,not_evaluated,not_evaluated
You bet I was surprised. I was told it was a shotgun wedding.,1.2,0.0479283693574423,90,74,14,2,not_evaluated,not_evaluated
"To have and to hold, to pillage and plunder...",1.2,0.0479283693574423,90,74,14,2,not_evaluated,not_evaluated
"I've heard of a viking funeral, but a viking wedding?",1.2,0.0452486541139744,90,73,16,1,not_evaluated,not_evaluated
I hear the ring is genuine runestone.,1.2,0.0504659932964838,90,75,12,3,not_evaluated,not_evaluated
... and her sword's by Thor's of Fifth Avenue ...,1.2,0.0479283693574423,90,74,14,2,not_evaluated,not_evaluated
This is my third mascot wedding this year.,1.2,0.0479283693574423,90,74,14,2,not_evaluated,not_evaluated
"Do you take Astrid as your lawfully wed--""
""Alright, let's skip the lawful bit.",1.2,0.0479283693574423,90,74,14,2,not_evaluated,not_evaluated
"Well, they did meet at a Vikings game, and that's why they're taking each other for better or Norse.",1.2,0.0528819853025402,90,76,10,4,not_evaluated,not_evaluated
"Love, honor and cherish?  Give me a break!",1.2,0.0452486541139744,90,73,16,1,not_evaluated,not_evaluated
Winter is coming.,1.2,0.0504659932964838,90,75,12,3,not_evaluated,not_evaluated
Let's get ready to rumble.,1.2,0.0479283693574423,90,74,14,2,not_evaluated,not_evaluated
The honeymoon is a pillage through Spain and Portugal.,1.2,0.0479283693574423,90,74,14,2,not_evaluated,not_evaluated
"With Viking weddings both sides start out armed for battle and give real meaning to the oath ""until death do us part"" .",1.2,0.0528819853025402,90,76,10,4,not_evaluated,not_evaluated
The reception is at his Man Cave!,1.2,0.0504659932964838,90,75,12,3,not_evaluated,not_evaluated
I never knew there were Viking marriage ceremonies.  I only heard of their burials.,1.2,0.0423999152002544,90,72,18,0,not_evaluated,not_evaluated
They really are  two of a kind!,1.2,0.0423999152002544,90,72,18,0,not_evaluated,not_evaluated
Never before had a Viking ever married a Flintstone.,1.2,0.0504659932964838,90,75,12,3,not_evaluated,not_evaluated
A 14 year engagement and this is the best they could do.,1.2,0.0504659932964838,90,75,12,3,not_evaluated,not_evaluated
"She sings of Olaf, glad and BIG ...",1.2,0.0479283693574423,90,74,14,2,not_evaluated,not_evaluated
I thought for sure he'd marry Brienne,1.2,0.0479283693574423,90,74,14,2,not_evaluated,not_evaluated
- “Do you Anvorlaf take Slaugred to be your lawfully wedded barbarian?”,1.2,0.0504659932964838,90,75,12,3,not_evaluated,not_evaluated
The Rains of Castamere is an interesting song choice.,1.2,0.0504659932964838,90,75,12,3,not_evaluated,not_evaluated
"For a year I've heard nothing but 'Thor and Brunhilde, Thor and Brunhilde!' Now I see they're just an ordinary couple!",1.2,0.0452486541139744,90,73,16,1,not_evaluated,not_evaluated
"I don’t get it. 
He always preferred blondes.",1.2,0.0504659932964838,90,75,12,3,not_evaluated,not_evaluated
I have to pee.,1.2,0.0551923206585427,90,77,8,5,not_evaluated,not_evaluated
Weddings feel so medieval nowadays.,1.2,0.0479283693574423,90,74,14,2,not_evaluated,not_evaluated
"Did you hear? He invited his x. 
If I were him, I wouldn't close my eyes tonight.",1.2,0.0452486541139744,90,73,16,1,not_evaluated,not_evaluated
"He's a Wildling, she's a lawyer.",1.2,0.0504659932964838,90,75,12,3,not_evaluated,not_evaluated
"He went to Thor.""",1.2,0.0452486541139744,90,73,16,1,not_evaluated,not_evaluated
"Martha, can you catch a sword?",1.2,0.0479283693574423,90,74,14,2,not_evaluated,not_evaluated
I'm not looking forward to the ten thousand year old wooly  mammoth barbecue.,1.2,0.0452486541139744,90,73,16,1,not_evaluated,not_evaluated
They're heading right to a raid after the ceremony.,1.2,0.0452486541139744,90,73,16,1,not_evaluated,not_evaluated
They'll be a striking couple!,1.2,0.0504659932964838,90,75,12,3,not_evaluated,not_evaluated
"And do you, Lars, take this wench as your prize?",1.2,0.0452486541139744,90,73,16,1,not_evaluated,not_evaluated
I heard the cake is more paleo than he is!,1.2,0.0479283693574423,90,74,14,2,not_evaluated,not_evaluated
I wonder what’s in their wallet,1.2,0.0479283693574423,90,74,14,2,not_evaluated,not_evaluated
He pillaged the ring from his grandmother.,1.1956521739130437,0.0494574733583754,92,77,12,3,not_evaluated,not_evaluated
I thought this was supposed to be a funeral.,1.1954022988505748,0.0457760913275482,87,71,15,1,not_evaluated,not_evaluated
They met on a river cruise.,1.1954022988505748,0.0486082168320334,87,72,13,2,not_evaluated,not_evaluated
"Between you and me, Hagar looks horrible.",1.1954022988505748,0.053827271492375,87,74,9,4,not_evaluated,not_evaluated
"What's the expression; 'Forewarned is.....?""",1.1954022988505748,0.0457760913275482,87,71,15,1,not_evaluated,not_evaluated
Why? Because it's a viking tradition to die with you sword.,1.1954022988505748,0.0512841783589433,87,73,11,3,not_evaluated,not_evaluated
I now pronounce you Viking and Ex-Gatherer.,1.1954022988505748,0.0486082168320334,87,72,13,2,not_evaluated,not_evaluated
I hope Wotan there didn't forget the ring.,1.1954022988505748,0.0486082168320334,87,72,13,2,not_evaluated,not_evaluated
Their honeymoon is in Greenland!,1.1954022988505748,0.0562555185086386,87,75,7,5,not_evaluated,not_evaluated
"""He proposed the day he saw her goring her ox.""",1.1954022988505748,0.0486082168320334,87,72,13,2,not_evaluated,not_evaluated
"Personally, I like the Bears!",1.1954022988505748,0.0486082168320334,87,72,13,2,not_evaluated,not_evaluated
This Game of Thrones business has definitely gotten out of hand.,1.1954022988505748,0.0486082168320334,87,72,13,2,not_evaluated,not_evaluated
I think I'll be passing on the bouquet toss.,1.1954022988505748,0.0486082168320334,87,72,13,2,not_evaluated,not_evaluated
Will  he break the glass or eat it?,1.1954022988505748,0.0457760913275482,87,71,15,1,not_evaluated,not_evaluated
"I don’t see this ending in divorce, do you?",1.1954022988505748,0.0427567811097386,87,70,17,0,not_evaluated,not_evaluated
My vegan husband was much more excited about the Gatherer's nuptials.,1.1954022988505748,0.0512841783589433,87,73,11,3,not_evaluated,not_evaluated
They're taking a river cruise.,1.1954022988505748,0.0486082168320334,87,72,13,2,not_evaluated,not_evaluated
"Turns out ""rapine"" doesn't mean what I thought it did.",1.1954022988505748,0.0486082168320334,87,72,13,2,not_evaluated,not_evaluated
I hate to see what kind of weapons they get for the divorce,1.1954022988505748,0.0512841783589433,87,73,11,3,not_evaluated,not_evaluated
This takes conversion to a whole new level.,1.1954022988505748,0.0512841783589433,87,73,11,3,not_evaluated,not_evaluated
I just don't get it.  She's as crazy about Game of Thrones as he is about Vikings.,1.1954022988505748,0.0486082168320334,87,72,13,2,not_evaluated,not_evaluated
Damned Renaissance Fair!,1.1954022988505748,0.0486082168320334,87,72,13,2,not_evaluated,not_evaluated
You should see where the reception is.,1.1954022988505748,0.0457760913275482,87,71,15,1,not_evaluated,not_evaluated
"I just love the traditional Carolingian weaponry.""",1.1954022988505748,0.0512841783589433,87,73,11,3,not_evaluated,not_evaluated
It took a couple centuries to find the dress!,1.1954022988505748,0.0512841783589433,87,73,11,3,not_evaluated,not_evaluated
They met on 23andMe.,1.1954022988505748,0.0457760913275482,87,71,15,1,not_evaluated,not_evaluated
The honeymoon may be a short one!”,1.1954022988505748,0.0512841783589433,87,73,11,3,not_evaluated,not_evaluated
"Okay. This is not forever, right?",1.1954022988505748,0.0512841783589433,87,73,11,3,not_evaluated,not_evaluated
The groom looks kinda horney.,1.1954022988505748,0.0457760913275482,87,71,15,1,not_evaluated,not_evaluated
Interesting concept -- destination couple.,1.1954022988505748,0.0486082168320334,87,72,13,2,not_evaluated,not_evaluated
Hey it's an incongruous situation viewed by people in middle aged attire -- I think we must be in a New Yorker cartoon!,1.1954022988505748,0.053827271492375,87,74,9,4,not_evaluated,not_evaluated
They're honeymooning on Norwegian Cruise Lines.,1.1954022988505748,0.0486082168320334,87,72,13,2,not_evaluated,not_evaluated
I knew this couple was living in the past.,1.1954022988505748,0.0512841783589433,87,73,11,3,not_evaluated,not_evaluated
I guess nobody will crash this wedding,1.1954022988505748,0.0427567811097386,87,70,17,0,not_evaluated,not_evaluated
I suppose the wedding cake will be some sort of mud pie.,1.1954022988505748,0.0486082168320334,87,72,13,2,not_evaluated,not_evaluated
And to love and cherish till death in battle do us part.,1.1954022988505748,0.0512841783589433,87,73,11,3,not_evaluated,not_evaluated
Erik and Hilda are wearing matching fannie packs...  very chic.,1.1954022988505748,0.0512841783589433,87,73,11,3,not_evaluated,not_evaluated
I wonder if the third groomsman will taste like chicken?,1.1954022988505748,0.0486082168320334,87,72,13,2,not_evaluated,not_evaluated
"He's Star Wars, she's Star Trek so they compromised on a Game of Thrones wedding.",1.1954022988505748,0.0457760913275482,87,71,15,1,not_evaluated,not_evaluated
"Now repeat after me: With this sword, I thee wed.",1.1954022988505748,0.053827271492375,87,74,9,4,not_evaluated,not_evaluated
These theme weddings are getting out of control....,1.1954022988505748,0.0512841783589433,87,73,11,3,not_evaluated,not_evaluated
I think they will have some deadly arguments.,1.1954022988505748,0.053827271492375,87,74,9,4,not_evaluated,not_evaluated
Her family was very insistent they honor their Nordic heritage,1.1954022988505748,0.0486082168320334,87,72,13,2,not_evaluated,not_evaluated
I heard they will be honeymooning in Scandinavia.,1.1954022988505748,0.0486082168320334,87,72,13,2,not_evaluated,not_evaluated
It's not what you think.  They met at a Lord of the Rings party.,1.1954022988505748,0.0512841783589433,87,73,11,3,not_evaluated,not_evaluated
"They were just dating for so long, I’ve almost given up",1.1954022988505748,0.0486082168320334,87,72,13,2,not_evaluated,not_evaluated
The Ericksens have always been a bit different!,1.1954022988505748,0.0486082168320334,87,72,13,2,not_evaluated,not_evaluated
Couples that pillage and plunder together stay together.,1.1954022988505748,0.053827271492375,87,74,9,4,not_evaluated,not_evaluated
At least they didn’t ask the rest of the wedding party to go cosplay.,1.1954022988505748,0.0486082168320334,87,72,13,2,not_evaluated,not_evaluated
"You know, when they said they were dressing up for the wedding, this wasn't quite what I was expecting.",1.1954022988505748,0.0486082168320334,87,72,13,2,not_evaluated,not_evaluated
Best Masquerade ball ever!,1.1954022988505748,0.0512841783589433,87,73,11,3,not_evaluated,not_evaluated
Do you think he will wear the horns ALL night???,1.1954022988505748,0.0457760913275482,87,71,15,1,not_evaluated,not_evaluated
Their parents are really pissed.,1.1954022988505748,0.0457760913275482,87,71,15,1,not_evaluated,not_evaluated
They were just so meant for each other!,1.1954022988505748,0.0427567811097386,87,70,17,0,not_evaluated,not_evaluated
Let's hope it's smooth sailing from here.,1.1954022988505748,0.0486082168320334,87,72,13,2,not_evaluated,not_evaluated
"Do you take this barbarian to be your lawful wedded wife? Is so, answer with a grunt.",1.1954022988505748,0.0486082168320334,87,72,13,2,not_evaluated,not_evaluated
"If that’s the bouquet, forget about it...",1.1954022988505748,0.0486082168320334,87,72,13,2,not_evaluated,not_evaluated
Their luggage didn’t make it.,1.1954022988505748,0.0512841783589433,87,73,11,3,not_evaluated,not_evaluated
I heard they met on barbarians.com.,1.1954022988505748,0.0486082168320334,87,72,13,2,not_evaluated,not_evaluated
Hard to believe they were scouts together!,1.1954022988505748,0.0512841783589433,87,73,11,3,not_evaluated,not_evaluated
I hear they're honeymooning along the east coast. The plundering and pillaging is supposed to be really nice this time of year.,1.1954022988505748,0.0512841783589433,87,73,11,3,not_evaluated,not_evaluated
I now pronounce you Oly and Lena.,1.1954022988505748,0.0486082168320334,87,72,13,2,not_evaluated,not_evaluated
I think her dress is stunning,1.1954022988505748,0.0457760913275482,87,71,15,1,not_evaluated,not_evaluated
"Even with the weapons, the wedding's safer than the funeral.",1.1954022988505748,0.0512841783589433,87,73,11,3,not_evaluated,not_evaluated
It took them awhile to evolve their relationship.,1.1954022988505748,0.0512841783589433,87,73,11,3,not_evaluated,not_evaluated
I won't be binge watching this.,1.1954022988505748,0.0486082168320334,87,72,13,2,not_evaluated,not_evaluated
"They're both Jewish, but not Orthodox.",1.1954022988505748,0.053827271492375,87,74,9,4,not_evaluated,not_evaluated
"Why I remember little Karin when she 
was still hacking off her pet's tails...",1.1954022988505748,0.053827271492375,87,74,9,4,not_evaluated,not_evaluated
They met at a paleo diet camp,1.1954022988505748,0.0512841783589433,87,73,11,3,not_evaluated,not_evaluated
"It would have been nice if they'd told us
they'd switched the dress code from ""Formal"" to ""Battle.""",1.1954022988505748,0.0457760913275482,87,71,15,1,not_evaluated,not_evaluated
At least they can cosplay together,1.1954022988505748,0.0457760913275482,87,71,15,1,not_evaluated,not_evaluated
"I was really hoping they'd have chosen Stonehenge as their wedding location, but it was already booked.",1.1954022988505748,0.0427567811097386,87,70,17,0,not_evaluated,not_evaluated
"Nonetheless, I still find it hard to believe they met on a Viking Cruise.",1.1954022988505748,0.0486082168320334,87,72,13,2,not_evaluated,not_evaluated
"And now, you may cut off his head.",1.1954022988505748,0.0512841783589433,87,73,11,3,not_evaluated,not_evaluated
Am I the only one who heard her say “a HORSE and CARRIAGE” ?,1.1954022988505748,0.0512841783589433,87,73,11,3,not_evaluated,not_evaluated
I bet they won't last more than three seasons.,1.1954022988505748,0.0486082168320334,87,72,13,2,not_evaluated,not_evaluated
"If any of you has a reason why these two should not be married, you should probably keep it to yourself.",1.1954022988505748,0.0512841783589433,87,73,11,3,not_evaluated,not_evaluated
This marriage could be a Battle of the Sexes!,1.1954022988505748,0.0427567811097386,87,70,17,0,not_evaluated,not_evaluated
"It's they're way of telling ""23 and Me"" to go to hell!",1.1954022988505748,0.0512841783589433,87,73,11,3,not_evaluated,not_evaluated
And yet we still had to buy this boring dress,1.1954022988505748,0.0512841783589433,87,73,11,3,not_evaluated,not_evaluated
Glad they moved the destination wedding from Greenland to Green Bay & skipped the cheeseheads.,1.1954022988505748,0.0457760913275482,87,71,15,1,not_evaluated,not_evaluated
After this we are auditioning for an opera.,1.1954022988505748,0.0486082168320334,87,72,13,2,not_evaluated,not_evaluated
They are going to make marriage great again!,1.1954022988505748,0.0486082168320334,87,72,13,2,not_evaluated,not_evaluated
She always did gravitate to the cave man type.,1.1954022988505748,0.0512841783589433,87,73,11,3,not_evaluated,not_evaluated
I object!  He hasn't attacked or pillaged in years.,1.1954022988505748,0.0486082168320334,87,72,13,2,not_evaluated,not_evaluated
It's just the way they appeared on the Jumbotron when he proposed at the game.,1.1954022988505748,0.0486082168320334,87,72,13,2,not_evaluated,not_evaluated
"Couples that pillage together, stay together.",1.1954022988505748,0.0486082168320334,87,72,13,2,not_evaluated,not_evaluated
"Wow, this could be either the beginning of the series or the final season.",1.1954022988505748,0.0457760913275482,87,71,15,1,not_evaluated,not_evaluated
The Game may be over but they're not.,1.1954022988505748,0.0457760913275482,87,71,15,1,not_evaluated,not_evaluated
She had to sign a prenup saying she understands his hoard and ship get buried with him if he goes first.,1.1954022988505748,0.0427567811097386,87,70,17,0,not_evaluated,not_evaluated
"They're taking a break from the football game, he likes Minnesota.",1.1954022988505748,0.0486082168320334,87,72,13,2,not_evaluated,not_evaluated
Scandinavian chic meets Jersey Shore...,1.1954022988505748,0.0457760913275482,87,71,15,1,not_evaluated,not_evaluated
I joined this church because of it’s welcoming congregation but I never thought I would be asked to help Fred and Wilma renew their vows. Awesome!,1.1954022988505748,0.0512841783589433,87,73,11,3,not_evaluated,not_evaluated
Seems like a caveman theme would have been more appropriate.,1.1954022988505748,0.0512841783589433,87,73,11,3,not_evaluated,not_evaluated
Mrs. Sheena foul-fart the Unwashed... can you imagine? That’s why he’s taking her name.,1.1954022988505748,0.0562555185086386,87,75,7,5,not_evaluated,not_evaluated
I hope the reception does not involve raping or pillaging...,1.1954022988505748,0.0486082168320334,87,72,13,2,not_evaluated,not_evaluated
"Settle down,I'm told the outfits are rentals.",1.1954022988505748,0.0457760913275482,87,71,15,1,not_evaluated,not_evaluated
"Do you Erik and you Brunhilda promise to have and to hold, to pillage and plunder, until death do you part?",1.1954022988505748,0.0512841783589433,87,73,11,3,not_evaluated,not_evaluated
Do you Thor take this wench to be your lawfully wedded wife til death do you part or til movie rights are sold to Disney?,1.1954022988505748,0.0512841783589433,87,73,11,3,not_evaluated,not_evaluated
She insisted on a Keto wedding.,1.1954022988505748,0.0512841783589433,87,73,11,3,not_evaluated,not_evaluated
For their honeymoon they're pillaging the nearest hamlet.,1.1954022988505748,0.0457760913275482,87,71,15,1,not_evaluated,not_evaluated
"For their honeymoon, they'll be rowing to Europe.",1.1954022988505748,0.0486082168320334,87,72,13,2,not_evaluated,not_evaluated
Me and Jenny are besties we met on the warpath killing the romans and we have been close ever since.,1.1954022988505748,0.0486082168320334,87,72,13,2,not_evaluated,not_evaluated
I didn't have the heart to tell him that Vikings didn't really have horns in their helmets.,1.1954022988505748,0.0486082168320334,87,72,13,2,not_evaluated,not_evaluated
"When's the honeymoon?""
""1066 AD.",1.1954022988505748,0.053827271492375,87,74,9,4,not_evaluated,not_evaluated
Till death do us part? I'd like to see you or anyone try. Now can we eat the boars's head.,1.1954022988505748,0.0512841783589433,87,73,11,3,not_evaluated,not_evaluated
They're gonna slay the reception entrance.,1.1954022988505748,0.0512841783589433,87,73,11,3,not_evaluated,not_evaluated
"I think the bride is on the wrong side, but who could tell?",1.1954022988505748,0.0457760913275482,87,71,15,1,not_evaluated,not_evaluated
"If he fools around on her, she'll bring him up to date in a big hurry.",1.1954022988505748,0.0427567811097386,87,70,17,0,not_evaluated,not_evaluated
I will let you catch the bridal sword.,1.1954022988505748,0.0457760913275482,87,71,15,1,not_evaluated,not_evaluated
I believe they met in Minnesota,1.1954022988505748,0.053827271492375,87,74,9,4,not_evaluated,not_evaluated
Is she ‘battle axe’ or ‘ball and chain’?,1.1954022988505748,0.0512841783589433,87,73,11,3,not_evaluated,not_evaluated
Together they'll conquer the world.,1.1954022988505748,0.0486082168320334,87,72,13,2,not_evaluated,not_evaluated
I pronounce you husband and wife. You may now kill the bride.,1.1954022988505748,0.053827271492375,87,74,9,4,not_evaluated,not_evaluated
Told you we could get Harry and Meghan’s bishop to marry us!!!!,1.1954022988505748,0.053827271492375,87,74,9,4,not_evaluated,not_evaluated
"The dress is a little plain, don’t you think?",1.1954022988505748,0.0457760913275482,87,71,15,1,not_evaluated,not_evaluated
We really should have gone with the maiden battle axes.,1.1954022988505748,0.0486082168320334,87,72,13,2,not_evaluated,not_evaluated
"They’re dressed for their honeymoon, a Viking cruise.",1.1954022988505748,0.0512841783589433,87,73,11,3,not_evaluated,not_evaluated
"Now exchange the weapons and repeat after me, Rudolf, with this spear...",1.1954022988505748,0.0486082168320334,87,72,13,2,not_evaluated,not_evaluated
His first wife wasn't into pillaging.,1.1954022988505748,0.0486082168320334,87,72,13,2,not_evaluated,not_evaluated
They wouldn't listen to my clothing designer...,1.1954022988505748,0.0486082168320334,87,72,13,2,not_evaluated,not_evaluated
Did your family make it?,1.1954022988505748,0.0457760913275482,87,71,15,1,not_evaluated,not_evaluated
For their honeymoon they're taking a pillage and plunder cruise.,1.1954022988505748,0.0486082168320334,87,72,13,2,not_evaluated,not_evaluated
Our destination wedding was in second century Rome.,1.1954022988505748,0.0427567811097386,87,70,17,0,not_evaluated,not_evaluated
They're planning to sack Dublin for their honeymoon.,1.1954022988505748,0.0486082168320334,87,72,13,2,not_evaluated,not_evaluated
"Like I told her, if it feels like a destination wedding, then it is a destination wedding.",1.1954022988505748,0.0512841783589433,87,73,11,3,not_evaluated,not_evaluated
It goes back several generations.,1.1954022988505748,0.0562555185086386,87,75,7,5,not_evaluated,not_evaluated
I thought reverse genetic engineering of birds to get dinosaurs was a  really crazy idea until I met them.,1.1954022988505748,0.0457760913275482,87,71,15,1,not_evaluated,not_evaluated
They met when they were sacking Paris.,1.1954022988505748,0.0457760913275482,87,71,15,1,not_evaluated,not_evaluated
"....from this day forward, to have and to hold, until pillage do you part”.",1.1954022988505748,0.0512841783589433,87,73,11,3,not_evaluated,not_evaluated
This puts a whole new spin on 'Til death do us part!',1.1954022988505748,0.053827271492375,87,74,9,4,not_evaluated,not_evaluated
"I understand you'll both read your own vows, etched into the skulls of your vanquished enemies.",1.1954022988505748,0.0457760913275482,87,71,15,1,not_evaluated,not_evaluated
They joined our congregation last week so they could be married.,1.1954022988505748,0.0512841783589433,87,73,11,3,not_evaluated,not_evaluated
Did you notice that the gift registry had nothing listed except herring?,1.1935483870967742,0.0489679950914336,93,78,12,3,not_evaluated,not_evaluated
It's nice to find a man who can love and respect a very traditional girl.,1.193181818181818,0.0481039521831209,88,73,13,2,not_evaluated,not_evaluated
"Now -- about the ""until death do we part"" --",1.193181818181818,0.0453073635933749,88,72,15,1,not_evaluated,not_evaluated
They met on “Viking.com”,1.193181818181818,0.0481039521831209,88,73,13,2,not_evaluated,not_evaluated
They met last year at VikingCom.,1.193181818181818,0.0481039521831209,88,73,13,2,not_evaluated,not_evaluated
I hear they're invading Saxon Britain for their honeymoon.,1.193181818181818,0.0481039521831209,88,73,13,2,not_evaluated,not_evaluated
They're going on a working honeymoon cruise.,1.193181818181818,0.0481039521831209,88,73,13,2,not_evaluated,not_evaluated
"Always a bridesmaid, never a shield-maiden...",1.193181818181818,0.0453073635933749,88,72,15,1,not_evaluated,not_evaluated
Is it offensive that instead of money I gave them meat?,1.193181818181818,0.0507466573824295,88,74,11,3,not_evaluated,not_evaluated
"I thought their plan to sail to an island for their honeymoon was romantic, but now I have questions.",1.193181818181818,0.0481039521831209,88,73,13,2,not_evaluated,not_evaluated
"After the engagement, they agreed to eliminate the club.",1.193181818181818,0.0481039521831209,88,73,13,2,not_evaluated,not_evaluated
Her mother owns a vintage clothing shop.,1.193181818181818,0.0453073635933749,88,72,15,1,not_evaluated,not_evaluated
I told you winter was coming!,1.193181818181818,0.0481039521831209,88,73,13,2,not_evaluated,not_evaluated
You may kill the bride!,1.193181818181818,0.0532583914077716,88,75,9,4,not_evaluated,not_evaluated
"Yes, even if you’re haggard and he’s horrible.",1.193181818181818,0.0481039521831209,88,73,13,2,not_evaluated,not_evaluated
"So this is making America great again, eh?",1.193181818181818,0.0453073635933749,88,72,15,1,not_evaluated,not_evaluated
"John, do you take  Daenerys to be your lawfully wedded wife, until Bran Stark reveals she is your Aunt.",1.193181818181818,0.0453073635933749,88,72,15,1,not_evaluated,not_evaluated
They didn’t ask for anything. They’re planning to pillage the next town over for their honeymoon.,1.193181818181818,0.0453073635933749,88,72,15,1,not_evaluated,not_evaluated
"After all that pillaging we wanted to raise our children in a peaceful faith,  under the chuppah.",1.193181818181818,0.0453073635933749,88,72,15,1,not_evaluated,not_evaluated
Do you think that sword would make my butt look fat?,1.193181818181818,0.0481039521831209,88,73,13,2,not_evaluated,not_evaluated
"Whatever you do, don’t snicker. The third groomsman snickered and they offed him.",1.193181818181818,0.0481039521831209,88,73,13,2,not_evaluated,not_evaluated
What happens if you can't read Norse Code?,1.193181818181818,0.0481039521831209,88,73,13,2,not_evaluated,not_evaluated
I give it three massacres at the most.,1.193181818181818,0.0507466573824295,88,74,11,3,not_evaluated,not_evaluated
The other groomsman is still outside trying to skewer the boar.,1.193181818181818,0.0481039521831209,88,73,13,2,not_evaluated,not_evaluated
"And do you, promise to protect Westerfell with you life?",1.193181818181818,0.042326400460334,88,71,17,0,not_evaluated,not_evaluated
It will never last.,1.193181818181818,0.0453073635933749,88,72,15,1,not_evaluated,not_evaluated
They are doing a non-traditional  smashing of  the glass.,1.193181818181818,0.0481039521831209,88,73,13,2,not_evaluated,not_evaluated
"Yeah, they are big GOT fans but this is more of a ""Hot Pink Mess Wedding"" in my opinion.",1.193181818181818,0.0481039521831209,88,73,13,2,not_evaluated,not_evaluated
"Mark my words, as soon as they say their I dos, they'll have a fight.",1.193181818181818,0.0481039521831209,88,73,13,2,not_evaluated,not_evaluated
They've been dressing like this ever since they got their 23andMe Neanderthal variants reports.,1.193181818181818,0.0507466573824295,88,74,11,3,not_evaluated,not_evaluated
They plan to honeymoon in Iceland,1.193181818181818,0.0481039521831209,88,73,13,2,not_evaluated,not_evaluated
You may seal your marriage with a kill.,1.193181818181818,0.0507466573824295,88,74,11,3,not_evaluated,not_evaluated
And they’re riding a “mastodon” to the reception,1.193181818181818,0.0481039521831209,88,73,13,2,not_evaluated,not_evaluated
Five will get you ten he even sleeps in that horn helmet.,1.193181818181818,0.042326400460334,88,71,17,0,not_evaluated,not_evaluated
"Always the bridesmaid, never the bride...",1.193181818181818,0.0507466573824295,88,74,11,3,not_evaluated,not_evaluated
"Fanny packs are ""in"" again.",1.193181818181818,0.0481039521831209,88,73,13,2,not_evaluated,not_evaluated
"So, how did you end up in this bridesmaid job?",1.193181818181818,0.0481039521831209,88,73,13,2,not_evaluated,not_evaluated
They met on OKFreyja.,1.193181818181818,0.0453073635933749,88,72,15,1,not_evaluated,not_evaluated
"Ugh, these bridesmaids dresses are so tacky.",1.193181818181818,0.0453073635933749,88,72,15,1,not_evaluated,not_evaluated
"Well, if that's the result, I'm not going on a paleo diet!",1.193181818181818,0.0556568888386434,88,76,7,5,not_evaluated,not_evaluated
I only give them a season or two.,1.193181818181818,0.0453073635933749,88,72,15,1,not_evaluated,not_evaluated
I see what you mean about sitting out the bouquet toss,1.193181818181818,0.0481039521831209,88,73,13,2,not_evaluated,not_evaluated
Kaleesi Goldstein has a nice ring to it.,1.193181818181818,0.0507466573824295,88,74,11,3,not_evaluated,not_evaluated
The guy with the sword is Putin...the other one with the horns...maybe Trump?,1.193181818181818,0.0532583914077716,88,75,9,4,not_evaluated,not_evaluated
I told her he was horny.,1.193181818181818,0.0453073635933749,88,72,15,1,not_evaluated,not_evaluated
Who will win?,1.193181818181818,0.0507466573824295,88,74,11,3,not_evaluated,not_evaluated
Maybe they're just not the prenup type.,1.193181818181818,0.0453073635933749,88,72,15,1,not_evaluated,not_evaluated
I still refuse to watch Game of Thrones.,1.193181818181818,0.0453073635933749,88,72,15,1,not_evaluated,not_evaluated
Now that it has been confirmed that the dowry has been paid and the balance of power has been restored we may proceed,1.193181818181818,0.0453073635933749,88,72,15,1,not_evaluated,not_evaluated
"To love and to cherish, ‘till Season 8 do us part.",1.193181818181818,0.0507466573824295,88,74,11,3,not_evaluated,not_evaluated
I can't wait to see what they'll serve at the reception.,1.193181818181818,0.0481039521831209,88,73,13,2,not_evaluated,not_evaluated
She’s adapted well to his lifestyle.,1.193181818181818,0.042326400460334,88,71,17,0,not_evaluated,not_evaluated
I hope I'm the one who catches her leg wrap.,1.193181818181818,0.0481039521831209,88,73,13,2,not_evaluated,not_evaluated
I paid $600 for this dress.,1.193181818181818,0.0481039521831209,88,73,13,2,not_evaluated,not_evaluated
"And Helga, do you take Olaf until Valhallah do you part?",1.193181818181818,0.0453073635933749,88,72,15,1,not_evaluated,not_evaluated
"I think paleo bridesmaids' outfits would have been appropriate, too.",1.193181818181818,0.0507466573824295,88,74,11,3,not_evaluated,not_evaluated
She pointed her sword at a certain place and here we are.,1.193181818181818,0.0481039521831209,88,73,13,2,not_evaluated,not_evaluated
This marriage is made in Helgafjell.,1.193181818181818,0.0507466573824295,88,74,11,3,not_evaluated,not_evaluated
"Under Trump's new visa policies, your guest may not make it to your US destination wedding... thankfully LA has plenty of ""extras""",1.193181818181818,0.0507466573824295,88,74,11,3,not_evaluated,not_evaluated
There is no doubt that SHE will be sitting on the Iron Throne...,1.193181818181818,0.0532583914077716,88,75,9,4,not_evaluated,not_evaluated
It totally figures ... Odin would bring a male African American on board before allowing Hella or Perchata to officiate.,1.193181818181818,0.0507466573824295,88,74,11,3,not_evaluated,not_evaluated
Their honeymoon cruise sacks and pillages five different seaports.,1.193181818181818,0.0453073635933749,88,72,15,1,not_evaluated,not_evaluated
She fell for the hipster-purse.,1.193181818181818,0.0481039521831209,88,73,13,2,not_evaluated,not_evaluated
"Do you promise to protect, kill and savage in the name of love?",1.193181818181818,0.0453073635933749,88,72,15,1,not_evaluated,not_evaluated
Did you remember to tie cans to the tail of the gokstat?,1.193181818181818,0.0453073635933749,88,72,15,1,not_evaluated,not_evaluated
"...in sickness and in health, in good pillages and bad...",1.193181818181818,0.0507466573824295,88,74,11,3,not_evaluated,not_evaluated
"Eric you take Erica or you took Erica to be your lawful wife.""",1.193181818181818,0.0507466573824295,88,74,11,3,not_evaluated,not_evaluated
"Again, if anyone here know of any reason why this man and woman should not be joined in holy matrimony ...",1.193181818181818,0.0453073635933749,88,72,15,1,not_evaluated,not_evaluated
Let swords be beaten into plowshares and spears into pruning hooks and no woman be afraid any more.,1.193181818181818,0.0507466573824295,88,74,11,3,not_evaluated,not_evaluated
She chose broad sword & sphere over bouquet & botanere,1.193181818181818,0.0481039521831209,88,73,13,2,not_evaluated,not_evaluated
I hope they don’t poke the chuppah with their swords.,1.193181818181818,0.0507466573824295,88,74,11,3,not_evaluated,not_evaluated
I think I lost my Starbucks cup.,1.193181818181818,0.0481039521831209,88,73,13,2,not_evaluated,not_evaluated
His fascinator is a bit over the top.,1.193181818181818,0.0481039521831209,88,73,13,2,not_evaluated,not_evaluated
I think I'll forever hold my peace.,1.193181818181818,0.042326400460334,88,71,17,0,not_evaluated,not_evaluated
Bob and Linda seem to have taken this whole role-playing thing to the next level.,1.193181818181818,0.0453073635933749,88,72,15,1,not_evaluated,not_evaluated
Don't you think the 'cosplay' thing is a bit overdone?,1.193181818181818,0.0453073635933749,88,72,15,1,not_evaluated,not_evaluated
She's got the sword. And much lighter on her feet.,1.193181818181818,0.0481039521831209,88,73,13,2,not_evaluated,not_evaluated
The pillaging will keep them richer.,1.193181818181818,0.0532583914077716,88,75,9,4,not_evaluated,not_evaluated
They’re honeymooning in Vinland!,1.193181818181818,0.0481039521831209,88,73,13,2,not_evaluated,not_evaluated
"They seem ready for "" until death do us part"" !",1.193181818181818,0.0481039521831209,88,73,13,2,not_evaluated,not_evaluated
The groomsmen seem nice.,1.193181818181818,0.0453073635933749,88,72,15,1,not_evaluated,not_evaluated
"I think the """"fanny packs"" are out of place,  like the Starbucks cup.",1.193181818181818,0.0453073635933749,88,72,15,1,not_evaluated,not_evaluated
I drew the line at wearing matching pelts.,1.193181818181818,0.0453073635933749,88,72,15,1,not_evaluated,not_evaluated
Neither of them wear the pants in the relationship.,1.193181818181818,0.0507466573824295,88,74,11,3,not_evaluated,not_evaluated
"They met on the Set of  ""Vikings""",1.193181818181818,0.042326400460334,88,71,17,0,not_evaluated,not_evaluated
I like the matching boots. It's very romantic,1.193181818181818,0.0481039521831209,88,73,13,2,not_evaluated,not_evaluated
I hear they met on OKCosplay,1.193181818181818,0.0481039521831209,88,73,13,2,not_evaluated,not_evaluated
"Now that the fat lady has sung, you may kiss the bride.",1.193181818181818,0.0481039521831209,88,73,13,2,not_evaluated,not_evaluated
His shoe size is exaggerated.,1.193181818181818,0.0481039521831209,88,73,13,2,not_evaluated,not_evaluated
"They said they wanted an old-fashioned wedding""",1.193181818181818,0.0453073635933749,88,72,15,1,not_evaluated,not_evaluated
What happened to the bonfire?,1.193181818181818,0.0481039521831209,88,73,13,2,not_evaluated,not_evaluated
I hope his sword is bigger than hers.,1.193181818181818,0.0481039521831209,88,73,13,2,not_evaluated,not_evaluated
"Always a bridesmaid, never a prize of plunder.",1.193181818181818,0.0453073635933749,88,72,15,1,not_evaluated,not_evaluated
Guess he never got the memo: Vikings don't wear horned helmets.,1.193181818181818,0.0481039521831209,88,73,13,2,not_evaluated,not_evaluated
It was love at first battle.,1.193181818181818,0.0507466573824295,88,74,11,3,not_evaluated,not_evaluated
Do you have the Ring Cycle?,1.193181818181818,0.0507466573824295,88,74,11,3,not_evaluated,not_evaluated
"Well, how do you define domestic bliss?",1.193181818181818,0.0481039521831209,88,73,13,2,not_evaluated,not_evaluated
She has never looked more angelic,1.193181818181818,0.0579562101508615,88,77,5,6,not_evaluated,not_evaluated
"...to loot, plunder, and pillage
For as long as you both shall live?",1.193181818181818,0.0481039521831209,88,73,13,2,not_evaluated,not_evaluated
It's been like this ever since Arya started watching that goddamn TV show!,1.193181818181818,0.0453073635933749,88,72,15,1,not_evaluated,not_evaluated
The only thing in the prenup is who gets the meat in the freezer.,1.193181818181818,0.0507466573824295,88,74,11,3,not_evaluated,not_evaluated
She always wanted an old-fashioned wedding.,1.193181818181818,0.0453073635933749,88,72,15,1,not_evaluated,not_evaluated
The Renaissance Faire. Where did you meet her?,1.193181818181818,0.0481039521831209,88,73,13,2,not_evaluated,not_evaluated
He just traced his ancestry.  They are going to pillage and sack on their honeymoon.,1.193181818181818,0.0481039521831209,88,73,13,2,not_evaluated,not_evaluated
I can't wait for the marital strife!,1.193181818181818,0.0507466573824295,88,74,11,3,not_evaluated,not_evaluated
At least he’s not as horrible as that Hagar.,1.193181818181818,0.0481039521831209,88,73,13,2,not_evaluated,not_evaluated
They must be huge Minnesota fans.,1.193181818181818,0.0453073635933749,88,72,15,1,not_evaluated,not_evaluated
He went all Viking at the Super Bowl party and she was done for.,1.193181818181818,0.0507466573824295,88,74,11,3,not_evaluated,not_evaluated
These themed weddings have gone too far,1.193181818181818,0.0481039521831209,88,73,13,2,not_evaluated,not_evaluated
I told him he didn't have to wear a murse and he still stood me up.,1.193181818181818,0.0532583914077716,88,75,9,4,not_evaluated,not_evaluated
I guess they’re taking a swing at it.,1.193181818181818,0.0453073635933749,88,72,15,1,not_evaluated,not_evaluated
Their commitment to a Paleo lifestyle has gone way too far.,1.193181818181818,0.0453073635933749,88,72,15,1,not_evaluated,not_evaluated
Susan..... What do you think about Olaf with the large feet and the small hands ?,1.193181818181818,0.0507466573824295,88,74,11,3,not_evaluated,not_evaluated
I hear they are going to England for their honeymoon.,1.193181818181818,0.0453073635933749,88,72,15,1,not_evaluated,not_evaluated
Can you believe they had their wedding on Halloween?,1.193181818181818,0.0481039521831209,88,73,13,2,not_evaluated,not_evaluated
I heard they employed a wedding planner.,1.193181818181818,0.0453073635933749,88,72,15,1,not_evaluated,not_evaluated
"Yeah, I'm pretty sure it'll be a keto dinner.",1.193181818181818,0.042326400460334,88,71,17,0,not_evaluated,not_evaluated
"She couldn’t wear white, so this was his idea.",1.193181818181818,0.0481039521831209,88,73,13,2,not_evaluated,not_evaluated
"They thought he said, ‘Dress like a viscount.’",1.193181818181818,0.0507466573824295,88,74,11,3,not_evaluated,not_evaluated
They marry dressed for divorce.,1.193181818181818,0.0453073635933749,88,72,15,1,not_evaluated,not_evaluated
"And to think, they met in a Sushi Bar.",1.193181818181818,0.0556568888386434,88,76,7,5,not_evaluated,not_evaluated
At least her dress is no better.,1.193181818181818,0.0481039521831209,88,73,13,2,not_evaluated,not_evaluated
Till Asgard do us part,1.193181818181818,0.0481039521831209,88,73,13,2,not_evaluated,not_evaluated
"Do you - Tristan take Isolde.......er, where is the ring.??",1.1923076923076923,0.0474851556477788,104,88,12,4,not_evaluated,not_evaluated
Do you take this ... to be your wife.,1.1923076923076923,0.045476735915275,104,87,14,3,not_evaluated,not_evaluated
I'll give them one pillage and one sack. Maybe two at most.,1.1910112359550562,0.0448479570080877,89,73,15,1,not_evaluated,not_evaluated
She still looks better than these stupid bridesmaid dresses.,1.1910112359550562,0.0502201600716848,89,75,11,3,not_evaluated,not_evaluated
They’re hyphenating for gender equality—Mr. and Mrs. Fire-In-The-Eye-Norman-Slayer.,1.1910112359550562,0.0476098924879322,89,74,13,2,not_evaluated,not_evaluated
Their honeymoon is an Nordic cruise.,1.1910112359550562,0.0502201600716848,89,75,11,3,not_evaluated,not_evaluated
"The matching purses are a Viking Thing""",1.1910112359550562,0.0476098924879322,89,74,13,2,not_evaluated,not_evaluated
I don't care how popular that show is -- it's never a good idea to enter a marriage with weapons in hand.,1.1910112359550562,0.0502201600716848,89,75,11,3,not_evaluated,not_evaluated
Do you think these flowers are our dinner?,1.1910112359550562,0.0502201600716848,89,75,11,3,not_evaluated,not_evaluated
We got off easy.,1.1910112359550562,0.0476098924879322,89,74,13,2,not_evaluated,not_evaluated
"With reservation Lord, I hereby pronounce this spear-bearing horny man and  sword-wielding woman to be husband and wife for as long as they both may live, albeit likely brief.",1.1891891891891893,0.0452737845030551,111,94,13,4,not_evaluated,not_evaluated
"Bjørn is my favorite groomsman. When I catch the clog, our fate will be sealed.",1.188235294117647,0.0426506808082336,85,69,16,0,not_evaluated,not_evaluated
I'd never get married with last year's sword.,1.188235294117647,0.0487781166409865,85,71,12,2,not_evaluated,not_evaluated
"I'm fine with the themed wedding, it's the themed honeymoon that concerns me.",1.188235294117647,0.0487781166409865,85,71,12,2,not_evaluated,not_evaluated
His first wedding was Rome-themed. Go figure.,1.188235294117647,0.0426506808082336,85,69,16,0,not_evaluated,not_evaluated
Game of Thrones....Really?,1.188235294117647,0.0487781166409865,85,71,12,2,not_evaluated,not_evaluated
I can’t believe she made us wear these dresses.,1.188235294117647,0.0487781166409865,85,71,12,2,not_evaluated,not_evaluated
"It is about time.  They dated for almost 2,000 years.",1.188235294117647,0.0458169468452859,85,70,14,1,not_evaluated,not_evaluated
"Don't tell her folks, but it's also a shotgun wedding.",1.188235294117647,0.0487781166409865,85,71,12,2,not_evaluated,not_evaluated
"I didn't realize he meant formal cave wear.""",1.188235294117647,0.0515695327481218,85,72,10,3,not_evaluated,not_evaluated
'I now pronounce you Odin and Frigg.',1.188235294117647,0.0458169468452859,85,70,14,1,not_evaluated,not_evaluated
I thought you said he was a King?,1.188235294117647,0.0515695327481218,85,72,10,3,not_evaluated,not_evaluated
Who the heck told them that they had to dress like Viking for their Norwegian Cruise destination wedding?,1.188235294117647,0.0487781166409865,85,71,12,2,not_evaluated,not_evaluated
It’s a Nordic combine.,1.188235294117647,0.0458169468452859,85,70,14,1,not_evaluated,not_evaluated
They said they wanted the wedding to be Loki.,1.188235294117647,0.0542174211179168,85,73,8,4,not_evaluated,not_evaluated
"Mam, the cake-cutting comes after the ceremony.",1.188235294117647,0.0515695327481218,85,72,10,3,not_evaluated,not_evaluated
"TILL DEATH DO US PART, FITS WELL",1.188235294117647,0.0487781166409865,85,71,12,2,not_evaluated,not_evaluated
I bet the reception will be a real rager.,1.188235294117647,0.0487781166409865,85,71,12,2,not_evaluated,not_evaluated
"The honeymoon is in Valhalla - they're setting sail tomorrow""",1.188235294117647,0.0458169468452859,85,70,14,1,not_evaluated,not_evaluated
"Instead of breaking a glass, they inflict puncture wounds.",1.188235294117647,0.0487781166409865,85,71,12,2,not_evaluated,not_evaluated
I heard she conquered  his heart.,1.188235294117647,0.0515695327481218,85,72,10,3,not_evaluated,not_evaluated
"I don't think she wanted it to be that European, Jodie.",1.188235294117647,0.0426506808082336,85,69,16,0,not_evaluated,not_evaluated
I heard she's pregnant,1.188235294117647,0.0487781166409865,85,71,12,2,not_evaluated,not_evaluated
This Game of Throne thing has gone a bit too far.,1.188235294117647,0.0542174211179168,85,73,8,4,not_evaluated,not_evaluated
"...and Ulf, do you promise to love, honor and pillage with Helga 'til the Gods do you part?",1.188235294117647,0.0458169468452859,85,70,14,1,not_evaluated,not_evaluated
Sure looks like he'll be the horns in the family,1.188235294117647,0.0515695327481218,85,72,10,3,not_evaluated,not_evaluated
Always a wench and never a bride.,1.188235294117647,0.0515695327481218,85,72,10,3,not_evaluated,not_evaluated
I think this means a new normal for formal.,1.188235294117647,0.0458169468452859,85,70,14,1,not_evaluated,not_evaluated
A theme wedding was her idea. The Viking theme was his.,1.188235294117647,0.0487781166409865,85,71,12,2,not_evaluated,not_evaluated
She insisted.,1.188235294117647,0.0487781166409865,85,71,12,2,not_evaluated,not_evaluated
"Dearly beloved, do you promise to battle all folks till death you do part.",1.188235294117647,0.0487781166409865,85,71,12,2,not_evaluated,not_evaluated
"I think I just heard him say, To Have And To Pillage.",1.188235294117647,0.0515695327481218,85,72,10,3,not_evaluated,not_evaluated
I hear she is going to live wih his people.,1.188235294117647,0.0487781166409865,85,71,12,2,not_evaluated,not_evaluated
I’m just glad we got a different dress code,1.188235294117647,0.0426506808082336,85,69,16,0,not_evaluated,not_evaluated
I suppose it's better than a shotgun marriage,1.188235294117647,0.0426506808082336,85,69,16,0,not_evaluated,not_evaluated
"Gunnborga, Leif, I told you not to scare the guests.""",1.188235294117647,0.0487781166409865,85,71,12,2,not_evaluated,not_evaluated
Who are the guys in the Penguin suits?,1.188235294117647,0.0458169468452859,85,70,14,1,not_evaluated,not_evaluated
I heard Game of Thrones is tomorrow,1.188235294117647,0.0487781166409865,85,71,12,2,not_evaluated,not_evaluated
I don’t know them. They told me they’d kill me and my family if I didn’t stay.,1.188235294117647,0.0487781166409865,85,71,12,2,not_evaluated,not_evaluated
"Wow, that Paleo diet has really taken hold!",1.188235294117647,0.0487781166409865,85,71,12,2,not_evaluated,not_evaluated
"Dearly beloved, we have hunted and gathered here.",1.188235294117647,0.0487781166409865,85,71,12,2,not_evaluated,not_evaluated
I always thought the Viking would be the honeymoon cruise.,1.188235294117647,0.0487781166409865,85,71,12,2,not_evaluated,not_evaluated
"Do you promise to love and cherish him, in motion sickness while sailing?",1.188235294117647,0.0487781166409865,85,71,12,2,not_evaluated,not_evaluated
"I don't think he'll be including the part about 'speak now or forever hold your piece'.""",1.188235294117647,0.0515695327481218,85,72,10,3,not_evaluated,not_evaluated
"If you do, please yell 'tyr'!",1.188235294117647,0.0487781166409865,85,71,12,2,not_evaluated,not_evaluated
"Til death do us part, or as soon as we have an argument.",1.188235294117647,0.0426506808082336,85,69,16,0,not_evaluated,not_evaluated
"'Till death do us part"" kind of loses it's gravity with the life expectancy of you two",1.188235294117647,0.0515695327481218,85,72,10,3,not_evaluated,not_evaluated
Big fans of the Viking show I’m guessing,1.188235294117647,0.0487781166409865,85,71,12,2,not_evaluated,not_evaluated
This “Game of Thrones”  craze is killing their relationship!,1.188235294117647,0.0458169468452859,85,70,14,1,not_evaluated,not_evaluated
Is now the moment to sacrifice the goat?,1.188235294117647,0.0487781166409865,85,71,12,2,not_evaluated,not_evaluated
I now pronounce you Norse and Visigoth.,1.188235294117647,0.0458169468452859,85,70,14,1,not_evaluated,not_evaluated
"Old Gods, or New Gods?",1.188235294117647,0.0458169468452859,85,70,14,1,not_evaluated,not_evaluated
Always a bride's made... Never a Viking!,1.188235294117647,0.0487781166409865,85,71,12,2,not_evaluated,not_evaluated
If I met my husband on a cruise I'd want zero people to know.,1.188235294117647,0.0487781166409865,85,71,12,2,not_evaluated,not_evaluated
Did Vikings call them fanny packs?,1.188235294117647,0.0487781166409865,85,71,12,2,not_evaluated,not_evaluated
you have GOT to be kidding me!,1.188235294117647,0.0515695327481218,85,72,10,3,not_evaluated,not_evaluated
So....what if she is my sister?,1.188235294117647,0.0426506808082336,85,69,16,0,not_evaluated,not_evaluated
Are you sure you’re at the right chapel?,1.188235294117647,0.0515695327481218,85,72,10,3,not_evaluated,not_evaluated
"I'm on both the Bride's and Groom's sides, how about yourself?",1.188235294117647,0.0487781166409865,85,71,12,2,not_evaluated,not_evaluated
Does the priest know how this ends?,1.188235294117647,0.0487781166409865,85,71,12,2,not_evaluated,not_evaluated
"You two have certainly stretched the meaning of ""the waiting period"".",1.188235294117647,0.0515695327481218,85,72,10,3,not_evaluated,not_evaluated
"Well, it IS “Forever Hold Your Piece”.",1.188235294117647,0.0458169468452859,85,70,14,1,not_evaluated,not_evaluated
He said he would do anything to get her out of that rag she’s wearing!,1.188235294117647,0.0487781166409865,85,71,12,2,not_evaluated,not_evaluated
"Was that ""I will"" or a burp?",1.188235294117647,0.0426506808082336,85,69,16,0,not_evaluated,not_evaluated
How long have they been together?,1.188235294117647,0.0542174211179168,85,73,8,4,not_evaluated,not_evaluated
The Preacher said he won't go on until Thor takes off his helmet.,1.188235294117647,0.0487781166409865,85,71,12,2,not_evaluated,not_evaluated
"This will be the first wedding I've been to, where the bride tosses her sword.""",1.188235294117647,0.0515695327481218,85,72,10,3,not_evaluated,not_evaluated
"If anyone objects to this union, they damn well better keep their mouths shut.",1.188235294117647,0.0487781166409865,85,71,12,2,not_evaluated,not_evaluated
They met at a convention.,1.188235294117647,0.0542174211179168,85,73,8,4,not_evaluated,not_evaluated
"She got a huge rock for the engagement.
They hone their weapons on it!",1.188235294117647,0.0458169468452859,85,70,14,1,not_evaluated,not_evaluated
Did you know he made a Viking Ship for their honeymoon.,1.188235294117647,0.0487781166409865,85,71,12,2,not_evaluated,not_evaluated
Three men were hacked to death at last night's bachelor party.,1.188235294117647,0.0515695327481218,85,72,10,3,not_evaluated,not_evaluated
I really just want to get this done as quickly as possible. I now pronounce you husband with spear and wife with sword.,1.188235294117647,0.0487781166409865,85,71,12,2,not_evaluated,not_evaluated
No one ever objects when they're armed.,1.188235294117647,0.0458169468452859,85,70,14,1,not_evaluated,not_evaluated
...and may the bride's Viking fetish outweigh the groom's proclivity for pillage and plunder,1.188235294117647,0.0515695327481218,85,72,10,3,not_evaluated,not_evaluated
Never the pillager always the pillagee.,1.188235294117647,0.0487781166409865,85,71,12,2,not_evaluated,not_evaluated
Thor and Helga are taking their destination wedding a little too far.,1.188235294117647,0.0458169468452859,85,70,14,1,not_evaluated,not_evaluated
Can you believe she's psyching this striking Viking to her liking?,1.188235294117647,0.0542174211179168,85,73,8,4,not_evaluated,not_evaluated
"He loves to cook, and their kitchen is all Viking.",1.188235294117647,0.0515695327481218,85,72,10,3,not_evaluated,not_evaluated
They are planning a river cruise honeymoon.,1.188235294117647,0.0458169468452859,85,70,14,1,not_evaluated,not_evaluated
"If anyone objects to this union, pillage now, or forever hold your peace.",1.188235294117647,0.0515695327481218,85,72,10,3,not_evaluated,not_evaluated
"...through sickness, health and mortal injury...",1.188235294117647,0.0458169468452859,85,70,14,1,not_evaluated,not_evaluated
Spoiler alert.,1.188235294117647,0.0515695327481218,85,72,10,3,not_evaluated,not_evaluated
If this was 500 years later it would be a shotgun wedding.,1.188235294117647,0.0515695327481218,85,72,10,3,not_evaluated,not_evaluated
"Thor says  ""Duh""",1.188235294117647,0.0487781166409865,85,71,12,2,not_evaluated,not_evaluated
"Hearing no objections, ...",1.188235294117647,0.0487781166409865,85,71,12,2,not_evaluated,not_evaluated
I suppose she loves her Viking range too.,1.188235294117647,0.0458169468452859,85,70,14,1,not_evaluated,not_evaluated
"Isn't this where we say, I do, instead of, we do?",1.188235294117647,0.0542174211179168,85,73,8,4,not_evaluated,not_evaluated
You going to the reception hoard after?,1.188235294117647,0.0458169468452859,85,70,14,1,not_evaluated,not_evaluated
Entering into a lifelong game of thrones.,1.188235294117647,0.0487781166409865,85,71,12,2,not_evaluated,not_evaluated
"If anyone believes this couple cannot lawfully be joined together in matrimony, tell the guy with the spear or the lady with the sword.",1.188235294117647,0.0458169468452859,85,70,14,1,not_evaluated,not_evaluated
"Did she just promise to dishonor, club and slay Bjørn
 for the few minutes they both may live?",1.188235294117647,0.0487781166409865,85,71,12,2,not_evaluated,not_evaluated
Please tell me this ISN'T another 'Red Wedding'.,1.188235294117647,0.0458169468452859,85,70,14,1,not_evaluated,not_evaluated
"Sure, I could say it's a travesty on both sides, but ""or forever hold your peace"" is the right play here.",1.188235294117647,0.0515695327481218,85,72,10,3,not_evaluated,not_evaluated
"In sickness and in health, until raiding do us part.....",1.188235294117647,0.0542174211179168,85,73,8,4,not_evaluated,not_evaluated
Is this the new Paleo wedding theme?,1.188235294117647,0.0458169468452859,85,70,14,1,not_evaluated,not_evaluated
Spear and sword...I've never approved of mixed marriages.,1.188235294117647,0.0458169468452859,85,70,14,1,not_evaluated,not_evaluated
And to think they met on Impalr!,1.188235294117647,0.0542174211179168,85,73,8,4,not_evaluated,not_evaluated
"Their vow ""to love, honor and joust with ye' was disturbing, yet romantic.",1.188235294117647,0.0426506808082336,85,69,16,0,not_evaluated,not_evaluated
Hagar the Horrible's Grand-Son's Wedding,1.188235294117647,0.0542174211179168,85,73,8,4,not_evaluated,not_evaluated
They're taking the Viking Cruise to Norway for their honeymoon.,1.188235294117647,0.0515695327481218,85,72,10,3,not_evaluated,not_evaluated
I hear they got a killer deal on an all-inlusive Greenland invasion cruise.,1.188235294117647,0.0515695327481218,85,72,10,3,not_evaluated,not_evaluated
I thought they were doing Game of Thrones,1.188235294117647,0.0542174211179168,85,73,8,4,not_evaluated,not_evaluated
Her ex-husband was a Quaker.,1.188235294117647,0.0458169468452859,85,70,14,1,not_evaluated,not_evaluated
Thor you may slay your Wife,1.188235294117647,0.0487781166409865,85,71,12,2,not_evaluated,not_evaluated
Let's hope 'the Horrible' is just an affectionate moniker.,1.188235294117647,0.0515695327481218,85,72,10,3,not_evaluated,not_evaluated
"She was hoping for a Viking range, but all she got was a Viking.",1.188235294117647,0.0458169468452859,85,70,14,1,not_evaluated,not_evaluated
I heard they met on the Viking dating app,1.188235294117647,0.0458169468452859,85,70,14,1,not_evaluated,not_evaluated
You should've seen how they buried Grandpa Joe.,1.188235294117647,0.0487781166409865,85,71,12,2,not_evaluated,not_evaluated
She met him on a Norwegian cruise trip.,1.188235294117647,0.0515695327481218,85,72,10,3,not_evaluated,not_evaluated
"Pssst, I heard the prenup was rock-solid",1.188235294117647,0.0515695327481218,85,72,10,3,not_evaluated,not_evaluated
Their honeymoon plans include both pilfering and plundering.,1.188235294117647,0.0515695327481218,85,72,10,3,not_evaluated,not_evaluated
Is this camp?,1.188235294117647,0.0487781166409865,85,71,12,2,not_evaluated,not_evaluated
"Did he just say, 'You may kick the bride'?",1.188235294117647,0.0487781166409865,85,71,12,2,not_evaluated,not_evaluated
"Grow young (and die of infection) with me, there's heaps of mutton yet to eat.",1.188235294117647,0.0515695327481218,85,72,10,3,not_evaluated,not_evaluated
I understand his first marriage had a 'Star Wars' theme,1.188235294117647,0.0487781166409865,85,71,12,2,not_evaluated,not_evaluated
They met on an Internet dating site for fans of Brunhilda.,1.188235294117647,0.0487781166409865,85,71,12,2,not_evaluated,not_evaluated
They met at a Game of Thrones event but they actually dressed that way since their ancestry.com meeting.,1.188235294117647,0.0515695327481218,85,72,10,3,not_evaluated,not_evaluated
I'm just saying...rustic is misleading in my opinion.,1.188235294117647,0.0515695327481218,85,72,10,3,not_evaluated,not_evaluated
"She's his aunt, you know.",1.188235294117647,0.0426506808082336,85,69,16,0,not_evaluated,not_evaluated
"Thought Vikings never really wore horned helmets. Fashion statement, or he is trying to tell her something?",1.188235294117647,0.0487781166409865,85,71,12,2,not_evaluated,not_evaluated
Hey Odin they’re ready to skewer the ox and cut the cake!,1.188235294117647,0.0458169468452859,85,70,14,1,not_evaluated,not_evaluated
I just love any wedding that evokes death and destruction.,1.188235294117647,0.0458169468452859,85,70,14,1,not_evaluated,not_evaluated
Unto death do us join.,1.188235294117647,0.0487781166409865,85,71,12,2,not_evaluated,not_evaluated
To be honest I think they’re taking Paleo a bit too far.,1.188235294117647,0.0515695327481218,85,72,10,3,not_evaluated,not_evaluated
And do you  Gunnhild  take this horny Viking Erik as your lawfully wedded  husbondi ?,1.188235294117647,0.0515695327481218,85,72,10,3,not_evaluated,not_evaluated
What do you mean this ends like a Viking funeral?,1.188235294117647,0.0487781166409865,85,71,12,2,not_evaluated,not_evaluated
Till death do us part,1.188235294117647,0.0458169468452859,85,70,14,1,not_evaluated,not_evaluated
They refused the convection oven I gave them.  They're gonna reinvent fire.,1.188235294117647,0.0458169468452859,85,70,14,1,not_evaluated,not_evaluated
I hate these Game of Thrones theme weddings.,1.188235294117647,0.0515695327481218,85,72,10,3,not_evaluated,not_evaluated
May all your boats be long .......,1.188235294117647,0.0426506808082336,85,69,16,0,not_evaluated,not_evaluated
A redacted version of your wedding vows will be available on request.,1.188235294117647,0.0515695327481218,85,72,10,3,not_evaluated,not_evaluated
Now you may pierce each other,1.188235294117647,0.0542174211179168,85,73,8,4,not_evaluated,not_evaluated
I didn't know destination wedding meant TIME travel,1.188235294117647,0.0487781166409865,85,71,12,2,not_evaluated,not_evaluated
They were sure right when they said they were going to have an exotic wedding.,1.188235294117647,0.0542174211179168,85,73,8,4,not_evaluated,not_evaluated
Do you know where they’re going on their raiding and pillaging?,1.188235294117647,0.0426506808082336,85,69,16,0,not_evaluated,not_evaluated
Should we have considered shorter vows?,1.188235294117647,0.0515695327481218,85,72,10,3,not_evaluated,not_evaluated
I hear they met pillaging villages.,1.188235294117647,0.0458169468452859,85,70,14,1,not_evaluated,not_evaluated
I heard she had hair extensions put in.,1.188235294117647,0.0487781166409865,85,71,12,2,not_evaluated,not_evaluated
I guess we should be thankful we weren't asked to help kill the wild boar that's being served at the reception.,1.188235294117647,0.0426506808082336,85,69,16,0,not_evaluated,not_evaluated
Who wears the pants in that relationship?,1.188235294117647,0.0487781166409865,85,71,12,2,not_evaluated,not_evaluated
She said it took an eternity to find her soulmate.,1.188235294117647,0.0458169468452859,85,70,14,1,not_evaluated,not_evaluated
"Padre, please condense this; we want to party like it's 1299.",1.188235294117647,0.0458169468452859,85,70,14,1,not_evaluated,not_evaluated
He's seem to have taken a viking to you,1.188235294117647,0.0458169468452859,85,70,14,1,not_evaluated,not_evaluated
"It's about time they got married, their daughter is 27,214 years old.",1.188235294117647,0.0487781166409865,85,71,12,2,not_evaluated,not_evaluated
She agreed to for better or Norse.,1.188235294117647,0.0426506808082336,85,69,16,0,not_evaluated,not_evaluated
She's marrying him because he's the horniest man she ever met,1.188235294117647,0.0542174211179168,85,73,8,4,not_evaluated,not_evaluated
The reception is featuring the New Nordic Cuisine.,1.188235294117647,0.0487781166409865,85,71,12,2,not_evaluated,not_evaluated
I hear they booked the honeymoon pillage cruise to Greenland.,1.188235294117647,0.0487781166409865,85,71,12,2,not_evaluated,not_evaluated
I sure hope the best man pillaged a couple of good looking rings.,1.188235294117647,0.0426506808082336,85,69,16,0,not_evaluated,not_evaluated
Think it will last?,1.188235294117647,0.0515695327481218,85,72,10,3,not_evaluated,not_evaluated
I am not sure this will be a peaceful marriage.,1.188235294117647,0.0487781166409865,85,71,12,2,not_evaluated,not_evaluated
Cool matching boots.  But are they vegan?,1.188235294117647,0.0458169468452859,85,70,14,1,not_evaluated,not_evaluated
"I don’t know, I still think the plundering was a bit much.",1.188235294117647,0.0515695327481218,85,72,10,3,not_evaluated,not_evaluated
Looks like the groomsmen didn't receive the rune mail.,1.188235294117647,0.0487781166409865,85,71,12,2,not_evaluated,not_evaluated
"Oh, no, it's a Minnasota thing!",1.188235294117647,0.0458169468452859,85,70,14,1,not_evaluated,not_evaluated
What's in _her_ wallet?,1.188235294117647,0.0458169468452859,85,70,14,1,not_evaluated,not_evaluated
You may kiss the wench.,1.188235294117647,0.0458169468452859,85,70,14,1,not_evaluated,not_evaluated
I heard they're grunting their own vows.,1.188235294117647,0.0542174211179168,85,73,8,4,not_evaluated,not_evaluated
"Sorry, but the prenup called for the beheading of your groomsman.",1.188235294117647,0.0487781166409865,85,71,12,2,not_evaluated,not_evaluated
She was so excited when she told me about him I thought she was getting a new oven.,1.188235294117647,0.0487781166409865,85,71,12,2,not_evaluated,not_evaluated
I now pronounce you...er...uh....whatever,1.188235294117647,0.0426506808082336,85,69,16,0,not_evaluated,not_evaluated
...and I now pronounce you spear and sword !,1.188235294117647,0.0458169468452859,85,70,14,1,not_evaluated,not_evaluated
"This is nothing, wait to the reception.",1.188235294117647,0.0426506808082336,85,69,16,0,not_evaluated,not_evaluated
"....... in sickness or in health,or until the viking war horn blows.",1.188235294117647,0.0458169468452859,85,70,14,1,not_evaluated,not_evaluated
We need mead.  They wrote their vows as a saga.,1.188235294117647,0.0426506808082336,85,69,16,0,not_evaluated,not_evaluated
Bridesmaid 1: ‘they said that the sword is mightier than the pen when it comes to pre-nuptials’,1.188235294117647,0.0487781166409865,85,71,12,2,not_evaluated,not_evaluated
I heard they're hyphenating.,1.188235294117647,0.0458169468452859,85,70,14,1,not_evaluated,not_evaluated
"Due to the rumors I've heard about their fidelity, my bet is those weapons are more than just symbolic.",1.188235294117647,0.0515695327481218,85,72,10,3,not_evaluated,not_evaluated
Ancestry.com...roots...latest fad.,1.188235294117647,0.0458169468452859,85,70,14,1,not_evaluated,not_evaluated
They met at an arms convention organized by the NRA.,1.188235294117647,0.0487781166409865,85,71,12,2,not_evaluated,not_evaluated
and I proclaim that until Ragnarok...,1.188235294117647,0.0487781166409865,85,71,12,2,not_evaluated,not_evaluated
"honey, i think we're at the wrong battlefield",1.188235294117647,0.0515695327481218,85,72,10,3,not_evaluated,not_evaluated
At least they are being true to their roots.,1.188235294117647,0.0515695327481218,85,72,10,3,not_evaluated,not_evaluated
"Ladies, who is going to be the lucky one to catch my sword!?",1.188235294117647,0.0515695327481218,85,72,10,3,not_evaluated,not_evaluated
"Yeah, I helped her pick it out on Etsy.",1.188235294117647,0.0487781166409865,85,71,12,2,not_evaluated,not_evaluated
Apparently everyone does have his match!,1.188235294117647,0.0458169468452859,85,70,14,1,not_evaluated,not_evaluated
I guess he really is horny all the time.,1.188235294117647,0.0542174211179168,85,73,8,4,not_evaluated,not_evaluated
"Will you love,honor,and pillage as long as you both shall live?",1.188235294117647,0.0515695327481218,85,72,10,3,not_evaluated,not_evaluated
All the good ones are pillaged.,1.188235294117647,0.0515695327481218,85,72,10,3,not_evaluated,not_evaluated
She really sailed around before she met Sven.,1.188235294117647,0.0458169468452859,85,70,14,1,not_evaluated,not_evaluated
I told them not to stay all night at the Halloween party!,1.188235294117647,0.0487781166409865,85,71,12,2,not_evaluated,not_evaluated
...until death you do part.,1.188235294117647,0.0515695327481218,85,72,10,3,not_evaluated,not_evaluated
I met her when she was still celebrating Columbus Day.,1.188235294117647,0.0426506808082336,85,69,16,0,not_evaluated,not_evaluated
"If you think this is “out there,” wait until you see the reception in the mead  hall.",1.188235294117647,0.0458169468452859,85,70,14,1,not_evaluated,not_evaluated
"Do you promise to love, honor, and pillage until death do you part?",1.188235294117647,0.0542174211179168,85,73,8,4,not_evaluated,not_evaluated
"How the two of them found each other while I'm still single... I'll never know.""",1.188235294117647,0.0515695327481218,85,72,10,3,not_evaluated,not_evaluated
He just pronounced them 'Goth and Visigoth'.,1.188235294117647,0.0515695327481218,85,72,10,3,not_evaluated,not_evaluated
Do you take this wench?,1.188235294117647,0.0458169468452859,85,70,14,1,not_evaluated,not_evaluated
They're middle aged AND middle ages.,1.188235294117647,0.0426506808082336,85,69,16,0,not_evaluated,not_evaluated
They are into Game of Thrones.,1.188235294117647,0.0487781166409865,85,71,12,2,not_evaluated,not_evaluated
"...they met at the reunion for actors who played the role of
'Conan the Barbarian'",1.188235294117647,0.0487781166409865,85,71,12,2,not_evaluated,not_evaluated
They vowed to love and to not boil each other in oil.,1.188235294117647,0.0458169468452859,85,70,14,1,not_evaluated,not_evaluated
"Hopefully ""Toss the Bouquet"" hasn't been replaced with ""Toss the Sword"".",1.188235294117647,0.0458169468452859,85,70,14,1,not_evaluated,not_evaluated
I thought she preferred the ball and chain type.,1.188235294117647,0.0515695327481218,85,72,10,3,not_evaluated,not_evaluated
When do they get to the part where they set them on fire and float them out the seat?,1.188235294117647,0.0487781166409865,85,71,12,2,not_evaluated,not_evaluated
It was love at first disembowelment.,1.188235294117647,0.0515695327481218,85,72,10,3,not_evaluated,not_evaluated
They'll row back to the ninth century tomorrow.,1.188235294117647,0.0458169468452859,85,70,14,1,not_evaluated,not_evaluated
They look so norseous.,1.188235294117647,0.0515695327481218,85,72,10,3,not_evaluated,not_evaluated
Almost beats getting dragged off by a caveman.,1.188235294117647,0.0458169468452859,85,70,14,1,not_evaluated,not_evaluated
I now pronounce you..........whatever!,1.188235294117647,0.0458169468452859,85,70,14,1,not_evaluated,not_evaluated
"When he got to the part when he should have said 'I do,' he said 'Hruuumpf.'",1.188235294117647,0.0458169468452859,85,70,14,1,not_evaluated,not_evaluated
We are gathered here today against our will...,1.188235294117647,0.0487781166409865,85,71,12,2,not_evaluated,not_evaluated
I hope you like mead and fist fights.,1.188235294117647,0.0515695327481218,85,72,10,3,not_evaluated,not_evaluated
I think I should have told them not to go retro.,1.188235294117647,0.0487781166409865,85,71,12,2,not_evaluated,not_evaluated
I hope she learns to control her temper FAST.,1.188235294117647,0.0515695327481218,85,72,10,3,not_evaluated,not_evaluated
"They skipped the '"" 'til death do  part"" part",1.188235294117647,0.0458169468452859,85,70,14,1,not_evaluated,not_evaluated
I bet they subscribe to HBO,1.188235294117647,0.0542174211179168,85,73,8,4,not_evaluated,not_evaluated
Honeymoon in Valhalla??  That near Cancun??,1.188235294117647,0.0542174211179168,85,73,8,4,not_evaluated,not_evaluated
They told the wedding planner they’re in their 40’s so they want an event in keeping with their Middle Ages.,1.188235294117647,0.0458169468452859,85,70,14,1,not_evaluated,not_evaluated
Early Gucci.,1.188235294117647,0.0515695327481218,85,72,10,3,not_evaluated,not_evaluated
The best man forgot to pillage a ring on their last raid.,1.188235294117647,0.0515695327481218,85,72,10,3,not_evaluated,not_evaluated
"Leif was a wonderful explorer.  He tried to get to Greenland on our first date, but all he discovered was Iceland.",1.188235294117647,0.0542174211179168,85,73,8,4,not_evaluated,not_evaluated
They met on Tinder...,1.188235294117647,0.0458169468452859,85,70,14,1,not_evaluated,not_evaluated
He told her for the honeymoon he's taking her on a cruise.,1.188235294117647,0.0487781166409865,85,71,12,2,not_evaluated,not_evaluated
"What bad taste has put together, let no one put asunder.",1.188235294117647,0.0487781166409865,85,71,12,2,not_evaluated,not_evaluated
They met on Vikings only dot com.,1.188235294117647,0.0458169468452859,85,70,14,1,not_evaluated,not_evaluated
They deserve each other.,1.188235294117647,0.0426506808082336,85,69,16,0,not_evaluated,not_evaluated
They can’t sop binging on Game of Thrones,1.188235294117647,0.0515695327481218,85,72,10,3,not_evaluated,not_evaluated
"I supported this until he referred to their first date as a ""mead cute.""",1.186046511627907,0.0482572560890765,86,72,12,2,not_evaluated,not_evaluated
You may fight the bride.,1.186046511627907,0.0453339271851579,86,71,14,1,not_evaluated,not_evaluated
You can be damn sure the reception will be a buffet.,1.186046511627907,0.0453339271851579,86,71,14,1,not_evaluated,not_evaluated
Oden is wearing his animal skin for the wedding because he clubbed the fitter who was trying to put on the cummerbund .,1.186046511627907,0.0482572560890765,86,72,12,2,not_evaluated,not_evaluated
They are cutting the reception short to make the last act of the Gotterdammerun.,1.186046511627907,0.0482572560890765,86,72,12,2,not_evaluated,not_evaluated
The season ending climax to The Vikings,1.1839080459770115,0.0504688936943949,87,74,10,3,not_evaluated,not_evaluated
It's anybody's guess who's gonna wear the pants in their family!,1.1829268292682926,0.0494719139933026,82,69,11,2,not_evaluated,not_evaluated
I Norse pronounce you man and wife.,1.1829268292682926,0.0494719139933026,82,69,11,2,not_evaluated,not_evaluated
"Do you Erik take Helga as your lawfully wedded wife,In Black plague and failing health, to love and cherish until your untimely death in battle?",1.1829268292682926,0.0494719139933026,82,69,11,2,not_evaluated,not_evaluated
"No question this is absolutely better, but I do miss the pillaging.",1.1829268292682926,0.0494719139933026,82,69,11,2,not_evaluated,not_evaluated
Do they know that this isn't a Game of Thrones theme?,1.1829268292682926,0.0463287831904573,82,68,13,1,not_evaluated,not_evaluated
"For their honeymoon, they’re going on a bloody cruise.”",1.1829268292682926,0.0463287831904573,82,68,13,1,not_evaluated,not_evaluated
Please love each other and don't fight.,1.1829268292682926,0.0494719139933026,82,69,11,2,not_evaluated,not_evaluated
And do you promise to raze and pillage together for as long as you both shall live?,1.1829268292682926,0.0524269434204691,82,70,9,3,not_evaluated,not_evaluated
For the honeymoon they’re going to sack Rome.,1.1829268292682926,0.0494719139933026,82,69,11,2,not_evaluated,not_evaluated
"I thought the ""Red Wedding"" invite referred to the color scheme",1.1829268292682926,0.0429562804448438,82,67,15,0,not_evaluated,not_evaluated
She DOES believe in 'Til death do us part;'she just likes to plan ahead!,1.1829268292682926,0.0463287831904573,82,68,13,1,not_evaluated,not_evaluated
They met at a theme camp and have been inseparable since!,1.1829268292682926,0.0494719139933026,82,69,11,2,not_evaluated,not_evaluated
He won't be so horny when he finds out she's been off the pillage for six months,1.1829268292682926,0.0429562804448438,82,67,15,0,not_evaluated,not_evaluated
Back when me and Bob got married times were tough too but we didn't complain.,1.1829268292682926,0.0524269434204691,82,70,9,3,not_evaluated,not_evaluated
He’a chosen to wear a Viking’s shield for the wedding and a Trojan’s for the honeymoon.,1.1829268292682926,0.0463287831904573,82,68,13,1,not_evaluated,not_evaluated
"Unfortunately, they ate the best man.",1.1829268292682926,0.0494719139933026,82,69,11,2,not_evaluated,not_evaluated
"Meweeg, Meweeg is what bwings us togevah today...",1.1829268292682926,0.0524269434204691,82,70,9,3,not_evaluated,not_evaluated
I honestly thought you were joking when you said we're sailing to Scandinavia for the reception.,1.1829268292682926,0.0463287831904573,82,68,13,1,not_evaluated,not_evaluated
I give them 273 years.,1.1829268292682926,0.0463287831904573,82,68,13,1,not_evaluated,not_evaluated
I'd give them 3 months.,1.1829268292682926,0.0524269434204691,82,70,9,3,not_evaluated,not_evaluated
"It says: no shoes, no shirt, no service",1.1829268292682926,0.0463287831904573,82,68,13,1,not_evaluated,not_evaluated
"And do you, Erik, Nordic Lord of a small estate in suburban Los Angeles—I mean, ‘The City of Angels’—take Hildegard to be your noble wife?",1.1829268292682926,0.0524269434204691,82,70,9,3,not_evaluated,not_evaluated
"For the honeymoon, they're plundering a quaint village.",1.1829268292682926,0.0463287831904573,82,68,13,1,not_evaluated,not_evaluated
I'm pretty sure their honeymoon isn't going to be *that* type of cruise,1.1829268292682926,0.0463287831904573,82,68,13,1,not_evaluated,not_evaluated
He thinks he's Thor.  But you should ask her how thor she was after the bachelorette party.,1.1829268292682926,0.0494719139933026,82,69,11,2,not_evaluated,not_evaluated
"It could have been me, but my grog was too sweet.",1.1829268292682926,0.0463287831904573,82,68,13,1,not_evaluated,not_evaluated
I hear they’re planning to burn London for their honeymoon.,1.1829268292682926,0.0494719139933026,82,69,11,2,not_evaluated,not_evaluated
Hard to resist that caveman vibe,1.1829268292682926,0.0429562804448438,82,67,15,0,not_evaluated,not_evaluated
I heard they're hyphenating their family shield runes,1.1829268292682926,0.0494719139933026,82,69,11,2,not_evaluated,not_evaluated
They met at a bar when they both had their HBO go out.,1.1829268292682926,0.0494719139933026,82,69,11,2,not_evaluated,not_evaluated
"Unfortunately, the bright lighting spoils the effect.",1.1829268292682926,0.0494719139933026,82,69,11,2,not_evaluated,not_evaluated
"It's not Fred, Wilma, Jughead or Archer. It's Archie.",1.1829268292682926,0.0494719139933026,82,69,11,2,not_evaluated,not_evaluated
It seems in efforts to break traditional marriages they may actually be causing a backslide.,1.1829268292682926,0.0494719139933026,82,69,11,2,not_evaluated,not_evaluated
"When she throws it backwards over her head, catch it with your bouquet hand.",1.1829268292682926,0.0552240755347285,82,71,7,4,not_evaluated,not_evaluated
These theme weddings are getting to be quite the rage.,1.1829268292682926,0.0524269434204691,82,70,9,3,not_evaluated,not_evaluated
Invitation read: A dress for success themed wedding???,1.1829268292682926,0.0524269434204691,82,70,9,3,not_evaluated,not_evaluated
They couldn't get concealed-carry licenses,1.1829268292682926,0.0494719139933026,82,69,11,2,not_evaluated,not_evaluated
"She sees the plunder, don't you think?",1.1829268292682926,0.0494719139933026,82,69,11,2,not_evaluated,not_evaluated
"I now pronounce you man and wife"". May I add some ancient advice: When you go to your club, don't bring it home"".",1.1829268292682926,0.0552240755347285,82,71,7,4,not_evaluated,not_evaluated
They’re saving the raping and pillaging for the honeymoon.,1.1829268292682926,0.0494719139933026,82,69,11,2,not_evaluated,not_evaluated
She is just settling. She really wanted a caveman.,1.1829268292682926,0.0429562804448438,82,67,15,0,not_evaluated,not_evaluated
You think that the wedding cake will be paleo-friendly?,1.1829268292682926,0.0463287831904573,82,68,13,1,not_evaluated,not_evaluated
I now pronounce you Wedded Warriors,1.1829268292682926,0.0463287831904573,82,68,13,1,not_evaluated,not_evaluated
They're calling it a reverse destination wedding.,1.1829268292682926,0.0494719139933026,82,69,11,2,not_evaluated,not_evaluated
Do you know what 'uff da' means?,1.1829268292682926,0.0463287831904573,82,68,13,1,not_evaluated,not_evaluated
When I got married the Flintstones were all the rage.,1.1829268292682926,0.0429562804448438,82,67,15,0,not_evaluated,not_evaluated
"It's not camp, it's kitsch.",1.1829268292682926,0.0463287831904573,82,68,13,1,not_evaluated,not_evaluated
My first choice was Naked and Afraid.,1.1829268292682926,0.0552240755347285,82,71,7,4,not_evaluated,not_evaluated
He WAS horrible. Not he's just sort of untolerable.,1.1829268292682926,0.0524269434204691,82,70,9,3,not_evaluated,not_evaluated
It was a damn long engagement.,1.1829268292682926,0.0552240755347285,82,71,7,4,not_evaluated,not_evaluated
"Now repeat ""With this skull, I thee wed.",1.1829268292682926,0.0463287831904573,82,68,13,1,not_evaluated,not_evaluated
Are my feet Thor!,1.1829268292682926,0.0524269434204691,82,70,9,3,not_evaluated,not_evaluated
They both are in the industry!,1.1829268292682926,0.0552240755347285,82,71,7,4,not_evaluated,not_evaluated
But it might turn out okay.  Their couples counselor is joining them on the honeymoon.,1.1829268292682926,0.0494719139933026,82,69,11,2,not_evaluated,not_evaluated
Cummerbunds and tux how gauche.,1.1829268292682926,0.0429562804448438,82,67,15,0,not_evaluated,not_evaluated
She met him while spelunking.,1.1829268292682926,0.0494719139933026,82,69,11,2,not_evaluated,not_evaluated
They've been together forever.,1.1829268292682926,0.0463287831904573,82,68,13,1,not_evaluated,not_evaluated
I give it about two ice ages.,1.1829268292682926,0.0463287831904573,82,68,13,1,not_evaluated,not_evaluated
Swords and spears?  These mixed unions never work out.,1.1829268292682926,0.0463287831904573,82,68,13,1,not_evaluated,not_evaluated
I hear it was blood at first sight.,1.1829268292682926,0.0494719139933026,82,69,11,2,not_evaluated,not_evaluated
These bridesmaids dresses are just awful!,1.1829268292682926,0.0463287831904573,82,68,13,1,not_evaluated,not_evaluated
Until death do us apart,1.1829268292682926,0.0552240755347285,82,71,7,4,not_evaluated,not_evaluated
"You know, it's actually quite beautiful if you can look past having been forced to attend at bladepoint.",1.1829268292682926,0.0463287831904573,82,68,13,1,not_evaluated,not_evaluated
"""I  told you he'd make a honest woman out of her before the next ice age!""",1.1829268292682926,0.0494719139933026,82,69,11,2,not_evaluated,not_evaluated
They met at a paleo diet cooking class; it quickly evolved into too much drinking.,1.1829268292682926,0.0463287831904573,82,68,13,1,not_evaluated,not_evaluated
He said he would wait for her no matter how long it took.,1.1829268292682926,0.0552240755347285,82,71,7,4,not_evaluated,not_evaluated
They dressed up because they might go out later.,1.1829268292682926,0.0463287831904573,82,68,13,1,not_evaluated,not_evaluated
For their honeymoon he's taking her pillaging.,1.1829268292682926,0.0494719139933026,82,69,11,2,not_evaluated,not_evaluated
They got a great deal on the Stone Crows wedding package.,1.1829268292682926,0.0494719139933026,82,69,11,2,not_evaluated,not_evaluated
Her father threatened to splatter his head with the the Hammer of Thor if he didn’t marry her...,1.1829268292682926,0.0463287831904573,82,68,13,1,not_evaluated,not_evaluated
You would never guess they gluten free.,1.1829268292682926,0.0524269434204691,82,70,9,3,not_evaluated,not_evaluated
I hear it's a shotgun wedding!,1.1829268292682926,0.0524269434204691,82,70,9,3,not_evaluated,not_evaluated
Their agent had a hard time finding a third groomsman.,1.181818181818182,0.0472478030910612,88,74,12,2,not_evaluated,not_evaluated
The reception smörgåsbord is going to be saga!,1.180722891566265,0.0489219013145031,83,70,11,2,not_evaluated,not_evaluated
They met in the late thirteenth century,1.180722891566265,0.0489219013145031,83,70,11,2,not_evaluated,not_evaluated
"The missing groomsman lost the rings and
wound up on the menu at the bachelor party.",1.180722891566265,0.0458202364458721,83,69,13,1,not_evaluated,not_evaluated
Would you...well I guess you don't have much choice,1.175,0.0496028531233303,80,68,10,2,not_evaluated,not_evaluated
I think we might’ve taken a wrong turn.,1.175,0.0427496391279461,80,66,14,0,not_evaluated,not_evaluated
"I said, for once give the bum bags a rest...",1.175,0.0463032109229171,80,67,12,1,not_evaluated,not_evaluated
We're here to fuck shit up.,1.175,0.0463032109229171,80,67,12,1,not_evaluated,not_evaluated
She said it was love at first fight.,1.175,0.0526962876697895,80,69,8,3,not_evaluated,not_evaluated
His last wedding was Neolithic. He lost a cave.,1.175,0.0496028531233303,80,68,10,2,not_evaluated,not_evaluated
"Are you sticking around for the sacrifice?
I wouldn't recommend it.""",1.175,0.0556179326330972,80,70,6,4,not_evaluated,not_evaluated
I was thinking something different when they said it was a paleo wedding.,1.175,0.0496028531233303,80,68,10,2,not_evaluated,not_evaluated
After this they fight to see who wears the pants in their marriage.,1.175,0.0496028531233303,80,68,10,2,not_evaluated,not_evaluated
I don’t think he can a-fjord this,1.175,0.0496028531233303,80,68,10,2,not_evaluated,not_evaluated
What network wants to show them naked?,1.175,0.0463032109229171,80,67,12,1,not_evaluated,not_evaluated
My wedding is going to be 1920’s themed.,1.175,0.0496028531233303,80,68,10,2,not_evaluated,not_evaluated
They are ready for the  fight.,1.175,0.0427496391279461,80,66,14,0,not_evaluated,not_evaluated
The new Vikings couple.,1.175,0.0496028531233303,80,68,10,2,not_evaluated,not_evaluated
"i now pronounce you hagar and the horrible. shit no that was terrible, i'm sorry, let me try that again. i now pronounce you... leif and erikson? no that sucks too, hold on *this continues for three hours, until the bridal party finally kills him*",1.175,0.0556179326330972,80,70,6,4,not_evaluated,not_evaluated
he's not right for her,1.175,0.0496028531233303,80,68,10,2,not_evaluated,not_evaluated
Hurry up. We have to rape and pillage tonight.,1.175,0.0526962876697895,80,69,8,3,not_evaluated,not_evaluated
The groom may now step on the skull.,1.175,0.0463032109229171,80,67,12,1,not_evaluated,not_evaluated
"I now pronounce you man and knife.""",1.175,0.0556179326330972,80,70,6,4,not_evaluated,not_evaluated
He's a mascot for that pro football team from Minnesota.,1.175,0.0463032109229171,80,67,12,1,not_evaluated,not_evaluated
I suggest we leave before the cocktail sauce served.,1.175,0.0526962876697895,80,69,8,3,not_evaluated,not_evaluated
These paleo diets have just gone too far.,1.175,0.0556179326330972,80,70,6,4,not_evaluated,not_evaluated
Still feel like objecting? Pfft! Didn't think so.,1.175,0.0526962876697895,80,69,8,3,not_evaluated,not_evaluated
They've changed since they did 23andMe,1.175,0.0496028531233303,80,68,10,2,not_evaluated,not_evaluated
They did say it was a country wedding.,1.175,0.0463032109229171,80,67,12,1,not_evaluated,not_evaluated
"At any moment, I expect to hear ""Immigrant Song"".",1.175,0.0526962876697895,80,69,8,3,not_evaluated,not_evaluated
Head Ogre Heels,1.175,0.0463032109229171,80,67,12,1,not_evaluated,not_evaluated
They always did say he was Björn for married life!,1.175,0.0463032109229171,80,67,12,1,not_evaluated,not_evaluated
Vikiing cruise scheduling is next door.,1.175,0.0463032109229171,80,67,12,1,not_evaluated,not_evaluated
Well it's official.  We are having an usher as the wedding feast.,1.175,0.0496028531233303,80,68,10,2,not_evaluated,not_evaluated
I hear they are leaving tonight on a Honeymoon River cruise.,1.175,0.0463032109229171,80,67,12,1,not_evaluated,not_evaluated
A Valhalla destination wedding used to be louder.,1.175,0.0463032109229171,80,67,12,1,not_evaluated,not_evaluated
"... and do you pledge to pillage and plunder, in pestilence and health?",1.175,0.0496028531233303,80,68,10,2,not_evaluated,not_evaluated
"Don't you think the ""keto lifestyle""  has gone too far?",1.175,0.0526962876697895,80,69,8,3,not_evaluated,not_evaluated
"They wanted a traditional wedding, but the plan is to raise their children as bankers.",1.175,0.0463032109229171,80,67,12,1,not_evaluated,not_evaluated
This is the old Norse equivalent of a shotgun wedding.,1.175,0.0526962876697895,80,69,8,3,not_evaluated,not_evaluated
She bet against the Cubs taking the World Series last year,1.175,0.0427496391279461,80,66,14,0,not_evaluated,not_evaluated
Wouldn't it be nice if all wars ended this way?,1.175,0.0526962876697895,80,69,8,3,not_evaluated,not_evaluated
"When they look back on the photos, it probably won't make sense.",1.175,0.0526962876697895,80,69,8,3,not_evaluated,not_evaluated
"Did he just say, ""Love, honor and pillage?""",1.1728395061728396,0.0490342644647789,81,69,10,2,not_evaluated,not_evaluated
"I know Helga said she wanted a traditional wedding, but...",1.1728395061728396,0.0422738115265775,81,67,14,0,not_evaluated,not_evaluated
"A destination wedding is one thing, but native dress is an imposition.",1.1728395061728396,0.0457790030067633,81,68,12,1,not_evaluated,not_evaluated
This is the unavoidable outcome of binging your favorite show a week before your wedding.,1.1728395061728396,0.0457790030067633,81,68,12,1,not_evaluated,not_evaluated
"I will be her shield-maiden, but I will not go 
raiding and plundering.",1.1728395061728396,0.0490342644647789,81,69,10,2,not_evaluated,not_evaluated
"Love, honor and marauder"" just doesn't do it for me",1.1728395061728396,0.0490342644647789,81,69,10,2,not_evaluated,not_evaluated
"She's a Valkyrie so he went out and bought a matching outfit. It's all great, right?",1.1728395061728396,0.0490342644647789,81,69,10,2,not_evaluated,not_evaluated
"I hear her dowry included three Gems of Virility, a Dragon Tooth of Wisdom, and seven aardvarks. Burrrp! I'm a bridesmaid!",1.170731707317073,0.051490514905149,82,71,8,3,not_evaluated,not_evaluated
Bless you both. Now's which one of you is gonna smash the glass?,1.170731707317073,0.0484784385365808,82,70,10,2,not_evaluated,not_evaluated
"If anyone has any objection, leave now or forever hold a hole in your stomach.",1.1688311688311688,0.0502984850156807,77,66,9,2,not_evaluated,not_evaluated
Don't you just love a destination wedding?,1.1688311688311688,0.0467779231605511,77,65,11,1,not_evaluated,not_evaluated
I had no idea that Ragnar's family is Viking.,1.1688311688311688,0.0502984850156807,77,66,9,2,not_evaluated,not_evaluated
They are pillaging Cancun on their honeymoon.,1.1688311688311688,0.0502984850156807,77,66,9,2,not_evaluated,not_evaluated
They will Honeymoon on a Viking Ship.,1.1688311688311688,0.0502984850156807,77,66,9,2,not_evaluated,not_evaluated
This better not turn into a Red Wedding.,1.1688311688311688,0.0429698800970655,77,64,13,0,not_evaluated,not_evaluated
He proposed at the Festival of Skulls.,1.1688311688311688,0.0467779231605511,77,65,11,1,not_evaluated,not_evaluated
"I bought them monogrammed towels, and how ironic, their initials are UGH.",1.1688311688311688,0.0467779231605511,77,65,11,1,not_evaluated,not_evaluated
I told them they needed at least another hour between Viking-Con and the Wedding.,1.1688311688311688,0.0467779231605511,77,65,11,1,not_evaluated,not_evaluated
Do you know which monasteries they’re registered at?,1.1688311688311688,0.0467779231605511,77,65,11,1,not_evaluated,not_evaluated
I hear the to-die-for smorbrod are from Valhalla Catering.,1.1688311688311688,0.0467779231605511,77,65,11,1,not_evaluated,not_evaluated
I heard they met on eBarbarity.com,1.1688311688311688,0.0502984850156807,77,66,9,2,not_evaluated,not_evaluated
At least it's not a Viking funeral.,1.1688311688311688,0.0467779231605511,77,65,11,1,not_evaluated,not_evaluated
And he's already got his hand on her purse string!,1.1688311688311688,0.0467779231605511,77,65,11,1,not_evaluated,not_evaluated
I should have known when they said they were having a destination wedding in Oslo.,1.1688311688311688,0.0467779231605511,77,65,11,1,not_evaluated,not_evaluated
I hope this turns out better than Hygelac's wedding,1.1688311688311688,0.0535882551920744,77,67,7,3,not_evaluated,not_evaluated
I assume 'obey' is out of the question.,1.1688311688311688,0.0502984850156807,77,66,9,2,not_evaluated,not_evaluated
Do you Bêlit take Conan to plunder and sunder until death  do you part?”,1.1688311688311688,0.0467779231605511,77,65,11,1,not_evaluated,not_evaluated
"No, HE wanted the rose garden wedding and SHE wanted the Conan the Barbarian theme.",1.1688311688311688,0.0502984850156807,77,66,9,2,not_evaluated,not_evaluated
she really thinks she can wear her bridal gown again,1.1688311688311688,0.0467779231605511,77,65,11,1,not_evaluated,not_evaluated
"I wonder if the Brexit might affect
My real family in Norway",1.1688311688311688,0.0566874288902675,77,68,5,4,not_evaluated,not_evaluated
"Yes, I know he agreed to convert for the ceremony, but how are they going to raise the kids?",1.1688311688311688,0.0566874288902675,77,68,5,4,not_evaluated,not_evaluated
I give them a year.,1.1688311688311688,0.0535882551920744,77,67,7,3,not_evaluated,not_evaluated
Are you feeling a Valkyrie vibe?,1.1688311688311688,0.0467779231605511,77,65,11,1,not_evaluated,not_evaluated
"Wedding night at Valhalla Arms, room with view
 of the keep, and 50% off for period clothing",1.1688311688311688,0.0467779231605511,77,65,11,1,not_evaluated,not_evaluated
Her parents didn't show up. They are Huns and feel it's illegitimate,1.1688311688311688,0.0429698800970655,77,64,13,0,not_evaluated,not_evaluated
"That reminds me, did you remember to pack your Vicodin?",1.1688311688311688,0.0467779231605511,77,65,11,1,not_evaluated,not_evaluated
I always cry at blood weddings.,1.1688311688311688,0.0467779231605511,77,65,11,1,not_evaluated,not_evaluated
I didn't know black people can officiate weddings now.,1.1688311688311688,0.0566874288902675,77,68,5,4,not_evaluated,not_evaluated
"No on said ""Yes"" to the dress.",1.1688311688311688,0.0467779231605511,77,65,11,1,not_evaluated,not_evaluated
Her grandmother brought the dress from the Old World.,1.1688311688311688,0.0502984850156807,77,66,9,2,not_evaluated,not_evaluated
"I though he was going to be coming in his Minnesota Viking uniform,and she as a Viking cheerleader,didn't you  think that too,Madge",1.1688311688311688,0.0467779231605511,77,65,11,1,not_evaluated,not_evaluated
They met on a Scandinavian cruise.,1.1688311688311688,0.0429698800970655,77,64,13,0,not_evaluated,not_evaluated
"…from this forward, in ransacking and pillaging,,…",1.1688311688311688,0.0429698800970655,77,64,13,0,not_evaluated,not_evaluated
They personally killed the food for the reception.,1.1688311688311688,0.0467779231605511,77,65,11,1,not_evaluated,not_evaluated
They met at a very peculiar bar.,1.1688311688311688,0.0429698800970655,77,64,13,0,not_evaluated,not_evaluated
I wonder which will be master?,1.1688311688311688,0.0502984850156807,77,66,9,2,not_evaluated,not_evaluated
"Wait, the rabbi just got here...",1.1688311688311688,0.0502984850156807,77,66,9,2,not_evaluated,not_evaluated
They're going to melt a lot of icebergs tonight.,1.1688311688311688,0.0502984850156807,77,66,9,2,not_evaluated,not_evaluated
He's Thor and she's Whore.,1.1688311688311688,0.0502984850156807,77,66,9,2,not_evaluated,not_evaluated
"I knew Game of Thrones was going to be big, but I thought just on Halloween.",1.1688311688311688,0.0502984850156807,77,66,9,2,not_evaluated,not_evaluated
I’m pretty sure you were slated for the Samurai wedding down the hall.,1.1688311688311688,0.0467779231605511,77,65,11,1,not_evaluated,not_evaluated
I now pronounce you Hun and wife.,1.1688311688311688,0.0502984850156807,77,66,9,2,not_evaluated,not_evaluated
Dagmar and Nils wrote their vows in 'Norse Code',1.1688311688311688,0.0502984850156807,77,66,9,2,not_evaluated,not_evaluated
Here's to a fun honeymoon in England.,1.1688311688311688,0.0502984850156807,77,66,9,2,not_evaluated,not_evaluated
"You can't be too choosy, 'cause there are more women than men in this world",1.1688311688311688,0.0467779231605511,77,65,11,1,not_evaluated,not_evaluated
"In their culture they take ""'til death do us part"" seriously.",1.1688311688311688,0.0502984850156807,77,66,9,2,not_evaluated,not_evaluated
"'Always the skjaldmær, never the bride'",1.1688311688311688,0.0467779231605511,77,65,11,1,not_evaluated,not_evaluated
Only in Vegas!,1.1688311688311688,0.0502984850156807,77,66,9,2,not_evaluated,not_evaluated
He is a Hun but how could she marry him?,1.1688311688311688,0.0467779231605511,77,65,11,1,not_evaluated,not_evaluated
"They wanted to have a shotgun wedding, but the gun range was already booked.",1.1688311688311688,0.0467779231605511,77,65,11,1,not_evaluated,not_evaluated
They wanted a military wedding.,1.1688311688311688,0.0467779231605511,77,65,11,1,not_evaluated,not_evaluated
Till Death do Them Part,1.1688311688311688,0.0467779231605511,77,65,11,1,not_evaluated,not_evaluated
"Yes, they booked a Viking River Cruise for their honeymoon.",1.1688311688311688,0.0467779231605511,77,65,11,1,not_evaluated,not_evaluated
This is a step down. Her first hubby quarterbacked the Cowboys.,1.1688311688311688,0.0502984850156807,77,66,9,2,not_evaluated,not_evaluated
She never has looked lovelier!,1.1688311688311688,0.0502984850156807,77,66,9,2,not_evaluated,not_evaluated
You may now kiss the Viking princess — but do so knowing Minnesota will not win a Super Bowl this century,1.1688311688311688,0.0429698800970655,77,64,13,0,not_evaluated,not_evaluated
Why doesn’t the bride have flowers to throw later?,1.1688311688311688,0.0535882551920744,77,67,7,3,not_evaluated,not_evaluated
"Ok, Erik the Red was his ancestor, and tradition is tradition. But they could very well switch from reindeer fat to deodorizers",1.1688311688311688,0.0502984850156807,77,66,9,2,not_evaluated,not_evaluated
"You may now kiss the bride if you promise not to use those weapons over ""what's for dinner"" disputes.",1.1688311688311688,0.0535882551920744,77,67,7,3,not_evaluated,not_evaluated
"As the only two left in the game of Thrones, I now pronounce you ready for the next sequel.",1.1688311688311688,0.0467779231605511,77,65,11,1,not_evaluated,not_evaluated
You looked like an idiot walking down the isle by yourself. Lori McLonelyWalk. Are you gonna be okay?,1.1688311688311688,0.0502984850156807,77,66,9,2,not_evaluated,not_evaluated
Game of Thrones themed. And here I was thinking wedding hashtags were the lowest humanity could sink.,1.1688311688311688,0.0467779231605511,77,65,11,1,not_evaluated,not_evaluated
Poor Hilda.  This is why I won't do cosplay.,1.1688311688311688,0.0429698800970655,77,64,13,0,not_evaluated,not_evaluated
"... and, er... , 'until death do us part.'",1.1688311688311688,0.0502984850156807,77,66,9,2,not_evaluated,not_evaluated
"I know they're Vikings, but that gown is brutal.",1.1688311688311688,0.0429698800970655,77,64,13,0,not_evaluated,not_evaluated
"I take thee...., to love and to cherish, until death do us part.”  
Or until the fat lady sing",1.1688311688311688,0.0467779231605511,77,65,11,1,not_evaluated,not_evaluated
I hear her kransen has been initialed by every member of the snekka rowing crew.,1.1688311688311688,0.0535882551920744,77,67,7,3,not_evaluated,not_evaluated
No freaking prenup needed. We come prepared for battle.,1.1688311688311688,0.0566874288902675,77,68,5,4,not_evaluated,not_evaluated
They’ve gotten way more PC with the rape and pillage thing since #metoo,1.1688311688311688,0.0467779231605511,77,65,11,1,not_evaluated,not_evaluated
I now pronounce you Mr. and Mrs. Lief Erickson.,1.1688311688311688,0.0467779231605511,77,65,11,1,not_evaluated,not_evaluated
That's not the manner to which I am accustomed.,1.1688311688311688,0.0429698800970655,77,64,13,0,not_evaluated,not_evaluated
He's Scottish.,1.1688311688311688,0.0535882551920744,77,67,7,3,not_evaluated,not_evaluated
"I hear their place is decorated in all earth tones, and the wall art is prehistoric.",1.1688311688311688,0.0429698800970655,77,64,13,0,not_evaluated,not_evaluated
"In honor of his ancestor DNA test results, Gorag and Nelda chose a Neanderthal wedding.",1.1688311688311688,0.0429698800970655,77,64,13,0,not_evaluated,not_evaluated
"The bride-price included  a 30 year Wegman's  allowance .""",1.1688311688311688,0.0467779231605511,77,65,11,1,not_evaluated,not_evaluated
"Despite what the Execs say, this is going to kill our ratings!",1.1688311688311688,0.0467779231605511,77,65,11,1,not_evaluated,not_evaluated
The reception is supposed to recreate the raid on Lindisfarne Abbey. I have no idea what to wear. Could we just bring some wine?,1.1688311688311688,0.0467779231605511,77,65,11,1,not_evaluated,not_evaluated
"Do you Garvid, take Gunnhild, to sack, plunder, loot and subjugate from this day forward, so help you Odin?",1.1688311688311688,0.0566874288902675,77,68,5,4,not_evaluated,not_evaluated
I love them but they binge watch Netflix way too much.,1.1688311688311688,0.0467779231605511,77,65,11,1,not_evaluated,not_evaluated
I told them they should come as undocumented aliens but they were afraid that they would be sent to a sanctuary city filled with lefty nut jobs.,1.1688311688311688,0.0429698800970655,77,64,13,0,not_evaluated,not_evaluated
‘Gaga-oh-la-la. Want your bad romance.’,1.1688311688311688,0.0429698800970655,77,64,13,0,not_evaluated,not_evaluated
What possessed her to get married on Halloween,1.1688311688311688,0.0502984850156807,77,66,9,2,not_evaluated,not_evaluated
I hear they’ve written their own gender pronouns.,1.1688311688311688,0.0502984850156807,77,66,9,2,not_evaluated,not_evaluated
I understand her father didn't give him a choice.,1.1688311688311688,0.0502984850156807,77,66,9,2,not_evaluated,not_evaluated
They met in Valhalla New York,1.1688311688311688,0.0467779231605511,77,65,11,1,not_evaluated,not_evaluated
"While doing ""Premarital Counseling""  they decided to add the weapons.",1.1688311688311688,0.0467779231605511,77,65,11,1,not_evaluated,not_evaluated
We all know since her village was conquered last month she couldn't wear white.,1.1688311688311688,0.0467779231605511,77,65,11,1,not_evaluated,not_evaluated
They wrote their own vows in the blood of their enemies.,1.1688311688311688,0.0502984850156807,77,66,9,2,not_evaluated,not_evaluated
I bet she wins the first — and final — fight.,1.1688311688311688,0.0502984850156807,77,66,9,2,not_evaluated,not_evaluated
"Sure, married like Thor but makes love like the Flash.",1.1688311688311688,0.0535882551920744,77,67,7,3,not_evaluated,not_evaluated
Please place the ring on her finger within the next seventeen hours.,1.1688311688311688,0.0502984850156807,77,66,9,2,not_evaluated,not_evaluated
They used the time travel app on Tinder.,1.1688311688311688,0.0535882551920744,77,67,7,3,not_evaluated,not_evaluated
'Til pillage do us part' was a cute touch.,1.1688311688311688,0.0502984850156807,77,66,9,2,not_evaluated,not_evaluated
"The growls we’ve heard, 
mean ‘I do’.",1.1688311688311688,0.0429698800970655,77,64,13,0,not_evaluated,not_evaluated
they met at a a paleo diet seminar,1.1688311688311688,0.0502984850156807,77,66,9,2,not_evaluated,not_evaluated
I always pictured her ending up with an Elf.,1.1688311688311688,0.0467779231605511,77,65,11,1,not_evaluated,not_evaluated
She ask to omit the standard “ball and chain” verbiage in the vows!,1.1688311688311688,0.0502984850156807,77,66,9,2,not_evaluated,not_evaluated
Netflix will destroy civilization as we know it.,1.1688311688311688,0.0467779231605511,77,65,11,1,not_evaluated,not_evaluated
"The groomsmen knew the theme was ""camp,"" right?",1.1688311688311688,0.0502984850156807,77,66,9,2,not_evaluated,not_evaluated
"Verily I say unto you, this is no game.",1.1688311688311688,0.0467779231605511,77,65,11,1,not_evaluated,not_evaluated
I heard they are going to live in a small town in Norway!,1.1688311688311688,0.0502984850156807,77,66,9,2,not_evaluated,not_evaluated
"In sickness and in health, will you always pull for the Vikings to win a Super Bowl  ?",1.1688311688311688,0.0467779231605511,77,65,11,1,not_evaluated,not_evaluated
I think they got carried away with the Paleo Diet.,1.1688311688311688,0.0502984850156807,77,66,9,2,not_evaluated,not_evaluated
Do you happen to have your open carry permits with you?,1.1688311688311688,0.0467779231605511,77,65,11,1,not_evaluated,not_evaluated
"D&D?  Game of Thrones?  Thor?  Cosplay?  The Flintstones?  The Big Bang?  Batman villains?  Super Geeks from Hell?  Betty, I have no idea what the heck the wedding theme is here.  And on the invitation, the reception title just says, pillage event.",1.1688311688311688,0.0535882551920744,77,67,7,3,not_evaluated,not_evaluated
Don't share this but it's a Viking-sword wedding.,1.1688311688311688,0.0535882551920744,77,67,7,3,not_evaluated,not_evaluated
They met at the LGBTQ Masquerade Ball. Isn't she supposed to be holding the sword?,1.1688311688311688,0.0467779231605511,77,65,11,1,not_evaluated,not_evaluated
They met on Loki Cupid.,1.1688311688311688,0.0502984850156807,77,66,9,2,not_evaluated,not_evaluated
I give it one season at best.,1.1688311688311688,0.0467779231605511,77,65,11,1,not_evaluated,not_evaluated
She said that they are planning a honeymoon trip along the English coast,1.1688311688311688,0.0467779231605511,77,65,11,1,not_evaluated,not_evaluated
"Yes, what once was a simple skip of a rope now runs into thousands of dollars, and more.  Marriage still binds, it just requires thicker chains",1.1688311688311688,0.0535882551920744,77,67,7,3,not_evaluated,not_evaluated
I don’t want to be around when they have their first big fight.,1.1688311688311688,0.0467779231605511,77,65,11,1,not_evaluated,not_evaluated
"I don't know about you, but I think Mary is taking this 23andMe business too far.",1.1688311688311688,0.0566874288902675,77,68,5,4,not_evaluated,not_evaluated
I now pronounce you Mr. & Mrs. Viking.,1.1688311688311688,0.0502984850156807,77,66,9,2,not_evaluated,not_evaluated
"It's okay,  it's not cultural appropriation; Thor and Freya are entitled!",1.1688311688311688,0.0502984850156807,77,66,9,2,not_evaluated,not_evaluated
She literally found it at House of Hides,1.1688311688311688,0.0467779231605511,77,65,11,1,not_evaluated,not_evaluated
Can you please remove your hat?,1.1688311688311688,0.0467779231605511,77,65,11,1,not_evaluated,not_evaluated
I didn’t know this was a costume wedding.,1.1688311688311688,0.0502984850156807,77,66,9,2,not_evaluated,not_evaluated
"At least he’s Jewish.”
Walter Jospin, Atlant",1.1688311688311688,0.0467779231605511,77,65,11,1,not_evaluated,not_evaluated
"Be thankful.
Ceeei and the dragons are in room b.
And we get free Meade",1.1688311688311688,0.0467779231605511,77,65,11,1,not_evaluated,not_evaluated
I now pronounce you Goth and Visigoth.,1.1688311688311688,0.0467779231605511,77,65,11,1,not_evaluated,not_evaluated
"To ‘love, honor, pillage and plunder’ still seems odd to me.",1.1688311688311688,0.0467779231605511,77,65,11,1,not_evaluated,not_evaluated
they wanted their wedding to be brutal,1.1688311688311688,0.0535882551920744,77,67,7,3,not_evaluated,not_evaluated
"I pronounce you 'Man & Wife', as you stand before me in matching sheep skins. Encouraging you both, to practice 'safe sex'  since you're actually kin.""",1.1688311688311688,0.0502984850156807,77,66,9,2,not_evaluated,not_evaluated
Now do you believe in global warming?,1.1688311688311688,0.0535882551920744,77,67,7,3,not_evaluated,not_evaluated
If she says hon one more time in her vows I’m going to gag.,1.1688311688311688,0.0467779231605511,77,65,11,1,not_evaluated,not_evaluated
They’re going on a Viking cruise for their honeymoon.,1.1688311688311688,0.0502984850156807,77,66,9,2,not_evaluated,not_evaluated
I draw the line at raiding.,1.1688311688311688,0.0429698800970655,77,64,13,0,not_evaluated,not_evaluated
"And do you, Frigg, promise to take Odin's verbal abuse, to pretend to lust and cherish him, and to call him ""God"" every time he takes you against your will",1.1686746987951808,0.0479349554040036,83,71,10,2,not_evaluated,not_evaluated
Any luck tracking down a set of aurochs drinking horns?,1.1666666666666667,0.0462250163521024,78,66,11,1,not_evaluated,not_evaluated
I swear they are serving boar tartar at the reception.,1.1666666666666667,0.0424705992864687,78,65,13,0,not_evaluated,not_evaluated
Ixnay on the Edishsway eatballsmay ommentskay.,1.1666666666666667,0.0462250163521024,78,66,11,1,not_evaluated,not_evaluated
I hope that the historical reenactment theme doesn't extend into the reception dinner!,1.1666666666666667,0.0409067244728179,84,70,14,0,not_evaluated,not_evaluated
"When she suggested a honeymoon cruise, he almost called off the wedding.",1.1666666666666667,0.0474034130879283,84,72,10,2,not_evaluated,not_evaluated
Her first wedding was a mermaid theme.”,1.1666666666666667,0.0424705992864687,78,65,13,0,not_evaluated,not_evaluated
This is a hero?,1.1643835616438356,0.0478363626478469,73,62,10,1,not_evaluated,not_evaluated
I'm just relieved they aren't ALIEN super fans.,1.1643835616438356,0.0478363626478469,73,62,10,1,not_evaluated,not_evaluated
"I recommend forever holding your peace, Shannon.",1.1643835616438356,0.0478363626478469,73,62,10,1,not_evaluated,not_evaluated
They met on the dating website Marauders Only”,1.162790697674419,0.0433244531384763,86,73,12,1,not_evaluated,not_evaluated
The reception will start as soon as they slay a dragon for the caterer.,1.162162162162162,0.0472377580505781,74,63,10,1,not_evaluated,not_evaluated
"The first round 2019 NFL draft, with the fifteenth pick, Minnasota takes this women ......",1.162162162162162,0.0510062646406354,74,64,8,2,not_evaluated,not_evaluated
"Since she got him to join Weight Watchers, the pillaging and plundering has been scaled back.",1.162162162162162,0.0510062646406354,74,64,8,2,not_evaluated,not_evaluated
"I thought it odd that they're Not 
providing any vegetarian options at the reception!",1.162162162162162,0.0545148812668257,74,65,6,3,not_evaluated,not_evaluated
Sue wanted a spear just to look equal but he insisted on the sword.,1.162162162162162,0.0431413089590404,74,62,12,0,not_evaluated,not_evaluated
"till death us do cause...""",1.162162162162162,0.0472377580505781,74,63,10,1,not_evaluated,not_evaluated
"If any of you has a reason why these two should not be married, raise melee weapon of choice...",1.162162162162162,0.0472377580505781,74,63,10,1,not_evaluated,not_evaluated
I thought our shoes should match hers.,1.162162162162162,0.0472377580505781,74,63,10,1,not_evaluated,not_evaluated
"So it's pronounced HEW-GAH, and not HOO-GAH?",1.162162162162162,0.0472377580505781,74,63,10,1,not_evaluated,not_evaluated
If I had known that I would have come as an American Indian.,1.162162162162162,0.0472377580505781,74,63,10,1,not_evaluated,not_evaluated
I wonder how many 'Game of Thrones' captions this will generate?,1.162162162162162,0.0472377580505781,74,63,10,1,not_evaluated,not_evaluated
What can you say? It's her second marriage.,1.162162162162162,0.0510062646406354,74,64,8,2,not_evaluated,not_evaluated
I wonder who’s going to wear the pants in this relationship?,1.162162162162162,0.0510062646406354,74,64,8,2,not_evaluated,not_evaluated
And do you Blerb take this man Borf to be your lawful wedded husband?,1.162162162162162,0.0510062646406354,74,64,8,2,not_evaluated,not_evaluated
"In renewing their vows, they left out the 'kill all of your kin' this time.",1.162162162162162,0.0472377580505781,74,63,10,1,not_evaluated,not_evaluated
"We better move right to ""I do"" or we'll lose a bridesmaid too.",1.162162162162162,0.0510062646406354,74,64,8,2,not_evaluated,not_evaluated
They met on a cruise to Iceland and the rest was history.,1.162162162162162,0.0472377580505781,74,63,10,1,not_evaluated,not_evaluated
George hasn't got a chance . . . KellyAnne's sword is real . .  his spear's a fake .  ..,1.162162162162162,0.0510062646406354,74,64,8,2,not_evaluated,not_evaluated
"What does ""Ek Gera"" mean?",1.162162162162162,0.0431413089590404,74,62,12,0,not_evaluated,not_evaluated
They are really into this Viking wedding thing. I like the bit about “Do you promise to rape and pillage until death us do part.”,1.162162162162162,0.0510062646406354,74,64,8,2,not_evaluated,not_evaluated
She wanted it in Polar white but had to settle for Brown bear.,1.162162162162162,0.0472377580505781,74,63,10,1,not_evaluated,not_evaluated
Uff da !,1.162162162162162,0.0472377580505781,74,63,10,1,not_evaluated,not_evaluated
"Now, that you're here, Think Swedish, but dress British.",1.162162162162162,0.0545148812668257,74,65,6,3,not_evaluated,not_evaluated
Stop complaining.  You didn't have to fly all the way to North Dakota for this!,1.162162162162162,0.0431413089590404,74,62,12,0,not_evaluated,not_evaluated
"As First Lady, she plans to speak out against looting and pillaging.",1.162162162162162,0.0510062646406354,74,64,8,2,not_evaluated,not_evaluated
It all started when they met at a paleo diet convention!,1.162162162162162,0.0472377580505781,74,63,10,1,not_evaluated,not_evaluated
"It was either this or Bunny Suits”

M. Miller, Merrick, N",1.162162162162162,0.0510062646406354,74,64,8,2,not_evaluated,not_evaluated
Your groomsman is on the menu for the reception !,1.162162162162162,0.0510062646406354,74,64,8,2,not_evaluated,not_evaluated
They say he’s been saving himself for the wedding knight,1.162162162162162,0.0472377580505781,74,63,10,1,not_evaluated,not_evaluated
I now pronounce you The Beauty & The Beast.,1.162162162162162,0.0510062646406354,74,64,8,2,not_evaluated,not_evaluated
It ain't nothin but a V thang!,1.162162162162162,0.0510062646406354,74,64,8,2,not_evaluated,not_evaluated
Did she use that no-name designer?,1.162162162162162,0.0472377580505781,74,63,10,1,not_evaluated,not_evaluated
"...for better for worse, 
for richer for poorer, in sickness and in health, to love and to 
cherish, until we are parted by death, or until winter comes.",1.162162162162162,0.0472377580505781,74,63,10,1,not_evaluated,not_evaluated
"In light of their Game Of Thrones theme, let's hope ""...until death do us part"" is only figure of speech.",1.162162162162162,0.0472377580505781,74,63,10,1,not_evaluated,not_evaluated
I bet she will be thor after the honeymoon,1.162162162162162,0.0510062646406354,74,64,8,2,not_evaluated,not_evaluated
Chuck's Y-chromosome DNA results showed that he was 90% Scandinavian and 10% Jerk.,1.162162162162162,0.0472377580505781,74,63,10,1,not_evaluated,not_evaluated
Shield maidens get all the best guys.,1.162162162162162,0.0431413089590404,74,62,12,0,not_evaluated,not_evaluated
Those fanny packs are so gauche.,1.162162162162162,0.0472377580505781,74,63,10,1,not_evaluated,not_evaluated
D’ya think he knows that sword is used for circumcisions?”,1.162162162162162,0.0431413089590404,74,62,12,0,not_evaluated,not_evaluated
"With this sword, she can behead.",1.162162162162162,0.0472377580505781,74,63,10,1,not_evaluated,not_evaluated
I sure hope he has the ring.,1.162162162162162,0.0472377580505781,74,63,10,1,not_evaluated,not_evaluated
Let’s skip out before the final toasts once the mead flows.,1.162162162162162,0.0431413089590404,74,62,12,0,not_evaluated,not_evaluated
They look like the typical middle-aged bride and groom.,1.162162162162162,0.0545148812668257,74,65,6,3,not_evaluated,not_evaluated
I love her Gown,1.162162162162162,0.0545148812668257,74,65,6,3,not_evaluated,not_evaluated
I now pronounce you Ragnar the Despicable and Freda.,1.162162162162162,0.0431413089590404,74,62,12,0,not_evaluated,not_evaluated
"And now Ragnar please place the wedding band in Estrid's nose and repeat after me.""",1.162162162162162,0.0510062646406354,74,64,8,2,not_evaluated,not_evaluated
"You May now club each other, till death do you part.",1.162162162162162,0.0472377580505781,74,63,10,1,not_evaluated,not_evaluated
After this we'll have to harpoon our own dinner.,1.162162162162162,0.0510062646406354,74,64,8,2,not_evaluated,not_evaluated
He insisted they go to Norway on their honeymoon.,1.162162162162162,0.0510062646406354,74,64,8,2,not_evaluated,not_evaluated
I’m glad nobody wore red.,1.162162162162162,0.0472377580505781,74,63,10,1,not_evaluated,not_evaluated
I've never heard of it.,1.162162162162162,0.0545148812668257,74,65,6,3,not_evaluated,not_evaluated
...and what's in your wallet?,1.162162162162162,0.0472377580505781,74,63,10,1,not_evaluated,not_evaluated
"Rather than sigh and sorrow, “Marry the Man Today” and change his ways tomorrow.",1.162162162162162,0.0472377580505781,74,63,10,1,not_evaluated,not_evaluated
"Mawage. Mawage is wot bwings us togeder tooday. Mawage, that bwessed awangment, that dweam wifin a dweam… And wuv, tru wuv, will fowow you foweva… So tweasure your wuv.",1.162162162162162,0.0472377580505781,74,63,10,1,not_evaluated,not_evaluated
I'm worried about her. Magnus looks awfully horny today.,1.162162162162162,0.0545148812668257,74,65,6,3,not_evaluated,not_evaluated
These anti-Vax theme weddings are ridiculous,1.162162162162162,0.0545148812668257,74,65,6,3,not_evaluated,not_evaluated
Why didn't the wedding party get Viking couture?,1.162162162162162,0.0545148812668257,74,65,6,3,not_evaluated,not_evaluated
She said he made a killing in the kitchen appliances market.,1.162162162162162,0.0510062646406354,74,64,8,2,not_evaluated,not_evaluated
Speak now or forever hold your opinions on looting and colonizing.,1.162162162162162,0.0431413089590404,74,62,12,0,not_evaluated,not_evaluated
Did you see the cake? I want the first slice.,1.162162162162162,0.0545148812668257,74,65,6,3,not_evaluated,not_evaluated
I hope they like each other's vows,1.162162162162162,0.0431413089590404,74,62,12,0,not_evaluated,not_evaluated
"When this marriage goes to pot, I won't mind reminding her that we paid more for our dresses than she did hers.",1.162162162162162,0.0472377580505781,74,63,10,1,not_evaluated,not_evaluated
I now pronounce you Barbarian and woman.,1.162162162162162,0.0545148812668257,74,65,6,3,not_evaluated,not_evaluated
Roses indeed. I'd be more comfortable with a basket of codfish,1.162162162162162,0.0510062646406354,74,64,8,2,not_evaluated,not_evaluated
Merely looking horny doesn't rule out a run for president.,1.162162162162162,0.0472377580505781,74,63,10,1,not_evaluated,not_evaluated
I hear they met online at Pillage and Plunder .com.,1.162162162162162,0.0472377580505781,74,63,10,1,not_evaluated,not_evaluated
The ceremony is based on family origins.,1.162162162162162,0.0472377580505781,74,63,10,1,not_evaluated,not_evaluated
I fear this marriage will end badly,1.160919540229885,0.0458766614040881,87,75,10,2,not_evaluated,not_evaluated
"Fourth Viking wedding this month, you’d have thought I would have gotten used to it...",1.160919540229885,0.0428644357856652,87,74,12,1,not_evaluated,not_evaluated
I now pronounce you husband and wife. You may now battle the bride.,1.16,0.0466537948786224,75,64,10,1,not_evaluated,not_evaluated
"...To have and to hold, from this invasion and pillaging forward...",1.16,0.0503680150188285,75,65,8,2,not_evaluated,not_evaluated
"I give 'em two acts and a few scenes, tops.",1.16,0.0570758938401989,75,67,4,4,not_evaluated,not_evaluated
"They say it's a shotgun wedding, but I don't see it.",1.16,0.0503680150188285,75,65,8,2,not_evaluated,not_evaluated
I knew I'd made a mistake when I mentioned a shotgun wedding to a Norse Studies scholar.,1.16,0.0503680150188285,75,65,8,2,not_evaluated,not_evaluated
Tell me you have the real ring.,1.16,0.0503680150188285,75,65,8,2,not_evaluated,not_evaluated
They will have a destination honeymoon in Westeros.,1.16,0.0503680150188285,75,65,8,2,not_evaluated,not_evaluated
They met on a cruise to Norway,1.16,0.0538265482573172,75,66,6,3,not_evaluated,not_evaluated
"Do you promise to love, honor and plunder together so long as you both shall live?",1.16,0.0426170883122746,75,63,12,0,not_evaluated,not_evaluated
I heard they're raiding Finland for their Honeymoon,1.16,0.0426170883122746,75,63,12,0,not_evaluated,not_evaluated
"I know they wanted to keep it traditional, but sacrificing the best man to the gods for good fortune seemed a bit much.",1.16,0.0466537948786224,75,64,10,1,not_evaluated,not_evaluated
Damn that DNA test! She completely changed after learning she was mostly Viking and not English.,1.16,0.0503680150188285,75,65,8,2,not_evaluated,not_evaluated
His man purse makes me want to puke.,1.16,0.0503680150188285,75,65,8,2,not_evaluated,not_evaluated
"Please kill your unwanted relatives now, or forever hold your peace.",1.16,0.0503680150188285,75,65,8,2,not_evaluated,not_evaluated
He should have never agreed to letting Melania have a divorce.,1.1585365853658536,0.0441368495254805,82,70,11,1,not_evaluated,not_evaluated
So how do the guys get to choose their costumes?,1.1566265060240963,0.0401361469031224,83,70,13,0,not_evaluated,not_evaluated
I didn’t even know they were dating!,1.155844155844156,0.0491379378143853,77,67,8,2,not_evaluated,not_evaluated
I didn’t think they were serious,1.155844155844156,0.0455277215879749,77,66,10,1,not_evaluated,not_evaluated
Are all viking weddings this  primitive ?,1.1527777777777777,0.0470562303987024,72,62,9,1,not_evaluated,not_evaluated
hope the buffet is not to be hunted,1.1527777777777777,0.0470562303987024,72,62,9,1,not_evaluated,not_evaluated
Did you see what the officiant is wearing?,1.1527777777777777,0.0510443447020826,72,63,7,2,not_evaluated,not_evaluated
I heard she killed her ex.,1.1527777777777777,0.0547426838289309,72,64,5,3,not_evaluated,not_evaluated
OMG!  You left your coffee cup where?  HBO is doomed!,1.1527777777777777,0.0470562303987024,72,62,9,1,not_evaluated,not_evaluated
...and you will be taking a Viking cruise for the honeymoon?,1.1527777777777777,0.0510443447020826,72,63,7,2,not_evaluated,not_evaluated
I’m betting she was drugged.,1.1527777777777777,0.0547426838289309,72,64,5,3,not_evaluated,not_evaluated
Wait until you see the ring.,1.1527777777777777,0.0426972190266123,72,61,11,0,not_evaluated,not_evaluated
You may now place the runestone on her finger.,1.1527777777777777,0.0470562303987024,72,62,9,1,not_evaluated,not_evaluated
I'd hate to wake up to *those* horns.,1.1527777777777777,0.0470562303987024,72,62,9,1,not_evaluated,not_evaluated
I tried to warn her that fur would look tacky for a summer wedding.,1.1527777777777777,0.0426972190266123,72,61,11,0,not_evaluated,not_evaluated
"They said it would be traditional, but I didn’t think it would be medieval!",1.1527777777777777,0.0510443447020826,72,63,7,2,not_evaluated,not_evaluated
Do you think they will raid and pillage before the reception or after?,1.1527777777777777,0.0470562303987024,72,62,9,1,not_evaluated,not_evaluated
Who's going to break the stone...?,1.1527777777777777,0.0470562303987024,72,62,9,1,not_evaluated,not_evaluated
I miss Elvis.,1.1527777777777777,0.0510443447020826,72,63,7,2,not_evaluated,not_evaluated
Apparently they’re going to honeymoon in Winterfell.,1.1527777777777777,0.0426972190266123,72,61,11,0,not_evaluated,not_evaluated
And do you take this man to pillage and plunder...,1.1527777777777777,0.0426972190266123,72,61,11,0,not_evaluated,not_evaluated
Now repeat after me in Valyrian.. I Samantha..,1.1527777777777777,0.0426972190266123,72,61,11,0,not_evaluated,not_evaluated
I hear she snagged him in Central Park.,1.1527777777777777,0.0470562303987024,72,62,9,1,not_evaluated,not_evaluated
And to think they met on seafarers.com!,1.1527777777777777,0.0470562303987024,72,62,9,1,not_evaluated,not_evaluated
Honeymoon in England?  Forget finding any decent silverware.,1.1527777777777777,0.0426972190266123,72,61,11,0,not_evaluated,not_evaluated
"Yes I know “Do you take this woman to be your wedded wife til death do us part” is an abbreviated version of the marriage vows, but with your GoT lifestyle you’ll hardly have time for sickness and health.",1.1527777777777777,0.0547426838289309,72,64,5,3,not_evaluated,not_evaluated
He promised to be less guarded.,1.1527777777777777,0.0426972190266123,72,61,11,0,not_evaluated,not_evaluated
She never liked LARPing before she met him. That's all I'm saying.,1.1506849315068493,0.0464543149529128,73,63,9,1,not_evaluated,not_evaluated
"If anyone can show just cause why this couple cannot lawfully be joined together in matrimony, can you please wait until the EMTs arrive?",1.1506849315068493,0.0464543149529128,73,63,9,1,not_evaluated,not_evaluated
The bridal gown is a definitely Vera Wang,1.1506849315068493,0.0464543149529128,73,63,9,1,not_evaluated,not_evaluated
He'll pillage for wonderful wedding gifts after dancing and grog.,1.148648648648649,0.0416364283177931,74,63,11,0,not_evaluated,not_evaluated
Love at first blight!,1.1477272727272727,0.0443805993487705,88,77,9,2,not_evaluated,not_evaluated
Sorry we are late we've only just invented the round wheel on our cart,1.144927536231884,0.0474200647405741,69,60,8,1,not_evaluated,not_evaluated
"Sieglinde was supposed to marry her brother, not her father! But maybe it's six of one and half a dozen of the other. Wagner wouldn't care one way or the other I guess.",1.144927536231884,0.0474200647405741,69,60,8,1,not_evaluated,not_evaluated
You appear to be short a Norseman.,1.144927536231884,0.0517196287641915,69,61,6,2,not_evaluated,not_evaluated
"It took like eons for him to finally pop the question.""

Murray Block, Albany, New Yor",1.144927536231884,0.0474200647405741,69,60,8,1,not_evaluated,not_evaluated
I don't think that the weapons were necessary.,1.144927536231884,0.0426896366873121,69,59,10,0,not_evaluated,not_evaluated
This way they can keep battling during their off-hours.,1.144927536231884,0.0426896366873121,69,59,10,0,not_evaluated,not_evaluated
They're taking a Viking Cruise for their honeymoon.,1.144927536231884,0.0474200647405741,69,60,8,1,not_evaluated,not_evaluated
"No, they over dressed.",1.144927536231884,0.0474200647405741,69,60,8,1,not_evaluated,not_evaluated
Do you promise to conquer until death do you part?,1.144927536231884,0.0426896366873121,69,59,10,0,not_evaluated,not_evaluated
I gotta try this cosplay thing.,1.144927536231884,0.0474200647405741,69,60,8,1,not_evaluated,not_evaluated
I can't wait to hear their vows.,1.144927536231884,0.0517196287641915,69,61,6,2,not_evaluated,not_evaluated
I came to Norway for this?,1.144927536231884,0.0426896366873121,69,59,10,0,not_evaluated,not_evaluated
"I wouldn't want to be in the room below their honeymoon suite. By the looks of things, it's going to get crazy.",1.144927536231884,0.0474200647405741,69,60,8,1,not_evaluated,not_evaluated
Hope this isn’t a prelude to a Viking funeral!,1.144927536231884,0.0426896366873121,69,59,10,0,not_evaluated,not_evaluated
I didn’t get the dress code memo.,1.144927536231884,0.0426896366873121,69,59,10,0,not_evaluated,not_evaluated
Can you believe they met at a pillaging?,1.144927536231884,0.0474200647405741,69,60,8,1,not_evaluated,not_evaluated
"Ingrid will you swear that you wont take off his head, and Olaf do you swear that you wont stab her in the back?",1.144927536231884,0.0474200647405741,69,60,8,1,not_evaluated,not_evaluated
"Well, maybe he can pronounce man and wife, but I doubt they can.",1.144927536231884,0.0426896366873121,69,59,10,0,not_evaluated,not_evaluated
They met at a pillage party.,1.144927536231884,0.0474200647405741,69,60,8,1,not_evaluated,not_evaluated
"They vow to pillage, plunder, and maraud ‘til death do they part!",1.144927536231884,0.0426896366873121,69,59,10,0,not_evaluated,not_evaluated
And now for the ceremonial exchange of mortal wounds.,1.144927536231884,0.0474200647405741,69,60,8,1,not_evaluated,not_evaluated
Game of what?,1.144927536231884,0.0474200647405741,69,60,8,1,not_evaluated,not_evaluated
They met on 'It's Just Pillage'.,1.144927536231884,0.0474200647405741,69,60,8,1,not_evaluated,not_evaluated
"I've been a bridesmaid before, but never a Raid of Honor.""",1.144927536231884,0.0556882165184999,69,62,4,3,not_evaluated,not_evaluated
I hear there’s Reindeer meatballs at the reception.,1.144927536231884,0.0556882165184999,69,62,4,3,not_evaluated,not_evaluated
"Remember , when he steps on the glass you say “L’chaim!! “",1.144927536231884,0.0474200647405741,69,60,8,1,not_evaluated,not_evaluated
i’m telling you now because i don’t want anybody saying i lost control or whatever—im getting extremely fucked up tonight,1.144927536231884,0.0517196287641915,69,61,6,2,not_evaluated,not_evaluated
There are going to be some serious arguments over the shoe rack.,1.144927536231884,0.0517196287641915,69,61,6,2,not_evaluated,not_evaluated
"Yeah.....I don't see it either, but she says he's really sweet.",1.144927536231884,0.0474200647405741,69,60,8,1,not_evaluated,not_evaluated
*Whispers* Which one’s the bride?,1.144927536231884,0.0517196287641915,69,61,6,2,not_evaluated,not_evaluated
I give this Aesir and Vanir tribes marriage a month at the most.,1.144927536231884,0.0426896366873121,69,59,10,0,not_evaluated,not_evaluated
"Well, finally, the old battle-axe meet her match!",1.144927536231884,0.0474200647405741,69,60,8,1,not_evaluated,not_evaluated
Aaaardo,1.144927536231884,0.0474200647405741,69,60,8,1,not_evaluated,not_evaluated
I hear they're going to pillage the Greek Islands for their honeymoon.,1.144927536231884,0.0517196287641915,69,61,6,2,not_evaluated,not_evaluated
It’s about time. Seems like they were engaged forever.,1.144927536231884,0.0426896366873121,69,59,10,0,not_evaluated,not_evaluated
A wedding fashion statement,1.144927536231884,0.0474200647405741,69,60,8,1,not_evaluated,not_evaluated
They came straight from the Avengers premier.,1.144927536231884,0.0426896366873121,69,59,10,0,not_evaluated,not_evaluated
"No rabbi, and no lox at the reception. They couldn't agree to raise the kids Jewish.",1.144927536231884,0.0426896366873121,69,59,10,0,not_evaluated,not_evaluated
Only my daughter could grasp the possibility of  combining a neo-Viking lifestyle with a  long-standing vegan gluten-free diet.,1.144927536231884,0.0474200647405741,69,60,8,1,not_evaluated,not_evaluated
Because they couldn't find a Maester.,1.144927536231884,0.0474200647405741,69,60,8,1,not_evaluated,not_evaluated
"Do you, Thor and Odin ...",1.144927536231884,0.0426896366873121,69,59,10,0,not_evaluated,not_evaluated
Never thought that this would be Ann’s ‘horny scandinavian guy’!,1.144927536231884,0.0426896366873121,69,59,10,0,not_evaluated,not_evaluated
"...and, let us all remember, the family that raids together stays together",1.144927536231884,0.0474200647405741,69,60,8,1,not_evaluated,not_evaluated
The husband market is getting really tough these days.,1.144927536231884,0.0474200647405741,69,60,8,1,not_evaluated,not_evaluated
Binding Olaf,1.144927536231884,0.0517196287641915,69,61,6,2,not_evaluated,not_evaluated
Oh oh. Who’s got the Ring cycle?,1.144927536231884,0.0556882165184999,69,62,4,3,not_evaluated,not_evaluated
Well this is a little weird,1.144927536231884,0.0474200647405741,69,60,8,1,not_evaluated,not_evaluated
I heard they're going to Rome for the honeymoon.,1.144927536231884,0.0517196287641915,69,61,6,2,not_evaluated,not_evaluated
"Do thee Viking, take thee Norsewoman; to have and beget endless media offspring, known from this day forth as Film, Netflix, Lord Of The Rings, Game of Thrones, Meme, and countless more yet to come?",1.144927536231884,0.0474200647405741,69,60,8,1,not_evaluated,not_evaluated
We take these truths to be self-evident ...,1.144927536231884,0.0426896366873121,69,59,10,0,not_evaluated,not_evaluated
"And do you promise to love, honor and  plunder?",1.144927536231884,0.0556882165184999,69,62,4,3,not_evaluated,not_evaluated
They've had a prickly relationship.,1.144927536231884,0.0474200647405741,69,60,8,1,not_evaluated,not_evaluated
"and in pillaging and looting, . . .",1.144927536231884,0.0474200647405741,69,60,8,1,not_evaluated,not_evaluated
They're not quite dressed properly for a cold reception,1.144927536231884,0.0517196287641915,69,61,6,2,not_evaluated,not_evaluated
"Cruise liner fashion, I guess.",1.144927536231884,0.0474200647405741,69,60,8,1,not_evaluated,not_evaluated
"Do you, Arya Mildred Johnson, take Tyrion Billy Monroe to be your lawful, wedded husband?",1.144927536231884,0.0426896366873121,69,59,10,0,not_evaluated,not_evaluated
"Oh, my husband offered to watch the ranch.",1.144927536231884,0.0517196287641915,69,61,6,2,not_evaluated,not_evaluated
They're thinking of calling their first born child Odin.,1.144927536231884,0.0474200647405741,69,60,8,1,not_evaluated,not_evaluated
And  further more l heard they've booked the honeymoon suite at the Val halen inn!,1.144927536231884,0.0474200647405741,69,60,8,1,not_evaluated,not_evaluated
I heard the bachelorette party was killer.,1.144927536231884,0.0426896366873121,69,59,10,0,not_evaluated,not_evaluated
Will there be a vegan food option?,1.144927536231884,0.0474200647405741,69,60,8,1,not_evaluated,not_evaluated
Getting the fit right was a bear...,1.144927536231884,0.0426896366873121,69,59,10,0,not_evaluated,not_evaluated
No sex before marriage works. I’ve never seen a hornier groom.,1.144927536231884,0.0474200647405741,69,60,8,1,not_evaluated,not_evaluated
They've known each other a really long time.,1.144927536231884,0.0474200647405741,69,60,8,1,not_evaluated,not_evaluated
Lay down your weapons. You break the glass with your foot.,1.144927536231884,0.0474200647405741,69,60,8,1,not_evaluated,not_evaluated
"Wait, is that mistletoe? He doesn't do well with mistletoe.",1.144927536231884,0.0474200647405741,69,60,8,1,not_evaluated,not_evaluated
"Finally, that was the longest engagement ever!",1.144927536231884,0.0556882165184999,69,62,4,3,not_evaluated,not_evaluated
I thought Hagar and Helga were already married?,1.144927536231884,0.0517196287641915,69,61,6,2,not_evaluated,not_evaluated
She said that a man would never change her,1.144927536231884,0.0517196287641915,69,61,6,2,not_evaluated,not_evaluated
The virgin sacrifice is late...,1.144927536231884,0.0474200647405741,69,60,8,1,not_evaluated,not_evaluated
It's amazing that they found each other.,1.144927536231884,0.0517196287641915,69,61,6,2,not_evaluated,not_evaluated
I can’t wait for the paleo reception,1.144927536231884,0.0426896366873121,69,59,10,0,not_evaluated,not_evaluated
I've always said marriage is such an antiquated institution.,1.144927536231884,0.0474200647405741,69,60,8,1,not_evaluated,not_evaluated
They found each other on 23andme.com.,1.144927536231884,0.0426896366873121,69,59,10,0,not_evaluated,not_evaluated
"That's why I use ""Oden's Beard Cream""",1.144927536231884,0.0474200647405741,69,60,8,1,not_evaluated,not_evaluated
the honeymoon is an invasion,1.144927536231884,0.0474200647405741,69,60,8,1,not_evaluated,not_evaluated
"I'm so glad they discovered each other.""",1.144927536231884,0.0474200647405741,69,60,8,1,not_evaluated,not_evaluated
"Right, the dress is a little drab, but I hear she wanted to keep the wedding Loki.",1.144927536231884,0.0517196287641915,69,61,6,2,not_evaluated,not_evaluated
I think they're going to The Vineyard for the honeymoon.,1.144927536231884,0.0426896366873121,69,59,10,0,not_evaluated,not_evaluated
Till Death,1.144927536231884,0.0426896366873121,69,59,10,0,not_evaluated,not_evaluated
Is he talkin old Danish? Are you freakin kidding me?,1.144927536231884,0.0517196287641915,69,61,6,2,not_evaluated,not_evaluated
It's a subtle hint that they really want a Viking 6-Burner Range.,1.144927536231884,0.0517196287641915,69,61,6,2,not_evaluated,not_evaluated
These DNA searches have gone a little too far,1.144927536231884,0.0474200647405741,69,60,8,1,not_evaluated,not_evaluated
It's their way of showing team spirit.,1.144927536231884,0.0474200647405741,69,60,8,1,not_evaluated,not_evaluated
Now do you understand the design for the bridesmaids' dresses?,1.144927536231884,0.0474200647405741,69,60,8,1,not_evaluated,not_evaluated
"In this case the ""to honor and obey"" line kind of makes sense.",1.144927536231884,0.0474200647405741,69,60,8,1,not_evaluated,not_evaluated
"The sword is a nice touch, don't you think?""",1.144927536231884,0.0556882165184999,69,62,4,3,not_evaluated,not_evaluated
So this is the legacy of ‘hope and change’?,1.144927536231884,0.0474200647405741,69,60,8,1,not_evaluated,not_evaluated
Winter is gone.,1.144927536231884,0.0474200647405741,69,60,8,1,not_evaluated,not_evaluated
I hear their tailor got eaten by a dragon!,1.144927536231884,0.0517196287641915,69,61,6,2,not_evaluated,not_evaluated
You'd think he'd stop at 5 wives...,1.144927536231884,0.0517196287641915,69,61,6,2,not_evaluated,not_evaluated
"...To have and to hold, to Plunder and to Pillage...",1.144927536231884,0.0474200647405741,69,60,8,1,not_evaluated,not_evaluated
She mentioned he was corny.,1.144927536231884,0.0474200647405741,69,60,8,1,not_evaluated,not_evaluated
Is that what they’re wearing now?,1.144927536231884,0.0474200647405741,69,60,8,1,not_evaluated,not_evaluated
Where’s my pillaging marauder?,1.144927536231884,0.0474200647405741,69,60,8,1,not_evaluated,not_evaluated
At least she had the honesty not to wear white.,1.144927536231884,0.0474200647405741,69,60,8,1,not_evaluated,not_evaluated
"Do you think he'll take seriously that line, ""'Until death do us part'""",1.144927536231884,0.0517196287641915,69,61,6,2,not_evaluated,not_evaluated
...and you thought your husband was horny!,1.144927536231884,0.0426896366873121,69,59,10,0,not_evaluated,not_evaluated
Do you promise to rape and pillage as one?,1.144927536231884,0.0474200647405741,69,60,8,1,not_evaluated,not_evaluated
This fashion for waist bags is really offensive,1.144927536231884,0.0426896366873121,69,59,10,0,not_evaluated,not_evaluated
I heard they went Paleo for the big day,1.144927536231884,0.0517196287641915,69,61,6,2,not_evaluated,not_evaluated
Their families are in a blood feud over the floral arrangements.,1.144927536231884,0.0474200647405741,69,60,8,1,not_evaluated,not_evaluated
"For their honeymoon, they're going to Iceland.",1.144927536231884,0.0474200647405741,69,60,8,1,not_evaluated,not_evaluated
They wrote their own shipping instructions.,1.144927536231884,0.0474200647405741,69,60,8,1,not_evaluated,not_evaluated
This is turning out pretty epic for a Loki wedding.,1.144927536231884,0.0517196287641915,69,61,6,2,not_evaluated,not_evaluated
"You look very horny, but please hold off until after the ceremony",1.144927536231884,0.0517196287641915,69,61,6,2,not_evaluated,not_evaluated
I think you miscalculated the coordinates in the time machine.,1.144927536231884,0.0474200647405741,69,60,8,1,not_evaluated,not_evaluated
"Surprisingly, their  prenup is rather standard.",1.144927536231884,0.0517196287641915,69,61,6,2,not_evaluated,not_evaluated
I hear the prenuptial agreement requires both give up the claim to the throne.,1.144927536231884,0.0426896366873121,69,59,10,0,not_evaluated,not_evaluated
When they chose their wedding outfit I began to question the existence of the time infinity stone altogether.,1.144927536231884,0.0474200647405741,69,60,8,1,not_evaluated,not_evaluated
Talk about being late to your own ceremony!,1.144927536231884,0.0474200647405741,69,60,8,1,not_evaluated,not_evaluated
Do you swear to take him for better or Norse?,1.144927536231884,0.0474200647405741,69,60,8,1,not_evaluated,not_evaluated
"With their lifestyle, ''til death' isn't such a commitment.",1.144927536231884,0.0474200647405741,69,60,8,1,not_evaluated,not_evaluated
She bought that sword since next month we're in our girlfriend's destination wedding--her ex-fiancé's house.,1.144927536231884,0.0426896366873121,69,59,10,0,not_evaluated,not_evaluated
They met at a yoga retreat north of the wall,1.144927536231884,0.0474200647405741,69,60,8,1,not_evaluated,not_evaluated
You may kiss the...uh...bride?,1.144927536231884,0.0426896366873121,69,59,10,0,not_evaluated,not_evaluated
I heard they just came for the food.,1.144927536231884,0.0474200647405741,69,60,8,1,not_evaluated,not_evaluated
They even ordered a paleo cake.,1.1428571428571428,0.0510174503727087,70,62,6,2,not_evaluated,not_evaluated
Did you turn off the oven?,1.1428571428571428,0.0467835608690013,70,61,8,1,not_evaluated,not_evaluated
I give it  six months.,1.1428571428571428,0.0467835608690013,70,61,8,1,not_evaluated,not_evaluated
"..to love, cherish, and to obey, til death, from pillaging, do us part.",1.1428571428571428,0.0467835608690013,70,61,8,1,not_evaluated,not_evaluated
"Yeah, but she's got the bigger sword.",1.1428571428571428,0.0421262731871135,70,60,10,0,not_evaluated,not_evaluated
I agee..their marriage was long overdue...,1.1428571428571428,0.0467835608690013,70,61,8,1,not_evaluated,not_evaluated
She'll have her hands full.  He's a hopeless plunderer.,1.1428571428571428,0.0421262731871135,70,60,10,0,not_evaluated,not_evaluated
"By the authority vested in me by Wotan, I pronounce you man and wife.",1.1428571428571428,0.0421262731871135,70,60,10,0,not_evaluated,not_evaluated
The minister got licensed online for a pagan ceremony.,1.1428571428571428,0.0467835608690013,70,61,8,1,not_evaluated,not_evaluated
"Why doesn’t she have “white”
on ?",1.1428571428571428,0.0421262731871135,70,60,10,0,not_evaluated,not_evaluated
"It's the newest thing in formal wedding, cave-wear!",1.1428571428571428,0.0510174503727087,70,62,6,2,not_evaluated,not_evaluated
You have to wonder why more couples aren’t meeting abroad.,1.1428571428571428,0.0549259402967308,70,63,4,3,not_evaluated,not_evaluated
They're going uber traditional.,1.1428571428571428,0.0510174503727087,70,62,6,2,not_evaluated,not_evaluated
I now pronounce you the first LBGTQGoT couple.,1.1428571428571428,0.0510174503727087,70,62,6,2,not_evaluated,not_evaluated
"Full Viking funeral sure, but this is just weird.",1.1428571428571428,0.0467835608690013,70,61,8,1,not_evaluated,not_evaluated
Did he just say man and wife?,1.1428571428571428,0.0467835608690013,70,61,8,1,not_evaluated,not_evaluated
And can you believe they opted for a honeymoon cruise on Royal Caribbean instead?,1.1428571428571428,0.0467835608690013,70,61,8,1,not_evaluated,not_evaluated
‘’Honestly? Not what I expected from a destination wedding.’,1.1428571428571428,0.0421262731871135,70,60,10,0,not_evaluated,not_evaluated
When I marry I 'm going to elope!,1.1428571428571428,0.0549259402967308,70,63,4,3,not_evaluated,not_evaluated
They met a pilates.,1.1428571428571428,0.0467835608690013,70,61,8,1,not_evaluated,not_evaluated
Didn’t they make that illegal?,1.1428571428571428,0.0467835608690013,70,61,8,1,not_evaluated,not_evaluated
I heard he raped her _before_ the wedding.,1.1428571428571428,0.0510174503727087,70,62,6,2,not_evaluated,not_evaluated
"Halloween weddings are a trip, but electing to keep their weapons does not bode well.",1.1428571428571428,0.0467835608690013,70,61,8,1,not_evaluated,not_evaluated
"You have to be real careful at these Nordic weddings, Lucille.  After the ceremony, she'll be tossing that sword, not the traditional corsage!",1.1428571428571428,0.0467835608690013,70,61,8,1,not_evaluated,not_evaluated
They used to call it a shotgun wedding.,1.1428571428571428,0.0467835608690013,70,61,8,1,not_evaluated,not_evaluated
Always a brudepike never a brude.,1.1428571428571428,0.0467835608690013,70,61,8,1,not_evaluated,not_evaluated
Always the bridesmaid and never the bride...even when they rape and pillage.  Sad!,1.1363636363636365,0.0523853555060782,66,59,5,2,not_evaluated,not_evaluated
I find broad swords to be kinda sexist!,1.1363636363636365,0.0425655322896033,66,57,9,0,not_evaluated,not_evaluated
The goat roasting outside smells delicious.,1.1363636363636365,0.0477286602084924,66,58,7,1,not_evaluated,not_evaluated
It's not exactly a marriage made in Valhalla.,1.1363636363636365,0.0477286602084924,66,58,7,1,not_evaluated,not_evaluated
I think they're planning to raise the kids Reconstructionist,1.1363636363636365,0.0523853555060782,66,59,5,2,not_evaluated,not_evaluated
He’s pretty much Jon Snowway.,1.1363636363636365,0.0477286602084924,66,58,7,1,not_evaluated,not_evaluated
He’s adopted our entertainment affliction.,1.1363636363636365,0.0523853555060782,66,59,5,2,not_evaluated,not_evaluated
Lutefisk bouquet...Pass it on.,1.1363636363636365,0.0477286602084924,66,58,7,1,not_evaluated,not_evaluated
"Is this your first stopover wedding?""",1.1363636363636365,0.0425655322896033,66,57,9,0,not_evaluated,not_evaluated
Are you sure we're at the right wedding?,1.1363636363636365,0.0477286602084924,66,58,7,1,not_evaluated,not_evaluated
Are you in the pool? Stab or behead.,1.1363636363636365,0.0425655322896033,66,57,9,0,not_evaluated,not_evaluated
Don't you thing that's taking informal too far?,1.1363636363636365,0.0425655322896033,66,57,9,0,not_evaluated,not_evaluated
"Oh goodness, he forgot the club!",1.1363636363636365,0.0477286602084924,66,58,7,1,not_evaluated,not_evaluated
I get the ‘til death do us part part.,1.1363636363636365,0.0477286602084924,66,58,7,1,not_evaluated,not_evaluated
They met on a panty raid  and she won.,1.1363636363636365,0.0477286602084924,66,58,7,1,not_evaluated,not_evaluated
"She caught the bouquet at Shirley’s wedding - literally, no of us came close",1.1363636363636365,0.0477286602084924,66,58,7,1,not_evaluated,not_evaluated
I'm glad they were able to move their wedding ahead of the finally of Game of Thrones.,1.1363636363636365,0.0523853555060782,66,59,5,2,not_evaluated,not_evaluated
Even the most seafaring among us eventually gives into Netflix and heteronormativity.,1.1363636363636365,0.0523853555060782,66,59,5,2,not_evaluated,not_evaluated
Should we tell them it's 'for better or WORSE'?,1.1363636363636365,0.0425655322896033,66,57,9,0,not_evaluated,not_evaluated
It was a traditional wedding,1.1363636363636365,0.0477286602084924,66,58,7,1,not_evaluated,not_evaluated
Did anyone remember to bring the Starbucks cup?,1.1363636363636365,0.0477286602084924,66,58,7,1,not_evaluated,not_evaluated
'It's a Game Of Thrones meets Bridesmaids themed wedding.,1.1363636363636365,0.0523853555060782,66,59,5,2,not_evaluated,not_evaluated
You may now ravish the bride.,1.1363636363636365,0.0425655322896033,66,57,9,0,not_evaluated,not_evaluated
"If anyone has any objections, on their own heads be it.",1.1363636363636365,0.0477286602084924,66,58,7,1,not_evaluated,not_evaluated
The rabbi is plotzing.”,1.1363636363636365,0.0477286602084924,66,58,7,1,not_evaluated,not_evaluated
I hate pillage-a-destination weddings.,1.1363636363636365,0.0523853555060782,66,59,5,2,not_evaluated,not_evaluated
"These Viking vows are not my cup of tea.”

Don Dechman
Austin, T",1.1363636363636365,0.0566606206963766,66,60,3,3,not_evaluated,not_evaluated
She wants a funeral pryer at the reception? Can't Brunnhilde just get a ring that isn't cursed,1.1363636363636365,0.0425655322896033,66,57,9,0,not_evaluated,not_evaluated
Their vows better not have any spoilers for the new season.,1.1363636363636365,0.0425655322896033,66,57,9,0,not_evaluated,not_evaluated
Looks like a match made in heaven.,1.1363636363636365,0.0477286602084924,66,58,7,1,not_evaluated,not_evaluated
Were we supposed to dress up?,1.1363636363636365,0.0425655322896033,66,57,9,0,not_evaluated,not_evaluated
I can't believe they killed May & Steve and took over...oh well!,1.1363636363636365,0.0523853555060782,66,59,5,2,not_evaluated,not_evaluated
Leif will be setting forth to discover America.,1.1363636363636365,0.0477286602084924,66,58,7,1,not_evaluated,not_evaluated
Do you swear to burn the other's village down if they forget to wash the dishes?,1.1363636363636365,0.0425655322896033,66,57,9,0,not_evaluated,not_evaluated
I hear the father's really pushing their marriage because she's pregnant. It's a real crossbow wedding.,1.1363636363636365,0.0477286602084924,66,58,7,1,not_evaluated,not_evaluated
The bride and groom will build a goose-feather pilllow factory in some sleepy town Down Plunder.,1.1363636363636365,0.0425655322896033,66,57,9,0,not_evaluated,not_evaluated
"This viking man, who has a pierced limb, is better prepared for marriage as he understands pain",1.1363636363636365,0.0523853555060782,66,59,5,2,not_evaluated,not_evaluated
"I told you Joan, do not under circumstance vote for the damn liberal!",1.1363636363636365,0.0425655322896033,66,57,9,0,not_evaluated,not_evaluated
I  now pronounce you Hon and Honey,1.1363636363636365,0.0477286602084924,66,58,7,1,not_evaluated,not_evaluated
"At LEAST he's a boy of her own faith.""",1.1363636363636365,0.0523853555060782,66,59,5,2,not_evaluated,not_evaluated
I'm thinking this is not an appropriate place for cosplay.,1.1363636363636365,0.0477286602084924,66,58,7,1,not_evaluated,not_evaluated
"Cavewoman, do you take this Viking ...",1.1363636363636365,0.0477286602084924,66,58,7,1,not_evaluated,not_evaluated
Looks like we know whose going rule this marriage,1.1363636363636365,0.0477286602084924,66,58,7,1,not_evaluated,not_evaluated
"I now pronounce you Roman and Greek; you may ""Cross Swords""!",1.1363636363636365,0.0477286602084924,66,58,7,1,not_evaluated,not_evaluated
They're going to sack Niagara Falls on their honeymoon.,1.1363636363636365,0.0477286602084924,66,58,7,1,not_evaluated,not_evaluated
Viking Cruises now offer weddings onboard,1.1363636363636365,0.0477286602084924,66,58,7,1,not_evaluated,not_evaluated
"Do you promise to love, cherish, solemnly plunder...",1.1363636363636365,0.0523853555060782,66,59,5,2,not_evaluated,not_evaluated
"Do you take this Clan""",1.1363636363636365,0.0477286602084924,66,58,7,1,not_evaluated,not_evaluated
"You know who will catch the bigger fish in family, don’tcha?”",1.1363636363636365,0.0477286602084924,66,58,7,1,not_evaluated,not_evaluated
Do you like this Thor better or worse?,1.1363636363636365,0.0477286602084924,66,58,7,1,not_evaluated,not_evaluated
Because the quintessential American experience is to know divorce.,1.1363636363636365,0.0523853555060782,66,59,5,2,not_evaluated,not_evaluated
They are perfect together except when they argue.  Can get dangerous.,1.1363636363636365,0.0523853555060782,66,59,5,2,not_evaluated,not_evaluated
"no, they didn't have a wedding list, they just wanted everyone to contribute to the raiding party",1.1363636363636365,0.0425655322896033,66,57,9,0,not_evaluated,not_evaluated
Looks like he finally proposed.,1.1363636363636365,0.0425655322896033,66,57,9,0,not_evaluated,not_evaluated
I now pronounce you cave man and wife.,1.1363636363636365,0.0477286602084924,66,58,7,1,not_evaluated,not_evaluated
And do you Prince Rhaegar Targaryen  aka Jon Snow take your Aunt Daenerys Targaryen tp be your lawfully wedded wife...,1.1363636363636365,0.0523853555060782,66,59,5,2,not_evaluated,not_evaluated
I now pronounce you underdressed,1.1363636363636365,0.0425655322896033,66,57,9,0,not_evaluated,not_evaluated
And now I pronounce you husband and strife.,1.1363636363636365,0.0477286602084924,66,58,7,1,not_evaluated,not_evaluated
"Now please repeat after me I take this sword with my hand and promise to shine it, buff it, clean it and always be there to lend my hand for any puncture wounds. I honor and protect this sword till death do us heart.",1.1363636363636365,0.0477286602084924,66,58,7,1,not_evaluated,not_evaluated
This is the closest they could come to a destination wedding in Valhalla.,1.1363636363636365,0.0477286602084924,66,58,7,1,not_evaluated,not_evaluated
They're headed for  Valhella.,1.1363636363636365,0.0477286602084924,66,58,7,1,not_evaluated,not_evaluated
Walking down the isle to Ride of the Valkyries makes up for not finding a white pelt.,1.1363636363636365,0.0425655322896033,66,57,9,0,not_evaluated,not_evaluated
". . .    and if anyone here has a spoiler alert, let them speak now or forever hold their peace.",1.1363636363636365,0.0477286602084924,66,58,7,1,not_evaluated,not_evaluated
They're honeymooning in some place called Valhalla.,1.1363636363636365,0.0425655322896033,66,57,9,0,not_evaluated,not_evaluated
They wanted Goth wedding outfits but the designer misheard and made Visigoth attire.,1.1363636363636365,0.0425655322896033,66,57,9,0,not_evaluated,not_evaluated
"... and if anyone objects to this union, take your complaint up directly with Lars.",1.1363636363636365,0.0523853555060782,66,59,5,2,not_evaluated,not_evaluated
This is a match made in Valhalla...you may now kiss the bride and prepare to come out fighting!,1.1363636363636365,0.0477286602084924,66,58,7,1,not_evaluated,not_evaluated
"She clubbed him, then he stabbed her and it was love at first sight.",1.1363636363636365,0.0425655322896033,66,57,9,0,not_evaluated,not_evaluated
"They certainly appear to be made for each other.”

Robert Mayer, Warsaw, Indiana",1.1363636363636365,0.0477286602084924,66,58,7,1,not_evaluated,not_evaluated
Do you take this galoot.....,1.1363636363636365,0.0523853555060782,66,59,5,2,not_evaluated,not_evaluated
Lou’s Costume Shop screws up again!  Where’s Lars with the bear skins?,1.1363636363636365,0.0477286602084924,66,58,7,1,not_evaluated,not_evaluated
"I understand you're honeymooning in ""America.""  You know they don't have any hotels or National Parks yet.",1.1363636363636365,0.0477286602084924,66,58,7,1,not_evaluated,not_evaluated
Their honeymoon is in Bayreuth.,1.1363636363636365,0.0523853555060782,66,59,5,2,not_evaluated,not_evaluated
She's from New York and he's from Kansas but they grew up in the same tribe.,1.1363636363636365,0.0477286602084924,66,58,7,1,not_evaluated,not_evaluated
"I told her the wedding party would be overdressed, but she insisted on formal wear.",1.1363636363636365,0.0425655322896033,66,57,9,0,not_evaluated,not_evaluated
They were made for each other.,1.1363636363636365,0.0477286602084924,66,58,7,1,not_evaluated,not_evaluated
"It's all so romantic, but I'm really just here for the Nässelsoppa.",1.1363636363636365,0.0425655322896033,66,57,9,0,not_evaluated,not_evaluated
I still worry that there's a better match for her out there.,1.1363636363636365,0.0477286602084924,66,58,7,1,not_evaluated,not_evaluated
It's more a negotiated settlement than a marriage.,1.1363636363636365,0.0523853555060782,66,59,5,2,not_evaluated,not_evaluated
"To faithfully pillage and plunder every Hometown buffet , til heart attack do you part?",1.1363636363636365,0.0425655322896033,66,57,9,0,not_evaluated,not_evaluated
I do wish Penelope had given a clearer dress code than “smart casual”,1.1363636363636365,0.0425655322896033,66,57,9,0,not_evaluated,not_evaluated
Are you sure we got the right address?,1.1363636363636365,0.0425655322896033,66,57,9,0,not_evaluated,not_evaluated
"Not much help around the house, though.",1.1363636363636365,0.0425655322896033,66,57,9,0,not_evaluated,not_evaluated
The met on eHarm-me.com.,1.1363636363636365,0.0523853555060782,66,59,5,2,not_evaluated,not_evaluated
"We're here to renew our vows from 130,000 years ago.",1.1363636363636365,0.0425655322896033,66,57,9,0,not_evaluated,not_evaluated
My guess is they'll probably go on a cruise for the honeymoon.,1.1363636363636365,0.0477286602084924,66,58,7,1,not_evaluated,not_evaluated
Were you put asunder?,1.1363636363636365,0.0477286602084924,66,58,7,1,not_evaluated,not_evaluated
"It  looks like the third groomsman got cold feet.""
Constance Canning
Sea Cliff, N",1.1363636363636365,0.0523853555060782,66,59,5,2,not_evaluated,not_evaluated
Corinthians? Really?,1.1363636363636365,0.0477286602084924,66,58,7,1,not_evaluated,not_evaluated
Who is going to catch the bouquet?,1.1343283582089552,0.0419747850698996,67,58,9,0,not_evaluated,not_evaluated
"...and if anyone knows why these two should not be joined in holy matrimony, speak now or hold your peace - at least until the next installment.",1.1343283582089552,0.0516376863386756,67,60,5,2,not_evaluated,not_evaluated
They told us to come in costume.,1.1343283582089552,0.0470549318991947,67,59,7,1,not_evaluated,not_evaluated
She finally got him to the altar after all these years.,1.1343283582089552,0.0516376863386756,67,60,5,2,not_evaluated,not_evaluated
Too fuckin weird,1.1343283582089552,0.0470549318991947,67,59,7,1,not_evaluated,not_evaluated
They also hunted down their own vows.,1.1343283582089552,0.0470549318991947,67,59,7,1,not_evaluated,not_evaluated
"If anyone objects to this marriage, speak now...and prepare to die.",1.1343283582089552,0.0516376863386756,67,60,5,2,not_evaluated,not_evaluated
Theirs is an Outlanderesque romance!,1.1343283582089552,0.0419747850698996,67,58,9,0,not_evaluated,not_evaluated
They're honeymooning to a place they can pillage.,1.1343283582089552,0.0419747850698996,67,58,9,0,not_evaluated,not_evaluated
"...to love, honor, and pillage 'til death...",1.1343283582089552,0.0516376863386756,67,60,5,2,not_evaluated,not_evaluated
"They met to as extras on
“Game of Thrones”",1.1343283582089552,0.0470549318991947,67,59,7,1,not_evaluated,not_evaluated
"Hey, you other heathens out there. Keep it down!",1.1343283582089552,0.0470549318991947,67,59,7,1,not_evaluated,not_evaluated
"With the cost of weddings these days, you have to save money somewhere.",1.1343283582089552,0.0516376863386756,67,60,5,2,not_evaluated,not_evaluated
I fear they may thrash out their problems.,1.1343283582089552,0.0470549318991947,67,59,7,1,not_evaluated,not_evaluated
Wagner didn't say anything about an Afro-American minister,1.1343283582089552,0.0419747850698996,67,58,9,0,not_evaluated,not_evaluated
"She got her old fashioned wedding, but just wait until she learns about his primae noctis.",1.1343283582089552,0.0470549318991947,67,59,7,1,not_evaluated,not_evaluated
I can’t believe that city hall gave them a pillaging license.,1.1343283582089552,0.0470549318991947,67,59,7,1,not_evaluated,not_evaluated
"Well, I call it a 'Game of Ridiculousness' theme.",1.1343283582089552,0.0470549318991947,67,59,7,1,not_evaluated,not_evaluated
No worries! They fight in different weight classes.,1.1343283582089552,0.0419747850698996,67,58,9,0,not_evaluated,not_evaluated
"To be honest, I was expecting something a bit more 'Hart to Hart' from a Wagner-themed wedding.",1.1323529411764706,0.0463998528118308,68,60,7,1,not_evaluated,not_evaluated
Not sure how this is going to go,1.1323529411764706,0.0414000577075105,68,59,9,0,not_evaluated,not_evaluated
Have you ever eaten a wild boar? Thor has just speared one outside!,1.1323529411764706,0.0463998528118308,68,60,7,1,not_evaluated,not_evaluated
"Well, they wanted the wedding to be on Halloween, not us.",1.1323529411764706,0.0414000577075105,68,59,9,0,not_evaluated,not_evaluated
The pastor says downtown Greenville is considered quite the destination wedding spot in some circles.,1.1323529411764706,0.0509109801883044,68,61,5,2,not_evaluated,not_evaluated
"This  is what you called a wedding. It's
more of  a fantasy wedding to Hilga and Thor!?",1.1323529411764706,0.0463998528118308,68,60,7,1,not_evaluated,not_evaluated
I now pronounce you Hun and Hunter.,1.1304347826086956,0.040840714635988,69,60,9,0,not_evaluated,not_evaluated
"And you solemnly pledge to rape, pillage and plunder 'till death do you part?",1.1285714285714286,0.0402961530020089,70,61,9,0,not_evaluated,not_evaluated
"I heard this was going to be a 'Red Wedding,' but the color scheme is lavender.",1.126984126984127,0.0422853514020739,63,55,8,0,not_evaluated,not_evaluated
Makes you want to cry.,1.126984126984127,0.0422853514020739,63,55,8,0,not_evaluated,not_evaluated
I think she'll be the first one to sever the this marriage.,1.126984126984127,0.0479591879966097,63,56,6,1,not_evaluated,not_evaluated
She only called him Hunny once.,1.126984126984127,0.0422853514020739,63,55,8,0,not_evaluated,not_evaluated
For the honeymoon they plan to raid and pillage Las Vegas.,1.126984126984127,0.0479591879966097,63,56,6,1,not_evaluated,not_evaluated
Last week the couple were zoo animals. I need to choose more normal  friends.,1.126984126984127,0.0422853514020739,63,55,8,0,not_evaluated,not_evaluated
"See, I told you he had a ""Neanderthal"" mind-set.


Cameron Aujuard, Sacramento, CA",1.126984126984127,0.0479591879966097,63,56,6,1,not_evaluated,not_evaluated
"By the pigeonhole principle, a threesome involving the bridesmaids and groomsmen is guaranteed.",1.126984126984127,0.0479591879966097,63,56,6,1,not_evaluated,not_evaluated
Why are they dressed like that?,1.126984126984127,0.0530293926364563,63,57,4,2,not_evaluated,not_evaluated
"I thought G.O.T. meant ""Grand Old Time"".....",1.126984126984127,0.0422853514020739,63,55,8,0,not_evaluated,not_evaluated
She told me they're delaying their honeymoon until they can pillage enough to afford Napa.,1.126984126984127,0.0422853514020739,63,55,8,0,not_evaluated,not_evaluated
"Oh yeah, they're nazi af.",1.126984126984127,0.0530293926364563,63,57,4,2,not_evaluated,not_evaluated
"It's customary, for the bridesmaids to provide the milk after the ceremony.",1.126984126984127,0.0422853514020739,63,55,8,0,not_evaluated,not_evaluated
I think those guys are in White Walkers evening wear.,1.126984126984127,0.0479591879966097,63,56,6,1,not_evaluated,not_evaluated
I told her it wouldn't make him look thinner.,1.126984126984127,0.0479591879966097,63,56,6,1,not_evaluated,not_evaluated
"She said ""yes' to the sword.",1.126984126984127,0.0422853514020739,63,55,8,0,not_evaluated,not_evaluated
"If he is a Viking chieftain, is 

she royalty now?",1.126984126984127,0.0422853514020739,63,55,8,0,not_evaluated,not_evaluated
They both insisted on self protection from the church!!,1.126984126984127,0.0479591879966097,63,56,6,1,not_evaluated,not_evaluated
I'm surprised she's not wearing heels.,1.126984126984127,0.0530293926364563,63,57,4,2,not_evaluated,not_evaluated
"I suppose when your wedding vows include the promise to love, honor and plunder and pillage life together, Viking formal makes sense.",1.126984126984127,0.0422853514020739,63,55,8,0,not_evaluated,not_evaluated
They decided they'd better tie the knot before the series ends.,1.126984126984127,0.0479591879966097,63,56,6,1,not_evaluated,not_evaluated
They're going to raid and pillage on their honeymoon.,1.126984126984127,0.0422853514020739,63,55,8,0,not_evaluated,not_evaluated
They met on a GOT chat board bonding over the existential relevance of the misplaced Starbucks coffee cup,1.126984126984127,0.0530293926364563,63,57,4,2,not_evaluated,not_evaluated
"I forget, which one is supposed to crush the defeated foe's skull at the end?",1.126984126984127,0.0479591879966097,63,56,6,1,not_evaluated,not_evaluated
Instagram.,1.126984126984127,0.0479591879966097,63,56,6,1,not_evaluated,not_evaluated
Repeat after me: with Der Ring I thee wed.,1.126984126984127,0.0479591879966097,63,56,6,1,not_evaluated,not_evaluated
Red Wedding theme? I'm skipping the reception!,1.126984126984127,0.0479591879966097,63,56,6,1,not_evaluated,not_evaluated
"And do you, Gudrun, take this man to love and to cherish in sickness and in pelf?",1.126984126984127,0.0422853514020739,63,55,8,0,not_evaluated,not_evaluated
"I give them six months, tops.",1.126984126984127,0.0479591879966097,63,56,6,1,not_evaluated,not_evaluated
"In sickness and in health, in conquest and in vanquishment?",1.126984126984127,0.0479591879966097,63,56,6,1,not_evaluated,not_evaluated
His groomsmen should have dressed up,1.126984126984127,0.0479591879966097,63,56,6,1,not_evaluated,not_evaluated
She's a US Senator you know.,1.126984126984127,0.0479591879966097,63,56,6,1,not_evaluated,not_evaluated
Don't you think we are taking the TV show a bit too far ?,1.126984126984127,0.0422853514020739,63,55,8,0,not_evaluated,not_evaluated
Do we have any glasses that aren't smashed?,1.126984126984127,0.0422853514020739,63,55,8,0,not_evaluated,not_evaluated
I still think the cougar skin would be more flattering.,1.126984126984127,0.0479591879966097,63,56,6,1,not_evaluated,not_evaluated
...no I did not give her advice on the outfit only the broadsword..,1.126984126984127,0.0422853514020739,63,55,8,0,not_evaluated,not_evaluated
And a destination wedding in Mexico!,1.126984126984127,0.0479591879966097,63,56,6,1,not_evaluated,not_evaluated
Now you may stab the bride,1.126984126984127,0.0479591879966097,63,56,6,1,not_evaluated,not_evaluated
"If anyone can show just cause why this couple cannot lawfully be joined together in matrimony, grab a weapon or forever hold your peace.",1.126984126984127,0.0479591879966097,63,56,6,1,not_evaluated,not_evaluated
That sword is a custom made Vera wang,1.126984126984127,0.0422853514020739,63,55,8,0,not_evaluated,not_evaluated
"Mr. Devilson, I Dare Solemnizing This Marriage With Ms.Devilia, Your Clawfui Wife as Witnessed by Witches """,1.126984126984127,0.0479591879966097,63,56,6,1,not_evaluated,not_evaluated
"When they're done, do they smash the glass or their enemies?",1.126984126984127,0.0422853514020739,63,55,8,0,not_evaluated,not_evaluated
They both endured pretty rough previous marriages,1.126984126984127,0.0530293926364563,63,57,4,2,not_evaluated,not_evaluated
I heard they are honeymooning in the European countryside,1.126984126984127,0.0479591879966097,63,56,6,1,not_evaluated,not_evaluated
They said they wanted it to be old fashioned.,1.126984126984127,0.0530293926364563,63,57,4,2,not_evaluated,not_evaluated
Who said he was 'horrible'?,1.126984126984127,0.0422853514020739,63,55,8,0,not_evaluated,not_evaluated
"Their version is, “Something old. Something new. Something borrowed, and something to murder people with.”",1.126984126984127,0.0422853514020739,63,55,8,0,not_evaluated,not_evaluated
Strangest wedding ever!  Only two groomsmen?!?!?,1.126984126984127,0.0479591879966097,63,56,6,1,not_evaluated,not_evaluated
I vow to never go to bed angry; we will stay up and fight till death do us part!,1.126984126984127,0.0422853514020739,63,55,8,0,not_evaluated,not_evaluated
"I'm keeping my fingers crossed that the lovely couple didn't carry the viking theme over to the reception.  I gag when I think of fowl cooked on a spit.  It's just not right, Anna!",1.126984126984127,0.0422853514020739,63,55,8,0,not_evaluated,not_evaluated
Can I skip the reception?,1.126984126984127,0.0422853514020739,63,55,8,0,not_evaluated,not_evaluated
I bet she ends up being the one who wears the pants in the family.,1.126984126984127,0.0479591879966097,63,56,6,1,not_evaluated,not_evaluated
It'll never work. He's a Viking and she roots for the Bears.,1.126984126984127,0.0530293926364563,63,57,4,2,not_evaluated,not_evaluated
I'm freezing!,1.126984126984127,0.0530293926364563,63,57,4,2,not_evaluated,not_evaluated
"I always cry when they promise to “love, honor, and avenge.”",1.126984126984127,0.0422853514020739,63,55,8,0,not_evaluated,not_evaluated
"George, are they our new members?",1.126984126984127,0.0530293926364563,63,57,4,2,not_evaluated,not_evaluated
"No, he doesn't always where those horns, only on ceremonies.",1.126984126984127,0.0479591879966097,63,56,6,1,not_evaluated,not_evaluated
Can't you just see the battles coming in this marriage!,1.126984126984127,0.0479591879966097,63,56,6,1,not_evaluated,not_evaluated
So you know Mary from what type of summer camp?,1.126984126984127,0.0422853514020739,63,55,8,0,not_evaluated,not_evaluated
"She said her friend was trading goods, not vows!",1.126984126984127,0.0479591879966097,63,56,6,1,not_evaluated,not_evaluated
"To hack and to hold, to bludgeon and perish, till left hewn up parts",1.126984126984127,0.0479591879966097,63,56,6,1,not_evaluated,not_evaluated
I had to call five different Crate and Barrels to find a crossbow big enough to slay a dragon.,1.126984126984127,0.0479591879966097,63,56,6,1,not_evaluated,not_evaluated
Who would have thought that a simple conquest would end in such a love story?,1.126984126984127,0.0422853514020739,63,55,8,0,not_evaluated,not_evaluated
I hate these Cosplay weddings.,1.126984126984127,0.0530293926364563,63,57,4,2,not_evaluated,not_evaluated
We should have dressed down.,1.126984126984127,0.0530293926364563,63,57,4,2,not_evaluated,not_evaluated
Inauthentic horns aren't 'just cause'.,1.126984126984127,0.0530293926364563,63,57,4,2,not_evaluated,not_evaluated
"Could you hurry along, we have a GEICO commercial 
in about 15 minutes.”  Jacqueline Moran, Canada",1.126984126984127,0.0422853514020739,63,55,8,0,not_evaluated,not_evaluated
"...plus, I think Erik's had far too much influence over Edie.",1.126984126984127,0.0422853514020739,63,55,8,0,not_evaluated,not_evaluated
"We are witnessing a revolutionary paradigm shift, Rolf!",1.126984126984127,0.0530293926364563,63,57,4,2,not_evaluated,not_evaluated
We will have to bring our own napkins to the reception,1.126984126984127,0.0479591879966097,63,56,6,1,not_evaluated,not_evaluated
Don't you think the Game of Thrones theme is a little tacky?,1.126984126984127,0.0479591879966097,63,56,6,1,not_evaluated,not_evaluated
"After all, her parents did name her Freya.",1.126984126984127,0.0422853514020739,63,55,8,0,not_evaluated,not_evaluated
"'Once a pillager, always a pillager,' is what I say.",1.126984126984127,0.0479591879966097,63,56,6,1,not_evaluated,not_evaluated
I get really weepy when they begin the Viking chants and stomp on the grog glass.,1.126984126984127,0.0422853514020739,63,55,8,0,not_evaluated,not_evaluated
I hear he's a great spear-man.,1.126984126984127,0.0530293926364563,63,57,4,2,not_evaluated,not_evaluated
I now declare you Viking and Queen.,1.126984126984127,0.0422853514020739,63,55,8,0,not_evaluated,not_evaluated
I heard that they pre-nupped their spears.,1.126984126984127,0.0479591879966097,63,56,6,1,not_evaluated,not_evaluated
"If there is anyone here that objects to the union of Dakota and Kyle, please attack now or forever...hold your piece.",1.126984126984127,0.0422853514020739,63,55,8,0,not_evaluated,not_evaluated
Their love conquered all.,1.126984126984127,0.0422853514020739,63,55,8,0,not_evaluated,not_evaluated
"They might not wear deodorant, but at least they are vegan.",1.126984126984127,0.0422853514020739,63,55,8,0,not_evaluated,not_evaluated
They're really into pillaging.,1.126984126984127,0.0479591879966097,63,56,6,1,not_evaluated,not_evaluated
She's from somewhere in Scandinavia,1.126984126984127,0.0479591879966097,63,56,6,1,not_evaluated,not_evaluated
I told you. Paleo is not for weight loss.,1.126984126984127,0.0479591879966097,63,56,6,1,not_evaluated,not_evaluated
"I just love an intercultural wedding, don’t you?”",1.126984126984127,0.0422853514020739,63,55,8,0,not_evaluated,not_evaluated
"Judy and Bernard, do you promise to love each other through sickness and health, winters and dragons?",1.126984126984127,0.0479591879966097,63,56,6,1,not_evaluated,not_evaluated
She always wanted to live in Valhalla...,1.126984126984127,0.0422853514020739,63,55,8,0,not_evaluated,not_evaluated
"Well, I guess we know who's gonna wear the pants.",1.126984126984127,0.0479591879966097,63,56,6,1,not_evaluated,not_evaluated
"I get the Viking theme, but the bride and groom matching gowns took it a little too far.",1.126984126984127,0.0422853514020739,63,55,8,0,not_evaluated,not_evaluated
I pronounce you  pillager and pillagess.,1.126984126984127,0.0530293926364563,63,57,4,2,not_evaluated,not_evaluated
I hear they met at a Vikings re-enactment.,1.126984126984127,0.0422853514020739,63,55,8,0,not_evaluated,not_evaluated
Marriage does not come with the benefits of a civil union.,1.126984126984127,0.0422853514020739,63,55,8,0,not_evaluated,not_evaluated
You should've seen her Pinterest board.,1.126984126984127,0.0422853514020739,63,55,8,0,not_evaluated,not_evaluated
"When she turns around to throw the bouquet, run like hell.",1.126984126984127,0.0422853514020739,63,55,8,0,not_evaluated,not_evaluated
I'm seeing red flags that he's a misogynist.,1.126984126984127,0.0479591879966097,63,56,6,1,not_evaluated,not_evaluated
"Oh, come on ... how is this racist?! Just tell that caveman-husband of yours to get in here!",1.126984126984127,0.0422853514020739,63,55,8,0,not_evaluated,not_evaluated
Blake's marrying his own Mother?,1.126984126984127,0.0479591879966097,63,56,6,1,not_evaluated,not_evaluated
Looks like Karen's 23 and Me results finally came in,1.126984126984127,0.0422853514020739,63,55,8,0,not_evaluated,not_evaluated
"I told her not to say ""yes"" to that dress.",1.126984126984127,0.0422853514020739,63,55,8,0,not_evaluated,not_evaluated
It's the TV series trend...fan affiancing.,1.126984126984127,0.0479591879966097,63,56,6,1,not_evaluated,not_evaluated
"Honor thy great, great, great, great, great, great . . .",1.126984126984127,0.0422853514020739,63,55,8,0,not_evaluated,not_evaluated
"Always the bridesmaid, never the reenactress.",1.126984126984127,0.0422853514020739,63,55,8,0,not_evaluated,not_evaluated
What year did they discover undies?,1.126984126984127,0.0479591879966097,63,56,6,1,not_evaluated,not_evaluated
I'd never have guessed that Archibald Harrison was a Viking name,1.126984126984127,0.0479591879966097,63,56,6,1,not_evaluated,not_evaluated
Friend's of the bride or the barbarian.,1.126984126984127,0.0422853514020739,63,55,8,0,not_evaluated,not_evaluated
"I don't care how they want to go primitive, you still shouldn't marry your sister.",1.126984126984127,0.0422853514020739,63,55,8,0,not_evaluated,not_evaluated
You know I once ordained a Native American wedding as well.,1.126984126984127,0.0479591879966097,63,56,6,1,not_evaluated,not_evaluated
Sure like to see their first serious disagreement....,1.126984126984127,0.0479591879966097,63,56,6,1,not_evaluated,not_evaluated
They’re pillaging Maui on their honeymoon,1.126984126984127,0.0479591879966097,63,56,6,1,not_evaluated,not_evaluated
How nice they could take a break from streaming Game of Thrones to join us .,1.125,0.0416666666666666,64,56,8,0,not_evaluated,not_evaluated
I take it you're gender neutral?,1.125,0.0472455591261534,64,57,6,1,not_evaluated,not_evaluated
Sorry the Grand Poobah couldn't make it. He sends his regards.,1.125,0.0472455591261534,64,57,6,1,not_evaluated,not_evaluated
This is completely different than his Dad’s funeral.,1.125,0.052231930877334,64,58,4,2,not_evaluated,not_evaluated
I was told the cute one is into threesomes...,1.125,0.0416666666666666,64,56,8,0,not_evaluated,not_evaluated
"This is a lot of work for me, knowing he's a dental assistant.",1.125,0.0472455591261534,64,57,6,1,not_evaluated,not_evaluated
"Well, they said they were going to be unforgettable.",1.125,0.0472455591261534,64,57,6,1,not_evaluated,not_evaluated
"If I try to catch that bouquet, maybe it'll put me out of my misery.",1.125,0.0472455591261534,64,57,6,1,not_evaluated,not_evaluated
She thinks the sword is more intimate than a shotgun.,1.125,0.0472455591261534,64,57,6,1,not_evaluated,not_evaluated
"She's my BFF from ages ago -- always a hipster, even back then.",1.125,0.0416666666666666,64,56,8,0,not_evaluated,not_evaluated
"""I heard they met on a rape and pillage",1.125,0.0472455591261534,64,57,6,1,not_evaluated,not_evaluated
Your vows will be exploratory.,1.125,0.0416666666666666,64,56,8,0,not_evaluated,not_evaluated
He told her they were best buds at Oxford.,1.125,0.0472455591261534,64,57,6,1,not_evaluated,not_evaluated
I'm more of a Packer's fan.,1.125,0.052231930877334,64,58,4,2,not_evaluated,not_evaluated
And you've been saying to me that paleo diet was just a fad,1.125,0.052231930877334,64,58,4,2,not_evaluated,not_evaluated
"She could have done so much better.
Lothbrok.....more like Lothbroke",1.125,0.0472455591261534,64,57,6,1,not_evaluated,not_evaluated
you know when they said they wanted a old fashion wedding I thought they wanted a dinner and ceramony but even I didn't expect this,1.125,0.0416666666666666,64,56,8,0,not_evaluated,not_evaluated
I now pronounce you man and wife. You may battle.,1.125,0.0472455591261534,64,57,6,1,not_evaluated,not_evaluated
It will be your typical rape & pillage reception.,1.125,0.0416666666666666,64,56,8,0,not_evaluated,not_evaluated
"""Take this Ludder?""  I didn't know she changed her name!",1.125,0.0416666666666666,64,56,8,0,not_evaluated,not_evaluated
Her sword is bigger than his spear--this should be a good match.,1.125,0.0416666666666666,64,56,8,0,not_evaluated,not_evaluated
I don't want to catch her bouquet.,1.125,0.0472455591261534,64,57,6,1,not_evaluated,not_evaluated
No one would dare object.  We’ll skip that part.,1.125,0.0472455591261534,64,57,6,1,not_evaluated,not_evaluated
"Did you have the ring? Oh, wait, the wheel has yet to be invented!",1.125,0.0472455591261534,64,57,6,1,not_evaluated,not_evaluated
I think they forgot and left the fire going in the cave,1.125,0.052231930877334,64,58,4,2,not_evaluated,not_evaluated
Third times a charm.,1.125,0.0472455591261534,64,57,6,1,not_evaluated,not_evaluated
He mixed up penguins and cows,1.125,0.0472455591261534,64,57,6,1,not_evaluated,not_evaluated
"She's really gone overboard* 
*(Vikings frequently travelled by sea)",1.125,0.0472455591261534,64,57,6,1,not_evaluated,not_evaluated
Arguments could be deadly!,1.125,0.0416666666666666,64,56,8,0,not_evaluated,not_evaluated
"""I didn't know it was a destination wedding.""",1.125,0.0416666666666666,64,56,8,0,not_evaluated,not_evaluated
I yabba dabba doo!,1.125,0.0472455591261534,64,57,6,1,not_evaluated,not_evaluated
$50 says they both try to go back on the prenup.,1.125,0.0472455591261534,64,57,6,1,not_evaluated,not_evaluated
I hope that minister has a “Not Reaching” pouch...,1.125,0.0416666666666666,64,56,8,0,not_evaluated,not_evaluated
"They weren't going to give them the marriage license, but once the Clerk saw the spears they changed their tune.",1.125,0.052231930877334,64,58,4,2,not_evaluated,not_evaluated
I heard she wouldn't marry him until he promised to take her along on his next invasion.,1.125,0.0416666666666666,64,56,8,0,not_evaluated,not_evaluated
"Suzanne and Tom's ""Red Wedding"" theme ceremony was actually very sweet up until the live reenactment.",1.125,0.0472455591261534,64,57,6,1,not_evaluated,not_evaluated
Now I wish I watched Game of Thrones.,1.125,0.0472455591261534,64,57,6,1,not_evaluated,not_evaluated
Who told us to wear dress suits?,1.125,0.0416666666666666,64,56,8,0,not_evaluated,not_evaluated
Did you say Till DEATH?,1.125,0.0472455591261534,64,57,6,1,not_evaluated,not_evaluated
I now pronounce you George and Edna Finklestein-beyond-the wall.,1.125,0.0472455591261534,64,57,6,1,not_evaluated,not_evaluated
"The only thing I worry about is the ""til death do we part"" business.",1.125,0.0416666666666666,64,56,8,0,not_evaluated,not_evaluated
"Will you now place the ring on the finger of your bride, whom you met on Season 5, Episode 8 of ""Viking Survivor""?",1.125,0.0416666666666666,64,56,8,0,not_evaluated,not_evaluated
And do you take this pagan bastard to be your lawfully wedded husband?,1.125,0.052231930877334,64,58,4,2,not_evaluated,not_evaluated
"Getting married period,"" that's what she said",1.125,0.0472455591261534,64,57,6,1,not_evaluated,not_evaluated
At least this isn't a RED wedding.,1.125,0.052231930877334,64,58,4,2,not_evaluated,not_evaluated
I thought the days of themed weddings had passed ?,1.125,0.0416666666666666,64,56,8,0,not_evaluated,not_evaluated
Did you even bother looking at place settings?,1.125,0.0472455591261534,64,57,6,1,not_evaluated,not_evaluated
Psst...Maggie...I love her dress! So camp!,1.125,0.0472455591261534,64,57,6,1,not_evaluated,not_evaluated
She likes to polish his sword.,1.125,0.0416666666666666,64,56,8,0,not_evaluated,not_evaluated
They don’t like needles so they chose this as their form of execution.”,1.125,0.0472455591261534,64,57,6,1,not_evaluated,not_evaluated
"In the interest of public safety, I am going to skip over the ""Any just cause"" bit.",1.125,0.0472455591261534,64,57,6,1,not_evaluated,not_evaluated
So that's why they booked Valhalla.,1.125,0.0472455591261534,64,57,6,1,not_evaluated,not_evaluated
Can I just object now?,1.125,0.0416666666666666,64,56,8,0,not_evaluated,not_evaluated
"Adam, do you take Eve as your lawful wife...",1.125,0.052231930877334,64,58,4,2,not_evaluated,not_evaluated
Originally the ceremony was scheduled for the longship but NOAA put out a Small Craft Advisory for today.,1.125,0.0416666666666666,64,56,8,0,not_evaluated,not_evaluated
I now pronounce husband and wife. You may now cross your weapons.,1.123076923076923,0.051458031385614,65,59,4,2,not_evaluated,not_evaluated
And bull fights are to be avoided...,1.123076923076923,0.0465527632188854,65,58,6,1,not_evaluated,not_evaluated
Look at that! Her green dress clashes with his red beard.,1.123076923076923,0.0410656855847358,65,57,8,0,not_evaluated,not_evaluated
They met LARPing. He saved her from an Wood Elf. Almost lost both arms and both legs. They're all better now. Who did your makeup?,1.123076923076923,0.0410656855847358,65,57,8,0,not_evaluated,not_evaluated
"It's a shame they didn't save the matching reindeer skin tunic for the Met Gala. Now talk about ""camp"".",1.123076923076923,0.0465527632188854,65,58,6,1,not_evaluated,not_evaluated
And we still don't know who is going to sit on the Iron Throne.,1.123076923076923,0.051458031385614,65,59,4,2,not_evaluated,not_evaluated
I knew we shouldn’t have picked October 31st as our wedding day.”,1.123076923076923,0.0465527632188854,65,58,6,1,not_evaluated,not_evaluated
"Hey, Hilda, this is the part where he says:""Does anybody know any reason...........""",1.123076923076923,0.0465527632188854,65,58,6,1,not_evaluated,not_evaluated
"I see why it works. She has the sharper edge, but he knows how to thrust.",1.123076923076923,0.0410656855847358,65,57,8,0,not_evaluated,not_evaluated
I guess she wasn't kidding when she said his friends are weirdos.,1.123076923076923,0.0465527632188854,65,58,6,1,not_evaluated,not_evaluated
You'll have to exit alone.  They killed the other groomsman.,1.123076923076923,0.0410656855847358,65,57,8,0,not_evaluated,not_evaluated
Gasp! There are only two groomsmen.,1.123076923076923,0.0465527632188854,65,58,6,1,not_evaluated,not_evaluated
Was your invitation written on human skin parchment too?,1.123076923076923,0.051458031385614,65,59,4,2,not_evaluated,not_evaluated
"It all began with the matching purses, then of course they had to go savage vogue.",1.123076923076923,0.0465527632188854,65,58,6,1,not_evaluated,not_evaluated
"I'll never agree to be in a destination wedding again!""",1.121212121212121,0.0458799056377558,66,59,6,1,not_evaluated,not_evaluated
It'll never last - he treats her like plunder.,1.121212121212121,0.0458799056377558,66,59,6,1,not_evaluated,not_evaluated
They're honeymooning via longboat.,1.121212121212121,0.040481665913459,66,58,8,0,not_evaluated,not_evaluated
I guess we all know who carries the sword in this family.,1.121212121212121,0.0458799056377558,66,59,6,1,not_evaluated,not_evaluated
Vikings are always prepared for their first domestic fight.,1.121212121212121,0.0507066682747924,66,60,4,2,not_evaluated,not_evaluated
"I told you this is a shot gun wedding, she said I due!",1.1166666666666667,0.0417935919902811,60,53,7,0,not_evaluated,not_evaluated
All this just to exchange insurance information.,1.1166666666666667,0.0480798927085171,60,54,5,1,not_evaluated,not_evaluated
Told you tubby Thor was still hot!,1.1166666666666667,0.0417935919902811,60,53,7,0,not_evaluated,not_evaluated
He really is perfect for Troglodette.,1.1166666666666667,0.0480798927085171,60,54,5,1,not_evaluated,not_evaluated
"When he breaks the glass, shout ""mazel-Thor!""",1.1166666666666667,0.0480798927085171,60,54,5,1,not_evaluated,not_evaluated
They're looking forward to a lifetime together of plunder and pillage.,1.1166666666666667,0.0417935919902811,60,53,7,0,not_evaluated,not_evaluated
Is it just me or did we get the short end of the stick,1.1166666666666667,0.0536343904064822,60,55,3,2,not_evaluated,not_evaluated
What a barbaric couple,1.1166666666666667,0.0536343904064822,60,55,3,2,not_evaluated,not_evaluated
They’re registered at Bass Pro Shops.,1.1166666666666667,0.0480798927085171,60,54,5,1,not_evaluated,not_evaluated
So who's singing today?,1.1166666666666667,0.0417935919902811,60,53,7,0,not_evaluated,not_evaluated
Is this your first cosplay wedding?,1.1166666666666667,0.0480798927085171,60,54,5,1,not_evaluated,not_evaluated
The reception is going to slay.,1.1166666666666667,0.0480798927085171,60,54,5,1,not_evaluated,not_evaluated
I was really pulling for Brienne and Tormund.,1.1166666666666667,0.0417935919902811,60,53,7,0,not_evaluated,not_evaluated
Themed weddings are such a domain of groans.,1.1166666666666667,0.0417935919902811,60,53,7,0,not_evaluated,not_evaluated
I now pronounce you man-o-war and battleaxe.,1.1166666666666667,0.0417935919902811,60,53,7,0,not_evaluated,not_evaluated
"I'm not sure a mixed marriage will work. He's Keto, she's Paleo.",1.1166666666666667,0.0417935919902811,60,53,7,0,not_evaluated,not_evaluated
‘Til Valhalla do us part.,1.1166666666666667,0.0480798927085171,60,54,5,1,not_evaluated,not_evaluated
She found him on perfectmatch.com,1.1166666666666667,0.0417935919902811,60,53,7,0,not_evaluated,not_evaluated
I heard the bachelor party was dull too.,1.1166666666666667,0.0417935919902811,60,53,7,0,not_evaluated,not_evaluated
He’s a big Hagar the Horrible fan.,1.1166666666666667,0.0536343904064822,60,55,3,2,not_evaluated,not_evaluated
I heard he has a HUUUGE ship!,1.1166666666666667,0.0417935919902811,60,53,7,0,not_evaluated,not_evaluated
Please join us for the reception at Midieval Times.,1.1166666666666667,0.0480798927085171,60,54,5,1,not_evaluated,not_evaluated
You tell them a Viking cruise honeymoon does not include pillaging.,1.1166666666666667,0.0480798927085171,60,54,5,1,not_evaluated,not_evaluated
The reception is going to be epic.,1.1166666666666667,0.0480798927085171,60,54,5,1,not_evaluated,not_evaluated
She told me  his home is in  a rough part of the bog !,1.1166666666666667,0.0417935919902811,60,53,7,0,not_evaluated,not_evaluated
May you be forever young.,1.1166666666666667,0.0480798927085171,60,54,5,1,not_evaluated,not_evaluated
I give it 6 months,1.1166666666666667,0.0480798927085171,60,54,5,1,not_evaluated,not_evaluated
"He's Thor, alright...so Thor he can hardly pith.",1.1166666666666667,0.0480798927085171,60,54,5,1,not_evaluated,not_evaluated
The minister better be quick.,1.1166666666666667,0.0480798927085171,60,54,5,1,not_evaluated,not_evaluated
"Lucky Gunnhild, he was the last of the great rape and pillagers on the market.",1.1166666666666667,0.0536343904064822,60,55,3,2,not_evaluated,not_evaluated
Too much TV.,1.1166666666666667,0.0480798927085171,60,54,5,1,not_evaluated,not_evaluated
"Better late, than never",1.1166666666666667,0.0417935919902811,60,53,7,0,not_evaluated,not_evaluated
He captured the groomsmen during a raid on a cruiseship .,1.1166666666666667,0.0417935919902811,60,53,7,0,not_evaluated,not_evaluated
"He used to be an adventurer like her, then he took an arrow to the heart.",1.1166666666666667,0.0480798927085171,60,54,5,1,not_evaluated,not_evaluated
So nice to see them marry after so long an engagement!,1.1166666666666667,0.0417935919902811,60,53,7,0,not_evaluated,not_evaluated
I see someone is horny tonight.,1.1166666666666667,0.0417935919902811,60,53,7,0,not_evaluated,not_evaluated
The second dowry is always smaller.,1.1166666666666667,0.0417935919902811,60,53,7,0,not_evaluated,not_evaluated
I hear it'll be one helluva reception!,1.1166666666666667,0.0480798927085171,60,54,5,1,not_evaluated,not_evaluated
I now pronounce you Mr and Mrs Vi King!!!,1.1166666666666667,0.0417935919902811,60,53,7,0,not_evaluated,not_evaluated
"I don't understand, his groomsmen are wearing tuxedos",1.1166666666666667,0.0536343904064822,60,55,3,2,not_evaluated,not_evaluated
I heard they sacrificed the third groomsman”,1.1166666666666667,0.0417935919902811,60,53,7,0,not_evaluated,not_evaluated
"... and in a moment he will say ""you may now pull the bride home by her hair"".",1.1166666666666667,0.0417935919902811,60,53,7,0,not_evaluated,not_evaluated
"i’m getting super fucked up tonight. it’s not that i’m a drunk, or am vaguely threatened by the happiness of others. i’ve done a cursory reading of western literature and have embraced the psychosocial liminality of the bacchanal. it’s gonna be lit!!",1.1166666666666667,0.0480798927085171,60,54,5,1,not_evaluated,not_evaluated
Blond bridesmaid -I think we should not wear this dress...,1.1166666666666667,0.0536343904064822,60,55,3,2,not_evaluated,not_evaluated
I hereby pronounce you Thor and Freya,1.1166666666666667,0.0480798927085171,60,54,5,1,not_evaluated,not_evaluated
At least they won't have any trouble remembering what they wore on their wedding day.,1.1166666666666667,0.0417935919902811,60,53,7,0,not_evaluated,not_evaluated
‘Til death do us part’ doesn’t mean much.,1.1166666666666667,0.0417935919902811,60,53,7,0,not_evaluated,not_evaluated
"... and if anyone here objects to this holy union, speak now, and forever hold your head.",1.1166666666666667,0.0536343904064822,60,55,3,2,not_evaluated,not_evaluated
This was gross but you are now cosplay-married.,1.1166666666666667,0.0417935919902811,60,53,7,0,not_evaluated,not_evaluated
He pillaged well.,1.1166666666666667,0.0480798927085171,60,54,5,1,not_evaluated,not_evaluated
And tomorrow's brunch -- is that before or after the raid on the coastal village?,1.1166666666666667,0.0417935919902811,60,53,7,0,not_evaluated,not_evaluated
"Did you see her mom? Talk about ""something blue...""",1.1166666666666667,0.0417935919902811,60,53,7,0,not_evaluated,not_evaluated
It's a second marriage for both of 'em.,1.1166666666666667,0.0417935919902811,60,53,7,0,not_evaluated,not_evaluated
Do you promise to keep your guards down at all times?,1.1166666666666667,0.0480798927085171,60,54,5,1,not_evaluated,not_evaluated
When are you going to marry?,1.1166666666666667,0.0480798927085171,60,54,5,1,not_evaluated,not_evaluated
"I'm not crazy about her dress,",1.1166666666666667,0.0480798927085171,60,54,5,1,not_evaluated,not_evaluated
"He’s a real hunk,I mean hun.",1.1166666666666667,0.0480798927085171,60,54,5,1,not_evaluated,not_evaluated
"I didn't know they were Norse Paganists, did you?",1.1166666666666667,0.0480798927085171,60,54,5,1,not_evaluated,not_evaluated
For better or worse; 'til death do they part.,1.1166666666666667,0.0480798927085171,60,54,5,1,not_evaluated,not_evaluated
"I never actually liked strapless, to be honest.",1.1166666666666667,0.0480798927085171,60,54,5,1,not_evaluated,not_evaluated
I just assumed they meant longboat.,1.1166666666666667,0.0480798927085171,60,54,5,1,not_evaluated,not_evaluated
"Preist: Gera þú, alfhild, swear til star með þessi víf fyrir þinn entira lifa þar til death gera þú part...
Alfhild: grrrrrrrrr",1.1166666666666667,0.0480798927085171,60,54,5,1,not_evaluated,not_evaluated
"Four hours with two intermissions is a bit much, but its beauty is undeniable.",1.1166666666666667,0.0480798927085171,60,54,5,1,not_evaluated,not_evaluated
Their honeymoon is a cruise in the North Atlantic.,1.1166666666666667,0.0417935919902811,60,53,7,0,not_evaluated,not_evaluated
I don't think this is going to bring the two families together.,1.1166666666666667,0.0536343904064822,60,55,3,2,not_evaluated,not_evaluated
I now pronounce you Bone Crusher and Skull Smasher.,1.1166666666666667,0.0417935919902811,60,53,7,0,not_evaluated,not_evaluated
Do you take this Berserker to be your husband?,1.1166666666666667,0.0480798927085171,60,54,5,1,not_evaluated,not_evaluated
For real! They even binge-watched “Vikings.”,1.1166666666666667,0.0480798927085171,60,54,5,1,not_evaluated,not_evaluated
He better be on his best behavior or she’ll turn that Bull into a steer!,1.1166666666666667,0.0480798927085171,60,54,5,1,not_evaluated,not_evaluated
I love these Loki weddings.,1.1166666666666667,0.0536343904064822,60,55,3,2,not_evaluated,not_evaluated
He ate the best man last night.,1.1166666666666667,0.0417935919902811,60,53,7,0,not_evaluated,not_evaluated
Their religion precludes divorce.,1.1166666666666667,0.0417935919902811,60,53,7,0,not_evaluated,not_evaluated
Do you take this captured viking to be your ruined husband.,1.1166666666666667,0.0417935919902811,60,53,7,0,not_evaluated,not_evaluated
"Did he just ask them, ‘Do you promise to love and cherish until rape and plunder do you part?’",1.1166666666666667,0.0480798927085171,60,54,5,1,not_evaluated,not_evaluated
Is there a public option?,1.1166666666666667,0.0417935919902811,60,53,7,0,not_evaluated,not_evaluated
They should have gone for a blue wedding. Red is so tacky,1.1166666666666667,0.0417935919902811,60,53,7,0,not_evaluated,not_evaluated
This is my first Viking wedding.,1.1166666666666667,0.0480798927085171,60,54,5,1,not_evaluated,not_evaluated
They met on a recent pillage and plunder,1.1166666666666667,0.0480798927085171,60,54,5,1,not_evaluated,not_evaluated
Don't expect her to throw a corsage.  A Viking bride throws a sword.,1.1166666666666667,0.0417935919902811,60,53,7,0,not_evaluated,not_evaluated
I'm not really in the mood for turkey leg.,1.1166666666666667,0.0417935919902811,60,53,7,0,not_evaluated,not_evaluated
Ever since their 23andMe results...,1.1166666666666667,0.0417935919902811,60,53,7,0,not_evaluated,not_evaluated
Guess I have to forever hold my peace.,1.1166666666666667,0.0417935919902811,60,53,7,0,not_evaluated,not_evaluated
2019 or 1019 am I right?,1.1166666666666667,0.0480798927085171,60,54,5,1,not_evaluated,not_evaluated
I haven't been asked to mediate any domestic disputes.,1.1166666666666667,0.0536343904064822,60,55,3,2,not_evaluated,not_evaluated
I truly did not see Arya AND the Mountain coming.....,1.1166666666666667,0.0417935919902811,60,53,7,0,not_evaluated,not_evaluated
Here in the land of the ice and snow...,1.1166666666666667,0.0417935919902811,60,53,7,0,not_evaluated,not_evaluated
Do you take this man for your very own Neanderthal?,1.1166666666666667,0.0536343904064822,60,55,3,2,not_evaluated,not_evaluated
"Til death, unless you're holding your weapon, do you part",1.1166666666666667,0.0480798927085171,60,54,5,1,not_evaluated,not_evaluated
These costume weddings are going too far,1.1166666666666667,0.0417935919902811,60,53,7,0,not_evaluated,not_evaluated
I hope they didn't hire the band that played at the Red Wedding.,1.1166666666666667,0.0417935919902811,60,53,7,0,not_evaluated,not_evaluated
Theme weddings are the in thing.,1.1166666666666667,0.0417935919902811,60,53,7,0,not_evaluated,not_evaluated
"Their vows had a lot of heart, but their blood-oaths have a lot of skull.",1.1166666666666667,0.0417935919902811,60,53,7,0,not_evaluated,not_evaluated
Ancestry.com and I pronounce you man and wife!,1.1166666666666667,0.0480798927085171,60,54,5,1,not_evaluated,not_evaluated
Who do you think is going to wear the pants in the family?,1.1166666666666667,0.0480798927085171,60,54,5,1,not_evaluated,not_evaluated
I heard they're off to plunder England for their honeymoon.,1.1166666666666667,0.0480798927085171,60,54,5,1,not_evaluated,not_evaluated
I believe its Instagram thats responsible for this.,1.1166666666666667,0.0417935919902811,60,53,7,0,not_evaluated,not_evaluated
"The only thing worse than a destination wedding
is a theme wedding.",1.1166666666666667,0.0480798927085171,60,54,5,1,not_evaluated,not_evaluated
She went berserk when the third groomsman cancelled.,1.1166666666666667,0.0480798927085171,60,54,5,1,not_evaluated,not_evaluated
"She says never mind the lance, you should see his longboat!",1.1166666666666667,0.0417935919902811,60,53,7,0,not_evaluated,not_evaluated
from this day forward until battle do us part,1.1166666666666667,0.0417935919902811,60,53,7,0,not_evaluated,not_evaluated
I thought she said wear a striking outfit?,1.1166666666666667,0.0417935919902811,60,53,7,0,not_evaluated,not_evaluated
Guess where they're going for their honeymoon.,1.1166666666666667,0.0417935919902811,60,53,7,0,not_evaluated,not_evaluated
I didn't expect this to be in Chicago.,1.1166666666666667,0.0480798927085171,60,54,5,1,not_evaluated,not_evaluated
I think they're taking this Games of Thrones obsession a little too far.,1.1166666666666667,0.0480798927085171,60,54,5,1,not_evaluated,not_evaluated
AMEN! A marriage between a REAL man and a REAL woman!,1.1166666666666667,0.0417935919902811,60,53,7,0,not_evaluated,not_evaluated
They’re really excited about their honeymoon river cruise.,1.1166666666666667,0.0480798927085171,60,54,5,1,not_evaluated,not_evaluated
An unexpected plot twist on the Game of Thrones finale.,1.1166666666666667,0.0417935919902811,60,53,7,0,not_evaluated,not_evaluated
I hear they'll be honeymooning at the new Greenland beach resort.,1.1166666666666667,0.0417935919902811,60,53,7,0,not_evaluated,not_evaluated
"According to their custom, when they return up the aisle, he drags her by the hair.",1.1166666666666667,0.0536343904064822,60,55,3,2,not_evaluated,not_evaluated
I would have sacked Rome after the honeymoon.,1.1166666666666667,0.0417935919902811,60,53,7,0,not_evaluated,not_evaluated
Bring the human sacrifice.,1.1166666666666667,0.0417935919902811,60,53,7,0,not_evaluated,not_evaluated
Must you insist on going back to your roots?,1.1166666666666667,0.0536343904064822,60,55,3,2,not_evaluated,not_evaluated
She said the Horns are part of the pre-nuptial agreemeent.,1.1166666666666667,0.0417935919902811,60,53,7,0,not_evaluated,not_evaluated
"Will you Angus love, cherish and  submit to  Penelope? Will you  honor the safety word so death will  not  part?",1.1166666666666667,0.0480798927085171,60,54,5,1,not_evaluated,not_evaluated
She had to go back a really long time to reclaim her virginity.,1.1166666666666667,0.0586653184231312,60,56,1,3,not_evaluated,not_evaluated
He'll never fit in her shoes!,1.1166666666666667,0.0417935919902811,60,53,7,0,not_evaluated,not_evaluated
Ole and Lena Knyt Knuten.,1.1166666666666667,0.0417935919902811,60,53,7,0,not_evaluated,not_evaluated
I give them six minutes.,1.1166666666666667,0.0480798927085171,60,54,5,1,not_evaluated,not_evaluated
"Do you Sven take Olga as your partner for life, and does Olga take you Sven as her partner for life?",1.1166666666666667,0.0480798927085171,60,54,5,1,not_evaluated,not_evaluated
I bet ‘for poorer’ the way he pillages.,1.1166666666666667,0.0417935919902811,60,53,7,0,not_evaluated,not_evaluated
She talked him out of raiding and pillaging on the honeymoon.,1.1166666666666667,0.0480798927085171,60,54,5,1,not_evaluated,not_evaluated
"I now pronounce you man & wife; now run, girl, as fast as your legs will carry you!",1.1166666666666667,0.0480798927085171,60,54,5,1,not_evaluated,not_evaluated
Viking divorces are often brutal.,1.1166666666666667,0.0480798927085171,60,54,5,1,not_evaluated,not_evaluated
Psst - registered at IKEA?,1.1166666666666667,0.0480798927085171,60,54,5,1,not_evaluated,not_evaluated
"Poor Ragnhild, Thor has never been good at pillaging!",1.1166666666666667,0.0417935919902811,60,53,7,0,not_evaluated,not_evaluated
My life is boring.,1.1166666666666667,0.0417935919902811,60,53,7,0,not_evaluated,not_evaluated
Their wedding was delayed for years.,1.1166666666666667,0.0480798927085171,60,54,5,1,not_evaluated,not_evaluated
"And you promise to plunder together, til hanging do you part.",1.1166666666666667,0.0480798927085171,60,54,5,1,not_evaluated,not_evaluated
Don’t ask what they’re doing after the wedding...,1.1166666666666667,0.0480798927085171,60,54,5,1,not_evaluated,not_evaluated
Can you believe she fell for that primitive?!,1.1166666666666667,0.0480798927085171,60,54,5,1,not_evaluated,not_evaluated
"They'l
They've taken the  honeymoon as well, then it's back to the pillage.",1.1166666666666667,0.0480798927085171,60,54,5,1,not_evaluated,not_evaluated
Notice how they left out “for better or worse”?,1.1166666666666667,0.0417935919902811,60,53,7,0,not_evaluated,not_evaluated
I now denounce you as man and knife.,1.1166666666666667,0.0417935919902811,60,53,7,0,not_evaluated,not_evaluated
I don’t see this lasting.,1.1166666666666667,0.0480798927085171,60,54,5,1,not_evaluated,not_evaluated
They’re so stuck in the sixties.,1.1166666666666667,0.0417935919902811,60,53,7,0,not_evaluated,not_evaluated
It's a lovely wedding but I still won't be calling her Queen Cersei.,1.1166666666666667,0.0480798927085171,60,54,5,1,not_evaluated,not_evaluated
Their willingness to compromise bodes well.,1.1166666666666667,0.0417935919902811,60,53,7,0,not_evaluated,not_evaluated
She met him on her trip to Norway.,1.1166666666666667,0.0417935919902811,60,53,7,0,not_evaluated,not_evaluated
I heard that Brunhilda & Ragnar met online through the Vikings Forever website”,1.1166666666666667,0.0417935919902811,60,53,7,0,not_evaluated,not_evaluated
It's gonna be one helluva nuptial night!,1.1166666666666667,0.0417935919902811,60,53,7,0,not_evaluated,not_evaluated
I still say they should have gone with a destination wedding.,1.1166666666666667,0.0417935919902811,60,53,7,0,not_evaluated,not_evaluated
UNTIL DEATH DO THEM PART. RIGHT.,1.1166666666666667,0.0480798927085171,60,54,5,1,not_evaluated,not_evaluated
"I,m shocked! A mixed marriage between a Homo sapiens and a Neanderthal.",1.1166666666666667,0.0480798927085171,60,54,5,1,not_evaluated,not_evaluated
"Actually, they're more like a game of throwns!",1.1166666666666667,0.0480798927085171,60,54,5,1,not_evaluated,not_evaluated
"By the power vested in that guy, he'll now pronounce Earl and Beatrice Mr. and Mrs. Comi-Con.""",1.1166666666666667,0.0536343904064822,60,55,3,2,not_evaluated,not_evaluated
I thought you said Viking Cruise Line.,1.1166666666666667,0.0417935919902811,60,53,7,0,not_evaluated,not_evaluated
"Had we been told the theme was rags, we could've picked out nicer dresses.",1.1166666666666667,0.0480798927085171,60,54,5,1,not_evaluated,not_evaluated
They met in a Viking Raiding cruise. They were both going berserk,1.1166666666666667,0.0417935919902811,60,53,7,0,not_evaluated,not_evaluated
"I am telling you,they did go to the marriage preparation classes!",1.1166666666666667,0.0417935919902811,60,53,7,0,not_evaluated,not_evaluated
Why didn't we get the memo?,1.1166666666666667,0.0417935919902811,60,53,7,0,not_evaluated,not_evaluated
"They're both progressives, btw.",1.1166666666666667,0.0417935919902811,60,53,7,0,not_evaluated,not_evaluated
"Sure, they're happy now, but pretty soon he'll be a ""Thor"" in her side.",1.1166666666666667,0.0417935919902811,60,53,7,0,not_evaluated,not_evaluated
If you try anything with the best man I’ll kill you—he’s mine.,1.1166666666666667,0.0536343904064822,60,55,3,2,not_evaluated,not_evaluated
May the Gods of Odin and Thor bless you and keep you,1.1166666666666667,0.0480798927085171,60,54,5,1,not_evaluated,not_evaluated
If the Minatour came back alive...,1.1166666666666667,0.0480798927085171,60,54,5,1,not_evaluated,not_evaluated
I think they are ready for marital disputes.,1.1166666666666667,0.0480798927085171,60,54,5,1,not_evaluated,not_evaluated
"Through sickness and health, conquest and pillage""? -- Is that their  traditional vow?",1.1166666666666667,0.0417935919902811,60,53,7,0,not_evaluated,not_evaluated
"This is becoming all too reminiscent of the ""Red Wedding",1.1166666666666667,0.0480798927085171,60,54,5,1,not_evaluated,not_evaluated
Seriously hard to buy for .....,1.1166666666666667,0.0480798927085171,60,54,5,1,not_evaluated,not_evaluated
"Irma, your wedding began a norm we will never recover from.",1.1166666666666667,0.0480798927085171,60,54,5,1,not_evaluated,not_evaluated
He did such a good job pillaging for the flowers and looting for these dresses.,1.1166666666666667,0.0417935919902811,60,53,7,0,not_evaluated,not_evaluated
Do the matching boots make them solemates?,1.1166666666666667,0.0480798927085171,60,54,5,1,not_evaluated,not_evaluated
I now pronounce you husband and wife,1.1166666666666667,0.0480798927085171,60,54,5,1,not_evaluated,not_evaluated
I think this is taking the Neanderthal DNA thing a bit too far.,1.1166666666666667,0.0480798927085171,60,54,5,1,not_evaluated,not_evaluated
"Did  they   just say, 'Till death do us part--whatever?'",1.1166666666666667,0.0480798927085171,60,54,5,1,not_evaluated,not_evaluated
The court slayed this.,1.1166666666666667,0.0480798927085171,60,54,5,1,not_evaluated,not_evaluated
I wonder if she is wearing spanx,1.1166666666666667,0.0480798927085171,60,54,5,1,not_evaluated,not_evaluated
She likes big booty and she cannot lie.,1.1166666666666667,0.0480798927085171,60,54,5,1,not_evaluated,not_evaluated
Do you take Bjorgveig to be your shield-maiden?,1.1166666666666667,0.0536343904064822,60,55,3,2,not_evaluated,not_evaluated
"Yes, they obviously have a few things yet to settle.",1.1166666666666667,0.0417935919902811,60,53,7,0,not_evaluated,not_evaluated
"It’s confusing all right, But they do make beautiful music together.",1.1166666666666667,0.0480798927085171,60,54,5,1,not_evaluated,not_evaluated
By the powers vested in me by the state I hereby declare that you are . . . .um . . . line?,1.1166666666666667,0.0480798927085171,60,54,5,1,not_evaluated,not_evaluated
"TO TAKE AND TO KEEP, TO PILLAGE AND PLUNDER, TILL DEATH DO YOU PART?",1.1166666666666667,0.0480798927085171,60,54,5,1,not_evaluated,not_evaluated
"Vikingmatch.com? No, they met at a bar.",1.1166666666666667,0.0480798927085171,60,54,5,1,not_evaluated,not_evaluated
"I can't believe she beat me to it, this time I'm catching her bouquet!",1.1166666666666667,0.0480798927085171,60,54,5,1,not_evaluated,not_evaluated
"'Til Gotterdammerung do you part.""  Isn't that sweet",1.1166666666666667,0.0536343904064822,60,55,3,2,not_evaluated,not_evaluated
I heard she has No Name,1.1166666666666667,0.0480798927085171,60,54,5,1,not_evaluated,not_evaluated
"We get it, your love is primal.",1.1166666666666667,0.0417935919902811,60,53,7,0,not_evaluated,not_evaluated
"If they're not going to do the Elmer Fudd accent, what's the point?",1.1166666666666667,0.0480798927085171,60,54,5,1,not_evaluated,not_evaluated
Somehow I pictured him to be a mace of a man...,1.1166666666666667,0.0417935919902811,60,53,7,0,not_evaluated,not_evaluated
And may your children be even hornier!,1.1166666666666667,0.0417935919902811,60,53,7,0,not_evaluated,not_evaluated
They're going to Water World for their honeymoon.,1.1166666666666667,0.0480798927085171,60,54,5,1,not_evaluated,not_evaluated
"They also plan on a Viking funeral""",1.1166666666666667,0.0480798927085171,60,54,5,1,not_evaluated,not_evaluated
I'm now going to ask you to insert the vertebrae on the bride's finger,1.1166666666666667,0.0480798927085171,60,54,5,1,not_evaluated,not_evaluated
"For their honeymoon, theyre going on a cruise.",1.1166666666666667,0.0480798927085171,60,54,5,1,not_evaluated,not_evaluated
I warned her not to butt heads with him,1.1166666666666667,0.0480798927085171,60,54,5,1,not_evaluated,not_evaluated
"Always the bridesmaid and never the bride is bad enough but for the groomsman to bail rather than escort you is concerning, isn’t it?",1.1166666666666667,0.0536343904064822,60,55,3,2,not_evaluated,not_evaluated
I find cut flowers barbaric.,1.1147540983606556,0.0473237925565267,61,55,5,1,not_evaluated,not_evaluated
I hope this one goes better than the Red Wedding I went to a couple years ago!,1.1147540983606556,0.0473237925565267,61,55,5,1,not_evaluated,not_evaluated
"Interestingly enough, I’ve never seen a more attentive wedding audience than today.",1.1147540983606556,0.0411472144197086,61,54,7,0,not_evaluated,not_evaluated
"For some, Game of Thrones will never end. They even sacrificed the third groomsmen to R'hllor, the Lord of Light.",1.1147540983606556,0.0411472144197086,61,54,7,0,not_evaluated,not_evaluated
"If you want, I'll introduce you to his brother, the Bear's fan.",1.1147540983606556,0.0411472144197086,61,54,7,0,not_evaluated,not_evaluated
I thought 'Ivan the Conquerer' was a euphemism.,1.1147540983606556,0.0473237925565267,61,55,5,1,not_evaluated,not_evaluated
Those two are so into Dungeons & Dragons that the only time they dress normal is when they're role playing.,1.1147540983606556,0.0473237925565267,61,55,5,1,not_evaluated,not_evaluated
"For richer, for poorer...",1.1147540983606556,0.0473237925565267,61,55,5,1,not_evaluated,not_evaluated
She thought he was pillaging her town but he was really pillaging her heart.,1.1147540983606556,0.0411472144197086,61,54,7,0,not_evaluated,not_evaluated
"I never believed in ""The One"" until Gretchen met Heimdal.",1.1147540983606556,0.05278247274773,61,56,3,2,not_evaluated,not_evaluated
Could you hurry.  We are missing the final episode of Game of Thrones.,1.1147540983606556,0.0411472144197086,61,54,7,0,not_evaluated,not_evaluated
"I hope she knows he is a real Viking.
.",1.1147540983606556,0.0473237925565267,61,55,5,1,not_evaluated,not_evaluated
We get it. You like Game of Thrones.,1.1147540983606556,0.0473237925565267,61,55,5,1,not_evaluated,not_evaluated
Can you believe she's wearing Leif  Erikson?,1.1147540983606556,0.0473237925565267,61,55,5,1,not_evaluated,not_evaluated
Viking Cruises are a top dollar these days!,1.1147540983606556,0.0411472144197086,61,54,7,0,not_evaluated,not_evaluated
"Think how I feel. I""M the one who introduced them to ""Ancestry.com""!",1.1147540983606556,0.0473237925565267,61,55,5,1,not_evaluated,not_evaluated
You know we all hate you right?,1.1147540983606556,0.0411472144197086,61,54,7,0,not_evaluated,not_evaluated
Do you both promise to raid and pillage until death do you part?,1.1147540983606556,0.0411472144197086,61,54,7,0,not_evaluated,not_evaluated
Before shotgun weddings...,1.1147540983606556,0.05278247274773,61,56,3,2,not_evaluated,not_evaluated
"Everyone told them they had to watch episode 6/4 again, but they sent out the invites anyway.",1.1147540983606556,0.0473237925565267,61,55,5,1,not_evaluated,not_evaluated
I hear they've shelled out for a glamping honeymoon.,1.1147540983606556,0.0411472144197086,61,54,7,0,not_evaluated,not_evaluated
They finally vanquished their commitment issues.,1.1129032258064515,0.0405204031603568,62,55,7,0,not_evaluated,not_evaluated
"With all the raiding and looting, how will they ever have time to raise kids?",1.1129032258064515,0.046591027055115,62,56,5,1,not_evaluated,not_evaluated
Is this your first gay wedding?,1.1129032258064515,0.0519571412976413,62,57,3,2,not_evaluated,not_evaluated
"Go forth, multiply, conquer and lay waste to the land.",1.1129032258064515,0.046591027055115,62,56,5,1,not_evaluated,not_evaluated
Is the honeymoon in Westeros or Essos?,1.1111111111111112,0.0458805362915469,63,57,5,1,not_evaluated,not_evaluated
"In sickness and in health, and when he leaves to conquer foreign lands, unsure if he’ll return after years of being away?",1.105263157894737,0.041010195919683,57,51,6,0,not_evaluated,not_evaluated
They met on a singles cruise through Scandinavia.,1.105263157894737,0.041010195919683,57,51,6,0,not_evaluated,not_evaluated
You may now spar the bride!,1.105263157894737,0.048045838377646,57,52,4,1,not_evaluated,not_evaluated
Until this season do us part.,1.105263157894737,0.0541753541885144,57,53,2,2,not_evaluated,not_evaluated
Should have never let her borrow my HBO GO password.,1.105263157894737,0.041010195919683,57,51,6,0,not_evaluated,not_evaluated
I thought the Renaissance Faire was next weekend.,1.105263157894737,0.0541753541885144,57,53,2,2,not_evaluated,not_evaluated
Game of Thrones...NOT!,1.105263157894737,0.041010195919683,57,51,6,0,not_evaluated,not_evaluated
"Do you take him to be your wedded husband, to have and to hold,  for better or for Norse?",1.105263157894737,0.048045838377646,57,52,4,1,not_evaluated,not_evaluated
... 'til death do you part ...,1.105263157894737,0.041010195919683,57,51,6,0,not_evaluated,not_evaluated
They seem to have weaponized their marriage.,1.105263157894737,0.041010195919683,57,51,6,0,not_evaluated,not_evaluated
Thank Goddess It's Frigga.,1.105263157894737,0.041010195919683,57,51,6,0,not_evaluated,not_evaluated
"Will you take him for your husband, until a dragon tears you apart?",1.105263157894737,0.041010195919683,57,51,6,0,not_evaluated,not_evaluated
Thanks! It has pockets.,1.105263157894737,0.048045838377646,57,52,4,1,not_evaluated,not_evaluated
"I understand they just moved out of that bear's den into a nice, mid-century multi-level cave of their own.",1.105263157894737,0.041010195919683,57,51,6,0,not_evaluated,not_evaluated
I am role-playing my sobriety.,1.105263157894737,0.041010195919683,57,51,6,0,not_evaluated,not_evaluated
Looks like a marriage based on mutually assured destruction,1.105263157894737,0.048045838377646,57,52,4,1,not_evaluated,not_evaluated
There's no reception. The cave's closed for reforestation.,1.105263157894737,0.041010195919683,57,51,6,0,not_evaluated,not_evaluated
WWF is paying for the honeymoon.,1.105263157894737,0.041010195919683,57,51,6,0,not_evaluated,not_evaluated
Speak. Now. Hold. Pieces.,1.105263157894737,0.048045838377646,57,52,4,1,not_evaluated,not_evaluated
(Hope that’s a pen he’s holding.),1.105263157894737,0.041010195919683,57,51,6,0,not_evaluated,not_evaluated
"Ekia from Nod, do you take Cane from Eden ...?",1.105263157894737,0.041010195919683,57,51,6,0,not_evaluated,not_evaluated
I wonder where they’re going for their honeymoon? Probably some retro out of the way place.,1.105263157894737,0.041010195919683,57,51,6,0,not_evaluated,not_evaluated
She met him on a cruise.,1.105263157894737,0.041010195919683,57,51,6,0,not_evaluated,not_evaluated
I guess we know who swords and who spears!,1.105263157894737,0.041010195919683,57,51,6,0,not_evaluated,not_evaluated
She always did crave attention,1.105263157894737,0.041010195919683,57,51,6,0,not_evaluated,not_evaluated
They’re a little bit cute together.,1.105263157894737,0.041010195919683,57,51,6,0,not_evaluated,not_evaluated
"Dearly beloved, we have gathered here today for the old and ancient ritual of holy matrimony.",1.105263157894737,0.041010195919683,57,51,6,0,not_evaluated,not_evaluated
We should post something on their wall.,1.105263157894737,0.041010195919683,57,51,6,0,not_evaluated,not_evaluated
"I don't know about you but, I am definitely going to hold my piece",1.105263157894737,0.041010195919683,57,51,6,0,not_evaluated,not_evaluated
I never thought I'd want to go back to the pirate craze.,1.105263157894737,0.041010195919683,57,51,6,0,not_evaluated,not_evaluated
I think they've taken this whole rustic charm thing a little too far.,1.105263157894737,0.041010195919683,57,51,6,0,not_evaluated,not_evaluated
"Awww, she’s ugly!",1.105263157894737,0.041010195919683,57,51,6,0,not_evaluated,not_evaluated
Speed dating during a raid.,1.105263157894737,0.041010195919683,57,51,6,0,not_evaluated,not_evaluated
"I know, I warned him that everyone would say he's already wearing horns, but he wouldn't listen.",1.105263157894737,0.048045838377646,57,52,4,1,not_evaluated,not_evaluated
"""I was there when both of them flung their parents into a pit of rabid wolves.",1.105263157894737,0.041010195919683,57,51,6,0,not_evaluated,not_evaluated
They met at a casting call.,1.105263157894737,0.041010195919683,57,51,6,0,not_evaluated,not_evaluated
It started with their appliances.,1.105263157894737,0.048045838377646,57,52,4,1,not_evaluated,not_evaluated
Don’t you get hungry  carrying these turkey drumstick bouquets?,1.105263157894737,0.041010195919683,57,51,6,0,not_evaluated,not_evaluated
"Do you Griselda, promise to love, honor, cherish, Hagar and to maim, burn and pillage with him till  death do you part?""",1.105263157894737,0.041010195919683,57,51,6,0,not_evaluated,not_evaluated
It won't get any better. It will get worse.,1.105263157894737,0.048045838377646,57,52,4,1,not_evaluated,not_evaluated
I heard it's a broadsword wedding.,1.105263157894737,0.041010195919683,57,51,6,0,not_evaluated,not_evaluated
I heard her kransen has already been compromised.,1.105263157894737,0.048045838377646,57,52,4,1,not_evaluated,not_evaluated
I'm gon'na be in the back when she throws it.,1.105263157894737,0.041010195919683,57,51,6,0,not_evaluated,not_evaluated
May you be together until zero hit points.,1.105263157894737,0.048045838377646,57,52,4,1,not_evaluated,not_evaluated
"If she wants a red wedding, why dress us in mauve?",1.105263157894737,0.048045838377646,57,52,4,1,not_evaluated,not_evaluated
"Wilt thou love him? Comfort him, honor and keep him, in sickness and in health, and forsaking all others keep thee only unto him as long as you both shall live?",1.105263157894737,0.048045838377646,57,52,4,1,not_evaluated,not_evaluated
Our bear skin dresses are so last year... I wish Sheila had picked fox skin instead.,1.105263157894737,0.048045838377646,57,52,4,1,not_evaluated,not_evaluated
So how long do you think it’ll last...?,1.105263157894737,0.041010195919683,57,51,6,0,not_evaluated,not_evaluated
Another Walmart wedding.,1.105263157894737,0.048045838377646,57,52,4,1,not_evaluated,not_evaluated
Speaking of thrones......I need to use one....,1.105263157894737,0.041010195919683,57,51,6,0,not_evaluated,not_evaluated
She feels the viking look will replace the lumberjack look,1.105263157894737,0.041010195919683,57,51,6,0,not_evaluated,not_evaluated
"YOUNG LADY, ARE YOU SURE YOU WANT TO DO THIS?",1.105263157894737,0.041010195919683,57,51,6,0,not_evaluated,not_evaluated
To have and to hold in good times and in bad?,1.105263157894737,0.041010195919683,57,51,6,0,not_evaluated,not_evaluated
His father is big in armaments.,1.105263157894737,0.048045838377646,57,52,4,1,not_evaluated,not_evaluated
They met on a GOT dating app.,1.105263157894737,0.041010195919683,57,51,6,0,not_evaluated,not_evaluated
"...to love and cherish, until the raids do you part?",1.105263157894737,0.048045838377646,57,52,4,1,not_evaluated,not_evaluated
"For their honeymoon, they're plundering and ransacking in the Maldives.",1.105263157894737,0.041010195919683,57,51,6,0,not_evaluated,not_evaluated
At least she let us pick the bridesmaid dresses.,1.105263157894737,0.048045838377646,57,52,4,1,not_evaluated,not_evaluated
She told me she doesn't believe that the pen is mightier than the sword.,1.105263157894737,0.041010195919683,57,51,6,0,not_evaluated,not_evaluated
I now pronounce you Mt. and  Mrs. Battleaxe!,1.105263157894737,0.041010195919683,57,51,6,0,not_evaluated,not_evaluated
"Coincidentally, this is how 'Clash of the Clans' ends.",1.105263157894737,0.041010195919683,57,51,6,0,not_evaluated,not_evaluated
They met at a paleo restaurant.,1.105263157894737,0.048045838377646,57,52,4,1,not_evaluated,not_evaluated
"They said they’re going ‘beyond the wall’ for their honeymoon, whatever that means.",1.105263157894737,0.041010195919683,57,51,6,0,not_evaluated,not_evaluated
Are you next or am I next?,1.105263157894737,0.041010195919683,57,51,6,0,not_evaluated,not_evaluated
I heard they are plundering Bora Bora for their honeymoon.,1.105263157894737,0.048045838377646,57,52,4,1,not_evaluated,not_evaluated
I guess we're the only ones that took the theme seriously...,1.105263157894737,0.048045838377646,57,52,4,1,not_evaluated,not_evaluated
I knew Atilla and Hun were made for ease other!,1.105263157894737,0.041010195919683,57,51,6,0,not_evaluated,not_evaluated
I didn't know the Second Amendment included weddings.,1.105263157894737,0.048045838377646,57,52,4,1,not_evaluated,not_evaluated
It's all you hafta do for the cruiseliner's honeymoon BOGO.,1.105263157894737,0.048045838377646,57,52,4,1,not_evaluated,not_evaluated
I hear his people are related to the Lothbrok's of Stockholm.,1.105263157894737,0.041010195919683,57,51,6,0,not_evaluated,not_evaluated
"Now I'm stuck with spiky platform boots and a black leather corset I can't return. I mean, who in the hell has heard of a Visigoth wedding?",1.105263157894737,0.041010195919683,57,51,6,0,not_evaluated,not_evaluated
"It's my theory, her big sword and his skinny pike means ""The Game of Thrones"" isn't over yet.",1.105263157894737,0.041010195919683,57,51,6,0,not_evaluated,not_evaluated
They’re big Game of Thrones fans.,1.105263157894737,0.041010195919683,57,51,6,0,not_evaluated,not_evaluated
Sometimes I think it would have been easier to solve Frank and my differences with swords and spears. Wish I’d thought of that.,1.105263157894737,0.041010195919683,57,51,6,0,not_evaluated,not_evaluated
I hope they part before death.,1.105263157894737,0.048045838377646,57,52,4,1,not_evaluated,not_evaluated
"Viking Schmiiking, Norseman Schmoorsman, who gives a rat's ass?",1.105263157894737,0.041010195919683,57,51,6,0,not_evaluated,not_evaluated
"In college she wrote a feminist critique of this whole thing. But sure, I guess the dress is nice.",1.105263157894737,0.041010195919683,57,51,6,0,not_evaluated,not_evaluated
A red wedding is so Season three,1.105263157894737,0.048045838377646,57,52,4,1,not_evaluated,not_evaluated
It all started when she read on Goop that mead kills germs and is better for you than champagne.,1.103448275862069,0.0403377690941794,58,52,6,0,not_evaluated,not_evaluated
I heard the ring was pillaged from some village in the northern lands of  Yonkers.,1.103448275862069,0.0403377690941794,58,52,6,0,not_evaluated,not_evaluated
The matching purses are adorable.,1.103448275862069,0.0403377690941794,58,52,6,0,not_evaluated,not_evaluated
A striking couple. Let's hope they keep the mead flowing.,1.103448275862069,0.0403377690941794,58,52,6,0,not_evaluated,not_evaluated
"He's going to invoke Prima Nocta, you know",1.0925925925925926,0.0477920498296233,54,50,3,1,not_evaluated,not_evaluated
"You've always been a real downer, Madge.",1.0925925925925926,0.0477920498296233,54,50,3,1,not_evaluated,not_evaluated
I believe the reception is spiked club optional,1.0925925925925926,0.0398154242392375,54,49,5,0,not_evaluated,not_evaluated
I hear they have a honeymoon planned on one of those upscale cruise lines.,1.0925925925925926,0.0398154242392375,54,49,5,0,not_evaluated,not_evaluated
... and happy Halloween.,1.0925925925925926,0.0398154242392375,54,49,5,0,not_evaluated,not_evaluated
There goes the end of his horniness.,1.0925925925925926,0.0398154242392375,54,49,5,0,not_evaluated,not_evaluated
Be very careful when she throws the sword.,1.0925925925925926,0.0398154242392375,54,49,5,0,not_evaluated,not_evaluated
"There are three of us talking at once. One can only tell lies, one can only tell the truth and one clearly forgot his slacks and wore track pants to Denise and Olf’s wedding, Ralph.",1.0925925925925926,0.0398154242392375,54,49,5,0,not_evaluated,not_evaluated
I pronounce you ugga and zog.,1.0925925925925926,0.0398154242392375,54,49,5,0,not_evaluated,not_evaluated
"They aren't doing rings, they are giving each other new nose bones.",1.0925925925925926,0.0398154242392375,54,49,5,0,not_evaluated,not_evaluated
They met on Vikinglove.com,1.0925925925925926,0.0398154242392375,54,49,5,0,not_evaluated,not_evaluated
Thank God this is a day wedding so we can actually see what's going on.,1.0925925925925926,0.0477920498296233,54,50,3,1,not_evaluated,not_evaluated
Do you promise to forage and feed your spouse and family for as long as you love?,1.0925925925925926,0.0398154242392375,54,49,5,0,not_evaluated,not_evaluated
They met on a cruise.,1.0925925925925926,0.0398154242392375,54,49,5,0,not_evaluated,not_evaluated
There's a pre-nup for the fifty yard line season tickets.,1.0925925925925926,0.0477920498296233,54,50,3,1,not_evaluated,not_evaluated
You should have seen her first choice for the bridesmaid's dress.,1.0925925925925926,0.0398154242392375,54,49,5,0,not_evaluated,not_evaluated
I know Things. . . @Starks and Tullys may have second thoughts.,1.0925925925925926,0.0398154242392375,54,49,5,0,not_evaluated,not_evaluated
It is unfortunate that you're wedding partner asked the groom to remove his helmet during the ceremony.,1.0925925925925926,0.0398154242392375,54,49,5,0,not_evaluated,not_evaluated
I hope your groomsman gets done storming the castle soon.,1.0925925925925926,0.0398154242392375,54,49,5,0,not_evaluated,not_evaluated
Now you may paleo-kiss each other.,1.0925925925925926,0.0398154242392375,54,49,5,0,not_evaluated,not_evaluated
Let me give you a tip; these outfits will never find a  home in the resale section.,1.0925925925925926,0.0398154242392375,54,49,5,0,not_evaluated,not_evaluated
They found the dress and tux in the New York Times Magazine Wedding Issue,1.0925925925925926,0.0398154242392375,54,49,5,0,not_evaluated,not_evaluated
"Well, at least this explains their nuptial colors...FLESH AND BLOOD.",1.0925925925925926,0.0477920498296233,54,50,3,1,not_evaluated,not_evaluated
You are the two from Norway?,1.0925925925925926,0.0398154242392375,54,49,5,0,not_evaluated,not_evaluated
You don't have to appeal to others' expectations,1.0925925925925926,0.0398154242392375,54,49,5,0,not_evaluated,not_evaluated
The honeymoon will be at the East Duckworth Viking Fest.,1.0925925925925926,0.0477920498296233,54,50,3,1,not_evaluated,not_evaluated
I always cry at Viking themed weddings.,1.0925925925925926,0.0477920498296233,54,50,3,1,not_evaluated,not_evaluated
Valentino?,1.0925925925925926,0.0398154242392375,54,49,5,0,not_evaluated,not_evaluated
"And do you take this w
oman, for better or for Norse...?",1.0925925925925926,0.0398154242392375,54,49,5,0,not_evaluated,not_evaluated
So this is  the first  time  you  planned a wedding? YEA,1.0925925925925926,0.0398154242392375,54,49,5,0,not_evaluated,not_evaluated
"Free healthcare, education and paid maternity leave. I'm with Mary-Beth. They can pillage my village anytime.",1.0925925925925926,0.0398154242392375,54,49,5,0,not_evaluated,not_evaluated
"Immediately after the ceremony, the blood sacrifice will take place; followed by the customary drinking of mead.",1.0925925925925926,0.0398154242392375,54,49,5,0,not_evaluated,not_evaluated
Do you solemnly swear to hunt and house each other?,1.0925925925925926,0.0398154242392375,54,49,5,0,not_evaluated,not_evaluated
Will you pronounce us husband and wife already?  We've got a village to plunder.,1.0925925925925926,0.0398154242392375,54,49,5,0,not_evaluated,not_evaluated
Chocolate croissant bouquets are such a good idea!,1.0925925925925926,0.0398154242392375,54,49,5,0,not_evaluated,not_evaluated
And now you embark on your deadliest voyage yet.,1.0925925925925926,0.0398154242392375,54,49,5,0,not_evaluated,not_evaluated
I object to that hat!,1.0925925925925926,0.0477920498296233,54,50,3,1,not_evaluated,not_evaluated
May love be not the only thing you conquer.,1.0925925925925926,0.0477920498296233,54,50,3,1,not_evaluated,not_evaluated
Early cryogenics volunteers.,1.0925925925925926,0.0398154242392375,54,49,5,0,not_evaluated,not_evaluated
It's a reminder for her grandfather about the Viking stove on their registry.,1.0925925925925926,0.0398154242392375,54,49,5,0,not_evaluated,not_evaluated
They say Viking grooms carry symbolic weapons at their wedding...,1.0925925925925926,0.0398154242392375,54,49,5,0,not_evaluated,not_evaluated
Of course this is a Vikings Marry for Free chapel.,1.0925925925925926,0.0398154242392375,54,49,5,0,not_evaluated,not_evaluated
"Do you, Beatrix, take Hobbs, to be your Viking rapist, pillaging murderer till death takes both your heads?",1.0925925925925926,0.0477920498296233,54,50,3,1,not_evaluated,not_evaluated
After the reception we’re going to loot and pillage Brooklyn.,1.0925925925925926,0.0477920498296233,54,50,3,1,not_evaluated,not_evaluated
"Somewhere someplace, there is a person getting offended by this traditional wedding.",1.0925925925925926,0.0398154242392375,54,49,5,0,not_evaluated,not_evaluated
"In good conscience, I cannot marry two Viking weirdos.",1.0925925925925926,0.0398154242392375,54,49,5,0,not_evaluated,not_evaluated
I thought Odinists were racist.,1.0925925925925926,0.0398154242392375,54,49,5,0,not_evaluated,not_evaluated
"Our bride and groom eloped. Too late to get our deposit back. They asked. We said sure, why not?",1.0925925925925926,0.0477920498296233,54,50,3,1,not_evaluated,not_evaluated
They always wanted to walk arm and arm down the aisle.,1.0925925925925926,0.0398154242392375,54,49,5,0,not_evaluated,not_evaluated
"Now, with the powers vested in me, you may slay the bride",1.0925925925925926,0.0398154242392375,54,49,5,0,not_evaluated,not_evaluated
That does it - I'm joining Ugg.com.,1.0925925925925926,0.0398154242392375,54,49,5,0,not_evaluated,not_evaluated
"Simultaneous iceberg melt, I believe.",1.0925925925925926,0.0477920498296233,54,50,3,1,not_evaluated,not_evaluated
They both like to play it rough,1.0925925925925926,0.0398154242392375,54,49,5,0,not_evaluated,not_evaluated
What does a Viking-Viqueen wedding lead to? Vijacks and Vijills!,1.0925925925925926,0.0477920498296233,54,50,3,1,not_evaluated,not_evaluated
It looks like Josh and Christine are really prepared for their honeymoon in Norway.,1.0925925925925926,0.0398154242392375,54,49,5,0,not_evaluated,not_evaluated
So much for a Lo-Ki affair...,1.0925925925925926,0.0477920498296233,54,50,3,1,not_evaluated,not_evaluated
Pssst...the Paleo package was on sale this month.,1.0925925925925926,0.0398154242392375,54,49,5,0,not_evaluated,not_evaluated
Truly a Wagnerian experience!,1.0925925925925926,0.054615858928373,54,51,1,2,not_evaluated,not_evaluated
"I'm concerned about this ""sea cruise"" they've planned for the honeymoon.",1.0925925925925926,0.0398154242392375,54,49,5,0,not_evaluated,not_evaluated
"It he doesn't say 'I do,' she said she'd decapitate him.",1.0925925925925926,0.0398154242392375,54,49,5,0,not_evaluated,not_evaluated
I know a great consignment shop.,1.0925925925925926,0.0398154242392375,54,49,5,0,not_evaluated,not_evaluated
She looks so show-accurate.,1.0925925925925926,0.0477920498296233,54,50,3,1,not_evaluated,not_evaluated
Now that they are married do they live in a cave?,1.0925925925925926,0.0477920498296233,54,50,3,1,not_evaluated,not_evaluated
I give them until tomorrow.  Wanna bet on the winner?,1.0925925925925926,0.0398154242392375,54,49,5,0,not_evaluated,not_evaluated
Won't be long before Britney gets the spear,1.0925925925925926,0.0477920498296233,54,50,3,1,not_evaluated,not_evaluated
"I know I'm desperate for a husband, but I'm still not going to try and catch that thing.",1.0925925925925926,0.0398154242392375,54,49,5,0,not_evaluated,not_evaluated
"So much for the supposed ""Hiking"" theme.",1.0925925925925926,0.0398154242392375,54,49,5,0,not_evaluated,not_evaluated
And we're all so happy you won the honeymoon in Iceland.,1.0925925925925926,0.0477920498296233,54,50,3,1,not_evaluated,not_evaluated
Evidently all the Game of Thrones costumes were sold out and they had to settle for these silly viking outfits.  The horror!,1.0925925925925926,0.0477920498296233,54,50,3,1,not_evaluated,not_evaluated
And the romantic saga continues...,1.0925925925925926,0.0398154242392375,54,49,5,0,not_evaluated,not_evaluated
"This has been a long time coming""",1.0925925925925926,0.0398154242392375,54,49,5,0,not_evaluated,not_evaluated
"More CroMarried Man, if you ask me.",1.0925925925925926,0.0398154242392375,54,49,5,0,not_evaluated,not_evaluated
Now I will finally have grandchildren.,1.0925925925925926,0.0398154242392375,54,49,5,0,not_evaluated,not_evaluated
Season 4's Aftermath---Centuries later..,1.0925925925925926,0.0477920498296233,54,50,3,1,not_evaluated,not_evaluated
"Do you promise to love, honor and give quarter when asked?",1.0925925925925926,0.0398154242392375,54,49,5,0,not_evaluated,not_evaluated
"To death due us p..   
aw who we kiddin’",1.0925925925925926,0.0398154242392375,54,49,5,0,not_evaluated,not_evaluated
This Paleo craze was bound to reach its zenith sooner or later.,1.0925925925925926,0.0398154242392375,54,49,5,0,not_evaluated,not_evaluated
Gods of Valhalla!,1.0925925925925926,0.0398154242392375,54,49,5,0,not_evaluated,not_evaluated
Do you Brienne Babs Walker take Thormand Thomas Parsons to be your lawfully wedded  Kings-Guard?,1.0925925925925926,0.0398154242392375,54,49,5,0,not_evaluated,not_evaluated
Now I know why they got knives.,1.0925925925925926,0.0398154242392375,54,49,5,0,not_evaluated,not_evaluated
She wouldn’t take his name either.,1.0925925925925926,0.0398154242392375,54,49,5,0,not_evaluated,not_evaluated
Who needs a ring when you've got a broad sword!,1.0925925925925926,0.0398154242392375,54,49,5,0,not_evaluated,not_evaluated
"You know, breaking the glass can be cathartic.",1.0925925925925926,0.0398154242392375,54,49,5,0,not_evaluated,not_evaluated
They are ready for the marriage battles.,1.0925925925925926,0.0398154242392375,54,49,5,0,not_evaluated,not_evaluated
I’ll actually be able to wear this bridesmaids dress again !,1.0925925925925926,0.0398154242392375,54,49,5,0,not_evaluated,not_evaluated
I think I should get him. Blondes are suppossed to have more fun.,1.0925925925925926,0.0398154242392375,54,49,5,0,not_evaluated,not_evaluated
Did they sign a prenup?,1.0925925925925926,0.0477920498296233,54,50,3,1,not_evaluated,not_evaluated
I guess it's a destination ceremony.,1.0925925925925926,0.0398154242392375,54,49,5,0,not_evaluated,not_evaluated
I hear she met him on <LonelyAvatars.com>,1.0925925925925926,0.0477920498296233,54,50,3,1,not_evaluated,not_evaluated
I love this theme! Raping and pillaging is on at the reception!,1.0925925925925926,0.0477920498296233,54,50,3,1,not_evaluated,not_evaluated
"She wanted some assurances about the ""until death do us part"" vow.",1.0925925925925926,0.0477920498296233,54,50,3,1,not_evaluated,not_evaluated
Will you now pledge to each other to raid and pillage only the castles of the top 10%,1.0925925925925926,0.0477920498296233,54,50,3,1,not_evaluated,not_evaluated
"'these theme weddings are great for Icelandic tourism""",1.0925925925925926,0.0398154242392375,54,49,5,0,not_evaluated,not_evaluated
They met at a Flintstone party.,1.0925925925925926,0.0398154242392375,54,49,5,0,not_evaluated,not_evaluated
It took an eternity for Sigfried to pop the question,1.0925925925925926,0.0477920498296233,54,50,3,1,not_evaluated,not_evaluated
She thought he said he wanted a PC wedding,1.0925925925925926,0.0398154242392375,54,49,5,0,not_evaluated,not_evaluated
Look Sharp!,1.0925925925925926,0.0477920498296233,54,50,3,1,not_evaluated,not_evaluated
I cannot believe it either. Like a latte is strong enough for that crowd.,1.0925925925925926,0.0398154242392375,54,49,5,0,not_evaluated,not_evaluated
Should we duck?,1.0925925925925926,0.0477920498296233,54,50,3,1,not_evaluated,not_evaluated
Rumor has it they’re third cousins.,1.0925925925925926,0.0477920498296233,54,50,3,1,not_evaluated,not_evaluated
Next up on TLC: My Fiddlidumptious Fjord Feast.,1.0925925925925926,0.0398154242392375,54,49,5,0,not_evaluated,not_evaluated
"It's a mixed marriage -- he's a cosplay, she's a LARP.",1.0925925925925926,0.0398154242392375,54,49,5,0,not_evaluated,not_evaluated
Do  we get to keep what we won so far.?,1.0925925925925926,0.0398154242392375,54,49,5,0,not_evaluated,not_evaluated
"Do you, bob, take Judy as the queen of your seven room kingdom?",1.0925925925925926,0.0398154242392375,54,49,5,0,not_evaluated,not_evaluated
It's traditional to have Sax-on you wedding night.,1.0925925925925926,0.0398154242392375,54,49,5,0,not_evaluated,not_evaluated
"To scheme and to plot, 'til season 8 do us part.",1.0925925925925926,0.0477920498296233,54,50,3,1,not_evaluated,not_evaluated
Always a Bridesmaid. Never a Viking Horde Bride.,1.0925925925925926,0.0398154242392375,54,49,5,0,not_evaluated,not_evaluated
Have you tried the Danish?,1.0925925925925926,0.0398154242392375,54,49,5,0,not_evaluated,not_evaluated
"Of course, everything on their registry has been pillaged already.",1.0925925925925926,0.0398154242392375,54,49,5,0,not_evaluated,not_evaluated
It's his third marriage that's why she has the sword,1.0925925925925926,0.0398154242392375,54,49,5,0,not_evaluated,not_evaluated
They call them tuxedos. No respectable Viking would be caught dead in one.,1.0925925925925926,0.0477920498296233,54,50,3,1,not_evaluated,not_evaluated
"It's traditiom -- she wields the Sword of the Shrew, while he bears the Spear of the Mead-Hall.",1.0925925925925926,0.0398154242392375,54,49,5,0,not_evaluated,not_evaluated
What do you mean they couldn't afjord an open bar?,1.0925925925925926,0.0398154242392375,54,49,5,0,not_evaluated,not_evaluated
I wish her neighbors could see this.,1.0925925925925926,0.0398154242392375,54,49,5,0,not_evaluated,not_evaluated
They met at a Viking bar.,1.0925925925925926,0.0398154242392375,54,49,5,0,not_evaluated,not_evaluated
He's from the Chappaquiddick Horribles,1.0925925925925926,0.0398154242392375,54,49,5,0,not_evaluated,not_evaluated
"Um ... You may now turn and spear the bride?""
John Dibs, San Jose, Calif",1.0925925925925926,0.0398154242392375,54,49,5,0,not_evaluated,not_evaluated
I hear the wedding bands are made of Valyrian steel.,1.0925925925925926,0.0398154242392375,54,49,5,0,not_evaluated,not_evaluated
He seriously only brought two groomsmen?,1.0925925925925926,0.0398154242392375,54,49,5,0,not_evaluated,not_evaluated
She’s the last of her family and he never met his so I got them the ancestry DNA test. I hope they find some long lost relatives.,1.0925925925925926,0.0398154242392375,54,49,5,0,not_evaluated,not_evaluated
"It was required,weapons of romance""",1.0925925925925926,0.0398154242392375,54,49,5,0,not_evaluated,not_evaluated
I hear they’re going on a Viking-themed honeymoon cruise that includes excursions to plunder and raid.,1.0925925925925926,0.0477920498296233,54,50,3,1,not_evaluated,not_evaluated
"Hey, someone forgot the glass.",1.0925925925925926,0.0398154242392375,54,49,5,0,not_evaluated,not_evaluated
The long awaited reading of the Season 7 Prenup,1.0925925925925926,0.0477920498296233,54,50,3,1,not_evaluated,not_evaluated
I hope this is a short ceremony as we have a new country to pillage!,1.0925925925925926,0.0398154242392375,54,49,5,0,not_evaluated,not_evaluated
"After dating all these years, we never thought they would ever tie the knot.",1.0925925925925926,0.0398154242392375,54,49,5,0,not_evaluated,not_evaluated
I guess 'obey' is out.,1.0925925925925926,0.0398154242392375,54,49,5,0,not_evaluated,not_evaluated
Thrones” fanatics,1.0925925925925926,0.0398154242392375,54,49,5,0,not_evaluated,not_evaluated
They met on a speed raiding site.,1.0925925925925926,0.0398154242392375,54,49,5,0,not_evaluated,not_evaluated
These bridesmaid dresses are f*cking disgusting.,1.0925925925925926,0.0398154242392375,54,49,5,0,not_evaluated,not_evaluated
"Viking wedding's are cool and all, but did you hear Sam got Rachel an annual subscription to the New Yorker starting May 20th?",1.0925925925925926,0.0398154242392375,54,49,5,0,not_evaluated,not_evaluated
I hear they are honeymooning in Miami.,1.0925925925925926,0.0398154242392375,54,49,5,0,not_evaluated,not_evaluated
"The Game of Thrones ending fell short.
But go THIS far to re-write it?",1.0925925925925926,0.0398154242392375,54,49,5,0,not_evaluated,not_evaluated
"When she said ""his family's heirloom suit and gown,"" I had not imagined this.",1.0925925925925926,0.0398154242392375,54,49,5,0,not_evaluated,not_evaluated
They were homeless but qualified for a subsidized caveman home with a peephole.,1.0925925925925926,0.0398154242392375,54,49,5,0,not_evaluated,not_evaluated
They appropriated their vows.,1.0925925925925926,0.0398154242392375,54,49,5,0,not_evaluated,not_evaluated
"Horace, do you take Harriet to be your unlawfully wedded slave-girl for as long as you feel like it...",1.0925925925925926,0.0398154242392375,54,49,5,0,not_evaluated,not_evaluated
"Wasn't she with the guy with the golden hand?""",1.0925925925925926,0.0398154242392375,54,49,5,0,not_evaluated,not_evaluated
"When she said she wanted a traditional wedding, I didn't think she meant this...",1.0925925925925926,0.0398154242392375,54,49,5,0,not_evaluated,not_evaluated
..and will you support each other in your membership of the Society for Creative Anachronism until death do you part?,1.0925925925925926,0.0398154242392375,54,49,5,0,not_evaluated,not_evaluated
Hagar he’s not!,1.0925925925925926,0.0398154242392375,54,49,5,0,not_evaluated,not_evaluated
"They weren't serious about the human sacrifice after the ceremony, were they?",1.0925925925925926,0.0398154242392375,54,49,5,0,not_evaluated,not_evaluated
"They both look ready to enforce the ""obey"" rule. I wonder who'll win?",1.0925925925925926,0.0398154242392375,54,49,5,0,not_evaluated,not_evaluated
"She wanted to honeymoon in Helsinki, but he insisted on Minnesota.",1.0925925925925926,0.0398154242392375,54,49,5,0,not_evaluated,not_evaluated
"They're spending their honeymoon where they can raid, loot and plunder.",1.0925925925925926,0.0398154242392375,54,49,5,0,not_evaluated,not_evaluated
"Now that Conan is marrying this producer, I hope he'd finally get a chance in show biz",1.0925925925925926,0.0398154242392375,54,49,5,0,not_evaluated,not_evaluated
I was expecting a completely different Thor.,1.0925925925925926,0.0477920498296233,54,50,3,1,not_evaluated,not_evaluated
His 'n' her outside hip pockets--how barbaric.,1.0925925925925926,0.0477920498296233,54,50,3,1,not_evaluated,not_evaluated
And do you both agree to raise any children in the finest tradition of cosplay?,1.0925925925925926,0.0477920498296233,54,50,3,1,not_evaluated,not_evaluated
These bridesmaids dresses are ugly.,1.0925925925925926,0.0398154242392375,54,49,5,0,not_evaluated,not_evaluated
Tribal? I thought she said Traditional!,1.0925925925925926,0.0477920498296233,54,50,3,1,not_evaluated,not_evaluated
Is this a movie or a tv themed wedding?,1.0925925925925926,0.0477920498296233,54,50,3,1,not_evaluated,not_evaluated
Now get ready to Ragnarok!,1.0925925925925926,0.0398154242392375,54,49,5,0,not_evaluated,not_evaluated
"In 'Sickness and in Health' may be counter intuitive"" 
John Curliano, Alameda C",1.0925925925925926,0.0398154242392375,54,49,5,0,not_evaluated,not_evaluated
"‘
“They met pillaging.”",1.0925925925925926,0.0398154242392375,54,49,5,0,not_evaluated,not_evaluated
"We gave them Normandie, the least we can expect is a catholic wedding.",1.0925925925925926,0.054615858928373,54,51,1,2,not_evaluated,not_evaluated
Am I the Only one Not watching Game of Thrones?,1.0925925925925926,0.0398154242392375,54,49,5,0,not_evaluated,not_evaluated
I hope_What happens in Vegas_Stays in Vegas,1.0925925925925926,0.0398154242392375,54,49,5,0,not_evaluated,not_evaluated
After this I’m hitting the slots,1.0925925925925926,0.0398154242392375,54,49,5,0,not_evaluated,not_evaluated
"Til the impending doom of death does them part, right?",1.0925925925925926,0.0398154242392375,54,49,5,0,not_evaluated,not_evaluated
"23 and Me said one Norwegian apiece six generations ago, and they went with it.",1.0925925925925926,0.0398154242392375,54,49,5,0,not_evaluated,not_evaluated
"Aaa
""Pastor Pete should scratch 'obey'""",1.0925925925925926,0.0398154242392375,54,49,5,0,not_evaluated,not_evaluated
"Do you promise to love, honor, and conquest for as long as you both shall live?",1.0925925925925926,0.0398154242392375,54,49,5,0,not_evaluated,not_evaluated
We are gathered here today to witness another Viking miracle.,1.0909090909090908,0.039121043901085,55,50,5,0,not_evaluated,not_evaluated
I hear he's planning on doing some raping and pillaging tonight.,1.0909090909090908,0.039121043901085,55,50,5,0,not_evaluated,not_evaluated
"The groom declares that ""you slay me"". Does the bride concur as well?",1.0909090909090908,0.046945252681302,55,51,3,1,not_evaluated,not_evaluated
Thorleif likes to think of it as raiding and pillaging the guests' bank balances.,1.0909090909090908,0.039121043901085,55,50,5,0,not_evaluated,not_evaluated
They're honeymooning on a Viking cruise.,1.0909090909090908,0.039121043901085,55,50,5,0,not_evaluated,not_evaluated
"Dearly beloved, we are gathered here today in the sight of Thor to join Vik and Brud in holy matrimony.",1.0909090909090908,0.046945252681302,55,51,3,1,not_evaluated,not_evaluated
"I Hamlet, take thee Hernia, to be my lawfully wedded wife...till death do us part.",1.0909090909090908,0.039121043901085,55,50,5,0,not_evaluated,not_evaluated
"And do you, Lagertha, promise to faithfully rape, pillage and destroy so long as you both shall live?",1.0909090909090908,0.039121043901085,55,50,5,0,not_evaluated,not_evaluated
Well you are obviously not the sacrificial virgin in this ceremony.,1.0909090909090908,0.046945252681302,55,51,3,1,not_evaluated,not_evaluated
This is the part where they have to step outside the cosplay to make it legal.,1.0909090909090908,0.039121043901085,55,50,5,0,not_evaluated,not_evaluated
They’re going on a cruise to Iceland for their honeymoon. He's looking for a job as an HVAC tech there.,1.0909090909090908,0.039121043901085,55,50,5,0,not_evaluated,not_evaluated
She wanted a Viking Cruise honeymoon.,1.0909090909090908,0.046945252681302,55,51,3,1,not_evaluated,not_evaluated
Where do you think they’ll end up settling down?,1.0909090909090908,0.039121043901085,55,50,5,0,not_evaluated,not_evaluated
Let's always hold hands.,1.0909090909090908,0.039121043901085,55,50,5,0,not_evaluated,not_evaluated
Because they are leaving immediately for their river cruise honeymoon.,1.0909090909090908,0.039121043901085,55,50,5,0,not_evaluated,not_evaluated
"The ‘until death do you part’ thing is kind of redundant, don’t you think?",1.0909090909090908,0.046945252681302,55,51,3,1,not_evaluated,not_evaluated
A sailing honeymoon is just too much work for me....,1.0892857142857142,0.0384503872802825,56,51,5,0,not_evaluated,not_evaluated
I hear they're going pillaging for their honeymoon.,1.0892857142857142,0.0461278975388469,56,52,3,1,not_evaluated,not_evaluated
It was only six month’s ago when her first husband’s dragon ship was set ablaze during his Viking funeral.,1.0892857142857142,0.0384503872802825,56,51,5,0,not_evaluated,not_evaluated
DROP YOUR WEAPONS !!,1.087719298245614,0.0453384774815176,57,53,3,1,not_evaluated,not_evaluated
"and do you, Helga, take this man to be your rapist and pillager?",1.087719298245614,0.0378022634811988,57,52,5,0,not_evaluated,not_evaluated
I heard Bob got stuck in the limo. I told him to forget the Toothless costume.,1.0784313725490196,0.0380210184895398,51,47,4,0,not_evaluated,not_evaluated
"Yea, but I still feel under dressed.""",1.0784313725490196,0.0380210184895398,51,47,4,0,not_evaluated,not_evaluated
I now pronounce you marauder and wife.,1.0784313725490196,0.0380210184895398,51,47,4,0,not_evaluated,not_evaluated
They met on PillagersOfFarmersOnly.com.,1.0784313725490196,0.0380210184895398,51,47,4,0,not_evaluated,not_evaluated
And now let the hunt for marital bliss begin.,1.0784313725490196,0.0380210184895398,51,47,4,0,not_evaluated,not_evaluated
They didn’t even read the books.,1.0784313725490196,0.0472219395246756,51,48,2,1,not_evaluated,not_evaluated
"Always the bridesmaid, never the bride with a killer sword.",1.0784313725490196,0.0380210184895398,51,47,4,0,not_evaluated,not_evaluated
It's so generous that they're taking the whole family on a cruise.,1.0784313725490196,0.0380210184895398,51,47,4,0,not_evaluated,not_evaluated
This is my third viking wedding this year.,1.0784313725490196,0.0380210184895398,51,47,4,0,not_evaluated,not_evaluated
"With this ring, I hingga, take you, dingga, to be my hingga dingga dargin.",1.0784313725490196,0.0380210184895398,51,47,4,0,not_evaluated,not_evaluated
He's Game of Thrones Horny!,1.0784313725490196,0.0380210184895398,51,47,4,0,not_evaluated,not_evaluated
So you know  Say Yes to the Dress signed on to that DNA registry and found where it all actually started!,1.0784313725490196,0.0380210184895398,51,47,4,0,not_evaluated,not_evaluated
We're lucky this wedding is still happening. I heard that he was quite Thor when he woke up this morning!,1.0784313725490196,0.0380210184895398,51,47,4,0,not_evaluated,not_evaluated
And may you live happily ever after or at least 'til dinner is served,1.0784313725490196,0.0380210184895398,51,47,4,0,not_evaluated,not_evaluated
"You know, Vikings didn't have roses, tuxes, or helmets with horns.",1.0784313725490196,0.0380210184895398,51,47,4,0,not_evaluated,not_evaluated
They are the owners.,1.0784313725490196,0.0380210184895398,51,47,4,0,not_evaluated,not_evaluated
I too will destroy tonight....that cute groomsman.,1.0784313725490196,0.0380210184895398,51,47,4,0,not_evaluated,not_evaluated
"I really thought she’d marry the Renaissance Duke, but after the pillaging and ravishing, it was Viking or nothing.",1.0784313725490196,0.0380210184895398,51,47,4,0,not_evaluated,not_evaluated
She should still be exploring and not settling.,1.0784313725490196,0.0380210184895398,51,47,4,0,not_evaluated,not_evaluated
I hear Vikings do it for life!,1.0784313725490196,0.0380210184895398,51,47,4,0,not_evaluated,not_evaluated
23&me shows their amazing compatibility.,1.0784313725490196,0.0380210184895398,51,47,4,0,not_evaluated,not_evaluated
"I hate the cut of this dress, but I do feel very Game of Thrones.",1.0784313725490196,0.0380210184895398,51,47,4,0,not_evaluated,not_evaluated
The registry was all pillaging.,1.0784313725490196,0.0472219395246756,51,48,2,1,not_evaluated,not_evaluated
I've never seen the show but it looks interesting...,1.0784313725490196,0.0380210184895398,51,47,4,0,not_evaluated,not_evaluated
I told you fanny packs were back in fashion!,1.0784313725490196,0.0380210184895398,51,47,4,0,not_evaluated,not_evaluated
Blonde bridesmaid: Are we supposed to sacrifice a goat after the ceremony?,1.0784313725490196,0.0380210184895398,51,47,4,0,not_evaluated,not_evaluated
Oh my Thor! Would you stop coughing?,1.0784313725490196,0.0380210184895398,51,47,4,0,not_evaluated,not_evaluated
No barbaric behavior allowed,1.0784313725490196,0.0380210184895398,51,47,4,0,not_evaluated,not_evaluated
They went with their Signs..darling don't you think!,1.0784313725490196,0.0380210184895398,51,47,4,0,not_evaluated,not_evaluated
Harriet and Cyndie have waited eons for this wedding day.,1.0784313725490196,0.0472219395246756,51,48,2,1,not_evaluated,not_evaluated
You can´t tell them apart by looking at their belly,1.0784313725490196,0.0380210184895398,51,47,4,0,not_evaluated,not_evaluated
Because they got a free honeymoon cruise.,1.0784313725490196,0.0380210184895398,51,47,4,0,not_evaluated,not_evaluated
With all my worldly goods I thee endow,1.0784313725490196,0.0472219395246756,51,48,2,1,not_evaluated,not_evaluated
"And if anybody has any objections to this marriage, let him attack now or forever hold his peace.",1.0784313725490196,0.0380210184895398,51,47,4,0,not_evaluated,not_evaluated
So romantic! They met on a Trans-Atlantic cruise!,1.0784313725490196,0.0472219395246756,51,48,2,1,not_evaluated,not_evaluated
"What would they be wearing if 
they watched Animal Planet.",1.0784313725490196,0.0472219395246756,51,48,2,1,not_evaluated,not_evaluated
They want us to tag all our posts with #BarbEric,1.0784313725490196,0.0380210184895398,51,47,4,0,not_evaluated,not_evaluated
"They say they love each other, but it will be all over when the fat guy sings.",1.0784313725490196,0.0380210184895398,51,47,4,0,not_evaluated,not_evaluated
"Nancy, I’m thinking of skipping the reception.",1.0784313725490196,0.0472219395246756,51,48,2,1,not_evaluated,not_evaluated
They met at anger management class.,1.0784313725490196,0.0380210184895398,51,47,4,0,not_evaluated,not_evaluated
Please! Someone say something!,1.0784313725490196,0.0472219395246756,51,48,2,1,not_evaluated,not_evaluated
I will go for Game of Thrones costumes.,1.0784313725490196,0.0472219395246756,51,48,2,1,not_evaluated,not_evaluated
Ujiijmm,1.0784313725490196,0.0380210184895398,51,47,4,0,not_evaluated,not_evaluated
Marriage Made in Heaven,1.0784313725490196,0.0380210184895398,51,47,4,0,not_evaluated,not_evaluated
The man purse takes away from his formal attire.,1.0784313725490196,0.0380210184895398,51,47,4,0,not_evaluated,not_evaluated
"I can't believe I've known the bride 1,000 years and still I wasn't the Maid of Honour.",1.0784313725490196,0.0380210184895398,51,47,4,0,not_evaluated,not_evaluated
Tryouts for the Highschool play will resume tomorrow at Noon,1.0784313725490196,0.0380210184895398,51,47,4,0,not_evaluated,not_evaluated
"Emma, will you be faithful through peace and war, with injuries and in health as long as you both shall survive?",1.0784313725490196,0.0380210184895398,51,47,4,0,not_evaluated,not_evaluated
I think he’s still drunk from the bachelor plunder.,1.0784313725490196,0.0380210184895398,51,47,4,0,not_evaluated,not_evaluated
I hope I catch the bouquet—I hear it might be Jared Leto's head.,1.0784313725490196,0.0380210184895398,51,47,4,0,not_evaluated,not_evaluated
Third times a charm!  The last two pastors didn’t survive as far as the vows.,1.0784313725490196,0.0472219395246756,51,48,2,1,not_evaluated,not_evaluated
Why didn't they tell us it was a themed wedding?,1.0784313725490196,0.0380210184895398,51,47,4,0,not_evaluated,not_evaluated
"For a wedding, I would have thought a matched set of weapons of death would be preferred.",1.0784313725490196,0.0380210184895398,51,47,4,0,not_evaluated,not_evaluated
I wonder if she knows about his funeral plans.,1.0784313725490196,0.0380210184895398,51,47,4,0,not_evaluated,not_evaluated
Ttttt,1.0784313725490196,0.0472219395246756,51,48,2,1,not_evaluated,not_evaluated
"Til Ragnarok do they part??""",1.0784313725490196,0.0472219395246756,51,48,2,1,not_evaluated,not_evaluated
"Oh honey, I totally forgot that our wedding’s dress code was “modern era”!",1.0784313725490196,0.0380210184895398,51,47,4,0,not_evaluated,not_evaluated
Too much Game of Thrones.,1.0784313725490196,0.0472219395246756,51,48,2,1,not_evaluated,not_evaluated
I hear the reception's being catered by Paleo Princess.,1.0784313725490196,0.0380210184895398,51,47,4,0,not_evaluated,not_evaluated
If any person wishes to come forward and challenge this marraige- we can give extreme unction after the ceremony!,1.0784313725490196,0.0380210184895398,51,47,4,0,not_evaluated,not_evaluated
I now pronounce you pop culture casualties.,1.0784313725490196,0.0380210184895398,51,47,4,0,not_evaluated,not_evaluated
They’re really taking their 23 and Me results seriously.,1.0784313725490196,0.0380210184895398,51,47,4,0,not_evaluated,not_evaluated
"If anyone “speaks now” they will, certainly, forever hold their pieces!",1.0784313725490196,0.0380210184895398,51,47,4,0,not_evaluated,not_evaluated
"They're both loaded, but they're waiting for the honeymoon to bring out the big guns.",1.0784313725490196,0.0380210184895398,51,47,4,0,not_evaluated,not_evaluated
A good match,1.0784313725490196,0.0380210184895398,51,47,4,0,not_evaluated,not_evaluated
You may engage in mortal combat.,1.0784313725490196,0.0380210184895398,51,47,4,0,not_evaluated,not_evaluated
It's obvious to me that they had a very long engagement.,1.0784313725490196,0.0380210184895398,51,47,4,0,not_evaluated,not_evaluated
"Instead of gifts, they'll just plunder your valuables.",1.0784313725490196,0.0380210184895398,51,47,4,0,not_evaluated,not_evaluated
They met cute while raiding and pillaging western Europe.,1.0784313725490196,0.0380210184895398,51,47,4,0,not_evaluated,not_evaluated
"But, according top this your dead!",1.0784313725490196,0.0380210184895398,51,47,4,0,not_evaluated,not_evaluated
Were we supposed to dress in Cosplay?,1.0784313725490196,0.0380210184895398,51,47,4,0,not_evaluated,not_evaluated
This on-line match was amazing.,1.0784313725490196,0.0472219395246756,51,48,2,1,not_evaluated,not_evaluated
This marriage is supposed to make peace between the tribes,1.0784313725490196,0.0472219395246756,51,48,2,1,not_evaluated,not_evaluated
They’re from the same small pillage.,1.0784313725490196,0.0380210184895398,51,47,4,0,not_evaluated,not_evaluated
That exposed tattoo is so inelegant.,1.0784313725490196,0.0380210184895398,51,47,4,0,not_evaluated,not_evaluated
I just figured out why she wanted to get married on Halloween.,1.0784313725490196,0.0380210184895398,51,47,4,0,not_evaluated,not_evaluated
...I now pronounce you Thor and thrall...,1.0784313725490196,0.0380210184895398,51,47,4,0,not_evaluated,not_evaluated
They're vowing paleo.,1.0784313725490196,0.0380210184895398,51,47,4,0,not_evaluated,not_evaluated
"I now pronounce you husband and wife,now go back to your display booths.",1.0784313725490196,0.0380210184895398,51,47,4,0,not_evaluated,not_evaluated
...your wife to love and cherish till the next raid do us part,1.0784313725490196,0.0380210184895398,51,47,4,0,not_evaluated,not_evaluated
"They're hyphenating. ""Hon-Hun""",1.0784313725490196,0.0380210184895398,51,47,4,0,not_evaluated,not_evaluated
My grandson and his fiance!!!,1.0784313725490196,0.0380210184895398,51,47,4,0,not_evaluated,not_evaluated
"C'mon Ma, ya gotta admire their lived principles on political correctness""",1.0784313725490196,0.0380210184895398,51,47,4,0,not_evaluated,not_evaluated
She always dreamed of a Loki wedding.,1.0784313725490196,0.0380210184895398,51,47,4,0,not_evaluated,not_evaluated
She said they were having a retro wedding...,1.0784313725490196,0.0380210184895398,51,47,4,0,not_evaluated,not_evaluated
They say it's a marriage made in hell.,1.0784313725490196,0.0380210184895398,51,47,4,0,not_evaluated,not_evaluated
She always went for well-travelled men,1.0784313725490196,0.0380210184895398,51,47,4,0,not_evaluated,not_evaluated
They hired a black minister.,1.0784313725490196,0.0472219395246756,51,48,2,1,not_evaluated,not_evaluated
They're honeymooning in some castle they're going to conquer.,1.0784313725490196,0.0380210184895398,51,47,4,0,not_evaluated,not_evaluated
That's not the only thing that is prehistoric about this.,1.0784313725490196,0.0380210184895398,51,47,4,0,not_evaluated,not_evaluated
They wanted a retro wedding.,1.0784313725490196,0.0380210184895398,51,47,4,0,not_evaluated,not_evaluated
"Was ""Vikings"" the theme of the dance where you met?",1.0784313725490196,0.0472219395246756,51,48,2,1,not_evaluated,not_evaluated
"Call Joe, I think he speaks Norse.",1.0784313725490196,0.0380210184895398,51,47,4,0,not_evaluated,not_evaluated
The reception is Bring Your Own Beef,1.0784313725490196,0.0380210184895398,51,47,4,0,not_evaluated,not_evaluated
Looks like his family has not fully embraced the paleo diet.,1.0784313725490196,0.0380210184895398,51,47,4,0,not_evaluated,not_evaluated
Where's Harry? ...He told me he would have to sacrifice to be here!,1.0784313725490196,0.0380210184895398,51,47,4,0,not_evaluated,not_evaluated
I hereby pronounce you Man and Bitch.,1.0784313725490196,0.0380210184895398,51,47,4,0,not_evaluated,not_evaluated
This is a caption.,1.0784313725490196,0.0472219395246756,51,48,2,1,not_evaluated,not_evaluated
She came straight here from her Viking divorce . . .,1.0784313725490196,0.0380210184895398,51,47,4,0,not_evaluated,not_evaluated
"To have and to hold, until in Valhalla you'll meet again?",1.0784313725490196,0.0380210184895398,51,47,4,0,not_evaluated,not_evaluated
Your partner usher got sacrificed for the god of babies and bacon.,1.0784313725490196,0.0380210184895398,51,47,4,0,not_evaluated,not_evaluated
I love when they walk down the isle to Die Walgreens.,1.0784313725490196,0.0380210184895398,51,47,4,0,not_evaluated,not_evaluated
I think it’s safe to say they share the same love language.,1.0784313725490196,0.0472219395246756,51,48,2,1,not_evaluated,not_evaluated
Sword in lieu dowry.,1.0784313725490196,0.0380210184895398,51,47,4,0,not_evaluated,not_evaluated
"It wasn’t long ago, it was against the law for Vikings to marry in this state.",1.0784313725490196,0.0380210184895398,51,47,4,0,not_evaluated,not_evaluated
I now pronounce you Thronies for life. You may kiss the shield maiden.,1.0784313725490196,0.0380210184895398,51,47,4,0,not_evaluated,not_evaluated
This is a sweet ceremony but these floral wrist bounds are killing me.,1.0784313725490196,0.0380210184895398,51,47,4,0,not_evaluated,not_evaluated
"When they said they were giving away ax, I thought they meant the body spray",1.0784313725490196,0.0380210184895398,51,47,4,0,not_evaluated,not_evaluated
Why did Arabella and Gawain do this whole “life after the year 2000” theme and not go along with it? This dress cost me my 8th and 9th most favorite goats!,1.0784313725490196,0.0472219395246756,51,48,2,1,not_evaluated,not_evaluated
Talk about a long engagement...,1.0784313725490196,0.0380210184895398,51,47,4,0,not_evaluated,not_evaluated
I understand they’re serving the third groomsman for dinner.,1.0784313725490196,0.0380210184895398,51,47,4,0,not_evaluated,not_evaluated
You wanna hit the craps table afterwards?,1.0784313725490196,0.0380210184895398,51,47,4,0,not_evaluated,not_evaluated
Aren't the fannypacks delightfully tacky?,1.0784313725490196,0.0472219395246756,51,48,2,1,not_evaluated,not_evaluated
Does she know 'Till death do us part' means after every battle?,1.0784313725490196,0.0380210184895398,51,47,4,0,not_evaluated,not_evaluated
Prepare to enter the dark ages!,1.0784313725490196,0.0380210184895398,51,47,4,0,not_evaluated,not_evaluated
They're taking 'creative black tie' a bit too far.,1.0784313725490196,0.0380210184895398,51,47,4,0,not_evaluated,not_evaluated
they make a fierce couple,1.0784313725490196,0.0380210184895398,51,47,4,0,not_evaluated,not_evaluated
You think they have too much in common?,1.0784313725490196,0.0380210184895398,51,47,4,0,not_evaluated,not_evaluated
"Victory spoils.  Makes her spoiled already, in one way or another.",1.0784313725490196,0.0380210184895398,51,47,4,0,not_evaluated,not_evaluated
What are their names again?,1.0784313725490196,0.0472219395246756,51,48,2,1,not_evaluated,not_evaluated
holy shit is so stupid but at least I can get blackout drunk from the open bar,1.0784313725490196,0.0472219395246756,51,48,2,1,not_evaluated,not_evaluated
He started pillaging with his Dad when he was only 4.,1.0784313725490196,0.0380210184895398,51,47,4,0,not_evaluated,not_evaluated
They’ve taken the ‘love conquers all’ stuff a bit too far.,1.0784313725490196,0.0380210184895398,51,47,4,0,not_evaluated,not_evaluated
I thought this was a “Viking cruise” destination wedding.,1.0784313725490196,0.0380210184895398,51,47,4,0,not_evaluated,not_evaluated
Minnesota? season ticket holders ......,1.0784313725490196,0.0380210184895398,51,47,4,0,not_evaluated,not_evaluated
One of us will be sacrificed to Freyr at the end of the service.,1.0784313725490196,0.0380210184895398,51,47,4,0,not_evaluated,not_evaluated
"Sir, stop the ceremony, the sacrificial goat has gone missing!",1.0784313725490196,0.0380210184895398,51,47,4,0,not_evaluated,not_evaluated
The nerve of her steeling my idea for a theme wedding!,1.0784313725490196,0.0472219395246756,51,48,2,1,not_evaluated,not_evaluated
She strong-armed him into it.,1.0784313725490196,0.0380210184895398,51,47,4,0,not_evaluated,not_evaluated
Give it a rest. After all she agreed to stay away from fermented shark for dinner.,1.0784313725490196,0.0380210184895398,51,47,4,0,not_evaluated,not_evaluated
There are only two ushers because I heard that one of them was making his way through Valhalla when the reception on his mobile went.,1.0784313725490196,0.0380210184895398,51,47,4,0,not_evaluated,not_evaluated
They're both DVI - Descendents of the Viking Invasion.,1.0784313725490196,0.0380210184895398,51,47,4,0,not_evaluated,not_evaluated
They met at Viking-Con.,1.0784313725490196,0.0380210184895398,51,47,4,0,not_evaluated,not_evaluated
"He said he promises to plunder and pillage; that's love!""",1.0784313725490196,0.0380210184895398,51,47,4,0,not_evaluated,not_evaluated
"I wonder who'll call the shots in that relationship.""",1.0784313725490196,0.0380210184895398,51,47,4,0,not_evaluated,not_evaluated
I feel bad for the sheep that they’re gonna legitimize the marriage with,1.0769230769230769,0.0373131730825127,52,48,4,0,not_evaluated,not_evaluated
"Game of Thrones"" has taken over holy matrimony.",1.0769230769230769,0.0373131730825127,52,48,4,0,not_evaluated,not_evaluated
He'd just finished with the pillage and plunder parts and met her during that final bit.,1.0769230769230769,0.0463294797991181,52,49,2,1,not_evaluated,not_evaluated
This reminds me of the day I was plundered.,1.0769230769230769,0.0373131730825127,52,48,4,0,not_evaluated,not_evaluated
We hereby declare... how do you guys pronounce your names?,1.0769230769230769,0.0373131730825127,52,48,4,0,not_evaluated,not_evaluated
"I opted for the Lutefisk as my entree. I mean in for a dime in for a dollar, right?”",1.0769230769230769,0.0373131730825127,52,48,4,0,not_evaluated,not_evaluated
"By the power vested in me, I now pronounce you viking and shield-maiden.  You may kiss the bride.",1.0769230769230769,0.0373131730825127,52,48,4,0,not_evaluated,not_evaluated
I should bring my mexican hat.,1.0769230769230769,0.0373131730825127,52,48,4,0,not_evaluated,not_evaluated
Literally married to her Viking obsession.,1.0754716981132075,0.0454701021707417,53,50,2,1,not_evaluated,not_evaluated
I now pronounce you Björn and Mrs. Björn.,1.0754716981132075,0.0454701021707417,53,50,2,1,not_evaluated,not_evaluated
They’re on a tight budget and Gingiss gave them quite a discount.,1.0754716981132075,0.0366311450337415,53,49,4,0,not_evaluated,not_evaluated
I now pronounce you cave man and cave wife. You may now kiss the spear.,1.0754716981132075,0.0366311450337415,53,49,4,0,not_evaluated,not_evaluated
"If anyone can show just cause why this couple cannot lawfully be joined together in matrimony, let them speak now and the groom will tear them asunder.""",1.0754716981132075,0.0366311450337415,53,49,4,0,not_evaluated,not_evaluated
He's a veteran and he gets lots of great benefits.,1.0740740740740742,0.0359735504576763,54,50,4,0,not_evaluated,not_evaluated
what do you mean your credit card isn’t in your wallet...how are we going to pay for this shindig?,1.0689655172413792,0.033563052647744,58,54,4,0,not_evaluated,not_evaluated
"Do you take this man to have and to hold, to pillage and to raid, to maul and to savage and  never, ever, ever spoil  Game of Thrones?",1.0625,0.035308292679127,48,45,3,0,not_evaluated,not_evaluated
"Please enter 

""There goes his horniness.""",1.0625,0.035308292679127,48,45,3,0,not_evaluated,not_evaluated
"Talk about misplaced machismo!  False, and from personal experience, probably embarrassing.  He chose this Viking ceremony so he could say 'I vow you the first cut of my meat', and then later perform for the required witnesses at the consummation.",1.0625,0.035308292679127,48,45,3,0,not_evaluated,not_evaluated
"She wasn't a bridezilla, she was a bridezerker!",1.0625,0.035308292679127,48,45,3,0,not_evaluated,not_evaluated
I heard that Thor might make an appearance.,1.0625,0.035308292679127,48,45,3,0,not_evaluated,not_evaluated
"All hail, from cave to nave,  two pilgrims bind in bondage.",1.0625,0.035308292679127,48,45,3,0,not_evaluated,not_evaluated
These new Paleo-themed weddings are so popular these days.,1.0625,0.0461865819758285,48,46,1,1,not_evaluated,not_evaluated
It's the new paleo wedding trend.  All of the influencers are doing it.,1.0625,0.035308292679127,48,45,3,0,not_evaluated,not_evaluated
They went too far with traditional because now they look ancient.,1.0625,0.0461865819758285,48,46,1,1,not_evaluated,not_evaluated
They met on eDiscord.,1.0625,0.035308292679127,48,45,3,0,not_evaluated,not_evaluated
Damn Nerds,1.0625,0.0461865819758285,48,46,1,1,not_evaluated,not_evaluated
"… To have and to hold, in  woolen tunics and in furs…",1.0625,0.035308292679127,48,45,3,0,not_evaluated,not_evaluated
She wanted a guy who was viking for a living,1.0625,0.035308292679127,48,45,3,0,not_evaluated,not_evaluated
"You can't marry your Aunt just because you wear ""authentic"" Westeros clothing, George.",1.0625,0.035308292679127,48,45,3,0,not_evaluated,not_evaluated
"Do you promise to love, honor and cherish each other until the fat lady sings?",1.0625,0.035308292679127,48,45,3,0,not_evaluated,not_evaluated
"Looks like it's going to be a good 'ol fist fight, to get a groomsman.",1.0625,0.035308292679127,48,45,3,0,not_evaluated,not_evaluated
"And to think, he was an uncouth shy lad before they met.",1.0625,0.035308292679127,48,45,3,0,not_evaluated,not_evaluated
The invitation forgot to mention that the reception's in Oslo.,1.0625,0.0461865819758285,48,46,1,1,not_evaluated,not_evaluated
She wanted to toss us a severed head.,1.0625,0.035308292679127,48,45,3,0,not_evaluated,not_evaluated
"This ""Game of Thrones"" wedding theme has everything, but 'I do.'",1.0625,0.035308292679127,48,45,3,0,not_evaluated,not_evaluated
"THEY COULDN'T WAIT  TO MARRY SO  THEY
CAME TO RECITE THEIR VOWS BETWEEN
TAKES FROM  "" PRIMITIVE LOVE LIFE""",1.0625,0.035308292679127,48,45,3,0,not_evaluated,not_evaluated
You may now gore the bride”,1.0625,0.035308292679127,48,45,3,0,not_evaluated,not_evaluated
We're going raiding for our honeymoon.,1.0625,0.035308292679127,48,45,3,0,not_evaluated,not_evaluated
"Father, Smith, Warrior, Mother, Maiden, Thronee...",1.0625,0.035308292679127,48,45,3,0,not_evaluated,not_evaluated
For their honeymoon they'd like to raze Barcelona,1.0625,0.035308292679127,48,45,3,0,not_evaluated,not_evaluated
Where is the boat on fire?,1.0625,0.0461865819758285,48,46,1,1,not_evaluated,not_evaluated
Wait until you see the bride’s maids.,1.0625,0.035308292679127,48,45,3,0,not_evaluated,not_evaluated
I have second thoughts- I am going to definitely going to hold my piece!,1.0625,0.035308292679127,48,45,3,0,not_evaluated,not_evaluated
Can you believe this wedding is at 2PM on a Thursday?,1.0625,0.035308292679127,48,45,3,0,not_evaluated,not_evaluated
For as long as you both shall larp?,1.0625,0.035308292679127,48,45,3,0,not_evaluated,not_evaluated
"I, Hysteria, take thee, Geriatrix, to be my wedded husband...",1.0625,0.035308292679127,48,45,3,0,not_evaluated,not_evaluated
"Out of all of the places to pillage, of course he chose my in-laws!",1.0625,0.035308292679127,48,45,3,0,not_evaluated,not_evaluated
They met on a river cruise ironically.,1.0625,0.035308292679127,48,45,3,0,not_evaluated,not_evaluated
I asked them but they told me to get stuffed.,1.0625,0.035308292679127,48,45,3,0,not_evaluated,not_evaluated
*hiccup*,1.0625,0.035308292679127,48,45,3,0,not_evaluated,not_evaluated
More old fashioned than Game of  Thrones,1.0625,0.035308292679127,48,45,3,0,not_evaluated,not_evaluated
I thought this was going to be a shotgun wedding.,1.0625,0.035308292679127,48,45,3,0,not_evaluated,not_evaluated
I have to say I’m not finding anything about Viking weddings in this book!,1.0625,0.035308292679127,48,45,3,0,not_evaluated,not_evaluated
"To have and to pillage with, until glorious death do you part?",1.0625,0.0461865819758285,48,46,1,1,not_evaluated,not_evaluated
"Do you promise to pillage, slay until death do you part?",1.0625,0.035308292679127,48,45,3,0,not_evaluated,not_evaluated
I feel like it would have been cheaper to go with what they're wearing...,1.0625,0.035308292679127,48,45,3,0,not_evaluated,not_evaluated
"When I asked her where they were honeymoon bound, she said they couldn’t “Afyord” one. I am so over her.",1.0625,0.035308292679127,48,45,3,0,not_evaluated,not_evaluated
"Now that the white walker thing is over, they're honeymooning at Winterfell and then off the North! Never to be seen again, I guess.",1.0625,0.035308292679127,48,45,3,0,not_evaluated,not_evaluated
Not da NOSE rink -- da rink fo da finga!,1.0625,0.035308292679127,48,45,3,0,not_evaluated,not_evaluated
..SO how did you two meet?,1.0625,0.035308292679127,48,45,3,0,not_evaluated,not_evaluated
Those hip poaches have been is style for ages !,1.0625,0.0461865819758285,48,46,1,1,not_evaluated,not_evaluated
...to plunder and hunt together for the rest of your days....,1.0625,0.035308292679127,48,45,3,0,not_evaluated,not_evaluated
I thought she was kidding when she said she met her shining knight.,1.0625,0.035308292679127,48,45,3,0,not_evaluated,not_evaluated
"Is she becoming ""Mrs. Horrible"" or is she staying ""Miss Maiden""?",1.0625,0.035308292679127,48,45,3,0,not_evaluated,not_evaluated
"God, I love a good Viking 'ship.",1.0625,0.035308292679127,48,45,3,0,not_evaluated,not_evaluated
I’m getting paid to be here by the hour.,1.0625,0.035308292679127,48,45,3,0,not_evaluated,not_evaluated
"I thee wed in pillage, as in pillaged, in sea-sickness as in health.",1.0625,0.035308292679127,48,45,3,0,not_evaluated,not_evaluated
For their honeymoon they’ll be raping and pillaging Nova Scotia.,1.0625,0.035308292679127,48,45,3,0,not_evaluated,not_evaluated
She finally GoT her man ...,1.0625,0.035308292679127,48,45,3,0,not_evaluated,not_evaluated
They really love halloween,1.0625,0.035308292679127,48,45,3,0,not_evaluated,not_evaluated
They did their PHDs in raiding and pillaging,1.0625,0.035308292679127,48,45,3,0,not_evaluated,not_evaluated
"I NOW PRONOUNCE YOU  M&M
Neanderthales-Sapiences",1.0625,0.035308292679127,48,45,3,0,not_evaluated,not_evaluated
No dragons?,1.0625,0.035308292679127,48,45,3,0,not_evaluated,not_evaluated
With these weapons I do wed.....,1.0625,0.035308292679127,48,45,3,0,not_evaluated,not_evaluated
"Joe and Jane complete the final ceremony of their destination wedding in Walhalla, while aunt Bev is shouting at the kids to stop pilaging and marauding the venue",1.0625,0.0461865819758285,48,46,1,1,not_evaluated,not_evaluated
I asked about their honeymoon . She said they were going to keep it simple.,1.0625,0.0461865819758285,48,46,1,1,not_evaluated,not_evaluated
I think his wisdom teeth are improving!,1.0625,0.035308292679127,48,45,3,0,not_evaluated,not_evaluated
"For the honeymoon, they're plundering Scandinavia.",1.0625,0.035308292679127,48,45,3,0,not_evaluated,not_evaluated
"What? To have and to hold, to plunder and to pillage?",1.0625,0.035308292679127,48,45,3,0,not_evaluated,not_evaluated
"They met on a cruise to Iceland”
Tony Hornthal, Elizabeth City, NC 2790",1.0625,0.035308292679127,48,45,3,0,not_evaluated,not_evaluated
Brunhilda should know better than to go after the ring.,1.0625,0.035308292679127,48,45,3,0,not_evaluated,not_evaluated
They’re so ready for their honeymoon.,1.0625,0.035308292679127,48,45,3,0,not_evaluated,not_evaluated
Lrt'dget this over with so we can get to the ludenfiske!,1.0625,0.035308292679127,48,45,3,0,not_evaluated,not_evaluated
"I just love these destination weddings, don't you?",1.0625,0.035308292679127,48,45,3,0,not_evaluated,not_evaluated
"OK, so I'm rushing the season a bit.",1.0625,0.0461865819758285,48,46,1,1,not_evaluated,not_evaluated
Why couldn't we get matching outfits?,1.0625,0.035308292679127,48,45,3,0,not_evaluated,not_evaluated
I'm afraid we can't proceed until they check their weapons at the door.,1.0625,0.035308292679127,48,45,3,0,not_evaluated,not_evaluated
"Mod, taking the broadsword so early.",1.0625,0.035308292679127,48,45,3,0,not_evaluated,not_evaluated
"They're both a little rough around the edges, if you ask me.",1.0625,0.035308292679127,48,45,3,0,not_evaluated,not_evaluated
I thought she was just doing Paleo for the dress,1.0625,0.0461865819758285,48,46,1,1,not_evaluated,not_evaluated
... to hack and to goad...,1.0625,0.035308292679127,48,45,3,0,not_evaluated,not_evaluated
I think they said a river cruise honeymoon.,1.0625,0.035308292679127,48,45,3,0,not_evaluated,not_evaluated
"I do, I do. Now please put the sword down.",1.0625,0.035308292679127,48,45,3,0,not_evaluated,not_evaluated
Mauuuliage....,1.0625,0.035308292679127,48,45,3,0,not_evaluated,not_evaluated
I like this better than that Red Wedding.,1.0625,0.035308292679127,48,45,3,0,not_evaluated,not_evaluated
in Norway they have ”native origin weedings” what’s that?,1.0625,0.035308292679127,48,45,3,0,not_evaluated,not_evaluated
Must be taking one of those Viking cruises for their honeymoon.,1.0625,0.035308292679127,48,45,3,0,not_evaluated,not_evaluated
Spear now or forever hold your piece.,1.0625,0.035308292679127,48,45,3,0,not_evaluated,not_evaluated
They really naked this destination wedding...,1.0625,0.035308292679127,48,45,3,0,not_evaluated,not_evaluated
They wrote their own vows.,1.0625,0.035308292679127,48,45,3,0,not_evaluated,not_evaluated
The grooms’s cake is still bleeding,1.0625,0.035308292679127,48,45,3,0,not_evaluated,not_evaluated
"I complained about this outfit, too, but how can you argue with that sword!",1.0625,0.035308292679127,48,45,3,0,not_evaluated,not_evaluated
"I hear that the cake is going to be paleo, too.",1.0625,0.0461865819758285,48,46,1,1,not_evaluated,not_evaluated
"Next,Game of Thrones",1.0625,0.035308292679127,48,45,3,0,not_evaluated,not_evaluated
"This paleo thing started with a diet, but I think it's gone a bit too far.",1.0625,0.035308292679127,48,45,3,0,not_evaluated,not_evaluated
They met on Halloween,1.0625,0.035308292679127,48,45,3,0,not_evaluated,not_evaluated
They said they wanted their wedding to be timeless.,1.0625,0.035308292679127,48,45,3,0,not_evaluated,not_evaluated
"I am sorry to announce I cannot proceed with the ceremony, as it was paid in Bitcoin by Reggie Fowler.",1.0625,0.0461865819758285,48,46,1,1,not_evaluated,not_evaluated
"Marge, you know this is no shotgun wedding!",1.0625,0.035308292679127,48,45,3,0,not_evaluated,not_evaluated
"I think they plan to pillage and plunder on their honeymoon.""",1.0625,0.035308292679127,48,45,3,0,not_evaluated,not_evaluated
I heard that the reception is in Lappland!,1.0625,0.035308292679127,48,45,3,0,not_evaluated,not_evaluated
"They met at a ""come as you are"" party.",1.0625,0.035308292679127,48,45,3,0,not_evaluated,not_evaluated
"After they exchange oaths, they are having a paleo buffet.",1.0625,0.035308292679127,48,45,3,0,not_evaluated,not_evaluated
In plundering and in pillaging ...,1.0625,0.035308292679127,48,45,3,0,not_evaluated,not_evaluated
They didn't expect the raid to last so long.,1.0625,0.035308292679127,48,45,3,0,not_evaluated,not_evaluated
Thank god it's an open mead bar.,1.0625,0.035308292679127,48,45,3,0,not_evaluated,not_evaluated
Not me sister.  Ain't no way I'm catching the bridal bouquet and following it her footsteps - no matter how nice the guy's cave.,1.0625,0.035308292679127,48,45,3,0,not_evaluated,not_evaluated
"'I thought they only wanted to die with their sword in their hand.""",1.0625,0.0461865819758285,48,46,1,1,not_evaluated,not_evaluated
It was your idea to have our wedding on Halloween.,1.0625,0.0461865819758285,48,46,1,1,not_evaluated,not_evaluated
Hagar only agreed to this because the barkeep offered a discount on the keg.,1.0625,0.035308292679127,48,45,3,0,not_evaluated,not_evaluated
Going eco-friendly is a bit too much,1.0625,0.035308292679127,48,45,3,0,not_evaluated,not_evaluated
It's just one of those stages...,1.0625,0.0461865819758285,48,46,1,1,not_evaluated,not_evaluated
I heard it's because of his sexual shortcoming.,1.0625,0.035308292679127,48,45,3,0,not_evaluated,not_evaluated
She’s giving him dagger looks.”,1.0625,0.035308292679127,48,45,3,0,not_evaluated,not_evaluated
And do you both promise to hack away at each other’s enemies as long as you both shall live?,1.0625,0.035308292679127,48,45,3,0,not_evaluated,not_evaluated
It won’t happen without Farve.,1.0625,0.035308292679127,48,45,3,0,not_evaluated,not_evaluated
"Mazeltov! In lieu of stomping on a glass, you may now behead the usher of your choice.",1.0625,0.035308292679127,48,45,3,0,not_evaluated,not_evaluated
Armistice at last!,1.0625,0.035308292679127,48,45,3,0,not_evaluated,not_evaluated
"Strange vibe to all this.""",1.0625,0.0461865819758285,48,46,1,1,not_evaluated,not_evaluated
"Yeah, but the other bridezillas didn't have a sword.""
Miriam Salzer, Pacifica C",1.0625,0.035308292679127,48,45,3,0,not_evaluated,not_evaluated
The best man couldn't make it.  He's on a raid.,1.0625,0.035308292679127,48,45,3,0,not_evaluated,not_evaluated
"I used to be one of them, but it changed when I got to America.",1.0625,0.035308292679127,48,45,3,0,not_evaluated,not_evaluated
"Hey, only 2 groomsmen, and they are only paying us minimum wage! I am frigin out of here!",1.0625,0.035308292679127,48,45,3,0,not_evaluated,not_evaluated
Did I just hear a vow about pillaging?,1.0625,0.035308292679127,48,45,3,0,not_evaluated,not_evaluated
No doubt a clashing entanglement.,1.0625,0.0461865819758285,48,46,1,1,not_evaluated,not_evaluated
He refused to let her fly on a MAX 8..... so here we are,1.0625,0.035308292679127,48,45,3,0,not_evaluated,not_evaluated
Their,1.0625,0.035308292679127,48,45,3,0,not_evaluated,not_evaluated
"...promise to love, honor, obey,and join in plunder
until death do we part.",1.0625,0.035308292679127,48,45,3,0,not_evaluated,not_evaluated
The theme fits their looks.,1.0625,0.035308292679127,48,45,3,0,not_evaluated,not_evaluated
Turns out her bouquet didn't match her dress....,1.0625,0.0461865819758285,48,46,1,1,not_evaluated,not_evaluated
She is holding an Excalibur a very Deadly Sword,1.0625,0.035308292679127,48,45,3,0,not_evaluated,not_evaluated
What kind of a gig is this? Don't they know that three into two won't go?,1.0625,0.035308292679127,48,45,3,0,not_evaluated,not_evaluated
His family predates the Lenape Indians. They live in a cave on the upper east side.,1.0625,0.035308292679127,48,45,3,0,not_evaluated,not_evaluated
The helmet really makes the occasion.,1.0625,0.035308292679127,48,45,3,0,not_evaluated,not_evaluated
The pillaging was very successful.,1.0625,0.035308292679127,48,45,3,0,not_evaluated,not_evaluated
I hear the reception is going to be quite a battle.,1.0625,0.035308292679127,48,45,3,0,not_evaluated,not_evaluated
They met on BCEHarmony.,1.0625,0.0461865819758285,48,46,1,1,not_evaluated,not_evaluated
Don't even ask about what happened to Hilda's bridesmaids after her first marriage.,1.0625,0.035308292679127,48,45,3,0,not_evaluated,not_evaluated
You marry me or I kill you!,1.0612244897959184,0.0346037244037003,49,46,3,0,not_evaluated,not_evaluated
I wonder where he dug her up?,1.0612244897959184,0.0452521588287417,49,47,1,1,not_evaluated,not_evaluated
I expect it to last ten years or until the Mongols invade.,1.0612244897959184,0.0452521588287417,49,47,1,1,not_evaluated,not_evaluated
I know they have been dating a while but he looks pretty horny to me,1.0612244897959184,0.0346037244037003,49,46,3,0,not_evaluated,not_evaluated
"They met a furry convention, but that seems like years ago!",1.0612244897959184,0.0346037244037003,49,46,3,0,not_evaluated,not_evaluated
Our Balder who art in heaven...,1.0612244897959184,0.0346037244037003,49,46,3,0,not_evaluated,not_evaluated
They wanted to hold the wedding in Greenland but the airline wouldn’t let them take the weapons on board.,1.0612244897959184,0.0346037244037003,49,46,3,0,not_evaluated,not_evaluated
"You bonk her over the head after you say, I do.'",1.0612244897959184,0.0346037244037003,49,46,3,0,not_evaluated,not_evaluated
Now would be the time to voice your concerns,1.0612244897959184,0.0346037244037003,49,46,3,0,not_evaluated,not_evaluated
"It was fate, they were both assigned to our firm’s budget cutting team.",1.0612244897959184,0.0346037244037003,49,46,3,0,not_evaluated,not_evaluated
I now pronounce you brute and pillager.,1.0612244897959184,0.0346037244037003,49,46,3,0,not_evaluated,not_evaluated
I hope when he kisses the bride he removes his horns.,1.0612244897959184,0.0346037244037003,49,46,3,0,not_evaluated,not_evaluated
"The Norse won the war, and this one won the girl. (Third groomsmen is playing the goat horn in the back).",1.0612244897959184,0.0452521588287417,49,47,1,1,not_evaluated,not_evaluated
We eliminated a 'Game of Thrones' with 2 bathrooms.,1.0612244897959184,0.0346037244037003,49,46,3,0,not_evaluated,not_evaluated
They are going on a hunting trip for their honeymoon.,1.0612244897959184,0.0346037244037003,49,46,3,0,not_evaluated,not_evaluated
Her parents' wedding theme was Neanderthal.,1.0612244897959184,0.0346037244037003,49,46,3,0,not_evaluated,not_evaluated
'They were made to be together.',1.0612244897959184,0.0346037244037003,49,46,3,0,not_evaluated,not_evaluated
This ceremony is one for the Ages.,1.0612244897959184,0.0346037244037003,49,46,3,0,not_evaluated,not_evaluated
You have about 30 minutes to lose your virginity or be sacrificed.,1.0612244897959184,0.0452521588287417,49,47,1,1,not_evaluated,not_evaluated
Good luck.,1.0612244897959184,0.0346037244037003,49,46,3,0,not_evaluated,not_evaluated
"Do you, Jane, promise to sweep, wash the cave walls, bring water, wash clothes, and cook?""
""And do you, John, promise to go fishing?",1.0612244897959184,0.0346037244037003,49,46,3,0,not_evaluated,not_evaluated
They spent too much time in that Nordic trainer.,1.0612244897959184,0.0346037244037003,49,46,3,0,not_evaluated,not_evaluated
"Do you promise never to serve ""pressed meat?""",1.0612244897959184,0.0346037244037003,49,46,3,0,not_evaluated,not_evaluated
"We're OK, but what's with the spats and bow ties?",1.0612244897959184,0.0346037244037003,49,46,3,0,not_evaluated,not_evaluated
It's a nice day for a... viking wedding.,1.0612244897959184,0.0346037244037003,49,46,3,0,not_evaluated,not_evaluated
If we kiss each other will we both turn into princes and princesses?,1.0612244897959184,0.0452521588287417,49,47,1,1,not_evaluated,not_evaluated
Can't wait for the goat slaughtering at the reception.  And catching the kransen won't keep the groomsmen at bay.,1.0612244897959184,0.0346037244037003,49,46,3,0,not_evaluated,not_evaluated
They met last winter on a longboat cruise.,1.0612244897959184,0.0346037244037003,49,46,3,0,not_evaluated,not_evaluated
"And with your weapons, I believe ""Until Death Do We Part"" will be true for the two of you.",1.0612244897959184,0.0346037244037003,49,46,3,0,not_evaluated,not_evaluated
"...now, with the power invested in me by Thor, god of thunder...",1.0612244897959184,0.0346037244037003,49,46,3,0,not_evaluated,not_evaluated
I hope they don’t serve mutton during the reception. I’m a vegetarian!,1.0612244897959184,0.0346037244037003,49,46,3,0,not_evaluated,not_evaluated
Can you believe their first break-up was over his LARP addiction?,1.0612244897959184,0.0346037244037003,49,46,3,0,not_evaluated,not_evaluated
They’re serving kornmjolsgrot at the reception. Delicious!,1.0612244897959184,0.0452521588287417,49,47,1,1,not_evaluated,not_evaluated
Pretty good turn out for a longbow wedding,1.0612244897959184,0.0346037244037003,49,46,3,0,not_evaluated,not_evaluated
I wonder who'll wear the pants in this family.,1.0612244897959184,0.0346037244037003,49,46,3,0,not_evaluated,not_evaluated
"Because her cousin did a Goth wedding, she's got to do the Visigoth?and",1.0612244897959184,0.0346037244037003,49,46,3,0,not_evaluated,not_evaluated
"Do you promise to love,honor,and obey and never club again?",1.06,0.0443547848464572,50,48,1,1,not_evaluated,not_evaluated
Do you think think Eric is really a communist?,1.06,0.0443547848464572,50,48,1,1,not_evaluated,not_evaluated
Redheads. Wedding planners hate 'em.,1.06,0.0339266916772511,50,47,3,0,not_evaluated,not_evaluated
Are you sure you two want to get married at this day in age?,1.06,0.0443547848464572,50,48,1,1,not_evaluated,not_evaluated
Ooffda !  Our legal Momma & Papa !!,1.06,0.0339266916772511,50,47,3,0,not_evaluated,not_evaluated
'You can't really have a Viking wedding if there isn't a bloodshed',1.06,0.0339266916772511,50,47,3,0,not_evaluated,not_evaluated
Loki....THIS  is gonna last.  Not.,1.06,0.0339266916772511,50,47,3,0,not_evaluated,not_evaluated
They are committed to a marriage of equals.,1.06,0.0443547848464572,50,48,1,1,not_evaluated,not_evaluated
Is that a new style of clothing?,1.06,0.0339266916772511,50,47,3,0,not_evaluated,not_evaluated
He hasn't told her where they're going  for their honeymoon raid.,1.06,0.0339266916772511,50,47,3,0,not_evaluated,not_evaluated
Rings? Vows? I thought I was supposed to bring her a hunted cow.,1.06,0.0339266916772511,50,47,3,0,not_evaluated,not_evaluated
They met on LoveCave.com.,1.0588235294117647,0.0434923000251349,51,49,1,1,not_evaluated,not_evaluated
"How old is too old to be a bridesmaid?  My friends are literally Vikings, that's how old I am.  Enough! I should be napping in the back of the church, instead I'm up here acting like a fool.  A fool! Hopefully the seafood buffet will be good anyway",1.0588235294117647,0.0434923000251349,51,49,1,1,not_evaluated,not_evaluated
Could you turn the fan down a touch?,1.0576923076923077,0.0426627090199534,52,50,1,1,not_evaluated,not_evaluated
Should we tell Sally about the scandal?,1.0444444444444445,0.0310677909075347,45,43,2,0,not_evaluated,not_evaluated
"Ok, fine. But will he have to club her before he carries her over the threshold?",1.0444444444444445,0.0444444444444444,45,44,0,1,not_evaluated,not_evaluated
Who says marriage is an outdated institution?,1.0444444444444445,0.0310677909075347,45,43,2,0,not_evaluated,not_evaluated
"Did the Priest say, ""...till death you apart""?  By the looks of it, this marriage won't last long.",1.0444444444444445,0.0310677909075347,45,43,2,0,not_evaluated,not_evaluated
"Do you, Sven, promise to love, honor, and pillage?”",1.0444444444444445,0.0310677909075347,45,43,2,0,not_evaluated,not_evaluated
"She told him that if they didn't have a traditional wedding, she'd go berserk.",1.0444444444444445,0.0310677909075347,45,43,2,0,not_evaluated,not_evaluated
"Through leprosy, and through health.",1.0444444444444445,0.0444444444444444,45,44,0,1,not_evaluated,not_evaluated
"... in sickness and in health, through both good and bad initiative rolls, through critical hits and critical failures, and even when facing an undead horde without a cleric.",1.0444444444444445,0.0310677909075347,45,43,2,0,not_evaluated,not_evaluated
"When you play the game of thrones, till death do you part.",1.0444444444444445,0.0310677909075347,45,43,2,0,not_evaluated,not_evaluated
"How long until ""death do you part""?",1.0444444444444445,0.0310677909075347,45,43,2,0,not_evaluated,not_evaluated
They'll be honeymooning at the Four Seasons of Plundering.,1.0444444444444445,0.0310677909075347,45,43,2,0,not_evaluated,not_evaluated
"By Thor, he said he'e marry her and he is.",1.0444444444444445,0.0310677909075347,45,43,2,0,not_evaluated,not_evaluated
"They met at Starbucks, over a cup of iced latte!",1.0444444444444445,0.0310677909075347,45,43,2,0,not_evaluated,not_evaluated
"At the end of Avengers Endgame, Captain America dies.",1.0444444444444445,0.0310677909075347,45,43,2,0,not_evaluated,not_evaluated
This GoT obsession is getting entirely out of hand.,1.0444444444444445,0.0310677909075347,45,43,2,0,not_evaluated,not_evaluated
"And, now, I try to pronounce you, Ødger, and you, Ulhild, man and wife.",1.0444444444444445,0.0310677909075347,45,43,2,0,not_evaluated,not_evaluated
It,1.0444444444444445,0.0310677909075347,45,43,2,0,not_evaluated,not_evaluated
She really likes their appliances.,1.0444444444444445,0.0310677909075347,45,43,2,0,not_evaluated,not_evaluated
She says the've conquered everyhintg except long-term commitment.,1.0444444444444445,0.0310677909075347,45,43,2,0,not_evaluated,not_evaluated
...till raiding and pillaging do us part.,1.0444444444444445,0.0310677909075347,45,43,2,0,not_evaluated,not_evaluated
"She's been single for ages, and she finally got a real man.",1.0444444444444445,0.0310677909075347,45,43,2,0,not_evaluated,not_evaluated
Do you think this ‘stone shot’ marriage will last?,1.0444444444444445,0.0310677909075347,45,43,2,0,not_evaluated,not_evaluated
I think they met on a fjord cruise.,1.0444444444444445,0.0310677909075347,45,43,2,0,not_evaluated,not_evaluated
"And, are you liking this Viking?",1.0444444444444445,0.0310677909075347,45,43,2,0,not_evaluated,not_evaluated
Looks like you're out of luck.,1.0444444444444445,0.0310677909075347,45,43,2,0,not_evaluated,not_evaluated
They met on a blind date and just clicked!,1.0444444444444445,0.0310677909075347,45,43,2,0,not_evaluated,not_evaluated
"I'll take out the Matron of Honor if you let me have the Best Man, otherwise I'm taking you out.",1.0444444444444445,0.0310677909075347,45,43,2,0,not_evaluated,not_evaluated
At least we won't be set on fire.,1.0444444444444445,0.0310677909075347,45,43,2,0,not_evaluated,not_evaluated
I now pronounce you throne of games winners,1.0444444444444445,0.0310677909075347,45,43,2,0,not_evaluated,not_evaluated
"I love these mixed marriages, i feel so relevant.",1.0444444444444445,0.0310677909075347,45,43,2,0,not_evaluated,not_evaluated
It's over once the raiding and pillaging starts.,1.0444444444444445,0.0310677909075347,45,43,2,0,not_evaluated,not_evaluated
"This should be quick; they're between episodes of their ""Game of Thrones"" binge watch.",1.0444444444444445,0.0310677909075347,45,43,2,0,not_evaluated,not_evaluated
"Do you, Sylvia, take this man, Ghengis, as your lawfully wedded husband?",1.0444444444444445,0.0310677909075347,45,43,2,0,not_evaluated,not_evaluated
This wedding is so expensive and cool that no one will notice a little continuity issue like two Vikings.,1.0444444444444445,0.0310677909075347,45,43,2,0,not_evaluated,not_evaluated
They'll be fine in this new earth.,1.0444444444444445,0.0310677909075347,45,43,2,0,not_evaluated,not_evaluated
Diane threw her flowers really far last year.,1.0444444444444445,0.0310677909075347,45,43,2,0,not_evaluated,not_evaluated
They're pillaging an island for the honeymoon.,1.0444444444444445,0.0310677909075347,45,43,2,0,not_evaluated,not_evaluated
"I don't get it.""
""You mean their costumes or the word marriage?
""...Both..?",1.0444444444444445,0.0310677909075347,45,43,2,0,not_evaluated,not_evaluated
"A pro gun control rally brought them together, so this is their idea of a more perfect union",1.0444444444444445,0.0310677909075347,45,43,2,0,not_evaluated,not_evaluated
I sure hope they prefer men limbs to women limbs for the wedding dinner.,1.0444444444444445,0.0310677909075347,45,43,2,0,not_evaluated,not_evaluated
"I predict they'll have three or four good years and then things will slowly fall apart, but they'll drag it out a while longer just to punish us.",1.0444444444444445,0.0310677909075347,45,43,2,0,not_evaluated,not_evaluated
some people will go to any length to keep Jammie and Brienne together on Game of Thrones,1.0444444444444445,0.0310677909075347,45,43,2,0,not_evaluated,not_evaluated
They got held up in traffic!,1.0444444444444445,0.0310677909075347,45,43,2,0,not_evaluated,not_evaluated
"The good old days, How sweet it is to be in Love..",1.0444444444444445,0.0310677909075347,45,43,2,0,not_evaluated,not_evaluated
Would you believe it? All four of us are finally married and I have to rush off to a Viking funeral.,1.0444444444444445,0.0310677909075347,45,43,2,0,not_evaluated,not_evaluated
"I do, I don’t, I do, I don’t...",1.0444444444444445,0.0310677909075347,45,43,2,0,not_evaluated,not_evaluated
The wedding March?  Ride of the Walkers.,1.0444444444444445,0.0310677909075347,45,43,2,0,not_evaluated,not_evaluated
"Why don't they want ""Lucky"" here?",1.0444444444444445,0.0310677909075347,45,43,2,0,not_evaluated,not_evaluated
"Yes, I do, he does. We do (have made a post-nuptial agreement).",1.0444444444444445,0.0310677909075347,45,43,2,0,not_evaluated,not_evaluated
(whispers)...I think we need to call 911.,1.0444444444444445,0.0310677909075347,45,43,2,0,not_evaluated,not_evaluated
"You know, I’ve always just assumed LARPers were against modern social structures.",1.0444444444444445,0.0310677909075347,45,43,2,0,not_evaluated,not_evaluated
We’re finally witnessing same-epoch marriage... love wins!,1.0444444444444445,0.0310677909075347,45,43,2,0,not_evaluated,not_evaluated
"Did he just say, Ellen and Trevor?",1.0444444444444445,0.0310677909075347,45,43,2,0,not_evaluated,not_evaluated
Until mammoth do you part?,1.0444444444444445,0.0310677909075347,45,43,2,0,not_evaluated,not_evaluated
"Did he say, I did?",1.0444444444444445,0.0310677909075347,45,43,2,0,not_evaluated,not_evaluated
Dearly Beloved...,1.0444444444444445,0.0310677909075347,45,43,2,0,not_evaluated,not_evaluated
"Vikings is good, but Game of  Thrones is better.",1.0444444444444445,0.0444444444444444,45,44,0,1,not_evaluated,not_evaluated
"Hey Gertrude
I love their outfits!",1.0444444444444445,0.0310677909075347,45,43,2,0,not_evaluated,not_evaluated
"Frankly,it's the paleo receptions that I object to",1.0444444444444445,0.0310677909075347,45,43,2,0,not_evaluated,not_evaluated
"Brumhilde like Thor, but he was wasn't tough enough for her!",1.0444444444444445,0.0310677909075347,45,43,2,0,not_evaluated,not_evaluated
Oh the blubbering when she said yes to the dress!,1.0444444444444445,0.0310677909075347,45,43,2,0,not_evaluated,not_evaluated
Can you believe they met on vacation?,1.0444444444444445,0.0310677909075347,45,43,2,0,not_evaluated,not_evaluated
check the spats,1.0444444444444445,0.0310677909075347,45,43,2,0,not_evaluated,not_evaluated
She told me her true love is one of those marvelous Avengers.,1.0444444444444445,0.0444444444444444,45,44,0,1,not_evaluated,not_evaluated
"Apparently, they’ve had the whole affair pillaged.",1.0444444444444445,0.0310677909075347,45,43,2,0,not_evaluated,not_evaluated
The paleo diet must have backfired.,1.0444444444444445,0.0310677909075347,45,43,2,0,not_evaluated,not_evaluated
I told you the other usher wouldn't show because he's still mad the Florida amusement park turned his favorite ride to ice.,1.0444444444444445,0.0310677909075347,45,43,2,0,not_evaluated,not_evaluated
I don't know why we had to dress up if the groomsmen didn't.,1.0444444444444445,0.0310677909075347,45,43,2,0,not_evaluated,not_evaluated
It's not your typical Renaissance Fair wedding.,1.0444444444444445,0.0444444444444444,45,44,0,1,not_evaluated,not_evaluated
He's to shield-maiden.,1.0444444444444445,0.0310677909075347,45,43,2,0,not_evaluated,not_evaluated
I was only kidding when I,1.0444444444444445,0.0310677909075347,45,43,2,0,not_evaluated,not_evaluated
*fart*,1.0444444444444445,0.0310677909075347,45,43,2,0,not_evaluated,not_evaluated
They told me Elon Musk is paying for the honeymoon,1.0444444444444445,0.0310677909075347,45,43,2,0,not_evaluated,not_evaluated
Are you his sister or his aunt?,1.0444444444444445,0.0310677909075347,45,43,2,0,not_evaluated,not_evaluated
"Dearly Beloved, Who is the Wagnerian wedding planner?",1.0444444444444445,0.0310677909075347,45,43,2,0,not_evaluated,not_evaluated
"Gretchen and Olaf, I now pronounce you wife and sexual abuser.",1.0444444444444445,0.0310677909075347,45,43,2,0,not_evaluated,not_evaluated
I  heard they're honeymoon is going to be one of those river cruises.,1.0434782608695652,0.0304002564687,46,44,2,0,not_evaluated,not_evaluated
See?  I told you cosplay works better than swiping!,1.0434782608695652,0.0304002564687,46,44,2,0,not_evaluated,not_evaluated
I'll give them 2 years max.,1.0434782608695652,0.0304002564687,46,44,2,0,not_evaluated,not_evaluated
"I now pronounce us man, wife and me your wife's boyfriend. Additionally, I would like to thank you for choosing an Episcopalian wedding.",1.0434782608695652,0.0304002564687,46,44,2,0,not_evaluated,not_evaluated
I think they were supposed to wear tusks!,1.0434782608695652,0.0304002564687,46,44,2,0,not_evaluated,not_evaluated
Are they actually wearing matching boots?,1.0434782608695652,0.0304002564687,46,44,2,0,not_evaluated,not_evaluated
Congrats to #takingthebullbythehorns.,1.0434782608695652,0.0304002564687,46,44,2,0,not_evaluated,not_evaluated
They may plunder but the guest are still more pleasant then the guest at the Royal Wedding,1.0434782608695652,0.0304002564687,46,44,2,0,not_evaluated,not_evaluated
They are cutting the cake with a guillotine!,1.0434782608695652,0.0304002564687,46,44,2,0,not_evaluated,not_evaluated
Bridesmaid #2: He was my first husband,1.0434782608695652,0.0304002564687,46,44,2,0,not_evaluated,not_evaluated
"And do you take Skrog to be your lawfully, wicked battalion stallion?",1.0434782608695652,0.0304002564687,46,44,2,0,not_evaluated,not_evaluated
You May now harpoon the bride,1.0434782608695652,0.0304002564687,46,44,2,0,not_evaluated,not_evaluated
"I AM KING AND QUEEN OF HUHU LAND 
WE ARE HERE ON INVITATION",1.0434782608695652,0.0304002564687,46,44,2,0,not_evaluated,not_evaluated
Paleo!,1.0434782608695652,0.0304002564687,46,44,2,0,not_evaluated,not_evaluated
They Met at the Peace Corp,1.0434782608695652,0.0304002564687,46,44,2,0,not_evaluated,not_evaluated
"And when they die, they go to VanHalen.",1.0434782608695652,0.0304002564687,46,44,2,0,not_evaluated,not_evaluated
"...to have and to hold, until ratings do you part.",1.0434782608695652,0.0304002564687,46,44,2,0,not_evaluated,not_evaluated
I think they are taking this Game of Thrones mania too far.,1.0434782608695652,0.0304002564687,46,44,2,0,not_evaluated,not_evaluated
I was wondering how they pared down the guest list.,1.0425531914893618,0.0425531914893616,47,46,0,1,not_evaluated,not_evaluated
I didn't know I was supposed to wear formal attire!,1.0425531914893618,0.0297607917523503,47,45,2,0,not_evaluated,not_evaluated
Nowadays they’ll let anyone marry. How barbaric?,1.0425531914893618,0.0425531914893616,47,46,0,1,not_evaluated,not_evaluated
I hope their marriage outlasts their game.,1.0416666666666667,0.029147663515556,48,46,2,0,not_evaluated,not_evaluated
"Well, she did say it was going to be a lacey wedding!",1.03921568627451,0.0274509803921567,51,49,2,0,not_evaluated,not_evaluated
