caption,mean,precision,votes,not_funny,somewhat_funny,funny,llm_humor_labels,llm_sentiment
It prints out his tweets. All the new uniforms have them.,2.1800242456896552,0.0064262542737504,14848,3456,5263,6129,wit-surprise,neutral
You can't imagine what it's like to have someone stare at your chest and never look you in the eye.,2.04315886134068,0.0069951628571062,13068,3908,4688,4472,unknown,negative
"And this, I’m proudest of: a list of all the names the President has called me.",2.015746162367463,0.0069597448021949,12638,3770,4899,3969,wit-surprise,positive
After the budget cuts we only get a list of the medals,1.9658680357482408,0.0075411673132524,10518,3331,4215,2972,unknown,negative
I was stationed at CVS during the War on Drugs.,1.936599962595848,0.0113208481874712,5347,2012,1662,1673,incongruity-absurdity,neutral
"That, madam, is the price of freedom.",1.9310280893668303,0.0077779512077271,10787,3917,3697,3173,wit-surprise,negative
"I got the blue one in Kosovo, and the long white one at Costco",1.912882932166302,0.0092130227443837,7312,2615,2719,1978,unknown,neutral
It’s the Paper Heart for bureaucratic valor.,1.9042228994340444,0.0082905031210565,9188,3383,3302,2503,unknown,neutral
Oh this? It’s a list of all the bosses I’ve had since Trump became President.,1.864922584089696,0.0081662713544724,9365,3642,3346,2377,unknown,neutral
"Wait, if my grocery list is here, I must have left the nuclear codes in my cart.",1.8647095052350648,0.0082043840892694,9742,3942,3176,2624,sarcasm,neutral
"Hopefully soon, China will start making our medals again.",1.84380138112463,0.0099961424010774,6082,2397,2238,1447,not_evaluated,not_evaluated
"Yes, it's a receipt.  I'm General Store.",1.8258719416970328,0.0129701358007002,3842,1634,1243,965,not_evaluated,not_evaluated
I was in the merchant marines.,1.8159509202453987,0.0082399353907868,8965,3705,3205,2055,not_evaluated,not_evaluated
"Everybody has a price, but not everybody offers a detailed invoice.",1.8128123580190825,0.0081465668867586,8804,3550,3352,1902,not_evaluated,not_evaluated
This is a list of things I can’t comment on.,1.7856341189674525,0.012613135300393,3564,1474,1380,710,not_evaluated,not_evaluated
Live tweets. He likes your dress.,1.7621942179392145,0.0094177748998553,6745,3010,2329,1406,not_evaluated,not_evaluated
We think it's always important to have a paper trail.,1.7538115471132216,0.0116188542432408,4001,1694,1598,709,not_evaluated,not_evaluated
I print out the Commander-In-Chief's tweets on toilet paper so I can properly deploy them.,1.7460087082728593,0.0127357506798942,4134,2044,1096,994,not_evaluated,not_evaluated
That's the list of subpoenas I've been ordered to ignore.,1.7407407407407407,0.011953820972052,4104,1873,1422,809,not_evaluated,not_evaluated
"Yes, I do know how much this war is going to cost us.",1.7335050808644623,0.0087905062354049,6987,3065,2719,1203,not_evaluated,not_evaluated
My resignation speech in case I'm overcome with moral courage.,1.72267620020429,0.012403971531994,3916,1873,1256,787,not_evaluated,not_evaluated
The medals are for kicking ass. The paper is for taking names.,1.7223117660603269,0.0116129505549977,4343,2042,1465,836,not_evaluated,not_evaluated
"They're for valor, loyalty, courage, and my wife's to dos.",1.6996799096215405,0.0100668801880474,5311,2466,1974,871,not_evaluated,not_evaluated
That one is for fighting high prices.,1.6949319660816409,0.0078272041928243,10142,5202,2845,2095,not_evaluated,not_evaluated
"Came with the Uniform. It says ""Do Not Remove Under Penalty of Law.""",1.6917427550615325,0.010811619638143,5038,2499,1593,946,not_evaluated,not_evaluated
It was quid pro quo. I have the receipts.,1.6882449650637072,0.0108562513364059,4866,2390,1603,873,not_evaluated,not_evaluated
"And at the end of my service, I received an honorable surcharge",1.687715269804822,0.0110976845288732,4355,2060,1595,700,not_evaluated,not_evaluated
"No, not Kosovo. Costco.",1.6870662460567822,0.0106902327285425,4755,2276,1694,785,not_evaluated,not_evaluated
"Dear,when I said wear the President's insults as a badge of honor,I didn't mean literally.",1.6833787465940055,0.0127125053814983,3670,1853,1126,691,not_evaluated,not_evaluated
And I got red tape coming out of my ass,1.6780460727171802,0.0133256229986883,3603,1919,925,759,not_evaluated,not_evaluated
My allowed responses to questions from the President.,1.676477458537725,0.0111817707679342,4281,2062,1542,677,not_evaluated,not_evaluated
"To make things easier, it's a list of topics the White House prohibits me from discussing.",1.669132605881265,0.0098761655601092,5407,2626,1948,833,not_evaluated,not_evaluated
"The medals are for service to my country. 
The receipt is for selling out my country to Donald Trump.",1.6586538461538465,0.0144773974786322,2912,1555,796,561,not_evaluated,not_evaluated
Pardon me sir but your slip is showing.,1.6551459293394777,0.015025664977721,2604,1369,764,471,not_evaluated,not_evaluated
Please read and initial the consent form and I'll buy you a drink.,1.651454496930878,0.0120933755926997,3747,1907,1239,601,not_evaluated,not_evaluated
The top one means I qualify as a 4-star general.  The bottom one means I qualify for a free caramel macchiato at Starbucks.,1.6473544191545966,0.0125995563250676,3383,1715,1146,522,not_evaluated,not_evaluated
It's proof I'm a survivor - a list of all the Trump officials who resigned before me.,1.6321868583162218,0.0118082843697579,3896,2038,1253,605,not_evaluated,not_evaluated
It's a running tab — on what that damned wall is costing us.,1.6292001189414214,0.0126406737636452,3363,1758,1094,511,not_evaluated,not_evaluated
I need that to keep track of the President’s positions on foreign policy,1.6283309957924264,0.0141152402307423,2852,1537,838,477,not_evaluated,not_evaluated
That's just his tweets since I got here.,1.620010934937124,0.0173712371109531,1829,984,556,289,not_evaluated,not_evaluated
This?  It’s because the Army ran out of Purple Hearts and just gave me a receipt for my left arm.,1.619395203336809,0.0141566021401272,2877,1585,802,490,not_evaluated,not_evaluated
My eyes are up here.,1.6175936023264268,0.0140514544425248,2751,1474,855,422,not_evaluated,not_evaluated
I served in Black Friday.,1.6129251700680272,0.0135203387421438,2940,1579,920,441,not_evaluated,not_evaluated
"Until Congress passes a budget, we are running a tab",1.610601001669449,0.0144951193634155,2396,1251,827,318,not_evaluated,not_evaluated
I have trouble remembering the launch codes,1.597644141351519,0.0182062894730282,1613,886,490,237,not_evaluated,not_evaluated
That one's the Presidential Medal of Forced Resignation.,1.596814752724225,0.0151152364684152,2386,1325,698,363,not_evaluated,not_evaluated
Please do not push any more of them.,1.5848972296693475,0.015923223863878,2238,1292,583,363,not_evaluated,not_evaluated
"They're notes for my testimony, resignation letter, book draft, and media interviews.",1.5802700675168793,0.0137092708370255,2666,1462,861,343,not_evaluated,not_evaluated
"Excuse me, I appear to have a fax coming in.",1.5771992818671454,0.0153409402356039,2228,1254,662,312,not_evaluated,not_evaluated
I served in the Grocery Isles.,1.5769094138543518,0.0138299075091614,2815,1605,796,414,not_evaluated,not_evaluated
"Yes ma'am, decorated for distinguished service by both C.I.A. and CVS.",1.574759437453738,0.013921336895074,2702,1526,799,377,not_evaluated,not_evaluated
I may be a general in the army but at home I'm just a guy who picks up a few things at the store.,1.571651090342679,0.0191544328701016,1284,695,444,145,not_evaluated,not_evaluated
That's a list of the medals I think I deserve.,1.5642679900744416,0.0158182034965229,2015,1138,617,260,not_evaluated,not_evaluated
"To be precise, ma'am, freedom costs $686,175,309.43",1.5636237897648686,0.0185584444951789,1446,813,451,182,not_evaluated,not_evaluated
"And in addition to the medals, I have 27 Presidential tweets.""",1.5597667638483963,0.0154702297012923,2058,1159,646,253,not_evaluated,not_evaluated
It’s your receipt for buying my whole line of crap.,1.559697732997481,0.0173036687556449,1985,1219,421,345,not_evaluated,not_evaluated
"He asked for a favor, pinned the list on me and left!",1.5541455160744502,0.0206980532616724,1182,680,349,153,not_evaluated,not_evaluated
I did three tours in Afghanistan and one Black Friday at Target.,1.5516129032258064,0.0160619124346371,1860,1050,594,216,not_evaluated,not_evaluated
... just things I need to get off my chest!,1.5501022494887526,0.022273736169073,978,556,306,116,not_evaluated,not_evaluated
Only MacArthur could get away with I shall return and not have a receipt.,1.5485347985347986,0.0215724140945464,1092,635,315,142,not_evaluated,not_evaluated
You can call me Bill.,1.5469924812030076,0.0218433274232018,1064,620,306,138,not_evaluated,not_evaluated
I got that one during a price war.,1.5463414634146342,0.0215192939451479,1025,581,328,116,not_evaluated,not_evaluated
I was wounded at the battle of CVS.,1.5458122540753232,0.0173031381401586,1779,1061,465,253,not_evaluated,not_evaluated
Dunno - not my jacket.,1.5450746268656717,0.0182642235894531,1675,1022,393,260,not_evaluated,not_evaluated
A list of questions my Commander In Chief  has ordered me not to answer.,1.5438189204875217,0.0170788918790598,1723,1005,499,219,not_evaluated,not_evaluated
For receiving tweets under fire,1.5369127516778522,0.0185626374846384,1490,887,406,197,not_evaluated,not_evaluated
It's a record of everything I said in case I'm ever called to a congressional hearing.,1.5345405767940978,0.0175078333404148,1491,849,487,155,not_evaluated,not_evaluated
Lockheed won't take back the F-35 without a receipt.,1.5341144038594072,0.0182801140308713,1451,847,433,171,not_evaluated,not_evaluated
I told you not to push that button.,1.5265625,0.0193203404219929,1280,752,382,146,not_evaluated,not_evaluated
This one says you’re a ‘Dollar General’?,1.525321239606954,0.0194536505913395,1323,794,363,166,not_evaluated,not_evaluated
That's a medal for reducing paper waste.,1.5247524752475248,0.0189321549375332,1313,769,399,145,not_evaluated,not_evaluated
"The survey is circled at the bottom. And, I'd really appreciate receiving a five-star general rating.",1.5242990654205608,0.0216243298590165,1070,643,293,134,not_evaluated,not_evaluated
"Some from Vietnam, to remember courage under fire. Others from my wife, to remember coleslaw and butter.",1.5228548516439455,0.020025628381239,1247,751,340,156,not_evaluated,not_evaluated
"It's my Yellow Ribbon, listing all the times I should have resigned on principle and didn't.",1.5227454110135674,0.0200810998934121,1253,758,335,160,not_evaluated,not_evaluated
Our commendations now include the number of times we’ve stayed at a Trump resort.,1.5221169036334914,0.0197689532086761,1266,760,351,155,not_evaluated,not_evaluated
He makes us display a list of everything we have done for Putin lately.,1.5191986644407345,0.0206088612504686,1198,731,312,155,not_evaluated,not_evaluated
My new rank is Dollar General.,1.5159112825458052,0.0217234778014819,1037,626,287,124,not_evaluated,not_evaluated
We are now supposed to leave a paper trail.,1.5145118733509235,0.0203712309534945,1137,678,333,126,not_evaluated,not_evaluated
"Oh, I didn’t realize when your bought and paid for by a political party you get a receipt.",1.5124653739612188,0.021793983089656,1083,671,269,143,not_evaluated,not_evaluated
"Obliterated first dates. If you see your name, ADIOS.",1.506878306878307,0.0252821334870797,945,633,145,167,not_evaluated,not_evaluated
It's the Commander-in-Chief's way of reminding us that we can be returned and exchanged at any time.,1.5055724417426546,0.02203964814188,987,601,273,113,not_evaluated,not_evaluated
I've paid my dues.,1.5044052863436124,0.0220105193410364,908,536,286,86,not_evaluated,not_evaluated
It's my Purple Heart monitor.,1.5041322314049588,0.0226916019562157,968,600,248,120,not_evaluated,not_evaluated
They’re launch codes. I keep forgetting them.,1.5035605289928788,0.0224781511962742,983,609,253,121,not_evaluated,not_evaluated
"Yes, they’re the nuclear codes. I figure I better keep them handy since he’s already given them to Putin and Kim Jong-un.",1.5031380753138075,0.0233784408600551,956,605,221,130,not_evaluated,not_evaluated
I fought in the trade war.,1.5030927835051546,0.0217706590308947,970,591,273,106,not_evaluated,not_evaluated
That one's from my wife.  I have to stop at the store on the way home.,1.5020833333333334,0.0220346835267802,960,589,263,108,not_evaluated,not_evaluated
And don’t forget your transcript of this conversation.,1.501706484641638,0.0240865644984599,879,552,213,114,not_evaluated,not_evaluated
What list? There's no list.,1.501577287066246,0.0229957305594545,951,594,237,120,not_evaluated,not_evaluated
I earned that one during the Black Friday offensive.,1.5015673981191222,0.022502029872454,957,589,256,112,not_evaluated,not_evaluated
You must be the father of the bride?,1.5009861932938855,0.0321246453521653,507,322,116,69,not_evaluated,not_evaluated
I can be bought.,1.5005417118093174,0.0226542668113149,923,564,256,103,not_evaluated,not_evaluated
Looks like your ticker has a tape!,1.5005324813631522,0.0223189735567904,939,571,266,102,not_evaluated,not_evaluated
...Just another Pentagon snafu.  I’m told a mattress company got the uniform contract.,1.5005324813631522,0.0223189735567904,939,571,266,102,not_evaluated,not_evaluated
Yes. I am that General Mills.,1.4966517857142858,0.0235299524734806,896,561,225,110,not_evaluated,not_evaluated
It's the receipt for selling my soul.  All sales final.,1.4928400954653938,0.0241612519024438,838,525,213,100,not_evaluated,not_evaluated
It’s for the battle of CVS...there’s three feet more pinned to my back.,1.4921968787515003,0.0240300119886553,833,519,218,96,not_evaluated,not_evaluated
"Everybody always talks about the cost of war, but never the savings!",1.491965389369592,0.0237978082514675,809,495,230,84,not_evaluated,not_evaluated
I earned that for purchasing one item at CVS.,1.4915254237288136,0.0247206322781897,826,525,196,105,not_evaluated,not_evaluated
The classified part is unfurling down my pant leg.,1.4908200734394126,0.0248045722335976,817,519,195,103,not_evaluated,not_evaluated
I was dishonorably mischarged.,1.4908200734394126,0.0238802672449217,817,504,225,88,not_evaluated,not_evaluated
We're getting away from 'brass' and moving to something more sustainable.,1.4904701397712834,0.0237418174574393,787,477,234,76,not_evaluated,not_evaluated
Courage. Valor. Savings.,1.4901477832512315,0.0241767246208084,812,505,216,91,not_evaluated,not_evaluated
"After Iraq, I served two tours in Walmart",1.4879898862199747,0.0241230152378726,791,488,220,83,not_evaluated,not_evaluated
"Hello, my name is General Store.",1.4867256637168142,0.0247767034715393,791,499,199,93,not_evaluated,not_evaluated
Yes ma'am. Thirty-seven honorable mentions.,1.485933503836317,0.0233624429642117,782,471,242,69,not_evaluated,not_evaluated
I was honorably discounted.,1.4840848806366047,0.0243380677539856,754,463,217,74,not_evaluated,not_evaluated
It's my letter of resignation.   My proudest achievement.,1.4832663989290495,0.0227153820888621,747,484,184,79,not_evaluated,not_evaluated
A lot of good men never made it out of that drugstore.,1.4821192052980132,0.024813623942558,755,472,202,81,not_evaluated,not_evaluated
It's the CVS Distinguished Service Award.,1.4786206896551723,0.0254102787194891,725,457,189,79,not_evaluated,not_evaluated
"Groceries. She said ""I'll give you a medal if you remember everything for once"".",1.478502080443828,0.0237945946938474,721,463,183,75,not_evaluated,not_evaluated
"Oh, it’s the wages of war.",1.478442280945758,0.0247963433305046,719,444,206,69,not_evaluated,not_evaluated
It’s from the budget wars.,1.477591036414566,0.0245226387958682,714,437,213,64,not_evaluated,not_evaluated
"Oh that, it's just General information.",1.4766619519094766,0.0250960275621777,707,439,199,69,not_evaluated,not_evaluated
We’re all about accountability.,1.475912408759124,0.025591252101323,685,427,190,68,not_evaluated,not_evaluated
Were you subpoenaed or are you just here for the party?,1.4738415545590433,0.0267086890420584,669,428,165,76,not_evaluated,not_evaluated
That one cost an arm.,1.4736070381231672,0.0256692191638316,682,427,187,68,not_evaluated,not_evaluated
I hate having to wear disclaimers.,1.471641791044776,0.0255655175053718,670,417,190,63,not_evaluated,not_evaluated
I prefer not to wear a full medal jacket.,1.4715821812596006,0.0257339054464511,651,403,189,59,not_evaluated,not_evaluated
Don’t worry. Mexico is paying for it.,1.4713855421686748,0.0261680521458758,664,419,177,68,not_evaluated,not_evaluated
"People thank me for my service, so I let them know what it costs.",1.465378421900161,0.026701397248257,621,392,169,60,not_evaluated,not_evaluated
I like to keep my list of Democratic presidential candidates up to date,1.4652665589660745,0.0266653611089959,619,390,170,59,not_evaluated,not_evaluated
It's a list of every day I kept myself from punching the face of that idiot draft dodging con artist currently sitting in the Oval Office.,1.4652665589660745,0.029192506806255,619,417,116,86,not_evaluated,not_evaluated
Those are the subpoenas.,1.4631751227495908,0.0266104251745523,611,384,171,56,not_evaluated,not_evaluated
Our uniforms now print out the transcript of all conversations,1.4631751227495908,0.0271098734712706,611,389,161,61,not_evaluated,not_evaluated
I'm in the merchant marines.,1.462837837837838,0.0265799528996217,592,368,174,50,not_evaluated,not_evaluated
"No, I wasn't at Midway. It was Safeway.",1.462837837837838,0.0273223082858929,592,375,160,57,not_evaluated,not_evaluated
That one's a receipt from my tour of duty at Mar-a-Lago.,1.4619883040935673,0.0304483415199686,513,334,121,58,not_evaluated,not_evaluated
It's the highest badge of honor...all the Presidential insults tweeted at me.,1.4617940199335548,0.0288732382882509,602,400,126,76,not_evaluated,not_evaluated
"Nobody cares much about the medals, but they love asking about the receipt.",1.4614065180102915,0.0282549160120725,583,377,143,63,not_evaluated,not_evaluated
"The App is built-in to the jacket, it creates a printout of all the presidents' tweets, in case I'm subpoenaed.",1.4601018675721562,0.0275209293227764,589,376,155,58,not_evaluated,not_evaluated
‘’It’s for meritorious paperwork.”,1.4599303135888502,0.0272694130431691,574,361,162,51,not_evaluated,not_evaluated
"Just a FAX ma'am, just a FAX",1.4599303135888502,0.0274361466996163,574,370,147,57,not_evaluated,not_evaluated
Oh that? Those are my pardons.,1.4589041095890412,0.0280043869811377,584,377,146,61,not_evaluated,not_evaluated
"Eyes up here, young lady.",1.4586206896551723,0.0280384729639064,580,374,146,60,not_evaluated,not_evaluated
It's a receipt for selling out.,1.4566787003610109,0.0302024798847771,554,372,111,71,not_evaluated,not_evaluated
So what happens if I push the second star?,1.4566787003610109,0.0289892966215494,554,361,133,60,not_evaluated,not_evaluated
I got tired of explaining each one.,1.453551912568306,0.0249356379548247,549,358,146,45,not_evaluated,not_evaluated
WARNING: Appointed by the president and may be removed at any time...,1.453551912568306,0.0285988768186785,549,355,139,55,not_evaluated,not_evaluated
The price for freedom keeps going up.,1.453211009174312,0.0284550516551797,545,353,138,54,not_evaluated,not_evaluated
I served in many conflicts of interest.,1.453183520599251,0.0290582454566716,534,346,134,54,not_evaluated,not_evaluated
That is a record of the things for which I have plausible deniability.,1.452029520295203,0.0281437635276276,542,346,147,49,not_evaluated,not_evaluated
My name is first - I'm your wife - but who are others,1.4510204081632654,0.0325151767202387,490,335,89,66,not_evaluated,not_evaluated
It’s my unredacted testimony.,1.449715370018975,0.0288309869959594,527,340,137,50,not_evaluated,not_evaluated
"No, I'm just General Merchandise.",1.44921875,0.0293046456997177,512,331,132,49,not_evaluated,not_evaluated
"They say ‘dress for the job you want’, so I’ve pinned a list of jobs I’d rather have.",1.44921875,0.0285113365254351,512,325,144,43,not_evaluated,not_evaluated
I'm in charge of arms. This is the receipt for my left one.,1.447674418604651,0.0300264057607271,516,341,119,56,not_evaluated,not_evaluated
"I see you served in Turkey. No, wait—you bought a turkey.",1.446183953033268,0.0297250913348501,511,335,124,52,not_evaluated,not_evaluated
"Under Trump I am now officially, ""Leader guy of huge bombs and of winning bigly.""",1.446183953033268,0.0302370346637395,511,339,116,56,not_evaluated,not_evaluated
Just keeping abreast of presidential tweets.,1.4459724950884087,0.0295485947990828,509,332,127,50,not_evaluated,not_evaluated
Black Ops Friday.,1.445121951219512,0.0302817869980128,492,323,119,50,not_evaluated,not_evaluated
And then it shreds itself.,1.445121951219512,0.0294501611647059,492,317,131,44,not_evaluated,not_evaluated
"Yup, every time he tweets.",1.4448979591836737,0.0299556761793396,490,319,124,47,not_evaluated,not_evaluated
If you’re truly thankful for my service please visit the website below and vote. A five star rating would be appreciated.,1.444,0.0289725182479406,500,321,136,43,not_evaluated,not_evaluated
That ribbon must have been from the battle of CVS.,1.44331983805668,0.0301178286993137,494,327,116,51,not_evaluated,not_evaluated
Oh that one’s my subpoena,1.44331983805668,0.03085855396775,494,330,109,55,not_evaluated,not_evaluated
"Proud of that one. Security Guard, Walmart, Black Friday.",1.4428274428274428,0.0266257391236,481,323,116,42,not_evaluated,not_evaluated
I was told to wear it and tell anyone that asks to 'Read the transcript!',1.44258872651357,0.0275014831341984,479,327,105,47,not_evaluated,not_evaluated
"Not only can I tell you the cost of war, I have it itemized.",1.4409937888198758,0.0293883188670573,483,311,131,41,not_evaluated,not_evaluated
"For Bravery, Battle of the Red Tape.",1.4409937888198758,0.0299672598237845,483,315,123,45,not_evaluated,not_evaluated
It's the price of freedom.,1.4407484407484408,0.0294734139806689,481,310,130,41,not_evaluated,not_evaluated
That's my presidential pardon.,1.4401709401709402,0.0313881446705109,468,312,106,50,not_evaluated,not_evaluated
My unit came under heavy fire at CVS.,1.438818565400844,0.0293190651089816,474,304,132,38,not_evaluated,not_evaluated
My marching orders come from a stable genius with bone spurs.,1.438818565400844,0.031800260034868,474,321,98,55,not_evaluated,not_evaluated
"Oh, the receipt? I work as a cashier. They call me the Dollar General.",1.4385593220338984,0.0317580624002212,472,319,99,54,not_evaluated,not_evaluated
I know the cost of war. That's the receipt.,1.437636761487965,0.0305484192419999,457,298,118,41,not_evaluated,not_evaluated
"I can see you spent and arm and a...oh, my bad.",1.4371002132196162,0.0320451469267322,469,319,95,55,not_evaluated,not_evaluated
"Ukraine Meddling Medal, Maam.",1.436008676789588,0.0295652308697345,461,296,129,36,not_evaluated,not_evaluated
"Its my ticker tape of Trumps tweets, so I know if I get fired or not.",1.4354485776805253,0.0326643393156427,457,313,89,55,not_evaluated,not_evaluated
I got that one for contempt of Congress.,1.433920704845815,0.0293794531110066,454,290,131,33,not_evaluated,not_evaluated
"Yes, I've been cashiered.",1.4333333333333331,0.0303815544659809,450,293,119,38,not_evaluated,not_evaluated
"That makes you the 1,776,846th person to thank me for my sacrifice.”",1.4333333333333331,0.032123555086389,450,304,97,49,not_evaluated,not_evaluated
I work retail now. The chain of command is more stable.,1.4333333333333331,0.0319691140231147,450,303,99,48,not_evaluated,not_evaluated
"Ya, it’s a list of Trump’s war crimes. I keep a running tally, and I’m sure I’ll send it to the New Yorker at some point so I’ll feel like I did something with it, but it won’t ever be seen. Know mean? So uhh.. the weather. God I hate these parties.",1.4328358208955223,0.0535652490893324,201,147,21,33,not_evaluated,not_evaluated
"Special commendations for every time I've talked us out of another war in the last month.""",1.4327354260089686,0.031061084410914,446,294,111,41,not_evaluated,not_evaluated
"Actually, I think my CVS ExtraCare Points ARE something to be worn with pride.",1.4324324324324325,0.0314842867220914,444,295,106,43,not_evaluated,not_evaluated
There was an executive order to wear the president's tweets.,1.4312354312354312,0.0332685779214843,429,293,87,49,not_evaluated,not_evaluated
My last tour of duty was at CVS.,1.4308390022675737,0.0327516177951274,441,301,90,50,not_evaluated,not_evaluated
I got my badges from Trump Military Academy,1.4308390022675737,0.0325938846263192,441,300,92,49,not_evaluated,not_evaluated
"Battle of Black Friday, '17, Walmart. Still have nightmares.",1.4308390022675737,0.0308055616768556,441,289,114,38,not_evaluated,not_evaluated
Everyone has his price. Mine is a matter of record.,1.4295612009237877,0.030332391539408,433,280,120,33,not_evaluated,not_evaluated
That's why they call me 'The Dollar General'.,1.4295612009237877,0.031879175712217,433,289,102,42,not_evaluated,not_evaluated
"Please no 'General Store' jokes, ma'am.",1.4295612009237877,0.032212820656783,433,291,98,44,not_evaluated,not_evaluated
It's the terms of my required loyalty pledge to the President.,1.4292343387470998,0.0319842916690245,431,288,101,42,not_evaluated,not_evaluated
It was a hard fought battle at CVS.,1.4292343387470998,0.0323199324808674,431,290,97,44,not_evaluated,not_evaluated
"In times like these, it's always best to save the receipts.",1.427906976744186,0.0313468743509126,430,284,108,38,not_evaluated,not_evaluated
"What, this? Just the price of freedom, little lady.",1.4278846153846154,0.0331603563877049,416,282,90,44,not_evaluated,not_evaluated
Trump's Twitter feed.,1.4278846153846154,0.0320951776955829,416,276,102,38,not_evaluated,not_evaluated
That's for my service in the General Accounting Office.,1.4278846153846154,0.031732173417971,416,274,106,36,not_evaluated,not_evaluated
I realize that wearing a copy of the Constitution might seem strange - but we have to consider our current environment.,1.427536231884058,0.0336255993414514,414,283,85,46,not_evaluated,not_evaluated
These are all the war crimes President Trump has praised me for.,1.4272300469483568,0.032922975179953,426,290,90,46,not_evaluated,not_evaluated
"That’s correct, the price of freedom is now in Rubles.",1.42688679245283,0.0321804415181889,424,284,99,41,not_evaluated,not_evaluated
That's for 'Courage during Presidential Tweet.',1.42688679245283,0.033371239199725,424,291,85,48,not_evaluated,not_evaluated
So it takes 2000 reward points to become a General?”,1.4258373205741626,0.0330331645271945,418,284,90,44,not_evaluated,not_evaluated
The list explains what they're all for so I can drink while people read.,1.4258373205741626,0.0306924582333023,418,271,116,31,not_evaluated,not_evaluated
"As you can see, the cost of war adds up.",1.4254807692307692,0.0317187872313503,416,275,105,36,not_evaluated,not_evaluated
"You, of all people, would know not to stare at a person's chest.",1.4254807692307692,0.0319008818713386,416,276,103,37,not_evaluated,not_evaluated
It’s the receipt for the price of my integrity and self esteem that each commendation exacted.,1.4254807692307692,0.033321834734908,416,284,87,45,not_evaluated,not_evaluated
"It’s the latest technology. Every time Trump tweets about the military, it prints it out.",1.423728813559322,0.0308410607647909,413,281,94,38,not_evaluated,not_evaluated
It’s our latest attempt at military spending transparency.,1.4226044226044223,0.0323857638559973,407,272,98,37,not_evaluated,not_evaluated
"No, I'm supposed to stop by the grocery store on the way home.",1.4222222222222225,0.032119444600237,405,269,101,35,not_evaluated,not_evaluated
"Oh, I see you’re bought and paid for.",1.4214463840399003,0.032724913398899,401,269,95,37,not_evaluated,not_evaluated
We lost a lot of good men at CVS.,1.4191919191919191,0.0343361003624036,396,274,78,44,not_evaluated,not_evaluated
"In this administration, we keep the receipts.",1.4191919191919191,0.0328127883334136,396,266,94,36,not_evaluated,not_evaluated
It's the full transcript,1.418848167539267,0.033258111369953,382,256,92,34,not_evaluated,not_evaluated
It’s an updated list of pardonable war crimes.,1.418848167539267,0.0334640659465696,382,257,90,35,not_evaluated,not_evaluated
Roger that m'am. It is indeed  toilet paper and it is standard issue for all generals since Trump became Commander in Chief.,1.418848167539267,0.0344753883020505,382,267,72,43,not_evaluated,not_evaluated
Kindly consult this list of topics that I'm at liberty to chat about without having to make you disappear.,1.4187817258883249,0.0335124880866002,394,268,87,39,not_evaluated,not_evaluated
The traditional ribbons all were made in China. This print out is all the Pentagon can afford now since Trump reallocated those funds to the wall.,1.4183673469387754,0.0340196942894668,392,269,82,41,not_evaluated,not_evaluated
"No Ma'am, I'm not the Whistleblower. I keep the running tab on White House dismissals.",1.417948717948718,0.0323608411373447,390,259,99,32,not_evaluated,not_evaluated
...and this one I got when I spent more than half of the federal budget.,1.417948717948718,0.0325638923613031,390,260,97,33,not_evaluated,not_evaluated
"I am the very model of a modern Major-General,
I've information vegetable, animal, and mineral...",1.417948717948718,0.0325638923613031,390,260,97,33,not_evaluated,not_evaluated
"If Trump orders me to betray my oath or my country, this lets me know a few minutes in advance.",1.4170984455958548,0.0342026511575041,386,265,81,40,not_evaluated,not_evaluated
I got it for the Battle of CVS.,1.413333333333333,0.0334507735092331,375,253,89,33,not_evaluated,not_evaluated
What paper trail? It was a perfect paper trail! I don’t even know that paper trail.,1.413333333333333,0.0342927870926741,375,257,81,37,not_evaluated,not_evaluated
"That's a recent one. It keeps a running log of my statements found contrary to those of the Administration.""",1.413333333333333,0.0325870104512295,375,249,97,29,not_evaluated,not_evaluated
It’s the itemized request list Trump had me bring to the Ukraine!,1.413333333333333,0.0347061341219706,375,259,77,39,not_evaluated,not_evaluated
I got tired of explaining what they all mean so I just made a list.,1.4132231404958675,0.0335619750327966,363,243,90,30,not_evaluated,not_evaluated
Black Friday. Walmart. 2017.,1.4128686327077749,0.0342130271143764,373,255,82,36,not_evaluated,not_evaluated
This one is from the price wars.,1.412398921832884,0.0334838722634124,371,250,89,32,not_evaluated,not_evaluated
"Yes, I am with accounting. How did you guess?",1.412398921832884,0.0330458779573392,371,248,93,30,not_evaluated,not_evaluated
My latest awards came with loyalty points.,1.4119241192411924,0.0329452861246903,369,246,94,29,not_evaluated,not_evaluated
It's a tear off resume' - just in case.,1.4119241192411924,0.0318080152959828,369,241,104,24,not_evaluated,not_evaluated
"Freedom isn't free, M'am. But we did get a nice coupon.",1.4119241192411924,0.0333893500108194,369,248,90,31,not_evaluated,not_evaluated
Impressive list of compliments for the president! Is it enough to keep you employed until the election?,1.4116022099447514,0.0336155421392489,362,243,89,30,not_evaluated,not_evaluated
"His Majesty’s tweets, ma’m!",1.4116022099447514,0.0349546939982928,362,249,77,36,not_evaluated,not_evaluated
It’s a new decoration for quid pro quo.,1.4114441416893733,0.0346072083390582,367,252,79,36,not_evaluated,not_evaluated
It's a list of instructions from the President on how to do my job.  He pinned it on himself.,1.4114441416893733,0.0343914128142475,367,251,81,35,not_evaluated,not_evaluated
"The red one's for Desert Storm, the blue one's  for Battle of Bagdad, and the white one for Trader Joe's Thanksgiving.",1.4109589041095891,0.0334160932508521,365,245,90,30,not_evaluated,not_evaluated
Loyalty oath ... required by Trump.,1.4093406593406594,0.0343613142859984,364,249,81,34,not_evaluated,not_evaluated
It's a presidential citation for staying at all Trump properties during my time with NATO,1.4093406593406594,0.0347990327021692,364,251,77,36,not_evaluated,not_evaluated
I’m in general accounting.,1.4083333333333334,0.0330272624039647,360,240,93,27,not_evaluated,not_evaluated
I'm not military ... but I am the most decorated greeter in Walmart history.  Please take your receipt.,1.4083333333333334,0.0344042231794026,360,246,81,33,not_evaluated,not_evaluated
It’s the list of nicknames the president has for world leaders so I can keep track of who he is currently insulting.,1.4083333333333334,0.0348511225472592,360,248,77,35,not_evaluated,not_evaluated
I've been cashiered.,1.4073033707865168,0.0353515354545785,356,247,73,36,not_evaluated,not_evaluated
It's part of POTUS's plan to make our allies pay.,1.4073033707865168,0.0360167589523388,356,250,67,39,not_evaluated,not_evaluated
The cost of war ma’am,1.4064327485380117,0.0337075572103435,342,228,89,25,not_evaluated,not_evaluated
"I've been liaison to the NSC, CIA, and now CVS.",1.40625,0.0347161513729368,352,241,79,32,not_evaluated,not_evaluated
War has its price.,1.40625,0.0349485147371985,352,242,77,33,not_evaluated,not_evaluated
What makes you think I bought my way to the top?,1.40625,0.0340095371563054,352,238,85,29,not_evaluated,not_evaluated
General…your slip is showing.,1.40625,0.0347161513729368,352,241,79,32,not_evaluated,not_evaluated
It all comes with a price.,1.4051724137931034,0.0337894882741773,348,234,87,27,not_evaluated,not_evaluated
I've never seen one quite that long...,1.4051724137931034,0.0356963318848481,348,242,71,35,not_evaluated,not_evaluated
"I'm going to have to ask you to step back ma'am, new orders coming in.",1.4046242774566473,0.0334235941167298,346,231,90,25,not_evaluated,not_evaluated
"I’m up here, lady.”",1.4046242774566473,0.0363069164936002,346,243,66,37,not_evaluated,not_evaluated
I served two tours at Walmart.,1.4046242774566473,0.0329184961191678,346,229,94,23,not_evaluated,not_evaluated
"No, ma'am--its is NOT  a new kind of military decoration. Its an app that prints out President Trump's latest tweets.",1.4046242774566473,0.0356079808452392,346,240,72,34,not_evaluated,not_evaluated
"Don't ask."" 
""Do tell.",1.4046242774566473,0.0341672435100966,346,234,84,28,not_evaluated,not_evaluated
Why do you think they call it General Accounting?,1.4046242774566473,0.0336733020677511,346,232,88,26,not_evaluated,not_evaluated
That's my Trump International Hotel receipt.,1.4046242774566473,0.0351343000918289,346,238,76,32,not_evaluated,not_evaluated
I was stationed at CVS during the war.,1.40117994100295,0.0361139127430592,339,237,68,34,not_evaluated,not_evaluated
The cost of war IS high.”,1.40117994100295,0.0346335993253258,339,231,80,28,not_evaluated,not_evaluated
The ribbons are for specific military campaigns and the long strip is a list of house committees that called me to testify.,1.40117994100295,0.0353814986669622,339,234,74,31,not_evaluated,not_evaluated
"Hey Lady, my eyes are up here!",1.40117994100295,0.0348846807465907,339,232,78,29,not_evaluated,not_evaluated
Medals rescinded by the Commander in Chief.,1.40117994100295,0.0365940458372942,339,239,64,36,not_evaluated,not_evaluated
Yes I received this one from Halliburton for injuries sustained in the noble pursuit of war profiteering,1.400593471810089,0.0357749796754507,337,234,71,32,not_evaluated,not_evaluated
"Ma'am, my eyes are up here.",1.3993993993993994,0.0360752105651825,333,232,69,32,not_evaluated,not_evaluated
"I was in 'Nam, Iraq...Costco.",1.3987915407854985,0.033605886992329,331,221,88,22,not_evaluated,not_evaluated
Hey!  Up here!,1.3987915407854985,0.0349414593432176,331,226,78,27,not_evaluated,not_evaluated
"It’s the price off freedom, Ma’am …plus tax.",1.3987915407854985,0.0340120658397715,331,225,81,25,not_evaluated,not_evaluated
"This is the cost of war - and, it's still less than my divorce.",1.3987915407854985,0.0349414593432176,331,226,78,27,not_evaluated,not_evaluated
"Well, freedom isn't free.",1.3981762917933132,0.0353486424000395,329,226,75,28,not_evaluated,not_evaluated
I'm about to be cashiered.,1.3981762917933132,0.0356098320624027,329,227,73,29,not_evaluated,not_evaluated
For charging in battle.,1.3981762917933132,0.0345532293652258,329,223,81,25,not_evaluated,not_evaluated
"As a General Officer,  I am required to receive
a 'live' feed of President Trump's tweets.",1.397553516819572,0.0354964156452784,327,225,74,28,not_evaluated,not_evaluated
It all adds up Madam.,1.397553516819572,0.0330324561138742,327,216,92,19,not_evaluated,not_evaluated
That was for re-taking a captured CVS store.,1.397553516819572,0.0341495044363337,327,220,84,23,not_evaluated,not_evaluated
"It's a pardon,why do you ask?",1.397553516819572,0.0349638781529779,327,223,78,26,not_evaluated,not_evaluated
I have a military-industrial complex.,1.397553516819572,0.0321692249621577,327,233,66,28,not_evaluated,not_evaluated
You're welcome for my service... here's your receipt.,1.397553516819572,0.0370481277281402,327,231,62,34,not_evaluated,not_evaluated
"These days, I keep a running transcript of all my conversations.",1.396923076923077,0.0353784213580332,325,223,75,27,not_evaluated,not_evaluated
Serving this commander in chief comes at a cost.,1.396923076923077,0.0364363294953441,325,227,67,31,not_evaluated,not_evaluated
I keep a paper trail in case I go before Congress.,1.3961661341853036,0.0350360847117166,313,214,75,24,not_evaluated,not_evaluated
I print the Commander-in-Chief's tweets in real time.,1.395638629283489,0.0351279778176153,321,219,77,25,not_evaluated,not_evaluated
Costco. Black Friday.,1.395638629283489,0.0351279778176153,321,219,77,25,not_evaluated,not_evaluated
Those are the tweets from my Commander and Chief.,1.395638629283489,0.0359497710772704,321,222,71,28,not_evaluated,not_evaluated
You're welcome for my service. Now here is your bill.,1.3954983922829582,0.0359143747914405,311,213,73,25,not_evaluated,not_evaluated
"That's the list of campaign contributions that keep me in my job.""",1.3949843260188088,0.0332620797934491,319,211,90,18,not_evaluated,not_evaluated
We need the tweets in real time.,1.3949843260188088,0.0349951446611581,319,217,78,24,not_evaluated,not_evaluated
I'm  being cashiered.,1.3949843260188088,0.035830256051139,319,220,72,27,not_evaluated,not_evaluated
I got that one for being most calculating.,1.3949843260188088,0.0338496285268979,319,213,86,20,not_evaluated,not_evaluated
"The Pentagon requires us to list all bribes under $100,000.",1.3943217665615142,0.0357058112255559,317,218,73,26,not_evaluated,not_evaluated
"Yeah, it's just a receipt. What do you want, a medal?",1.3936507936507936,0.0354338624011531,315,218,71,26,not_evaluated,not_evaluated
We lost a lot of good men in Aisle 3 that day at CVS....,1.3928571428571428,0.0340244941970164,308,205,85,18,not_evaluated,not_evaluated
"I don't like to brag, but I have a laundry list of accomplishments.",1.3928571428571428,0.0364263380119257,308,213,69,26,not_evaluated,not_evaluated
It's a list of the corporate sponsors.,1.3928571428571428,0.0352458813645075,308,209,77,22,not_evaluated,not_evaluated
"Freedom isn’t free. But if you answer the survey at the bottom, you could win $1,000!",1.39171974522293,0.0359214835095901,314,217,71,26,not_evaluated,not_evaluated
Running total of the Commander-in-Chief 's lies to American citizens.,1.3896103896103895,0.0386495721707404,308,222,52,34,not_evaluated,not_evaluated
Just in case I decide to return them.,1.3896103896103895,0.0327224646075234,308,217,68,23,not_evaluated,not_evaluated
Wow!  I didn't think anyone had survived that many meetings with President Trump.,1.3888888888888888,0.036848155823816,306,214,65,27,not_evaluated,not_evaluated
That one's for victory at Costco on Black Friday.,1.3884297520661155,0.041301733498439,242,169,52,21,not_evaluated,not_evaluated
And then I was awarded a $10 coupon.,1.3874172185430464,0.0374767073128789,302,213,61,28,not_evaluated,not_evaluated
I keep my own records.,1.3874172185430464,0.0347345382265328,302,204,79,19,not_evaluated,not_evaluated
"If you're not shocked and awed after 30 days, you can return me.",1.3866666666666667,0.0361383854922007,300,207,70,23,not_evaluated,not_evaluated
"As you can see, I've had a whole laundry list of assignments.",1.3866666666666667,0.0358285690747932,300,206,72,22,not_evaluated,not_evaluated
President Trump changes his instructions quite frequently.,1.3859060402684564,0.0378238888865903,298,211,59,28,not_evaluated,not_evaluated
It's the latest tweets from the commander -in-chief,1.385135135135135,0.0385987075186387,296,212,54,30,not_evaluated,not_evaluated
I got that one for taking out an enemy cash register.,1.3843537414965987,0.0387830042447708,294,211,53,30,not_evaluated,not_evaluated
"In addition to my medals of honor, I also have a very long paper trail.",1.3843537414965987,0.0359883886162214,294,202,71,21,not_evaluated,not_evaluated
It's the Trump Award -- a list of his tweets about me -- and all in words of seven letters or less.,1.3843537414965987,0.0378743842708675,294,208,59,27,not_evaluated,not_evaluated
It's the list of names of my bosses at the White House.,1.3835616438356164,0.0374291994146026,292,205,62,25,not_evaluated,not_evaluated
It's a good conduct receipt for perfect military traveler bookings at Trump properties.,1.3827586206896552,0.0363128488791132,290,200,69,21,not_evaluated,not_evaluated
It's how I remind people that freedom isn't free.,1.3827586206896552,0.0353133472130669,290,197,75,18,not_evaluated,not_evaluated
It's my deposition,1.381118881118881,0.0359695003570011,286,196,71,19,not_evaluated,not_evaluated
"Yeah, earned that one  storming the check-out on Cyber Monday",1.381118881118881,0.0300202446635304,286,210,55,21,not_evaluated,not_evaluated
It allows me to keep track of the Mar a Lago charges.,1.381118881118881,0.0386018119920469,286,204,55,27,not_evaluated,not_evaluated
"Actually, it's a list from the president of everyone we're supposed to pardon.",1.380281690140845,0.038467374907508,284,202,56,26,not_evaluated,not_evaluated
"CVS, Times Square. December 2017. There was only one person staffed at the register. I don't like to talk about it much.",1.3794326241134751,0.0373257220359146,282,197,63,22,not_evaluated,not_evaluated
That one? It's a bill from Trump International Scotland. I'm proud to serve my President in every way.,1.3785714285714286,0.0378423828088854,280,197,60,23,not_evaluated,not_evaluated
I don't predict change...I make change.  Ma'am,1.3785714285714286,0.037502590552512,280,196,62,22,not_evaluated,not_evaluated
I had a printer installed so I could keep up to date on who is getting fired by the President.,1.3785714285714286,0.037502590552512,280,196,62,22,not_evaluated,not_evaluated
It's Giulani's Ukraine shopping list.,1.3776978417266188,0.0390358782387393,278,199,53,26,not_evaluated,not_evaluated
Led the charge on Black Friday.,1.3776978417266188,0.037335502929001,278,194,63,21,not_evaluated,not_evaluated
That was from the battle of CVS.,1.3776978417266188,0.0385336448651981,278,200,52,26,not_evaluated,not_evaluated
It's Twitters from  my Commander in Chief,1.3768115942028984,0.0375135626247675,276,193,62,21,not_evaluated,not_evaluated
Freedom isn’t free.,1.375,0.037876608984171,272,191,60,21,not_evaluated,not_evaluated
That one's a CVS receipt.,1.375,0.0385863027080157,272,193,56,23,not_evaluated,not_evaluated
It's the Trump tapeworm.,1.375,0.0392831771272317,272,195,52,25,not_evaluated,not_evaluated
It just lists all of the honours I would have won if I hadn't had these pesky bone spurs,1.375,0.0389362990144421,272,194,54,24,not_evaluated,not_evaluated
That’s for liberating a CVS in Kabul.,1.375,0.0385863027080157,272,193,56,23,not_evaluated,not_evaluated
It's for liberating the Whole Foods in Fallujah.,1.375,0.0385863027080157,272,193,56,23,not_evaluated,not_evaluated
Turns out it wasn’t an open bar.,1.375,0.0352804356303582,272,184,74,14,not_evaluated,not_evaluated
You served in CVS?,1.375,0.0389362990144421,272,194,54,24,not_evaluated,not_evaluated
The new loyalty program: two more wars and it prints a coupon for half off....,1.374074074074074,0.0391318635775733,270,193,53,24,not_evaluated,not_evaluated
I got this one for takin' down a CVS.,1.374074074074074,0.0394821425148714,270,194,51,25,not_evaluated,not_evaluated
It's been perfect chatting with you. Read the transcript.,1.374074074074074,0.038061690129596,270,190,59,21,not_evaluated,not_evaluated
It's the continuously updated list of Geneva Conventions I've violated following the orders of our current Commander in Chief.,1.374074074074074,0.0401735390348701,270,196,47,27,not_evaluated,not_evaluated
I'm a Major Shopper.,1.374074074074074,0.0394821425148714,270,194,51,25,not_evaluated,not_evaluated
"Oh, is that a list of career military officials the Commander-in-Chief has slandered?",1.374074074074074,0.0394821425148714,270,194,51,25,not_evaluated,not_evaluated
"I have a Purple Heart, a Bronze Star and $28 of Extra Bucks.",1.374074074074074,0.0365861303430433,270,186,67,17,not_evaluated,not_evaluated
It’s a special commendation for getting my receipts in on time.,1.374074074074074,0.0384217267445412,270,191,57,22,not_evaluated,not_evaluated
We are now required to display our personal pronoun preferences.,1.373134328358209,0.0403819609053715,268,195,46,27,not_evaluated,not_evaluated
"Since the President takes credit for everything now, I just document it all.",1.373134328358209,0.0378820776604618,268,188,60,20,not_evaluated,not_evaluated
That's why they call me 'Major Savings',1.373134328358209,0.0393300439320368,268,192,52,24,not_evaluated,not_evaluated
It’s part of Trump’s new ‘pay to play’ policy!”,1.373134328358209,0.036758691448503,268,185,66,17,not_evaluated,not_evaluated
"They ran out of medals at the Pentagon, so these are on backorder.",1.373134328358209,0.0375113538934226,268,187,62,19,not_evaluated,not_evaluated
I print out the tweets in case nobody believes me when I give an order.,1.3721804511278195,0.0384392144388061,266,188,57,21,not_evaluated,not_evaluated
Those are my official responses to all the questions you are likely to ask me.,1.3721804511278195,0.0373156100064552,266,185,63,18,not_evaluated,not_evaluated
They’re awards for remembering computer passwords.,1.371212121212121,0.0390027955000822,264,188,54,22,not_evaluated,not_evaluated
Don’t ask don’t tell,1.371212121212121,0.0378787878787878,264,185,60,19,not_evaluated,not_evaluated
They're presidential tweets mam.,1.371212121212121,0.0386317601842865,264,187,56,21,not_evaluated,not_evaluated
It's for hosting a dinner for 10 at a Trump hotel.,1.371212121212121,0.0393703342468189,264,189,52,23,not_evaluated,not_evaluated
"As the new secretary of the Navy, my first duty is holiday shopping for the president.",1.3702290076335877,0.039201729027762,262,187,53,22,not_evaluated,not_evaluated
"It's my service record, annotated, for cocktail parties.",1.3702290076335877,0.0366969624176055,262,183,62,17,not_evaluated,not_evaluated
That's my Distinguished Service Receipt.,1.3702290076335877,0.0376800438911058,262,183,61,18,not_evaluated,not_evaluated
"Oh, the Army is requiring us to itemize now.",1.3692307692307693,0.0386422839466137,260,184,56,20,not_evaluated,not_evaluated
It grows a little bit every time the President pardons a war criminal.,1.3692307692307693,0.0390246862679349,260,185,54,21,not_evaluated,not_evaluated
That’s the list of ongoing investigations I cannot comment upon.”,1.368217054263566,0.0388387875693338,258,183,55,20,not_evaluated,not_evaluated
It’s a Presidential Receipt for lies and perjuries in the line of Congressional Inquiries,1.368217054263566,0.0403621623693781,258,187,47,24,not_evaluated,not_evaluated
Freedom isn't free. Here's your bill,1.368217054263566,0.0355969936554118,258,175,71,12,not_evaluated,not_evaluated
"Little black dress, meet little black list",1.3671875,0.0398150547861302,256,184,50,22,not_evaluated,not_evaluated
I was in the Fifteenth Inventory.,1.3671875,0.0390379825018997,256,182,54,20,not_evaluated,not_evaluated
"So launch codes contain a number, a capital letter, and a special character?",1.3671875,0.0398150547861302,256,184,50,22,not_evaluated,not_evaluated
Your female gaze objectifies me for my military exploits.,1.3671875,0.0398150547861302,256,184,50,22,not_evaluated,not_evaluated
I fought hard on Black Friday.,1.3650793650793651,0.039041813985877,252,179,54,19,not_evaluated,not_evaluated
“It’s a list of all the White House Staff I have to kill to protect the President.”,1.3650793650793651,0.0398434730711522,252,181,50,21,not_evaluated,not_evaluated
"That is the list of people I have to suck up to, in order of precedence, of course.",1.3650793650793651,0.0360960713178663,252,177,60,15,not_evaluated,not_evaluated
I'm a Price War veteran.,1.3650793650793651,0.0373869633051442,252,175,62,15,not_evaluated,not_evaluated
"They were a couple ribbons short, so they had to give me an IOU.",1.364,0.0392450851295714,250,178,53,19,not_evaluated,not_evaluated
I think you'll find this glossary of acronyms and abbreviations helpful.,1.364,0.0379972520672039,250,175,59,16,not_evaluated,not_evaluated
It keeps a running total of every time I act against my conscience.,1.364,0.0384177000706036,250,176,57,17,not_evaluated,not_evaluated
"Nothing to see here ma’am, the President just likes to keep his passwords handy.",1.364,0.0396523041056069,250,179,51,20,not_evaluated,not_evaluated
"At the bottom, there is a survey and if you'd give me an A Plus Rating I would appreciate that!",1.364,0.0396523041056069,250,179,51,20,not_evaluated,not_evaluated
"The jury's still out on whether these are honorable, or pardonable...",1.364,0.0375720993637886,250,174,61,15,not_evaluated,not_evaluated
"And the last one was given to me by my wife for ""Operation Black Friday.""",1.364,0.0408496115410196,250,182,45,23,not_evaluated,not_evaluated
"Hey, $571,295 for a screwdriver set sounds a bit high to me too",1.364,0.0392450851295714,250,178,53,19,not_evaluated,not_evaluated
I was injured on Black Friday.,1.364,0.0388335961864348,250,177,55,18,not_evaluated,not_evaluated
Fallujah was a cakewalk compared to the Whole Foods parking lot.,1.3629032258064515,0.0390352153284969,248,176,54,18,not_evaluated,not_evaluated
"Never mind my 5-star general insignia, read the Amazon reviews.",1.3629032258064515,0.0390352153284969,248,176,54,18,not_evaluated,not_evaluated
The lawyers make us wear the fine print now.,1.3629032258064515,0.0368849389505966,248,171,64,13,not_evaluated,not_evaluated
I got that one for defense spending.,1.3629032258064515,0.0386147403574275,248,175,56,17,not_evaluated,not_evaluated
"We were pinned down by exorbitant prices without a BOGO in sight, so I called for military discount air cover flanked by a loyalty reward program.",1.3629032258064515,0.0402703069811225,248,179,48,21,not_evaluated,not_evaluated
"Sorry, the president is sending me a fax.",1.3629032258064515,0.0394512090893637,248,177,52,19,not_evaluated,not_evaluated
I'm running a tab.,1.3629032258064515,0.0381896361595782,248,174,58,16,not_evaluated,not_evaluated
Don't you know freedom comes with a price tag?,1.3629032258064515,0.0377597463859384,248,173,60,15,not_evaluated,not_evaluated
"Our ribbon designer worked for CVS, before joining the Army.",1.3617886178861789,0.0396602488784494,246,176,51,19,not_evaluated,not_evaluated
That one's for heroic procurement.,1.3617886178861789,0.0375102028060812,246,171,61,14,not_evaluated,not_evaluated
The Pentagon just made a deal with CVS.,1.3617886178861789,0.0392396653373994,246,175,53,18,not_evaluated,not_evaluated
It's crib notes for the commander-in-chief.,1.3617886178861789,0.0408960555191924,246,179,45,22,not_evaluated,not_evaluated
My wife said she'd give me a medal for remembering everything on this week's grocery list.,1.3617886178861789,0.0396602488784494,246,176,51,19,not_evaluated,not_evaluated
I served three tours at a CVS.,1.3617886178861789,0.0404883112974526,246,178,47,21,not_evaluated,not_evaluated
It’s a commemorative receipt from the Battle of CVS,1.3617886178861789,0.0370652304625764,246,170,63,13,not_evaluated,not_evaluated
That one? Awarded by the president himself for 'meritorious delivery of a Big Mac in the face of huge hunger'.,1.360655737704918,0.0407094656441293,244,177,46,21,not_evaluated,not_evaluated
Another Trump tweet,1.360655737704918,0.0394470087936388,244,174,52,18,not_evaluated,not_evaluated
Is that your wish list for a new president?,1.360655737704918,0.038582428331068,244,172,56,16,not_evaluated,not_evaluated
Well General I guess it’s not quite the ticker tape home coming you expected.,1.360655737704918,0.0390171134163421,244,173,54,17,not_evaluated,not_evaluated
"They're my sensitivity, anti-defamation, anti-discrimination, anti-misogymy, no-means-no, and other training completion dates, of which you can see I'm very proud.  I'm getting more ice for my water, would you care to join me?",1.360655737704918,0.0402930419503025,244,176,48,20,not_evaluated,not_evaluated
No ma'am. I am not with the military. I'm with CVS.,1.359504132231405,0.0405128004636031,242,175,47,20,not_evaluated,not_evaluated
That one was for the battle of CVS.,1.359504132231405,0.038782953654733,242,171,55,16,not_evaluated,not_evaluated
It's a paper trail on the president's tweets!,1.359504132231405,0.0392225683884904,242,172,53,17,not_evaluated,not_evaluated
"It's for recording the times the Chief said, 'I wanted nothing.'",1.359504132231405,0.0409338414787612,242,176,45,21,not_evaluated,not_evaluated
It's the only way to monitor his Twitter posts adequately.,1.359504132231405,0.0383382983109649,242,170,57,15,not_evaluated,not_evaluated
"We keep a list of those who have left the administration

 so we can reduce the awkward conversation at these functions.",1.3583333333333334,0.0369192202491179,240,173,51,16,not_evaluated,not_evaluated
Left the tag on so I can return them in the morning.,1.3583333333333334,0.037620872916946,240,167,60,13,not_evaluated,not_evaluated
Old Navy.,1.3583333333333334,0.0362039717237316,240,174,50,16,not_evaluated,not_evaluated
That one was awarded to me by the Dollar General.,1.3571428571428572,0.0396423344648381,238,170,51,17,not_evaluated,not_evaluated
I just get tired of explaining them all.,1.3571428571428572,0.0391925689507471,238,169,53,16,not_evaluated,not_evaluated
"It was going to be a joke for the New Yorker, however, they don't understand humor.",1.3571428571428572,0.0405268938304942,238,172,47,19,not_evaluated,not_evaluated
That one's for shopping behind enemy lines.,1.3559322033898304,0.0380041409560833,236,165,58,13,not_evaluated,not_evaluated
I got them from CVS,1.3559322033898304,0.0398567790539256,236,169,50,17,not_evaluated,not_evaluated
I get the need for a bribe receipt. But these coupons go on forever.,1.3559322033898304,0.0355528423108525,236,160,68,8,not_evaluated,not_evaluated
Our small talk has been perfect.  Read the transcript.,1.3559322033898304,0.0398567790539256,236,169,50,17,not_evaluated,not_evaluated
All sales are Semper final.,1.3559322033898304,0.0389414789547296,236,167,54,15,not_evaluated,not_evaluated
Every medal comes at a price.,1.3559322033898304,0.0389414789547296,236,167,54,15,not_evaluated,not_evaluated
Dollar General did you say?,1.3559322033898304,0.0416270458151554,236,173,42,21,not_evaluated,not_evaluated
And these are honorable mentions.,1.3556485355648535,0.0376822889094354,239,167,59,13,not_evaluated,not_evaluated
I know firsthand the cost of war.,1.3556485355648535,0.0395043912536959,239,171,51,17,not_evaluated,not_evaluated
Of course all the medals are mine. The receipt proves it.,1.3547008547008548,0.0386769540253079,234,165,55,14,not_evaluated,not_evaluated
That one is for bravery in purchasing feminine hygiene products for my wife at a CSV.,1.3547008547008548,0.0414246474139645,234,171,43,20,not_evaluated,not_evaluated
"I got that one for Convenience, Value, and Service.",1.3547008547008548,0.0405294526627173,234,169,47,18,not_evaluated,not_evaluated
I bragged about doing the grocery shopping so the wife pinned this on me.,1.3547008547008548,0.0414246474139645,234,171,43,20,not_evaluated,not_evaluated
"Yes ma’am, that one converts tweets into orders.",1.3547008547008548,0.0409794945461186,234,170,45,19,not_evaluated,not_evaluated
"Given the current situation, it seems wisest to keep a record of everything I do.",1.3547008547008548,0.0405294526627173,234,169,47,18,not_evaluated,not_evaluated
These? They're not worth the paper they're written on.,1.3547008547008548,0.0400743570506568,234,168,49,17,not_evaluated,not_evaluated
And this is the president's tweet pardoning me.,1.3547008547008548,0.0396140335349433,234,167,51,16,not_evaluated,not_evaluated
It's an IOU from Pres. Trump.,1.3547008547008548,0.0423009018060267,234,173,39,22,not_evaluated,not_evaluated
Does it really look more stupid than 75 pins and ribbons?,1.353448275862069,0.0398293778018446,232,166,50,16,not_evaluated,not_evaluated
It's the receipt for my being the adult in the room.,1.353448275862069,0.0416611971434697,232,170,42,20,not_evaluated,not_evaluated
"Wow, a Black Friday Distinguished Service Ribbon.",1.353448275862069,0.0331848203130723,232,178,36,18,not_evaluated,not_evaluated
I got tired of retelling what they stand for.,1.353448275862069,0.0393581037811252,232,165,52,15,not_evaluated,not_evaluated
That one's for winning the Battle At CVS.,1.353448275862069,0.0383982073484341,232,168,48,16,not_evaluated,not_evaluated
I get live updates from the Impeachment Inquiry.,1.353448275862069,0.0402951403883683,232,167,48,17,not_evaluated,not_evaluated
If you will excuse me - the President is Tweeting.,1.3526785714285714,0.0398031251834105,224,159,51,14,not_evaluated,not_evaluated
Was your service included?,1.351851851851852,0.0413122547891488,216,155,46,15,not_evaluated,not_evaluated
And that's a list of the other medals I could've won if I'd wanted to.,1.351351351351351,0.0400242972235625,222,158,50,14,not_evaluated,not_evaluated
Don't make assumptions until you have all the fax.,1.351351351351351,0.0405303480726131,222,159,48,15,not_evaluated,not_evaluated
"Yes, Ma'am. The Fifth Armored CVS Division is a real unit.",1.351351351351351,0.0410301579516125,222,160,46,16,not_evaluated,not_evaluated
That’s for outspending the enemy a thousand to one.,1.351351351351351,0.0429713026114251,222,164,38,20,not_evaluated,not_evaluated
"No Ma'am, that's the cost of Freedom.",1.3495575221238938,0.0385032033943488,226,159,55,12,not_evaluated,not_evaluated
"To be honest, it's to remind me what all these ribbons and medals were for.",1.3495575221238938,0.0428541593373566,226,168,37,21,not_evaluated,not_evaluated
It’s the cost of war,1.3488372093023255,0.0424313269032132,215,157,41,17,not_evaluated,not_evaluated
"Survived Vietnam, Afganistan, Iraq and Trump",1.3488372093023255,0.0429404973643222,215,158,39,18,not_evaluated,not_evaluated
Some carry out orders; others simply carry them.,1.3482142857142858,0.039727835117629,224,160,50,14,not_evaluated,not_evaluated
I get points whenever we go to war.,1.3482142857142858,0.0402285883425325,224,161,48,15,not_evaluated,not_evaluated
Hush money receipts for every time I've kept my mouth shut about the current administration.,1.3482142857142858,0.039220689007641,224,159,52,13,not_evaluated,not_evaluated
I got that one for escaping the IKEA in Paramus_,1.3482142857142858,0.0412118453097139,224,163,44,17,not_evaluated,not_evaluated
"That one? Black Friday, ma'am. Hell on earth. Damn proud of what I saved though.",1.3482142857142858,0.0421721835767445,224,165,40,19,not_evaluated,not_evaluated
"It’s my to-do list. Every time I cross something off, my wife gives me a star.",1.3482142857142858,0.0416947794181863,224,164,42,18,not_evaluated,not_evaluated
It's a list of topics that can offend me.,1.3482142857142858,0.0387068987305192,224,158,54,12,not_evaluated,not_evaluated
Oh Trump has us all wearing these. These are the list of crimes we did NOT commit.,1.3482142857142858,0.0421721835767445,224,165,40,19,not_evaluated,not_evaluated
It's  a list of things we can no longer do.,1.3482142857142858,0.039727835117629,224,160,50,14,not_evaluated,not_evaluated
I also take orders.,1.3468468468468469,0.0399473770258578,222,159,49,14,not_evaluated,not_evaluated
It's for bravery in accountancy,1.3468468468468469,0.0433721818424635,222,166,35,21,not_evaluated,not_evaluated
That one’s for Distinguished Customer Service.,1.3468468468468469,0.0399473770258578,222,159,49,14,not_evaluated,not_evaluated
"Please, look up at my eyes.",1.3468468468468469,0.0438396042913576,222,167,33,22,not_evaluated,not_evaluated
I got the idea from Banksey.,1.3468468468468469,0.0419386685272008,222,163,41,18,not_evaluated,not_evaluated
"The top bars  I  earned ,  the  list is the ones I drank at.",1.3468468468468469,0.0409551269628142,222,161,45,16,not_evaluated,not_evaluated
It's a simple explanation of each medal for those in Congress.,1.3468468468468469,0.0409551269628142,222,161,45,16,not_evaluated,not_evaluated
"To provide fair warning, it's a list of all the things I'll end up saying tonight that will likely ""trigger"" someone.",1.3440366972477065,0.04142977173807,218,159,43,16,not_evaluated,not_evaluated
"Everyone is always thanking me for my service, but nobody ever leaves a tip.",1.3425925925925926,0.0378833117475358,216,151,56,9,not_evaluated,not_evaluated
The pentagon transparency policy on expenses is getting out of hand!,1.3425925925925926,0.0378833117475358,216,151,56,9,not_evaluated,not_evaluated
Unfortunately I was cashiered.,1.3425925925925926,0.0431950058493094,216,161,36,19,not_evaluated,not_evaluated
"It is a real-time transcript of this conversation. You will have to sign and date it when we are finished talking, and I will have to submit it to Congress.",1.3425925925925926,0.0411526820727097,216,157,44,15,not_evaluated,not_evaluated
"Damn, I forgot to get groceries.",1.3425925925925926,0.0411526820727097,216,157,44,15,not_evaluated,not_evaluated
I'm sick of having to explain all these ribbons...,1.3412322274881516,0.0418029897084359,211,154,42,15,not_evaluated,not_evaluated
"I'd remove it, but that would be a federal crime.",1.3412322274881516,0.0412595856806156,211,153,44,14,not_evaluated,not_evaluated
My list of Presidential Pardons!,1.3412322274881516,0.0412595856806156,211,153,44,14,not_evaluated,not_evaluated
"It was Black Friday, 2011. The deals were plentiful. So were the shoppers. It’s hard for me to even talk about.",1.3397129186602872,0.0403792470641195,209,150,47,12,not_evaluated,not_evaluated
This medal I am most proud of ...I came in under budget for the Defense Department 20 straight years.,1.3397129186602872,0.0403792470641195,209,150,47,12,not_evaluated,not_evaluated
If I get one more honor I will have to switch to 8pt font.,1.3397129186602872,0.0386324179751051,209,147,53,9,not_evaluated,not_evaluated
It's an ongoing transcript that even a Congressman can understand.,1.3397129186602872,0.0409449657274151,209,151,45,13,not_evaluated,not_evaluated
I think you have a fax coming in.,1.3397129186602872,0.0398054891756302,209,149,49,11,not_evaluated,not_evaluated
.........And you still work for him?,1.3397129186602872,0.0436637531963202,209,156,35,18,not_evaluated,not_evaluated
How long were you stationed at CVS?,1.3381642512077294,0.0439396228452415,207,155,34,18,not_evaluated,not_evaluated
...and this one I received for the Battle of Walmart on Black Friday.,1.3381642512077294,0.0417502334680953,207,151,42,14,not_evaluated,not_evaluated
"In retirement, I'm doing security for CVS now.",1.3381642512077294,0.0434026305711608,207,154,36,17,not_evaluated,not_evaluated
It’s my cost over-run ribbon,1.3381642512077294,0.041184704434475,207,150,44,13,not_evaluated,not_evaluated
"Yes, you could say my service record is the opposite of Trump's.",1.3381642512077294,0.0423082038135143,207,152,40,15,not_evaluated,not_evaluated
Wash in cold water. Detach medals before loading.,1.3381642512077294,0.0406113009403746,207,149,46,12,not_evaluated,not_evaluated
"It's the Military Industrial Complex
Medal of Honor.",1.3365853658536586,0.0396588783520167,205,146,49,10,not_evaluated,not_evaluated
Removal of tag voids warranty.,1.3365853658536586,0.0414282349985561,205,149,43,13,not_evaluated,not_evaluated
It’s a transcript of my Congressional testimony.,1.3365853658536586,0.04312505858606,205,152,37,16,not_evaluated,not_evaluated
Oh that? That's my list of citations for Valor In Spite of Trump.,1.3365853658536586,0.04312505858606,205,152,37,16,not_evaluated,not_evaluated
"General Store, at your service, ma'am.",1.3365853658536586,0.042001460245418,205,150,41,14,not_evaluated,not_evaluated
It's for bravery in the line of procurement.,1.3365853658536586,0.0408469661963253,205,148,45,12,not_evaluated,not_evaluated
We are now tracking the relationship of Pentagon spending to the National Debt in real time.,1.3365853658536586,0.042001460245418,205,150,41,14,not_evaluated,not_evaluated
Excuse me miss but my eyes are up here!,1.3365853658536586,0.0414282349985561,205,149,43,13,not_evaluated,not_evaluated
Its my Medal of Fiscal Responsibility,1.3365853658536586,0.0408469661963253,205,148,45,12,not_evaluated,not_evaluated
That one is for securing a Popeye’s chicken sandwich for the Commander-in-Chief.,1.3365853658536586,0.0408469661963253,205,148,45,12,not_evaluated,not_evaluated
I'm in charge of procurement -- that's a medal from CVS.,1.3365853658536586,0.042001460245418,205,150,41,14,not_evaluated,not_evaluated
Freedom has it's costs.,1.3365853658536586,0.0414282349985561,205,149,43,13,not_evaluated,not_evaluated
I'm a General Accountant,1.3365853658536586,0.0414282349985561,205,149,43,13,not_evaluated,not_evaluated
"Instead of handing out medals, now they award us shopping points at Whole Foods.",1.3365853658536586,0.04312505858606,205,152,37,16,not_evaluated,not_evaluated
Wow. That’s a lot of ex-wives.,1.3365853658536586,0.0414282349985561,205,149,43,13,not_evaluated,not_evaluated
That ribbon? It's for justifying military budget increases.,1.3350253807106598,0.0419311137071712,197,143,42,12,not_evaluated,not_evaluated
"Medals, yes, and a ""participation printout.""",1.3350253807106598,0.0431487315469535,197,145,38,14,not_evaluated,not_evaluated
That one's my special commendation from CVS.,1.334975369458128,0.0422567532711189,203,149,40,14,not_evaluated,not_evaluated
"I was a war machine, but they demote me to adding machine",1.334975369458128,0.0422567532711189,203,149,40,14,not_evaluated,not_evaluated
I see you've paid your dues.,1.334975369458128,0.0416756505261141,203,148,42,13,not_evaluated,not_evaluated
My job makes me cold and calculating.,1.334975369458128,0.0422567532711189,203,149,40,14,not_evaluated,not_evaluated
It’s the cost of war Ma’am.,1.334975369458128,0.0410863298012047,203,147,44,12,not_evaluated,not_evaluated
... and if you call the number on the receipt you get a 10% discount on all munitions.,1.334975369458128,0.0386392688280673,203,143,52,8,not_evaluated,not_evaluated
Those are all for debasing myself in meetings with the President.,1.334975369458128,0.0428299725339352,203,150,38,15,not_evaluated,not_evaluated
"I got that when I was a young cashier back in ‘83, during the Cabbage Patch Assault.  Black Friday can change a man...",1.334975369458128,0.0450499716783858,203,154,30,19,not_evaluated,not_evaluated
The coat was just getting too heavy. That's the full itemized list of my distinguished career.,1.334975369458128,0.0428299725339352,203,150,38,15,not_evaluated,not_evaluated
I earned that buying one bomber that could have paid for Universal Healthcare.,1.334975369458128,0.0422567532711189,203,149,40,14,not_evaluated,not_evaluated
It's a long story.,1.3333333333333333,0.0430973290103636,201,149,37,15,not_evaluated,not_evaluated
"Yes madam, it is the Golden Sales Receipt with diamond clusters. It is awarded annually by the vast military industrial complex for those Pentagon officials who purchase over 1 billion dollars worth of military hardware annually.",1.3333333333333333,0.0438975219968467,192,142,36,14,not_evaluated,not_evaluated
"Before you say anything, please sign your name and indicate the purpose of our conversation.",1.3333333333333333,0.0419926168750962,192,139,42,11,not_evaluated,not_evaluated
We lost a lot of good men on Black Friday,1.3333333333333333,0.0407231481187684,201,145,45,11,not_evaluated,not_evaluated
"My goodness, what an impressive list of subpoenas.",1.3333333333333333,0.0438975219968467,192,142,36,14,not_evaluated,not_evaluated
...And this one is for a full refund in case the President decides he's done with me.,1.3333333333333333,0.0426370425080542,192,140,40,12,not_evaluated,not_evaluated
"General, do you think it’s wise to have the nuclear codes pinned to your chest?",1.3333333333333333,0.0438975219968467,192,142,36,14,not_evaluated,not_evaluated
"In the good old days we could spend 64 thousand on a hammer, now it’s all about accountability.",1.3333333333333333,0.0450149136606343,189,141,33,15,not_evaluated,not_evaluated
"No, not Army. I’m the Captain of CVS.",1.3333333333333333,0.0457231342200933,192,145,30,17,not_evaluated,not_evaluated
"I got that one for spending $12,000 on a toilet seat.",1.3333333333333333,0.0436707111415491,201,150,35,16,not_evaluated,not_evaluated
It’s the Distinguished Ledger: for submitting expense reports on time and meritorious adherence to budget.,1.3333333333333333,0.0413381464292196,192,138,44,10,not_evaluated,not_evaluated
That one's for making a CVS run for the platoon.,1.3333333333333333,0.0413294814446569,201,146,43,12,not_evaluated,not_evaluated
It's my list for Santa.,1.3333333333333333,0.0438975219968467,192,142,36,14,not_evaluated,not_evaluated
...and this last medal is self-explanatory.,1.3333333333333333,0.0419926168750962,192,139,42,11,not_evaluated,not_evaluated
"You're probably guessing where to insert your card, madam.",1.3333333333333333,0.0426370425080542,192,140,40,12,not_evaluated,not_evaluated
"So you did this week's shopping. What do you want, a medal?",1.3333333333333333,0.0442366618924814,201,151,33,17,not_evaluated,not_evaluated
I'm in charge of the General Accounting Office,1.3316582914572863,0.0403371887543581,199,143,46,10,not_evaluated,not_evaluated
"Freedom isn't free, you know.  It comes with a price tag!",1.3316582914572863,0.0397030219489149,199,142,48,9,not_evaluated,not_evaluated
"To continue this conversation, you must acknowledge that you have read these terms and conditions, including the words to use in place of ""war.""",1.3316582914572863,0.0421825239973949,199,146,40,13,not_evaluated,not_evaluated
It's the President's new policy. He can just yank it and deflate your career.,1.3316582914572863,0.0445241587197958,199,150,32,17,not_evaluated,not_evaluated
I keep the receipt so people know they're mine.,1.3316582914572863,0.0409615385615995,199,144,44,11,not_evaluated,not_evaluated
I stopped at CVS on the way to the party.,1.3316582914572863,0.0450905705711767,199,151,30,18,not_evaluated,not_evaluated
I only go to Hill receptions with a list. It helps reduce impulse defense spending.,1.3316582914572863,0.0427799506254915,199,147,38,14,not_evaluated,not_evaluated
What the enemy didn’t count on that day was that we would save $2 on Tylenol.,1.3316582914572863,0.0450905705711767,199,151,30,18,not_evaluated,not_evaluated
I did three tours at Best Buy on Black Friday.,1.3316582914572863,0.0427799506254915,199,147,38,14,not_evaluated,not_evaluated
And this one's a list of tweets where the President defended my war crimes.,1.3316582914572863,0.0421825239973949,199,146,40,13,not_evaluated,not_evaluated
It’s for bravery in fighting over the bar tab.,1.3316582914572863,0.0421825239973949,199,146,40,13,not_evaluated,not_evaluated
I ran the paperwork division.,1.3316582914572863,0.0421825239973949,199,146,40,13,not_evaluated,not_evaluated
And this one's for my time in the Pentagon budget office.,1.3316582914572863,0.0418806149480454,199,148,37,14,not_evaluated,not_evaluated
So you shop at CVS too?,1.3316582914572863,0.0390585599727809,199,141,50,8,not_evaluated,not_evaluated
I'm on an expense account.,1.3299492385786802,0.0405702704298748,197,142,45,10,not_evaluated,not_evaluated
"Yes, the President ordered we wear the NATO countries that owe us money.",1.3299492385786802,0.0442349528643944,197,148,33,16,not_evaluated,not_evaluated
"Niet, Fraulein, vy vould ve interfere vid your elections?",1.3299492385786802,0.0430480698467174,197,146,37,14,not_evaluated,not_evaluated
This is just a small list of awards I should have received.,1.3299492385786802,0.0405702704298748,197,142,45,10,not_evaluated,not_evaluated
"Oh, that's my congressional committee testimony transcript.",1.3299492385786802,0.0418275218025228,197,144,41,12,not_evaluated,not_evaluated
That's for my time in the Merchant Marines.,1.3299492385786802,0.0424421836011554,197,145,39,13,not_evaluated,not_evaluated
It’s the receipt for a hammer,1.3299492385786802,0.0453908117607797,197,150,29,18,not_evaluated,not_evaluated
It's a running tally of what it's cost me to serve my country.,1.328205128205128,0.0433206853768406,195,145,36,14,not_evaluated,not_evaluated
That one’s for overseeing the only defense contract to stay within budget.,1.328205128205128,0.0445243525470009,195,147,32,16,not_evaluated,not_evaluated
I believe that honesty is showing exactly how you bought your way to the top.,1.328205128205128,0.0433206853768406,195,145,36,14,not_evaluated,not_evaluated
And I earned this one for my role in Operation CVS Run.,1.328205128205128,0.0420826044026364,195,143,40,12,not_evaluated,not_evaluated
They represent twelve years active combat and one morning buying dental floss at CVS.,1.324468085106383,0.0443686981405518,188,141,33,14,not_evaluated,not_evaluated
Make sure you read the back too.,1.324468085106383,0.0456328824594432,188,143,29,16,not_evaluated,not_evaluated
"Yes, I survived the battle of CVS.",1.324468085106383,0.0410382127719097,188,136,43,9,not_evaluated,not_evaluated
How else would I know what they're for?,1.324468085106383,0.0417255820923748,188,137,41,10,not_evaluated,not_evaluated
"The list of “should-have-been-medals,” is a touch passive-aggressive, Harry, but you look absolutely dapper!",1.324468085106383,0.0437229011074566,188,140,35,13,not_evaluated,not_evaluated
This way I won't forget my $3 CVS coupon.,1.324468085106383,0.0430674214205756,188,139,37,12,not_evaluated,not_evaluated
And that one is a CVS ExtraBucks reward I keep forgetting to use.,1.324468085106383,0.0417255820923748,188,137,41,10,not_evaluated,not_evaluated
That's all the war crimes I've been pardoned for.,1.324468085106383,0.0450052293419596,188,142,31,15,not_evaluated,not_evaluated
It’s the Ukranian Medal of Honor.,1.324468085106383,0.0437229011074566,188,140,35,13,not_evaluated,not_evaluated
"Actually, it’s your share of this year’s Defense budget. Will that be cash, check or credit card",1.324468085106383,0.0456328824594432,188,143,29,16,not_evaluated,not_evaluated
We're now required to wear the transcript.,1.324468085106383,0.0424018100366303,188,138,39,11,not_evaluated,not_evaluated
Ma'am! This piece of chest candy is my list of confirmed conversation killers since 21 hundred hours.,1.324468085106383,0.0424018100366303,188,138,39,11,not_evaluated,not_evaluated
I once brought home everything on my wife’s grocery list.,1.324468085106383,0.0410382127719097,188,136,43,9,not_evaluated,not_evaluated
‘’...and my wife gave me that one.”,1.3225806451612905,0.0419812863231487,186,136,40,10,not_evaluated,not_evaluated
"If and when my hearing comes, I want to prove now I bought the refreshments with my own money.",1.3225806451612905,0.0419812863231487,186,136,40,10,not_evaluated,not_evaluated
"They had to list all my war crimes, too.",1.3225806451612905,0.0440090481338735,186,139,34,13,not_evaluated,not_evaluated
For heroism in office conflicts we get the Paper Heart.,1.3225806451612905,0.0446645156294949,186,140,32,14,not_evaluated,not_evaluated
You see this receipt? It's the cost of freedom.,1.3225806451612905,0.0419812863231487,186,136,40,10,not_evaluated,not_evaluated
The PX Commendation Medal.,1.3225806451612905,0.0440090481338735,186,139,34,13,not_evaluated,not_evaluated
I saved a lot that day.,1.3225806451612905,0.0419812863231487,186,136,40,10,not_evaluated,not_evaluated
"Before I was in charge of military intelligence, I designed the receipts for CVS.",1.3225806451612905,0.0440090481338735,186,139,34,13,not_evaluated,not_evaluated
It’s a list of other other jobs I can do in case Trump fires me.,1.3225806451612905,0.0419812863231487,186,136,40,10,not_evaluated,not_evaluated
...and I got that one for fighting the crowds on Black Friday.,1.3206521739130437,0.0436246496149254,184,137,35,12,not_evaluated,not_evaluated
I hear you're the most decorated CVS cashier.,1.3206521739130437,0.0462676580236704,184,141,27,16,not_evaluated,not_evaluated
Apparently I hit the wrong Target.,1.3206521739130437,0.044300187192241,184,138,33,13,not_evaluated,not_evaluated
It’s a receipt. With cuts in military spending. I pay for my own medals.,1.3206521739130437,0.0415321617580555,184,134,41,9,not_evaluated,not_evaluated
It’s part of the new dress code. It shows how many times we’ve golfed at Mar-a-Lago.,1.3206521739130437,0.0429384853340501,184,136,37,11,not_evaluated,not_evaluated
"Yes, sniper, ma'am. I hit the Target.",1.3206521739130437,0.0429384853340501,184,136,37,11,not_evaluated,not_evaluated
No wonder they call you Dollar General,1.3206521739130437,0.0429384853340501,184,136,37,11,not_evaluated,not_evaluated
Walgreens is Hell.,1.3206521739130437,0.0422411764933206,184,135,39,10,not_evaluated,not_evaluated
"Well, when you’ve been subpoenaed to testify in an impeachment hearing, you better have receipts.”",1.3206521739130437,0.0436246496149254,184,137,35,12,not_evaluated,not_evaluated
I am not the whistleblower.,1.3206521739130437,0.044300187192241,184,138,33,13,not_evaluated,not_evaluated
"As the Accountant General I itemize the price of freedom, Ma’am.",1.3206521739130437,0.0415321617580555,184,134,41,9,not_evaluated,not_evaluated
Before I joined the Army I worked at CVS,1.3206521739130437,0.0456212631100098,184,140,29,15,not_evaluated,not_evaluated
That's for surviving Costco's check-out line.,1.3206521739130437,0.0415321617580555,184,134,41,9,not_evaluated,not_evaluated
"Yeah, I know I’ve had too many when I start to list.",1.3206521739130437,0.0449655770174271,184,139,31,14,not_evaluated,not_evaluated
But it's embarrassing when you pin the 'to do' list on my uniform.,1.3206521739130437,0.0422411764933206,184,135,39,10,not_evaluated,not_evaluated
I got this medal for the number of stays in the president's hotels.,1.3206521739130437,0.044300187192241,184,138,33,13,not_evaluated,not_evaluated
That's my bar tab,1.3206521739130437,0.0449655770174271,184,139,31,14,not_evaluated,not_evaluated
That's my medal bucket list.,1.3206521739130437,0.0415321617580555,184,134,41,9,not_evaluated,not_evaluated
"The long one? Afghanistan""",1.3206521739130437,0.0422411764933206,184,135,39,10,not_evaluated,not_evaluated
"I left on a Dishonorable Over-Charge, as you can see.",1.3206521739130437,0.0436246496149254,184,137,35,12,not_evaluated,not_evaluated
"It's a Medal for Bravery, earned while shopping at Costco over the holidays.",1.3206521739130437,0.044300187192241,184,138,33,13,not_evaluated,not_evaluated
"I got that one for bravery while serving in ""The Black Friday Rush"" at CVS.",1.3206521739130437,0.0408108310262694,184,133,43,8,not_evaluated,not_evaluated
I'm running a tab for service rendered.,1.3206521739130437,0.0436246496149254,184,137,35,12,not_evaluated,not_evaluated
That one’s for surviving the great Best Buy Black Friday of 2013.,1.3206521739130437,0.0429384853340501,184,136,37,11,not_evaluated,not_evaluated
"I'd let you read it, but then I'd have to kill you.",1.3206521739130437,0.0429384853340501,184,136,37,11,not_evaluated,not_evaluated
I was on checkout duty,1.3206521739130437,0.0411730760895515,184,141,30,13,not_evaluated,not_evaluated
I'm extremely proud of my CVS reward points!,1.3206521739130437,0.0429384853340501,184,136,37,11,not_evaluated,not_evaluated
Excuse me but I have a fax coming in from President Trump,1.3206521739130437,0.0436246496149254,184,137,35,12,not_evaluated,not_evaluated
You’re welcome for my service – here’s your bill,1.3206521739130437,0.044300187192241,184,138,33,13,not_evaluated,not_evaluated
Ma’am please take your receipt. You’ve  received bonus points toward your next military encounter.,1.3206521739130437,0.0415321617580555,184,134,41,9,not_evaluated,not_evaluated
I was wounded at the mall on Black Friday.,1.3206521739130437,0.0429384853340501,184,136,37,11,not_evaluated,not_evaluated
I earned a coupon for ten dollars off my next war.,1.3206521739130437,0.0429384853340501,184,136,37,11,not_evaluated,not_evaluated
"Yes ma’am, I served with General Ledger himself.",1.3186813186813189,0.0425053552488866,182,134,38,10,not_evaluated,not_evaluated
It’s Major Savings ma’am,1.3186813186813189,0.0395455958768318,182,130,46,6,not_evaluated,not_evaluated
"Medal?  No, that’s my CVS receipt.",1.3166666666666669,0.0427739282571461,180,133,37,10,not_evaluated,not_evaluated
And this one's for continuing to advance the impeachment process in the face of withering partisan firepower with complete disregard for my own future,1.3166666666666669,0.0427739282571461,180,133,37,10,not_evaluated,not_evaluated
As you can see I've been to CVS.,1.3166666666666669,0.0448979807768662,180,136,31,13,not_evaluated,not_evaluated
These ribbons cost me plenty.,1.3166666666666669,0.0427739282571461,180,133,37,10,not_evaluated,not_evaluated
It's instructions on how to blow a whistle.,1.3146067415730338,0.0444972417353754,178,134,32,12,not_evaluated,not_evaluated
"Yes Ma'am, each citation is for a subpoena I refused to answer..",1.3146067415730338,0.0437781286716052,178,133,34,11,not_evaluated,not_evaluated
I have a laundry list of decorations.,1.3146067415730338,0.0444972417353754,178,134,32,12,not_evaluated,not_evaluated
Ooh! I love a man who makes his background check readily available!,1.3146067415730338,0.0452049167030008,178,135,30,13,not_evaluated,not_evaluated
It's a fax.  I never figured out email.,1.3146067415730338,0.0430470042850697,178,132,36,10,not_evaluated,not_evaluated
It's for shopping five days straight at CVS.,1.3146067415730338,0.0452049167030008,178,135,30,13,not_evaluated,not_evaluated
"The medals are nice, but what's with your wife's shopping list?",1.3146067415730338,0.0437781286716052,178,133,34,11,not_evaluated,not_evaluated
That's a special commendation for surviving a visit to CVS.,1.3146067415730338,0.0391873030148127,178,132,38,8,not_evaluated,not_evaluated
You want the amortization? You can’t handle the amortization!,1.3146067415730338,0.0423032458075027,178,131,38,9,not_evaluated,not_evaluated
If I tear it off I cant return it,1.3146067415730338,0.0423032458075027,178,131,38,9,not_evaluated,not_evaluated
Am I on your naughty list?,1.3146067415730338,0.0452049167030008,178,135,30,13,not_evaluated,not_evaluated
I was wounded in the CVS at Ft. Dix.,1.3146067415730338,0.0444972417353754,178,134,32,12,not_evaluated,not_evaluated
I earned this one for bravery...and THIS one at the battle of CVS.,1.3146067415730338,0.0434141055873919,178,135,31,12,not_evaluated,not_evaluated
These medals came at a price.,1.3125,0.0417990321767034,176,129,39,8,not_evaluated,not_evaluated
Its seems that my Medals of Honor are going through an audit.,1.3125,0.0433246952762419,176,131,35,10,not_evaluated,not_evaluated
The White House lawyers recommended I keep a running list of all the things I might get subpoenaed for.,1.3125,0.0455174078302402,176,134,29,13,not_evaluated,not_evaluated
I kept forgetting the milk.,1.3125,0.0417990321767034,176,129,39,8,not_evaluated,not_evaluated
"Oh, goodness sir, have all those charges been dismissed!",1.3125,0.0447984302252807,176,133,31,12,not_evaluated,not_evaluated
...and the last badge is actually just an IOU from the government.,1.3125,0.0421856210500286,176,132,34,10,not_evaluated,not_evaluated
Master Chief Cashier at Old Navy.,1.311377245508982,0.042387611271012,167,122,38,7,not_evaluated,not_evaluated
The true cost of war is something most people will never know.,1.311377245508982,0.0464481853652651,167,127,28,12,not_evaluated,not_evaluated
And I've got the receipt to prove it.,1.311377245508982,0.0406499674720286,167,120,42,5,not_evaluated,not_evaluated
This is everything I need for a new arm.,1.3103448275862069,0.0436071164256641,174,130,34,10,not_evaluated,not_evaluated
It's the exact cost of bravery.,1.3103448275862069,0.0420559040665025,174,128,38,8,not_evaluated,not_evaluated
"It's for paperwork under fire, damn it !",1.3103448275862069,0.0428385321282854,174,129,36,9,not_evaluated,not_evaluated
Stand still. I think I saw a typo.,1.3103448275862069,0.0439863727418966,174,133,29,12,not_evaluated,not_evaluated
This read out answers all dumb questions about my ribbons.,1.3103448275862069,0.044362386894944,174,131,32,11,not_evaluated,not_evaluated
It's a grocery list.  My wife put it where she knew I would see it.,1.3103448275862069,0.0451050123497597,174,132,30,12,not_evaluated,not_evaluated
Fill out our online survey for a chance to win a no-bid procurement contract.,1.3103448275862069,0.0412584330627762,174,127,40,7,not_evaluated,not_evaluated
The President gave me a ticker tape parade.,1.3103448275862069,0.0391938308749909,174,127,41,6,not_evaluated,not_evaluated
I was awarded the Purple Heart and a CVS receipt.,1.3103448275862069,0.044362386894944,174,131,32,11,not_evaluated,not_evaluated
"Oh, and that one recognizes the paper trail I conquered.",1.3099415204678362,0.0324300201392689,171,130,35,6,not_evaluated,not_evaluated
That's the shortest CVS receipt I've ever seen.,1.3099415204678362,0.0463950148173684,171,131,27,13,not_evaluated,not_evaluated
"Pre-cocktail chat terms and conditions, ma’am.",1.3099415204678362,0.0382688241766037,171,121,47,3,not_evaluated,not_evaluated
"Generally speaking, I'm a take charge guy",1.3099415204678362,0.0448876207956607,171,129,31,11,not_evaluated,not_evaluated
"That one's for the rescue mission at the CVS, Baghdad.",1.3099415204678362,0.0448876207956607,171,129,31,11,not_evaluated,not_evaluated
..... And that's the receipt from Costco for all the medals.,1.3099415204678362,0.0441146126707538,171,128,33,10,not_evaluated,not_evaluated
"I command a nuclear sub, but I can't remember what to get at the grocery store.",1.3099415204678362,0.0448876207956607,171,129,31,11,not_evaluated,not_evaluated
"It's remembered now as ""Black Friday""",1.3099415204678362,0.0425264641356629,171,126,37,8,not_evaluated,not_evaluated
"I may have the commendations, Madam, but you have the chest to pin them on!",1.3099415204678362,0.0471306359972814,171,132,25,14,not_evaluated,not_evaluated
"I said, 'I'm not getting our groceries!' and then she pulled rank.",1.3099415204678362,0.0463950148173684,171,131,27,13,not_evaluated,not_evaluated
I just want you to know that these medals came at a great personal cost.,1.3099415204678362,0.0433278155632871,171,127,35,9,not_evaluated,not_evaluated
"Yes, I did actually pass by the dry cleaners.  Why do you ask?",1.3099415204678362,0.0433278155632871,171,127,35,9,not_evaluated,not_evaluated
"Mine's a rental, too.",1.3099415204678362,0.0408766590204363,171,124,41,6,not_evaluated,not_evaluated
My wife pins the grocery list there so I don't lose it.,1.3099415204678362,0.0456475404627614,171,130,29,12,not_evaluated,not_evaluated
What a fascinating list of all of your PTSD triggers.,1.3099415204678362,0.0456475404627614,171,130,29,12,not_evaluated,not_evaluated
I was awarded these ribbons by CVS.,1.3099415204678362,0.0448876207956607,171,129,31,11,not_evaluated,not_evaluated
"""Yes, that's from the Battle of CVS. I don't like talking about it.""",1.3099415204678362,0.0471306359972814,171,132,25,14,not_evaluated,not_evaluated
Would you like to fill out a quick online survey about your experience with the US Military for a chance to a win a $20 coupon?,1.3099415204678362,0.0448876207956607,171,129,31,11,not_evaluated,not_evaluated
I went into a Costco on a Saturday. I don’t like to talk about it.,1.3099415204678362,0.0463950148173684,171,131,27,13,not_evaluated,not_evaluated
Full disclosure . . . ex-wives.,1.3099415204678362,0.0425264641356629,171,126,37,8,not_evaluated,not_evaluated
"So, what did you get at CVS?",1.3095238095238095,0.0446386985992033,168,126,32,10,not_evaluated,not_evaluated
It appears that you survived Whole Foods,1.3095238095238095,0.04620806651971,168,128,28,12,not_evaluated,not_evaluated
Dollar General.”,1.3076923076923077,0.0402513937286372,169,122,42,5,not_evaluated,not_evaluated
This one is for extraordinary heroism in tax filing.,1.3076923076923077,0.0444115591684327,169,127,32,10,not_evaluated,not_evaluated
"Well, I got tired of answering what the ribbons mean to civilians.",1.3076923076923077,0.0436112853472185,169,126,34,9,not_evaluated,not_evaluated
It's my 'Black Friday' combat ribbon,1.3076923076923077,0.0444115591684327,169,127,32,10,not_evaluated,not_evaluated
"Oh wow, I see you were pardoned by more than two presidents.",1.3076923076923077,0.0459703311282459,169,129,28,12,not_evaluated,not_evaluated
"No, that's not an ATM in my pocket. And, no, I'm not happy to see you.",1.3076923076923077,0.0451976654917694,169,128,30,11,not_evaluated,not_evaluated
...and that's the one they give you for  cost overruns.,1.3076923076923077,0.0451976654917694,169,128,30,11,not_evaluated,not_evaluated
That’s my commendation ribbon for heroism in the face of hostile tweets.,1.3076923076923077,0.0451976654917694,169,128,30,11,not_evaluated,not_evaluated
This one memorializes that fateful day when our batallion ran a bar tab that staggered even the Pentagon budgeters.,1.3076923076923077,0.0444115591684327,169,127,32,10,not_evaluated,not_evaluated
It's from my wife.  A list of things they don't give medals for.,1.3076923076923077,0.0451976654917694,169,128,30,11,not_evaluated,not_evaluated
Just “checking you out”,1.3076923076923077,0.0427960492510912,169,125,36,8,not_evaluated,not_evaluated
Yet you women always complain when men stare at your chests !,1.3076923076923077,0.0459703311282459,169,129,28,12,not_evaluated,not_evaluated
It’s the Pentagon shopping list.,1.3076923076923077,0.0427960492510912,169,125,36,8,not_evaluated,not_evaluated
And that's not even the half of it.,1.3076923076923077,0.0451976654917694,169,128,30,11,not_evaluated,not_evaluated
"I assure you, Helen, we didn’t charge you twice for Somalia",1.3076923076923077,0.0427960492510912,169,125,36,8,not_evaluated,not_evaluated
"You see, while I may have lost my medals, I did keep the receipt.",1.3076923076923077,0.0467302227918427,169,130,26,13,not_evaluated,not_evaluated
Please do not remove your card until prompted,1.3076923076923077,0.0455856354016616,169,131,25,13,not_evaluated,not_evaluated
It's my Purple heart disclaimer.,1.3076923076923077,0.041964978891537,169,124,38,7,not_evaluated,not_evaluated
"Well, the Commander in Chief insists that I receive his tweets.",1.3076923076923077,0.0451976654917694,169,128,30,11,not_evaluated,not_evaluated
"Yes, I'm an Army pharmacist.  Why do you ask?",1.3076923076923077,0.0451976654917694,169,128,30,11,not_evaluated,not_evaluated
That's a note from my doctor excusing me from combat due to my bone spurs.,1.3076923076923077,0.048214090040616,169,132,22,15,not_evaluated,not_evaluated
That one is from the Battle of CVS.,1.3053892215568863,0.0485802877543249,167,131,21,15,not_evaluated,not_evaluated
All I know is one is for losing my memory.,1.3053892215568863,0.0430700625730212,167,124,35,8,not_evaluated,not_evaluated
I check out at these holiday parties.,1.3053892215568863,0.0443085498564672,167,128,28,11,not_evaluated,not_evaluated
Retired.  CVS.  You?,1.3053892215568863,0.0430700625730212,167,124,35,8,not_evaluated,not_evaluated
We're looking at going paperless,1.3053892215568863,0.0422242279165794,167,123,37,7,not_evaluated,not_evaluated
You paid how much for that uniform?,1.3053892215568863,0.0443085498564672,167,128,28,11,not_evaluated,not_evaluated
For I am the very model of a modern major general!,1.3053892215568863,0.0447137565390049,167,126,31,10,not_evaluated,not_evaluated
It's a receipt for ribbons and medals that are back-ordered.,1.3053892215568863,0.0438996031523826,167,125,33,9,not_evaluated,not_evaluated
"Most of them are from my time in ‘nam, but one’s from last Thursday in CVS.",1.3053892215568863,0.0447137565390049,167,126,31,10,not_evaluated,not_evaluated
It's the pronouns preferred by each of my direct reports.,1.3053892215568863,0.0447137565390049,167,126,31,10,not_evaluated,not_evaluated
I was awarded that one for Black Friday bravery.,1.3053892215568863,0.04551334848945,167,127,29,11,not_evaluated,not_evaluated
Are those all tweets from your boss??,1.3053892215568863,0.04551334848945,167,127,29,11,not_evaluated,not_evaluated
Stop staring and thank me for my service!,1.3053892215568863,0.0430700625730212,167,124,35,8,not_evaluated,not_evaluated
I don't remember paying for that war.,1.3053892215568863,0.0462991334434549,167,128,27,12,not_evaluated,not_evaluated
Need any moisturizer?  I have coupons for it this week.,1.3053892215568863,0.0462991334434549,167,128,27,12,not_evaluated,not_evaluated
"Yah, I scored bigtime on Black Friday.  Tanks 20% off, grenades 30% off, bombs buy one get one free.",1.3053892215568863,0.0447137565390049,167,126,31,10,not_evaluated,not_evaluated
So the Trump staff tweets the talking points in real time?,1.3053892215568863,0.04551334848945,167,127,29,11,not_evaluated,not_evaluated
If you fill out the survey at the bottom you'll be eligible for a discount on your next purchase.,1.3053892215568863,0.0395784135921727,167,120,43,4,not_evaluated,not_evaluated
Its a list of witnesses in case any of my military acts need to be pardoned.,1.3053892215568863,0.04551334848945,167,127,29,11,not_evaluated,not_evaluated
"Distinguished Service, Walmart, Black Friday.",1.3053892215568863,0.0447137565390049,167,126,31,10,not_evaluated,not_evaluated
I was awarded this by the Procurement Department. It's the receipt for a $300 toilet seat.,1.3053892215568863,0.0413610995533064,167,122,39,6,not_evaluated,not_evaluated
People just want to look at my chest.  Care to tell me how to handle this?,1.3053892215568863,0.0462991334434549,167,128,27,12,not_evaluated,not_evaluated
Combat Readiness Ribbon ma'am.  Walmart platoon...Black Friday Ops...zero dark thirty.,1.3053892215568863,0.04551334848945,167,127,29,11,not_evaluated,not_evaluated
"Oh, a medal list, I thought you said medalist.",1.3053892215568863,0.0430700625730212,167,124,35,8,not_evaluated,not_evaluated
"...there's really no need to read this, it's all listed on my tinder profile.",1.3053892215568863,0.0438996031523826,167,125,33,9,not_evaluated,not_evaluated
It's from the War of 15 Items or Less.,1.3053892215568863,0.0430700625730212,167,124,35,8,not_evaluated,not_evaluated
"No, it is not a purple heart, though you may also have noticed that my dry cleaners charged an arm and a leg.",1.3053892215568863,0.0447137565390049,167,126,31,10,not_evaluated,not_evaluated
I was cashiered out.,1.3053892215568863,0.0438996031523826,167,125,33,9,not_evaluated,not_evaluated
That one is for increasing the pentagon budget by twenty percent.,1.3053892215568863,0.0438996031523826,167,125,33,9,not_evaluated,not_evaluated
All the ribbons fit to print.,1.3053892215568863,0.0430700625730212,167,124,35,8,not_evaluated,not_evaluated
"Excuse me, the President is sending me new orders.",1.3053892215568863,0.0447137565390049,167,126,31,10,not_evaluated,not_evaluated
I see you served in Kiev,1.3053892215568863,0.04551334848945,167,127,29,11,not_evaluated,not_evaluated
"Myra,I'll remember the groceries without you pinning the list on me.",1.3053892215568863,0.0443085498564672,167,128,28,11,not_evaluated,not_evaluated
"Campaign ribbon, bar tab tally.",1.3053892215568863,0.0438996031523826,167,125,33,9,not_evaluated,not_evaluated
I was awarded that after a Black Friday tour at Best Buy,1.3053892215568863,0.0438996031523826,167,125,33,9,not_evaluated,not_evaluated
Oh that’s just my receipt from CVS,1.3053892215568863,0.0447137565390049,167,126,31,10,not_evaluated,not_evaluated
I said freedom ain’t for free…and now here’s your bill.,1.3053892215568863,0.0400315282735926,167,128,30,9,not_evaluated,not_evaluated
Got that one for diligently rooting out and then covering up government waste.,1.303030303030303,0.042487546476998,165,122,36,7,not_evaluated,not_evaluated
"Don’t ask, just read.",1.303030303030303,0.042487546476998,165,122,36,7,not_evaluated,not_evaluated
These are tweet medals the President has sent me .,1.303030303030303,0.0466341157916821,165,127,26,12,not_evaluated,not_evaluated
"As part of the new zero waste program, I have to wear the department budget. And before you say anything, I don’t know how “Biden Research” got on there.",1.303030303030303,0.0481929498545876,165,129,22,14,not_evaluated,not_evaluated
"At the Pentagon, some people call me the Drugstore Cowboy, some people call me the Gangster of Love.",1.303030303030303,0.0450213404471394,165,125,30,10,not_evaluated,not_evaluated
Those? The overruns on the new bomber.,1.303030303030303,0.0466341157916821,165,127,26,12,not_evaluated,not_evaluated
This is what it now means to be a 'commissioned officer'.,1.303030303030303,0.042487546476998,165,122,36,7,not_evaluated,not_evaluated
"As you can see, the cost of war is going up.",1.301282051282051,0.0476233080561684,156,120,25,11,not_evaluated,not_evaluated
It's for not killing anyone while waiting for my CVS receipt.,1.301282051282051,0.0476233080561684,156,120,25,11,not_evaluated,not_evaluated
CVS sponsors the military now?,1.301282051282051,0.0449426357971619,156,117,31,8,not_evaluated,not_evaluated
This new administration is forcing the military to list to the left.,1.301282051282051,0.0467468339491984,156,119,27,10,not_evaluated,not_evaluated
"They can subpoena me.  As you can see, I have the receipts.",1.301282051282051,0.0449426357971619,156,117,31,8,not_evaluated,not_evaluated
That’s for my service in the never-ending wars,1.301282051282051,0.0458536094362825,156,118,29,9,not_evaluated,not_evaluated
I command the CVS division,1.301282051282051,0.0476233080561684,156,120,25,11,not_evaluated,not_evaluated
These are only of few of my best pickup lines...,1.301282051282051,0.0458536094362825,156,118,29,9,not_evaluated,not_evaluated
"I'm in the doghouse at home, and so, Yes Ma'am, that is indeed my wife's grocery list.",1.301282051282051,0.0449426357971619,156,117,31,8,not_evaluated,not_evaluated
It’s the White Tape commendation for reading all of the Presidents tweets.,1.301282051282051,0.0484839401879788,156,121,23,12,not_evaluated,not_evaluated
My list of White House Rules,1.301282051282051,0.0440128109356531,156,116,33,7,not_evaluated,not_evaluated
I moonlight as a cash register.,1.301282051282051,0.0440128109356531,156,116,33,7,not_evaluated,not_evaluated
That one catalogs POTUS's untruths.,1.301282051282051,0.0484839401879788,156,121,23,12,not_evaluated,not_evaluated
Actually I'm in Supply.  This is today's Costco list.,1.301282051282051,0.0440128109356531,156,116,33,7,not_evaluated,not_evaluated
"Oh, that's just my Twitter feed.",1.301282051282051,0.0484839401879788,156,121,23,12,not_evaluated,not_evaluated
"Is that toilet paper?, oh you must be footman to the President.",1.301282051282051,0.0368529052434947,156,124,23,9,not_evaluated,not_evaluated
Is that your subpoena or resignation letter? They're going around like candy these days.,1.301282051282051,0.0493295595164836,156,122,21,13,not_evaluated,not_evaluated
To be a General you have to be constantly calculating.,1.301282051282051,0.0449426357971619,156,117,31,8,not_evaluated,not_evaluated
My wife wants me to stop at the grocery store after the party.,1.301282051282051,0.0463023756550841,156,121,24,11,not_evaluated,not_evaluated
I got that one for being in Walmart on a Saturday.,1.301282051282051,0.0458536094362825,156,118,29,9,not_evaluated,not_evaluated
That one's for Operation Extreme Couponing.,1.301282051282051,0.0476233080561684,156,120,25,11,not_evaluated,not_evaluated
Oh that.  My wife doesn't' trust me to remember the grocery list.,1.3,0.0459011790588619,160,122,28,10,not_evaluated,not_evaluated
Awards bestowed three years ago...now awaiting Senate approval.,1.3,0.0441552435684731,160,120,32,8,not_evaluated,not_evaluated
"Yes ma'am, you are correct, it is a toupee. Conversely, are those puppies real?",1.3,0.050780078300464,160,128,16,16,not_evaluated,not_evaluated
I command the commissary,1.3,0.0441552435684731,160,120,32,8,not_evaluated,not_evaluated
"Your tax dollars at work, mam.",1.3,0.0404378551086251,160,121,32,7,not_evaluated,not_evaluated
Oh that? it's a CVS receipt.,1.3,0.0432558572032728,160,119,34,7,not_evaluated,not_evaluated
And that one’s for buying shit at Costco.,1.3,0.045036672687849,160,121,30,9,not_evaluated,not_evaluated
Step back.  Anything that prints out is classified.,1.3,0.0423373691930506,160,118,36,6,not_evaluated,not_evaluated
What was the $12.99 for?,1.3,0.0423373691930506,160,118,36,6,not_evaluated,not_evaluated
Every time someone thanks me for my service I give them a receipt,1.3,0.0441552435684731,160,120,32,8,not_evaluated,not_evaluated
And that one is for standing in line at Costco's the day before Thanksgiving.,1.3,0.045036672687849,160,121,30,9,not_evaluated,not_evaluated
Trump's tweets about me.,1.3,0.0459011790588619,160,122,28,10,not_evaluated,not_evaluated
Could you check it and confirm I received the military discount.,1.3,0.045036672687849,160,121,30,9,not_evaluated,not_evaluated
It's a list of talking points from the President.,1.3,0.0467497015091536,160,123,26,11,not_evaluated,not_evaluated
I’m the comptroller-general.,1.3,0.045036672687849,160,121,30,9,not_evaluated,not_evaluated
Apparently “Target” is also some kind of shopping market.,1.2974683544303798,0.0453510709692973,158,120,29,9,not_evaluated,not_evaluated
"So those are ""pending""?",1.2974683544303798,0.0444532786527473,158,119,31,8,not_evaluated,not_evaluated
It's a list of the battles I lost to my wife.,1.2974683544303798,0.0470953389225424,158,122,25,11,not_evaluated,not_evaluated
Who do you think came up with the $600 toilet seats  and $400 hammers .,1.2974683544303798,0.043536976558959,158,118,33,7,not_evaluated,not_evaluated
You’re welcome and that’s the receipt for my service.,1.2974683544303798,0.0511966719977615,158,127,15,16,not_evaluated,not_evaluated
They are for good conduct in treacherous social settings.,1.294871794871795,0.0483113940549147,156,122,22,12,not_evaluated,not_evaluated
The label has to stay on  - it's a federal law.,1.294871794871795,0.0465678518256068,156,120,26,10,not_evaluated,not_evaluated
"""Actually it's my medals wish list.",1.294871794871795,0.0447564392213465,156,118,30,8,not_evaluated,not_evaluated
The price of victory,1.294871794871795,0.0456711269590851,156,119,28,9,not_evaluated,not_evaluated
Just ongoing grand jury testimony.,1.294871794871795,0.0418927188656657,156,115,36,5,not_evaluated,not_evaluated
"It’s a disclaimer, stating that: as a decent citizen; I would blow a whistle; if provoked",1.294871794871795,0.0465678518256068,156,120,26,10,not_evaluated,not_evaluated
"I’m so tired of explaining each one, I just let people read the list.",1.294871794871795,0.0447564392213465,156,118,30,8,not_evaluated,not_evaluated
I like to let my military achievements text for themselves.,1.294871794871795,0.0447564392213465,156,118,30,8,not_evaluated,not_evaluated
The president requires us to wear an NDA.,1.294871794871795,0.0438226638377369,156,117,32,7,not_evaluated,not_evaluated
It’s not a medal.  My wife pins me with the grocery list.,1.294871794871795,0.0447564392213465,156,118,30,8,not_evaluated,not_evaluated
Please read the small print before I grope you.,1.294871794871795,0.0456711269590851,156,119,28,9,not_evaluated,not_evaluated
"Oh, I see you've worked in the Trump administration - in several positions.",1.294871794871795,0.0456711269590851,156,119,28,9,not_evaluated,not_evaluated
Those are my military awards I have received via Twitter,1.294871794871795,0.0447564392213465,156,123,22,11,not_evaluated,not_evaluated
"I served under Trump, so there are extenuating circumstances.",1.294871794871795,0.0438226638377369,156,117,32,7,not_evaluated,not_evaluated
They ran out of medals so they gave me a raincheck.,1.294871794871795,0.0447564392213465,156,118,30,8,not_evaluated,not_evaluated
This is proof of the high cost of war.,1.294871794871795,0.0428685535083294,156,116,34,6,not_evaluated,not_evaluated
"I earned these medals, and these tweets.",1.294871794871795,0.0447564392213465,156,118,30,8,not_evaluated,not_evaluated
"If Congress won't take me at my word, I have the receipts to prove it!",1.294871794871795,0.0447564392213465,156,118,30,8,not_evaluated,not_evaluated
"It's the Award of Merit
for Distinguished Budgetary Audacity.",1.292207792207792,0.0450648408869157,154,117,29,8,not_evaluated,not_evaluated
I got that one for a covert op at CVS.,1.292207792207792,0.0459969816616986,154,118,27,9,not_evaluated,not_evaluated
"Defense Appropriations Medal, Madam.",1.292207792207792,0.0450648408869157,154,117,29,8,not_evaluated,not_evaluated
"If you are brave enough, eventually you run out of space.",1.292207792207792,0.0450648408869157,154,117,29,8,not_evaluated,not_evaluated
Mr. Trump said the military must be ready for a ticker tape parade at all times.,1.292207792207792,0.0441130076773214,154,116,31,7,not_evaluated,not_evaluated
Who says the military is never held to account?,1.292207792207792,0.0459969816616986,154,118,27,9,not_evaluated,not_evaluated
No! I am NOT Romney and this is NOT a Pentagon ATM!”,1.292207792207792,0.0324760196020304,154,123,24,7,not_evaluated,not_evaluated
It's a Combat Action Receipt for Black Friday at Walmart.,1.292207792207792,0.0478067693703922,154,120,23,11,not_evaluated,not_evaluated
"Most of them are from me answering ""Yes"", to people asking, ""What? Do you want a medal for that!""",1.292207792207792,0.0450648408869157,154,117,29,8,not_evaluated,not_evaluated
Lean budget: we are running out of ribbons and medals. We are replacing them with a printout of our merits...,1.292207792207792,0.0450648408869157,154,117,29,8,not_evaluated,not_evaluated
It helps when I don't know what I don't know.,1.292207792207792,0.0459969816616986,154,118,27,9,not_evaluated,not_evaluated
It was awarded for Black Friday 2018.,1.292207792207792,0.0450648408869157,154,117,29,8,not_evaluated,not_evaluated
I also accept tips.,1.292207792207792,0.0459969816616986,154,118,27,9,not_evaluated,not_evaluated
Pick a war..any war.,1.292207792207792,0.0450648408869157,154,117,29,8,not_evaluated,not_evaluated
"It’s my pardon, I don’t leave home without it.",1.292207792207792,0.0431401785869716,154,115,33,6,not_evaluated,not_evaluated
It's all the pins I'm entitled to after a pardon from the President.,1.292207792207792,0.0478067693703922,154,120,23,11,not_evaluated,not_evaluated
I got these during my two tours in 'Aisle 5'.,1.292207792207792,0.0459969816616986,154,118,27,9,not_evaluated,not_evaluated
Good Conduct in the Czech-out line..,1.292207792207792,0.0478067693703922,154,120,23,11,not_evaluated,not_evaluated
It's the easiest way to keep up with all the changes.,1.2894736842105263,0.04537860074596,152,116,28,8,not_evaluated,not_evaluated
The commander-in-chief is tweeting again.,1.2885906040268456,0.0478972898300701,149,116,23,10,not_evaluated,not_evaluated
The Administration gave me a receipt for my ethics.,1.2885906040268456,0.0488348758023704,149,117,21,11,not_evaluated,not_evaluated
It means I was cashiered. Any other stupid questions?,1.2885906040268456,0.0449673904998291,149,113,29,7,not_evaluated,not_evaluated
It was awarded for extraordinary  deficit procurement,1.2885906040268456,0.0459647792329227,149,114,27,8,not_evaluated,not_evaluated
"Yes, it's a receipt. Did you think they gave these things away?",1.2885906040268456,0.0459647792329227,149,114,27,8,not_evaluated,not_evaluated
This is from the cost overrun campaign.,1.2885906040268456,0.0423713276219439,149,113,30,6,not_evaluated,not_evaluated
For injuries sustained during a brief incursion with my wife into Bloomingdale's lingerie department on Black Friday.,1.2885906040268456,0.0469409805127516,149,115,25,9,not_evaluated,not_evaluated
For valor in shopping at CVS.,1.2885906040268456,0.0469409805127516,149,115,25,9,not_evaluated,not_evaluated
"I. Am. A. Robot.
I am printing your drink receipt.
Running. Out. Of. Ink.",1.2885906040268456,0.0459647792329227,149,114,27,8,not_evaluated,not_evaluated
I earned this one on Black Friday.,1.2885906040268456,0.0459647792329227,149,114,27,8,not_evaluated,not_evaluated
Everyone asks. I was in the purchasing department.,1.2885906040268456,0.0429031090392026,149,111,33,5,not_evaluated,not_evaluated
It’s for Bravery Before Congress and its the actual transcript.,1.2885906040268456,0.0478972898300701,149,116,23,10,not_evaluated,not_evaluated
"If you fill out their evaluation before midnight, they'll send four more ribbons.",1.2885906040268456,0.0478972898300701,149,116,23,10,not_evaluated,not_evaluated
I won that one for bravery at a CVS register.,1.2885906040268456,0.0478972898300701,149,116,23,10,not_evaluated,not_evaluated
It happens every time I used the self-check-out.,1.2885906040268456,0.0449673904998291,149,113,29,7,not_evaluated,not_evaluated
...and this one is from the Battle of Black Friday.,1.2885906040268456,0.0469409805127516,149,115,25,9,not_evaluated,not_evaluated
That one's for being in charge of procurement.,1.2885906040268456,0.0429031090392026,149,111,33,5,not_evaluated,not_evaluated
Just call me Prince Charmin.,1.2885906040268456,0.0488348758023704,149,117,21,11,not_evaluated,not_evaluated
It's my pardon.,1.2885906040268456,0.0459647792329227,149,114,27,8,not_evaluated,not_evaluated
You're a taxpayer! Do you want your receipt?,1.2885906040268456,0.0469409805127516,149,115,25,9,not_evaluated,not_evaluated
"Ma'am, you're giving me a military industrial complex.",1.2885906040268456,0.0478972898300701,149,116,23,10,not_evaluated,not_evaluated
"CV?  Oh no, CVS.",1.2885906040268456,0.0478972898300701,149,116,23,10,not_evaluated,not_evaluated
See any foreign interests I can interest you in?,1.2885906040268456,0.0497547969164798,149,118,19,12,not_evaluated,not_evaluated
That one’s for valor displayed in the skirmish of aisle four at the CVS on West 77th.,1.2885906040268456,0.0478972898300701,149,116,23,10,not_evaluated,not_evaluated
...and this one is for my achievements in military spending.,1.2885906040268456,0.0488348758023704,149,117,21,11,not_evaluated,not_evaluated
"A political statement about the U.S. military being for sale to foreign dictators?  Ma'am I... Aw, heck! I forgot to take the dang ticket off at the cleaner's again.",1.2885906040268456,0.0449673904998291,149,113,29,7,not_evaluated,not_evaluated
"This conversation alone has cost the taxpayers $1,000.",1.2885906040268456,0.0429031090392026,149,111,33,5,not_evaluated,not_evaluated
From the Commander in Chief : A bill to NATO.,1.2885906040268456,0.0429031090392026,149,111,33,5,not_evaluated,not_evaluated
And that's for my time at CVS,1.2885906040268456,0.0497547969164798,149,118,19,12,not_evaluated,not_evaluated
It's just a rough estimate of what my career costs in taxpayer dollars,1.2885906040268456,0.0449673904998291,149,113,29,7,not_evaluated,not_evaluated
"Yes, it is my Christmas wish list. Proud to serve. Proud to believe!",1.2885906040268456,0.0478972898300701,149,116,23,10,not_evaluated,not_evaluated
Four star coupons,1.2885906040268456,0.0333933974415912,149,118,25,6,not_evaluated,not_evaluated
Lighter than hanging 50 medals!,1.2885906040268456,0.0429031090392026,149,111,33,5,not_evaluated,not_evaluated
Including tips?,1.2885906040268456,0.040734350640403,149,109,37,3,not_evaluated,not_evaluated
I believe that there must be accountability in the armed forces...,1.2885906040268456,0.0469409805127516,149,115,25,9,not_evaluated,not_evaluated
My medal for small talk comes with over thirty conversation topics if you’d like to choose one?,1.2885906040268456,0.0449673904998291,149,113,29,7,not_evaluated,not_evaluated
You’re welcome. This is the itemized bill for my service.,1.2885906040268456,0.0469409805127516,149,115,25,9,not_evaluated,not_evaluated
"What’s this? An itemized receipt for loss of marriage, loss of children, loss of house, loss of limb et al. Goodness me, how does one assess the value?”
“Well, ma’am, I thought the phrase ‘Thank you for your sacrifice’ could use some specificity.",1.2885906040268456,0.0478972898300701,149,116,23,10,not_evaluated,not_evaluated
It says I have 30 days to decide if I want to return the medal.,1.2885906040268456,0.0449673904998291,149,113,29,7,not_evaluated,not_evaluated
Then I realized that I was forgetting about all the LinkedIn endorsements...,1.2885906040268456,0.0488348758023704,149,117,21,11,not_evaluated,not_evaluated
That one is 'Best in Show.',1.2857142857142858,0.045278417844953,147,112,28,7,not_evaluated,not_evaluated
It was a particularly dangerous CVS.,1.2857142857142858,0.0492228296931858,147,116,20,11,not_evaluated,not_evaluated
It's a new attempt to make military spending readily transparent to the public.,1.2857142857142858,0.045278417844953,147,112,28,7,not_evaluated,not_evaluated
"Rock, paper, scissors.",1.2857142857142858,0.0492228296931858,147,116,20,11,not_evaluated,not_evaluated
"There’s a new one every week, so we’ve gone electronic.",1.2857142857142858,0.0482669555999632,147,115,22,10,not_evaluated,not_evaluated
That one is for snagging the best Black Friday deals at Costco.,1.2857142857142858,0.0472917650629924,147,114,24,9,not_evaluated,not_evaluated
"Well, you look good on paper but...",1.2857142857142858,0.0482669555999632,147,115,22,10,not_evaluated,not_evaluated
"Ironically, it was awarded to me for reducing Pentagon waste!",1.2857142857142858,0.045278417844953,147,112,28,7,not_evaluated,not_evaluated
Are you looking at my chest?,1.2857142857142858,0.045278417844953,147,112,28,7,not_evaluated,not_evaluated
What makes you think I bought any of these?,1.2857142857142858,0.0420781563545208,147,109,34,4,not_evaluated,not_evaluated
I am now required to wear a lie meter,1.2857142857142858,0.0492228296931858,147,116,20,11,not_evaluated,not_evaluated
and this one was given to me by the industrial military complex,1.2857142857142858,0.0482669555999632,147,115,22,10,not_evaluated,not_evaluated
"Iraq, Afganistan, CVS.",1.2857142857142858,0.0442373955203808,147,111,30,6,not_evaluated,not_evaluated
I didn't charge you for the bit about Jim Mattis; the rest comes to $28.50,1.2857142857142858,0.0462960374401278,147,113,26,8,not_evaluated,not_evaluated
The Battle of Black Friday saw some of my finest accomplishments.,1.2857142857142858,0.0492228296931858,147,116,20,11,not_evaluated,not_evaluated
"I've kept the receipts, just in case the honors need to be returned.",1.2857142857142858,0.045278417844953,147,112,28,7,not_evaluated,not_evaluated
Your best before date was yesterday.,1.2857142857142858,0.0442373955203808,147,111,30,6,not_evaluated,not_evaluated
It's a receipt for the medals I bought.,1.2857142857142858,0.0442373955203808,147,111,30,6,not_evaluated,not_evaluated
That I received after I single-handedly saved more than 2000 bonus points.,1.2857142857142858,0.0462960374401278,147,113,26,8,not_evaluated,not_evaluated
"Well, I also like to keep abreast of what's happening on Wall  Street.""",1.2857142857142858,0.0409558699343568,147,108,36,3,not_evaluated,not_evaluated
"I received that award by email, as well.""",1.2857142857142858,0.045278417844953,147,112,28,7,not_evaluated,not_evaluated
It's a petition to the Commander in Chief to revoke his authority to poke his nose in the Pentagon's affairs. Care to sign?,1.2857142857142858,0.0492228296931858,147,116,20,11,not_evaluated,not_evaluated
I kick butt and take names.,1.2857142857142858,0.045278417844953,147,112,28,7,not_evaluated,not_evaluated
It's a subpoena.,1.2857142857142858,0.045278417844953,147,112,28,7,not_evaluated,not_evaluated
I now deeply regret winning the Medal for Valorous Accounting.,1.2857142857142858,0.0442373955203808,147,111,30,6,not_evaluated,not_evaluated
These are just the cover-ups that have been declassified.,1.2857142857142858,0.0420781563545208,147,109,34,4,not_evaluated,not_evaluated
My 24/7 duty is to read in real-time the President's twitter feed.  The medals light up to alert me to DEFCON changes. And my tie cinches tighter whenever the press asks the President a hard question about the military.,1.2857142857142858,0.0519851021288891,147,119,14,14,not_evaluated,not_evaluated
I hate it when the President has me pick up groceries.,1.2857142857142858,0.0431712775153928,147,110,32,5,not_evaluated,not_evaluated
You can remove your credit card now.,1.2857142857142858,0.0472917650629924,147,114,24,9,not_evaluated,not_evaluated
Thank you for your weapons purchase.   Your receipt is printing now.,1.2837837837837838,0.0439798677602105,148,112,30,6,not_evaluated,not_evaluated
My wife insists I'll forget to pickup groceries.,1.282758620689655,0.0471439552524502,145,115,20,10,not_evaluated,not_evaluated
"I knew I recognized you from somewhere. Costco, right?",1.282758620689655,0.0455946746443648,145,111,27,7,not_evaluated,not_evaluated
It's a list of favors I owe Trump. One for each medal.,1.282758620689655,0.0486439171712617,145,114,21,10,not_evaluated,not_evaluated
That's the transcript of my testimony.,1.282758620689655,0.0455946746443648,145,111,27,7,not_evaluated,not_evaluated
They’re I.O.U’s since the last sequestration.,1.282758620689655,0.042326327906947,145,108,33,4,not_evaluated,not_evaluated
These days accountability takes many forms.,1.282758620689655,0.043443106181527,145,109,31,5,not_evaluated,not_evaluated
"Ah! Yes, well, HOPING for reimbursements.",1.282758620689655,0.0466332477588524,145,112,25,8,not_evaluated,not_evaluated
I got that for my tour of duty at the CVS in Kandahar.,1.282758620689655,0.0455946746443648,145,111,27,7,not_evaluated,not_evaluated
They didn't give me all the medals I deserved so I wrote them down.,1.282758620689655,0.0466332477588524,145,112,25,8,not_evaluated,not_evaluated
"Personal conquest,,,,wanna add your name?",1.282758620689655,0.0466332477588524,145,112,25,8,not_evaluated,not_evaluated
"Yes, I do shop at CVS.",1.282758620689655,0.0445318865007138,145,110,29,6,not_evaluated,not_evaluated
I got that one for valor at the Battle of CVS,1.282758620689655,0.0486439171712617,145,114,21,10,not_evaluated,not_evaluated
Let's just say I was *pretty* high up at CVS!,1.282758620689655,0.0476491892601704,145,113,23,9,not_evaluated,not_evaluated
"It's for meritorious spending in time of peace.""",1.282758620689655,0.0445318865007138,145,110,29,6,not_evaluated,not_evaluated
Got it for saving a fax machine under heavy  fire.,1.282758620689655,0.0455946746443648,145,111,27,7,not_evaluated,not_evaluated
This one I got for shopping with the wife on Black Friday.,1.282758620689655,0.0455946746443648,145,111,27,7,not_evaluated,not_evaluated
"Oh, don't worry about the running tab. We'll get the taxpayers to cover.",1.282758620689655,0.0445318865007138,145,110,29,6,not_evaluated,not_evaluated
"I was awarded this one for the battle of Wal-Mart, black friday, 2010",1.282758620689655,0.0399993394052996,145,116,21,8,not_evaluated,not_evaluated
It’s the receipt. They’re rented. You got a problem with that?”,1.2797202797202798,0.0459162543510561,143,110,26,7,not_evaluated,not_evaluated
I'm issuing you a security clearance to my pants.,1.2797202797202798,0.0480134202708988,143,112,22,9,not_evaluated,not_evaluated
Jot down your name and number to thank me for my service.,1.2797202797202798,0.0480134202708988,143,112,22,9,not_evaluated,not_evaluated
Been to CVS lately?,1.2797202797202798,0.0469765416976433,143,111,24,8,not_evaluated,not_evaluated
It's a running total of government ecpenditure for our night out,1.2797202797202798,0.0459162543510561,143,110,26,7,not_evaluated,not_evaluated
"Yes, ma'am.  I served in the Banana Republic.",1.2797202797202798,0.0469765416976433,143,111,24,8,not_evaluated,not_evaluated
"Inducted in ‘73, cashiered in ‘13.",1.2797202797202798,0.0459162543510561,143,110,26,7,not_evaluated,not_evaluated
The tab’s on me.,1.2797202797202798,0.0490283752774808,143,113,20,10,not_evaluated,not_evaluated
"As you can see, I'm not a complete sell out.",1.2797202797202798,0.0469765416976433,143,111,24,8,not_evaluated,not_evaluated
Is that a CVS receipt?,1.2797202797202798,0.0490283752774808,143,113,20,10,not_evaluated,not_evaluated
It’s an itemized bill for people who honestly want to thank me for my service.,1.2797202797202798,0.0459162543510561,143,110,26,7,not_evaluated,not_evaluated
"Mostly for combat, but that one’s from CVS.",1.2797202797202798,0.0469765416976433,143,111,24,8,not_evaluated,not_evaluated
...and that one is for distinguished service at CVS.,1.2797202797202798,0.051954410313929,143,116,14,13,not_evaluated,not_evaluated
Overbudget one lousy billion dollar officer's john and they never let you forget.,1.2797202797202798,0.0469765416976433,143,111,24,8,not_evaluated,not_evaluated
I'm tired of explaining what they're for.,1.2797202797202798,0.0459162543510561,143,110,26,7,not_evaluated,not_evaluated
I got this one for bombing Costco,1.2797202797202798,0.0480134202708988,143,112,22,9,not_evaluated,not_evaluated
"It's an 'I participated' ribbon. Budget cuts, you know.",1.2797202797202798,0.0480134202708988,143,112,22,9,not_evaluated,not_evaluated
Black Friday at CVS left scars.,1.2797202797202798,0.0464494234813593,143,113,21,9,not_evaluated,not_evaluated
It may look a little out of place but this is a big deal in Army Accounting.,1.2797202797202798,0.0469765416976433,143,111,24,8,not_evaluated,not_evaluated
It’s the receipt for my political contributions.,1.2797202797202798,0.0459162543510561,143,110,26,7,not_evaluated,not_evaluated
I'm the general in charge of the Office of Management and Budget.,1.2797202797202798,0.0459162543510561,143,110,26,7,not_evaluated,not_evaluated
They gave us a printer since our orders come via Twitter these days.,1.2797202797202798,0.0480134202708988,143,112,22,9,not_evaluated,not_evaluated
They came at a price.,1.2797202797202798,0.0448308973520645,143,109,28,6,not_evaluated,not_evaluated
"No, it isn’t a receipt from a costume shop!",1.2797202797202798,0.0437186036047792,143,108,30,5,not_evaluated,not_evaluated
I'm a five-star general at CVS.,1.2797202797202798,0.050022741214262,143,114,18,11,not_evaluated,not_evaluated
"Actually, I'm the General's teleprompter.",1.2797202797202798,0.0459162543510561,143,110,26,7,not_evaluated,not_evaluated
"So, according to that Haliburton receipt those patches cost $250,000?",1.2797202797202798,0.0459162543510561,143,110,26,7,not_evaluated,not_evaluated
Wow!  A list of wars you’ve fought in since I was born.,1.2797202797202798,0.0469765416976433,143,111,24,8,not_evaluated,not_evaluated
I didn't know they give medals for accounting.,1.2797202797202798,0.0469765416976433,143,111,24,8,not_evaluated,not_evaluated
My wife asked me to do the shopping this week.,1.2797202797202798,0.0459162543510561,143,110,26,7,not_evaluated,not_evaluated
New medals designed by Banksy.  Please don’t pull on it.,1.2797202797202798,0.0459162543510561,143,110,26,7,not_evaluated,not_evaluated
I have to stop for groceries on the way home.,1.2797202797202798,0.0490283752774808,143,113,20,10,not_evaluated,not_evaluated
That one I got at Dollar General.,1.2797202797202798,0.050022741214262,143,114,18,11,not_evaluated,not_evaluated
My wife stitched this one on to remind me of what to pick up on the way home.,1.2797202797202798,0.0459162543510561,143,110,26,7,not_evaluated,not_evaluated
How long have you been Lieutenant Commander of CVS?,1.2797202797202798,0.050022741214262,143,114,18,11,not_evaluated,not_evaluated
I was running out of jacket.,1.2797202797202798,0.0448308973520645,143,109,28,6,not_evaluated,not_evaluated
That’s the disclaimer.,1.2797202797202798,0.0437186036047792,143,108,30,5,not_evaluated,not_evaluated
"No, it's a grocery list my wife gave me.",1.2797202797202798,0.0490283752774808,143,113,20,10,not_evaluated,not_evaluated
Black Friday 2018. Brick and mortar everywhere.,1.2797202797202798,0.0459162543510561,143,110,26,7,not_evaluated,not_evaluated
It's a list of orders from my wife.,1.2797202797202798,0.0448308973520645,143,109,28,6,not_evaluated,not_evaluated
I can't speak to that but you can read my thoughts.,1.2797202797202798,0.0469765416976433,143,111,24,8,not_evaluated,not_evaluated
You thought your outfit is expensive? Check how much mine costs taxpayers!,1.2797202797202798,0.0480134202708988,143,112,22,9,not_evaluated,not_evaluated
Those are the president's tweets about me,1.2797202797202798,0.0425772620645372,143,107,32,4,not_evaluated,not_evaluated
This is my receipt for claiming that Trump is a true patriot.,1.2797202797202798,0.050022741214262,143,114,18,11,not_evaluated,not_evaluated
I received this Customer Service Ribbon in the 6th Ave CVS Division.,1.2797202797202798,0.0480134202708988,143,112,22,9,not_evaluated,not_evaluated
"No, that is not a receipt for my ""little costume.""",1.2797202797202798,0.0469765416976433,143,111,24,8,not_evaluated,not_evaluated
"The ribbon?  It’s my wife’s grocery list. If I forget the sugar this time, she’ll take my right arm.",1.2797202797202798,0.0459162543510561,143,110,26,7,not_evaluated,not_evaluated
"I served in CVS, Walgreens and Costco",1.2797202797202798,0.0469765416976433,143,111,24,8,not_evaluated,not_evaluated
"Oh, sorry; did you say you'd prefer your receipt emailed?""",1.2797202797202798,0.0469765416976433,143,111,24,8,not_evaluated,not_evaluated
The Battle of CVS.,1.2797202797202798,0.0459162543510561,143,110,26,7,not_evaluated,not_evaluated
"Since no one knows what they mean, I printed a list of descriptions.",1.2797202797202798,0.0437186036047792,143,108,30,5,not_evaluated,not_evaluated
That one was for telling the Commander-in-Chief to go fuck himself.,1.2797202797202798,0.0509977224474638,143,115,16,12,not_evaluated,not_evaluated
I got this one after my second tour of duty at CVS.,1.2797202797202798,0.0490283752774808,143,113,20,10,not_evaluated,not_evaluated
is that my bar tab?,1.2797202797202798,0.0448308973520645,143,109,28,6,not_evaluated,not_evaluated
I was once wounded shopping at a CVS.,1.2797202797202798,0.0480134202708988,143,112,22,9,not_evaluated,not_evaluated
It's my bucket list for other medals.,1.2797202797202798,0.0480134202708988,143,112,22,9,not_evaluated,not_evaluated
"If my resignation is requested, Costco's uniform refund policy applies.",1.2797202797202798,0.0490283752774808,143,113,20,10,not_evaluated,not_evaluated
I find it best to keep a transcript of all my conversations.  You can keep the paper copy of this one.,1.2797202797202798,0.0459162543510561,143,110,26,7,not_evaluated,not_evaluated
"Sure, I love explaining why we spend so much on defense.",1.2797202797202798,0.0480134202708988,143,112,22,9,not_evaluated,not_evaluated
I am just as proud to say that I did the grocery shopping this week.,1.2797202797202798,0.0448308973520645,143,109,28,6,not_evaluated,not_evaluated
It's a list explaining all the decorations.,1.2797202797202798,0.0490283752774808,143,113,20,10,not_evaluated,not_evaluated
"Why yes, I am in procurement and supply. How did you know?",1.2797202797202798,0.0437186036047792,143,108,30,5,not_evaluated,not_evaluated
No! I earned these without any help from President Trump.,1.2797202797202798,0.0469765416976433,143,111,24,8,not_evaluated,not_evaluated
I got tired of explaining what the medals are for so I made a list for anyone who cares to read it.,1.2797202797202798,0.0437186036047792,143,108,30,5,not_evaluated,not_evaluated
That one is for valiantly shopping at CVS.,1.2797202797202798,0.0469765416976433,143,111,24,8,not_evaluated,not_evaluated
"It's amazing really. The longer I support Trump, the longer my list of accomplishments. May I grab your pussy now?",1.2797202797202798,0.050022741214262,143,114,18,11,not_evaluated,not_evaluated
Distinguished Secret Shopper.,1.2797202797202798,0.050022741214262,143,114,18,11,not_evaluated,not_evaluated
And this one is for serving at the front of CVS.,1.2797202797202798,0.0490283752774808,143,113,20,10,not_evaluated,not_evaluated
I really do have a laundry list of accomplishments.,1.2797202797202798,0.0448308973520645,143,109,28,6,not_evaluated,not_evaluated
I'm being monitored for cost overruns.,1.2797202797202798,0.0425772620645372,143,107,32,4,not_evaluated,not_evaluated
Oh my!  I thought the drinks were free,1.2797202797202798,0.0469765416976433,143,111,24,8,not_evaluated,not_evaluated
I broke up a fistfight at CVS.,1.2797202797202798,0.0469765416976433,143,111,24,8,not_evaluated,not_evaluated
"They were all bad people, mam.",1.2797202797202798,0.0480134202708988,143,112,22,9,not_evaluated,not_evaluated
I got them at CVS.,1.2797202797202798,0.051954410313929,143,116,14,13,not_evaluated,not_evaluated
This one I got from being at Walmart on a Saturday.,1.2797202797202798,0.0490283752774808,143,113,20,10,not_evaluated,not_evaluated
This is the list of President insults to Army.,1.2797202797202798,0.0490283752774808,143,113,20,10,not_evaluated,not_evaluated
For some reason they called me The Human Calculator at West Point.,1.2797202797202798,0.0469765416976433,143,111,24,8,not_evaluated,not_evaluated
"I told them we shouldn't buy our uniforms from CVS, but here we are.",1.2797202797202798,0.0448308973520645,143,109,28,6,not_evaluated,not_evaluated
"No, that one is from Haliburton.",1.2797202797202798,0.0469765416976433,143,111,24,8,not_evaluated,not_evaluated
I run the Pentagon's procurement office.,1.2797202797202798,0.0469765416976433,143,111,24,8,not_evaluated,not_evaluated
"Until I know whether we were on the right side of history, I'm keeping the gift receipt attached to the ribbon bar.",1.278688524590164,0.0523946224478299,122,96,18,8,not_evaluated,not_evaluated
Military accountants don't get medals we get tally sheets,1.2765957446808511,0.0462432480667749,141,109,25,7,not_evaluated,not_evaluated
"Black Friday, 1983. I never did get that Cabbage Patch Kid.",1.2765957446808511,0.0462432480667749,141,109,25,7,not_evaluated,not_evaluated
I have a grocery list of achievements.,1.2765957446808511,0.0439977697909547,141,107,29,5,not_evaluated,not_evaluated
"No Mam, it's not for being in the most  ticker tape parades.",1.2765957446808511,0.0483846281059669,141,111,21,9,not_evaluated,not_evaluated
One more and I get a pinata.,1.2765957446808511,0.0439977697909547,141,107,29,5,not_evaluated,not_evaluated
"... Vietnam, Kuwait, Mosul.... And that one's my wife's grocery list.",1.2765957446808511,0.0428309073448617,141,106,31,4,not_evaluated,not_evaluated
"That day there was no receipt, no surrender.",1.2765957446808511,0.045134475394886,141,108,27,6,not_evaluated,not_evaluated
My wife doesn't let me go anywhere without a to-do list!,1.2765957446808511,0.0462432480667749,141,109,25,7,not_evaluated,not_evaluated
I made sure they gave me a receipt when i pawned my other medals off.,1.2765957446808511,0.0483846281059669,141,111,21,9,not_evaluated,not_evaluated
It’s from my time in the Walgreen Berets.,1.2765957446808511,0.0462432480667749,141,109,25,7,not_evaluated,not_evaluated
It's my list of who's naughty and nice.,1.2765957446808511,0.0473260511173181,141,110,23,8,not_evaluated,not_evaluated
"Yes, and that one is from Black Friday 1993, Mall of America.",1.2765957446808511,0.0483846281059669,141,111,21,9,not_evaluated,not_evaluated
CIA and CVS,1.2765957446808511,0.0462432480667749,141,109,25,7,not_evaluated,not_evaluated
"Good News Mam, you've saved $5.24 on new defense spending!",1.2753623188405796,0.0468720254581781,138,107,24,7,not_evaluated,not_evaluated
They said they could kill two birds with one stone if I let them attach tonight’s menu.,1.2753623188405796,0.0468720254581781,138,107,24,7,not_evaluated,not_evaluated
And that one I received from CVS for hydrating ointment.,1.2753623188405796,0.04798722010441,138,108,22,8,not_evaluated,not_evaluated
And that's how we won the war on Christmas.,1.2753623188405796,0.0433546675937103,138,104,30,4,not_evaluated,not_evaluated
That one's for self-checkout.,1.2753623188405796,0.0433546675937103,138,104,30,4,not_evaluated,not_evaluated
'I'm doing some consulting work for CVS Pharmacy.',1.2753623188405796,0.044557981607767,138,105,28,5,not_evaluated,not_evaluated
It was either this or have my citations e-mailed to me.,1.2753623188405796,0.0433546675937103,138,104,30,4,not_evaluated,not_evaluated
I thought your Tinder profile said you like army badges.,1.2753623188405796,0.0457296429874004,138,106,26,6,not_evaluated,not_evaluated
I spent the war as an ink jet pilot.,1.2753623188405796,0.0468720254581781,138,107,24,7,not_evaluated,not_evaluated
It's the new medal for cyber warfare.,1.2753623188405796,0.0490770803547449,138,109,20,9,not_evaluated,not_evaluated
I see you were wounded during Black Friday.,1.2753623188405796,0.0457296429874004,138,106,26,6,not_evaluated,not_evaluated
"To break the ice, I’ve attached a list of questions about my service ribbons that you may want to ask me.",1.2753623188405796,0.0433546675937103,138,104,30,4,not_evaluated,not_evaluated
I wondered where I put my grocery list,1.2753623188405796,0.0457296429874004,138,106,26,6,not_evaluated,not_evaluated
It's not a medal. I just got some gum at CVS.,1.2753623188405796,0.04798722010441,138,108,22,8,not_evaluated,not_evaluated
I did two tours in CVS.,1.2753623188405796,0.04798722010441,138,108,22,8,not_evaluated,not_evaluated
"This is the 3rd retirement party in 3 nights.  Yeah, he said that he doesn't need Generals anymore.",1.2753623188405796,0.0490770803547449,138,109,20,9,not_evaluated,not_evaluated
That one’s from my stint in the CVS.,1.2753623188405796,0.0457296429874004,138,106,26,6,not_evaluated,not_evaluated
All those battles ma'am. They come with a price tag.,1.2753623188405796,0.0468720254581781,138,107,24,7,not_evaluated,not_evaluated
That’s for Operation Walmart on Black Friday.,1.2753623188405796,0.0457296429874004,138,106,26,6,not_evaluated,not_evaluated
I earned that at the Battle of CVS.,1.2753623188405796,0.044557981607767,138,105,28,5,not_evaluated,not_evaluated
"If you absolutely must know, it’s a shopping list from my wife.",1.2753623188405796,0.04798722010441,138,108,22,8,not_evaluated,not_evaluated
It appears I've been subpoenaed for that last comment.,1.2753623188405796,0.04798722010441,138,108,22,8,not_evaluated,not_evaluated
"It's my duty to inform you that my eyes are up here, ma'am!",1.2753623188405796,0.0457296429874004,138,106,26,6,not_evaluated,not_evaluated
So Saudi Arabia is paying for the wine as well?,1.2753623188405796,0.0468720254581781,138,107,24,7,not_evaluated,not_evaluated
"Sorry, you're not on my dance list",1.2753623188405796,0.0468720254581781,138,107,24,7,not_evaluated,not_evaluated
"First, I was wined and dined. Now I'm running a tab. Firing by Tweet is only a matter of time.",1.2753623188405796,0.04798722010441,138,108,22,8,not_evaluated,not_evaluated
Like everyone else here I'm for sale. Take a number.,1.2753623188405796,0.0511872333862661,138,111,16,11,not_evaluated,not_evaluated
Those are the legal disclaimers that go with all of my pins.,1.2753623188405796,0.0433546675937103,138,104,30,4,not_evaluated,not_evaluated
His list of insults grows by the tweet.,1.2753623188405796,0.04798722010441,138,108,22,8,not_evaluated,not_evaluated
I see you served three tours in the Amazon fulfillment center.,1.2753623188405796,0.0457296429874004,138,106,26,6,not_evaluated,not_evaluated
"Black Friday Sale, 1993.",1.2753623188405796,0.0468720254581781,138,107,24,7,not_evaluated,not_evaluated
It's his Tweet readout. You never know.,1.2753623188405796,0.04798722010441,138,108,22,8,not_evaluated,not_evaluated
That one is for my service at CVS.,1.2753623188405796,0.0468720254581781,138,107,24,7,not_evaluated,not_evaluated
"Tweets, for the latest directives.",1.2753623188405796,0.0468720254581781,138,107,24,7,not_evaluated,not_evaluated
"Don´t mean to brag, but it´s this long""",1.2753623188405796,0.0468720254581781,138,107,24,7,not_evaluated,not_evaluated
I kept the receipt so I can return them after the party.,1.2753623188405796,0.04798722010441,138,108,22,8,not_evaluated,not_evaluated
Mexico's definitely paying for it,1.2753623188405796,0.0395255314166694,138,106,28,4,not_evaluated,not_evaluated
Everything comes with a price,1.2753623188405796,0.0457296429874004,138,106,26,6,not_evaluated,not_evaluated
What makes you think I'm upset about the reception tab?,1.2753623188405796,0.044557981607767,138,105,28,5,not_evaluated,not_evaluated
The receipt's for courageous shopping at a Walmart on Black Friday.,1.2753623188405796,0.044557981607767,138,105,28,5,not_evaluated,not_evaluated
Sixty thousand followers on Instagram etc. etc. etc.,1.2753623188405796,0.0457296429874004,138,106,26,6,not_evaluated,not_evaluated
My last commission was at CVS.,1.2753623188405796,0.0433546675937103,138,104,30,4,not_evaluated,not_evaluated
"Yes, I know its a bit odd, but my wife swears I'll forget the shopping list unless she pins it on me every day.",1.2753623188405796,0.0457296429874004,138,111,18,9,not_evaluated,not_evaluated
Damn Pentagon accountants. Turns out there is a price for freedom.,1.2753623188405796,0.0433546675937103,138,104,30,4,not_evaluated,not_evaluated
"Yes ma'am,  I have a list here of every politician who tried to purchase me.",1.2753623188405796,0.0457296429874004,138,106,26,6,not_evaluated,not_evaluated
I was in the procurement division.,1.2753623188405796,0.0421169880139133,138,103,32,3,not_evaluated,not_evaluated
It's a list of medals I think I should have received.,1.2753623188405796,0.0421169880139133,138,103,32,3,not_evaluated,not_evaluated
"Wow, I've never met a Walgreen Beret before.",1.2753623188405796,0.04798722010441,138,108,22,8,not_evaluated,not_evaluated
I’m an officer in the self service.,1.2753623188405796,0.0468720254581781,138,107,24,7,not_evaluated,not_evaluated
"I promise you, they are real, but the Commander in Chief begged I show what they cost.",1.2753623188405796,0.0468720254581781,138,107,24,7,not_evaluated,not_evaluated
That one is for shopping at Zabar's on Thanksgiving Eve.,1.2753623188405796,0.044557981607767,138,105,28,5,not_evaluated,not_evaluated
"Ma’am, I’d appreciate it if you stopped looking at my chest.",1.2753623188405796,0.0468720254581781,138,107,24,7,not_evaluated,not_evaluated
"Hey, my ribbons are up here!",1.2753623188405796,0.044557981607767,138,105,28,5,not_evaluated,not_evaluated
"It just says my ""eyes are up here"" repeatedly.",1.2753623188405796,0.0457296429874004,138,106,26,6,not_evaluated,not_evaluated
I'm now deployed somewhere between national security and mall security.,1.2753623188405796,0.0457296429874004,138,106,26,6,not_evaluated,not_evaluated
That one's for extraordinary valor at CVS.,1.2753623188405796,0.0468720254581781,138,107,24,7,not_evaluated,not_evaluated
Whoever said war is hell never had to do a tour with CVS.,1.2753623188405796,0.0468720254581781,138,107,24,7,not_evaluated,not_evaluated
"When I hollered, ""Charge,"" the battlefield recorder picked it up.",1.2753623188405796,0.044557981607767,138,105,28,5,not_evaluated,not_evaluated
That one? Wounded in the Battle of Black Friday.,1.2753623188405796,0.0457296429874004,138,106,26,6,not_evaluated,not_evaluated
When did you earn your Costco Gold Star?,1.2753623188405796,0.04798722010441,138,108,22,8,not_evaluated,not_evaluated
That one’s for bravery in the face of long CVS receipts.,1.2753623188405796,0.0457296429874004,138,106,26,6,not_evaluated,not_evaluated
"Honey, I think we should switch to the mobile CVS receipts.",1.2720588235294117,0.0448513785934464,136,104,27,5,not_evaluated,not_evaluated
Excuse me sir. I’d just like to ‘tank’ you for picking up everyones tab tonight.,1.2720588235294117,0.0505599492790574,136,109,17,10,not_evaluated,not_evaluated
At least they let me keep my expense account.,1.2720588235294117,0.042353054647633,136,102,31,3,not_evaluated,not_evaluated
I see you shop at CVS.,1.2720588235294117,0.046049740755039,136,105,25,6,not_evaluated,not_evaluated
Could I have your fax number,1.2720588235294117,0.0448513785934464,136,104,27,5,not_evaluated,not_evaluated
"Oh, THAT price freedom.",1.2720588235294117,0.0472176988583724,136,106,23,7,not_evaluated,not_evaluated
It's my impeachment testimony transcript.,1.2720588235294117,0.046049740755039,136,105,25,6,not_evaluated,not_evaluated
It's my To Conquer list.,1.2720588235294117,0.0472176988583724,136,106,23,7,not_evaluated,not_evaluated
And this is the cost of the buffet.,1.2720588235294117,0.0483574559644485,136,107,21,8,not_evaluated,not_evaluated
That’s a receipt...somebody just bought me.,1.2720588235294117,0.0448513785934464,136,104,27,5,not_evaluated,not_evaluated
Proof of purchase.,1.2720588235294117,0.0483574559644485,136,107,21,8,not_evaluated,not_evaluated
"Yes, Ma'am. We are weaponizing the self-checkout.",1.2720588235294117,0.046049740755039,136,105,25,6,not_evaluated,not_evaluated
This was awarded to me after the Black Friday campaign of '08.,1.2720588235294117,0.0483574559644485,136,107,21,8,not_evaluated,not_evaluated
"The red ones were Iraq, and the blue ones Afghanistan. The long white one is my grocery list.",1.2720588235294117,0.046049740755039,136,105,25,6,not_evaluated,not_evaluated
"For my distinguished service at the 57th Street CVS, ma'am.",1.2720588235294117,0.0448513785934464,136,104,27,5,not_evaluated,not_evaluated
Would you like to sign up for my impeachment blog?,1.2720588235294117,0.0494709612725204,136,108,19,9,not_evaluated,not_evaluated
I didn’t realise the cost of war was itemised.,1.2720588235294117,0.0472176988583724,136,106,23,7,not_evaluated,not_evaluated
That last one is for winning the Battle of Black Friday,1.2720588235294117,0.0483574559644485,136,107,21,8,not_evaluated,not_evaluated
Thank you for your CVS.,1.2720588235294117,0.0483574559644485,136,107,21,8,not_evaluated,not_evaluated
That's a list of the times the POTUS saved my ass from that silly military code of honor.,1.2720588235294117,0.046049740755039,136,105,25,6,not_evaluated,not_evaluated
Courage Valor Service,1.2720588235294117,0.0472176988583724,136,106,23,7,not_evaluated,not_evaluated
"Now that Amazon is suing over the Pentagon's cloud deal with Microsoft, we keep a paper record of everything.",1.2720588235294117,0.0448513785934464,136,104,27,5,not_evaluated,not_evaluated
Every badge here came with it's price.,1.2720588235294117,0.046049740755039,136,105,25,6,not_evaluated,not_evaluated
That's how I roll!,1.2720588235294117,0.0505599492790574,136,109,17,10,not_evaluated,not_evaluated
"After retiring from the military, I was hired by CVS to deploy prescriptions.",1.2686567164179106,0.0463747828114344,134,104,24,6,not_evaluated,not_evaluated
For every $100 I get a free upgrade.,1.2686567164179106,0.0475693318372432,134,105,22,7,not_evaluated,not_evaluated
It's a full list of my pardons.,1.2686567164179106,0.0498726681932084,134,107,18,9,not_evaluated,not_evaluated
This is from when I fought in CVS.,1.2686567164179106,0.0463747828114344,134,104,24,6,not_evaluated,not_evaluated
The government has cut the budget for merit badges,1.2686567164179106,0.0451486392948189,134,103,26,5,not_evaluated,not_evaluated
I received that one for surviving Black Friday.,1.2686567164179106,0.0451486392948189,134,103,26,5,not_evaluated,not_evaluated
That fifth star cost me a small fortune,1.2686567164179106,0.0451486392948189,134,103,26,5,not_evaluated,not_evaluated
My wife awarded it to me last year for Meritorious Courage on Black Friday,1.2686567164179106,0.0384356003856246,134,108,20,6,not_evaluated,not_evaluated
This one is for increasing the military budget.,1.2686567164179106,0.0498726681932084,134,107,18,9,not_evaluated,not_evaluated
My wife's shopping list reminder.,1.2686567164179106,0.0425905849796122,134,101,30,3,not_evaluated,not_evaluated
Brass was getting too expensive.,1.2686567164179106,0.0451486392948189,134,103,26,5,not_evaluated,not_evaluated
It's for Valor in the Battle of Black Friday.,1.2686567164179106,0.0475693318372432,134,105,22,7,not_evaluated,not_evaluated
I did four tours of extreme couponing ...,1.2686567164179106,0.0487346096945057,134,106,20,8,not_evaluated,not_evaluated
I’m planning to return it at the end of the night.,1.2686567164179106,0.0475693318372432,134,105,22,7,not_evaluated,not_evaluated
Handling red tape under fire.,1.2686567164179106,0.0463747828114344,134,104,24,6,not_evaluated,not_evaluated
My left arm? I lost that at the battle of black friday.,1.2686567164179106,0.0487346096945057,134,106,20,8,not_evaluated,not_evaluated
"If you purchase the Deluxe drink package for $49.99, I get my next promotion.",1.2686567164179106,0.0457658175442184,134,106,21,7,not_evaluated,not_evaluated
divorced! 6’’2”! Sagittarius! Steak! Peanut allergy! Hate walks in the rain!,1.2686567164179106,0.0498726681932084,134,107,18,9,not_evaluated,not_evaluated
He says it's  needed to fund the wall.,1.2686567164179106,0.0345939770829882,134,108,21,5,not_evaluated,not_evaluated
"The war cost me an arm and a leg, but at least they gave me a receipt.",1.2686567164179106,0.0475693318372432,134,105,22,7,not_evaluated,not_evaluated
"Madam, you are entitled to your opinions, but I have fax!",1.2686567164179106,0.0487346096945057,134,106,20,8,not_evaluated,not_evaluated
"Primarily, I track contract cost overruns.",1.2686567164179106,0.0487346096945057,134,106,20,8,not_evaluated,not_evaluated
"Hey Dollface, my eyes are up here!",1.2686567164179106,0.0487346096945057,134,106,20,8,not_evaluated,not_evaluated
I went from PFC to CVS in less than a year.,1.2686567164179106,0.0425905849796122,134,101,30,3,not_evaluated,not_evaluated
This proves I never bought a bone spur diagnosis,1.2686567164179106,0.0475693318372432,134,105,22,7,not_evaluated,not_evaluated
What can I say? I like to give orders.,1.2686567164179106,0.0451486392948189,134,103,26,5,not_evaluated,not_evaluated
And this one is from a CVS.,1.2686567164179106,0.0487346096945057,134,106,20,8,not_evaluated,not_evaluated
"I forgot my glasses, should I be impressed?",1.2686567164179106,0.0475693318372432,134,105,22,7,not_evaluated,not_evaluated
I'm always prepared when thanked for my service.,1.2686567164179106,0.0487346096945057,134,106,20,8,not_evaluated,not_evaluated
These are the government regulations for dry cleaning,1.2686567164179106,0.0438882533206736,134,102,28,4,not_evaluated,not_evaluated
I served in the CVS campaign.,1.2686567164179106,0.0487346096945057,134,106,20,8,not_evaluated,not_evaluated
That one I got for surviving the holiday rush at Macy’s.,1.2686567164179106,0.0451486392948189,134,103,26,5,not_evaluated,not_evaluated
It's my combat ribbon for number crunching.,1.2686567164179106,0.0475693318372432,134,105,22,7,not_evaluated,not_evaluated
So you're security at CVS?,1.2686567164179106,0.0451486392948189,134,103,26,5,not_evaluated,not_evaluated
I got tired of carrying the damn briefcase.,1.2682926829268293,0.0504189706544428,123,97,19,7,not_evaluated,not_evaluated
I earned that in the trenches of the budget war.,1.267175572519084,0.0457525672949936,131,101,25,5,not_evaluated,not_evaluated
I dunno. Might be the jacket rental receipt.,1.267175572519084,0.0470184774974607,131,102,23,6,not_evaluated,not_evaluated
I gave my left arm for this.,1.267175572519084,0.0444506198155505,131,100,27,4,not_evaluated,not_evaluated
It's this week's list of the candidates I'm supposed to get dirt on.,1.267175572519084,0.0444506198155505,131,100,27,4,not_evaluated,not_evaluated
You must agree to this NDA before we commence this speed date.,1.267175572519084,0.0506266398496692,131,105,17,9,not_evaluated,not_evaluated
"The president decided to cut back on the decoration budget, so the Army's making do.",1.267175572519084,0.0444506198155505,131,100,27,4,not_evaluated,not_evaluated
I'm told it's good for a free medal.,1.267175572519084,0.0431093700938707,131,99,29,3,not_evaluated,not_evaluated
Hey! Eyes up m'lady,1.267175572519084,0.0482511869105364,131,103,21,7,not_evaluated,not_evaluated
"I’m ‘a general store,’ get it",1.267175572519084,0.0482511869105364,131,103,21,7,not_evaluated,not_evaluated
The Chinese have always made our ribbons in the past. Need I say more?,1.267175572519084,0.0470184774974607,131,102,23,6,not_evaluated,not_evaluated
"As you can see, it's not ""Stolen Valor"", I paid for them all.",1.267175572519084,0.0470184774974607,131,102,23,6,not_evaluated,not_evaluated
It lists each time I was mentioned in Tweets.,1.267175572519084,0.0457525672949936,131,101,25,5,not_evaluated,not_evaluated
We lost a lot of good credit cards that day.,1.267175572519084,0.0470184774974607,131,102,23,6,not_evaluated,not_evaluated
"As you can see from the bill, I clearly did not order the Code Red.",1.267175572519084,0.0488558793219779,131,106,16,9,not_evaluated,not_evaluated
I always ask for a receipt.,1.267175572519084,0.0457525672949936,131,101,25,5,not_evaluated,not_evaluated
And this one is for surviving a visit to CVS,1.267175572519084,0.04945317836471,131,104,19,8,not_evaluated,not_evaluated
I'm also a smart shopper,1.267175572519084,0.0457525672949936,131,101,25,5,not_evaluated,not_evaluated
I just can't find a cleaners that does ribbons properly.,1.267175572519084,0.04945317836471,131,104,19,8,not_evaluated,not_evaluated
"Yes ma'am, that one is for bookkeeping above and beyond the call.",1.2660550458715596,0.0515512041120908,109,85,19,5,not_evaluated,not_evaluated
The thing I'm most proud of is the money I've saved.,1.2660550458715596,0.0547477485931747,109,87,15,7,not_evaluated,not_evaluated
"Not General Retreat. General Receipt.""",1.2651515151515151,0.0454497260148399,132,102,25,5,not_evaluated,not_evaluated
Christmas. 1978. Working retail during the holiday season.,1.264,0.0522327298206414,125,101,15,9,not_evaluated,not_evaluated
For Distinguished Service in purchasing.,1.2635658914728682,0.0433563126379788,129,98,28,3,not_evaluated,not_evaluated
That’s my CVS receipt for a pack of gum.,1.2635658914728682,0.0498536859279324,129,103,18,8,not_evaluated,not_evaluated
I'm keeping a tab of what the country owes me,1.2635658914728682,0.0460653655969174,129,100,24,5,not_evaluated,not_evaluated
If I hadn’t lost my arm I would have been awarded the ones on the list too.,1.2635658914728682,0.047361819418023,129,101,22,6,not_evaluated,not_evaluated
It's from the Battle of CVS.,1.2635658914728682,0.041936211256555,129,102,22,5,not_evaluated,not_evaluated
And that's from the Battle of Black Friday,1.2635658914728682,0.047361819418023,129,101,22,6,not_evaluated,not_evaluated
I constantly get new medals so the printout keeps me totally up to date,1.2635658914728682,0.0460653655969174,129,100,24,5,not_evaluated,not_evaluated
"‘’ Desert Tweet,ma’am,bravery during incoming missives.’’",1.2635658914728682,0.0498536859279324,129,103,18,8,not_evaluated,not_evaluated
Agreed.  All good soldiers should keep a list of medals they should have won.,1.2635658914728682,0.0460653655969174,129,100,24,5,not_evaluated,not_evaluated
This was awarded after The Battle of Costco,1.2635658914728682,0.047361819418023,129,101,22,6,not_evaluated,not_evaluated
I'd be grateful if you don't quote Eisenhower.,1.2635658914728682,0.0433563126379788,129,98,28,3,not_evaluated,not_evaluated
Wow you paid a lot for these medals.,1.2635658914728682,0.0486237181794355,129,102,20,7,not_evaluated,not_evaluated
This is a list of signatures of women who vouch for me.,1.2635658914728682,0.0486237181794355,129,102,20,7,not_evaluated,not_evaluated
And this is the receipt for what all my campaign ribbons have cost the American taxpayer,1.2635658914728682,0.0460653655969174,129,100,24,5,not_evaluated,not_evaluated
I’m General Counsel for CVS.,1.2635658914728682,0.0486237181794355,129,102,20,7,not_evaluated,not_evaluated
"Well, you asked.",1.2635658914728682,0.047361819418023,129,101,22,6,not_evaluated,not_evaluated
Back in '08 my unit broke through the Nordstrom Line,1.2635658914728682,0.0460653655969174,129,100,24,5,not_evaluated,not_evaluated
My service fee is not included.,1.2635658914728682,0.0486237181794355,129,102,20,7,not_evaluated,not_evaluated
Great timesaver - latest updates from  General Hospital,1.2635658914728682,0.0365337064370326,129,106,17,6,not_evaluated,not_evaluated
I see you're a rewards member.,1.2635658914728682,0.047361819418023,129,101,22,6,not_evaluated,not_evaluated
It's a recipe for war crimes.,1.2635658914728682,0.0460653655969174,129,100,24,5,not_evaluated,not_evaluated
I've been deployed to the Stop and Shop,1.2635658914728682,0.0460653655969174,129,100,24,5,not_evaluated,not_evaluated
I run the Commissary.,1.2635658914728682,0.0433563126379788,129,98,28,3,not_evaluated,not_evaluated
"Why yes, it is the CVS Service Medal.",1.2635658914728682,0.0460653655969174,129,100,24,5,not_evaluated,not_evaluated
"Yeah, yeah, we both want pockets.",1.2635658914728682,0.0460653655969174,129,100,24,5,not_evaluated,not_evaluated
What was it like serving in the Old Navy?,1.2635658914728682,0.0447313522774565,129,99,26,4,not_evaluated,not_evaluated
"Y'know, I've never actually read your Terms of Service.",1.2635658914728682,0.0447313522774565,129,99,26,4,not_evaluated,not_evaluated
It's a DoD Budget of Valor award.,1.2635658914728682,0.047361819418023,129,101,22,6,not_evaluated,not_evaluated
I always dress for the job I want,1.2635658914728682,0.0460653655969174,129,100,24,5,not_evaluated,not_evaluated
...and those are my thoughts on women's rights.,1.2635658914728682,0.0486237181794355,129,102,20,7,not_evaluated,not_evaluated
Set list from Phish at Madison Square Garden in '94. Totally sick show. I was trippin' balls by the second set.,1.2635658914728682,0.0498536859279324,129,103,18,8,not_evaluated,not_evaluated
I'm printing your check now - you definitely ordered one Captain Morgan,1.2635658914728682,0.0522267944891932,129,105,14,10,not_evaluated,not_evaluated
No need to thank me for my service but would you like your receipt?,1.2635658914728682,0.0486237181794355,129,102,20,7,not_evaluated,not_evaluated
Couldn't you just email me the receipt?,1.2598425196850394,0.0490028024078126,127,101,19,7,not_evaluated,not_evaluated
You're looking at the true cost of war.,1.2598425196850394,0.0490028024078126,127,101,19,7,not_evaluated,not_evaluated
My wife's list of  'Areas That Need Improving'.,1.2598425196850394,0.0477104838255309,127,100,21,6,not_evaluated,not_evaluated
I’ve been given far too much credit.,1.2598425196850394,0.0477104838255309,127,100,21,6,not_evaluated,not_evaluated
And this one is for meritorious service at CVS,1.2598425196850394,0.051490226234936,127,103,15,9,not_evaluated,not_evaluated
And this one is for my last purchase at CVS.,1.2598425196850394,0.046382172112929,127,99,23,5,not_evaluated,not_evaluated
The one award I haven't won is for humility.,1.2598425196850394,0.0477104838255309,127,100,21,6,not_evaluated,not_evaluated
It's the latest printout of our firm commitments.,1.2598425196850394,0.0477104838255309,127,100,21,6,not_evaluated,not_evaluated
It was a commando mission: I brought two extra items through the express line.,1.2598425196850394,0.0450146810825144,127,98,25,4,not_evaluated,not_evaluated
This is my list of inappropriate intentions.  Check those you agree to.,1.2598425196850394,0.0490028024078126,127,101,19,7,not_evaluated,not_evaluated
"I won’t say who, but a very important man in government office is sending me a top secret message.",1.2598425196850394,0.0502619042692575,127,102,17,8,not_evaluated,not_evaluated
All of my achievements were through accounting strategies.,1.2598425196850394,0.0450146810825144,127,98,25,4,not_evaluated,not_evaluated
"Otherwise, I  forget to use the coupons.",1.2598425196850394,0.046382172112929,127,99,23,5,not_evaluated,not_evaluated
That was for shopping on Black Friday.,1.2598425196850394,0.0436043247397274,127,97,27,3,not_evaluated,not_evaluated
"I'd explain, but I'd have to kill you.",1.2598425196850394,0.046382172112929,127,99,23,5,not_evaluated,not_evaluated
It's a new app. My jacket can't hold any more medals!,1.2598425196850394,0.046382172112929,127,99,23,5,not_evaluated,not_evaluated
Don't ask. Don't know.,1.2598425196850394,0.0450146810825144,127,98,25,4,not_evaluated,not_evaluated
I found this more effective than waiting for recognition by leadership.,1.2598425196850394,0.046382172112929,127,99,23,5,not_evaluated,not_evaluated
The Pentagon is implementing a new accountability monitoring system,1.2598425196850394,0.046382172112929,127,99,23,5,not_evaluated,not_evaluated
"Yes, it’s a well-earned receipt.",1.2598425196850394,0.0477104838255309,127,100,21,6,not_evaluated,not_evaluated
"Black Friday, 2008.",1.2598425196850394,0.046382172112929,127,99,23,5,not_evaluated,not_evaluated
I got this one from CVS,1.2598425196850394,0.0538629014408865,127,105,11,11,not_evaluated,not_evaluated
"Distinguished service medal, purple heart, and $25 in Extra Bucks. Impressive.",1.2598425196850394,0.0502619042692575,127,102,17,8,not_evaluated,not_evaluated
Wow! They really are cutting taxes.,1.2598425196850394,0.0450146810825144,127,98,25,4,not_evaluated,not_evaluated
"Kiss ass, take names",1.2598425196850394,0.0490028024078126,127,101,19,7,not_evaluated,not_evaluated
"Until the  China trade war is over, and tariffs lifted, computer generated lists will have to do.",1.2598425196850394,0.0413987991441573,127,98,26,3,not_evaluated,not_evaluated
"Mam, these are a list of war crimes of which the president exonerated me.",1.2598425196850394,0.0450146810825144,127,98,25,4,not_evaluated,not_evaluated
I take it you are endlessly distinguished,1.2598425196850394,0.0450146810825144,127,98,25,4,not_evaluated,not_evaluated
Blame Trump. He thinks it encourages allies to pay their fair share.,1.2598425196850394,0.0490028024078126,127,101,19,7,not_evaluated,not_evaluated
We outsourced our medals to CVS.,1.2598425196850394,0.0450146810825144,127,98,25,4,not_evaluated,not_evaluated
I paid the price for it.,1.2598425196850394,0.0490028024078126,127,101,19,7,not_evaluated,not_evaluated
"I've been a very good boy this year, and I want Santa to know it.",1.2598425196850394,0.0477104838255309,127,100,21,6,not_evaluated,not_evaluated
I never flew again after that Target run.,1.2598425196850394,0.046382172112929,127,99,23,5,not_evaluated,not_evaluated
"After Vindman,everything goes.",1.2598425196850394,0.0490028024078126,127,101,19,7,not_evaluated,not_evaluated
"It gives me a continual report on my blood pressure, my cholesterol, and the potential effect on my troops by my alcohol consumption.",1.2598425196850394,0.0477104838255309,127,100,21,6,not_evaluated,not_evaluated
That's my list of Atta-boys!,1.2598425196850394,0.0477104838255309,127,100,21,6,not_evaluated,not_evaluated
Congress doesn't have the money for those yet.,1.2598425196850394,0.0450146810825144,127,98,25,4,not_evaluated,not_evaluated
"Training and discipline, Ma'am, are required to ignore congressional subpoenas.",1.2598425196850394,0.0490028024078126,127,101,19,7,not_evaluated,not_evaluated
The receipt? I run a general store.,1.2598425196850394,0.0490028024078126,127,101,19,7,not_evaluated,not_evaluated
"Lieutenant Colonel, please,”",1.2598425196850394,0.0413987991441573,127,103,18,6,not_evaluated,not_evaluated
"Medal of Honor, Purple Heart, CVS, Silver Star...",1.2598425196850394,0.046382172112929,127,99,23,5,not_evaluated,not_evaluated
"I had the automatic printout button for a list of all my metals, otherwise I'd be wearing a full metal jacket!",1.2598425196850394,0.0490028024078126,127,101,19,7,not_evaluated,not_evaluated
Troops under my command take more orders than Amazon.,1.2598425196850394,0.0490028024078126,127,101,19,7,not_evaluated,not_evaluated
"So now instead of a pin to show great service to our country, there is a receipt that can extend to show the awards, which may be torn to remove any that he decides are no longer applicable.",1.2598425196850394,0.0502619042692575,127,102,17,8,not_evaluated,not_evaluated
"and finally, a list of all the women I've slept with.",1.2598425196850394,0.0477104838255309,127,100,21,6,not_evaluated,not_evaluated
Perhaps I am proudest of my $52 in Super-Saver Awards.,1.2598425196850394,0.0490028024078126,127,101,19,7,not_evaluated,not_evaluated
"When they said 'the high cost of war', they weren't kidding",1.2598425196850394,0.0450146810825144,127,98,25,4,not_evaluated,not_evaluated
"Achievements? No, that's my honey-do list.",1.2598425196850394,0.0477104838255309,127,100,21,6,not_evaluated,not_evaluated
"Hmmm.....wash in cold water, delicate cycle, dry low heat, do not dry clean.",1.2598425196850394,0.0477104838255309,127,100,21,6,not_evaluated,not_evaluated
I really need to stop shopping at CVS.,1.2598425196850394,0.0490028024078126,127,101,19,7,not_evaluated,not_evaluated
In Iraq I was in charge of sales at the PX.,1.2598425196850394,0.0502619042692575,127,102,17,8,not_evaluated,not_evaluated
My Commander-in-Chief disclaimer.,1.2598425196850394,0.046382172112929,127,99,23,5,not_evaluated,not_evaluated
We used to notch our guns.,1.2598425196850394,0.046382172112929,127,99,23,5,not_evaluated,not_evaluated
And I've also got the texts to prove it.,1.2598425196850394,0.0490028024078126,127,101,19,7,not_evaluated,not_evaluated
"Maam, none are for Good Conduct!",1.2598425196850394,0.0477104838255309,127,100,21,6,not_evaluated,not_evaluated
…and that's the receipt for my conscience.,1.2598425196850394,0.0490028024078126,127,101,19,7,not_evaluated,not_evaluated
That one was for making it out of Costco alive on Black Friday.,1.2598425196850394,0.0436043247397274,127,97,27,3,not_evaluated,not_evaluated
That's the dry cleaner's tag I forgot to take off.,1.2598425196850394,0.0538629014408865,127,105,11,11,not_evaluated,not_evaluated
"I’m not good at small talk, so here’s the key to my service ribbons.",1.2598425196850394,0.0477104838255309,127,100,21,6,not_evaluated,not_evaluated
"It’s a great honor and privilege to wear this uniform, but I paid a heavy price.",1.2598425196850394,0.046382172112929,127,99,23,5,not_evaluated,not_evaluated
The lower ribbon is from the CVS Campaign.,1.2598425196850394,0.0502619042692575,127,102,17,8,not_evaluated,not_evaluated
One more metal and I get a free ham at check out.,1.2598425196850394,0.0490028024078126,127,101,19,7,not_evaluated,not_evaluated
I served for over 30 years... in procurement.,1.2598425196850394,0.0436043247397274,127,97,27,3,not_evaluated,not_evaluated
"It's an awards printout. Saves you asking ""what's that one for?"".",1.2598425196850394,0.0477104838255309,127,100,21,6,not_evaluated,not_evaluated
It's been a busy year.,1.2598425196850394,0.046382172112929,127,99,23,5,not_evaluated,not_evaluated
That's the President's directive to not testify before congress.,1.2598425196850394,0.0477104838255309,127,100,21,6,not_evaluated,not_evaluated
I got the last medal at CVS.,1.2598425196850394,0.049636345879764,127,104,14,9,not_evaluated,not_evaluated
"Yes, I'm General CVS.",1.2598425196850394,0.0477104838255309,127,100,21,6,not_evaluated,not_evaluated
In an effort to promote transparency the government requires me to display an itemized list of my fees for services while in uniform.,1.2598425196850394,0.046382172112929,127,99,23,5,not_evaluated,not_evaluated
"It's on backorder, and this is the receipt",1.2598425196850394,0.0450146810825144,127,98,25,4,not_evaluated,not_evaluated
"Those are very detailed dry cleaning instructions.""",1.2598425196850394,0.046382172112929,127,99,23,5,not_evaluated,not_evaluated
It's an itemized receipt for services rendered.,1.2598425196850394,0.0502619042692575,127,102,17,8,not_evaluated,not_evaluated
"As a high-ranking officer with a potential political career in front of me, I'm going to need you to sign this before we order our second drink.....",1.2598425196850394,0.0490028024078126,127,101,19,7,not_evaluated,not_evaluated
That one's for service above and beyond fifteen percent.,1.2598425196850394,0.0450146810825144,127,98,25,4,not_evaluated,not_evaluated
Wow...apparently I bought a lot of drone strikes!,1.2598425196850394,0.0502619042692575,127,102,17,8,not_evaluated,not_evaluated
CVS is sponsoring the military,1.2598425196850394,0.0450146810825144,127,98,25,4,not_evaluated,not_evaluated
My last post? Follow the paper trail.,1.2598425196850394,0.046382172112929,127,99,23,5,not_evaluated,not_evaluated
I've been scanning the room.,1.2598425196850394,0.046382172112929,127,99,23,5,not_evaluated,not_evaluated
"It’s a new award designed by the President, given in recognition of fulfilling his orders.... his fast food orders that is.",1.2598425196850394,0.0477104838255309,127,100,21,6,not_evaluated,not_evaluated
"It's a receipt for services rendered, lady.",1.2592592592592593,0.0532280411359042,108,86,16,6,not_evaluated,not_evaluated
It's a badge of honor: My itemized bill from the V.A. for the  amputation,1.2592592592592593,0.0515766817140973,108,85,18,5,not_evaluated,not_evaluated
"As you can see on the print out, you are my mission tonight.",1.2580645161290325,0.0497449141454479,124,99,18,7,not_evaluated,not_evaluated
"They all fold out like that.""",1.2580645161290325,0.0470350485937347,124,97,22,5,not_evaluated,not_evaluated
"Ooh, I like that mustard gas scent you’re wearing!",1.2580645161290325,0.0510459286025779,124,100,16,8,not_evaluated,not_evaluated
I was stationed at a CVS in Fallujah for 18 months,1.2580645161290325,0.0470350485937347,124,97,22,5,not_evaluated,not_evaluated
"Always prepared, ma'am, where's the latrine?",1.2580645161290325,0.048408946898032,124,98,20,6,not_evaluated,not_evaluated
Sometimes more is more.,1.2580645161290325,0.048408946898032,124,98,20,6,not_evaluated,not_evaluated
"...and that ribbon, honoring my service as a Valued Customer, was bestowed by CVS.",1.2580645161290325,0.048408946898032,124,98,20,6,not_evaluated,not_evaluated
Just stick to the script and we should be alright.,1.2580645161290325,0.048408946898032,124,98,20,6,not_evaluated,not_evaluated
That one's for risking identity theft while shopping online.,1.2580645161290325,0.0418728980815722,124,101,17,6,not_evaluated,not_evaluated
"So,were you injured in a paper war?",1.2580645161290325,0.0470350485937347,124,97,22,5,not_evaluated,not_evaluated
It's an accounting thing. Returns must be accompanied by a receipt.,1.2580645161290325,0.048408946898032,124,98,20,6,not_evaluated,not_evaluated
"This one is for Operation Iraqi Freedom, and this other one is for Operation Black Friday.",1.2580645161290325,0.048408946898032,124,98,20,6,not_evaluated,not_evaluated
I'm very proud of this one. It's a grocery receipt - I saved $22 today.,1.2580645161290325,0.0456197923346159,124,96,24,4,not_evaluated,not_evaluated
"I don't take military orders, Ma'm.  I make them.",1.2580645161290325,0.0456197923346159,124,96,24,4,not_evaluated,not_evaluated
"It's the Congressional Paper of Honor for 
'Exemplary Note-Taking Under Fire.'",1.2580645161290325,0.0497449141454479,124,99,18,7,not_evaluated,not_evaluated
He makes me wear a list of people who say I don't deserve them.,1.2580645161290325,0.0470350485937347,124,97,22,5,not_evaluated,not_evaluated
That one's for saving 30 good men at the Battle of CVS.,1.2580645161290325,0.0456197923346159,124,96,24,4,not_evaluated,not_evaluated
Don't bother. It's just my terms of service.,1.2580645161290325,0.048408946898032,124,98,20,6,not_evaluated,not_evaluated
It's for exemplary coupon use in the face of more appealing products.,1.2580645161290325,0.0470350485937347,124,97,22,5,not_evaluated,not_evaluated
My other deployment was CVS.,1.2580645161290325,0.0510459286025779,124,100,16,8,not_evaluated,not_evaluated
"No mam, it's the wife's shopping list.",1.2580645161290325,0.0441592018620353,124,95,26,3,not_evaluated,not_evaluated
It's how I keep track of every time I just want to scream.,1.2580645161290325,0.048408946898032,124,98,20,6,not_evaluated,not_evaluated
Would you like to sign up for the Army Rewards Program?,1.2580645161290325,0.0510459286025779,124,100,16,8,not_evaluated,not_evaluated
This one was for having the most coupons at CVS.,1.2580645161290325,0.0510459286025779,124,100,16,8,not_evaluated,not_evaluated
"It's my list of fascinating war stories, with suggested prices.",1.2580645161290325,0.0470350485937347,124,97,22,5,not_evaluated,not_evaluated
"Even as we speak, the accolades are pouring in.",1.2580645161290325,0.0497449141454479,124,99,18,7,not_evaluated,not_evaluated
It’s a CVS Medal for taking the flu shot.,1.2580645161290325,0.048408946898032,124,98,20,6,not_evaluated,not_evaluated
And this one is a Receipt of Honor from CVS for the purchase of a pack of gum.,1.2580645161290325,0.0497449141454479,124,99,18,7,not_evaluated,not_evaluated
That one is special.   I received it for bringing in a multi-billion defense program on time and under budget.,1.2580645161290325,0.0441592018620353,124,95,26,3,not_evaluated,not_evaluated
That? That's for CVS.,1.2580645161290325,0.0470350485937347,124,97,22,5,not_evaluated,not_evaluated
There is a large price to pay for our freedom.,1.2580645161290325,0.0470350485937347,124,97,22,5,not_evaluated,not_evaluated
I got this for serving on the U.S.S.CVS,1.2580645161290325,0.048408946898032,124,98,20,6,not_evaluated,not_evaluated
It's the receipt for my patriotism.,1.2580645161290325,0.048408946898032,124,98,20,6,not_evaluated,not_evaluated
"It's been a long haul, but my high scores speak for themselves.",1.2580645161290325,0.0448954371943601,124,98,21,5,not_evaluated,not_evaluated
"Oh, it's nothing. Just my shopping list. You know, AR 15s, Rocket Launchers, Grenades, C4s etc.",1.2580645161290325,0.0497449141454479,124,99,18,7,not_evaluated,not_evaluated
This receipt ribbon recognizes purchases made by gallantly storming the store on Black Friday,1.2580645161290325,0.0470350485937347,124,97,22,5,not_evaluated,not_evaluated
"Appropriations, ma'am. Been on the front lines of five government shutdowns and never lost a dime.",1.2580645161290325,0.0441592018620353,124,95,26,3,not_evaluated,not_evaluated
It’s the CVS medal of valor.,1.2580645161290325,0.0441592018620353,124,95,26,3,not_evaluated,not_evaluated
I was moving up in rank so quickly they decided it was easier to install an insignia printer,1.2580645161290325,0.0497449141454479,124,99,18,7,not_evaluated,not_evaluated
The medal is on backorder. So I pinned the receipt,1.2580645161290325,0.0497449141454479,124,99,18,7,not_evaluated,not_evaluated
It’s a transcript of my deposition.,1.2580645161290325,0.0470350485937347,124,97,22,5,not_evaluated,not_evaluated
My cyberwar awards were hacked so I had to settle for analog.,1.2580645161290325,0.0470350485937347,124,97,22,5,not_evaluated,not_evaluated
Here's the receipt for my left arm.,1.2580645161290325,0.0510459286025779,124,100,16,8,not_evaluated,not_evaluated
I earned that on the front lines of the accounting department.,1.2580645161290325,0.0470350485937347,124,97,22,5,not_evaluated,not_evaluated
That one is for purchasing 10 items that  I actually needed on Black Friday.,1.2580645161290325,0.0441592018620353,124,95,26,3,not_evaluated,not_evaluated
My career counselor always urged me to showcase the full depth of my professional experience.,1.2580645161290325,0.048408946898032,124,98,20,6,not_evaluated,not_evaluated
"I'm a certified organic, free-range, full bird Colonel.",1.2580645161290325,0.0510459286025779,124,100,16,8,not_evaluated,not_evaluated
"Yes, I did serve in the CVS theatre. Why do you ask?",1.2580645161290325,0.0510459286025779,124,100,16,8,not_evaluated,not_evaluated
This one’s for the Battle of Black Friday,1.2580645161290325,0.0470350485937347,124,97,22,5,not_evaluated,not_evaluated
My last medal came from CVS.,1.2580645161290325,0.0456197923346159,124,96,24,4,not_evaluated,not_evaluated
So your total stars comes out to 3 not 5 like you told me.,1.2580645161290325,0.0497449141454479,124,99,18,7,not_evaluated,not_evaluated
Those are my “likes”.,1.2580645161290325,0.0510459286025779,124,100,16,8,not_evaluated,not_evaluated
"Young lady, war is hell on a dry cleaning bill.",1.2580645161290325,0.0470350485937347,124,97,22,5,not_evaluated,not_evaluated
I check out military hardware.,1.2580645161290325,0.0497449141454479,124,99,18,7,not_evaluated,not_evaluated
I just agreed to the terms of service. Who reads the fine print?,1.2580645161290325,0.048408946898032,124,98,20,6,not_evaluated,not_evaluated
"They gave me a ticker tape parade,too!",1.2580645161290325,0.0470350485937347,124,97,22,5,not_evaluated,not_evaluated
"...and for your records, here is a receipt for the deceit",1.2580645161290325,0.048408946898032,124,98,20,6,not_evaluated,not_evaluated
I told them to leave off the Boy Scout badges but they insisted...,1.2580645161290325,0.0510459286025779,124,100,16,8,not_evaluated,not_evaluated
"It's just more proof of what we've been saying for years, lady: Freedom isn't free.",1.2580645161290325,0.0470350485937347,124,97,22,5,not_evaluated,not_evaluated
"""I screamed, ""I would give my left arm for this fighting to end!"" All of a sudden, they took my left arm, and pinned the receipt on me.""",1.2580645161290325,0.048408946898032,124,98,20,6,not_evaluated,not_evaluated
That's for the global CVS campaign.,1.2580645161290325,0.048408946898032,124,98,20,6,not_evaluated,not_evaluated
"Afghanistan, Iraq, Syria, CVS",1.2580645161290325,0.0456197923346159,124,96,24,4,not_evaluated,not_evaluated
I wear my rap sheet as a badge of honor since the pardon.,1.2580645161290325,0.0497449141454479,124,99,18,7,not_evaluated,not_evaluated
It's the charge for my service.,1.2580645161290325,0.0470350485937347,124,97,22,5,not_evaluated,not_evaluated
This is a list of my platoon's corporate sponsors. Budget cuts.,1.2580645161290325,0.0497449141454479,124,99,18,7,not_evaluated,not_evaluated
I got this one for hunting bargains.,1.2580645161290325,0.0470350485937347,124,97,22,5,not_evaluated,not_evaluated
This one's so I don't forget to pick up groceries on the way home.,1.2580645161290325,0.048408946898032,124,98,20,6,not_evaluated,not_evaluated
"What do you mean, “Did you buy your medals at CVS?”",1.2580645161290325,0.048408946898032,124,98,20,6,not_evaluated,not_evaluated
"Printed tweets, they replace Bronze Stars and V for valor pins.",1.2580645161290325,0.0456197923346159,124,96,24,4,not_evaluated,not_evaluated
"They're the Bronze Star, the Purple Heart, and free guitar lessons.",1.2580645161290325,0.0456197923346159,124,96,24,4,not_evaluated,not_evaluated
This one's for going to Walmart on Black Friday.,1.2580645161290325,0.0497449141454479,124,99,18,7,not_evaluated,not_evaluated
An army runs on its supply lines.,1.2580645161290325,0.0470350485937347,124,97,22,5,not_evaluated,not_evaluated
I took a hit at the Battle of Black Friday.,1.2580645161290325,0.0470350485937347,124,97,22,5,not_evaluated,not_evaluated
"If you have any question about the acronyms, feel free to ask.",1.2580645161290325,0.0456197923346159,124,96,24,4,not_evaluated,not_evaluated
"We lost that battle, but it looked good on paper.",1.2580645161290325,0.048408946898032,124,98,20,6,not_evaluated,not_evaluated
It's the Military-Industrial Complex Citation!,1.2580645161290325,0.048408946898032,124,98,20,6,not_evaluated,not_evaluated
So then I said ‘how’s this for spending transparency?’... You wanna get outta here?,1.2580645161290325,0.0497449141454479,124,99,18,7,not_evaluated,not_evaluated
"Yes, well I display the receipt to prove these medals are really mine; bought and paid for.",1.2580645161290325,0.048408946898032,124,98,20,6,not_evaluated,not_evaluated
"No, that's my CVS receipt.",1.2580645161290325,0.048408946898032,124,98,20,6,not_evaluated,not_evaluated
"In Trump world, you never know when you have to show the receipts.",1.2580645161290325,0.048408946898032,124,98,20,6,not_evaluated,not_evaluated
"Oh my, you must be top brass at CVS",1.2580645161290325,0.048408946898032,124,98,20,6,not_evaluated,not_evaluated
"That one is for procurement above and beyond, just what the Pentagon does best",1.2580645161290325,0.0470350485937347,124,97,22,5,not_evaluated,not_evaluated
"Actually, $500 for a pencil is perfectly reasonable",1.2580645161290325,0.048408946898032,124,98,20,6,not_evaluated,not_evaluated
"I see you've completed your 'Honey do' list, impressive.",1.2580645161290325,0.0523145980626917,124,101,14,9,not_evaluated,not_evaluated
An that one's for the Battle At CVS,1.2580645161290325,0.0497449141454479,124,99,18,7,not_evaluated,not_evaluated
"Yes ma'am, Distinguished Service during a Black Friday skirmish.",1.2580645161290325,0.0497449141454479,124,99,18,7,not_evaluated,not_evaluated
"Yes, Ma’am, I was in the Armed Forces.  All of them.",1.2580645161290325,0.0456197923346159,124,96,24,4,not_evaluated,not_evaluated
And the one on the bottom is for 1000 visits to Walgreens.,1.2580645161290325,0.0410825318349415,124,93,30,1,not_evaluated,not_evaluated
Is that the entire laundry list of his impeachable infractions?,1.2580645161290325,0.0535532213225543,124,102,12,10,not_evaluated,not_evaluated
That's for being cashiered while under fire.,1.2580645161290325,0.0510459286025779,124,100,16,8,not_evaluated,not_evaluated
"It was from the battle of  CVS, and I'd rather not talk about it.",1.2580645161290325,0.048408946898032,124,98,20,6,not_evaluated,not_evaluated
"Oh, these? The usual: markmanship, deployments, valor, and this is a receipt I earned during Black Friday at Best Buy 2012.",1.2580645161290325,0.0456197923346159,124,96,24,4,not_evaluated,not_evaluated
General CVS is my name.,1.2580645161290325,0.0497449141454479,124,99,18,7,not_evaluated,not_evaluated
I got that one for my loyalty.,1.2580645161290325,0.048408946898032,124,98,20,6,not_evaluated,not_evaluated
I keep all my receipts to prove where I was not.,1.2580645161290325,0.0497449141454479,124,99,18,7,not_evaluated,not_evaluated
That one is for getting 15 items through the 10 items or less checkout lane.,1.2580645161290325,0.0497449141454479,124,99,18,7,not_evaluated,not_evaluated
Don't be too impressed. All I bought was toothpaste.,1.2580645161290325,0.0510459286025779,124,100,16,8,not_evaluated,not_evaluated
And this one has all my CVS rewards program discounts.,1.2580645161290325,0.0470350485937347,124,97,22,5,not_evaluated,not_evaluated
That one is for the time I spent at CVS.,1.2580645161290325,0.0510459286025779,124,100,16,8,not_evaluated,not_evaluated
Please don’t tap on my medals.,1.2580645161290325,0.0470350485937347,124,97,22,5,not_evaluated,not_evaluated
"Being a war hero is nice, but look at what I saved at the Price club.",1.2580645161290325,0.0470350485937347,124,97,22,5,not_evaluated,not_evaluated
And that's my list of Twitter followers,1.2580645161290325,0.048408946898032,124,98,20,6,not_evaluated,not_evaluated
"There's no use in hiding it from you any longer.  Honey, I've re-enlisted.",1.2580645161290325,0.0456197923346159,124,96,24,4,not_evaluated,not_evaluated
That one prints receipts for your tax dollars.,1.2580645161290325,0.048408946898032,124,98,20,6,not_evaluated,not_evaluated
I'm working my way up to a CVS badge.,1.2580645161290325,0.0470350485937347,124,97,22,5,not_evaluated,not_evaluated
"Why yes, I did serve in the CVS campaign.",1.2580645161290325,0.0456197923346159,124,96,24,4,not_evaluated,not_evaluated
"That one is from my tour in CVS.""",1.2580645161290325,0.0470350485937347,124,97,22,5,not_evaluated,not_evaluated
It's for distinguished service at Stop & Shop.,1.2580645161290325,0.0497449141454479,124,99,18,7,not_evaluated,not_evaluated
And that one is from my wife for doing the grocery shopping last week.,1.2580645161290325,0.0497449141454479,124,99,18,7,not_evaluated,not_evaluated
"It’s a matter of efficiency. In lieu of war stories, I provide an itemized list.",1.256880733944954,0.0511566350769606,109,86,18,5,not_evaluated,not_evaluated
"As a member of the secret service, I keep a running record of all my conversations.",1.256880733944954,0.0527910596380185,109,87,16,6,not_evaluated,not_evaluated
Ever hear of a little action called The Battle of CVS?,1.256880733944954,0.0543763794584775,109,88,14,7,not_evaluated,not_evaluated
We get coupons for every military operation.,1.256880733944954,0.0527910596380185,109,87,16,6,not_evaluated,not_evaluated
I see the new law requiring each general to disclose his itemized spending has gone into effect.,1.256,0.0453004308175768,125,97,24,4,not_evaluated,not_evaluated
I was awarded those for my mission to the drug store.,1.256,0.0493885189740653,125,100,18,7,not_evaluated,not_evaluated
...and this one was awarded for highest cost overruns.,1.256,0.0467029045169846,125,98,22,5,not_evaluated,not_evaluated
How did you know the Pentagon got a CVS? That information is classified.,1.256,0.0467029045169846,125,98,22,5,not_evaluated,not_evaluated
And that one is for leading my troops out of CVS in record time.,1.256,0.0473885789969992,125,101,17,7,not_evaluated,not_evaluated
No Ma’am. I’d rather have a printed receipt than have it emailed to me.,1.256,0.0453004308175768,125,97,24,4,not_evaluated,not_evaluated
"By the way, that drink is gonna cost you around 17 billion.",1.256,0.0506779840218228,125,101,16,8,not_evaluated,not_evaluated
"If your checking me out , I will be available at 900hrs",1.256,0.0480644728295972,125,99,20,6,not_evaluated,not_evaluated
The CVS campaign was the toughest,1.256,0.0467029045169846,125,98,22,5,not_evaluated,not_evaluated
Well that was in honor of my command once foiling a terrorist plot to explode bombs in a number of CVS pharmacies.,1.256,0.0480644728295972,125,99,20,6,not_evaluated,not_evaluated
It hasn't been the same since they put me in charge of the produce section.,1.256,0.0493885189740653,125,100,18,7,not_evaluated,not_evaluated
"Iraq, Afghanistan, Germany - Ah, is this the wine list?",1.256,0.0453004308175768,125,97,24,4,not_evaluated,not_evaluated
It stuck to my shoe at the battle of Mar-a-Lago.,1.256,0.0493885189740653,125,100,18,7,not_evaluated,not_evaluated
"As part of our new Special Forces training we go to Walmart on ""black Friday"".",1.256,0.0438531273023207,125,96,26,3,not_evaluated,not_evaluated
That one’s for being cashiered.,1.2545454545454546,0.0523610415444564,110,88,16,6,not_evaluated,not_evaluated
It's a new high tech military decoration.  It can be immediately updated by Tweet.,1.2545454545454546,0.0569394036305155,110,91,10,9,not_evaluated,not_evaluated
Would you fill out a short survey to rate my service?,1.2542372881355932,0.0453333471987319,118,91,24,3,not_evaluated,not_evaluated
It's a list of the defense issues Trump got wrong.,1.2540983606557377,0.0514805527553379,122,99,15,8,not_evaluated,not_evaluated
It's the Trump Loyalty Award for all my acts of loyalty to Trump.,1.2540983606557377,0.0487778773444206,122,97,19,6,not_evaluated,not_evaluated
It's the bill from the White House for my appointment to the Joint Chiefs,1.2540983606557377,0.0527800180833525,122,100,13,9,not_evaluated,not_evaluated
Trump demoted me to waiter. This is the draft list.,1.2540983606557377,0.0459163949418894,122,95,23,4,not_evaluated,not_evaluated
Return receipt — part of the deal with Mr. Trump.,1.2540983606557377,0.0473687483615881,122,96,21,5,not_evaluated,not_evaluated
"The Joint Command leaders are now equipped with a real-time printout of Trump's Titter feed.""",1.2540983606557377,0.0473687483615881,122,96,21,5,not_evaluated,not_evaluated
Our Commander-in-Chief wants to monetize us.,1.2540983606557377,0.0473687483615881,122,96,21,5,not_evaluated,not_evaluated
I want everyone to know I didn't buy my bone spurs at the supermarket.,1.2540983606557377,0.0527800180833525,122,100,13,9,not_evaluated,not_evaluated
"It declares I'm a pure-bred American with no divided loyalties, but that could change depending on the President's tweets.",1.2540983606557377,0.0404243099553467,122,104,10,8,not_evaluated,not_evaluated
It’s for ticker tape parades,1.2540983606557377,0.0459163949418894,122,95,23,4,not_evaluated,not_evaluated
No quid pro quo,1.2540983606557377,0.0514805527553379,122,99,15,8,not_evaluated,not_evaluated
"oh, that's the list of people Trump suspects as whistleblowers.  the scratched out ones have been executed.",1.2540983606557377,0.0501474258074254,122,98,17,7,not_evaluated,not_evaluated
That’s my fruit salad and the receipt.,1.25,0.0511633441170451,108,86,17,5,not_evaluated,not_evaluated
They're just disclaimers and definitions.  I'm a lawyer with JAG.,1.25,0.0477065023256333,120,95,20,5,not_evaluated,not_evaluated
I'm the chief commander of the CVS battalion,1.25,0.0532553701872544,120,99,12,9,not_evaluated,not_evaluated
"Yes, it's my list of conquests. Your name is about halfway.",1.25,0.0528276258009707,108,87,15,6,not_evaluated,not_evaluated
Talk is cheap. I guess Leave isn't.,1.25,0.050557120259797,120,97,16,7,not_evaluated,not_evaluated
"Thankfully, you avoided the CVS War.",1.25,0.0491524809806648,120,96,18,6,not_evaluated,not_evaluated
I was stationed at Fort CVS.,1.25,0.0491524809806648,120,96,18,6,not_evaluated,not_evaluated
Service is included.,1.25,0.0494430734755736,108,85,19,4,not_evaluated,not_evaluated
The last one is for my service behind the checkout counter at CVS.,1.25,0.0519237752033935,120,98,14,8,not_evaluated,not_evaluated
This is the Purple Heart équivalent for army acquisitions.,1.25,0.0446743586336472,120,93,24,3,not_evaluated,not_evaluated
They're caveats for my Trump era mission.,1.25,0.0454513622516664,120,96,19,5,not_evaluated,not_evaluated
There is no end to it.,1.25,0.0477065023256333,120,95,20,5,not_evaluated,not_evaluated
My battle ribbon likes you.,1.25,0.0462153041939214,120,94,22,4,not_evaluated,not_evaluated
"Well, aren't you just the cutest boondoggle. I can't help but love these new transparency things.  Don't you?",1.25,0.050557120259797,120,97,16,7,not_evaluated,not_evaluated
The new general wants to now where every penny goes.,1.25,0.0462153041939214,120,94,22,4,not_evaluated,not_evaluated
"No, it would NOT have been easier to get an on-line receipt!",1.25,0.0462153041939214,120,94,22,4,not_evaluated,not_evaluated
It’s my ribbon from CVS from the 1998 Siege of Duane Reade.,1.25,0.0494430734755736,108,90,11,7,not_evaluated,not_evaluated
"NO, not my to-do list. It’s my have-done list.",1.25,0.0491524809806648,120,96,18,6,not_evaluated,not_evaluated
I see you've served Walgreen's and CVS battle lines.,1.25,0.0477065023256333,120,95,20,5,not_evaluated,not_evaluated
I bought the pin at CVS.,1.25,0.0519237752033935,120,98,14,8,not_evaluated,not_evaluated
I’m going to the grocery store on my way home.,1.25,0.0454513622516664,120,96,19,5,not_evaluated,not_evaluated
Wow! You served in the CVS campaign.,1.25,0.0528276258009707,108,87,15,6,not_evaluated,not_evaluated
"Lieutenant Colonel, United States Air Force, 23rd Airborne, CVS Division",1.25,0.0462153041939214,120,94,22,4,not_evaluated,not_evaluated
"So, you're telling me the costume party is next week?",1.25,0.0462153041939214,120,94,22,4,not_evaluated,not_evaluated
WOW!  Nice to meet the General of CVS!!,1.25,0.0462153041939214,120,94,22,4,not_evaluated,not_evaluated
"My eyes are up here, ma'am.",1.25,0.0491524809806648,120,96,18,6,not_evaluated,not_evaluated
"My, what don’t you do, General Electric?",1.25,0.0491524809806648,120,96,18,6,not_evaluated,not_evaluated
"Nough' talk, just read the damn transcript!",1.25,0.050557120259797,120,97,16,7,not_evaluated,not_evaluated
And this medal is for procuring the tiny ink cartridges.,1.25,0.0511633441170451,108,86,17,5,not_evaluated,not_evaluated
It’s a participation medal from when I was six,1.25,0.0532553701872544,120,99,12,9,not_evaluated,not_evaluated
That one is for filling a prescription at CVS,1.25,0.0491524809806648,120,96,18,6,not_evaluated,not_evaluated
I served two tours at CVS.,1.25,0.0462153041939214,120,94,22,4,not_evaluated,not_evaluated
The tab for the Iraq and Afghan war? $4 - $6 trillion.,1.25,0.0477065023256333,120,95,20,5,not_evaluated,not_evaluated
I command  the CVS brigade,1.25,0.0462153041939214,120,94,22,4,not_evaluated,not_evaluated
"Believe me, I've paid a price to get here.",1.25,0.050557120259797,120,97,16,7,not_evaluated,not_evaluated
One of our defense contractors came up with it: automatically tracks my bar bill all night.,1.25,0.0477065023256333,120,95,20,5,not_evaluated,not_evaluated
I’m stationed in Aisle 2.,1.25,0.0491524809806648,120,96,18,6,not_evaluated,not_evaluated
These are my Presidential Tweets of Distinction!,1.25,0.0476607516535646,108,84,21,3,not_evaluated,not_evaluated
At Costco they call it The Customer Service Ribbon.,1.25,0.0462153041939214,120,94,22,4,not_evaluated,not_evaluated
Just some footnotes.,1.25,0.0532553701872544,120,99,12,9,not_evaluated,not_evaluated
Some of these required footnotes.,1.25,0.0462153041939214,120,94,22,4,not_evaluated,not_evaluated
So you literally have the receipts?,1.25,0.050557120259797,120,97,16,7,not_evaluated,not_evaluated
They ran out of red tape.,1.25,0.0446743586336472,120,93,24,3,not_evaluated,not_evaluated
"General Store, at your service.",1.25,0.0477065023256333,120,95,20,5,not_evaluated,not_evaluated
It's the Medal of CVS,1.25,0.0560080224684269,108,89,11,8,not_evaluated,not_evaluated
It's my Pentagon budget wish list .,1.25,0.0477065023256333,120,95,20,5,not_evaluated,not_evaluated
Those are my Minecraft high scores.,1.247863247863248,0.046867671987938,117,92,21,4,not_evaluated,not_evaluated
All the titles make my name tag long.,1.247863247863248,0.048414263331137,117,93,19,5,not_evaluated,not_evaluated
It’s my Christmas list.,1.247863247863248,0.054160776944276,117,97,11,9,not_evaluated,not_evaluated
That's for all the taxpayers who always want to know where their money goes.,1.247863247863248,0.046867671987938,117,92,21,4,not_evaluated,not_evaluated
My best party recipe.  Fruit salad.,1.247863247863248,0.0499129553345062,117,94,17,6,not_evaluated,not_evaluated
I'm what's known as a pentagon budget warrior.,1.247863247863248,0.046867671987938,117,92,21,4,not_evaluated,not_evaluated
It's the price you pay for going to war.,1.247863247863248,0.048414263331137,117,93,19,5,not_evaluated,not_evaluated
It's not just a store receipt ma'am - It's a General store receipt.,1.247863247863248,0.0527828337897832,117,96,13,8,not_evaluated,not_evaluated
That is for “Best in Show”.,1.247863247863248,0.0499129553345062,117,94,17,6,not_evaluated,not_evaluated
The CVS medal. Very impressive.,1.247863247863248,0.0513679406493208,117,95,15,7,not_evaluated,not_evaluated
What an interesting bucket-list for when you get fired.,1.247863247863248,0.046867671987938,117,92,21,4,not_evaluated,not_evaluated
"Really, no receipt is necessary.",1.247863247863248,0.0513679406493208,117,95,15,7,not_evaluated,not_evaluated
"As you can see, no discounts or coupons were used on these commendations.",1.247863247863248,0.0427571413538091,117,92,22,3,not_evaluated,not_evaluated
It's due to budget cuts--everything is itemized now.,1.247863247863248,0.048414263331137,117,93,19,5,not_evaluated,not_evaluated
Does my cost to benefit ratio impress you?,1.247863247863248,0.046867671987938,117,92,21,4,not_evaluated,not_evaluated
"Your damn tax dollars at work, that’s what, ma’am.",1.247863247863248,0.048414263331137,117,93,19,5,not_evaluated,not_evaluated
"And then out loud, I told President Trump.....",1.247863247863248,0.048414263331137,117,93,19,5,not_evaluated,not_evaluated
This is what I got when I cashiered out.,1.247863247863248,0.048414263331137,117,93,19,5,not_evaluated,not_evaluated
"I’ve got my orders, ma’am.",1.247863247863248,0.048414263331137,117,93,19,5,not_evaluated,not_evaluated
Would you mind mansplaining that to me one more time?,1.247863247863248,0.0513679406493208,117,95,15,7,not_evaluated,not_evaluated
It's for good conduct at Walmart on Black Friday.,1.247863247863248,0.0499129553345062,117,94,17,6,not_evaluated,not_evaluated
It’s a receipt from the supermarket. My wife says it’s one of my greatest accomplishments.,1.247863247863248,0.0513679406493208,117,95,15,7,not_evaluated,not_evaluated
Most of the deals aren’t valid unless you spend $2 Trillion on the invasion.,1.247863247863248,0.048414263331137,117,93,19,5,not_evaluated,not_evaluated
I went to the grocery store all by myself!,1.247863247863248,0.046867671987938,117,92,21,4,not_evaluated,not_evaluated
"Yes, the military is really expensive.",1.247863247863248,0.0513679406493208,117,95,15,7,not_evaluated,not_evaluated
That one’s for charging an enemy machine gun nest to my club card.,1.247863247863248,0.0513679406493208,117,95,15,7,not_evaluated,not_evaluated
It's part of the new military green initiative ma'am recyclable paper medals.,1.247863247863248,0.0513679406493208,117,95,15,7,not_evaluated,not_evaluated
That one's from Operation Drugstore.,1.247863247863248,0.0527828337897832,117,96,13,8,not_evaluated,not_evaluated
"Yes, in fact I am the General of CVS.",1.247863247863248,0.048414263331137,117,93,19,5,not_evaluated,not_evaluated
That's a list of all the butts I had to kiss to make general.,1.247863247863248,0.0452682721256424,117,91,23,3,not_evaluated,not_evaluated
Budget cuts.  I'm saving up for my own ticker tape parade.,1.247863247863248,0.0444469948711648,117,93,20,4,not_evaluated,not_evaluated
If you press the blue medal you get a list of the 10 all time great quarterbacks.,1.247863247863248,0.0513679406493208,117,95,15,7,not_evaluated,not_evaluated
It's for my time serving in CVS.,1.247863247863248,0.046867671987938,117,92,21,4,not_evaluated,not_evaluated
I serve my country ........................and my wife:   its a list of groceries for me to pick up.,1.247863247863248,0.0418866569277825,117,89,27,1,not_evaluated,not_evaluated
"I have too many medals to wear, so look at the list to see how heroic I have been.",1.247863247863248,0.0513679406493208,117,95,15,7,not_evaluated,not_evaluated
Is one of those medals for perfect attendance?,1.247863247863248,0.0499129553345062,117,94,17,6,not_evaluated,not_evaluated
"No, they don't have the same luster.  And no, I can't explain why they started giving metals in digital format.",1.247863247863248,0.0499129553345062,117,94,17,6,not_evaluated,not_evaluated
This ribbon prints out an automatic resignation letter when I have to disobey a direct order.,1.247863247863248,0.048414263331137,117,93,19,5,not_evaluated,not_evaluated
Who am I to tell the Commander in Chief that was his grocery list?,1.247863247863248,0.054160776944276,117,97,11,9,not_evaluated,not_evaluated
My fruit salad now requires an ingredients list.,1.247863247863248,0.046867671987938,117,92,21,4,not_evaluated,not_evaluated
They slashed our budget for ribbons.,1.247863247863248,0.0436102538964574,117,90,25,2,not_evaluated,not_evaluated
I see you took advantage of the GI bill!,1.247863247863248,0.0452682721256424,117,91,23,3,not_evaluated,not_evaluated
It's a list of PPMs - Presidential Promise Medals. The real ones haven't arrived yet.,1.247863247863248,0.048414263331137,117,93,19,5,not_evaluated,not_evaluated
It's for shopping at CVS.,1.247863247863248,0.0513679406493208,117,95,15,7,not_evaluated,not_evaluated
Describing them all out loud just seemed so conceited.,1.247863247863248,0.0499129553345062,117,94,17,6,not_evaluated,not_evaluated
The paper medals are from my second year of service.,1.247863247863248,0.0499129553345062,117,94,17,6,not_evaluated,not_evaluated
It’s my medal for keeping Defense Department spending below GDP.,1.247863247863248,0.0527828337897832,117,96,13,8,not_evaluated,not_evaluated
That's my wish list for the next war.,1.247863247863248,0.046867671987938,117,92,21,4,not_evaluated,not_evaluated
"What does ""etc"" stand for?",1.247863247863248,0.048414263331137,117,93,19,5,not_evaluated,not_evaluated
"Due to budget cutbacks, we're buying our medals at CVS",1.247863247863248,0.0527828337897832,117,96,13,8,not_evaluated,not_evaluated
This conversation may be transcribed or recorded for quality assurances purposes or for keeping an accurate account of this conversation for my wife.,1.247863247863248,0.048414263331137,117,93,19,5,not_evaluated,not_evaluated
"I'm the guest speaker, and that little exchange we had will be  fifty dollars.",1.247863247863248,0.048414263331137,117,93,19,5,not_evaluated,not_evaluated
You sure you want to list all the things you didn't get a medal for?,1.247863247863248,0.048414263331137,117,93,19,5,not_evaluated,not_evaluated
I'm keeping the receipt in case I want to return it after the war,1.247863247863248,0.046867671987938,117,92,21,4,not_evaluated,not_evaluated
My wife gave it to me for going to the grocery store all by myself.,1.247863247863248,0.048414263331137,117,93,19,5,not_evaluated,not_evaluated
I might return my decorations after Christmas.,1.247863247863248,0.048414263331137,117,93,19,5,not_evaluated,not_evaluated
"its the ""Best Prepared Latrine Duty"" medal",1.247863247863248,0.0513679406493208,117,95,15,7,not_evaluated,not_evaluated
Are you the Ukrainian Defense Minister?,1.247863247863248,0.0499129553345062,117,94,17,6,not_evaluated,not_evaluated
It was for galant service at the Battle of CVS.,1.247863247863248,0.0527828337897832,117,96,13,8,not_evaluated,not_evaluated
The bloodiest battle of them all -- Black Friday sale at Macy's.,1.247863247863248,0.048414263331137,117,93,19,5,not_evaluated,not_evaluated
That's a list of all my other medals that won't fit on my uniform.,1.247863247863248,0.0527828337897832,117,96,13,8,not_evaluated,not_evaluated
That's a list of places I have to check for my missing arm.,1.247863247863248,0.0513679406493208,117,95,15,7,not_evaluated,not_evaluated
Please select a topic and associated honorarium.,1.247863247863248,0.0513679406493208,117,95,15,7,not_evaluated,not_evaluated
That's the list of discreditations from House Republicans.,1.247863247863248,0.048414263331137,117,93,19,5,not_evaluated,not_evaluated
The medals are nothing compared to that first perfect score on a spelling test.,1.247863247863248,0.0499129553345062,117,94,17,6,not_evaluated,not_evaluated
My accomplishments have become excessive.,1.247863247863248,0.046867671987938,117,92,21,4,not_evaluated,not_evaluated
I'm the senior attache in charge of billing.,1.247863247863248,0.0436102538964574,117,90,25,2,not_evaluated,not_evaluated
It's from CVS.,1.247863247863248,0.0499129553345062,117,94,17,6,not_evaluated,not_evaluated
"As you can see right here, my service came with a thirty-day return policy to active duty.",1.247863247863248,0.048414263331137,117,93,19,5,not_evaluated,not_evaluated
This way I never lose my shopping list.,1.247863247863248,0.0499129553345062,117,94,17,6,not_evaluated,not_evaluated
It helps me save time impressing you.,1.247863247863248,0.046867671987938,117,92,21,4,not_evaluated,not_evaluated
... and this one includes some revisionist history.,1.247863247863248,0.046867671987938,117,92,21,4,not_evaluated,not_evaluated
And yet we must never discount the valor of those who serve.,1.247863247863248,0.0452682721256424,117,91,23,3,not_evaluated,not_evaluated
And  these are the commendations I received for the things I didn’t do.,1.247863247863248,0.0499129553345062,117,94,17,6,not_evaluated,not_evaluated
"Sir, your war crimes are showing.",1.247863247863248,0.046867671987938,117,92,21,4,not_evaluated,not_evaluated
It's for following grocery orders.,1.247863247863248,0.046867671987938,117,92,21,4,not_evaluated,not_evaluated
"I was a combatant in Operation Black Friday.""",1.247863247863248,0.0341327286233435,117,95,19,3,not_evaluated,not_evaluated
And that's how we overthrew the Coupon Queen.,1.247863247863248,0.0452682721256424,117,91,23,3,not_evaluated,not_evaluated
Some of my missions left a paper trail.,1.247863247863248,0.0499129553345062,117,94,17,6,not_evaluated,not_evaluated
I commanded the Black Friday assault.,1.247863247863248,0.0452682721256424,117,91,23,3,not_evaluated,not_evaluated
Guts doesn't come cheap sweetheart.,1.247863247863248,0.0499129553345062,117,94,17,6,not_evaluated,not_evaluated
"Yeah, so I found the whole costume at CVS",1.247863247863248,0.0452682721256424,117,91,23,3,not_evaluated,not_evaluated
My prevention of sexual harassment training requires you to initial each item on this authorization checklist before I attempt any moves.,1.247863247863248,0.0499129553345062,117,94,17,6,not_evaluated,not_evaluated
Not a single false charge Ma'am.,1.247863247863248,0.0452682721256424,117,91,23,3,not_evaluated,not_evaluated
It's the Army's highest honor for tactical accounting under fire during Defense budget hearings.,1.247863247863248,0.0499129553345062,117,94,17,6,not_evaluated,not_evaluated
Some of them are for CVS flu shots.,1.2477064220183487,0.0523909532079871,109,88,15,6,not_evaluated,not_evaluated
"No Purple Heart, but the purple ink tells you I'm a proven veteran of the budgeting wars.""",1.2477064220183487,0.050743643077079,109,87,17,5,not_evaluated,not_evaluated
Please take printed transcript of President's Twitter feed for all my opinions on proper military protocol.,1.2477064220183487,0.050743643077079,109,87,17,5,not_evaluated,not_evaluated
We fought the damn sales tax and lost.,1.2477064220183487,0.050743643077079,109,87,17,5,not_evaluated,not_evaluated
When I wear them all I can’t walk!,1.2477064220183487,0.050743643077079,109,87,17,5,not_evaluated,not_evaluated
That’s for mastering the self-checkout at CVS.,1.2477064220183487,0.0555391871443625,109,90,11,8,not_evaluated,not_evaluated
"If you don't stop staring, I'll add you to the list.",1.2457627118644068,0.0480481564018657,118,94,19,5,not_evaluated,not_evaluated
It's for bravery at a CVS,1.2454545454545454,0.0503306227100286,110,88,17,5,not_evaluated,not_evaluated
It lists all the countries I would love to bomb.,1.2434782608695651,0.0518039258645994,115,94,14,7,not_evaluated,not_evaluated
I'm keeping count of the number of times I'm asked What's That One For?,1.2434782608695651,0.0487702381826403,115,92,18,5,not_evaluated,not_evaluated
Click! Please take your receipt.  We thank you for shopping at Army and Navy Surplus.  Have a good day -Click!,1.2434782608695651,0.0503099536243891,115,93,16,6,not_evaluated,not_evaluated
War Crimes List,1.2434782608695651,0.0518039258645994,115,94,14,7,not_evaluated,not_evaluated
Don't forget to take your receipt.,1.2432432432432432,0.0482557617786183,111,88,19,4,not_evaluated,not_evaluated
"That was for heroism in the face of Black Friday.""",1.2429906542056075,0.0511568195807617,107,86,16,5,not_evaluated,not_evaluated
CVS had a sale on military costumes.,1.2429906542056075,0.0466495533899383,107,86,17,4,not_evaluated,not_evaluated
Starting in 2022 we received medals in President's handwriting.,1.2429906542056075,0.0544948775219186,107,88,12,7,not_evaluated,not_evaluated
I got this one for the Battle of CVS.,1.2429906542056075,0.0528522084011043,107,87,14,6,not_evaluated,not_evaluated
I don't think a receipt from the one time you went grocery shopping is the best badge for 'dutiful husband'.,1.2429906542056075,0.0560894590755168,107,89,10,8,not_evaluated,not_evaluated
loyalty card ?,1.2429906542056075,0.0511568195807617,107,86,16,5,not_evaluated,not_evaluated
Oh my! That's a long list of ex-wives!,1.2429906542056075,0.0475851731436199,107,84,20,3,not_evaluated,not_evaluated
That one is for successfully making it out of Walmart on Black Friday.,1.2429906542056075,0.0475851731436199,107,84,20,3,not_evaluated,not_evaluated
I've been enlisted,1.2429906542056075,0.0456947804443038,107,83,22,2,not_evaluated,not_evaluated
"I take cash, credit cards, and your sons and daughters.",1.2429906542056075,0.0528522084011043,107,87,14,6,not_evaluated,not_evaluated
"Wow, a running account of the Afghan War!",1.2429906542056075,0.0511568195807617,107,86,16,5,not_evaluated,not_evaluated
They were first to go when the defense department budget cuts hit,1.2429906542056075,0.0466495533899383,107,86,17,4,not_evaluated,not_evaluated
It's a list of questions I won't answer.,1.2429906542056075,0.0511568195807617,107,86,16,5,not_evaluated,not_evaluated
While it is rather cumbersome mobile faxes are much more secure than mobile phones,1.2429906542056075,0.0528522084011043,107,87,14,6,not_evaluated,not_evaluated
So the medal actually lists all the congressional subpoenas you’ve ignored!  Hmmm.,1.2429906542056075,0.0494032837609348,107,85,18,4,not_evaluated,not_evaluated
My CVS purchases are a badge of honor.,1.2429906542056075,0.0511568195807617,107,86,16,5,not_evaluated,not_evaluated
"That one commemorates the Battle of CVS, ma'am.",1.2429906542056075,0.0511568195807617,107,86,16,5,not_evaluated,not_evaluated
I thought it would be easier for you civilian non-combatants to read the printout rather than having to decipher all the metal.,1.2429906542056075,0.0528522084011043,107,87,14,6,not_evaluated,not_evaluated
I see you led the insurgence of troops into the CVS on Park and 18th.,1.2429906542056075,0.0475851731436199,107,84,20,3,not_evaluated,not_evaluated
Military spending is out of control these days.,1.2429906542056075,0.0511568195807617,107,86,16,5,not_evaluated,not_evaluated
Four tours of duty...eleven tours of duty-free.,1.2429906542056075,0.0494032837609348,107,85,18,4,not_evaluated,not_evaluated
This is my favorite one from the Apollo ticker tape parade.,1.2407407407407407,0.0507308482422007,108,87,16,5,not_evaluated,not_evaluated
It’s a citation from the supreme commander.  It only looks like a shopping list.,1.2407407407407407,0.0489953946493442,108,86,18,4,not_evaluated,not_evaluated
"Return policy is on the back, ma'am.",1.2407407407407407,0.0540347989394762,108,89,12,7,not_evaluated,not_evaluated
"Civilians may call it a ""to do"" list. I prefer ""lock and load.""",1.2407407407407407,0.0507308482422007,108,87,16,5,not_evaluated,not_evaluated
"My lost battles... what civilians call ""previous relationships"" """,1.2407407407407407,0.0524088659474846,108,88,14,6,not_evaluated,not_evaluated
That is for the Battle of Black Friday.,1.2407407407407407,0.0524088659474846,108,88,14,6,not_evaluated,not_evaluated
No.  I’m the ACTING undersecretary,1.2407407407407407,0.0489953946493442,108,86,18,4,not_evaluated,not_evaluated
It shows the cost of war.,1.2407407407407407,0.0489953946493442,108,86,18,4,not_evaluated,not_evaluated
"Oh, THAT one is my receipt for the battle of Black Friday.",1.2407407407407407,0.0524088659474846,108,88,14,6,not_evaluated,not_evaluated
"Oh general, I didn't catch your name earlier. The boys call me by my initials, General C.V.S.",1.2407407407407407,0.0540347989394762,108,89,12,7,not_evaluated,not_evaluated
"Yeah, I got this CVS Award of Honor for my service in the War on Drugstores",1.2407407407407407,0.0586427343838455,108,92,6,10,not_evaluated,not_evaluated
I didn't have enough space for all the medals.,1.2407407407407407,0.0524088659474846,108,88,14,6,not_evaluated,not_evaluated
Oops. Now I have to kill you.,1.2407407407407407,0.0489953946493442,108,86,18,4,not_evaluated,not_evaluated
"Not a medal, my turn for getting the bagels tomorrow.",1.2407407407407407,0.0507308482422007,108,87,16,5,not_evaluated,not_evaluated
It’s my medal for being the best checker at the PX.,1.2407407407407407,0.0489953946493442,108,86,18,4,not_evaluated,not_evaluated
Do you feel military rank should be based on merit or trips to CVS for POTUS?,1.2407407407407407,0.0507308482422007,108,87,16,5,not_evaluated,not_evaluated
One dollar per second.,1.2407407407407407,0.0453255795747674,108,84,22,2,not_evaluated,not_evaluated
"The price of a man in uniform keeps going up, thank you for shopping.",1.2407407407407407,0.0453255795747674,108,84,22,2,not_evaluated,not_evaluated
Congress demands we keep a running tab on expenses.,1.2407407407407407,0.0489953946493442,108,86,18,4,not_evaluated,not_evaluated
"Yes, in fact we are looking at the cost of android soldiers.",1.2407407407407407,0.0507308482422007,108,87,16,5,not_evaluated,not_evaluated
You think War is taxing? Let me you about CVS.,1.2407407407407407,0.047196169657259,108,85,20,3,not_evaluated,not_evaluated
I lost my left arm trying to jerk off a tank,1.2407407407407407,0.0556132157221449,108,90,10,8,not_evaluated,not_evaluated
"Pardon me, I was just reading your list of places where you plan to start a war.",1.2407407407407407,0.0556132157221449,108,90,10,8,not_evaluated,not_evaluated
"Instead of a printer ribbon, it's a ribbon printer.",1.2407407407407407,0.0524088659474846,108,88,14,6,not_evaluated,not_evaluated
"Darling, I thought we agreed not to talk about all your accomplishments tonight...",1.2407407407407407,0.0489953946493442,108,86,18,4,not_evaluated,not_evaluated
I killed all those guys.,1.2407407407407407,0.0556132157221449,108,90,10,8,not_evaluated,not_evaluated
"As a matter of fact, this medal is on toilet paper. I’ve had a lengthy career of brown-nosing.",1.2407407407407407,0.0524088659474846,108,88,14,6,not_evaluated,not_evaluated
Budget cuts...,1.2407407407407407,0.0507308482422007,108,87,16,5,not_evaluated,not_evaluated
"Yes,  I was awarded this one from CVS.",1.2407407407407407,0.0540347989394762,108,89,12,7,not_evaluated,not_evaluated
It’s for the rank of CVS.,1.2407407407407407,0.0507308482422007,108,87,16,5,not_evaluated,not_evaluated
I don't like to talk about the things I saw at the Battle of CVS.,1.2407407407407407,0.0507308482422007,108,87,16,5,not_evaluated,not_evaluated
"As you can see, I'm far more than just an 'ok' boomer",1.2407407407407407,0.0507308482422007,108,87,16,5,not_evaluated,not_evaluated
I shall return.,1.2407407407407407,0.0540347989394762,108,89,12,7,not_evaluated,not_evaluated
I see you've been shopping at CVS,1.2407407407407407,0.0524088659474846,108,88,14,6,not_evaluated,not_evaluated
It’s my receipt from CVS,1.2407407407407407,0.0507308482422007,108,87,16,5,not_evaluated,not_evaluated
Here’s the drink tab.  No rush.,1.2407407407407407,0.0524088659474846,108,88,14,6,not_evaluated,not_evaluated
"In retrospect, I shouldn't have disputed the tweeted order.",1.2407407407407407,0.0507308482422007,108,87,16,5,not_evaluated,not_evaluated
I keep our top secrets close to my chest.,1.2407407407407407,0.0507308482422007,108,87,16,5,not_evaluated,not_evaluated
It's the Grocery Good Conduct ribbon. From the Battle of the Bulge!,1.2407407407407407,0.0524088659474846,108,88,14,6,not_evaluated,not_evaluated
This is just the short list,1.2407407407407407,0.0507308482422007,108,87,16,5,not_evaluated,not_evaluated
Did you get that from CVS?,1.2407407407407407,0.047196169657259,108,85,20,3,not_evaluated,not_evaluated
We’re working on a digital rank display as we speak.,1.2407407407407407,0.0524088659474846,108,88,14,6,not_evaluated,not_evaluated
The last one is for explaining all the other ones.,1.2407407407407407,0.0507308482422007,108,87,16,5,not_evaluated,not_evaluated
"I am under orders to tell you that my commanding officer is a very funny guy, ma'am.",1.2407407407407407,0.0507308482422007,108,87,16,5,not_evaluated,not_evaluated
"With foreign policy nowadays, there are a lot of asterisks.",1.2407407407407407,0.0556132157221449,108,90,10,8,not_evaluated,not_evaluated
That one's for uncommon thriftiness.,1.238938053097345,0.0458008114607757,113,89,21,3,not_evaluated,not_evaluated
"Front line cashier at CVS, Bagram. Thanks.",1.238938053097345,0.0458008114607757,113,89,21,3,not_evaluated,not_evaluated
My EKG - proves I have a heart!,1.238938053097345,0.0522477327933548,113,93,13,7,not_evaluated,not_evaluated
I see you've earned the CVS medal.,1.238938053097345,0.0491301328743945,113,91,17,5,not_evaluated,not_evaluated
It's a transcript of a very high level administration official's telephone call that I didn't report.,1.238938053097345,0.0491301328743945,113,91,17,5,not_evaluated,not_evaluated
"No mam, we cannot just ignore President Trump",1.238938053097345,0.0537387513340315,113,94,11,8,not_evaluated,not_evaluated
It's my shortest CVS receipt.,1.238938053097345,0.0507128954916866,113,92,15,6,not_evaluated,not_evaluated
It's the tab for all the people who've thanked me for my service.,1.238938053097345,0.0458008114607757,113,89,21,3,not_evaluated,not_evaluated
"Yes ma'am, I'm the real deal--and for your information, I'm drinking straight scotch from this disgusting wine glass.",1.238938053097345,0.0474946538397806,113,90,19,4,not_evaluated,not_evaluated
When I retired I was head of security at the CVS on 23rd and First.,1.238938053097345,0.0474946538397806,113,90,19,4,not_evaluated,not_evaluated
It’s my wife’s grocery list dammit.,1.238938053097345,0.0440418723213541,113,88,23,2,not_evaluated,not_evaluated
That's the cost of the illusion of freedom.,1.238938053097345,0.0491301328743945,113,91,17,5,not_evaluated,not_evaluated
That’s for winning the Battle of CVS.,1.238938053097345,0.0507128954916866,113,92,15,6,not_evaluated,not_evaluated
You earned a free bar of soap from CVS.,1.238938053097345,0.0522477327933548,113,93,13,7,not_evaluated,not_evaluated
"Sure, I was the guy that shopped for the rest of the Generals but, darnit, I did it well.",1.238938053097345,0.0474946538397806,113,90,19,4,not_evaluated,not_evaluated
I assumed they meant I'd be in receipt of a Certificate for Valorous Service.,1.238938053097345,0.0449299501893557,113,91,18,4,not_evaluated,not_evaluated
"Yes, ma'am, I am a 4-Star General.  Yes, it is a grocery list. 
 And yes, I do serve, (sob), at the President's discretion.",1.238938053097345,0.0522477327933548,113,93,13,7,not_evaluated,not_evaluated
That's the one Trump tried to rip off so he could wear it himself.,1.238938053097345,0.0474946538397806,113,90,19,4,not_evaluated,not_evaluated
Just keep the printed receipt and return the bombers within 10 days if you’re not completely satisfied.,1.238938053097345,0.0458008114607757,113,89,21,3,not_evaluated,not_evaluated
"When businessmen become politicians, This is what happens.",1.238938053097345,0.0507128954916866,113,92,15,6,not_evaluated,not_evaluated
All the positive Trump tweets that I sent,1.238938053097345,0.0458008114607757,113,89,21,3,not_evaluated,not_evaluated
"Here's your receipt,Congresswoman.",1.238938053097345,0.0491301328743945,113,91,17,5,not_evaluated,not_evaluated
I did not save $4.64 with my value card to have it go unrecognized!,1.238938053097345,0.0507128954916866,113,92,15,6,not_evaluated,not_evaluated
I got this after my tour of Wal-Mart,1.238938053097345,0.0491301328743945,113,91,17,5,not_evaluated,not_evaluated
Multiple tours of the PX.,1.238938053097345,0.0474946538397806,113,90,19,4,not_evaluated,not_evaluated
I'm the family shopper. My wife gave me that one for Distinguished Service.,1.238938053097345,0.0458008114607757,113,89,21,3,not_evaluated,not_evaluated
...and that one's from the Battle of Black Friday.,1.238938053097345,0.0491301328743945,113,91,17,5,not_evaluated,not_evaluated
"Oh, that? That's my grocery shopping receipt.",1.238938053097345,0.0522477327933548,113,93,13,7,not_evaluated,not_evaluated
And this one is for the terrifying years I spent as a cashier at the grocery store.,1.238938053097345,0.0440418723213541,113,88,23,2,not_evaluated,not_evaluated
"No, I'm not going to tell the President to Behave.",1.238938053097345,0.0474946538397806,113,90,19,4,not_evaluated,not_evaluated
My major battles were on Black Friday.,1.238938053097345,0.0551895026960376,113,95,9,9,not_evaluated,not_evaluated
I don't think I ordered Afghanistan.,1.238938053097345,0.0522477327933548,113,93,13,7,not_evaluated,not_evaluated
"Oh, talking points from the boss.",1.238938053097345,0.0522477327933548,113,93,13,7,not_evaluated,not_evaluated
It seems it’s how they reward à la carte battle plans,1.238938053097345,0.0431355144993417,113,90,20,3,not_evaluated,not_evaluated
"The medals are okay, but what I’m really proud of is how I maximized my coupons at the grocery store yesterday.",1.238938053097345,0.0491301328743945,113,91,17,5,not_evaluated,not_evaluated
Those are the ones I gave myself.,1.238938053097345,0.0491301328743945,113,91,17,5,not_evaluated,not_evaluated
Are my secret codes showing again?,1.238938053097345,0.0491301328743945,113,91,17,5,not_evaluated,not_evaluated
Trump campaigns--ready to tear off if he ever leaves.,1.238532110091743,0.0581441998221148,109,93,6,10,not_evaluated,not_evaluated
"Wow, a pound of flesh has no value!",1.238532110091743,0.0503117744312051,109,88,16,5,not_evaluated,not_evaluated
That happens whenever I see a nice set.,1.238532110091743,0.0535823102994961,109,90,12,7,not_evaluated,not_evaluated
"I got it for so often saying ""Charge"".",1.238532110091743,0.0519727747164222,109,89,14,6,not_evaluated,not_evaluated
"Just a list of general topics.""",1.238532110091743,0.046813302765362,109,86,20,3,not_evaluated,not_evaluated
"These are my receipts, to show you that I'm a five -star General and  worthy of your attention""",1.236842105263158,0.0471228258608978,114,91,19,4,not_evaluated,not_evaluated
"I
I'm in the new Army! No freebies! This is my price list. Accessories like tanks and bombers are extra.",1.236842105263158,0.0487423441397875,114,92,17,5,not_evaluated,not_evaluated
This was for service in Silicon Valley,1.2363636363636363,0.0327430228063558,110,88,21,1,not_evaluated,not_evaluated
Defending our country isn't cheap!,1.2363636363636363,0.0464364340421496,110,87,20,3,not_evaluated,not_evaluated
It's been nice talking to you General Drug Store,1.2363636363636363,0.0481990464422662,110,88,18,4,not_evaluated,not_evaluated
It was awarded for bravery at the Battle of CVS.,1.2363636363636363,0.0515437621902922,110,90,14,6,not_evaluated,not_evaluated
It's a new policy - we're leaving the sales receipt attached so the taxpayers can see what all those medals cost.,1.2363636363636363,0.0498994363629146,110,89,16,5,not_evaluated,not_evaluated
"Oh my gosh, Alma.  You look better in that dress than I do !",1.2363636363636363,0.0531372288713122,110,91,12,7,not_evaluated,not_evaluated
My pink slip signed by the President.,1.2363636363636363,0.0531372288713122,110,91,12,7,not_evaluated,not_evaluated
That one's from a 3-year tour I did at CVS.,1.2363636363636363,0.0417052542021847,110,87,21,2,not_evaluated,not_evaluated
It’s a list if my subpoenas.,1.2363636363636363,0.0498994363629146,110,89,16,5,not_evaluated,not_evaluated
That’s for “Excellence in Targeting.”,1.2363636363636363,0.0515437621902922,110,90,14,6,not_evaluated,not_evaluated
It's our new CVS strategy - extortionate healthcare is a quicker way to ruin a country than invasion or nukes.,1.2363636363636363,0.0498994363629146,110,89,16,5,not_evaluated,not_evaluated
And I earned this one from buying a toothbrush at CVS,1.2363636363636363,0.0515437621902922,110,90,14,6,not_evaluated,not_evaluated
...And that was how I earned the CVS Receipt of Honor,1.2363636363636363,0.0481990464422662,110,88,18,4,not_evaluated,not_evaluated
...and in 3rd grade I got 'Tries Hard'.,1.2363636363636363,0.0498994363629146,110,89,16,5,not_evaluated,not_evaluated
"Thanks for noticing, but no, it's simply a grocery receipt, I'm responsible for stocking the mess hall.",1.2363636363636363,0.0515437621902922,110,90,14,6,not_evaluated,not_evaluated
"You think that’s impressive, you should see General CVS.",1.2363636363636363,0.054684282600351,110,92,10,8,not_evaluated,not_evaluated
It was for my leading a successful charge at dawn on Black Friday and we took no casualties!,1.2363636363636363,0.0464364340421496,110,87,20,3,not_evaluated,not_evaluated
I had to stop by CVS before this.,1.2363636363636363,0.0498994363629146,110,89,16,5,not_evaluated,not_evaluated
I've never forgotten the Boy Scout Motto to be prepared.,1.2363636363636363,0.054684282600351,110,92,10,8,not_evaluated,not_evaluated
"“As the Rear Admiral, I oversee the toilet paper budget.”",1.2363636363636363,0.0531372288713122,110,91,12,7,not_evaluated,not_evaluated
It's a reminder of the tab I ran up at last year's cocktail party.,1.2363636363636363,0.0481990464422662,110,88,18,4,not_evaluated,not_evaluated
It's a CVS.  Certified Valor in Service,1.2363636363636363,0.0481990464422662,110,88,18,4,not_evaluated,not_evaluated
"I said “here’s the shopping list”, not “go and enlist!”",1.2363636363636363,0.0498994363629146,110,89,16,5,not_evaluated,not_evaluated
I shopped. They dropped.,1.2363636363636363,0.0446042232883623,110,86,22,2,not_evaluated,not_evaluated
"Below the Purple Heart, you'll find my references and employment history.",1.2363636363636363,0.0481990464422662,110,88,18,4,not_evaluated,not_evaluated
It's our latest effort in raising awareness for the GI Bill.,1.2314814814814814,0.0502786996951927,108,88,15,5,not_evaluated,not_evaluated
Tab's on me tonight.,1.2314814814814814,0.0467098181326254,108,86,19,3,not_evaluated,not_evaluated
It's a print-out of the additional medals which I should have gotten.,1.2314814814814814,0.0485270787963912,108,87,17,4,not_evaluated,not_evaluated
The Privileges of Rank also involve getting stuck with a Running Tab.,1.2314814814814814,0.0502786996951927,108,88,15,5,not_evaluated,not_evaluated
That? It’s just a grocery list.,1.2314814814814814,0.0467098181326254,108,86,19,3,not_evaluated,not_evaluated
"Since #metoo, the Pentagon decided they needed to give us a list of what NOT to do on a date.",1.2314814814814814,0.0536105229977827,108,90,11,7,not_evaluated,not_evaluated
That's for action in the Check Republic.,1.2314814814814814,0.0502786996951927,108,88,15,5,not_evaluated,not_evaluated
It all adds up to me being very eligible.,1.2314814814814814,0.0502786996951927,108,88,15,5,not_evaluated,not_evaluated
I got this one for Black Friday.,1.2314814814814814,0.0467098181326254,108,86,19,3,not_evaluated,not_evaluated
It's for Distinguished Accountability.,1.2314814814814814,0.0467098181326254,108,86,19,3,not_evaluated,not_evaluated
That one is for the Black Friday Campaign,1.2314814814814814,0.0519713181434488,108,89,13,6,not_evaluated,not_evaluated
"They're tweets,from you know who.",1.2314814814814814,0.0502786996951927,108,88,15,5,not_evaluated,not_evaluated
"As duty demands, I only buy generic brands.",1.2314814814814814,0.0502786996951927,108,88,15,5,not_evaluated,not_evaluated
It's for Smart Procurement.,1.2314814814814814,0.0485270787963912,108,87,17,4,not_evaluated,not_evaluated
So what do you think? Was I overcharged for these medals?,1.2314814814814814,0.0485270787963912,108,87,17,4,not_evaluated,not_evaluated
"Yes, ma'am. Scribbled redacted notes on toilet paper has proven to be the most effective and affordable deterrent to hacking.",1.2314814814814814,0.0502786996951927,108,88,15,5,not_evaluated,not_evaluated
Is that your CVS receipt in your pocket or are you just happy to see me?,1.2314814814814814,0.0485270787963912,108,87,17,4,not_evaluated,not_evaluated
Commissary......holiday season....'04.........brutal.,1.2314814814814814,0.0448189339839173,108,85,21,2,not_evaluated,not_evaluated
Yes ma'am. I'm Santa's attache.,1.2314814814814814,0.0502786996951927,108,88,15,5,not_evaluated,not_evaluated
"Yes, my division is sponsored by CVS.",1.2314814814814814,0.0467098181326254,108,86,19,3,not_evaluated,not_evaluated
It’s my answer to “What’s that one for?”,1.2314814814814814,0.0485270787963912,108,87,17,4,not_evaluated,not_evaluated
"So, he just pardoned all your war crimes? Just like that?",1.2314814814814814,0.0448189339839173,108,85,21,2,not_evaluated,not_evaluated
"Yes, Ma'am, I'm on the clock.",1.2314814814814814,0.0502786996951927,108,88,15,5,not_evaluated,not_evaluated
Yes I was also the ranking officer for base commissaries,1.2314814814814814,0.0467098181326254,108,86,19,3,not_evaluated,not_evaluated
It's a receipt reminding me we are still paying for the last war.,1.2314814814814814,0.0502786996951927,108,88,15,5,not_evaluated,not_evaluated
I'd like the light blue one with five white stars. Does the price include tax?,1.2314814814814814,0.0519713181434488,108,89,13,6,not_evaluated,not_evaluated
That's a list of the disclaimers that go along with my awards.,1.2314814814814814,0.0485270787963912,108,87,17,4,not_evaluated,not_evaluated
Itemized receipt for collateral damage.,1.2314814814814814,0.0467098181326254,108,86,19,3,not_evaluated,not_evaluated
That's for my service in the Battle of CVS.,1.2314814814814814,0.0485270787963912,108,87,17,4,not_evaluated,not_evaluated
That's just a receipt from the commissary.,1.2314814814814814,0.0502786996951927,108,88,15,5,not_evaluated,not_evaluated
"Yes, I really am registered with the Green Party.",1.2314814814814814,0.0502786996951927,108,88,15,5,not_evaluated,not_evaluated
That ribbon bar prints in portrait and landscape.,1.2314814814814814,0.0485270787963912,108,87,17,4,not_evaluated,not_evaluated
I served three Black Friday tours.,1.2264150943396226,0.0469807531999574,106,85,18,3,not_evaluated,not_evaluated
It was for the Battle of CVS.,1.2264150943396226,0.0524049113078802,106,88,12,6,not_evaluated,not_evaluated
It says here you fought at the Battle of Safeway.,1.2264150943396226,0.0524049113078802,106,88,12,6,not_evaluated,not_evaluated
"I said ""excuse me"", not ""pardon me"".",1.2264150943396226,0.0450277320316952,106,84,20,2,not_evaluated,not_evaluated
It's from my last sortie to Home Depot.,1.2264150943396226,0.0450277320316952,106,84,20,2,not_evaluated,not_evaluated
"Under the campaign ribbons is a list of tweets about what I don't know, should know, can't know, couldn't know, won't know, used to know, and reminder that I'm not as super-duper badass awesome as he is.",1.2264150943396226,0.0524049113078802,106,88,12,6,not_evaluated,not_evaluated
Our Commander In Chief is a businessman.,1.2264150943396226,0.0524049113078802,106,88,12,6,not_evaluated,not_evaluated
It's my Catering Corp Medal with bar tab.,1.2264150943396226,0.0524049113078802,106,88,12,6,not_evaluated,not_evaluated
Read it and weep.,1.2264150943396226,0.0506614272387744,106,87,14,5,not_evaluated,not_evaluated
"Young lady, I’ll have you know that these medals cost an arm and a leg.",1.2264150943396226,0.0506614272387744,106,87,14,5,not_evaluated,not_evaluated
Looks like someone thinks he was a good little boy this year.,1.2264150943396226,0.0450277320316952,106,84,20,2,not_evaluated,not_evaluated
I got it in the Costco Wars of 2018.,1.2264150943396226,0.0524049113078802,106,88,12,6,not_evaluated,not_evaluated
And next to my Medal of Honor is my Receipt of Discontent,1.2264150943396226,0.0450277320316952,106,84,20,2,not_evaluated,not_evaluated
That’s my award for braving the mall on Black Friday.,1.2264150943396226,0.0469807531999574,106,85,18,3,not_evaluated,not_evaluated
I earned that one during the media wars.,1.2264150943396226,0.0450277320316952,106,84,20,2,not_evaluated,not_evaluated
It's the fitty men I killed.,1.2264150943396226,0.0094787794392833,106,93,10,3,not_evaluated,not_evaluated
It's a great conversation starter.,1.2264150943396226,0.0524049113078802,106,88,12,6,not_evaluated,not_evaluated
We get returned at dawn.,1.2264150943396226,0.0506614272387744,106,87,14,5,not_evaluated,not_evaluated
You know when you buy a new car and they give you those temporary tags?,1.2264150943396226,0.0469807531999574,106,85,18,3,not_evaluated,not_evaluated
"Congress did not authorize the dip, that's correct.",1.2264150943396226,0.0557284825544453,106,90,8,8,not_evaluated,not_evaluated
It's the new top secret spyware. It records everything you say immediately for future record. Can you read shorthand? I need an assistant.,1.2264150943396226,0.0488557641486905,106,86,16,4,not_evaluated,not_evaluated
I carry this around as a reminder of the last time I picked up everybody's tab.,1.2264150943396226,0.0469807531999574,106,85,18,3,not_evaluated,not_evaluated
They're all my CVS Rewards,1.2264150943396226,0.0488557641486905,106,86,16,4,not_evaluated,not_evaluated
I also have a part time job at Target. I was recently promoted.,1.2264150943396226,0.0506614272387744,106,87,14,5,not_evaluated,not_evaluated
"Sorry ma'am, I thought it was an open bar.",1.2264150943396226,0.0469807531999574,106,85,18,3,not_evaluated,not_evaluated
"Please, don’t repeat this to anyone! It’s a target co-ordinate list from my last mission over un-named lands.  But nowadays, I use it for rolling weed!  Got some?",1.2264150943396226,0.0524049113078802,106,88,12,6,not_evaluated,not_evaluated
Usually the toilet paper sticks to my shoe,1.2264150943396226,0.0557284825544453,106,90,8,8,not_evaluated,not_evaluated
"I'm your ""Service Robot"", another drink? I'm your ""Service Robot"", another...........",1.2264150943396226,0.0450277320316952,106,84,20,2,not_evaluated,not_evaluated
That's for the CVS Tour of Duty.,1.2264150943396226,0.0506614272387744,106,87,14,5,not_evaluated,not_evaluated
you know how important i am by the number of tweets sent out about me from Captain Bonespurs,1.2264150943396226,0.0506614272387744,106,87,14,5,not_evaluated,not_evaluated
"It's a very prestigious, very hush-hush British award called  Victoria's Secret.",1.2264150943396226,0.0557284825544453,106,90,8,8,not_evaluated,not_evaluated
It's for surviving Black Friday.,1.2264150943396226,0.0469807531999574,106,85,18,3,not_evaluated,not_evaluated
"My wife works for CVS, so it was easy.",1.2264150943396226,0.0488557641486905,106,86,16,4,not_evaluated,not_evaluated
Don't forget to tip for the war effort.,1.2264150943396226,0.040842473153371,106,87,16,3,not_evaluated,not_evaluated
..we may go to war with Iran. Woman: Your Extracare bucks are expiring.,1.2264150943396226,0.0540922290953511,106,89,10,7,not_evaluated,not_evaluated
It's for The Battle of The Budget,1.2252252252252251,0.0490444059675016,111,91,15,5,not_evaluated,not_evaluated
"I hate it when they call it ""naval gazing.""",1.2252252252252251,0.0473450482406021,111,90,17,4,not_evaluated,not_evaluated
It's my favorite wine list by entree.,1.2233009708737863,0.0456191178036742,103,82,19,2,not_evaluated,not_evaluated
It's my Walmart campaign service commendation.,1.2233009708737863,0.0514995741388624,103,85,13,5,not_evaluated,not_evaluated
"Supermarket wars, Ma'am!",1.2233009708737863,0.0476599550806027,103,83,17,3,not_evaluated,not_evaluated
"She found him married when he saw his shopping list. One of the items was ""Bring Bread"".",1.2233009708737863,0.0496169197692141,103,84,15,4,not_evaluated,not_evaluated
"yes, just got back from CVS...why do you ask?",1.2233009708737863,0.0514995741388624,103,85,13,5,not_evaluated,not_evaluated
"It's a love letter for Kim, Xi, and Vlad.",1.2233009708737863,0.0476599550806027,103,83,17,3,not_evaluated,not_evaluated
"Yes, the Battle of CVS. Forgive me, but it's still difficult to talk about.",1.2233009708737863,0.0496169197692141,103,84,15,4,not_evaluated,not_evaluated
This is my last offer. But no interviews or word to the press.,1.2233009708737863,0.0514995741388624,103,85,13,5,not_evaluated,not_evaluated
I keep my expenses close to my chest.,1.2233009708737863,0.0496169197692141,103,84,15,4,not_evaluated,not_evaluated
I got my Meritorious Service Medal from CVS.,1.2233009708737863,0.0476599550806027,103,83,17,3,not_evaluated,not_evaluated
That's the sales receipt for them from Walgreens.,1.2233009708737863,0.0476599550806027,103,83,17,3,not_evaluated,not_evaluated
It's the new Tweet Campaign pin.,1.2233009708737863,0.0496169197692141,103,84,15,4,not_evaluated,not_evaluated
You're right! Can't see a refund for that Trident anywhere.,1.2233009708737863,0.0514995741388624,103,85,13,5,not_evaluated,not_evaluated
"So much heroism, so little space.",1.2233009708737863,0.048648278724276,103,86,12,5,not_evaluated,not_evaluated
"2019, yet we still communicate by fax.",1.2233009708737863,0.0476599550806027,103,83,17,3,not_evaluated,not_evaluated
My wife wants me to stop for groceries on the way home.,1.2211538461538465,0.0491844062635496,104,85,15,4,not_evaluated,not_evaluated
The army recently calculated the price of valor.,1.2183908045977012,0.0552636686294719,87,72,11,4,not_evaluated,not_evaluated
It's not stolen valor–I kept the receipt.,1.2178217821782178,0.0479355185620206,101,82,16,3,not_evaluated,not_evaluated
"It's an I.O.U.~
I'm brave but very quick doing it.",1.2178217821782178,0.0519023462260639,101,84,12,5,not_evaluated,not_evaluated
I thought the letter said medal recipient.,1.2178217821782178,0.0519023462260639,101,84,12,5,not_evaluated,not_evaluated
"It's an honor to meet you, Miss, here on the cocktail party front-- where so many of my medals have been earned.",1.2178217821782178,0.0519023462260639,101,84,12,5,not_evaluated,not_evaluated
"Well sure, everything is paid for in some way by someone.",1.2178217821782178,0.0458235107540837,101,81,18,2,not_evaluated,not_evaluated
It's for the CVS campaign.,1.2178217821782178,0.0499583200457143,101,83,14,4,not_evaluated,not_evaluated
How impressive Sir! Shall I rip it off and keep it in my bra? So you can play finders keepers later!,1.2178217821782178,0.0555868073172998,101,86,8,7,not_evaluated,not_evaluated
"Credit, debit or cash?",1.2178217821782178,0.0537761410455456,101,85,10,6,not_evaluated,not_evaluated
Death and taxes.,1.2178217821782178,0.0458235107540837,101,81,18,2,not_evaluated,not_evaluated
"Yes- when there's a pardon, it reflects on all of us.",1.2178217821782178,0.0499583200457143,101,83,14,4,not_evaluated,not_evaluated
"I mean, I’ve never been asked to sign terms and conditions for a social chat.",1.2178217821782178,0.0519023462260639,101,84,12,5,not_evaluated,not_evaluated
"Hard to believe, but CVS actually sells military decorations.",1.2178217821782178,0.0412765615557937,101,84,14,3,not_evaluated,not_evaluated
"And, as you can see, that one cost me an arm.",1.2178217821782178,0.0499583200457143,101,83,14,4,not_evaluated,not_evaluated
I got this one for killing 40 pizzas in 30 days.,1.2178217821782178,0.0519023462260639,101,84,12,5,not_evaluated,not_evaluated
They won't let me return to war without my receipt.,1.2178217821782178,0.0436093377139509,101,80,20,1,not_evaluated,not_evaluated
You pick up the tab at the officers club often enough  you're awarded  a ribbon.,1.2178217821782178,0.0499583200457143,101,83,14,4,not_evaluated,not_evaluated
It says here I ordered taller!,1.2178217821782178,0.0519023462260639,101,84,12,5,not_evaluated,not_evaluated
It's a rental,1.2178217821782178,0.0458235107540837,101,81,18,2,not_evaluated,not_evaluated
I have receipts.,1.2178217821782178,0.0479355185620206,101,82,16,3,not_evaluated,not_evaluated
The Pentagon requires a receipt attached for everything these days.,1.2178217821782178,0.0458235107540837,101,81,18,2,not_evaluated,not_evaluated
It’s a real time EKG.,1.2178217821782178,0.0499583200457143,101,83,14,4,not_evaluated,not_evaluated
True story: this is the actual Schindler's List.,1.2178217821782178,0.0499583200457143,101,83,14,4,not_evaluated,not_evaluated
Better step back. CVS is sending my weekly coupons for hemorrhoid cream.”,1.2178217821782178,0.0519023462260639,101,84,12,5,not_evaluated,not_evaluated
Well that's surprising. I would have thought that jacket would be dry clean only.,1.2178217821782178,0.0499583200457143,101,83,14,4,not_evaluated,not_evaluated
My wife awarded me this medal after The Battle of the I Got the Wrong Brand Yogurt at The Grocery Store,1.2178217821782178,0.0519023462260639,101,84,12,5,not_evaluated,not_evaluated
This is my laundry list.,1.2178217821782178,0.0519023462260639,101,84,12,5,not_evaluated,not_evaluated
They cost me an arm and leg.,1.2178217821782178,0.0479355185620206,101,82,16,3,not_evaluated,not_evaluated
My last posting was at the pentagon in charge of  small arms sales,1.2178217821782178,0.0479355185620206,101,82,16,3,not_evaluated,not_evaluated
"Oooo, that's an impressive list of pardons!",1.2178217821782178,0.0479355185620206,101,82,16,3,not_evaluated,not_evaluated
It's hard to fit all these accomplishments on LinkedIn,1.2178217821782178,0.0499583200457143,101,83,14,4,not_evaluated,not_evaluated
It's great to have a legend here.,1.2178217821782178,0.0519023462260639,101,84,12,5,not_evaluated,not_evaluated
My wife asked me to stop by the grocery store on the way home.,1.2178217821782178,0.0499583200457143,101,83,14,4,not_evaluated,not_evaluated
"Transparency in government, Ma’am. We Generals wear our receipts as proudly as our ribbons.",1.216867469879518,0.0595017829306981,83,70,8,5,not_evaluated,not_evaluated
It's what these medals cost me.,1.2162162162162162,0.0585846589323963,74,61,10,3,not_evaluated,not_evaluated
"Sure, I can show you something longer.",1.2142857142857142,0.0486510652699821,98,80,15,3,not_evaluated,not_evaluated
That's my index to remind me what the heck all the ribbons are for .,1.2142857142857142,0.0486510652699821,98,80,15,3,not_evaluated,not_evaluated
"General, I'd go with Oligarch's Delight in the 5th.",1.2142857142857142,0.0464384831382255,98,79,17,2,not_evaluated,not_evaluated
Showing my expenses from raising 4 children warrants a ribbon of it's own.,1.2142857142857142,0.0464384831382255,98,79,17,2,not_evaluated,not_evaluated
That one is for frugality.,1.2142857142857142,0.0486510652699821,98,80,15,3,not_evaluated,not_evaluated
I always forget to use my extrabucks rewards if I don't keep my receipt handy.,1.2142857142857142,0.0507673082566809,98,81,13,4,not_evaluated,not_evaluated
"Yes, my wife’s grocery list is a lot like an endless war.",1.2142857142857142,0.0527987975559451,98,82,11,5,not_evaluated,not_evaluated
All ready for the ticker tape parade.,1.2142857142857142,0.0507673082566809,98,81,13,4,not_evaluated,not_evaluated
"They amputated my left arm and gave me this ""bill of honor.""",1.2142857142857142,0.0441150686325483,98,78,19,1,not_evaluated,not_evaluated
Why don't we step outside and I'll show you my vanity plates.,1.2142857142857142,0.0527987975559451,98,82,11,5,not_evaluated,not_evaluated
"Sure, everyone thanks me for my service, but is an additional 20% before tax too much to expect?",1.2142857142857142,0.0507673082566809,98,81,13,4,not_evaluated,not_evaluated
"Damn, that four-top just ordered another war.",1.2142857142857142,0.0486510652699821,98,80,15,3,not_evaluated,not_evaluated
It’s my bar tab.,1.2142857142857142,0.0486510652699821,98,80,15,3,not_evaluated,not_evaluated
And this one is for the CVS campaign.,1.2142857142857142,0.0507673082566809,98,81,13,4,not_evaluated,not_evaluated
So how long have you been decorating?,1.2142857142857142,0.0527987975559451,98,82,11,5,not_evaluated,not_evaluated
I was wounded in the Campaign of 2012.,1.2142857142857142,0.0464384831382255,98,79,17,2,not_evaluated,not_evaluated
Well...you could have had it e-mailed!,1.2142857142857142,0.0507673082566809,98,81,13,4,not_evaluated,not_evaluated
It's for bravery on Black Friday.,1.2142857142857142,0.0486510652699821,98,80,15,3,not_evaluated,not_evaluated
Hmm...is that a disclaimer?,1.2142857142857142,0.0486510652699821,98,80,15,3,not_evaluated,not_evaluated
Thank me for my service.,1.2142857142857142,0.0507673082566809,98,81,13,4,not_evaluated,not_evaluated
We aren't allowed to post on Twitter.,1.2142857142857142,0.0464384831382255,98,79,17,2,not_evaluated,not_evaluated
The bartender said he was keeping a running tab on me.,1.2142857142857142,0.0527987975559451,98,82,11,5,not_evaluated,not_evaluated
What language are you important in?,1.2142857142857142,0.0527987975559451,98,82,11,5,not_evaluated,not_evaluated
This one's the real transcript.,1.2142857142857142,0.0507673082566809,98,81,13,4,not_evaluated,not_evaluated
I won that one on a draw at the Px.,1.2142857142857142,0.0527987975559451,98,82,11,5,not_evaluated,not_evaluated
It's the only way my honey do list gets completed,1.2142857142857142,0.0507673082566809,98,81,13,4,not_evaluated,not_evaluated
And those are the ones from CVS.,1.2142857142857142,0.0486510652699821,98,80,15,3,not_evaluated,not_evaluated
It’s called “Extended Bona Fides.”,1.2142857142857142,0.0486510652699821,98,80,15,3,not_evaluated,not_evaluated
Of course the CVS medal is one of the most prestigious. Tomorrow I'm going to save 35¢ on soup.,1.2142857142857142,0.0464384831382255,98,79,17,2,not_evaluated,not_evaluated
It's for safely guiding my troops through hostile lines at CVS.,1.2142857142857142,0.0507673082566809,98,81,13,4,not_evaluated,not_evaluated
It's Eisenhower's fruit salad recipe,1.2142857142857142,0.0486510652699821,98,80,15,3,not_evaluated,not_evaluated
"No, it's not a receipt for purchased medals.",1.2142857142857142,0.0486510652699821,98,80,15,3,not_evaluated,not_evaluated
"Of course we all liked it better when our money came straight from Congress, but we really did do very well at the bake sale!",1.2142857142857142,0.0527987975559451,98,82,11,5,not_evaluated,not_evaluated
"No, ma’am, this is not my honey-do list.",1.2142857142857142,0.0486510652699821,98,80,15,3,not_evaluated,not_evaluated
I'd prefer the belt notch.,1.2142857142857142,0.0527987975559451,98,82,11,5,not_evaluated,not_evaluated
The receipt from CVS was too long for my pocket.,1.2142857142857142,0.0441150686325483,98,78,19,1,not_evaluated,not_evaluated
"So, the General shops at CVS?",1.2142857142857142,0.0464384831382255,98,79,17,2,not_evaluated,not_evaluated
"I got tired of carrying so many heavy metal pins, okay?",1.2142857142857142,0.0486510652699821,98,80,15,3,not_evaluated,not_evaluated
It reduces award-making costs.,1.2142857142857142,0.0507673082566809,98,81,13,4,not_evaluated,not_evaluated
This one commemorates my time in CVS.,1.2142857142857142,0.0464384831382255,98,79,17,2,not_evaluated,not_evaluated
Those are for surviving Tweets.,1.2142857142857142,0.0547549674374707,98,83,9,6,not_evaluated,not_evaluated
"Umm, Judy makes me wear that one. Honey-do list",1.2142857142857142,0.0486510652699821,98,80,15,3,not_evaluated,not_evaluated
Their weight was worsening my scoliosis.,1.2142857142857142,0.0507673082566809,98,81,13,4,not_evaluated,not_evaluated
I've got to give credit wherever I 'do.,1.2142857142857142,0.0486510652699821,98,80,15,3,not_evaluated,not_evaluated
This one?  My first deployment to CVS.,1.2142857142857142,0.0527987975559451,98,82,11,5,not_evaluated,not_evaluated
"Oooh, the CVS pharmacy medal for patience.",1.2142857142857142,0.0527987975559451,98,82,11,5,not_evaluated,not_evaluated
I am very proud of the white ribbon that I won at the state fair for pie baking.,1.2142857142857142,0.0347816367558749,98,82,14,2,not_evaluated,not_evaluated
"Madam, my medals are down there.",1.2142857142857142,0.0507673082566809,98,81,13,4,not_evaluated,not_evaluated
I find the list helps me keep track of whom I have to respect and who has to respect me..,1.2142857142857142,0.0441150686325483,98,78,19,1,not_evaluated,not_evaluated
I'll match my chest against yours any day!,1.2142857142857142,0.0441150686325483,98,78,19,1,not_evaluated,not_evaluated
All that for Christmas?,1.2142857142857142,0.0464384831382255,98,79,17,2,not_evaluated,not_evaluated
Running list of Commander-in-Chief personnel orders.,1.2142857142857142,0.0507673082566809,98,81,13,4,not_evaluated,not_evaluated
In lieu of a ticker tape parade.,1.2142857142857142,0.0507673082566809,98,81,13,4,not_evaluated,not_evaluated
You lost your arm in a power grab?,1.2142857142857142,0.0507673082566809,98,81,13,4,not_evaluated,not_evaluated
...anyway we lost a lot of good men in that CVS. A lot of good men.,1.2142857142857142,0.0486510652699821,98,80,15,3,not_evaluated,not_evaluated
"I don't mean to brag, but......",1.2142857142857142,0.0527987975559451,98,82,11,5,not_evaluated,not_evaluated
And that last one I got at CVS,1.2142857142857142,0.0486510652699821,98,80,15,3,not_evaluated,not_evaluated
"No, it is NOT a CVS receipt!",1.2142857142857142,0.0486510652699821,98,80,15,3,not_evaluated,not_evaluated
My shopping is also quite distinguished...,1.2142857142857142,0.0486510652699821,98,80,15,3,not_evaluated,not_evaluated
It's my resumé. I like people to know I'm qualified.,1.2142857142857142,0.0486510652699821,98,80,15,3,not_evaluated,not_evaluated
"I'm a four-star general, but I'm on sale for half-price this week.",1.2142857142857142,0.0486510652699821,98,80,15,3,not_evaluated,not_evaluated
"How impressive, you're keeping tract of the national debt.",1.2142857142857142,0.0507673082566809,98,81,13,4,not_evaluated,not_evaluated
"24/7, we can’t spend it fast enough.",1.2142857142857142,0.0527987975559451,98,82,11,5,not_evaluated,not_evaluated
I’ve received longer tapes at CVS.,1.2142857142857142,0.0527987975559451,98,82,11,5,not_evaluated,not_evaluated
"Excuse me sir, have you seen my name badge...Dollar General?",1.2142857142857142,0.0507673082566809,98,81,13,4,not_evaluated,not_evaluated
"Complete the survey at the bottom, and you’ll be entered for a chance to win the deployment of a full battalion to the trouble spot of your choice.",1.2142857142857142,0.0527987975559451,98,82,11,5,not_evaluated,not_evaluated
It’s a listing of all my commendations by Trump on Twitter,1.2142857142857142,0.0527987975559451,98,82,11,5,not_evaluated,not_evaluated
I started in the commissary.,1.2142857142857142,0.0527987975559451,98,82,11,5,not_evaluated,not_evaluated
And then there was the battle at CVS.,1.2142857142857142,0.0486510652699821,98,80,15,3,not_evaluated,not_evaluated
"So I said, ‘Why stop at ticker tape parades?’, and had this beauty installed last week.",1.2142857142857142,0.0464384831382255,98,79,17,2,not_evaluated,not_evaluated
"And that one, of course, was for testifying at his impeachment. 
Nice pearls, by the way.",1.2142857142857142,0.0464384831382255,98,79,17,2,not_evaluated,not_evaluated
...And this one I got the last time I went to CVS.,1.2142857142857142,0.0486510652699821,98,80,15,3,not_evaluated,not_evaluated
Purple prose,1.2142857142857142,0.0527987975559451,98,82,11,5,not_evaluated,not_evaluated
It’s for ‘The Honey-Do Campaign’.,1.2142857142857142,0.0507673082566809,98,81,13,4,not_evaluated,not_evaluated
"... and after I spent the $400, I told them what they could do with their free turkey.",1.2142857142857142,0.0464384831382255,98,79,17,2,not_evaluated,not_evaluated
And this one is for ten percent off for my next purchase at CVS.,1.2142857142857142,0.0486510652699821,98,80,15,3,not_evaluated,not_evaluated
"Regrets, I've had a few; The military is a cruel mistress; Tomorrow never comes; You seem like a nice girl.........; What's the next one say?",1.2142857142857142,0.0464384831382255,98,79,17,2,not_evaluated,not_evaluated
That's why it's called a military-industrial COMPLEX!,1.2142857142857142,0.0507673082566809,98,81,13,4,not_evaluated,not_evaluated
And these are just today's military discounts.,1.2142857142857142,0.0486510652699821,98,80,15,3,not_evaluated,not_evaluated
"After my testimony, Trump made me wear a disclaimer on my medals.",1.2142857142857142,0.0464384831382255,98,79,17,2,not_evaluated,not_evaluated
It's safer in case there's a lightning storm.,1.2142857142857142,0.0547549674374707,98,83,9,6,not_evaluated,not_evaluated
That one is for reading between the lines of the Commander in Chief's speech.,1.2142857142857142,0.0547549674374707,98,83,9,6,not_evaluated,not_evaluated
"Well, I earned this one at the battle of CVS. It's actually 2 yards long and goes all the way down my pant leg.",1.2142857142857142,0.0507673082566809,98,81,13,4,not_evaluated,not_evaluated
The list would be longer but my battery needs replacing.,1.2142857142857142,0.0464384831382255,98,79,17,2,not_evaluated,not_evaluated
"Wow, so that's what the our taxes pay for?",1.2142857142857142,0.0507673082566809,98,81,13,4,not_evaluated,not_evaluated
This one was for bravery on Black Friday 2018.,1.2142857142857142,0.0486510652699821,98,80,15,3,not_evaluated,not_evaluated
"CVS regiment, ma’am.”",1.2142857142857142,0.0507673082566809,98,81,13,4,not_evaluated,not_evaluated
"Madam these are all the personal conflicts I have served in, in the last three decades of service.",1.2142857142857142,0.0527987975559451,98,82,11,5,not_evaluated,not_evaluated
It’s a list of everything in this fruit salad!,1.2142857142857142,0.0464384831382255,98,79,17,2,not_evaluated,not_evaluated
"price list for the bake sale items. the new manned- drone
project needs funding fast!",1.2142857142857142,0.0464384831382255,98,79,17,2,not_evaluated,not_evaluated
Its my short form resignation letter.,1.2142857142857142,0.0441150686325483,98,78,19,1,not_evaluated,not_evaluated
"No, that's just my Honey Do List.",1.2142857142857142,0.0507673082566809,98,81,13,4,not_evaluated,not_evaluated
Its  a list of  my other achievements,1.2142857142857142,0.0486510652699821,98,80,15,3,not_evaluated,not_evaluated
Conspicuous valor.,1.2142857142857142,0.0507673082566809,98,81,13,4,not_evaluated,not_evaluated
"They thank me for my service, yet never offer a tip.",1.2142857142857142,0.0497204471999847,98,83,10,5,not_evaluated,not_evaluated
"Frankly Madam, I itemize everything.",1.2142857142857142,0.0441150686325483,98,78,19,1,not_evaluated,not_evaluated
"Wow, I’ve never seen them itemized before.",1.2135922330097086,0.0450278282651293,103,83,18,2,not_evaluated,not_evaluated
The Department felt that the actual receipts would be more impressive.,1.2135922330097086,0.0470942961235598,103,84,16,3,not_evaluated,not_evaluated
...and I get 15% off my next medal.,1.2135922330097086,0.0470942961235598,103,84,16,3,not_evaluated,not_evaluated
Is that as big as it gets?,1.2135922330097086,0.0450278282651293,103,83,18,2,not_evaluated,not_evaluated
Would you like your name to be added to this list of distinguished women I have conquered?,1.2135922330097086,0.0428618467774595,103,82,20,1,not_evaluated,not_evaluated
I’m an officer of the line item,1.2135922330097086,0.0490738233325375,103,85,14,4,not_evaluated,not_evaluated
My therapist says I have a military industrial complex.,1.2135922330097086,0.0450278282651293,103,83,18,2,not_evaluated,not_evaluated
"Yes, its a fax-- military appropriations for cell phones were used to pay for the wall.",1.2135922330097086,0.0490738233325375,103,85,14,4,not_evaluated,not_evaluated
"Can I take advantage of the 'Buy One, Get One Free' deal before it expires?",1.2135922330097086,0.0509765391682553,103,86,12,5,not_evaluated,not_evaluated
"Yes, I did just return from CVS, how did you know?",1.2135922330097086,0.0470942961235598,103,84,16,3,not_evaluated,not_evaluated
Talk is cheap but dry cleaning is expensive,1.2135922330097086,0.0470942961235598,103,84,16,3,not_evaluated,not_evaluated
That's for my service with the Paper Tigers.,1.2135922330097086,0.0470942961235598,103,84,16,3,not_evaluated,not_evaluated
"Oh, this? This isn't a medal. This is a just list of all the times I had a PTSD-related panic attack in the last month.",1.2135922330097086,0.0490738233325375,103,85,14,4,not_evaluated,not_evaluated
I like to give credit where credit is due.,1.2121212121212122,0.0502984850156807,99,82,13,4,not_evaluated,not_evaluated
I'm running a quick background check.,1.2083333333333333,0.0466337603281054,96,78,16,2,not_evaluated,not_evaluated
"Actually, I ordered a Czech uniform.",1.2083333333333333,0.0466337603281054,96,78,16,2,not_evaluated,not_evaluated
"That one, madam, is for latrine duty",1.2083333333333333,0.0532221978048754,96,81,10,5,not_evaluated,not_evaluated
The running tab of war crime pardons I need to discreetly countermand when I get home tonight...,1.2083333333333333,0.0532221978048754,96,81,10,5,not_evaluated,not_evaluated
We thought installing these would help us keep up with the chaotic commands. Didn't work.,1.2083333333333333,0.0532221978048754,96,81,10,5,not_evaluated,not_evaluated
That's my CVS ribbon of merit,1.2083333333333333,0.0532221978048754,96,81,10,5,not_evaluated,not_evaluated
"Black Friday shopping at Costco is no joke, let me tell you!",1.2083333333333333,0.0466337603281054,96,78,16,2,not_evaluated,not_evaluated
"That one?  Oh, that one’s just my bar tab.",1.2083333333333333,0.0511204860458823,96,80,12,4,not_evaluated,not_evaluated
"Excuse me sir, I'm just very impressed by the amount of tax you paid -- even less than mine!",1.2083333333333333,0.0532221978048754,96,81,10,5,not_evaluated,not_evaluated
Commander-In-Chief? Refresh my memory,1.2083333333333333,0.0489285790510333,96,79,14,3,not_evaluated,not_evaluated
General Lee speaking...,1.2083333333333333,0.0489285790510333,96,79,14,3,not_evaluated,not_evaluated
We all serve at the pleasure of the president. I just happen to dish up a bit more pleasure than the others.,1.2083333333333333,0.0442200108177864,96,77,18,1,not_evaluated,not_evaluated
This one's for bravery during the BOGO War of 2016.,1.2083333333333333,0.0511204860458823,96,80,12,4,not_evaluated,not_evaluated
"My list of approved titles for the president, after I called him Herr",1.2083333333333333,0.0489285790510333,96,79,14,3,not_evaluated,not_evaluated
"Yes Ma'am, this is a short list of the positions for which I'm being considered by the President.",1.2083333333333333,0.0466337603281054,96,78,16,2,not_evaluated,not_evaluated
It's the President's Twitter feed directed to the Army.,1.2083333333333333,0.0466337603281054,96,78,16,2,not_evaluated,not_evaluated
That's just the portion of the CVS receipt I couldn't quite shove in my pocket.,1.2083333333333333,0.0466337603281054,96,78,16,2,not_evaluated,not_evaluated
"I'm being sent to Saudi Arabia, 'invoice enclosed.'",1.2083333333333333,0.0532221978048754,96,81,10,5,not_evaluated,not_evaluated
It's a printout of my impeachment testimony. Saves time.,1.2083333333333333,0.0466337603281054,96,78,16,2,not_evaluated,not_evaluated
I received the CVS Honorable Discharge.,1.206896551724138,0.0520572008568323,87,72,12,3,not_evaluated,not_evaluated
"Yes ma’am, my many conquests.",1.2065217391304348,0.0451626658066878,92,74,17,1,not_evaluated,not_evaluated
"I'm still working on memorizing my ""oath of trump.""",1.2061855670103092,0.0506362956298672,97,81,12,4,not_evaluated,not_evaluated
It commemorates my service on Black Friday.,1.2043010752688172,0.0496814061693936,93,77,13,3,not_evaluated,not_evaluated
And this one was for the Battle of CVS.,1.2043010752688172,0.054182564542124,93,79,9,5,not_evaluated,not_evaluated
"I can see from my readout you're 32, single, employed as a teacher and have a dog named Doby.",1.2043010752688172,0.0496814061693936,93,77,13,3,not_evaluated,not_evaluated
I just like to keep tabs on the taxpayers’ money on my battles.,1.2043010752688172,0.0472703715690037,93,76,15,2,not_evaluated,not_evaluated
My first tour of duty was at a CVS.,1.2043010752688172,0.0472703715690037,93,76,15,2,not_evaluated,not_evaluated
I'm the Admiral of CVS.,1.2043010752688172,0.0496814061693936,93,77,13,3,not_evaluated,not_evaluated
It's my bill for services rendered.,1.2043010752688172,0.0447295644688732,93,75,17,1,not_evaluated,not_evaluated
That’s for single handedly capturing a bargain TV at the Black Friday sale.,1.2043010752688172,0.0519807292144392,93,78,11,4,not_evaluated,not_evaluated
That's my receipt from CVS for aspirin.,1.2043010752688172,0.0496814061693936,93,77,13,3,not_evaluated,not_evaluated
Thanks for shopping. Would you like your receipt?,1.2043010752688172,0.0472703715690037,93,76,15,2,not_evaluated,not_evaluated
"Mamm, procurement is hell.",1.2043010752688172,0.0519807292144392,93,78,11,4,not_evaluated,not_evaluated
"I give receipts, ma'am",1.2043010752688172,0.0496814061693936,93,77,13,3,not_evaluated,not_evaluated
Its an award for procurement with a star for value.,1.2043010752688172,0.0496814061693936,93,77,13,3,not_evaluated,not_evaluated
I see you’ve been to CVS.,1.2043010752688172,0.0496814061693936,93,77,13,3,not_evaluated,not_evaluated
General enlistment.,1.2043010752688172,0.0496814061693936,93,77,13,3,not_evaluated,not_evaluated
Sponsored by CVS.,1.2043010752688172,0.0519807292144392,93,78,11,4,not_evaluated,not_evaluated
In the 60’s I was briefly stationed at CVS.,1.2043010752688172,0.0472703715690037,93,76,15,2,not_evaluated,not_evaluated
When were you in CVS?,1.2043010752688172,0.0519807292144392,93,78,11,4,not_evaluated,not_evaluated
The eventual plan is to get it all on a small screen.,1.2043010752688172,0.0472703715690037,93,76,15,2,not_evaluated,not_evaluated
That's for one tour of duty in CVS.,1.2043010752688172,0.0472703715690037,93,76,15,2,not_evaluated,not_evaluated
"You’ll find that, in the long run, military service really can pay off.",1.2043010752688172,0.0496814061693936,93,77,13,3,not_evaluated,not_evaluated
ok boomer,1.2043010752688172,0.0519807292144392,93,78,11,4,not_evaluated,not_evaluated
Did you copy that?,1.2043010752688172,0.0519807292144392,93,78,11,4,not_evaluated,not_evaluated
I was an Eagle Scout: Always bring TP.,1.2043010752688172,0.054182564542124,93,79,9,5,not_evaluated,not_evaluated
A lot of Prell got spilled in Rite-Aid Valley,1.2043010752688172,0.0472703715690037,93,76,15,2,not_evaluated,not_evaluated
I work part time at CVS,1.2043010752688172,0.0496814061693936,93,77,13,3,not_evaluated,not_evaluated
That's right.  I spent over one hundred dollars at CVS.,1.2043010752688172,0.0519807292144392,93,78,11,4,not_evaluated,not_evaluated
CVS citation.,1.2043010752688172,0.0496814061693936,93,77,13,3,not_evaluated,not_evaluated
"If I have some spare time, would you like me to calculate your budget deficit?",1.2043010752688172,0.0447295644688732,93,75,17,1,not_evaluated,not_evaluated
"Yes, I do shop frequently at CVS. Why do you ask?",1.2043010752688172,0.0496814061693936,93,77,13,3,not_evaluated,not_evaluated
I see you've noticed the 'Shopped Correctly For My Spouse' badge,1.2043010752688172,0.0496814061693936,93,77,13,3,not_evaluated,not_evaluated
"Believe it or not, this entire receipt is from one thing I bought at CVS.",1.2043010752688172,0.0343888734932832,93,79,12,2,not_evaluated,not_evaluated
I got it for surviving self-checkout at CVS.,1.2043010752688172,0.0519807292144392,93,78,11,4,not_evaluated,not_evaluated
You should see my email signature...,1.2043010752688172,0.0472703715690037,93,76,15,2,not_evaluated,not_evaluated
I got my training at CVS.,1.2043010752688172,0.0472703715690037,93,76,15,2,not_evaluated,not_evaluated
My wife calls it the Distinguished Grocery Shopper award.,1.2043010752688172,0.054182564542124,93,79,9,5,not_evaluated,not_evaluated
"Here's your receipt, Ms. Taxpayer. Do you use a cash back card?",1.2043010752688172,0.0288437772161025,93,80,11,2,not_evaluated,not_evaluated
Oh that's just next week's invasion plans so I don't lose them.,1.2043010752688172,0.0472703715690037,93,76,15,2,not_evaluated,not_evaluated
What is your favorite dressing for all of that fruit salad?,1.2043010752688172,0.0496814061693936,93,77,13,3,not_evaluated,not_evaluated
I just received my new orders.,1.2043010752688172,0.0472703715690037,93,76,15,2,not_evaluated,not_evaluated
I'm getting a jump on the ticker tape parade.,1.2043010752688172,0.0496814061693936,93,77,13,3,not_evaluated,not_evaluated
I got that one for attaching original receipts.,1.2043010752688172,0.0519807292144392,93,78,11,4,not_evaluated,not_evaluated
I got that one for going to CVS.,1.2043010752688172,0.0447295644688732,93,75,17,1,not_evaluated,not_evaluated
That's for how much I saved the Pentagon by not going on junkets.,1.2043010752688172,0.0519807292144392,93,78,11,4,not_evaluated,not_evaluated
"Sorry, but I haven't finished processing yet.",1.2043010752688172,0.0519807292144392,93,78,11,4,not_evaluated,not_evaluated
Is that a receipt for your medals or are you just happy to see me?,1.2043010752688172,0.0519807292144392,93,78,11,4,not_evaluated,not_evaluated
Just read it off the printout.  I'm tired of answering the questions.,1.2043010752688172,0.0472703715690037,93,76,15,2,not_evaluated,not_evaluated
That medal is for keeping up with the President's tweets.,1.2043010752688172,0.0519807292144392,93,78,11,4,not_evaluated,not_evaluated
That is for Distinguished Action in the Black Friday Operation.,1.2043010752688172,0.0472703715690037,93,76,15,2,not_evaluated,not_evaluated
"It's for whenever someone says 'What do you want, a medal?'",1.2043010752688172,0.0496814061693936,93,77,13,3,not_evaluated,not_evaluated
Grrr. This darn printer...tickles...me.,1.2043010752688172,0.0472703715690037,93,76,15,2,not_evaluated,not_evaluated
General Accounts.  And yours?,1.2043010752688172,0.0472703715690037,93,76,15,2,not_evaluated,not_evaluated
It’s the bill for the estimated cost of me saving your ass since 9/11!,1.2043010752688172,0.0496814061693936,93,77,13,3,not_evaluated,not_evaluated
"It’s a ledger. I’m a general ledger, ok?",1.2043010752688172,0.054182564542124,93,79,9,5,not_evaluated,not_evaluated
"And the bottom one is a receipt from, ""Guns Are Us"".",1.2043010752688172,0.054182564542124,93,79,9,5,not_evaluated,not_evaluated
It saves time and in case I forget what they're for.,1.2043010752688172,0.0496814061693936,93,77,13,3,not_evaluated,not_evaluated
It’s the receipt from my purchase of the medals!,1.2043010752688172,0.0562983515838432,93,80,7,6,not_evaluated,not_evaluated
I guess CVS really does sell everything.,1.2043010752688172,0.0519807292144392,93,78,11,4,not_evaluated,not_evaluated
It's called a smart badge.  I hear the younger guys have ones with a digital readout.,1.2043010752688172,0.0472703715690037,93,76,15,2,not_evaluated,not_evaluated
I'm not actually in the Army. I've just driven a cab in New York City for 35 years.,1.2043010752688172,0.0472703715690037,93,76,15,2,not_evaluated,not_evaluated
It’s a receipt . . . don’t ask.,1.2043010752688172,0.0472703715690037,93,76,15,2,not_evaluated,not_evaluated
"Is says here that you ""cleaned the bathroom that one time"". Wow, thank you for your service.",1.2043010752688172,0.0496814061693936,93,77,13,3,not_evaluated,not_evaluated
You know what they say about the size of a man's CVS receipt......,1.2043010752688172,0.0472703715690037,93,76,15,2,not_evaluated,not_evaluated
Yes it is a shopping list.,1.2043010752688172,0.0496814061693936,93,77,13,3,not_evaluated,not_evaluated
"No Ma'am, that is not a medal, I stopped at the pharmacy on my way here.",1.2043010752688172,0.0496814061693936,93,77,13,3,not_evaluated,not_evaluated
The best thing when you are captured? You do not have to be sociable and pretend the wine is good.,1.2043010752688172,0.0472703715690037,93,76,15,2,not_evaluated,not_evaluated
"Wow, you survived in the great battle at CVS.",1.2043010752688172,0.0519807292144392,93,78,11,4,not_evaluated,not_evaluated
I see you served during operation bought-a-pack-of-gum-at-the-pharmacy.,1.2043010752688172,0.0496814061693936,93,77,13,3,not_evaluated,not_evaluated
"Actually, I got it all at Army Surplus. That’s the register tape.",1.2043010752688172,0.0447295644688732,93,75,17,1,not_evaluated,not_evaluated
"It was for the Walmart Campaign of '94.""",1.2043010752688172,0.054182564542124,93,79,9,5,not_evaluated,not_evaluated
"Yes, I earned the badges, but be sure to read the disclaimers.",1.2043010752688172,0.0472703715690037,93,76,15,2,not_evaluated,not_evaluated
Now it's your turn to list your accomplishments.,1.2043010752688172,0.0472703715690037,93,76,15,2,not_evaluated,not_evaluated
How else do you expect me to remember all these names?!,1.2043010752688172,0.0496814061693936,93,77,13,3,not_evaluated,not_evaluated
Short chest.,1.202127659574468,0.0491980697282263,94,78,13,3,not_evaluated,not_evaluated
Would you like to sponsor an invasion?,1.202127659574468,0.0468152695771182,94,77,15,2,not_evaluated,not_evaluated
Trump just asked me to take care of his laundry.,1.1978021978021978,0.0474496847317546,91,75,14,2,not_evaluated,not_evaluated
My wife insists that I wear a list of my past girlfriends whenever  I go to a party without her.,1.1978021978021978,0.0474496847317546,91,75,14,2,not_evaluated,not_evaluated
Its a list of the campaigns we cannot talk about.,1.1978021978021978,0.0474496847317546,91,75,14,2,not_evaluated,not_evaluated
That’s my receipt from Black Friday...scariest battle I’ve been in.,1.1978021978021978,0.044802592971196,91,74,16,1,not_evaluated,not_evaluated
I served in all the 'Stans,1.1978021978021978,0.052343796858304,91,77,10,4,not_evaluated,not_evaluated
"Oh, that one is a glowing review of my new tell-all book.",1.1978021978021978,0.0474496847317546,91,75,14,2,not_evaluated,not_evaluated
That one is for pulling my privates out of a Black Friday hell hole.,1.1978021978021978,0.0474496847317546,91,75,14,2,not_evaluated,not_evaluated
That one is for bringing the receipts to the impeachment hearing.,1.1978021978021978,0.052343796858304,91,77,10,4,not_evaluated,not_evaluated
"Cause I forgot the eggs last time, and she wont go one more day without em.",1.1978021978021978,0.052343796858304,91,77,10,4,not_evaluated,not_evaluated
The staff at the White House made this list for me so that the President could introduce me as the military man with the most bigly list of awards ever seen!,1.1978021978021978,0.0499567095127687,91,76,12,3,not_evaluated,not_evaluated
It's a list of all the men I killed. Impressed?,1.1978021978021978,0.0568178982182893,91,79,6,6,not_evaluated,not_evaluated
In case I ever want my heroism back.,1.1978021978021978,0.052343796858304,91,77,10,4,not_evaluated,not_evaluated
Sorry! I didn’t mean to laugh. I just didn’t think it’d be a CVS coupon.,1.1978021978021978,0.052343796858304,91,77,10,4,not_evaluated,not_evaluated
I got that from Saudi Arabia.,1.1978021978021978,0.0499567095127687,91,76,12,3,not_evaluated,not_evaluated
This is my general store list.,1.1978021978021978,0.052343796858304,91,77,10,4,not_evaluated,not_evaluated
"Ma'am, I earned this. The day: BlackFriday. The place: Target Superstore. The time: 5 A.M. I was first in and first out. War is hell.",1.1978021978021978,0.0499567095127687,91,76,12,3,not_evaluated,not_evaluated
The awards keep coming!,1.1978021978021978,0.0499567095127687,91,76,12,3,not_evaluated,not_evaluated
"I am a selfserviceman, ma'am. No need to thank me.",1.1978021978021978,0.0499567095127687,91,76,12,3,not_evaluated,not_evaluated
That one's for meritorious service in the commissary.,1.1978021978021978,0.0474496847317546,91,75,14,2,not_evaluated,not_evaluated
The death toll from Agent Orange has slowed down a bit. 20 years ago I had to replace the roll 3 times a day.,1.1978021978021978,0.0568178982182893,91,79,6,6,not_evaluated,not_evaluated
"Don’t worry, m’am, I’m unarmed. 

(Submitted by Denise & Hannah Kerlan —
Germantown, TN)",1.1978021978021978,0.044802592971196,91,74,16,1,not_evaluated,not_evaluated
That’s for my acts of contrition.,1.1978021978021978,0.0474496847317546,91,75,14,2,not_evaluated,not_evaluated
Lost my arm in a combat zone. Do you need your receipt?,1.1978021978021978,0.0499567095127687,91,76,12,3,not_evaluated,not_evaluated
It's a list of inane questions to which I do not respond.,1.1978021978021978,0.052343796858304,91,77,10,4,not_evaluated,not_evaluated
What happened to your arm?,1.1978021978021978,0.0474496847317546,91,75,14,2,not_evaluated,not_evaluated
And _that_ was for my tour of duty in Cub Foods.,1.1978021978021978,0.0499567095127687,91,76,12,3,not_evaluated,not_evaluated
It's a Cash Register Receipt  Ribbon for surviving Black Friday.,1.1978021978021978,0.0474496847317546,91,75,14,2,not_evaluated,not_evaluated
And this one's for shopping at CVS.,1.1978021978021978,0.0546266721825853,91,78,8,5,not_evaluated,not_evaluated
"After the budget cuts, they computerized the awarding process.",1.1978021978021978,0.0474496847317546,91,75,14,2,not_evaluated,not_evaluated
Trump coupons,1.1978021978021978,0.0499567095127687,91,76,12,3,not_evaluated,not_evaluated
Black Friday duty at the PX,1.1978021978021978,0.052343796858304,91,77,10,4,not_evaluated,not_evaluated
My wife worried I’d forget to pick up the groceries.,1.1978021978021978,0.0474496847317546,91,75,14,2,not_evaluated,not_evaluated
This is my wish list for Santa.,1.1978021978021978,0.0474496847317546,91,75,14,2,not_evaluated,not_evaluated
It’s a list of women I’ve known.,1.1978021978021978,0.044802592971196,91,74,16,1,not_evaluated,not_evaluated
Did the supermarket win the war?,1.1978021978021978,0.0499567095127687,91,76,12,3,not_evaluated,not_evaluated
It’s for the Tweeter-in-Chief.,1.1978021978021978,0.052343796858304,91,77,10,4,not_evaluated,not_evaluated
2018 Battle of CVS,1.1978021978021978,0.0499567095127687,91,76,12,3,not_evaluated,not_evaluated
Cost overruns in real time.,1.1978021978021978,0.0546266721825853,91,78,8,5,not_evaluated,not_evaluated
The ribbon is for kissing up under fire,1.1978021978021978,0.052343796858304,91,77,10,4,not_evaluated,not_evaluated
I got that one for successfully buying 74 items in a Whole Foods express lane.,1.1978021978021978,0.052343796858304,91,77,10,4,not_evaluated,not_evaluated
Well there’s nothing officially about Ukraine on there...,1.1978021978021978,0.0474496847317546,91,75,14,2,not_evaluated,not_evaluated
These too could be yours for the small price of a lifetime.,1.1978021978021978,0.0546266721825853,91,78,8,5,not_evaluated,not_evaluated
"It's called the MacArthur ribbon. ""I shall return.""",1.1978021978021978,0.0474496847317546,91,75,14,2,not_evaluated,not_evaluated
"Procurement is tough duty, ma'am.",1.1978021978021978,0.0499567095127687,91,76,12,3,not_evaluated,not_evaluated
"Oh, and that’s the human and financial cost of each of these wars",1.1978021978021978,0.0474496847317546,91,75,14,2,not_evaluated,not_evaluated
My wife’s shopping list.,1.1978021978021978,0.0474496847317546,91,75,14,2,not_evaluated,not_evaluated
My branch?  I’m with the Office of Management and Budget.,1.1978021978021978,0.052343796858304,91,77,10,4,not_evaluated,not_evaluated
The DSC’s on the right. This one’s CVS.,1.1978021978021978,0.0474496847317546,91,75,14,2,not_evaluated,not_evaluated
"Oh my, they did cost rather a lot, didn't they?",1.1978021978021978,0.0474496847317546,91,75,14,2,not_evaluated,not_evaluated
"Well, Ma’am, after I testify, they seldom remember to take their receipt",1.1978021978021978,0.0499567095127687,91,76,12,3,not_evaluated,not_evaluated
Suggested tip is on the bottom line.,1.1978021978021978,0.0499567095127687,91,76,12,3,not_evaluated,not_evaluated
Those are my Over-Budget Citations.  I would've never made General without them.,1.1978021978021978,0.0499567095127687,91,76,12,3,not_evaluated,not_evaluated
I received 4 stars from Michelin.  You can read the review.,1.1978021978021978,0.0474496847317546,91,75,14,2,not_evaluated,not_evaluated
No! It is not the list of people I killed.,1.1978021978021978,0.0474496847317546,91,75,14,2,not_evaluated,not_evaluated
I agree that it would be better to have your left arm than a list of pending military ribbons and medals.,1.1978021978021978,0.0474496847317546,91,75,14,2,not_evaluated,not_evaluated
Yes -it is my Honey Do  List.,1.1978021978021978,0.0499567095127687,91,76,12,3,not_evaluated,not_evaluated
The Capitalist-in-Chief ordered me to display the receipt alongside my trident pin.,1.1978021978021978,0.052343796858304,91,77,10,4,not_evaluated,not_evaluated
The receipt takes a couple of minutes to print.,1.1978021978021978,0.044802592971196,91,74,16,1,not_evaluated,not_evaluated
No Ma'am this is not a grocery list,1.1978021978021978,0.0474496847317546,91,75,14,2,not_evaluated,not_evaluated
And this one... this is a list of all my fellow soldiers I wished I could kill.,1.1978021978021978,0.0546266721825853,91,78,8,5,not_evaluated,not_evaluated
"Admiral CVS, is it?",1.1978021978021978,0.0568178982182893,91,79,6,6,not_evaluated,not_evaluated
Buy a dozen F-15’s and you get to fill them up with gas.,1.1978021978021978,0.052343796858304,91,77,10,4,not_evaluated,not_evaluated
I was rather strictly reminded of which oath takes precedence.,1.1978021978021978,0.0499567095127687,91,76,12,3,not_evaluated,not_evaluated
I's more cost efficient to just make a printout....,1.1978021978021978,0.0499567095127687,91,76,12,3,not_evaluated,not_evaluated
That's my CVS Special Forces Medal,1.1978021978021978,0.0499567095127687,91,76,12,3,not_evaluated,not_evaluated
Are you implying I should pick up the check?,1.1978021978021978,0.0474496847317546,91,75,14,2,not_evaluated,not_evaluated
"It stands for 'Courage, Valor, Service'.",1.1978021978021978,0.044802592971196,91,74,16,1,not_evaluated,not_evaluated
It's my bill of rights,1.1978021978021978,0.0546266721825853,91,78,8,5,not_evaluated,not_evaluated
Walmart was a just war.,1.1978021978021978,0.0499567095127687,91,76,12,3,not_evaluated,not_evaluated
Oh! Three more confirmed kills for a free lip balm!,1.1978021978021978,0.0499567095127687,91,76,12,3,not_evaluated,not_evaluated
It's always about him.,1.1978021978021978,0.0474496847317546,91,75,14,2,not_evaluated,not_evaluated
I see you are very proud of your divorce settlement.,1.1978021978021978,0.0546266721825853,91,78,8,5,not_evaluated,not_evaluated
"Trust me...I'm courageous, honorific, strategic, eccentric...purple, silver, bronze...everything except ""married.""",1.1978021978021978,0.0499567095127687,91,76,12,3,not_evaluated,not_evaluated
"Yes, I'm also a decorated holiday shopping veteran.",1.1978021978021978,0.052343796858304,91,77,10,4,not_evaluated,not_evaluated
War. It’s complicated. Why don’t we get outta here and I’ll give you the details?,1.1978021978021978,0.0499567095127687,91,76,12,3,not_evaluated,not_evaluated
"That's nothing, Sir. I've seen CVS receipts longer than that",1.1978021978021978,0.0474496847317546,91,75,14,2,not_evaluated,not_evaluated
This Administration medals with price tags,1.1978021978021978,0.0474496847317546,91,75,14,2,not_evaluated,not_evaluated
There are coupons on the back.,1.1978021978021978,0.044802592971196,91,74,16,1,not_evaluated,not_evaluated
You mean you killed all those people?,1.1978021978021978,0.0546266721825853,91,78,8,5,not_evaluated,not_evaluated
Service-related tweets.,1.1978021978021978,0.0499567095127687,91,76,12,3,not_evaluated,not_evaluated
That ones for milking the government above and beyond the call of duty.,1.1978021978021978,0.0499567095127687,91,76,12,3,not_evaluated,not_evaluated
Bribes paid,1.1978021978021978,0.0474496847317546,91,75,14,2,not_evaluated,not_evaluated
"As you can see by my receipt, I am a very savvy CVS shopper""",1.1978021978021978,0.0499567095127687,91,76,12,3,not_evaluated,not_evaluated
That one is a shopping list from my wife,1.1978021978021978,0.0499567095127687,91,76,12,3,not_evaluated,not_evaluated
"Nowadays, we get more bang for your buck.",1.1978021978021978,0.052343796858304,91,77,10,4,not_evaluated,not_evaluated
That one? It's from CVS. The Council for Veterans Services.,1.1978021978021978,0.0499567095127687,91,76,12,3,not_evaluated,not_evaluated
"Oh that? No, that's just my dry-cleaning invoice.",1.1978021978021978,0.0474496847317546,91,75,14,2,not_evaluated,not_evaluated
It's a list of all the times I charged on the battlefield.,1.1978021978021978,0.0474496847317546,91,75,14,2,not_evaluated,not_evaluated
And this ribbon I got fighting in Walmart on Black Friday.,1.1978021978021978,0.0474496847317546,91,75,14,2,not_evaluated,not_evaluated
Plus I got free delivery!,1.1978021978021978,0.044802592971196,91,74,16,1,not_evaluated,not_evaluated
"I am Loyal.
I will NOT testify in my uniform. 
I do NOT mind micromanagement. 
........
........",1.1978021978021978,0.0474496847317546,91,75,14,2,not_evaluated,not_evaluated
Your tax dollars at work.,1.1978021978021978,0.044802592971196,91,74,16,1,not_evaluated,not_evaluated
That one's for the Black Friday door opening at Walmart.,1.1978021978021978,0.0499567095127687,91,76,12,3,not_evaluated,not_evaluated
It's for distinguished service in the CVS campaign.,1.1978021978021978,0.0499567095127687,91,76,12,3,not_evaluated,not_evaluated
"The strange thing is that when anybody pulls on it, it keeps unreeling",1.1978021978021978,0.0474496847317546,91,75,14,2,not_evaluated,not_evaluated
"It's my ""to do"" list from the Commander in Chief. . . No, it's not from the President.",1.1978021978021978,0.0499567095127687,91,76,12,3,not_evaluated,not_evaluated
Don't tell anyone -- it's just a Duane Reade receipt.,1.1978021978021978,0.0499567095127687,91,76,12,3,not_evaluated,not_evaluated
Typewriter ribbon. Why?,1.1978021978021978,0.0546266721825853,91,78,8,5,not_evaluated,not_evaluated
"You're not just brave, you're expensive!",1.1978021978021978,0.0474496847317546,91,75,14,2,not_evaluated,not_evaluated
"The Congressional Medal of Honor, the Distinguished Service Cross, the Silver Star Medal and the shopping list I fulfilled completely accurately on the very first try, 14 years ago.",1.1978021978021978,0.0474496847317546,91,75,14,2,not_evaluated,not_evaluated
Purple heart prose.,1.1978021978021978,0.052343796858304,91,77,10,4,not_evaluated,not_evaluated
"Oh, it's just a very incomplete list of the regime-change wars I've supported.",1.1978021978021978,0.0474496847317546,91,75,14,2,not_evaluated,not_evaluated
"Yes, my dry cleaning bills are astounding.",1.1978021978021978,0.0474496847317546,91,75,14,2,not_evaluated,not_evaluated
This is the receipt I got for my service.,1.1978021978021978,0.0474496847317546,91,75,14,2,not_evaluated,not_evaluated
"Promo codes, straight up through the ranks...",1.1978021978021978,0.0499567095127687,91,76,12,3,not_evaluated,not_evaluated
"Receipts, in case the president tries to fire me.",1.1978021978021978,0.0474496847317546,91,75,14,2,not_evaluated,not_evaluated
It's a running tab of public schools who's federal funding was re-pruposed to pay for my retirement.,1.1978021978021978,0.052343796858304,91,77,10,4,not_evaluated,not_evaluated
It's for 'Meritorious Expenditures Beyond the Call of Duty'.,1.1978021978021978,0.0499567095127687,91,76,12,3,not_evaluated,not_evaluated
I awarded myself that one for doing the grocery shopping last week.,1.1978021978021978,0.0499567095127687,91,76,12,3,not_evaluated,not_evaluated
Oh that?  That’s my personal iStenographer.,1.1978021978021978,0.0474496847317546,91,75,14,2,not_evaluated,not_evaluated
"Yes, indeed. It represents Amazon Prime",1.1954022988505748,0.0512841783589433,87,73,11,3,not_evaluated,not_evaluated
Going to CVS was my personal Vietnam.,1.193181818181818,0.0481039521831209,88,73,13,2,not_evaluated,not_evaluated
It was for creating red tape at the Pentagon.,1.193181818181818,0.0453073635933749,88,72,15,1,not_evaluated,not_evaluated
That one came with some special caveats agreed to by my attorneys.,1.193181818181818,0.0481039521831209,88,73,13,2,not_evaluated,not_evaluated
Would you like your receipt?,1.193181818181818,0.042326400460334,88,71,17,0,not_evaluated,not_evaluated
"Oh, you mean my list of achievements.",1.193181818181818,0.0481039521831209,88,73,13,2,not_evaluated,not_evaluated
What you don't understand dear girl is that I just saved 287 dollars at Grocery Outlet.,1.193181818181818,0.0481039521831209,88,73,13,2,not_evaluated,not_evaluated
My attorney advised me to.,1.193181818181818,0.0556568888386434,88,76,7,5,not_evaluated,not_evaluated
You put um’ in your cart and before you know it,1.193181818181818,0.0481039521831209,88,73,13,2,not_evaluated,not_evaluated
Its' the cost of my arm.....and a leg.,1.193181818181818,0.0507466573824295,88,74,11,3,not_evaluated,not_evaluated
I hesitate to tell you where the ATM is!,1.193181818181818,0.0481039521831209,88,73,13,2,not_evaluated,not_evaluated
They’re naming opportunities ma’am.  At your giving level you could name one tank or four grenade launchers.,1.193181818181818,0.0481039521831209,88,73,13,2,not_evaluated,not_evaluated
...and I got this one for saving 51% off everyday retail prices.,1.193181818181818,0.0507466573824295,88,74,11,3,not_evaluated,not_evaluated
Do you get to name the new countries?,1.193181818181818,0.0481039521831209,88,73,13,2,not_evaluated,not_evaluated
I lost a lot of good men to that BOGO,1.193181818181818,0.0507466573824295,88,74,11,3,not_evaluated,not_evaluated
"If I keep all the tags, I can return it.",1.193181818181818,0.0507466573824295,88,74,11,3,not_evaluated,not_evaluated
"It’s a new, sponsored award for courage, values, and service.",1.193181818181818,0.0507466573824295,88,74,11,3,not_evaluated,not_evaluated
I fought in two wars but distinguished myself in procurements.,1.193181818181818,0.0481039521831209,88,73,13,2,not_evaluated,not_evaluated
This way I can still deny it for 48 hours.,1.193181818181818,0.0481039521831209,88,73,13,2,not_evaluated,not_evaluated
"That one's for my tour of duty at the supermarket.""",1.193181818181818,0.0507466573824295,88,74,11,3,not_evaluated,not_evaluated
"General Giuliani, I presume?",1.193181818181818,0.0532583914077716,88,75,9,4,not_evaluated,not_evaluated
What's this ticket for?,1.193181818181818,0.0481039521831209,88,73,13,2,not_evaluated,not_evaluated
That's just the price I had to pay for all these medals.,1.193181818181818,0.0532583914077716,88,75,9,4,not_evaluated,not_evaluated
It includes my honorable mentions.,1.193181818181818,0.0481039521831209,88,73,13,2,not_evaluated,not_evaluated
It's for waiting in the checkout line at CVS,1.193181818181818,0.0507466573824295,88,74,11,3,not_evaluated,not_evaluated
Logistical Ribbon of Honor.,1.193181818181818,0.0507466573824295,88,74,11,3,not_evaluated,not_evaluated
"iI that your dance card? Or, a list of who to stop from testifying?",1.193181818181818,0.0481039521831209,88,73,13,2,not_evaluated,not_evaluated
"I notice you shop at ""Armor All"", too.",1.193181818181818,0.0507466573824295,88,74,11,3,not_evaluated,not_evaluated
It's for my Walmart campaign.,1.193181818181818,0.0356238422439403,88,74,13,1,not_evaluated,not_evaluated
It's for heading a big ticket procurement.,1.193181818181818,0.0453073635933749,88,72,15,1,not_evaluated,not_evaluated
More medals would ruin the drape of the uniform,1.193181818181818,0.0453073635933749,88,72,15,1,not_evaluated,not_evaluated
And this one is for ignoring trump's lies.,1.193181818181818,0.0481039521831209,88,73,13,2,not_evaluated,not_evaluated
It was the siege of CVS.,1.193181818181818,0.0507466573824295,88,74,11,3,not_evaluated,not_evaluated
Your looking at my chest gives me a chance to look at YOUR chest.,1.193181818181818,0.0532583914077716,88,75,9,4,not_evaluated,not_evaluated
I stopped at CVS on the way.,1.193181818181818,0.0481039521831209,88,73,13,2,not_evaluated,not_evaluated
Great nations need great bookkeepers.,1.193181818181818,0.0453073635933749,88,72,15,1,not_evaluated,not_evaluated
I find it is easier than updating myself on FaceBook.,1.193181818181818,0.0507466573824295,88,74,11,3,not_evaluated,not_evaluated
"It's just a running tab, in case this doesn't work out.",1.193181818181818,0.0507466573824295,88,74,11,3,not_evaluated,not_evaluated
That one's for bravery during Black Friday.,1.193181818181818,0.0556568888386434,88,76,7,5,not_evaluated,not_evaluated
"Yes, I come from good stock.",1.193181818181818,0.0481039521831209,88,73,13,2,not_evaluated,not_evaluated
"Yes, in spite of appearances, I'm more popular than you might think, so it will be a long wait before we can Cha Cha Cha.",1.193181818181818,0.0507466573824295,88,74,11,3,not_evaluated,not_evaluated
And this is just the cost of the last day in Syria.,1.193181818181818,0.0532583914077716,88,75,9,4,not_evaluated,not_evaluated
"That one's a Get out of Trouble Free card, courtesy of the Commander-in-Chief.",1.186046511627907,0.0536279627403627,86,74,8,4,not_evaluated,not_evaluated
The printout is in case we lose our Twitter feed.,1.186046511627907,0.0482572560890765,86,72,12,2,not_evaluated,not_evaluated
I'm highly decorated with red flags.,1.186046511627907,0.0510133372410021,86,73,10,3,not_evaluated,not_evaluated
"And right below, that's the current administration's Order of the Rap Sheet",1.186046511627907,0.0510133372410021,86,73,10,3,not_evaluated,not_evaluated
I got this one for winning the budget battle with Congress.,1.186046511627907,0.0510133372410021,86,73,10,3,not_evaluated,not_evaluated
They're approved talking points for civilians...prepare to engage.,1.186046511627907,0.0482572560890765,86,72,12,2,not_evaluated,not_evaluated
It's my Honor Roll of Congressional Hearings,1.186046511627907,0.0510133372410021,86,73,10,3,not_evaluated,not_evaluated
I may exchange it for a purple kidney if I need one.,1.186046511627907,0.0453339271851579,86,71,14,1,not_evaluated,not_evaluated
It's the Receipt of Honor for buying beers for the base.,1.186046511627907,0.0482572560890765,86,72,12,2,not_evaluated,not_evaluated
I got it for putting the toilet paper roll on correctly.,1.186046511627907,0.0482572560890765,86,72,12,2,not_evaluated,not_evaluated
They told me I'd pay a price,1.186046511627907,0.0482572560890765,86,72,12,2,not_evaluated,not_evaluated
I survived Black Friday,1.186046511627907,0.0482572560890765,86,72,12,2,not_evaluated,not_evaluated
"No, that's not my Naval record. It is my best golf score card. I birdied 16 out of 18 holes.",1.186046511627907,0.0453339271851579,86,71,14,1,not_evaluated,not_evaluated
The heaviest hand to hand combat was Macy's Black Friday.,1.186046511627907,0.0351336237865761,86,73,12,1,not_evaluated,not_evaluated
My commendations are still being tabulated.,1.186046511627907,0.0453339271851579,86,71,14,1,not_evaluated,not_evaluated
"It's my shopping list. Drones, tanks, missiles--you know, the cool stuff.",1.186046511627907,0.042208614556885,86,75,8,3,not_evaluated,not_evaluated
"It’s the paperwork—name, date, service number and color code.",1.186046511627907,0.0453339271851579,86,71,14,1,not_evaluated,not_evaluated
That one's for surviving Black Friday.,1.186046511627907,0.0482572560890765,86,72,12,2,not_evaluated,not_evaluated
"I'm saving all the dirt for my upcoming book, ""Courage.""",1.186046511627907,0.0453339271851579,86,71,14,1,not_evaluated,not_evaluated
You could call it my chest enhancement.,1.186046511627907,0.0482572560890765,86,72,12,2,not_evaluated,not_evaluated
...and those are for my other duties at Ralph's grocery chain,1.186046511627907,0.0536279627403627,86,74,8,4,not_evaluated,not_evaluated
They ran out of ribbons,1.186046511627907,0.0482572560890765,86,72,12,2,not_evaluated,not_evaluated
We defended a CVS...,1.186046511627907,0.0510133372410021,86,73,10,3,not_evaluated,not_evaluated
I’m in purchasing so the other two copies are at the pentagon.,1.186046511627907,0.0453339271851579,86,71,14,1,not_evaluated,not_evaluated
You saved 10 billion on invasion and 20 billion on weapons and don't forget your receipt for 10 cents off a gallon of gas. Thank you for shopping the United State of America.,1.186046511627907,0.0453339271851579,86,71,14,1,not_evaluated,not_evaluated
We stopped at CVS on the way too.,1.186046511627907,0.0482572560890765,86,72,12,2,not_evaluated,not_evaluated
For my active time at Trader Joes.,1.186046511627907,0.0453339271851579,86,71,14,1,not_evaluated,not_evaluated
And I was awarded this one for shopping at Costco on the day before Thanksgiving.,1.186046511627907,0.0453339271851579,86,71,14,1,not_evaluated,not_evaluated
It's a Black Friday shopping receipt - roughest assignment I ever got.,1.186046511627907,0.0453339271851579,86,71,14,1,not_evaluated,not_evaluated
"Yes, indeed, you and all women are equal to men, and it would be my honor to add you to my list.",1.186046511627907,0.0437991557957507,86,73,11,2,not_evaluated,not_evaluated
I served five long years as the Chief Accounting Officer.,1.186046511627907,0.0510133372410021,86,73,10,3,not_evaluated,not_evaluated
This is what happens if we refuse to accept cookies.,1.186046511627907,0.0510133372410021,86,73,10,3,not_evaluated,not_evaluated
My Ernie Pyles are hurting.,1.186046511627907,0.0536279627403627,86,74,8,4,not_evaluated,not_evaluated
"Oh, that one's for managing the base Exchange.",1.186046511627907,0.0510133372410021,86,73,10,3,not_evaluated,not_evaluated
"I'm not a Billionaire!""",1.186046511627907,0.0510133372410021,86,73,10,3,not_evaluated,not_evaluated
It's the bill for my lunch with the President...,1.186046511627907,0.0536279627403627,86,74,8,4,not_evaluated,not_evaluated
"It's for the time I shopped, with valor, at CVS.",1.186046511627907,0.0482572560890765,86,72,12,2,not_evaluated,not_evaluated
The metals are for various foreign military campaigns I was in. The paper is for the list of Trump officials I battled over releasing military aid to Ukraine.,1.186046511627907,0.0482572560890765,86,72,12,2,not_evaluated,not_evaluated
I’ve always prefer fighting à la carte,1.186046511627907,0.0510133372410021,86,73,10,3,not_evaluated,not_evaluated
"Unfortunately, it's my wife's Black Friday shopping list reminder.",1.186046511627907,0.0510133372410021,86,73,10,3,not_evaluated,not_evaluated
Just since I started buying my medals at CVS.,1.186046511627907,0.0482572560890765,86,72,12,2,not_evaluated,not_evaluated
"Hold on, I think I need a new roll.",1.186046511627907,0.0453339271851579,86,71,14,1,not_evaluated,not_evaluated
It’s for courage at the check-out line.,1.186046511627907,0.0482572560890765,86,72,12,2,not_evaluated,not_evaluated
I got cashiered but they let me keep the uniform.,1.186046511627907,0.0482572560890765,86,72,12,2,not_evaluated,not_evaluated
"For a CVS receipt, it's not very long.",1.186046511627907,0.0510133372410021,86,73,10,3,not_evaluated,not_evaluated
A list of groceries to bring home to the Commander-in-Chief,1.186046511627907,0.0453339271851579,86,71,14,1,not_evaluated,not_evaluated
'My citation in Ukrainian with a medal pending',1.186046511627907,0.0536279627403627,86,74,8,4,not_evaluated,not_evaluated
You are a costly waiter!,1.186046511627907,0.0482572560890765,86,72,12,2,not_evaluated,not_evaluated
"It's the new ""digital souvenir""  recognition program. No metals, but you can print the receipt.",1.186046511627907,0.0510133372410021,86,73,10,3,not_evaluated,not_evaluated
It's the Whole Foods Citation of Valor,1.186046511627907,0.0482572560890765,86,72,12,2,not_evaluated,not_evaluated
"C-ommander, V-ice S-ergeant. How did you guess?",1.186046511627907,0.0510133372410021,86,73,10,3,not_evaluated,not_evaluated
It’s the receipt from my last campaign.,1.186046511627907,0.0536279627403627,86,74,8,4,not_evaluated,not_evaluated
Are you sure you'll have a job when they bring back all our troops from overseas?,1.186046511627907,0.0482572560890765,86,72,12,2,not_evaluated,not_evaluated
It saves having to recite my commendations when people ask.,1.186046511627907,0.0453339271851579,86,71,14,1,not_evaluated,not_evaluated
It's okay - they've started making them without BPA,1.186046511627907,0.0510133372410021,86,73,10,3,not_evaluated,not_evaluated
And that there is the wife's shopping list.,1.186046511627907,0.0482572560890765,86,72,12,2,not_evaluated,not_evaluated
I refuse to retire until I complete the set.,1.186046511627907,0.0536279627403627,86,74,8,4,not_evaluated,not_evaluated
You're reading that correctly. I'm in the public sector of the NCVS.,1.186046511627907,0.0482572560890765,86,72,12,2,not_evaluated,not_evaluated
That’s for the wine and  this conversation.,1.186046511627907,0.0453339271851579,86,71,14,1,not_evaluated,not_evaluated
That one's for surviving the horror of black Friday.,1.186046511627907,0.0510133372410021,86,73,10,3,not_evaluated,not_evaluated
"Oh honey, a hero's return never requires a receipt.",1.186046511627907,0.0482572560890765,86,72,12,2,not_evaluated,not_evaluated
I’m afraid that was after I was cashiered.,1.186046511627907,0.0482572560890765,86,72,12,2,not_evaluated,not_evaluated
They are the new Banksy medals; they keep a running tab of the cost of operations.,1.186046511627907,0.0482572560890765,86,72,12,2,not_evaluated,not_evaluated
It's my list of approved titles with which you may address me.,1.186046511627907,0.0536279627403627,86,74,8,4,not_evaluated,not_evaluated
Those are all the anti-military executive orders I've survived.,1.186046511627907,0.0482572560890765,86,72,12,2,not_evaluated,not_evaluated
I’m a veteran of pharmacy wars.,1.186046511627907,0.0510133372410021,86,73,10,3,not_evaluated,not_evaluated
"Yes, I am an ATM",1.186046511627907,0.0482572560890765,86,72,12,2,not_evaluated,not_evaluated
I work for CVS now.,1.186046511627907,0.0482572560890765,86,72,12,2,not_evaluated,not_evaluated
You ain't seen nothing yet--wait 'till I blow the whistle !,1.186046511627907,0.0510133372410021,86,73,10,3,not_evaluated,not_evaluated
"I served in Afghanistan, Iraq, and CVS.",1.186046511627907,0.0482572560890765,86,72,12,2,not_evaluated,not_evaluated
What did you have to do to earn that receipt?,1.186046511627907,0.0482572560890765,86,72,12,2,not_evaluated,not_evaluated
Is that the list of times you had to force yourself not to write a tell-all book?,1.186046511627907,0.0510133372410021,86,73,10,3,not_evaluated,not_evaluated
It's for my service checking people out at Costco,1.186046511627907,0.0510133372410021,86,73,10,3,not_evaluated,not_evaluated
These days you just have to document everything.,1.186046511627907,0.042208614556885,86,70,16,0,not_evaluated,not_evaluated
It's printing a receipt of all the war crimes your donations helped paid for.,1.186046511627907,0.0482572560890765,86,72,12,2,not_evaluated,not_evaluated
It was in the same aisle as the bone spurs medication.,1.186046511627907,0.0536279627403627,86,74,8,4,not_evaluated,not_evaluated
Oh that one is just a receipt from Black Friday. It was quite a battle.,1.186046511627907,0.0482572560890765,86,72,12,2,not_evaluated,not_evaluated
The President promised to pardon me for my unpaid tab.,1.186046511627907,0.0482572560890765,86,72,12,2,not_evaluated,not_evaluated
I earned that one by surviving Black Friday guarding a Big Box Store!,1.186046511627907,0.0536279627403627,86,74,8,4,not_evaluated,not_evaluated
It’s for the ‘13 Black Friday op at CVS.,1.186046511627907,0.0510133372410021,86,73,10,3,not_evaluated,not_evaluated
2 Ply Decoration earned at the Battle of the Outhouse,1.186046511627907,0.0482572560890765,86,72,12,2,not_evaluated,not_evaluated
My is that the check wait no it's Americas war bill,1.186046511627907,0.0482572560890765,86,72,12,2,not_evaluated,not_evaluated
They called my battalion the Fighting CVS's.,1.186046511627907,0.0510133372410021,86,73,10,3,not_evaluated,not_evaluated
"No, it's an actual list of my laundry.",1.1839080459770115,0.0504688936943949,87,74,10,3,not_evaluated,not_evaluated
I see you were served. How long were you at the front of the lines?,1.180722891566265,0.0458202364458721,83,69,13,1,not_evaluated,not_evaluated
I was also captain of my little league team.,1.180722891566265,0.0458202364458721,83,69,13,1,not_evaluated,not_evaluated
You act like you've never seen a grocery store receipt before?,1.180722891566265,0.0489219013145031,83,70,11,2,not_evaluated,not_evaluated
Saves you the trouble of using a bar code reader,1.180722891566265,0.0489219013145031,83,70,11,2,not_evaluated,not_evaluated
"They make us wear our war crimes now,too.",1.180722891566265,0.0489219013145031,83,70,11,2,not_evaluated,not_evaluated
Where are the coupons?,1.180722891566265,0.0489219013145031,83,70,11,2,not_evaluated,not_evaluated
"Let's try this, it's brand new... Hey Google, list the ingredients for a Shanghai Cocktail.",1.180722891566265,0.0441878364238447,83,71,10,2,not_evaluated,not_evaluated
You wouldn't believe the paperwork that goes with the perks.,1.180722891566265,0.0489219013145031,83,70,11,2,not_evaluated,not_evaluated
Valor ain't cheap.,1.180722891566265,0.0518383139048361,83,71,9,3,not_evaluated,not_evaluated
I am an enlisted man.,1.180722891566265,0.0518383139048361,83,71,9,3,not_evaluated,not_evaluated
"Oh, I got this one at CVS.",1.180722891566265,0.0489219013145031,83,70,11,2,not_evaluated,not_evaluated
"When you said you were being honored by CVS, I thought you were referring to the Company of Veteran Soldiers.",1.180722891566265,0.0518383139048361,83,71,9,3,not_evaluated,not_evaluated
"The future war decorations are on consignment until we can get Google and that Facebook kid back in power.""",1.180722891566265,0.0518383139048361,83,71,9,3,not_evaluated,not_evaluated
That last one's for the best ever check out at Walmart.,1.180722891566265,0.0489219013145031,83,70,11,2,not_evaluated,not_evaluated
It's part of the new austerity program.,1.180722891566265,0.0489219013145031,83,70,11,2,not_evaluated,not_evaluated
That one was for my heroism at a CVS.,1.180722891566265,0.0489219013145031,83,70,11,2,not_evaluated,not_evaluated
I don't leave home without it.,1.180722891566265,0.0518383139048361,83,71,9,3,not_evaluated,not_evaluated
I brought the receipts.,1.180722891566265,0.0518383139048361,83,71,9,3,not_evaluated,not_evaluated
What's the pink one with the little heart?,1.180722891566265,0.0489219013145031,83,70,11,2,not_evaluated,not_evaluated
My wife is a 5 star general.... she gave me the list of weapons to procure,1.180722891566265,0.0545991680226602,83,72,7,4,not_evaluated,not_evaluated
I served at a CVS for three minutes.,1.180722891566265,0.0518383139048361,83,71,9,3,not_evaluated,not_evaluated
I thought I would show off your Bloomingdale's receipt!,1.180722891566265,0.0424927724170273,83,68,15,0,not_evaluated,not_evaluated
It's for note taking on a telephone call when the doofus sitting next to me was making the call.,1.180722891566265,0.0489219013145031,83,70,11,2,not_evaluated,not_evaluated
My wife insists I wear my to do list with honor.,1.180722891566265,0.0518383139048361,83,71,9,3,not_evaluated,not_evaluated
Grrr...now speaking to Number 62. Ten-hut!,1.180722891566265,0.0518383139048361,83,71,9,3,not_evaluated,not_evaluated
I don't like to talk about my medals.,1.180722891566265,0.0424927724170273,83,68,15,0,not_evaluated,not_evaluated
It’s a readout of my heroic deeds.,1.180722891566265,0.0458202364458721,83,69,13,1,not_evaluated,not_evaluated
Yes it's my CVS receipt. Your point?,1.180722891566265,0.0518383139048361,83,71,9,3,not_evaluated,not_evaluated
And I bought everything on that grocery list for only $38.72.,1.180722891566265,0.0518383139048361,83,71,9,3,not_evaluated,not_evaluated
It’s the sales receipt from the PX.,1.180722891566265,0.0489219013145031,83,70,11,2,not_evaluated,not_evaluated
"It’s quite an honor roll you’ve got there, General.",1.180722891566265,0.0489219013145031,83,70,11,2,not_evaluated,not_evaluated
My accountant said I should keep all of my receipts.,1.180722891566265,0.0489219013145031,83,70,11,2,not_evaluated,not_evaluated
The name is Motors... General Motors.,1.180722891566265,0.0489219013145031,83,70,11,2,not_evaluated,not_evaluated
Patents pending...,1.180722891566265,0.0545991680226602,83,72,7,4,not_evaluated,not_evaluated
"Actually, it's my grocery list.",1.180722891566265,0.0458202364458721,83,69,13,1,not_evaluated,not_evaluated
It's your receipt for the tax you paid for national defense.,1.180722891566265,0.0518383139048361,83,71,9,3,not_evaluated,not_evaluated
Think the Rooskies have a pocket fax? I think not.,1.180722891566265,0.0458202364458721,83,69,13,1,not_evaluated,not_evaluated
"The DMZ? No, this is from my service in the CVS.",1.180722891566265,0.0518383139048361,83,71,9,3,not_evaluated,not_evaluated
On the back there are coupons for more medals!,1.180722891566265,0.0458202364458721,83,69,13,1,not_evaluated,not_evaluated
I got a taste of real combat during my CVS deployment.,1.180722891566265,0.0489219013145031,83,70,11,2,not_evaluated,not_evaluated
Honey? Why do you have 25 cans of whipped cream on our shopping list?,1.180722891566265,0.0545991680226602,83,72,7,4,not_evaluated,not_evaluated
I received this for bravery at the Battle of CVS,1.180722891566265,0.0518383139048361,83,71,9,3,not_evaluated,not_evaluated
"Because I was good for goodness' sake.  Also, he sees you when you're sleeping.",1.180722891566265,0.0518383139048361,83,71,9,3,not_evaluated,not_evaluated
We called it Black Friday... I saved my platoon... an awful lot of money.,1.180722891566265,0.0489219013145031,83,70,11,2,not_evaluated,not_evaluated
I'm programmed to keep my eyes on your face but my hard drive is in the gutter. Whir-r-r-r. Click.,1.180722891566265,0.0388815810817272,83,72,9,2,not_evaluated,not_evaluated
And at this point we're ready for a ticker-tape parade.,1.180722891566265,0.0458202364458721,83,69,13,1,not_evaluated,not_evaluated
It's a new Trump accountability directive for monitoring all military personnel....,1.180722891566265,0.0458202364458721,83,69,13,1,not_evaluated,not_evaluated
"Battle of Walmart Friday 2018, We came we saw we got a flat screen",1.180722891566265,0.0424927724170273,83,68,15,0,not_evaluated,not_evaluated
I think there is a whistle blower in your pocket.,1.180722891566265,0.0489219013145031,83,70,11,2,not_evaluated,not_evaluated
That one's for valor at CVS.,1.180722891566265,0.0489219013145031,83,70,11,2,not_evaluated,not_evaluated
I oversee finger food. That's an order.,1.180722891566265,0.0458202364458721,83,69,13,1,not_evaluated,not_evaluated
"NO, THAT'S MY RECEIPT FROM COSTCO.",1.180722891566265,0.0518383139048361,83,71,9,3,not_evaluated,not_evaluated
It is General Motors,1.180722891566265,0.0458202364458721,83,69,13,1,not_evaluated,not_evaluated
"...my son wears his allergies on a dog tag.""",1.180722891566265,0.0458202364458721,83,69,13,1,not_evaluated,not_evaluated
That was for my first tour dining with civilians.,1.180722891566265,0.0489219013145031,83,70,11,2,not_evaluated,not_evaluated
''I'ts my to do list badge. Not many people get it.'',1.180722891566265,0.0489219013145031,83,70,11,2,not_evaluated,not_evaluated
"Oh, that? I got that for saving big bucks on Cyber Monday.",1.180722891566265,0.0545991680226602,83,72,7,4,not_evaluated,not_evaluated
"So much courage, so much cash.",1.180722891566265,0.0545991680226602,83,72,7,4,not_evaluated,not_evaluated
"I'm decorated, but at the last minute.",1.180722891566265,0.0424927724170273,83,68,15,0,not_evaluated,not_evaluated
Did the president give you that ticket?,1.180722891566265,0.0458202364458721,83,69,13,1,not_evaluated,not_evaluated
"Yes, I realize it's not like the others. What do you want, a medal?",1.180722891566265,0.0545991680226602,83,72,7,4,not_evaluated,not_evaluated
It's for bravery at the PX.,1.180722891566265,0.0458202364458721,83,69,13,1,not_evaluated,not_evaluated
"Er, no, Military conquests",1.180722891566265,0.0518383139048361,83,71,9,3,not_evaluated,not_evaluated
It’s a cheat sheet for my deposition.,1.180722891566265,0.0518383139048361,83,71,9,3,not_evaluated,not_evaluated
That's a special commendation for privatizing the armed forces.,1.180722891566265,0.0518383139048361,83,71,9,3,not_evaluated,not_evaluated
He wants everyone to know how the stock market is doing.,1.180722891566265,0.0489219013145031,83,70,11,2,not_evaluated,not_evaluated
That's what I charge for appearing on talk shows and commenting on the US military strategy in the Middle East,1.180722891566265,0.0518383139048361,83,71,9,3,not_evaluated,not_evaluated
We all pay for our awards in one way or another.,1.180722891566265,0.0518383139048361,83,71,9,3,not_evaluated,not_evaluated
Is that instead of a ticker-tape parade?,1.180722891566265,0.0545991680226602,83,72,7,4,not_evaluated,not_evaluated
"'""Note from your mommy?",1.180722891566265,0.0489219013145031,83,70,11,2,not_evaluated,not_evaluated
I got the last one for shopping on Black Friday.,1.180722891566265,0.0518383139048361,83,71,9,3,not_evaluated,not_evaluated
The long one?  It’s for surviving Black Friday shopping at the mall.,1.180722891566265,0.0489219013145031,83,70,11,2,not_evaluated,not_evaluated
I stopped at CVS.,1.180722891566265,0.0518383139048361,83,71,9,3,not_evaluated,not_evaluated
That ribbon is for my 'Personal Grudges' .,1.180722891566265,0.0441878364238447,83,71,10,2,not_evaluated,not_evaluated
"Yes, I shop at CVS, and I'm proud of it",1.180722891566265,0.0545991680226602,83,72,7,4,not_evaluated,not_evaluated
"""""Modern military security. I'm in constant communication with the Commander-in-Chief, but Tweeted orders can't be overheard.""",1.180722891566265,0.0458202364458721,83,69,13,1,not_evaluated,not_evaluated
"That one was from a battle of CVS in 1982.""",1.180722891566265,0.0518383139048361,83,71,9,3,not_evaluated,not_evaluated
I have long service as a desk jockey,1.180722891566265,0.0545991680226602,83,72,7,4,not_evaluated,not_evaluated
"No, that's not my wife's grocery list.

Elizabeth Shaw
San Francisco, CA",1.180722891566265,0.0518383139048361,83,71,9,3,not_evaluated,not_evaluated
My wife says extreme couponing is a better use of my time.,1.180722891566265,0.0489219013145031,83,70,11,2,not_evaluated,not_evaluated
Grocery list.,1.180722891566265,0.0458202364458721,83,69,13,1,not_evaluated,not_evaluated
"Hmmm, impressive list of wives.",1.180722891566265,0.0489219013145031,83,70,11,2,not_evaluated,not_evaluated
And I got this for braving the checkout line at Whole Foods.,1.180722891566265,0.0458202364458721,83,69,13,1,not_evaluated,not_evaluated
My Commander-in-Chief wears his on his shoe.,1.180722891566265,0.0458202364458721,83,69,13,1,not_evaluated,not_evaluated
Oh I just found this at a thrift store.,1.180722891566265,0.0489219013145031,83,70,11,2,not_evaluated,not_evaluated
"That’s my Shopping List of Honor, take a look.",1.180722891566265,0.0518383139048361,83,71,9,3,not_evaluated,not_evaluated
"Oh, that's the receipt from the PX.",1.180722891566265,0.0518383139048361,83,71,9,3,not_evaluated,not_evaluated
It's my Rite-Aid receipt. My wife said to return the Viagra.,1.180722891566265,0.0458202364458721,83,69,13,1,not_evaluated,not_evaluated
No but I got some great deals on Black Friday and wanted to show those off too.,1.180722891566265,0.0518383139048361,83,71,9,3,not_evaluated,not_evaluated
I see you served in the CVS division.,1.180722891566265,0.0518383139048361,83,71,9,3,not_evaluated,not_evaluated
And that one was for the ‘Battle of the 10 Items or Less Line.’,1.180722891566265,0.0518383139048361,83,71,9,3,not_evaluated,not_evaluated
"It says ""Survived Hillary's disaster in Benghazi""",1.180722891566265,0.0545991680226602,83,72,7,4,not_evaluated,not_evaluated
The 3D printer was broken.,1.180722891566265,0.0489219013145031,83,70,11,2,not_evaluated,not_evaluated
I enlisted.,1.180722891566265,0.0489219013145031,83,70,11,2,not_evaluated,not_evaluated
"""It's a list of the medals I've given to myself.""",1.180722891566265,0.0458202364458721,83,69,13,1,not_evaluated,not_evaluated
"Just the President's grocery list, ma'am.",1.180722891566265,0.0518383139048361,83,71,9,3,not_evaluated,not_evaluated
Covert op at CVS.,1.180722891566265,0.0489219013145031,83,70,11,2,not_evaluated,not_evaluated
after  30 days I can be returned for a new one.,1.180722891566265,0.0489219013145031,83,70,11,2,not_evaluated,not_evaluated
Oh that’s just a gift receipt. I might exchange the tank for a cheeky bottle of single malt.,1.180722891566265,0.0518383139048361,83,71,9,3,not_evaluated,not_evaluated
CVS or did you come with the receipts?,1.180722891566265,0.0545991680226602,83,72,7,4,not_evaluated,not_evaluated
I had to run to CVS before the party.,1.180722891566265,0.0489219013145031,83,70,11,2,not_evaluated,not_evaluated
...for my Amazon orders during Black Friday campaign of  2013.,1.180722891566265,0.0489219013145031,83,70,11,2,not_evaluated,not_evaluated
We lost a lot of good men in the war on poverty.,1.180722891566265,0.0545991680226602,83,72,7,4,not_evaluated,not_evaluated
Are you tax deductible?,1.180722891566265,0.0458202364458721,83,69,13,1,not_evaluated,not_evaluated
It's a list of disclaimers about the people I served under.,1.180722891566265,0.0489219013145031,83,70,11,2,not_evaluated,not_evaluated
That’s for serving in the trade war with China.,1.180722891566265,0.0518383139048361,83,71,9,3,not_evaluated,not_evaluated
That one I got for shopping at CVS.,1.180722891566265,0.0545991680226602,83,72,7,4,not_evaluated,not_evaluated
You really need to work on cutting the budget.,1.1785714285714286,0.0483838468873621,84,71,11,2,not_evaluated,not_evaluated
"Calories in, red tape out.",1.1785714285714286,0.0453225650970334,84,70,13,1,not_evaluated,not_evaluated
I'm color-blind. This is how I keep track of which war they came from.,1.1785714285714286,0.0483838468873621,84,71,11,2,not_evaluated,not_evaluated
There are a lot of disclaimers on the ones from Syria.,1.175,0.0496028531233303,80,68,10,2,not_evaluated,not_evaluated
"Yes ma’am, it was in recognition of exceptional defense spending on Black Friday.",1.175,0.0526962876697895,80,69,8,3,not_evaluated,not_evaluated
And what’s your email address?,1.175,0.0496028531233303,80,68,10,2,not_evaluated,not_evaluated
"No, Mam, it is not a Costco receipt!",1.175,0.0526962876697895,80,69,8,3,not_evaluated,not_evaluated
I'm not on LinkedIn.,1.175,0.0496028531233303,80,68,10,2,not_evaluated,not_evaluated
"Why yes I shop at CVS.""",1.175,0.0496028531233303,80,68,10,2,not_evaluated,not_evaluated
That one's from the war on taxes.,1.175,0.0526962876697895,80,69,8,3,not_evaluated,not_evaluated
That's for 'valor exceeding the call of a duty at a Publix self-checkout.',1.175,0.0496028531233303,80,68,10,2,not_evaluated,not_evaluated
"Oh I see you are still shopping at CVS, General .",1.175,0.0496028531233303,80,68,10,2,not_evaluated,not_evaluated
I see you were at the General store.,1.175,0.0526962876697895,80,69,8,3,not_evaluated,not_evaluated
Got this one in '72 for deploying my first tactical sonnet.,1.175,0.0496028531233303,80,68,10,2,not_evaluated,not_evaluated
I need to show this receipt every time I leave the Pentagon,1.175,0.0463032109229171,80,67,12,1,not_evaluated,not_evaluated
I was stationed in Istanbul. It’s the Order of Turkey and Fixin’s.,1.175,0.0526962876697895,80,69,8,3,not_evaluated,not_evaluated
"And this last one, I was awarded with at a banquet, during my recent trip to the White House .  .  .",1.175,0.0463032109229171,80,67,12,1,not_evaluated,not_evaluated
"Is that the President's ""What to say list."" ?",1.175,0.0526962876697895,80,69,8,3,not_evaluated,not_evaluated
"Yes, I served in the takeover of Whole Foods.",1.175,0.0526962876697895,80,69,8,3,not_evaluated,not_evaluated
That's for 16 months in CVS.,1.175,0.0526962876697895,80,69,8,3,not_evaluated,not_evaluated
It’s a CVS receipt for the boss’ bone spur pads.”,1.175,0.0463032109229171,80,67,12,1,not_evaluated,not_evaluated
You  must head the ticker tape parade,1.175,0.0496028531233303,80,68,10,2,not_evaluated,not_evaluated
Dry cleaning instructions.,1.175,0.0463032109229171,80,67,12,1,not_evaluated,not_evaluated
CVS Security,1.175,0.0496028531233303,80,68,10,2,not_evaluated,not_evaluated
A lot of good savings were applied that day.,1.175,0.0496028531233303,80,68,10,2,not_evaluated,not_evaluated
"Yes I am a robot, yes I am a robot, yes I am a robot, yes I am a robot.""",1.175,0.0463032109229171,80,67,12,1,not_evaluated,not_evaluated
It's CVS's highest honor.,1.175,0.0427496391279461,80,66,14,0,not_evaluated,not_evaluated
"Oooh, are you a true flag officer?",1.175,0.0496028531233303,80,68,10,2,not_evaluated,not_evaluated
I’m a veteran of two foreign wars and a dozen Black Friday’s.,1.175,0.0427496391279461,80,66,14,0,not_evaluated,not_evaluated
"The cost of service, obviously.",1.175,0.0496028531233303,80,68,10,2,not_evaluated,not_evaluated
I know the ribbons are for your heroism.  Is the list for your demerits?,1.175,0.0496028531233303,80,68,10,2,not_evaluated,not_evaluated
"When it finishes printing, we'll get our coup on.",1.175,0.0556179326330972,80,70,6,4,not_evaluated,not_evaluated
The Pentagon always holds highly decorated holiday parties.,1.175,0.0408571144045728,80,68,11,1,not_evaluated,not_evaluated
"No, that's not a ribbon. It's my wife's shopping list.",1.175,0.0496028531233303,80,68,10,2,not_evaluated,not_evaluated
"It was Black Friday of '08, my squad cleared a CVS parking lot.",1.175,0.0463032109229171,80,67,12,1,not_evaluated,not_evaluated
I also moonlight as a cash register.,1.175,0.0526962876697895,80,69,8,3,not_evaluated,not_evaluated
I got that one for guarding the last CVS in Kandahar.,1.175,0.0463032109229171,80,67,12,1,not_evaluated,not_evaluated
Oh that? That’s the Gene Simmons medal.,1.175,0.0463032109229171,80,67,12,1,not_evaluated,not_evaluated
I stand by my indictments.,1.175,0.0496028531233303,80,68,10,2,not_evaluated,not_evaluated
"No, I'm the Executive chief petty officer.",1.175,0.0463032109229171,80,67,12,1,not_evaluated,not_evaluated
Is this the list of all the people you had fucked to get to the general?,1.175,0.0556179326330972,80,70,6,4,not_evaluated,not_evaluated
"It's like mattresses, you're really not supposed to remove the tag.",1.175,0.0526962876697895,80,69,8,3,not_evaluated,not_evaluated
"Due to military cut-backs and the need to generate fees, this is your invoice for our ten minutes of ""small talk"".",1.175,0.0427496391279461,80,66,14,0,not_evaluated,not_evaluated
Costco,1.175,0.0526962876697895,80,69,8,3,not_evaluated,not_evaluated
"Just match the bar to the description. Trust me, it's easier this way...",1.175,0.0496028531233303,80,68,10,2,not_evaluated,not_evaluated
Does that just happen with every military purchase?,1.175,0.0427496391279461,80,66,14,0,not_evaluated,not_evaluated
It keeps up with my drinks before I fly.,1.175,0.0496028531233303,80,68,10,2,not_evaluated,not_evaluated
This uniform came with a 30 day return policy,1.175,0.0496028531233303,80,68,10,2,not_evaluated,not_evaluated
My tweet orders require me to get your phone number.,1.175,0.0496028531233303,80,68,10,2,not_evaluated,not_evaluated
Epstein didn't kill himself.,1.175,0.0496028531233303,80,68,10,2,not_evaluated,not_evaluated
"""That's quite a to do list.",1.175,0.0526962876697895,80,69,8,3,not_evaluated,not_evaluated
That one's for running the best PX on the east coast.,1.175,0.0463032109229171,80,67,12,1,not_evaluated,not_evaluated
It certifies my Chest Salad is organic.,1.175,0.0526962876697895,80,69,8,3,not_evaluated,not_evaluated
"Nam, Afghanistan, and Black Friday.",1.175,0.0463032109229171,80,67,12,1,not_evaluated,not_evaluated
"Trump calls it our Duty Brief, but it's just a list of his pardons.",1.175,0.0463032109229171,80,67,12,1,not_evaluated,not_evaluated
"Yeah, we are working out the bugs from the system we bought from CVS.",1.175,0.0556179326330972,80,70,6,4,not_evaluated,not_evaluated
Is that an itemized receipt for what would you pay for me to stay by your side?,1.175,0.0463032109229171,80,67,12,1,not_evaluated,not_evaluated
"And, how was your .. uh .. third tour in Kandahar?""",1.175,0.0496028531233303,80,68,10,2,not_evaluated,not_evaluated
"Because I loathe explaining what each one is for, and there's no medal for doing so.",1.175,0.0496028531233303,80,68,10,2,not_evaluated,not_evaluated
"What do you want, a medal?",1.175,0.0496028531233303,80,68,10,2,not_evaluated,not_evaluated
Damn! More orders.,1.175,0.0463032109229171,80,67,12,1,not_evaluated,not_evaluated
"Yes, a ticker tape of my accomplishments.",1.175,0.0463032109229171,80,67,12,1,not_evaluated,not_evaluated
I stopped at CVS on the way here.,1.175,0.0496028531233303,80,68,10,2,not_evaluated,not_evaluated
Impressive order!,1.175,0.0526962876697895,80,69,8,3,not_evaluated,not_evaluated
Please take your receipt.,1.175,0.0463032109229171,80,67,12,1,not_evaluated,not_evaluated
The new policy requires we show the receipt.,1.175,0.0463032109229171,80,67,12,1,not_evaluated,not_evaluated
The Army owns me. That's their receipt.,1.175,0.0463032109229171,80,67,12,1,not_evaluated,not_evaluated
It all started with a trophy for showing up for T-Ball.,1.175,0.0496028531233303,80,68,10,2,not_evaluated,not_evaluated
That one was for meritorious service in the self-checkout line.,1.175,0.0463032109229171,80,67,12,1,not_evaluated,not_evaluated
It's a detailing of the costs of middle-aged whimsy.,1.175,0.0526962876697895,80,69,8,3,not_evaluated,not_evaluated
it appears that you have poor posture meanwhile my posture is impeccable,1.175,0.0526962876697895,80,69,8,3,not_evaluated,not_evaluated
I never know what to do with those CVS receipts,1.175,0.0496028531233303,80,68,10,2,not_evaluated,not_evaluated
It’s my own personal achievements list.,1.175,0.0526962876697895,80,69,8,3,not_evaluated,not_evaluated
I was the receipt-ent of the medal of freedom.,1.175,0.044561861425112,80,69,9,2,not_evaluated,not_evaluated
It's for best inanimate features.,1.175,0.0463032109229171,80,67,12,1,not_evaluated,not_evaluated
It’s hard for me to concentrate without looking at your chest.,1.175,0.0479814046258904,80,70,7,3,not_evaluated,not_evaluated
It's the Agent Orange disclaimer.,1.175,0.0463032109229171,80,67,12,1,not_evaluated,not_evaluated
... and this is the one I got for the Battle of Black Friday.,1.175,0.0496028531233303,80,68,10,2,not_evaluated,not_evaluated
I was wounded at CVS.,1.175,0.0526962876697895,80,69,8,3,not_evaluated,not_evaluated
"Trump International, D.C.",1.175,0.0496028531233303,80,68,10,2,not_evaluated,not_evaluated
I served in Banksy.,1.175,0.0526962876697895,80,69,8,3,not_evaluated,not_evaluated
"In the current operational environment, it's a force multiplier to have the receipts where they can be readily accessed at a moment's notice.",1.175,0.0463032109229171,80,67,12,1,not_evaluated,not_evaluated
Each is for a HUGE deal I made.,1.175,0.0526962876697895,80,69,8,3,not_evaluated,not_evaluated
"Transcribe-o-Matic, Jacket Mounted, Congressional. They're issuing these to everybody bird colonel or above.",1.175,0.0496028531233303,80,68,10,2,not_evaluated,not_evaluated
It's a living!,1.175,0.0526962876697895,80,69,8,3,not_evaluated,not_evaluated
I got that one for keeping order in the checkout line.,1.175,0.0526962876697895,80,69,8,3,not_evaluated,not_evaluated
Your Robocop!,1.175,0.0526962876697895,80,69,8,3,not_evaluated,not_evaluated
It’s my CVS receipt medal.,1.175,0.0496028531233303,80,68,10,2,not_evaluated,not_evaluated
Those are my bonus points from CVS. I’m proud of them.,1.175,0.0463032109229171,80,67,12,1,not_evaluated,not_evaluated
"New policy, for when the president what’s to exchange us within 30 days",1.175,0.0556179326330972,80,70,6,4,not_evaluated,not_evaluated
"Your slip is showing...how much money you saved the Pentagon, said the president.",1.175,0.0526962876697895,80,69,8,3,not_evaluated,not_evaluated
It's my signed affidavit that these aren't deepfakes.,1.175,0.0496028531233303,80,68,10,2,not_evaluated,not_evaluated
"Forget about his accomplishments, Look at the size of that bill!",1.175,0.0463032109229171,80,67,12,1,not_evaluated,not_evaluated
It's my done there done that list.,1.175,0.0463032109229171,80,67,12,1,not_evaluated,not_evaluated
It’s a Stenographic of our conversation. Court mandated.,1.1728395061728396,0.0490342644647789,81,69,10,2,not_evaluated,not_evaluated
As far as we can tell it's Mr Trump's Christmas list.,1.170731707317073,0.0452663769335774,82,69,12,1,not_evaluated,not_evaluated
"ee stamoslocosoque 2h

mate tanto que puedas
berarte de todo lo que
-yano Chota iow

ve

aad

@spaincharo",1.1645569620253164,0.0456848771435583,79,67,11,1,not_evaluated,not_evaluated
Service ribbon.  Willing-CVS-Receipt-Recipient.,1.1645569620253164,0.049108837742764,79,68,9,2,not_evaluated,not_evaluated
I'm the new general manager of CVS.,1.1645569620253164,0.0523091568395843,79,69,7,3,not_evaluated,not_evaluated
Lean in  a bit and you can read the fine print,1.1645569620253164,0.049108837742764,79,68,9,2,not_evaluated,not_evaluated
"It's not what it looks like. And besides, it's a private matter.",1.1645569620253164,0.0456848771435583,79,67,11,1,not_evaluated,not_evaluated
"No, I’m the Thousand Dollar General.",1.1645569620253164,0.0523091568395843,79,69,7,3,not_evaluated,not_evaluated
"Why yes, the weather is tolerable. Um... [glances down] Are you reading any good books lately?",1.1645569620253164,0.0581840852717859,79,71,3,5,not_evaluated,not_evaluated
Those are only the actual presidential pardons I've received.,1.1645569620253164,0.0456848771435583,79,67,11,1,not_evaluated,not_evaluated
A lot of activity can really jam up the ol' ticker.,1.1645569620253164,0.049108837742764,79,68,9,2,not_evaluated,not_evaluated
"Be careful, it'll self-destruct in five seconds.",1.1645569620253164,0.0523091568395843,79,69,7,3,not_evaluated,not_evaluated
The rest are in my digital data bank,1.1645569620253164,0.0523091568395843,79,69,7,3,not_evaluated,not_evaluated
Those are coupons I received for foiling a robbery at my local drugstore.,1.1645569620253164,0.0523091568395843,79,69,7,3,not_evaluated,not_evaluated
There's a coupon for the carwash on the back.,1.1645569620253164,0.0456848771435583,79,67,11,1,not_evaluated,not_evaluated
"They're for heroic service during Desert Storm, Desert Shield, Aghanistan, and at CVS.",1.1645569620253164,0.049108837742764,79,68,9,2,not_evaluated,not_evaluated
"Stolen valor, eh? I’ve got the receipt.",1.1645569620253164,0.049108837742764,79,68,9,2,not_evaluated,not_evaluated
Yes. I saved the “receipts” for my badges.,1.1645569620253164,0.0523091568395843,79,69,7,3,not_evaluated,not_evaluated
I got that one at CVS.,1.1645569620253164,0.0553246584633954,79,70,5,4,not_evaluated,not_evaluated
I got this from the CVS wars,1.1645569620253164,0.0553246584633954,79,70,5,4,not_evaluated,not_evaluated
They ran out of ribbons -- at least I got my current balance.,1.1645569620253164,0.049108837742764,79,68,9,2,not_evaluated,not_evaluated
So you fanned the flames of the Me Too movement!,1.1645569620253164,0.0456848771435583,79,67,11,1,not_evaluated,not_evaluated
My son is a military man too. Maybe you know him. His name is James Ryan,1.1645569620253164,0.049108837742764,79,68,9,2,not_evaluated,not_evaluated
"Yes, madam, I was decorated in the Costco wars",1.1645569620253164,0.0523091568395843,79,69,7,3,not_evaluated,not_evaluated
"It's just the high cost of being in the military, ma'am.",1.1645569620253164,0.0456848771435583,79,67,11,1,not_evaluated,not_evaluated
"oh that, it's my wife,the supreme allied commander's grocery list",1.1645569620253164,0.049108837742764,79,68,9,2,not_evaluated,not_evaluated
I have a CVS extra care card. It’s no big deal.,1.1645569620253164,0.0523091568395843,79,69,7,3,not_evaluated,not_evaluated
So you bought this wine at CVS?,1.1645569620253164,0.0553246584633954,79,70,5,4,not_evaluated,not_evaluated
It was a budget decision. Campaign ribbons or drones.,1.1645569620253164,0.0456848771435583,79,67,11,1,not_evaluated,not_evaluated
My wife says the real ones are too stimulating when we dance,1.1645569620253164,0.0419825922829797,79,66,13,0,not_evaluated,not_evaluated
It lets me know when we are overbudget.,1.1645569620253164,0.049108837742764,79,68,9,2,not_evaluated,not_evaluated
"General, it seems this party is costing you plenty!",1.1645569620253164,0.0456848771435583,79,67,11,1,not_evaluated,not_evaluated
"""I  really can't explain it. It sort of started out in basic training.
And my drill  sergeant said, 'Well, if it works, don't fix it.'""",1.1645569620253164,0.0456848771435583,79,67,11,1,not_evaluated,not_evaluated
"Dear, must you advertise your resume under this Administration?",1.1645569620253164,0.0523091568395843,79,69,7,3,not_evaluated,not_evaluated
And this one is for being the first person to accept my receipt that day at CVS.,1.1645569620253164,0.049108837742764,79,68,9,2,not_evaluated,not_evaluated
Most returns and refunds ever handled on a Black Friday.,1.1645569620253164,0.049108837742764,79,68,9,2,not_evaluated,not_evaluated
you did order the salad,1.1645569620253164,0.049108837742764,79,68,9,2,not_evaluated,not_evaluated
I'm a proud user of Amazon Prime at Whole Foods.,1.1645569620253164,0.049108837742764,79,68,9,2,not_evaluated,not_evaluated
I did my first tour at CVS.,1.1645569620253164,0.0523091568395843,79,69,7,3,not_evaluated,not_evaluated
The army is trying to save on the medals.,1.1645569620253164,0.049108837742764,79,68,9,2,not_evaluated,not_evaluated
We really overran the budget in that campaign,1.1645569620253164,0.0419825922829797,79,66,13,0,not_evaluated,not_evaluated
"The ""Distinguished Personal Service Medal"": a list of the kids who bullied me in school and the dates I successfully completed a counteroffensive against each.",1.1645569620253164,0.0456848771435583,79,67,11,1,not_evaluated,not_evaluated
It's the bill for this damned soiree.,1.1645569620253164,0.0419825922829797,79,66,13,0,not_evaluated,not_evaluated
"That one was for the Battle of Walmart, Black Friday 2014",1.1645569620253164,0.049108837742764,79,68,9,2,not_evaluated,not_evaluated
...and this one is for highest ROI from defense contractors,1.1645569620253164,0.0456848771435583,79,67,11,1,not_evaluated,not_evaluated
The Purple Heart is from Afghanistan. Those are for the fights with CVS after their data breach.,1.1645569620253164,0.049108837742764,79,68,9,2,not_evaluated,not_evaluated
I find it hard to keep track of my CVS receipts.,1.1645569620253164,0.0250308459289339,79,70,8,1,not_evaluated,not_evaluated
"Yes, now, of course, it’s impossible to truly calculate the cost of war.",1.1645569620253164,0.049108837742764,79,68,9,2,not_evaluated,not_evaluated
"-- ""Is that a Purple Heart in Military Spending?""
-- ""No, I'm just happy to see you.""",1.1645569620253164,0.049108837742764,79,68,9,2,not_evaluated,not_evaluated
That's right! And you'd be absolutely amazed by what I can do with it!!,1.1645569620253164,0.0523091568395843,79,69,7,3,not_evaluated,not_evaluated
Do I look like a Never Trumper?,1.1645569620253164,0.0419825922829797,79,66,13,0,not_evaluated,not_evaluated
"Well if you must know, this was from Colonel Sanders!",1.1645569620253164,0.0456848771435583,79,67,11,1,not_evaluated,not_evaluated
It's a new rule. I must show my itemized expenses!,1.1645569620253164,0.0456848771435583,79,67,11,1,not_evaluated,not_evaluated
I’m hanging onto the receipt because I’m not sure I’m an aircraft carrier kind of guy.,1.1645569620253164,0.0456848771435583,79,67,11,1,not_evaluated,not_evaluated
Look lower. Lower...,1.1645569620253164,0.0456848771435583,79,67,11,1,not_evaluated,not_evaluated
....as a mercenary I'll accept all major credit cards ...No pun intended,1.1645569620253164,0.0581840852717859,79,71,3,5,not_evaluated,not_evaluated
Really dirt cheap! Even your favorite hotel would've billed almost treble this..... Cheers!,1.1645569620253164,0.049108837742764,79,68,9,2,not_evaluated,not_evaluated
"Oh, this? It's a  list of all my cocktail party conquests.",1.1645569620253164,0.0456848771435583,79,67,11,1,not_evaluated,not_evaluated
Those battles sure were taxing!,1.1645569620253164,0.0523091568395843,79,69,7,3,not_evaluated,not_evaluated
"If you think that’s long, wait ‘til you see my tongue.",1.1645569620253164,0.0456848771435583,79,67,11,1,not_evaluated,not_evaluated
"I served with the CVS Pharmatroopers, ma'am.",1.1645569620253164,0.049108837742764,79,68,9,2,not_evaluated,not_evaluated
This ribbon honors my service in the Big Box Price Wars.,1.1645569620253164,0.049108837742764,79,68,9,2,not_evaluated,not_evaluated
It's my wife's grocery list. She staples it on my jacket ever Thursday so I don't forget.......,1.1645569620253164,0.049108837742764,79,68,9,2,not_evaluated,not_evaluated
And that one gets me 25% off my next visit to CVS,1.1645569620253164,0.0523091568395843,79,69,7,3,not_evaluated,not_evaluated
It's a receipt for our arms sales to dictators.,1.1645569620253164,0.049108837742764,79,68,9,2,not_evaluated,not_evaluated
"Very expensive, I’ll have you know.",1.1645569620253164,0.049108837742764,79,68,9,2,not_evaluated,not_evaluated
Medal of Costco Valor without complaint,1.1645569620253164,0.0523091568395843,79,69,7,3,not_evaluated,not_evaluated
"Well, during my tenure at the Pentagon the markups were not that insane.",1.1645569620253164,0.049108837742764,79,68,9,2,not_evaluated,not_evaluated
I got that ribbon at the battle of Safeway.,1.1645569620253164,0.049108837742764,79,68,9,2,not_evaluated,not_evaluated
That one is a Presidential pardon.,1.1645569620253164,0.0456848771435583,79,67,11,1,not_evaluated,not_evaluated
You say you got it at CVS?,1.1645569620253164,0.049108837742764,79,68,9,2,not_evaluated,not_evaluated
One Hour Martinizing always puts their receipts there.,1.1645569620253164,0.0523091568395843,79,69,7,3,not_evaluated,not_evaluated
"It's the description of every medal on my chest. And no, I can't get it off.",1.1645569620253164,0.049108837742764,79,68,9,2,not_evaluated,not_evaluated
I was much too busy getting blown apart in combat and stitched together in hospitals to learn very much about woman.,1.1645569620253164,0.0523091568395843,79,69,7,3,not_evaluated,not_evaluated
Did they not have enough space to put all the countries you visited on it?,1.1645569620253164,0.0400031634047528,79,68,10,1,not_evaluated,not_evaluated
"...and this one’s for cynically goatroaping young Americans starved of opportunity into oppressing and killing their global peers just to prop up the very oligarchs that cause that starvation. and this one? ah yes, this one’s for believing i'm a hero",1.1645569620253164,0.049108837742764,79,68,9,2,not_evaluated,not_evaluated
Congratulations. Your winning recipe for rhubarb pie is impressive,1.1645569620253164,0.0523091568395843,79,69,7,3,not_evaluated,not_evaluated
The paper slip is there to commemorate the charge of the Light Brigade.,1.1645569620253164,0.049108837742764,79,68,9,2,not_evaluated,not_evaluated
Just year it off and read it later.,1.1645569620253164,0.0523091568395843,79,69,7,3,not_evaluated,not_evaluated
My leg itches.,1.1645569620253164,0.0523091568395843,79,69,7,3,not_evaluated,not_evaluated
It's a receipt for fruit salad.,1.1645569620253164,0.0553246584633954,79,70,5,4,not_evaluated,not_evaluated
Now that’s a clever way to remember everyone on your holiday gift  list”,1.1645569620253164,0.049108837742764,79,68,9,2,not_evaluated,not_evaluated
I received this one from my tour in CVS.,1.1645569620253164,0.0456848771435583,79,67,11,1,not_evaluated,not_evaluated
I don’t mind wearing medals I didn’t earn...I just like to show how much they cost.,1.1645569620253164,0.0456848771435583,79,67,11,1,not_evaluated,not_evaluated
I'd rather be stuck in a muddy trench evading enemy fire right now.,1.1645569620253164,0.0456848771435583,79,67,11,1,not_evaluated,not_evaluated
It's for my time in the troll world.,1.1645569620253164,0.0456848771435583,79,67,11,1,not_evaluated,not_evaluated
Actual ribbons cost a buck each. This is cheap and easy to update.,1.1645569620253164,0.0523091568395843,79,69,7,3,not_evaluated,not_evaluated
"Please don't forget your receipt, because otherwise we will not take back defective missiles.",1.1645569620253164,0.049108837742764,79,68,9,2,not_evaluated,not_evaluated
Its my twitter ticker tape- I am obliged to  micromanage his impulses while recording his thoughts,1.1645569620253164,0.0553246584633954,79,70,5,4,not_evaluated,not_evaluated
"My, all those women!",1.1645569620253164,0.0419825922829797,79,66,13,0,not_evaluated,not_evaluated
"Oh, that is the grocery list she put in my pocket, I was actually hoping you will be inquiring after the medals.",1.1645569620253164,0.049108837742764,79,68,9,2,not_evaluated,not_evaluated
"Yes,  i've been itemized.",1.1645569620253164,0.0456848771435583,79,67,11,1,not_evaluated,not_evaluated
It's the highest award for bravery in expense accounting.,1.1645569620253164,0.049108837742764,79,68,9,2,not_evaluated,not_evaluated
I brought a list of my attractive qualities for efficiency.,1.1645569620253164,0.0456848771435583,79,67,11,1,not_evaluated,not_evaluated
"I'd tell you what they are all for, but then they'd have to kill you.

note: I got the last issue late, and I would love to get last week's caption in: ""You have quite the inflated alter ego, honey.""",1.1645569620253164,0.0553246584633954,79,70,5,4,not_evaluated,not_evaluated
Wow! That's almost as long as the one I get at the supermarket!,1.1645569620253164,0.0456848771435583,79,67,11,1,not_evaluated,not_evaluated
"Yes ma'am, I spent six months stationed at the local CVS.",1.1645569620253164,0.0456848771435583,79,67,11,1,not_evaluated,not_evaluated
"Take a number: if you get them all right, I’ll buy you another drink.",1.1645569620253164,0.0456848771435583,79,67,11,1,not_evaluated,not_evaluated
I was in the front lines at the battle that is Black Friday and managed to save a bundle.,1.1645569620253164,0.0523091568395843,79,69,7,3,not_evaluated,not_evaluated
That’s for my excursions into CVS Headquarters!,1.1645569620253164,0.0456848771435583,79,67,11,1,not_evaluated,not_evaluated
A good place to keep my CVS coupons,1.1645569620253164,0.0456848771435583,79,67,11,1,not_evaluated,not_evaluated
This medal is for binge shopping in Syria while the store was being bombed by Isis .,1.1645569620253164,0.0553246584633954,79,70,5,4,not_evaluated,not_evaluated
Refer to the index to satisfy any curiosity you may have about my hardware.,1.1645569620253164,0.0419825922829797,79,66,13,0,not_evaluated,not_evaluated
That's for the logistics exchange tour I did at Amazon..,1.1645569620253164,0.049108837742764,79,68,9,2,not_evaluated,not_evaluated
"err,... They ran out of buttons... Also my arm came off...",1.1645569620253164,0.0456848771435583,79,67,11,1,not_evaluated,not_evaluated
"Can you believe just one tour""",1.1645569620253164,0.0419825922829797,79,66,13,0,not_evaluated,not_evaluated
And that’s why I think CVS is in bed with the Industrial Paper Complex!,1.1645569620253164,0.049108837742764,79,68,9,2,not_evaluated,not_evaluated
I wasn't part of the events listed here-- but was first to react on social media,1.1645569620253164,0.049108837742764,79,68,9,2,not_evaluated,not_evaluated
This is how much it cost to get decorated.,1.1645569620253164,0.0456848771435583,79,67,11,1,not_evaluated,not_evaluated
I'm decorated and then some.,1.1645569620253164,0.049108837742764,79,68,9,2,not_evaluated,not_evaluated
"Ah, so I see you got your jacket at CVS!",1.1645569620253164,0.0419825922829797,79,66,13,0,not_evaluated,not_evaluated
It comes in handy in the self checkout line at the Officer's Mess...,1.1645569620253164,0.0456848771435583,79,67,11,1,not_evaluated,not_evaluated
That's my receipt showing that I braved the crowds at Costco on Black Friday.,1.1645569620253164,0.049108837742764,79,68,9,2,not_evaluated,not_evaluated
The mission's full name was 'Consumer Very Stupid.',1.1645569620253164,0.0456848771435583,79,67,11,1,not_evaluated,not_evaluated
I’ve always stayed grounded by listing my undone chores with my military decorations.,1.1625,0.0485346998405016,80,69,9,2,not_evaluated,not_evaluated
i got this one for shopping till i dropped,1.1625,0.045157074666159,80,68,11,1,not_evaluated,not_evaluated
Its only awarded to survivors of Black Friday.,1.1625,0.0546674352884114,80,71,5,4,not_evaluated,not_evaluated
"That's for bravery under confusing discounts on Black Friday, 2016.",1.1625,0.0415054899525656,80,67,13,0,not_evaluated,not_evaluated
A list of my war crimes. They're all the rage.,1.1625,0.045157074666159,80,68,11,1,not_evaluated,not_evaluated
"Thanks for noticing.  Yes, this is my CVS receipt, which I've added just below my military insignia.",1.1625,0.0485346998405016,80,69,9,2,not_evaluated,not_evaluated
What's to show for 40 years in the military? A place to pin Zelda's shopping list for a late night grocery run.,1.1625,0.0516920959606991,80,70,7,3,not_evaluated,not_evaluated
It’s our “to-do” list.,1.1625,0.0485346998405016,80,69,9,2,not_evaluated,not_evaluated
"Yes, I see a list of political favors in exchange for hundreds of millions in foreign military aid. No quid pro quo.",1.1625,0.0485346998405016,80,69,9,2,not_evaluated,not_evaluated
"Honestly, I can’t stand people who think they’ve saved money at CVS.",1.1625,0.0485346998405016,80,69,9,2,not_evaluated,not_evaluated
That one?  It's for running the CVS outlet in the PX on the Korean DMZ.,1.1625,0.045157074666159,80,68,11,1,not_evaluated,not_evaluated
I  never knew anyone who was decorated for surviving  Black Friday ...,1.1625,0.045157074666159,80,68,11,1,not_evaluated,not_evaluated
It's the laundry list of honors.,1.1625,0.0415054899525656,80,67,13,0,not_evaluated,not_evaluated
"It's called the Third Amendment citation, for quartering troops at Trump-owned properties.",1.1625,0.0485346998405016,80,69,9,2,not_evaluated,not_evaluated
"You don't have to read the fine print, the medals show just how great I am.",1.1625,0.045157074666159,80,68,11,1,not_evaluated,not_evaluated
I've been cashiered from the service.,1.1625,0.0485346998405016,80,69,9,2,not_evaluated,not_evaluated
Oh wait! Do they still charge you after all those badges,1.1625,0.0415054899525656,80,67,13,0,not_evaluated,not_evaluated
What's that receipt for?,1.1625,0.045157074666159,80,68,11,1,not_evaluated,not_evaluated
My first tour of duty was as a CVS checker.,1.1625,0.045157074666159,80,68,11,1,not_evaluated,not_evaluated
My greatest battle was the Missus to-do list.,1.1625,0.0516920959606991,80,70,7,3,not_evaluated,not_evaluated
"No, all these badges are not fake news!""",1.1625,0.0485346998405016,80,69,9,2,not_evaluated,not_evaluated
It's for Shopper of the Year at CVS!,1.1625,0.0485346998405016,80,69,9,2,not_evaluated,not_evaluated
I see you've been cashiered.,1.16,0.0426170883122746,75,63,12,0,not_evaluated,not_evaluated
"No, not USCG -it’s USCVS...",1.16,0.0466537948786224,75,64,10,1,not_evaluated,not_evaluated
"Oh, that reminds me that I have a prescription to pick up at CVS",1.16,0.0466537948786224,75,64,10,1,not_evaluated,not_evaluated
"If my commission is revoked, the president can print another one.",1.16,0.0503680150188285,75,65,8,2,not_evaluated,not_evaluated
We lost a lot of good men at the Battle of CVS.,1.16,0.0426170883122746,75,63,12,0,not_evaluated,not_evaluated
Those all of the drinks you bought for other girls?!,1.16,0.0466537948786224,75,64,10,1,not_evaluated,not_evaluated
"Yes, the discounts are already applied.",1.16,0.0466537948786224,75,64,10,1,not_evaluated,not_evaluated
Aren't you going to the thank me for my service charge?,1.16,0.0466537948786224,75,64,10,1,not_evaluated,not_evaluated
"I don't care if you have a receipt, we can't accept returns on used warheads.",1.16,0.0570758938401989,75,67,4,4,not_evaluated,not_evaluated
``On the way home from Afghanistan I stopped at CVS.'',1.16,0.0466537948786224,75,64,10,1,not_evaluated,not_evaluated
You do pretty well when CVS is on your side.,1.16,0.0503680150188285,75,65,8,2,not_evaluated,not_evaluated
This is my ribbon for valor after shopping on “Black Friday.”,1.16,0.0466537948786224,75,64,10,1,not_evaluated,not_evaluated
"I tried magnets for a time, but I have to wear these anyway.",1.16,0.0538265482573172,75,66,6,3,not_evaluated,not_evaluated
We had to contract out military decorations to CVS.,1.16,0.0503680150188285,75,65,8,2,not_evaluated,not_evaluated
You guys are only doing non-dairy?,1.16,0.0503680150188285,75,65,8,2,not_evaluated,not_evaluated
I got that one for defending a CVS.,1.16,0.0466537948786224,75,64,10,1,not_evaluated,not_evaluated
And right under the service ribbons is my CVS receipt.,1.16,0.0538265482573172,75,66,6,3,not_evaluated,not_evaluated
Any extra bucks.,1.16,0.0503680150188285,75,65,8,2,not_evaluated,not_evaluated
It's a honey do list.,1.16,0.0503680150188285,75,65,8,2,not_evaluated,not_evaluated
I earned it by shopping at CVS.,1.16,0.0503680150188285,75,65,8,2,not_evaluated,not_evaluated
"Yes, from the battle at CVS.",1.16,0.0466537948786224,75,64,10,1,not_evaluated,not_evaluated
That one is my CVS Loyalty Award.,1.16,0.0466537948786224,75,64,10,1,not_evaluated,not_evaluated
So you’re the one responsible for the deficit.,1.16,0.0503680150188285,75,65,8,2,not_evaluated,not_evaluated
Don’t worry. I’m sure Trump will pardon your faux pas.,1.16,0.0503680150188285,75,65,8,2,not_evaluated,not_evaluated
Haven't you heard of Venmo!?,1.16,0.0466537948786224,75,64,10,1,not_evaluated,not_evaluated
I got that one shopping at CVS.,1.16,0.0503680150188285,75,65,8,2,not_evaluated,not_evaluated
"Please, You must tell me more about that charge!",1.16,0.0466537948786224,75,64,10,1,not_evaluated,not_evaluated
It's the only way I could take control of the budget.,1.16,0.0503680150188285,75,65,8,2,not_evaluated,not_evaluated
It looks like you have some CVS ExtraBucks that are about to expire!,1.16,0.0503680150188285,75,65,8,2,not_evaluated,not_evaluated
"Sgt Major,CVS",1.16,0.0426170883122746,75,63,12,0,not_evaluated,not_evaluated
We’re now affiliated with CVS.,1.16,0.0426170883122746,75,63,12,0,not_evaluated,not_evaluated
I got the bottom one at CVS.,1.16,0.0466537948786224,75,64,10,1,not_evaluated,not_evaluated
And this one here's my 'Typewriter Ribbon'.,1.16,0.0503680150188285,75,65,8,2,not_evaluated,not_evaluated
I'm most proud of  keeping track of my wife's grocery list!,1.16,0.0466537948786224,75,64,10,1,not_evaluated,not_evaluated
"As in ""GENERAL"" manager of a CVS?",1.16,0.0466537948786224,75,64,10,1,not_evaluated,not_evaluated
"He decided ticker-tape parades are 'too messy.'""",1.16,0.0466537948786224,75,64,10,1,not_evaluated,not_evaluated
That's my honey-do list.  War is hell.,1.16,0.0466537948786224,75,64,10,1,not_evaluated,not_evaluated
It’s my CVS receipt,1.16,0.0503680150188285,75,65,8,2,not_evaluated,not_evaluated
I needed a place for my CVS receipts.,1.16,0.0503680150188285,75,65,8,2,not_evaluated,not_evaluated
I'm protesting the tax on shipping and handling.,1.16,0.0503680150188285,75,65,8,2,not_evaluated,not_evaluated
After I retired from the Army I was Head of Security for CVS.,1.16,0.0503680150188285,75,65,8,2,not_evaluated,not_evaluated
Distinguished Service at CVS,1.16,0.0466537948786224,75,64,10,1,not_evaluated,not_evaluated
War ain't easy. We lost a lot of good men at the Battle of CVS.,1.16,0.0466537948786224,75,64,10,1,not_evaluated,not_evaluated
It's for expenditures on the field of battle.,1.16,0.0503680150188285,75,65,8,2,not_evaluated,not_evaluated
I got this medal for shopping at CVS.,1.16,0.0538265482573172,75,66,6,3,not_evaluated,not_evaluated
"Hmm,I think the CVS medal is the most impressive...",1.16,0.0570758938401989,75,67,4,4,not_evaluated,not_evaluated
That's for buying baby aspirin at CVS.,1.16,0.0538265482573172,75,66,6,3,not_evaluated,not_evaluated
And they offered you the dry cleaning as well!,1.16,0.0466537948786224,75,64,10,1,not_evaluated,not_evaluated
It is my medal of door busters.,1.16,0.0503680150188285,75,65,8,2,not_evaluated,not_evaluated
I got these medals at CVS.,1.16,0.0466537948786224,75,64,10,1,not_evaluated,not_evaluated
Bragging about your Walmart purchases isn't going to get you laid.,1.16,0.03815567920842,75,67,6,2,not_evaluated,not_evaluated
I earned that one at CVS.,1.16,0.0538265482573172,75,66,6,3,not_evaluated,not_evaluated
It's a list of all the different times I tried to get into the army.,1.16,0.04468105187209,75,66,7,2,not_evaluated,not_evaluated
"Most army robots look like big ugly metal horses, but you're a real hottie General.",1.16,0.0503680150188285,75,65,8,2,not_evaluated,not_evaluated
And that's how I defeated the Self-Checkout at Walmart.,1.16,0.0426170883122746,75,63,12,0,not_evaluated,not_evaluated
It's my rolling bar bill !,1.16,0.0466537948786224,75,64,10,1,not_evaluated,not_evaluated
It prints out the conversations I have with politicians.,1.16,0.0503680150188285,75,65,8,2,not_evaluated,not_evaluated
Did you know that I served in the CVS checkout battalion?,1.16,0.0503680150188285,75,65,8,2,not_evaluated,not_evaluated
I got that one for liberating a CVS.,1.16,0.0426170883122746,75,63,12,0,not_evaluated,not_evaluated
I fought at CVS.,1.16,0.0503680150188285,75,65,8,2,not_evaluated,not_evaluated
...And I got that one in the Battle of Best Buy.,1.16,0.0503680150188285,75,65,8,2,not_evaluated,not_evaluated
So what if they got the medals from CVS? That doesn't diminish their value!,1.16,0.0426170883122746,75,63,12,0,not_evaluated,not_evaluated
"Yes, I started at CVS",1.16,0.0570758938401989,75,67,4,4,not_evaluated,not_evaluated
It looks like you paid price for the cantaloupe.,1.16,0.0503680150188285,75,65,8,2,not_evaluated,not_evaluated
Walgreen Beret,1.16,0.0503680150188285,75,65,8,2,not_evaluated,not_evaluated
The General gave me a list of things to pick up on the way back to the base.,1.16,0.0426170883122746,75,63,12,0,not_evaluated,not_evaluated
"And this one is for working at CVS""",1.16,0.0466537948786224,75,64,10,1,not_evaluated,not_evaluated
That’s just the shopping list my wife pinned on me.,1.16,0.0570758938401989,75,67,4,4,not_evaluated,not_evaluated
This are the latest bids for my post-retirement lobbying services.  I’ll have lot’ of play money!,1.16,0.0538265482573172,75,66,6,3,not_evaluated,not_evaluated
"Honey, that's what happens when you offer drinks to Navy men.",1.16,0.0570758938401989,75,67,4,4,not_evaluated,not_evaluated
"It's like a naughty or nice list, but with demerits.",1.16,0.0538265482573172,75,66,6,3,not_evaluated,not_evaluated
No. I can’t explain the cost.,1.16,0.0503680150188285,75,65,8,2,not_evaluated,not_evaluated
I spent 8 years in Guam and only $14 Billion in Iraq.,1.16,0.0466537948786224,75,64,10,1,not_evaluated,not_evaluated
"...thats right. CVS, Colossal Valor & Strength.",1.16,0.0503680150188285,75,65,8,2,not_evaluated,not_evaluated
"My official title is SHOPPER GENERAL.
And yes, I have experience in all aisle",1.16,0.0503680150188285,75,65,8,2,not_evaluated,not_evaluated
"Put your CVS receipt away.
 No one cares.",1.16,0.0503680150188285,75,65,8,2,not_evaluated,not_evaluated
I got that last one from CVS.,1.16,0.0503680150188285,75,65,8,2,not_evaluated,not_evaluated
Insert another dollar and get ten more jokes.,1.16,0.0538265482573172,75,66,6,3,not_evaluated,not_evaluated
That one's a Distinguished Public Service Medal and Bar Tab,1.16,0.0503680150188285,75,65,8,2,not_evaluated,not_evaluated
Not a compete list but the JAG says these are acceptable flirts.,1.16,0.0538265482573172,75,66,6,3,not_evaluated,not_evaluated
I'll give you my tag to draw attention to your breasts.,1.16,0.0503680150188285,75,65,8,2,not_evaluated,not_evaluated
When did you serve at CVS?,1.16,0.0466537948786224,75,64,10,1,not_evaluated,not_evaluated
Is that last one “Valor for Shopping at CVS”?,1.16,0.0503680150188285,75,65,8,2,not_evaluated,not_evaluated
The Bush years were very good for me.,1.16,0.0426170883122746,75,63,12,0,not_evaluated,not_evaluated
All of my drinks are on the G.I. bill.,1.16,0.0466537948786224,75,64,10,1,not_evaluated,not_evaluated
Says here you have a coupon for 1 dollar off military products at CVS,1.16,0.0503680150188285,75,65,8,2,not_evaluated,not_evaluated
That one's for Distinguished Service in CVS.,1.16,0.0466537948786224,75,64,10,1,not_evaluated,not_evaluated
"Yes, that last one was earned at CVS.",1.16,0.0503680150188285,75,65,8,2,not_evaluated,not_evaluated
"As you can see, I can account for the most extravagant expenditures within the defense budget.",1.16,0.0426170883122746,75,63,12,0,not_evaluated,not_evaluated
You've been to CVS.,1.16,0.0503680150188285,75,65,8,2,not_evaluated,not_evaluated
"It’s my CVS Medal for Civility, Valor, and Service.",1.16,0.0466537948786224,75,64,10,1,not_evaluated,not_evaluated
Please do NOT tell anyone I was a DEADHEAD in those tumultuous Sixties.,1.16,0.0538265482573172,75,66,6,3,not_evaluated,not_evaluated
"Aw, shucks, it's just an award hardly worth the thermal paper its printed on.",1.16,0.0466537948786224,75,64,10,1,not_evaluated,not_evaluated
I'm on the board of CVS.,1.16,0.0503680150188285,75,65,8,2,not_evaluated,not_evaluated
They're the I.O.U.'s.,1.16,0.0503680150188285,75,65,8,2,not_evaluated,not_evaluated
How would you like to pay your receipt!,1.16,0.0503680150188285,75,65,8,2,not_evaluated,not_evaluated
CVS?,1.16,0.0404479422966859,75,65,9,1,not_evaluated,not_evaluated
That from the battle of the CVS receipt.,1.16,0.0503680150188285,75,65,8,2,not_evaluated,not_evaluated
I was honored by CVS.,1.16,0.0503680150188285,75,65,8,2,not_evaluated,not_evaluated
I have to get used to retirement first.,1.16,0.0503680150188285,75,65,8,2,not_evaluated,not_evaluated
"....if Iran does not comply, we may have a military conflict on our hands.",1.16,0.0404479422966859,75,65,9,1,not_evaluated,not_evaluated
She outranks me.,1.16,0.0503680150188285,75,65,8,2,not_evaluated,not_evaluated
That's for my rewards points at CVS.,1.16,0.0538265482573172,75,66,6,3,not_evaluated,not_evaluated
It's my wife's honey do list.,1.1527777777777777,0.0470562303987024,72,62,9,1,not_evaluated,not_evaluated
I didn’t email. I fax tit.,1.1527777777777777,0.0547426838289309,72,64,5,3,not_evaluated,not_evaluated
My wife presented it; she calls it “The Order of The Purple Shopping List.”,1.1527777777777777,0.0510443447020826,72,63,7,2,not_evaluated,not_evaluated
It's the receipt from the dry cleaners.,1.1527777777777777,0.0470562303987024,72,62,9,1,not_evaluated,not_evaluated
It's a printout of all the time I've wasted at these ridiculous parties.,1.1527777777777777,0.0470562303987024,72,62,9,1,not_evaluated,not_evaluated
Thank you for thanking me for my service. Here’s a receipt.,1.1527777777777777,0.0547426838289309,72,64,5,3,not_evaluated,not_evaluated
My darn ticker tape is acting up again.,1.1527777777777777,0.0547426838289309,72,64,5,3,not_evaluated,not_evaluated
It's called transparency in military spending.,1.1527777777777777,0.0470562303987024,72,62,9,1,not_evaluated,not_evaluated
"Oh, I see you're an accountant!",1.1527777777777777,0.0470562303987024,72,62,9,1,not_evaluated,not_evaluated
Did you get ExtraBucks with that?,1.1527777777777777,0.0582065094256953,72,65,3,4,not_evaluated,not_evaluated
My successful skirmishes.,1.1527777777777777,0.0470562303987024,72,62,9,1,not_evaluated,not_evaluated
I've got a coupon for that.,1.1527777777777777,0.0426972190266123,72,61,11,0,not_evaluated,not_evaluated
And this printout is last year's nuclear codes.,1.1527777777777777,0.0547426838289309,72,64,5,3,not_evaluated,not_evaluated
It’s for passing an accounting class .,1.1527777777777777,0.0470562303987024,72,62,9,1,not_evaluated,not_evaluated
Ignore the fine print.,1.1527777777777777,0.0510443447020826,72,63,7,2,not_evaluated,not_evaluated
"Yes, I worked hard to earn this position through these extensive campaign contributions",1.1527777777777777,0.0547426838289309,72,64,5,3,not_evaluated,not_evaluated
It's my receipt...Did you think I actually earned these!,1.1527777777777777,0.0510443447020826,72,63,7,2,not_evaluated,not_evaluated
Which of these war stories would you like me to talk about?,1.1527777777777777,0.0470562303987024,72,62,9,1,not_evaluated,not_evaluated
It's from the Battle of CVS in the War on Drugs.,1.1527777777777777,0.0582065094256953,72,65,3,4,not_evaluated,not_evaluated
"No, it's for a battleship.",1.1527777777777777,0.0510443447020826,72,63,7,2,not_evaluated,not_evaluated
"Contributions to my GoFundMe page just in case
my attorney is not acquainted with or related to people 
with prestige or influence.",1.1527777777777777,0.0470562303987024,72,62,9,1,not_evaluated,not_evaluated
... and those are my war crimes the President has defended on Twitter.,1.1527777777777777,0.0470562303987024,72,62,9,1,not_evaluated,not_evaluated
"Your register tape says the Bronze Star is $5.99, but the label on the shelf said it's on sale for $3.49. I'd go to customer service to get a refund of the difference if I were you.",1.1527777777777777,0.0510443447020826,72,63,7,2,not_evaluated,not_evaluated
Costco closes at 6 today,1.1527777777777777,0.0470562303987024,72,62,9,1,not_evaluated,not_evaluated
We wear it on our chests these days.,1.1527777777777777,0.0510443447020826,72,63,7,2,not_evaluated,not_evaluated
So your second Purple Heart was 20% off?,1.1527777777777777,0.0510443447020826,72,63,7,2,not_evaluated,not_evaluated
You were awarded the congressional medal of accounting,1.1527777777777777,0.0510443447020826,72,63,7,2,not_evaluated,not_evaluated
It's a quick synopsis of my life.,1.1527777777777777,0.0510443447020826,72,63,7,2,not_evaluated,not_evaluated
It's from my ticker tape parade.,1.1527777777777777,0.0510443447020826,72,63,7,2,not_evaluated,not_evaluated
That one’s for my tour of duty shopping with my wife at our discount warehouse club.,1.1527777777777777,0.0470562303987024,72,62,9,1,not_evaluated,not_evaluated
"Well let’s see, there’s the Medal of Honor, the Distinguished Service Medal,  and using coupons I saved $11.50 on groceries this week.",1.1527777777777777,0.0510443447020826,72,63,7,2,not_evaluated,not_evaluated
I've been a good boy this year.,1.1527777777777777,0.0470562303987024,72,62,9,1,not_evaluated,not_evaluated
Read the transcript.,1.1527777777777777,0.0547426838289309,72,64,5,3,not_evaluated,not_evaluated
It's true: I reenlisted.,1.1527777777777777,0.0510443447020826,72,63,7,2,not_evaluated,not_evaluated
Oh! It's a medal for surviving my wife's 2018 holiday shopping list.,1.1527777777777777,0.0426972190266123,72,61,11,0,not_evaluated,not_evaluated
"No m'am, it's not a receipt from Bergdorf Goodman, it's an etcetera from the top guys.",1.1527777777777777,0.0547426838289309,72,64,5,3,not_evaluated,not_evaluated
And that one’s for bravery in a CVS greeting card aisle on Valentine’s Day.,1.1527777777777777,0.0547426838289309,72,64,5,3,not_evaluated,not_evaluated
Your grocery list  ?,1.1527777777777777,0.0470562303987024,72,62,9,1,not_evaluated,not_evaluated
"If I didn’t know better, I would have thought it was a shopping list.",1.1527777777777777,0.0470562303987024,72,62,9,1,not_evaluated,not_evaluated
"Veterans Day Sale, 1993. No scented candle was left behind.",1.1527777777777777,0.0510443447020826,72,63,7,2,not_evaluated,not_evaluated
We lost a lot of good hammers in that audit.,1.1527777777777777,0.0510443447020826,72,63,7,2,not_evaluated,not_evaluated
And that one's for employee of the month.,1.1527777777777777,0.0547426838289309,72,64,5,3,not_evaluated,not_evaluated
The Quartermaster General demands receipts for the $3000 screwdrivers.,1.1527777777777777,0.0510443447020826,72,63,7,2,not_evaluated,not_evaluated
"The battle zones do differ, but the awards are the same.",1.1527777777777777,0.0510443447020826,72,63,7,2,not_evaluated,not_evaluated
Too much red tape if you ask me.,1.1527777777777777,0.0510443447020826,72,63,7,2,not_evaluated,not_evaluated
"Would you like to come upstairs and read my medals?
I've got a magnifying bed.",1.1527777777777777,0.0547426838289309,72,64,5,3,not_evaluated,not_evaluated
It gives you my polling numbers in the swing states.,1.1527777777777777,0.0547426838289309,72,64,5,3,not_evaluated,not_evaluated
"It's designed to be endless, of course.",1.1527777777777777,0.0470562303987024,72,62,9,1,not_evaluated,not_evaluated
"Select a year and it prints a list of honors, awards,  promotions etc., etc.",1.1527777777777777,0.0470562303987024,72,62,9,1,not_evaluated,not_evaluated
You can add 20% for gratuity.,1.1527777777777777,0.0470562303987024,72,62,9,1,not_evaluated,not_evaluated
Yes! They are citations for tweets.,1.1527777777777777,0.0547426838289309,72,64,5,3,not_evaluated,not_evaluated
Its your Bar Bill...,1.1527777777777777,0.0547426838289309,72,64,5,3,not_evaluated,not_evaluated
It's for valor and bravery in a CVS Pharmacy.,1.1527777777777777,0.0547426838289309,72,64,5,3,not_evaluated,not_evaluated
Care to submit the survey?,1.1527777777777777,0.0470562303987024,72,62,9,1,not_evaluated,not_evaluated
Petraeus's mooching off me again.,1.1527777777777777,0.0510443447020826,72,63,7,2,not_evaluated,not_evaluated
What you're ;looking at is the receipt for getting my face set into a permanent General's scowl.,1.1527777777777777,0.0547426838289309,72,64,5,3,not_evaluated,not_evaluated
"Yes, I do shop at CVS. Why do you ask?",1.1527777777777777,0.0547426838289309,72,64,5,3,not_evaluated,not_evaluated
The PTSD treatment has a very high co-pay,1.1527777777777777,0.0426972190266123,72,61,11,0,not_evaluated,not_evaluated
They're my talking points from the White House.,1.1527777777777777,0.0510443447020826,72,63,7,2,not_evaluated,not_evaluated
Is that the new portable printer just released by Lapel Print inc. ?,1.1527777777777777,0.0510443447020826,72,63,7,2,not_evaluated,not_evaluated
... for the Battle of Black Friday”,1.1527777777777777,0.0470562303987024,72,62,9,1,not_evaluated,not_evaluated
No tip mecessary.,1.1527777777777777,0.0470562303987024,72,62,9,1,not_evaluated,not_evaluated
"In this administration, I am what's known as an acting 
Secretary of Defense.",1.1527777777777777,0.0510443447020826,72,63,7,2,not_evaluated,not_evaluated
Ohh a bargain,1.1527777777777777,0.0510443447020826,72,63,7,2,not_evaluated,not_evaluated
Yes this is the list of all they have been fired. I Can’t keep up.,1.1527777777777777,0.0510443447020826,72,63,7,2,not_evaluated,not_evaluated
It’s from the Great Battle of CVS Pharmacy,1.1527777777777777,0.0510443447020826,72,63,7,2,not_evaluated,not_evaluated
Not even stripes come free these days!,1.1527777777777777,0.0510443447020826,72,63,7,2,not_evaluated,not_evaluated
Have you always been in charge?”,1.1527777777777777,0.0510443447020826,72,63,7,2,not_evaluated,not_evaluated
It's the President's shopping list for the War in Iraq,1.1527777777777777,0.0547426838289309,72,64,5,3,not_evaluated,not_evaluated
It's the ribbon of human cost.,1.1527777777777777,0.0547426838289309,72,64,5,3,not_evaluated,not_evaluated
Wait. I didn't order that.,1.1527777777777777,0.0470562303987024,72,62,9,1,not_evaluated,not_evaluated
That one's for saving sixty percent at Kohl's.,1.1527777777777777,0.0510443447020826,72,63,7,2,not_evaluated,not_evaluated
"This is my wife's shopping list.""  Michael Sivak, Ann Arbor, M",1.1527777777777777,0.0547426838289309,72,64,5,3,not_evaluated,not_evaluated
"Oddly enough, the Navy expects reimbursement for the Silver Star.",1.1527777777777777,0.0510443447020826,72,63,7,2,not_evaluated,not_evaluated
Our budgeting for military escorts is a lot more transparent these days.,1.1527777777777777,0.0510443447020826,72,63,7,2,not_evaluated,not_evaluated
We call it the enlistment ribbon.,1.1527777777777777,0.0470562303987024,72,62,9,1,not_evaluated,not_evaluated
And I received that one after being injured on Black Friday,1.1527777777777777,0.0470562303987024,72,62,9,1,not_evaluated,not_evaluated
"So, how long did you serve in Walgreens?",1.1527777777777777,0.0426972190266123,72,61,11,0,not_evaluated,not_evaluated
I earned it in the cola wars.,1.1527777777777777,0.0510443447020826,72,63,7,2,not_evaluated,not_evaluated
"My service record in presidential tweets, Ma'am.",1.1527777777777777,0.0510443447020826,72,63,7,2,not_evaluated,not_evaluated
No...it’s just my “Honey do” list.,1.1527777777777777,0.0510443447020826,72,63,7,2,not_evaluated,not_evaluated
It's Errata from the War on Christmas.,1.1527777777777777,0.0547426838289309,72,64,5,3,not_evaluated,not_evaluated
That’s a receipt for what I’m proudest of—a perfectly executed defense contract.,1.1527777777777777,0.0510443447020826,72,63,7,2,not_evaluated,not_evaluated
The tie is from having served in his Presidential cabinet,1.1527777777777777,0.0547426838289309,72,64,5,3,not_evaluated,not_evaluated
And this is a medal of the only person n the army with a receipt.,1.1527777777777777,0.0510443447020826,72,63,7,2,not_evaluated,not_evaluated
It doubles as my fax machine.,1.1527777777777777,0.0470562303987024,72,62,9,1,not_evaluated,not_evaluated
I see the fine print includes a disclaimer.,1.1527777777777777,0.0547426838289309,72,64,5,3,not_evaluated,not_evaluated
I'm not Bill Clinton.,1.1527777777777777,0.0547426838289309,72,64,5,3,not_evaluated,not_evaluated
I like fruit salad.,1.1527777777777777,0.0510443447020826,72,63,7,2,not_evaluated,not_evaluated
"That's right, I did NOT get the tip I deserve.",1.1527777777777777,0.0510443447020826,72,63,7,2,not_evaluated,not_evaluated
"It's a decorations legend. I mean, if you do amazing things in the forest but the accolades are incomprehensible, did you really do those things?",1.1527777777777777,0.0510443447020826,72,63,7,2,not_evaluated,not_evaluated
"You look gorgeous in your list of achievements, Sir!",1.1527777777777777,0.0510443447020826,72,63,7,2,not_evaluated,not_evaluated
"I'm in the Military budget Dept and have to
keep tabs on the on-going expenditures 24-7.",1.1527777777777777,0.0470562303987024,72,62,9,1,not_evaluated,not_evaluated
"This works like ""Me Too"" in the Military, it empowers Me and rewards Too.",1.1527777777777777,0.0470562303987024,72,62,9,1,not_evaluated,not_evaluated
You saved 20 billion dollars today! Would you like your receipt?,1.1527777777777777,0.0510443447020826,72,63,7,2,not_evaluated,not_evaluated
"I see, so you're the CVS long-list general?",1.1527777777777777,0.0510443447020826,72,63,7,2,not_evaluated,not_evaluated
Read it and weep baby !,1.1527777777777777,0.0254822211045017,72,63,9,0,not_evaluated,not_evaluated
It's Trump's Bucket List.,1.1527777777777777,0.0547426838289309,72,64,5,3,not_evaluated,not_evaluated
I'm almost at the end of my laundry list of things I planned to accomplish in my life.,1.1527777777777777,0.0510443447020826,72,63,7,2,not_evaluated,not_evaluated
"Of course, that is a short list of regulations and caveats that come with me. Act now and 50% off!!!",1.1527777777777777,0.0470562303987024,72,62,9,1,not_evaluated,not_evaluated
Those are the less important medals too numerous to wear.,1.1527777777777777,0.0547426838289309,72,64,5,3,not_evaluated,not_evaluated
Quit staring!   Haven't you ever seen a shopping list before?,1.1527777777777777,0.0510443447020826,72,63,7,2,not_evaluated,not_evaluated
What else did my tax dollars pay for?,1.1527777777777777,0.0547426838289309,72,64,5,3,not_evaluated,not_evaluated
"What, no Purple Heart?",1.1527777777777777,0.0470562303987024,72,62,9,1,not_evaluated,not_evaluated
It’s a real-time transcript printer.,1.1527777777777777,0.0510443447020826,72,63,7,2,not_evaluated,not_evaluated
"I thought the accommodations would seal the deal, but I pinned on the dinner receipt just in case.",1.1527777777777777,0.0470562303987024,72,62,9,1,not_evaluated,not_evaluated
Pick any question to ask me about.,1.1527777777777777,0.0510443447020826,72,63,7,2,not_evaluated,not_evaluated
Is that it?,1.1527777777777777,0.0510443447020826,72,63,7,2,not_evaluated,not_evaluated
"No, I don't want to hear about your Battle of the Bulge.",1.1527777777777777,0.0547426838289309,72,64,5,3,not_evaluated,not_evaluated
Who ordered the subtotal?,1.1527777777777777,0.0470562303987024,72,62,9,1,not_evaluated,not_evaluated
"Do not refer to me as ""Your Buttercup"" again!!!",1.1527777777777777,0.0582065094256953,72,65,3,4,not_evaluated,not_evaluated
This isn’t my first rodeo!,1.1527777777777777,0.0470562303987024,72,62,9,1,not_evaluated,not_evaluated
From my wife for never failing to check store receipts.,1.1527777777777777,0.0510443447020826,72,63,7,2,not_evaluated,not_evaluated
My salad days aren't over yet.,1.1527777777777777,0.0547426838289309,72,64,5,3,not_evaluated,not_evaluated
I got that one for shopping on Black Friday.,1.1527777777777777,0.0510443447020826,72,63,7,2,not_evaluated,not_evaluated
Thank you for your service charge.,1.1527777777777777,0.0470562303987024,72,62,9,1,not_evaluated,not_evaluated
This one was for bravery during the 2018 Sales Wars.,1.1527777777777777,0.0510443447020826,72,63,7,2,not_evaluated,not_evaluated
That's my Black Friday list.,1.1527777777777777,0.0426972190266123,72,61,11,0,not_evaluated,not_evaluated
The military procurement legislation had some unforeseen circumstances,1.1527777777777777,0.0510443447020826,72,63,7,2,not_evaluated,not_evaluated
They're my escort rates.,1.1527777777777777,0.0582065094256953,72,65,3,4,not_evaluated,not_evaluated
"Oh my, you've saved so much with your courageous couponing",1.1527777777777777,0.0510443447020826,72,63,7,2,not_evaluated,not_evaluated
It says to be continued.,1.1527777777777777,0.0510443447020826,72,63,7,2,not_evaluated,not_evaluated
It's my list of poker IOU's.,1.1527777777777777,0.0510443447020826,72,63,7,2,not_evaluated,not_evaluated
It cost me alot of money for these metals you see.,1.1527777777777777,0.0470562303987024,72,62,9,1,not_evaluated,not_evaluated
That's for being at a Target in the line of fire sale.,1.1527777777777777,0.0547426838289309,72,64,5,3,not_evaluated,not_evaluated
1.99/lb for Organic Apples! I'd brag about that deal too!,1.1527777777777777,0.0510443447020826,72,63,7,2,not_evaluated,not_evaluated
That is my military ledger.,1.1527777777777777,0.0470562303987024,72,62,9,1,not_evaluated,not_evaluated
It's my Walmart Black Friday battle ribbon and gift receipt.,1.1527777777777777,0.0426972190266123,72,61,11,0,not_evaluated,not_evaluated
"That medal, Madam, was for the 2019 Battle of the Paper Pushers!",1.1527777777777777,0.0510443447020826,72,63,7,2,not_evaluated,not_evaluated
"I’m good at this, you are a cash register.",1.1527777777777777,0.0510443447020826,72,63,7,2,not_evaluated,not_evaluated
My wife insists that I wear the grocery list so I won't forget anything.,1.1527777777777777,0.0547426838289309,72,64,5,3,not_evaluated,not_evaluated
The rest are pending Senate confirmation,1.1527777777777777,0.0510443447020826,72,63,7,2,not_evaluated,not_evaluated
My military specialty is money.,1.1527777777777777,0.0470562303987024,72,62,9,1,not_evaluated,not_evaluated
I need a price check on this war,1.1527777777777777,0.0510443447020826,72,63,7,2,not_evaluated,not_evaluated
"That's the Black Friday Award, given annually to
the best shopper at our PX",1.1527777777777777,0.0470562303987024,72,62,9,1,not_evaluated,not_evaluated
Oh that. The GSA is auditing the Pentagon again.,1.1527777777777777,0.0470562303987024,72,62,9,1,not_evaluated,not_evaluated
They also made me shop at Home Depot..,1.1527777777777777,0.0510443447020826,72,63,7,2,not_evaluated,not_evaluated
"No, it doesn't mean I'm about to be cashiered . . .Quite the contrary . ..",1.1527777777777777,0.0547426838289309,72,64,5,3,not_evaluated,not_evaluated
"No, it’s my wife’s grocery list!!",1.1527777777777777,0.0426972190266123,72,61,11,0,not_evaluated,not_evaluated
It helps me remember all the illegal lobbying efforts I’m being paid for.,1.1527777777777777,0.0510443447020826,72,63,7,2,not_evaluated,not_evaluated
"So, now they have to issue asterisks to accompany your pins and medals?!",1.1527777777777777,0.0510443447020826,72,63,7,2,not_evaluated,not_evaluated
It's a Semper Filofax.,1.1527777777777777,0.0510443447020826,72,63,7,2,not_evaluated,not_evaluated
It's the list of my conquests thus far,1.1527777777777777,0.0510443447020826,72,63,7,2,not_evaluated,not_evaluated
It’s a complete guide to the fruit salad above for the militarily uninitiated.”,1.1527777777777777,0.0510443447020826,72,63,7,2,not_evaluated,not_evaluated
The cost of arms . . . and arms.,1.1527777777777777,0.0510443447020826,72,63,7,2,not_evaluated,not_evaluated
"That one is from Wal-Mart's Black Friday, Topeka 2017.",1.1527777777777777,0.0449296190276652,72,64,6,2,not_evaluated,not_evaluated
One of the top ten spenders at Trader Joe’s.,1.1527777777777777,0.0510443447020826,72,63,7,2,not_evaluated,not_evaluated
This one I got from my wife for a Target run.,1.1527777777777777,0.0426972190266123,72,61,11,0,not_evaluated,not_evaluated
This one was for braving it out on Black Friday 2018.,1.1527777777777777,0.0470562303987024,72,62,9,1,not_evaluated,not_evaluated
I loved Operation Dumbo Drop!,1.1527777777777777,0.0510443447020826,72,63,7,2,not_evaluated,not_evaluated
That’s my Ranger Overseas Campaign bar tab.,1.1527777777777777,0.0510443447020826,72,63,7,2,not_evaluated,not_evaluated
That one's for whistle blowing.,1.1527777777777777,0.0582065094256953,72,65,3,4,not_evaluated,not_evaluated
"I've spent my whole career in the military, but this is just my third tour serving the country at diplomatic cocktail parties.""",1.1527777777777777,0.0510443447020826,72,63,7,2,not_evaluated,not_evaluated
The groceries I'm to pick up on my way home.,1.1527777777777777,0.0470562303987024,72,62,9,1,not_evaluated,not_evaluated
I serve in the chairborne.,1.1527777777777777,0.0510443447020826,72,63,7,2,not_evaluated,not_evaluated
"It's really hard to play ""Neve Have I Ever"", since I've done it all",1.1527777777777777,0.0510443447020826,72,63,7,2,not_evaluated,not_evaluated
"Okay, so you’re right.  I bought all this fruit salad.",1.1527777777777777,0.0547426838289309,72,64,5,3,not_evaluated,not_evaluated
"If you fill out the survey at the bottom, you get half-off your next drone strike.",1.1527777777777777,0.0470562303987024,72,62,9,1,not_evaluated,not_evaluated
The women in my division won't let me pin their ribbons on any more.,1.1527777777777777,0.0510443447020826,72,63,7,2,not_evaluated,not_evaluated
Those are our new gender neutral military decorations.,1.1527777777777777,0.0426972190266123,72,61,11,0,not_evaluated,not_evaluated
And that's my Distinguished Procurement Ribbon.,1.1527777777777777,0.0470562303987024,72,62,9,1,not_evaluated,not_evaluated
"When they said military industrial COMPLEX, they weren't kidding.",1.1527777777777777,0.0510443447020826,72,63,7,2,not_evaluated,not_evaluated
These are my current affiliations and awards.,1.1527777777777777,0.0470562303987024,72,62,9,1,not_evaluated,not_evaluated
That’s the receipt of valor for meritorious service at Trader Joe’s.,1.144927536231884,0.0474200647405741,69,60,8,1,not_evaluated,not_evaluated
And I’ll need to give you a raincheck on  at least one of my oak clusters.,1.144927536231884,0.0474200647405741,69,60,8,1,not_evaluated,not_evaluated
This is just the abridged version of my achievements.,1.144927536231884,0.0517196287641915,69,61,6,2,not_evaluated,not_evaluated
"Yes ma’am, that’s correct—Colonel Small Plates.",1.144927536231884,0.0426896366873121,69,59,10,0,not_evaluated,not_evaluated
I’m afraid I can’t afford your services.,1.144927536231884,0.0517196287641915,69,61,6,2,not_evaluated,not_evaluated
My dry cleaners reminding me that I haven't paid my tab.,1.144927536231884,0.0426896366873121,69,59,10,0,not_evaluated,not_evaluated
"Well, at least you kept the receipt",1.144927536231884,0.0426896366873121,69,59,10,0,not_evaluated,not_evaluated
"When in uniform, we’re required to post the fraternization policy.",1.144927536231884,0.0517196287641915,69,61,6,2,not_evaluated,not_evaluated
You can hit the cancel button anytime,1.144927536231884,0.0556882165184999,69,62,4,3,not_evaluated,not_evaluated
I could only answer those inane 'What was this one for?' questions so many times.,1.144927536231884,0.0474200647405741,69,60,8,1,not_evaluated,not_evaluated
That’s a major shopping list.,1.144927536231884,0.0593922126083619,69,63,2,4,not_evaluated,not_evaluated
These are my medals of discretion.,1.144927536231884,0.0517196287641915,69,61,6,2,not_evaluated,not_evaluated
That's for heroism in the produce section at the Battle of Safeway.,1.144927536231884,0.0474200647405741,69,60,8,1,not_evaluated,not_evaluated
"Military-industrial complex, my foot!",1.144927536231884,0.0426896366873121,69,59,10,0,not_evaluated,not_evaluated
"Yes, I did spend a few years in the Finance and Accounting Service as well.",1.144927536231884,0.0426896366873121,69,59,10,0,not_evaluated,not_evaluated
I just got tired of reminding everyone that not only have I witnessed criminal misconduct,1.144927536231884,0.0517196287641915,69,61,6,2,not_evaluated,not_evaluated
Oh that long one is just a Rite Aid receipt,1.144927536231884,0.0474200647405741,69,60,8,1,not_evaluated,not_evaluated
That’s for police actions,1.144927536231884,0.0474200647405741,69,60,8,1,not_evaluated,not_evaluated
I see the Commander-in-Chief approves of your ribbons.,1.144927536231884,0.0556882165184999,69,62,4,3,not_evaluated,not_evaluated
I’m fully decorated and you can take me home for cost.,1.144927536231884,0.0517196287641915,69,61,6,2,not_evaluated,not_evaluated
"Maybe it's the wine, but is that a Pizza Hut receipt?",1.144927536231884,0.0426896366873121,69,59,10,0,not_evaluated,not_evaluated
Oh that ... yes Def Leppard was my first concert.,1.144927536231884,0.0474200647405741,69,60,8,1,not_evaluated,not_evaluated
I tore the price tag off my cocktail dress before I put it on!,1.144927536231884,0.0474200647405741,69,60,8,1,not_evaluated,not_evaluated
"To thank me for my service, call the number under the coupons.",1.144927536231884,0.0556882165184999,69,62,4,3,not_evaluated,not_evaluated
I got that one at Trader Joe's.,1.144927536231884,0.0517196287641915,69,61,6,2,not_evaluated,not_evaluated
"If you need a transfer to the Bronx, just let me know.",1.144927536231884,0.0517196287641915,69,61,6,2,not_evaluated,not_evaluated
It's the CVS award.,1.144927536231884,0.0474200647405741,69,60,8,1,not_evaluated,not_evaluated
"Two more sips, sir. Your dignity is at the bottom of the glass.",1.144927536231884,0.0474200647405741,69,60,8,1,not_evaluated,not_evaluated
It's nice that CVS is recognizing your service!,1.144927536231884,0.0474200647405741,69,60,8,1,not_evaluated,not_evaluated
Frankly I’ve had enough of those who claim to pay it forward.,1.144927536231884,0.0474200647405741,69,60,8,1,not_evaluated,not_evaluated
I also was decorated as the Retail Clerk Captain at the PX.,1.144927536231884,0.0426896366873121,69,59,10,0,not_evaluated,not_evaluated
They never include gratuity,1.144927536231884,0.0426896366873121,69,59,10,0,not_evaluated,not_evaluated
"If you have troubles understanding the acronyms, just read the .txt",1.144927536231884,0.0426896366873121,69,59,10,0,not_evaluated,not_evaluated
"No, service is NOT included.",1.144927536231884,0.0517196287641915,69,61,6,2,not_evaluated,not_evaluated
I've got coupons too.,1.144927536231884,0.0474200647405741,69,60,8,1,not_evaluated,not_evaluated
"I 'm more of a ""specific.""",1.144927536231884,0.0426896366873121,69,59,10,0,not_evaluated,not_evaluated
"Well, Madame Ambassador, these days it's essential to offer transparent pricing.",1.144927536231884,0.0517196287641915,69,61,6,2,not_evaluated,not_evaluated
I am not much of a talker and it was getting a bit much explaining them all.  Yet like to impress so typed it all up!,1.144927536231884,0.0426896366873121,69,59,10,0,not_evaluated,not_evaluated
I'm the brass in charge of Details,1.144927536231884,0.0474200647405741,69,60,8,1,not_evaluated,not_evaluated
The Army’s new way of keeping tabs.,1.144927536231884,0.0517196287641915,69,61,6,2,not_evaluated,not_evaluated
Its a price tag.,1.144927536231884,0.0517196287641915,69,61,6,2,not_evaluated,not_evaluated
"They're a list of jokes, Ma'am. I'm generally not a funny guy.",1.144927536231884,0.0426896366873121,69,59,10,0,not_evaluated,not_evaluated
I always put my grocery list under my Fruit Salad.,1.144927536231884,0.0474200647405741,69,60,8,1,not_evaluated,not_evaluated
We've decided it is wise to keep track of all the times the President tweets nice things about us.,1.144927536231884,0.0426896366873121,69,59,10,0,not_evaluated,not_evaluated
"The name, ma'am, is Major General Duane Reade.",1.144927536231884,0.0517196287641915,69,61,6,2,not_evaluated,not_evaluated
Oh that one’s for the liberation of CVS - it starts at my left ankle.,1.144927536231884,0.0474200647405741,69,60,8,1,not_evaluated,not_evaluated
"Yes, I bought impossible meet, why do you ask?",1.144927536231884,0.0474200647405741,69,60,8,1,not_evaluated,not_evaluated
I'm going to return this one,1.144927536231884,0.0426896366873121,69,59,10,0,not_evaluated,not_evaluated
"No, it's not an award.  It's a receipt from CVS.",1.144927536231884,0.0426896366873121,69,59,10,0,not_evaluated,not_evaluated
Campaign finance rules are getting ridiculous!,1.144927536231884,0.0556882165184999,69,62,4,3,not_evaluated,not_evaluated
I do shop at CVS,1.144927536231884,0.0311430596037644,69,62,6,1,not_evaluated,not_evaluated
It’s the receipt for what I paid for these medals...plus I’m being given an ambassadorship for a lousy million dollars.,1.144927536231884,0.0474200647405741,69,60,8,1,not_evaluated,not_evaluated
That one is for 15% off my next purchase.,1.144927536231884,0.0474200647405741,69,60,8,1,not_evaluated,not_evaluated
Hmm..... Wouldn’t a few notches in your belt suffice?,1.144927536231884,0.0474200647405741,69,60,8,1,not_evaluated,not_evaluated
Disclaimers!,1.144927536231884,0.0474200647405741,69,60,8,1,not_evaluated,not_evaluated
They promised me a ticker-tape parade.  This is the bill.,1.144927536231884,0.0556882165184999,69,62,4,3,not_evaluated,not_evaluated
It's the Christmas list I made while I was in captivity.,1.144927536231884,0.0517196287641915,69,61,6,2,not_evaluated,not_evaluated
"Oh I’m so embarrassed that my ATM receipt is out there like that. Yeah, Generals can make a lot in endorsements, residuals, bribes... I mean... Never mind that. Speaking of ATM, you Greek by chance?",1.144927536231884,0.0517196287641915,69,61,6,2,not_evaluated,not_evaluated
It’s a list of my confirmed kills - keeps me humble.,1.144927536231884,0.0474200647405741,69,60,8,1,not_evaluated,not_evaluated
"Your ""stern facial expression"" class cost a small fortune, but it was worth it.",1.144927536231884,0.0517196287641915,69,61,6,2,not_evaluated,not_evaluated
"Bought whole getup from his widow, see receipt?",1.144927536231884,0.0517196287641915,69,61,6,2,not_evaluated,not_evaluated
It's a receipt for the dinner. Thanks to this clown in office accountability is at an all time high.,1.144927536231884,0.0517196287641915,69,61,6,2,not_evaluated,not_evaluated
"No, ma'am, I'm not in the armed forces. I'm the Postmaster General. We do have our own medals, but even those come with absurdly long receipts.",1.144927536231884,0.0474200647405741,69,60,8,1,not_evaluated,not_evaluated
"Excuse me sir, did you fart ? It smelks like fachism In here.",1.144927536231884,0.0474200647405741,69,60,8,1,not_evaluated,not_evaluated
You have no idea what the financial cost of service is...so take a look,1.144927536231884,0.0517196287641915,69,61,6,2,not_evaluated,not_evaluated
"You seem to like my ribbons, however, the print out shows my actual wealth""",1.144927536231884,0.0517196287641915,69,61,6,2,not_evaluated,not_evaluated
I know it looks bad. They ran out of pins so they started writing my accomplishments on a receipt.,1.144927536231884,0.0474200647405741,69,60,8,1,not_evaluated,not_evaluated
All this for buying just one item at CVS,1.144927536231884,0.0474200647405741,69,60,8,1,not_evaluated,not_evaluated
My administrative accomplishments are alphabetized here.,1.144927536231884,0.0474200647405741,69,60,8,1,not_evaluated,not_evaluated
It's for bravery in the face of filing an expense report.,1.144927536231884,0.0426896366873121,69,59,10,0,not_evaluated,not_evaluated
I earned this medal serving CVS on Black Friday.,1.144927536231884,0.0426896366873121,69,59,10,0,not_evaluated,not_evaluated
It's field toilet paper.,1.144927536231884,0.0517196287641915,69,61,6,2,not_evaluated,not_evaluated
My dry cleaner is taking me  to the cleaners!,1.144927536231884,0.0474200647405741,69,60,8,1,not_evaluated,not_evaluated
I got it at the Battle of the Duane Reade Checkout.,1.144927536231884,0.0474200647405741,69,60,8,1,not_evaluated,not_evaluated
"At least I got to travel the world""",1.144927536231884,0.0517196287641915,69,61,6,2,not_evaluated,not_evaluated
It says here that you served two tours...in a CVS?,1.144927536231884,0.0474200647405741,69,60,8,1,not_evaluated,not_evaluated
You spent $4.99 on Captain Crunch?,1.144927536231884,0.0517196287641915,69,61,6,2,not_evaluated,not_evaluated
I'm 'double dipping' at the Consumer Protection Agency,1.144927536231884,0.0474200647405741,69,60,8,1,not_evaluated,not_evaluated
"It's Lt. Colonel to you, not Mister. And, yes, that's my Honey Do list from The Three Amigos.",1.144927536231884,0.0426896366873121,69,59,10,0,not_evaluated,not_evaluated
So your medals earned you a ticker-tape . . . parade?,1.144927536231884,0.0474200647405741,69,60,8,1,not_evaluated,not_evaluated
Thank you.  It’s actually longer than Wallgreen’s.,1.144927536231884,0.0556882165184999,69,62,4,3,not_evaluated,not_evaluated
And that ribbon is for standing in line at Target on Black Friday.,1.144927536231884,0.0556882165184999,69,62,4,3,not_evaluated,not_evaluated
"Yes, my uniform speaks for itself!",1.144927536231884,0.0517196287641915,69,61,6,2,not_evaluated,not_evaluated
For Certified Valuable Service it's my CVS and it's loaded with coupons.,1.144927536231884,0.0517196287641915,69,61,6,2,not_evaluated,not_evaluated
I was awarded that one for shopping at CVS.,1.144927536231884,0.0517196287641915,69,61,6,2,not_evaluated,not_evaluated
"That one's for damaged goods, it adds up to folly.",1.144927536231884,0.0474200647405741,69,60,8,1,not_evaluated,not_evaluated
"Yes, it's a shopping list. And I declare war on anyone who laughs.",1.144927536231884,0.0474200647405741,69,60,8,1,not_evaluated,not_evaluated
I wonder how long it will get if he becomes a general.,1.144927536231884,0.0311430596037644,69,62,6,1,not_evaluated,not_evaluated
"No, I do not want a free wash and wax.",1.144927536231884,0.0517196287641915,69,61,6,2,not_evaluated,not_evaluated
"No, it's not toilet paper.",1.144927536231884,0.0474200647405741,69,60,8,1,not_evaluated,not_evaluated
Just call me Your Illustriousness for short.,1.144927536231884,0.0556882165184999,69,62,4,3,not_evaluated,not_evaluated
Your mini printer is spewing garbage,1.144927536231884,0.0474200647405741,69,60,8,1,not_evaluated,not_evaluated
Proof that my rack is better.,1.144927536231884,0.0517196287641915,69,61,6,2,not_evaluated,not_evaluated
That one is for invading CVS headquarters,1.144927536231884,0.0517196287641915,69,61,6,2,not_evaluated,not_evaluated
Thank you ma'am for your fundraiser donation. Please take your receipt.,1.144927536231884,0.0474200647405741,69,60,8,1,not_evaluated,not_evaluated
It just seems like CVS should have this figured out by now.,1.144927536231884,0.0517196287641915,69,61,6,2,not_evaluated,not_evaluated
"BeBe beeeep beeep beep errrrr beeep""",1.144927536231884,0.0474200647405741,69,60,8,1,not_evaluated,not_evaluated
I can also shop for groceries.,1.144927536231884,0.0426896366873121,69,59,10,0,not_evaluated,not_evaluated
"And most of all, I saved money.",1.144927536231884,0.0556882165184999,69,62,4,3,not_evaluated,not_evaluated
It's just a shopping list.  I need to stop at the market on the way home.,1.144927536231884,0.0426896366873121,69,59,10,0,not_evaluated,not_evaluated
That's some salad.,1.144927536231884,0.0517196287641915,69,61,6,2,not_evaluated,not_evaluated
I'd clip the 'two nukes for the price of one' coupon.,1.144927536231884,0.0474200647405741,69,60,8,1,not_evaluated,not_evaluated
"I don’t like to brag - -  So that’s a pulldown
Menu of my Medals",1.1343283582089552,0.0516376863386756,67,60,5,2,not_evaluated,not_evaluated
I’m recruiting for my bucket list.,1.1343283582089552,0.0470549318991947,67,59,7,1,not_evaluated,not_evaluated
Do you cook ?,1.1343283582089552,0.0470549318991947,67,59,7,1,not_evaluated,not_evaluated
Some day it may happen that a victim must be found.,1.1343283582089552,0.0445872694706803,67,61,4,2,not_evaluated,not_evaluated
'It's a grocery list',1.1343283582089552,0.0470549318991947,67,59,7,1,not_evaluated,not_evaluated
"No, it's not a cash register receipt.",1.1343283582089552,0.0516376863386756,67,60,5,2,not_evaluated,not_evaluated
If I were to say something that could be misconstrued to be inappropriate it would be item number 17.,1.1343283582089552,0.0516376863386756,67,60,5,2,not_evaluated,not_evaluated
The campaign to protect the Mall of America on Black Friday,1.1343283582089552,0.0470549318991947,67,59,7,1,not_evaluated,not_evaluated
Battle of Wallgreens,1.1343283582089552,0.055845632638417,67,61,3,3,not_evaluated,not_evaluated
This is the cost of war! Is that not general knowledge?,1.1343283582089552,0.0445872694706803,67,61,4,2,not_evaluated,not_evaluated
It’s a certificate of authenticity,1.1343283582089552,0.0419747850698996,67,58,9,0,not_evaluated,not_evaluated
I notice you were also in the Walgreen’s campaign.,1.1343283582089552,0.0516376863386756,67,60,5,2,not_evaluated,not_evaluated
Smaller real-time citations ma’am.  See there’s another for being polite.,1.1343283582089552,0.0516376863386756,67,60,5,2,not_evaluated,not_evaluated
"No more medals, Madam. It’s the Presidential Ribbon of Distinguished Service.",1.1343283582089552,0.0470549318991947,67,59,7,1,not_evaluated,not_evaluated
"It’s just a convenient place to keep the launch codes, especially after a few drinks.",1.1343283582089552,0.055845632638417,67,61,3,3,not_evaluated,not_evaluated
Does that include sales tax?,1.1343283582089552,0.0419747850698996,67,58,9,0,not_evaluated,not_evaluated
I was told that my Little League games would be on my permanent record. At the time I didn't believe it.,1.1343283582089552,0.0470549318991947,67,59,7,1,not_evaluated,not_evaluated
I spent some time in CVS.,1.1343283582089552,0.0516376863386756,67,60,5,2,not_evaluated,not_evaluated
The one at the bottom is from my tour at CVS,1.1343283582089552,0.0419747850698996,67,58,9,0,not_evaluated,not_evaluated
"I’m in uniform, you are supposed to salute.",1.1343283582089552,0.0516376863386756,67,60,5,2,not_evaluated,not_evaluated
One of your medals is smudged.,1.1343283582089552,0.0470549318991947,67,59,7,1,not_evaluated,not_evaluated
"Oh, that. These days, just one tweet and I could sh*t my pants.",1.1343283582089552,0.0516376863386756,67,60,5,2,not_evaluated,not_evaluated
It's a printout of my stays at Trump's Turnberry Resort.,1.1343283582089552,0.0419747850698996,67,58,9,0,not_evaluated,not_evaluated
This last one I got serving at CVS,1.1343283582089552,0.0419747850698996,67,58,9,0,not_evaluated,not_evaluated
You must have misheard me. I got this from my time at The Rack.,1.1343283582089552,0.0470549318991947,67,59,7,1,not_evaluated,not_evaluated
"Name, rank, and serial number plus my latest flash fiction.",1.1343283582089552,0.0516376863386756,67,60,5,2,not_evaluated,not_evaluated
"Oh no! Honey, you forgot to do the groceries?!",1.1343283582089552,0.0516376863386756,67,60,5,2,not_evaluated,not_evaluated
I picked up this Pinot  from CVS on the way here.,1.1343283582089552,0.0470549318991947,67,59,7,1,not_evaluated,not_evaluated
A ticket where at?,1.1343283582089552,0.0470549318991947,67,59,7,1,not_evaluated,not_evaluated
"Captain Morgan, I presume?",1.1343283582089552,0.0516376863386756,67,60,5,2,not_evaluated,not_evaluated
Instead of a tip I gave them four stars.,1.1343283582089552,0.0516376863386756,67,60,5,2,not_evaluated,not_evaluated
It’s my wife’s shopping list,1.1343283582089552,0.0419747850698996,67,58,9,0,not_evaluated,not_evaluated
"No, that one is not from 
The Battle of CVS!",1.1343283582089552,0.0516376863386756,67,60,5,2,not_evaluated,not_evaluated
That's for the opening of the CVS on base.,1.1343283582089552,0.0470549318991947,67,59,7,1,not_evaluated,not_evaluated
I served in CVS.,1.1343283582089552,0.0470549318991947,67,59,7,1,not_evaluated,not_evaluated
For Black Friday bravery at CVS.,1.1343283582089552,0.0419747850698996,67,58,9,0,not_evaluated,not_evaluated
"Yes, it was won it battle...with Costco",1.1343283582089552,0.0470549318991947,67,59,7,1,not_evaluated,not_evaluated
And I received this medal for valor in the face of great odds during the Black Friday sale of 2013.,1.1343283582089552,0.0516376863386756,67,60,5,2,not_evaluated,not_evaluated
I earned most of them at CVS,1.1343283582089552,0.0470549318991947,67,59,7,1,not_evaluated,not_evaluated
Just to prove the taxpayers are getting their money's worth!,1.1343283582089552,0.055845632638417,67,61,3,3,not_evaluated,not_evaluated
"The more they add, the less I have to do.",1.1343283582089552,0.0516376863386756,67,60,5,2,not_evaluated,not_evaluated
IOUs.,1.1343283582089552,0.0470549318991947,67,59,7,1,not_evaluated,not_evaluated
I got this medal for grocery shopping. It prints a list.,1.1343283582089552,0.0470549318991947,67,59,7,1,not_evaluated,not_evaluated
"So, do you want to be on the ticket?",1.1343283582089552,0.0470549318991947,67,59,7,1,not_evaluated,not_evaluated
That one was awarded by CVS.,1.1343283582089552,0.0470549318991947,67,59,7,1,not_evaluated,not_evaluated
"oh

OH MY!
Don't you work for 
CVS
















 OH MY!!!

AREN'T YOU THE CEO OF CVS????",1.1343283582089552,0.0516376863386756,67,60,5,2,not_evaluated,not_evaluated
It exposed the darkness in our hearts. That's why we call it Black Friday.,1.1343283582089552,0.0470549318991947,67,59,7,1,not_evaluated,not_evaluated
Oh man! I saved $3.75 today.,1.1343283582089552,0.0470549318991947,67,59,7,1,not_evaluated,not_evaluated
"Oh, that's your grocery receipt!",1.1343283582089552,0.0470549318991947,67,59,7,1,not_evaluated,not_evaluated
I received that one for shopping at CVS.,1.1343283582089552,0.0470549318991947,67,59,7,1,not_evaluated,not_evaluated
I got that one last year for superior retail strategy under Black Friday conditions.,1.1343283582089552,0.0470549318991947,67,59,7,1,not_evaluated,not_evaluated
"Yeah, I keep a running tab of what each of these awards cost me at the P.X.",1.1343283582089552,0.0470549318991947,67,59,7,1,not_evaluated,not_evaluated
"So, your nickname is Chesty, too?",1.1343283582089552,0.0470549318991947,67,59,7,1,not_evaluated,not_evaluated
"They're for filing Pentagon forms. Not as glamorous as bombing ISIS; but, I feel, just as important.",1.1343283582089552,0.0470549318991947,67,59,7,1,not_evaluated,not_evaluated
My fruit cocktail comes with translations,1.1343283582089552,0.0516376863386756,67,60,5,2,not_evaluated,not_evaluated
Taking the tweets to heart,1.1343283582089552,0.0470549318991947,67,59,7,1,not_evaluated,not_evaluated
That one is for the time I spent in Rite Aid,1.1343283582089552,0.0419747850698996,67,58,9,0,not_evaluated,not_evaluated
I fought in The Great Battle of CVS.,1.1343283582089552,0.0516376863386756,67,60,5,2,not_evaluated,not_evaluated
"The Army copied the drugstores, it’s a new medal with coupons for future battles.",1.1343283582089552,0.0516376863386756,67,60,5,2,not_evaluated,not_evaluated
Voucher medals are also more environmentally friendly.,1.1343283582089552,0.0419747850698996,67,58,9,0,not_evaluated,not_evaluated
It’s a list of where I got my ticket punched.,1.1343283582089552,0.0470549318991947,67,59,7,1,not_evaluated,not_evaluated
Accountability clarifies freedom.,1.1343283582089552,0.0470549318991947,67,59,7,1,not_evaluated,not_evaluated
Executive summary. The detailed budget and spending estimates are only available online.,1.1343283582089552,0.0516376863386756,67,60,5,2,not_evaluated,not_evaluated
"Honey, this ATM machine won't give me back my card.",1.1343283582089552,0.0419747850698996,67,58,9,0,not_evaluated,not_evaluated
"This one?  Oh, it's just a damned CVS receipt.",1.1343283582089552,0.0419747850698996,67,58,9,0,not_evaluated,not_evaluated
And that one was for Operation Costco.,1.1343283582089552,0.0419747850698996,67,58,9,0,not_evaluated,not_evaluated
Its a gift receipt for the war. I’d rather not know what it cost.,1.1343283582089552,0.0470549318991947,67,59,7,1,not_evaluated,not_evaluated
I got this one for saving over 60% at Safeway.,1.1343283582089552,0.0419747850698996,67,58,9,0,not_evaluated,not_evaluated
this one means...,1.1323529411764706,0.0463998528118308,68,60,7,1,not_evaluated,not_evaluated
"I think you should consider leaving your
third grade report card off of your uniform.",1.1323529411764706,0.0509109801883044,68,61,5,2,not_evaluated,not_evaluated
No its not a menu,1.1323529411764706,0.0463998528118308,68,60,7,1,not_evaluated,not_evaluated
This one's for Distinguished Real Life Shopping in an Online World.,1.1323529411764706,0.0509109801883044,68,61,5,2,not_evaluated,not_evaluated
"Admiral said to get it dry cleaned, so I said - Yes, sir.",1.1323529411764706,0.0550536962111381,68,62,3,3,not_evaluated,not_evaluated
I prefer William if you don't mind.,1.1323529411764706,0.0463998528118308,68,60,7,1,not_evaluated,not_evaluated
"Oh, that one’s for being a 
sharp shopper",1.1323529411764706,0.0463998528118308,68,60,7,1,not_evaluated,not_evaluated
We give income from the ads on the back to Army charities.,1.1323529411764706,0.0463998528118308,68,60,7,1,not_evaluated,not_evaluated
CVS receipts these days!,1.1323529411764706,0.0550536962111381,68,62,3,3,not_evaluated,not_evaluated
Where did I put my reading glasses...,1.1323529411764706,0.0414000577075105,68,59,9,0,not_evaluated,not_evaluated
"If we discount perfectionism and working too hard, my need to display an exhaustive list of my strengths is my greatest weakness.",1.1323529411764706,0.0414000577075105,68,59,9,0,not_evaluated,not_evaluated
"They came with a price, my Dear.",1.1323529411764706,0.0463998528118308,68,60,7,1,not_evaluated,not_evaluated
"General, is it classified information ?",1.1323529411764706,0.0463998528118308,68,60,7,1,not_evaluated,not_evaluated
Friggin Costco,1.1323529411764706,0.0463998528118308,68,60,7,1,not_evaluated,not_evaluated
It's my list of grievances with the executive branch.,1.1323529411764706,0.0463998528118308,68,60,7,1,not_evaluated,not_evaluated
"I know I said, ""we owe you"" but I didn't mean it literally.",1.1323529411764706,0.0550536962111381,68,62,3,3,not_evaluated,not_evaluated
"I must ask, are you the infamous handkerchief?",1.1323529411764706,0.0463998528118308,68,60,7,1,not_evaluated,not_evaluated
Those are my K-12 ribbons.,1.1323529411764706,0.0463998528118308,68,60,7,1,not_evaluated,not_evaluated
CVS is my post-military career.,1.1323529411764706,0.0463998528118308,68,60,7,1,not_evaluated,not_evaluated
Unexpected item in the badging area.,1.1323529411764706,0.0463998528118308,68,60,7,1,not_evaluated,not_evaluated
Is that the prestigious award for having been wounded from paper cuts?,1.1323529411764706,0.0463998528118308,68,60,7,1,not_evaluated,not_evaluated
"Yes I'm a General, and those are the specifics.",1.1323529411764706,0.0414000577075105,68,59,9,0,not_evaluated,not_evaluated
"You know I could've been in Cabinet""",1.1323529411764706,0.0414000577075105,68,59,9,0,not_evaluated,not_evaluated
It's my recipe for fruit salad.,1.1323529411764706,0.0463998528118308,68,60,7,1,not_evaluated,not_evaluated
"This is my wife's Christmas wish list.""  Michael Sivak, Ann Arbor, M",1.1323529411764706,0.0463998528118308,68,60,7,1,not_evaluated,not_evaluated
"Yeah, that one is from The Battle of CVS.",1.1323529411764706,0.0463998528118308,68,60,7,1,not_evaluated,not_evaluated
I didn’t know the military took over CVS.,1.1323529411764706,0.0463998528118308,68,60,7,1,not_evaluated,not_evaluated
"Yeah, I look like FDR, and I've got a sales slip dangling from my chest.  So what?",1.1323529411764706,0.0463998528118308,68,60,7,1,not_evaluated,not_evaluated
"I keep tabs on the number of times I say, ma´am and sir, ma´am.",1.1323529411764706,0.0463998528118308,68,60,7,1,not_evaluated,not_evaluated
"This receipt states that you've officially been hit on by a general.""",1.1323529411764706,0.0463998528118308,68,60,7,1,not_evaluated,not_evaluated
An administration disclaimer comes with all recent service ribbons.,1.1323529411764706,0.0509109801883044,68,61,5,2,not_evaluated,not_evaluated
"Distinguished Service, Ma'am, Battle of Costco.""",1.1323529411764706,0.0463998528118308,68,60,7,1,not_evaluated,not_evaluated
"I've done service in them all: Iraq, Afghanistan, Eleven Madison Park.",1.1323529411764706,0.0550536962111381,68,62,3,3,not_evaluated,not_evaluated
And that’s the bill for my last campaign.,1.1323529411764706,0.0509109801883044,68,61,5,2,not_evaluated,not_evaluated
My last tour was in CVS.,1.1323529411764706,0.0414000577075105,68,59,9,0,not_evaluated,not_evaluated
Paper or plastic?,1.1323529411764706,0.0509109801883044,68,61,5,2,not_evaluated,not_evaluated
"If you can't read them all, just scan the QR code at the bottom.",1.1323529411764706,0.0509109801883044,68,61,5,2,not_evaluated,not_evaluated
That's for when I escaped a CVC,1.1323529411764706,0.0463998528118308,68,60,7,1,not_evaluated,not_evaluated
It's for distinction and valor in defense of a CVS.,1.1323529411764706,0.0463998528118308,68,60,7,1,not_evaluated,not_evaluated
The Navy might take that one back.,1.1323529411764706,0.0509109801883044,68,61,5,2,not_evaluated,not_evaluated
"Hi Jack, Donna told me she spent some time with you at last years reunion and that your latest achievement is becoming a pharmacist... We all know that Duane Reade has the longest receipts, but you’ve still got a small one...",1.1323529411764706,0.0509109801883044,68,61,5,2,not_evaluated,not_evaluated
"Some women are impressed by the medals, others are impressed by the receipt showing what I spent on dinner with my last date.",1.1323529411764706,0.0509109801883044,68,61,5,2,not_evaluated,not_evaluated
"It's my ""honey don't"" list. Are you on it?",1.1323529411764706,0.0509109801883044,68,61,5,2,not_evaluated,not_evaluated
"Well, those are medals for military campaigns, and that is a list of political campaigns I am available for.",1.1323529411764706,0.0463998528118308,68,60,7,1,not_evaluated,not_evaluated
Our medals designer used to work at CVS,1.1323529411764706,0.0509109801883044,68,61,5,2,not_evaluated,not_evaluated
"No, I bought that one at CVS.",1.1323529411764706,0.0463998528118308,68,60,7,1,not_evaluated,not_evaluated
...and I was CVS Employee of the Month.,1.1323529411764706,0.0509109801883044,68,61,5,2,not_evaluated,not_evaluated
It reminds me to wipe.,1.1323529411764706,0.0509109801883044,68,61,5,2,not_evaluated,not_evaluated
"No, this didn’t come from CVS.",1.1323529411764706,0.0509109801883044,68,61,5,2,not_evaluated,not_evaluated
My shopping list.,1.1323529411764706,0.0386584272416509,68,61,6,1,not_evaluated,not_evaluated
This award brought to you by CVS.,1.1323529411764706,0.0463998528118308,68,60,7,1,not_evaluated,not_evaluated
It was awarded for meritorious service while shopping at CVS.,1.1323529411764706,0.0463998528118308,68,60,7,1,not_evaluated,not_evaluated
"I'm just back from the love wars."" --Leo Sacks, Sunnyside, N",1.125,0.052231930877334,64,58,4,2,not_evaluated,not_evaluated
It just doesn't seem in balance with the left side.,1.125,0.052231930877334,64,58,4,2,not_evaluated,not_evaluated
It's the donor list for a robotic arm.,1.125,0.0416666666666666,64,56,8,0,not_evaluated,not_evaluated
"As you can, I'm not a complete sell out.",1.125,0.0416666666666666,64,56,8,0,not_evaluated,not_evaluated
It's for Distinguished Service in a Duane Reade.,1.125,0.0416666666666666,64,56,8,0,not_evaluated,not_evaluated
Thanks for asking. It's from our big ticker tape parade in New York City.,1.125,0.052231930877334,64,58,4,2,not_evaluated,not_evaluated
"No, it’s not a gift receipt; she still makes me do all the grocery shopping.",1.125,0.052231930877334,64,58,4,2,not_evaluated,not_evaluated
It says that I like romantic dinners for two and historic battlefield reenactments.,1.125,0.0416666666666666,64,56,8,0,not_evaluated,not_evaluated
I commanded the CVS Arizona.,1.125,0.0472455591261534,64,57,6,1,not_evaluated,not_evaluated
It's the bill,1.125,0.0472455591261534,64,57,6,1,not_evaluated,not_evaluated
I work for CVS Pharmacy part-time.,1.125,0.0472455591261534,64,57,6,1,not_evaluated,not_evaluated
Empowerment affirmations.,1.125,0.0472455591261534,64,57,6,1,not_evaluated,not_evaluated
Can I deduct this conversation since I have a receipt?,1.125,0.0472455591261534,64,57,6,1,not_evaluated,not_evaluated
"The ticker tape machine didn't fit into my pants pocket, so I hid it behind my medals; but it has a mind of its own.",1.125,0.0472455591261534,64,57,6,1,not_evaluated,not_evaluated
"A ribbon for most coupons used, how impressive",1.125,0.0472455591261534,64,57,6,1,not_evaluated,not_evaluated
And that one I got from a CVS pharmacy.,1.125,0.0472455591261534,64,57,6,1,not_evaluated,not_evaluated
My CVS coupons!,1.125,0.052231930877334,64,58,4,2,not_evaluated,not_evaluated
Those first ones there. Those are from Cub Scouts.,1.125,0.0416666666666666,64,56,8,0,not_evaluated,not_evaluated
G,1.125,0.0472455591261534,64,57,6,1,not_evaluated,not_evaluated
The name's Colonel Victor Smith.,1.125,0.052231930877334,64,58,4,2,not_evaluated,not_evaluated
I just feel like you were wearing more flair in your profile picture.,1.125,0.0416666666666666,64,56,8,0,not_evaluated,not_evaluated
It's my grocery receipt.  Shopping is hell.,1.125,0.0472455591261534,64,57,6,1,not_evaluated,not_evaluated
and I earned this one at the farmer's market,1.125,0.0472455591261534,64,57,6,1,not_evaluated,not_evaluated
My biggest complaint is they won’t let me return it without the receipt.,1.125,0.0472455591261534,64,57,6,1,not_evaluated,not_evaluated
Any general can give orders. I'm the only general who gives orders AND an itemized receipt upon delivery!,1.125,0.0416666666666666,64,56,8,0,not_evaluated,not_evaluated
Is that a shopping list in your pocket or are you happy to see me?,1.125,0.0416666666666666,64,56,8,0,not_evaluated,not_evaluated
That's actually  my wife's grocery shopping list.,1.125,0.0472455591261534,64,57,6,1,not_evaluated,not_evaluated
"As you can see, there was a lot of red tape to get my military citations",1.125,0.0472455591261534,64,57,6,1,not_evaluated,not_evaluated
"And before that, I worked at CVS.",1.125,0.0472455591261534,64,57,6,1,not_evaluated,not_evaluated
Because no one believes how much I saved at Trader Yusuf's.,1.125,0.0472455591261534,64,57,6,1,not_evaluated,not_evaluated
Oh that one's for doing hazardous Duty in the Pentagon washroom,1.125,0.0472455591261534,64,57,6,1,not_evaluated,not_evaluated
And the cleaners still didn’t give me the veteran’s discount,1.125,0.0472455591261534,64,57,6,1,not_evaluated,not_evaluated
This one? This is for holding the line at CVS.,1.125,0.052231930877334,64,58,4,2,not_evaluated,not_evaluated
"Lunch today exceeded my $400,000 per diem.",1.125,0.0472455591261534,64,57,6,1,not_evaluated,not_evaluated
I find a legend explaining the decorations cuts down on unnecessary small talk.,1.125,0.0472455591261534,64,57,6,1,not_evaluated,not_evaluated
My adjutant is absent-minded.,1.125,0.0472455591261534,64,57,6,1,not_evaluated,not_evaluated
"It basically says ""General Manager of CVS""",1.125,0.052231930877334,64,58,4,2,not_evaluated,not_evaluated
"Believe me, my victory list is longer than my tongue.",1.125,0.0472455591261534,64,57,6,1,not_evaluated,not_evaluated
And this ribbon’s for my role in Operation Supermarket Garden.,1.123076923076923,0.0465527632188854,65,58,6,1,not_evaluated,not_evaluated
It's a ticker tape.,1.123076923076923,0.051458031385614,65,59,4,2,not_evaluated,not_evaluated
"What? You haven’t shopped at Costco? 
Or
Customer Award points. 
Or 
Good to show my humanity too.",1.123076923076923,0.0465527632188854,65,58,6,1,not_evaluated,not_evaluated
"Oh, that one's for getting all that stuff past the ""Express"" checkout.",1.123076923076923,0.0410656855847358,65,57,8,0,not_evaluated,not_evaluated
"And this right here shows the total IQ of the marine corps. If you look towards the bottom, it adds up to 133.",1.123076923076923,0.055934767585573,65,60,2,3,not_evaluated,not_evaluated
I didn't realize that Middle Eastern cuisine cost much.,1.123076923076923,0.0410656855847358,65,57,8,0,not_evaluated,not_evaluated
It also lists my Webelo achievements in Cub Scouts.,1.123076923076923,0.0465527632188854,65,58,6,1,not_evaluated,not_evaluated
I'm pretty good at the transactional stuff.,1.123076923076923,0.0465527632188854,65,58,6,1,not_evaluated,not_evaluated
That one is from Operation CVS.,1.123076923076923,0.0465527632188854,65,58,6,1,not_evaluated,not_evaluated
"That's what you spent on me? Oh honey, I love it.",1.123076923076923,0.0465527632188854,65,58,6,1,not_evaluated,not_evaluated
I was posted at CVS.,1.123076923076923,0.051458031385614,65,59,4,2,not_evaluated,not_evaluated
On sale at CVS,1.123076923076923,0.0465527632188854,65,58,6,1,not_evaluated,not_evaluated
Remind me again how you get your valuations.,1.123076923076923,0.051458031385614,65,59,4,2,not_evaluated,not_evaluated
That one's for the procurement wars,1.123076923076923,0.0410656855847358,65,57,8,0,not_evaluated,not_evaluated
"Would you like your receipt, Mrs. Cheney?",1.123076923076923,0.0410656855847358,65,57,8,0,not_evaluated,not_evaluated
"Freedom isn't free. To get to my position, you've got to know where to find the sales.",1.123076923076923,0.051458031385614,65,59,4,2,not_evaluated,not_evaluated
...and above my CVS receipt are my battle ribbons.,1.123076923076923,0.0410656855847358,65,57,8,0,not_evaluated,not_evaluated
I know the blue ribbon is for 4 H,1.123076923076923,0.0465527632188854,65,58,6,1,not_evaluated,not_evaluated
Peace on earth? That doesn't register.,1.123076923076923,0.0465527632188854,65,58,6,1,not_evaluated,not_evaluated
It’s for meritorious service at the Base Exchange...,1.123076923076923,0.0465527632188854,65,58,6,1,not_evaluated,not_evaluated
"I see you've noticed my receipt for thirty-seven dildos. Well, forget it; I'm not sharing.",1.123076923076923,0.051458031385614,65,59,4,2,not_evaluated,not_evaluated
It’s a list of people who are incarcerated for reading the list.,1.123076923076923,0.0465527632188854,65,58,6,1,not_evaluated,not_evaluated
I can't keep my eyes off you. Tell me if an alert pops up.,1.123076923076923,0.0465527632188854,65,58,6,1,not_evaluated,not_evaluated
How did you know I just went to CVS?,1.123076923076923,0.0465527632188854,65,58,6,1,not_evaluated,not_evaluated
I got this one for outstanding valor in the line of CVS,1.123076923076923,0.0465527632188854,65,58,6,1,not_evaluated,not_evaluated
"Honey, would you like to sign for  a contribution to buy a neuclear powered player piano for the officer's club?",1.123076923076923,0.051458031385614,65,59,4,2,not_evaluated,not_evaluated
You're really a Gold Medal-list! Cheers!,1.123076923076923,0.0465527632188854,65,58,6,1,not_evaluated,not_evaluated
"thanks for your service"" doesn't cut it",1.123076923076923,0.0410656855847358,65,57,8,0,not_evaluated,not_evaluated
"Nothing much, really. So, when they ran out of medals, they just attached this list of the other stuff.""",1.123076923076923,0.0410656855847358,65,57,8,0,not_evaluated,not_evaluated
You could have done a lot better on the missiles with a rewards card.,1.123076923076923,0.051458031385614,65,59,4,2,not_evaluated,not_evaluated
And that one I got after shopping at CVS.,1.123076923076923,0.0410656855847358,65,57,8,0,not_evaluated,not_evaluated
I see that your wife added Love and Peace on the planet to her shopping list,1.123076923076923,0.0465527632188854,65,58,6,1,not_evaluated,not_evaluated
I love these India ink cocktails.,1.123076923076923,0.051458031385614,65,59,4,2,not_evaluated,not_evaluated
A Purple Heart along with red tape seems very impressive.,1.123076923076923,0.0410656855847358,65,57,8,0,not_evaluated,not_evaluated
It's just a receipt for how much I paid for this uniform.,1.123076923076923,0.0465527632188854,65,58,6,1,not_evaluated,not_evaluated
"Sorry, I'm out of change.",1.123076923076923,0.0465527632188854,65,58,6,1,not_evaluated,not_evaluated
...for the earmarks i've earned,1.123076923076923,0.0465527632188854,65,58,6,1,not_evaluated,not_evaluated
"Oh, that? It’s my shopping list.",1.123076923076923,0.0465527632188854,65,58,6,1,not_evaluated,not_evaluated
It was awarded for ‘The Battle for the Check’ at Ruby Tuesday’s.,1.123076923076923,0.0410656855847358,65,57,8,0,not_evaluated,not_evaluated
Those are for the honors received on the alternative path.,1.123076923076923,0.0465527632188854,65,58,6,1,not_evaluated,not_evaluated
"You know, ""The Few, the Proud"" - I saved 5¢ shopping with a New Yorker tote bag.",1.123076923076923,0.0410656855847358,65,57,8,0,not_evaluated,not_evaluated
"It’s Amazon’s new virtual receipt, delivered directly to your rib cage.",1.123076923076923,0.0465527632188854,65,58,6,1,not_evaluated,not_evaluated
And this one I got during my last return from deployment at my local CVS,1.123076923076923,0.051458031385614,65,59,4,2,not_evaluated,not_evaluated
That one's for my service at TGI Fridays.,1.123076923076923,0.051458031385614,65,59,4,2,not_evaluated,not_evaluated
It’s a print out of what each medal means.,1.123076923076923,0.0410656855847358,65,57,8,0,not_evaluated,not_evaluated
I received it for my role in the invasion of Hooters,1.123076923076923,0.0465527632188854,65,58,6,1,not_evaluated,not_evaluated
It states what each medal is for cause I have no idea.,1.123076923076923,0.055934767585573,65,60,2,3,not_evaluated,not_evaluated
"Ma'am, I'm not drinking on the job. I'm eavesdropping in on conversations that may prove to be a threat to our national security.",1.123076923076923,0.0410656855847358,65,57,8,0,not_evaluated,not_evaluated
"That's the new White House-approved medal for smart spending, along with the original receipt for landing C-17s at the Trump Turnberry golf resort in Scotland",1.123076923076923,0.051458031385614,65,59,4,2,not_evaluated,not_evaluated
"General, I must say, your grocery receipt is just as impressive as your medals.",1.123076923076923,0.051458031385614,65,59,4,2,not_evaluated,not_evaluated
So you are a check out clerk at the grocery store?,1.123076923076923,0.0465527632188854,65,58,6,1,not_evaluated,not_evaluated
I'm on the Board of Directors at CVS,1.123076923076923,0.051458031385614,65,59,4,2,not_evaluated,not_evaluated
"Before I joined the military,I worked for CVS.",1.123076923076923,0.0465527632188854,65,58,6,1,not_evaluated,not_evaluated
"Costs of wars, why do you ask, too obvious?",1.123076923076923,0.0410656855847358,65,57,8,0,not_evaluated,not_evaluated
It's my Military Bucket List.,1.123076923076923,0.0465527632188854,65,58,6,1,not_evaluated,not_evaluated
Those? Brownie points and attaboys.,1.123076923076923,0.0410656855847358,65,57,8,0,not_evaluated,not_evaluated
I'm particularly proud of my CVS award.,1.123076923076923,0.0410656855847358,65,57,8,0,not_evaluated,not_evaluated
The president want me as new Secretary of the Navy.  I only have to take off  SR part on my insignia and it say US.,1.123076923076923,0.0410656855847358,65,57,8,0,not_evaluated,not_evaluated
I'm from the General Store.,1.123076923076923,0.0465527632188854,65,58,6,1,not_evaluated,not_evaluated
She warned me twice to stick to the sales.,1.123076923076923,0.051458031385614,65,59,4,2,not_evaluated,not_evaluated
I'm also the general manager.,1.123076923076923,0.0465527632188854,65,58,6,1,not_evaluated,not_evaluated
It must be such an honor for you.,1.1147540983606556,0.05278247274773,61,56,3,2,not_evaluated,not_evaluated
I got this one for fighting the Battle of Walmart on Black Friday 2006.,1.1147540983606556,0.0411472144197086,61,54,7,0,not_evaluated,not_evaluated
Those are the ones the dry cleaners are looking for.,1.1147540983606556,0.0473237925565267,61,55,5,1,not_evaluated,not_evaluated
My CVS medal.,1.1147540983606556,0.05278247274773,61,56,3,2,not_evaluated,not_evaluated
"and lastly, my greatest moment, valour in the  battle of over priced hotdogs in Venice",1.1147540983606556,0.0411472144197086,61,54,7,0,not_evaluated,not_evaluated
"Foreign wars, sure, but I proudly shop local.",1.1147540983606556,0.0473237925565267,61,55,5,1,not_evaluated,not_evaluated
"I'm told this generation is interested in ""showing the receipts"".",1.1147540983606556,0.0473237925565267,61,55,5,1,not_evaluated,not_evaluated
I received this one from the Battle of Military Funding.,1.1147540983606556,0.0473237925565267,61,55,5,1,not_evaluated,not_evaluated
It's actually a list of my favorite varieties of orchids.,1.1147540983606556,0.0411472144197086,61,54,7,0,not_evaluated,not_evaluated
Fuck off army guy stupid prick,1.1147540983606556,0.05278247274773,61,56,3,2,not_evaluated,not_evaluated
I don't think you intended your receipt from Turkey to be showing.,1.1147540983606556,0.0411472144197086,61,54,7,0,not_evaluated,not_evaluated
I got a screaming deal buying aircraft carriers,1.1147540983606556,0.0473237925565267,61,55,5,1,not_evaluated,not_evaluated
NO—I DID NOT get these medals at CVS pharmacy.,1.1147540983606556,0.0411472144197086,61,54,7,0,not_evaluated,not_evaluated
"My uncredited movie roles include generals, admirals, and Roman centurions.",1.1147540983606556,0.0411472144197086,61,54,7,0,not_evaluated,not_evaluated
"There wasn't room for all of them, so I had a print out installed of the other medals""",1.1147540983606556,0.0411472144197086,61,54,7,0,not_evaluated,not_evaluated
Yes. A Cliffs Notes list. Explanations get onerous.,1.1147540983606556,0.0473237925565267,61,55,5,1,not_evaluated,not_evaluated
I asked for a printed receipt.,1.1147540983606556,0.0473237925565267,61,55,5,1,not_evaluated,not_evaluated
"If you look closely, you can see how much I saved by using my club card.",1.1147540983606556,0.0411472144197086,61,54,7,0,not_evaluated,not_evaluated
That was the bill for my salad.,1.1147540983606556,0.0473237925565267,61,55,5,1,not_evaluated,not_evaluated
Is that your black Friday savings or are you just happy to see me.,1.1147540983606556,0.0473237925565267,61,55,5,1,not_evaluated,not_evaluated
And this one right here is my Thanksgiving grocery list,1.1147540983606556,0.05278247274773,61,56,3,2,not_evaluated,not_evaluated
I see you stopped at CVS on your way to the party.,1.1147540983606556,0.0473237925565267,61,55,5,1,not_evaluated,not_evaluated
"Yes Ambassador Yovanovitch, I am aware it's a CVS receipt. Since your departure things have changed a bit. This ""award"" is for our successful attack against corrupt practices at the Kiev Walgreen's.",1.1147540983606556,0.0473237925565267,61,55,5,1,not_evaluated,not_evaluated
My greatest honor... completing all of my New Year's resolutions.,1.1147540983606556,0.05278247274773,61,56,3,2,not_evaluated,not_evaluated
"Yes, they ran out of regular medals""",1.1147540983606556,0.05278247274773,61,56,3,2,not_evaluated,not_evaluated
Is service included?,1.1147540983606556,0.0473237925565267,61,55,5,1,not_evaluated,not_evaluated
"Hmmm, what does a man like you have to do to get a date with a woman like me, well, you could become a woman for starters.",1.1147540983606556,0.0473237925565267,61,55,5,1,not_evaluated,not_evaluated
That? Received for wounds received on Black Friday!,1.1147540983606556,0.0411472144197086,61,54,7,0,not_evaluated,not_evaluated
Don't forget your receipt!,1.1147540983606556,0.0473237925565267,61,55,5,1,not_evaluated,not_evaluated
I couldn't fit my CVS receipt in my pocket.,1.1147540983606556,0.0473237925565267,61,55,5,1,not_evaluated,not_evaluated
That's the butcher's bill.,1.1147540983606556,0.0473237925565267,61,55,5,1,not_evaluated,not_evaluated
It’s my permission slip.,1.1147540983606556,0.0411472144197086,61,54,7,0,not_evaluated,not_evaluated
That is just a list of  awards I have been been given. You can see how successful I have been.,1.1147540983606556,0.0411472144197086,61,54,7,0,not_evaluated,not_evaluated
"They’re today’s tweets — a badge of honor, sort of.",1.1147540983606556,0.0411472144197086,61,54,7,0,not_evaluated,not_evaluated
"No Maam, Military receipts.",1.1147540983606556,0.0411472144197086,61,54,7,0,not_evaluated,not_evaluated
It’s my savings after the Amazon Prine discount.,1.1147540983606556,0.0473237925565267,61,55,5,1,not_evaluated,not_evaluated
Have YOU ever shopped  at the Park Slope co-op?,1.1147540983606556,0.0473237925565267,61,55,5,1,not_evaluated,not_evaluated
My wife didn't want me to forget to buy groceries!,1.1147540983606556,0.0411472144197086,61,54,7,0,not_evaluated,not_evaluated
I got that one for surviving Black Friday at Walmart.,1.1147540983606556,0.0473237925565267,61,55,5,1,not_evaluated,not_evaluated
"There's now a separate charge for the metals.""",1.1147540983606556,0.0473237925565267,61,55,5,1,not_evaluated,not_evaluated
"Now we display awards on biodegradable, recycled paper.",1.1147540983606556,0.0473237925565267,61,55,5,1,not_evaluated,not_evaluated
You saved 12Trillion Dollars on this purchase.,1.1147540983606556,0.05278247274773,61,56,3,2,not_evaluated,not_evaluated
Folded CVS receipt for having purchased one item,1.1147540983606556,0.0473237925565267,61,55,5,1,not_evaluated,not_evaluated
You served a tour of CVS drugstores?,1.1147540983606556,0.0473237925565267,61,55,5,1,not_evaluated,not_evaluated
It was a five course tasting experience that explored the middle eastern flavors that defined my early twenties.,1.1147540983606556,0.05278247274773,61,56,3,2,not_evaluated,not_evaluated
"If I submit my wife's party receipts at the end of the year, I get a tax break from Uncle Sam.",1.1147540983606556,0.0411472144197086,61,54,7,0,not_evaluated,not_evaluated
It's a partial disclaimer,1.1147540983606556,0.0473237925565267,61,55,5,1,not_evaluated,not_evaluated
You have to use your CVS Extra Care card to get one.,1.1147540983606556,0.0411472144197086,61,54,7,0,not_evaluated,not_evaluated
"It's my wife's grocery shopping list, and suggested prices.",1.1147540983606556,0.0473237925565267,61,55,5,1,not_evaluated,not_evaluated
Here's a printout of my C.V.  Can you get me a job hosting parties?,1.1147540983606556,0.0473237925565267,61,55,5,1,not_evaluated,not_evaluated
"In addition to the itemized receipt, the reverse side provides an analysis of the eco-footprint of each military action.",1.1147540983606556,0.0473237925565267,61,55,5,1,not_evaluated,not_evaluated
Welcome to the Doral. Cash or card?,1.1147540983606556,0.0473237925565267,61,55,5,1,not_evaluated,not_evaluated
"Those are green stamps, I got them in Vietnam for using 8 million gallons of napalm.",1.1147540983606556,0.05278247274773,61,56,3,2,not_evaluated,not_evaluated
My list of 'uniform' conquests,1.1147540983606556,0.0473237925565267,61,55,5,1,not_evaluated,not_evaluated
"I'm a Robot waiter. Shall I scan your credit card for Billing please!?""",1.1147540983606556,0.05278247274773,61,56,3,2,not_evaluated,not_evaluated
It's a disclaimer explaining exactly how I will use your data,1.1147540983606556,0.0411472144197086,61,54,7,0,not_evaluated,not_evaluated
It's for valor in the great pharmacy war,1.1147540983606556,0.0473237925565267,61,55,5,1,not_evaluated,not_evaluated
I see you are a five-star husband carrying that  shopping list underneath your medals.,1.1147540983606556,0.0473237925565267,61,55,5,1,not_evaluated,not_evaluated
Does it tickle when it tickers?,1.1147540983606556,0.0411472144197086,61,54,7,0,not_evaluated,not_evaluated
It’s for a bio weapons program with CVS.,1.1147540983606556,0.05278247274773,61,56,3,2,not_evaluated,not_evaluated
"Yes maam, just like a CVS receipt, everything behind the fruit salad is itemized.",1.1147540983606556,0.05278247274773,61,56,3,2,not_evaluated,not_evaluated
You’re just the next in line to be labeled Overrated by the Big Guy.,1.1147540983606556,0.0473237925565267,61,55,5,1,not_evaluated,not_evaluated
"Damn it, everything has gone digital these days!",1.1147540983606556,0.0473237925565267,61,55,5,1,not_evaluated,not_evaluated
It's my way of keeping track of my military spending.,1.1147540983606556,0.0411472144197086,61,54,7,0,not_evaluated,not_evaluated
Too many little wars for each to have its own campaign medal. I guess there could just be one for Iraqistan...,1.1147540983606556,0.0411472144197086,61,54,7,0,not_evaluated,not_evaluated
But what I’d really like to do is direct.,1.1147540983606556,0.0411472144197086,61,54,7,0,not_evaluated,not_evaluated
I've served in 94 campaigns and I always leave a paper trail.,1.1147540983606556,0.0473237925565267,61,55,5,1,not_evaluated,not_evaluated
"I received the ""Order of Having  Purchased the Most MAGA Hats"" at the PX.",1.1147540983606556,0.0473237925565267,61,55,5,1,not_evaluated,not_evaluated
When? Where? How? Why?,1.1147540983606556,0.0473237925565267,61,55,5,1,not_evaluated,not_evaluated
"Excuse me, Mr. Schindler, your list is showing.",1.1147540983606556,0.05278247274773,61,56,3,2,not_evaluated,not_evaluated
"Love is like oxygen
You get too much you get too high
Not enough and you're gonna die",1.1147540983606556,0.0473237925565267,61,55,5,1,not_evaluated,not_evaluated
I was given that award for surviving Black Friday.,1.1147540983606556,0.0473237925565267,61,55,5,1,not_evaluated,not_evaluated
I've got a complete list on my webesite @ Cap'n Bravo.hero!,1.1147540983606556,0.0473237925565267,61,55,5,1,not_evaluated,not_evaluated
So you're telling me the membership's only $60 a year?,1.1147540983606556,0.0473237925565267,61,55,5,1,not_evaluated,not_evaluated
"Oh, that one? It’s for conspicuous gallantry and intrepidity at CVS.",1.1147540983606556,0.0411472144197086,61,54,7,0,not_evaluated,not_evaluated
"Oh, that's just the dry-cleaning bill.",1.1147540983606556,0.0473237925565267,61,55,5,1,not_evaluated,not_evaluated
"As you can see from my resume, I should not be fired as the Secretary of the Army.",1.1147540983606556,0.0411472144197086,61,54,7,0,not_evaluated,not_evaluated
Battle of the holiday checkout line.,1.1147540983606556,0.0473237925565267,61,55,5,1,not_evaluated,not_evaluated
You won't believe the savings I received when getting these medals,1.1147540983606556,0.0376811519301843,61,56,4,1,not_evaluated,not_evaluated
"Yes, its for the ""list"" in reenlistment.",1.1147540983606556,0.0473237925565267,61,55,5,1,not_evaluated,not_evaluated
That's for Distinguished Service at CVS,1.1147540983606556,0.0411472144197086,61,54,7,0,not_evaluated,not_evaluated
That's actually my wife's grocery list. I am always forgetting it!,1.1147540983606556,0.0411472144197086,61,54,7,0,not_evaluated,not_evaluated
I see you need to pick up milk and laundry detergent.,1.1147540983606556,0.0411472144197086,61,54,7,0,not_evaluated,not_evaluated
"It’s my wife’s idea — kid’s names and birthdays, anniversaries, favorite songs — the softer side of me.",1.1147540983606556,0.0411472144197086,61,54,7,0,not_evaluated,not_evaluated
"I was diagnosed with ""Swollen Valor.""",1.1147540983606556,0.05278247274773,61,56,3,2,not_evaluated,not_evaluated
"It may not be as glamorous as Fellugjah, but without Operation CVS we wouldn't have any of the two liter sodas that I brought here today.",1.1147540983606556,0.0411472144197086,61,54,7,0,not_evaluated,not_evaluated
That one is for my service at the Battle of CVS.,1.1147540983606556,0.0473237925565267,61,55,5,1,not_evaluated,not_evaluated
"Orders, ma'am, orders... mission to keep the peace in this volatile season.",1.1147540983606556,0.0411472144197086,61,54,7,0,not_evaluated,not_evaluated
I can't handle these people! They think they can attach a shopping list to my awards!,1.1147540983606556,0.0473237925565267,61,55,5,1,not_evaluated,not_evaluated
"Your taxes don’t cover small talk, gossip, and flattery.",1.1147540983606556,0.0473237925565267,61,55,5,1,not_evaluated,not_evaluated
This is what happened once they started ordering medals from CVS.,1.1147540983606556,0.0473237925565267,61,55,5,1,not_evaluated,not_evaluated
I got it for the Battle of Whole Foods.,1.1147540983606556,0.0411472144197086,61,54,7,0,not_evaluated,not_evaluated
"Oh, just some more participation trophies.",1.1147540983606556,0.0411472144197086,61,54,7,0,not_evaluated,not_evaluated
"That's my Military Rewards receipt.""",1.1147540983606556,0.0473237925565267,61,55,5,1,not_evaluated,not_evaluated
"Unless our fundraiser goes well, I'll have to return this uniform.",1.1147540983606556,0.0473237925565267,61,55,5,1,not_evaluated,not_evaluated
I see you’ve just came back from the grocery store.,1.1147540983606556,0.05278247274773,61,56,3,2,not_evaluated,not_evaluated
You wouldn't believe the price of groceries in that funny little country we invaded.,1.1147540983606556,0.0473237925565267,61,55,5,1,not_evaluated,not_evaluated
Too much red tape.,1.1147540983606556,0.0411472144197086,61,54,7,0,not_evaluated,not_evaluated
"Those are my ""atta boys.""",1.1147540983606556,0.05278247274773,61,56,3,2,not_evaluated,not_evaluated
That's for taking over that CVS without firing a shot.,1.1147540983606556,0.05278247274773,61,56,3,2,not_evaluated,not_evaluated
Oh!  That’s your shopping list!,1.1147540983606556,0.0473237925565267,61,55,5,1,not_evaluated,not_evaluated
I can return it within 30 days.,1.1147540983606556,0.0473237925565267,61,55,5,1,not_evaluated,not_evaluated
"You printed direct from What'sApp""",1.1147540983606556,0.05278247274773,61,56,3,2,not_evaluated,not_evaluated
Nice.,1.1147540983606556,0.0473237925565267,61,55,5,1,not_evaluated,not_evaluated
That's the list of my Boy Scout merit badges.,1.1147540983606556,0.0473237925565267,61,55,5,1,not_evaluated,not_evaluated
"ee ae Lele) (La ag
“= tiktok.__.india",1.1129032258064515,0.046591027055115,62,56,5,1,not_evaluated,not_evaluated
A list of my nominations.,1.1129032258064515,0.0519571412976413,62,57,3,2,not_evaluated,not_evaluated
Impressive....you saved $1.68 by using your CVS card!,1.1129032258064515,0.046591027055115,62,56,5,1,not_evaluated,not_evaluated
It’s my receipt for the  medals I  purchased on Black Friday.,1.1129032258064515,0.0519571412976413,62,57,3,2,not_evaluated,not_evaluated
"You may think your medals add up, General, but I don't see it that way.",1.1129032258064515,0.0405204031603568,62,55,7,0,not_evaluated,not_evaluated
That one is my bill for this party.,1.1129032258064515,0.046591027055115,62,56,5,1,not_evaluated,not_evaluated
"Yes, Miss.....My list is his command",1.1129032258064515,0.046591027055115,62,56,5,1,not_evaluated,not_evaluated
They cost a lot; emotionally and financially,1.1129032258064515,0.0405204031603568,62,55,7,0,not_evaluated,not_evaluated
It just makes expenses easier.,1.1129032258064515,0.0519571412976413,62,57,3,2,not_evaluated,not_evaluated
"Even before I became an Eagle Scout when I was 9, I pledged to complete my to do list every day.",1.1129032258064515,0.0405204031603568,62,55,7,0,not_evaluated,not_evaluated
It's a special award from CVS -- Cocktail Venue Servicemen.,1.1129032258064515,0.046591027055115,62,56,5,1,not_evaluated,not_evaluated
"Actually, this one is my check from Per Se.",1.1129032258064515,0.046591027055115,62,56,5,1,not_evaluated,not_evaluated
The comic contest is fucking rigged,1.1129032258064515,0.046591027055115,62,56,5,1,not_evaluated,not_evaluated
"No, that's just my receipt from the Army Navy store.",1.1129032258064515,0.0519571412976413,62,57,3,2,not_evaluated,not_evaluated
I also bought some gum at a CVS recently.,1.1129032258064515,0.0519571412976413,62,57,3,2,not_evaluated,not_evaluated
I also earned a Purple Heart at CVS.,1.1129032258064515,0.0405204031603568,62,55,7,0,not_evaluated,not_evaluated
"Customer Service Officer: ""As you can see from the receipts, the good  deals are all sold out--and if you keep hanging around, you're gonna  get a parking ticket!""",1.1129032258064515,0.0519571412976413,62,57,3,2,not_evaluated,not_evaluated
"As it turns out, brass is even more expensive than platinum.",1.1129032258064515,0.0519571412976413,62,57,3,2,not_evaluated,not_evaluated
It's been like this ever since CVS started working with the military.,1.1129032258064515,0.0405204031603568,62,55,7,0,not_evaluated,not_evaluated
Give me enough medals and I'll win you any war.,1.1129032258064515,0.0519571412976413,62,57,3,2,not_evaluated,not_evaluated
Are those your me-too legal fees?,1.1129032258064515,0.046591027055115,62,56,5,1,not_evaluated,not_evaluated
"Ranking Member, It's Brigadier General, Chief Warrant Officer 4, Sergeant Member of the Army",1.1129032258064515,0.0405204031603568,62,55,7,0,not_evaluated,not_evaluated
It's a legend for a legend.,1.1129032258064515,0.046591027055115,62,56,5,1,not_evaluated,not_evaluated
And that one is from the battle of CVS.,1.1129032258064515,0.0405204031603568,62,55,7,0,not_evaluated,not_evaluated
The bottom one is a CVS receipt for a strawberry Nesquik.,1.1129032258064515,0.046591027055115,62,56,5,1,not_evaluated,not_evaluated
I want to be paid for my service.,1.1129032258064515,0.0405204031603568,62,55,7,0,not_evaluated,not_evaluated
Did you bring the Ecstasy?,1.1129032258064515,0.0519571412976413,62,57,3,2,not_evaluated,not_evaluated
"That is for the ""commissary.""",1.1129032258064515,0.0405204031603568,62,55,7,0,not_evaluated,not_evaluated
The list of medals helps to place my ribbons in context.,1.1129032258064515,0.0405204031603568,62,55,7,0,not_evaluated,not_evaluated
I-need-to-be-reprogrammed.  I-detect-no-signs-of-intelligence-worth-gathering-in-this-environment.,1.1129032258064515,0.046591027055115,62,56,5,1,not_evaluated,not_evaluated
The brass is really busting our balls.,1.1129032258064515,0.046591027055115,62,56,5,1,not_evaluated,not_evaluated
"Trump’s new ribbon of distinguished service, Harry?",1.1129032258064515,0.046591027055115,62,56,5,1,not_evaluated,not_evaluated
A military-themed ATM at a fundraiser?  Whoa!,1.1129032258064515,0.046591027055115,62,56,5,1,not_evaluated,not_evaluated
"No ma’am, we are not having a Black Friday sale",1.1129032258064515,0.046591027055115,62,56,5,1,not_evaluated,not_evaluated
I have to return something to CVS.,1.1129032258064515,0.0568187052087222,62,58,1,3,not_evaluated,not_evaluated
“Your laundry list says that is someone else’s jacket.”,1.1129032258064515,0.046591027055115,62,56,5,1,not_evaluated,not_evaluated
"This way, I'll never lose my shopping list again.",1.1129032258064515,0.0519571412976413,62,57,3,2,not_evaluated,not_evaluated
This bottom one is the Honor of the Fax Machine.  I got it while stationed at Jacoby and Meyers.,1.1129032258064515,0.046591027055115,62,56,5,1,not_evaluated,not_evaluated
"I am Hotel, Oscar Romeo, November Yankee.",1.1129032258064515,0.046591027055115,62,56,5,1,not_evaluated,not_evaluated
"It's the grocery list, my wife's idea, she thinks it's hilarious""",1.1129032258064515,0.0405204031603568,62,55,7,0,not_evaluated,not_evaluated
Let us know how we're doing! Feedback at USNavy.gov.,1.1129032258064515,0.0405204031603568,62,55,7,0,not_evaluated,not_evaluated
I felt that the small errands I did has a boy had equal value.,1.1129032258064515,0.046591027055115,62,56,5,1,not_evaluated,not_evaluated
It's a PX receipt.,1.1129032258064515,0.046591027055115,62,56,5,1,not_evaluated,not_evaluated
"Can we expect javelin missiles to be on sale next November?

Ashton Sullivan, Boston, MA",1.1129032258064515,0.046591027055115,62,56,5,1,not_evaluated,not_evaluated
"That's my wife's shopping list for after the party""",1.1129032258064515,0.046591027055115,62,56,5,1,not_evaluated,not_evaluated
You'll need reading glasses. Back pocket.,1.1129032258064515,0.046591027055115,62,56,5,1,not_evaluated,not_evaluated
"Drum Major and Eagle Scout, how impressive.",1.1129032258064515,0.046591027055115,62,56,5,1,not_evaluated,not_evaluated
It’s the only way I can remember my CVS discount.,1.1129032258064515,0.046591027055115,62,56,5,1,not_evaluated,not_evaluated
"In case Congress makes a split-second decision to declare war, I have a list for self-enrolled duty call. May I write you in now, or ask again after your fifth glass of wine?",1.1129032258064515,0.046591027055115,62,56,5,1,not_evaluated,not_evaluated
How about only charging me only for 30 min of your time?,1.1129032258064515,0.046591027055115,62,56,5,1,not_evaluated,not_evaluated
I singlehandedly outflanked the CVS back in 2018.,1.1129032258064515,0.046591027055115,62,56,5,1,not_evaluated,not_evaluated
That's from my tour at CVS.,1.1129032258064515,0.0405204031603568,62,55,7,0,not_evaluated,not_evaluated
So that's the cost of the ribbons at the Army Navy store.,1.1129032258064515,0.0405204031603568,62,55,7,0,not_evaluated,not_evaluated
"Not citations, Madam, just my CVS receipt.",1.1129032258064515,0.046591027055115,62,56,5,1,not_evaluated,not_evaluated
I see you put artichokes in your Mac & Cheese?,1.1129032258064515,0.0405204031603568,62,55,7,0,not_evaluated,not_evaluated
I was just honored on Wall Street. This is their medal of achievement.,1.1129032258064515,0.0405204031603568,62,55,7,0,not_evaluated,not_evaluated
"That's a list of drunken brawls I've gotten into over the years.  With any luck, I'll be tacking on another tonight.",1.1129032258064515,0.046591027055115,62,56,5,1,not_evaluated,not_evaluated
The very model of a modern major general: tiny fax machine edition,1.1129032258064515,0.0405204031603568,62,55,7,0,not_evaluated,not_evaluated
How do I like it? The Service grows on you.,1.1129032258064515,0.0405204031603568,62,55,7,0,not_evaluated,not_evaluated
That's a strange place to keep your grocery list.,1.1129032258064515,0.0519571412976413,62,57,3,2,not_evaluated,not_evaluated
I get updates every now and then about who to bootlick.,1.1129032258064515,0.046591027055115,62,56,5,1,not_evaluated,not_evaluated
I got these badges from CVS.,1.1129032258064515,0.046591027055115,62,56,5,1,not_evaluated,not_evaluated
"Black Friday Campaign, Combat Arms Register Ribbon...",1.1129032258064515,0.046591027055115,62,56,5,1,not_evaluated,not_evaluated
"Oh, look honey... Trumps generals come with receipts now.",1.1129032258064515,0.0519571412976413,62,57,3,2,not_evaluated,not_evaluated
"Now, t ell me about yourself?",1.1129032258064515,0.0405204031603568,62,55,7,0,not_evaluated,not_evaluated
In case the toilet paper dispenser is empty.,1.1129032258064515,0.0405204031603568,62,55,7,0,not_evaluated,not_evaluated
"My to-do list, Ma'am.",1.1129032258064515,0.0405204031603568,62,55,7,0,not_evaluated,not_evaluated
I feel that self-service checkout is the frontline of battle here in the U.S.A.,1.1129032258064515,0.046591027055115,62,56,5,1,not_evaluated,not_evaluated
What do you mean you don't see lying to Congress award?,1.1129032258064515,0.046591027055115,62,56,5,1,not_evaluated,not_evaluated
Just because my medals rang up BOGO doesn't mean I didn't earn them.,1.1129032258064515,0.0405204031603568,62,55,7,0,not_evaluated,not_evaluated
It’s a list off all the people I bribed to get invited to this party.,1.1129032258064515,0.0519571412976413,62,57,3,2,not_evaluated,not_evaluated
It's the list of corporate for the medals.,1.1129032258064515,0.046591027055115,62,56,5,1,not_evaluated,not_evaluated
"I kept the till so carefully that now I am an admiral in the States' Navy.""",1.1129032258064515,0.0405204031603568,62,55,7,0,not_evaluated,not_evaluated
Do you work for CVS?,1.1129032258064515,0.0519571412976413,62,57,3,2,not_evaluated,not_evaluated
"As it turns out, the cost of war is much more affordable than you think.",1.1129032258064515,0.046591027055115,62,56,5,1,not_evaluated,not_evaluated
I know it is a grocery store receipt. I was given the Gold Shopping Medal,1.1129032258064515,0.046591027055115,62,56,5,1,not_evaluated,not_evaluated
Recently I've been stationed at CVS.,1.1129032258064515,0.046591027055115,62,56,5,1,not_evaluated,not_evaluated
Hi there! What do you do for a living?,1.1129032258064515,0.046591027055115,62,56,5,1,not_evaluated,not_evaluated
That’s my CVS citation.,1.1129032258064515,0.0405204031603568,62,55,7,0,not_evaluated,not_evaluated
It shows the summary of my twitter treaties.,1.1129032258064515,0.0405204031603568,62,55,7,0,not_evaluated,not_evaluated
Is that your lies coming out of your pocket?,1.1129032258064515,0.046591027055115,62,56,5,1,not_evaluated,not_evaluated
It serves another purpose when in the field!,1.1129032258064515,0.0519571412976413,62,57,3,2,not_evaluated,not_evaluated
"No Penelope, it's not a Target receipt.",1.1129032258064515,0.0405204031603568,62,55,7,0,not_evaluated,not_evaluated
"Then after I got back to the States, I served five Black Fridays as a Walmart greeter.",1.1129032258064515,0.0405204031603568,62,55,7,0,not_evaluated,not_evaluated
It's a cash bar.,1.1129032258064515,0.0519571412976413,62,57,3,2,not_evaluated,not_evaluated
"Well, it's supposed to be kept top secret, but yes, I do moonlight at a supermarket.",1.1129032258064515,0.046591027055115,62,56,5,1,not_evaluated,not_evaluated
Conspicuous dictation.,1.1129032258064515,0.046591027055115,62,56,5,1,not_evaluated,not_evaluated
Unfortunately they were out-of-stock on the rest of them I bought...but they gave me a receipt.,1.1129032258064515,0.046591027055115,62,56,5,1,not_evaluated,not_evaluated
And the bottom one is for working in the PX when I was young!,1.1129032258064515,0.0405204031603568,62,55,7,0,not_evaluated,not_evaluated
This is a high security app,1.1129032258064515,0.0405204031603568,62,55,7,0,not_evaluated,not_evaluated
"""It's a reminder for me to go to the little boys' room after the third cocktail.""",1.1129032258064515,0.0519571412976413,62,57,3,2,not_evaluated,not_evaluated
My wish list for my next deployment.,1.1129032258064515,0.046591027055115,62,56,5,1,not_evaluated,not_evaluated
Meritorious Service Quartermaster Corps.,1.1129032258064515,0.046591027055115,62,56,5,1,not_evaluated,not_evaluated
Yes it’s true. The president’s Twitter account has been shut down!,1.1129032258064515,0.0519571412976413,62,57,3,2,not_evaluated,not_evaluated
"Yeah, that's the cheque.",1.1129032258064515,0.046591027055115,62,56,5,1,not_evaluated,not_evaluated
"<< #quotes 4h _
& ibrar_writes

Insta « @ibrar_writes",1.103448275862069,0.0403377690941794,58,52,6,0,not_evaluated,not_evaluated
That's so I can wipe my assignment with the president's tweets.,1.103448275862069,0.0403377690941794,58,52,6,0,not_evaluated,not_evaluated
"I can’t figure out these cleaning instructions, either.",1.103448275862069,0.0472450663355582,58,53,4,1,not_evaluated,not_evaluated
It's my after party grocery list.,1.103448275862069,0.0472450663355582,58,53,4,1,not_evaluated,not_evaluated
"The receipt? Well, it’s  the merchant’s copy, from the Merchant Marines...",1.103448275862069,0.0403377690941794,58,52,6,0,not_evaluated,not_evaluated
The President forgot his arms-for-dirt receipt.,1.103448275862069,0.0403377690941794,58,52,6,0,not_evaluated,not_evaluated
That’s the price of being a general?,1.103448275862069,0.0472450663355582,58,53,4,1,not_evaluated,not_evaluated
"I will admit it's this week's Daddy-Do list.""",1.103448275862069,0.0403377690941794,58,52,6,0,not_evaluated,not_evaluated
I didn't realize that CVS had its own Lieutenant Generals.,1.103448275862069,0.0472450663355582,58,53,4,1,not_evaluated,not_evaluated
I preferred the old days when we used to get orders face to face.,1.103448275862069,0.0472450663355582,58,53,4,1,not_evaluated,not_evaluated
Wifi access code is on the back.,1.103448275862069,0.0472450663355582,58,53,4,1,not_evaluated,not_evaluated
The medals were getting too heavy.,1.103448275862069,0.0403377690941794,58,52,6,0,not_evaluated,not_evaluated
"Yeah we fight to make sure our grocery bills remain long and free. Not like Cuba, where you only have three types of water.",1.103448275862069,0.0403377690941794,58,52,6,0,not_evaluated,not_evaluated
YOU SHOW ME ...I,1.103448275862069,0.0532640307393953,58,54,2,2,not_evaluated,not_evaluated
The last one is for compulsiveness.,1.103448275862069,0.0403377690941794,58,52,6,0,not_evaluated,not_evaluated
Hmmmmmm. Those are worth a lot. What are you doing this Saturday.,1.103448275862069,0.0472450663355582,58,53,4,1,not_evaluated,not_evaluated
"Eventually, the U.S.S. 'Print-Only-Receipt' was mothballed.",1.103448275862069,0.0403377690941794,58,52,6,0,not_evaluated,not_evaluated
They send it to my email as well.,1.103448275862069,0.0403377690941794,58,52,6,0,not_evaluated,not_evaluated
"These are the questions that, should you choose to ask them, shall result in your death.",1.103448275862069,0.0403377690941794,58,52,6,0,not_evaluated,not_evaluated
Here's my updated list of  personalities I can impersonate for your liking so I seem more attractive to you,1.103448275862069,0.0472450663355582,58,53,4,1,not_evaluated,not_evaluated
"1973 Merlot from Cuca Valley, hmm! Buy one get one free",1.103448275862069,0.0532640307393953,58,54,2,2,not_evaluated,not_evaluated
America's wars -- it's a long list.,1.103448275862069,0.0403377690941794,58,52,6,0,not_evaluated,not_evaluated
"As you can see, I'm not just another meat-and-potatoes kind of soldier.",1.103448275862069,0.0403377690941794,58,52,6,0,not_evaluated,not_evaluated
"CVS, not CV!",1.103448275862069,0.0472450663355582,58,53,4,1,not_evaluated,not_evaluated
Don't make me speak in generalities!,1.103448275862069,0.0472450663355582,58,53,4,1,not_evaluated,not_evaluated
I printed in Morse code on a biodegradable paper!,1.103448275862069,0.0403377690941794,58,52,6,0,not_evaluated,not_evaluated
"And if you don’t believe me, here are the receipts.",1.103448275862069,0.0403377690941794,58,52,6,0,not_evaluated,not_evaluated
It says at the bottom that you saved five dollars...,1.103448275862069,0.0403377690941794,58,52,6,0,not_evaluated,not_evaluated
Saudi Arabia is paying for 100 percent of the cos,1.103448275862069,0.0472450663355582,58,53,4,1,not_evaluated,not_evaluated
It's the only way my wife gets me to remember the groceries.,1.103448275862069,0.0403377690941794,58,52,6,0,not_evaluated,not_evaluated
See for yourself...it's $10.99 for the fruit salad.,1.103448275862069,0.0472450663355582,58,53,4,1,not_evaluated,not_evaluated
"Of course, it runs on the other side too",1.103448275862069,0.0472450663355582,58,53,4,1,not_evaluated,not_evaluated
In order to serve you better metals can be accessed on line.,1.103448275862069,0.0472450663355582,58,53,4,1,not_evaluated,not_evaluated
"Ooh, a coupon for 50 cents off my next defense contract!",1.103448275862069,0.0403377690941794,58,52,6,0,not_evaluated,not_evaluated
"We're all going digital, Ma'am, even me",1.103448275862069,0.0472450663355582,58,53,4,1,not_evaluated,not_evaluated
Just another never ending message from my office.,1.103448275862069,0.0403377690941794,58,52,6,0,not_evaluated,not_evaluated
"And this one is for being CVS employee of the month """,1.103448275862069,0.0403377690941794,58,52,6,0,not_evaluated,not_evaluated
"For the last time Miss, we don’t offer secret services for purebred chihuahuas.”

Calliope Goldman and Katherine Neumann, Newton MA.’",1.103448275862069,0.0472450663355582,58,53,4,1,not_evaluated,not_evaluated
"Yes, these are my ribbons for Iraq, Afghanistan and Walmart Black Friday",1.103448275862069,0.0403377690941794,58,52,6,0,not_evaluated,not_evaluated
I see the badges got you some ExtraCare coupons.,1.103448275862069,0.0472450663355582,58,53,4,1,not_evaluated,not_evaluated
I earned this one in the Battle of Black Friday.,1.103448275862069,0.0472450663355582,58,53,4,1,not_evaluated,not_evaluated
It's updated every day.,1.103448275862069,0.0472450663355582,58,53,4,1,not_evaluated,not_evaluated
The cost of making those ribbons is shown on the receipt.  The cost of earning those ribbons is shown on my face.,1.103448275862069,0.0532640307393953,58,54,2,2,not_evaluated,not_evaluated
Lists all the patches.  Tear it off and keep it if you want.,1.103448275862069,0.0472450663355582,58,53,4,1,not_evaluated,not_evaluated
"Don’t get too close, it’s been known to bite!",1.103448275862069,0.0472450663355582,58,53,4,1,not_evaluated,not_evaluated
Your Good Conduct medal cost that much??,1.103448275862069,0.0403377690941794,58,52,6,0,not_evaluated,not_evaluated
"'Arms Sales: the Key to Promotion!  
That's how I lost my left """,1.103448275862069,0.0403377690941794,58,52,6,0,not_evaluated,not_evaluated
Which medal is for bravery in the face of CVS?,1.103448275862069,0.0472450663355582,58,53,4,1,not_evaluated,not_evaluated
"Not a bloody damn clue how the military works!
He's  racking up quite a tab.",1.103448275862069,0.0403377690941794,58,52,6,0,not_evaluated,not_evaluated
My nest career assignment is as CEO for CVS.,1.103448275862069,0.0204258233710031,58,55,2,1,not_evaluated,not_evaluated
At least they gave you a return receipt,1.103448275862069,0.0403377690941794,58,52,6,0,not_evaluated,not_evaluated
That's a list of all the boring cocktail parties I've had to endure over the years.,1.103448275862069,0.0472450663355582,58,53,4,1,not_evaluated,not_evaluated
You bet I killed 'em all myself.  Every last one of them!,1.103448275862069,0.0472450663355582,58,53,4,1,not_evaluated,not_evaluated
"Yes you heard me right, first regiment of  Walmart on Black Friday.",1.103448275862069,0.0532640307393953,58,54,2,2,not_evaluated,not_evaluated
"So I said trust me - I come home without your G.d. collard greens, and next week I'll not only make a list, I'll WEAR it!",1.103448275862069,0.0403377690941794,58,52,6,0,not_evaluated,not_evaluated
The Missus insists I carry this grocery list so I don't forget anything on the way home!,1.103448275862069,0.0472450663355582,58,53,4,1,not_evaluated,not_evaluated
It's a list of all the children I've saved,1.103448275862069,0.0472450663355582,58,53,4,1,not_evaluated,not_evaluated
"I beg your pardon, are you showing me my  tax returns?",1.103448275862069,0.0532640307393953,58,54,2,2,not_evaluated,not_evaluated
Got injured in a Black Friday op,1.103448275862069,0.0403377690941794,58,52,6,0,not_evaluated,not_evaluated
It's my Santa's list!,1.103448275862069,0.0472450663355582,58,53,4,1,not_evaluated,not_evaluated
The Pentagon insists I let people know how much the military-industrial complex is costing them.,1.103448275862069,0.0472450663355582,58,53,4,1,not_evaluated,not_evaluated
"Don't look at my eyes, my achievements are down there.",1.103448275862069,0.0403377690941794,58,52,6,0,not_evaluated,not_evaluated
I got most of these at a general store.,1.103448275862069,0.0403377690941794,58,52,6,0,not_evaluated,not_evaluated
"Every Purple Heart comes with your chart now. And yes, hemorrhoids are considered a military injury in command.",1.103448275862069,0.0403377690941794,58,52,6,0,not_evaluated,not_evaluated
"Well, this can’t be a case of stolen valor. I can see you paid for it, receipt and all.",1.103448275862069,0.0403377690941794,58,52,6,0,not_evaluated,not_evaluated
I agree your brag sheet is a good indicator of how you are between the sheets!,1.103448275862069,0.0532640307393953,58,54,2,2,not_evaluated,not_evaluated
That's a pretty big receipt for just a pack of gum.,1.103448275862069,0.0472450663355582,58,53,4,1,not_evaluated,not_evaluated
I got tired of explaining what they mean.,1.103448275862069,0.0472450663355582,58,53,4,1,not_evaluated,not_evaluated
They're giving medals now for cost overruns?,1.103448275862069,0.0472450663355582,58,53,4,1,not_evaluated,not_evaluated
"beep boop
 I. AM. COLONEL SCHMOOZ 5000 ---- THIS TRANSACTION REQUIRES 2 STEP AUTHENTICATION. 
PLEASE LOOK INTO MY EYE CAMERAS AND TAKE YOUR RECEIPT zzzZZZZchh.",1.103448275862069,0.0403377690941794,58,52,6,0,not_evaluated,not_evaluated
Proof of honor.,1.103448275862069,0.0403377690941794,58,52,6,0,not_evaluated,not_evaluated
"Yep, did three terms and conditions back in 'nam",1.103448275862069,0.0472450663355582,58,53,4,1,not_evaluated,not_evaluated
"I was expecting to get a purple heart, but instead they're making me wear a list of all the people I've killed",1.103448275862069,0.0403377690941794,58,52,6,0,not_evaluated,not_evaluated
It is my Chevron-Citation for Self Service.,1.103448275862069,0.0472450663355582,58,53,4,1,not_evaluated,not_evaluated
You need to sign my per diem bill for chit-chatting,1.103448275862069,0.0532640307393953,58,54,2,2,not_evaluated,not_evaluated
These are complementary tweets from the President,1.103448275862069,0.0403377690941794,58,52,6,0,not_evaluated,not_evaluated
"Wow sir ham.. Thank you for your service, it cost you, here it shows on this receipt.”

Talieah Ram, Oahu, Hawai",1.103448275862069,0.0472450663355582,58,53,4,1,not_evaluated,not_evaluated
Is that your ego showing or are you just happy to see me?,1.103448275862069,0.0403377690941794,58,52,6,0,not_evaluated,not_evaluated
Award for shiniest shoes with 47 gold wreaths.,1.103448275862069,0.0472450663355582,58,53,4,1,not_evaluated,not_evaluated
Yes ma’am. I brought receipts.,1.103448275862069,0.0532640307393953,58,54,2,2,not_evaluated,not_evaluated
I was deployed to CVS.,1.103448275862069,0.0472450663355582,58,53,4,1,not_evaluated,not_evaluated
'Courage in the line of fire' is on sale. You saved $0.29.,1.103448275862069,0.0472450663355582,58,53,4,1,not_evaluated,not_evaluated
You got the Purple Heart; thank you for your sacrifice.  I see you brought the receipts.,1.103448275862069,0.0403377690941794,58,52,6,0,not_evaluated,not_evaluated
"I OKed the $10,000 toilet seat.",1.103448275862069,0.0472450663355582,58,53,4,1,not_evaluated,not_evaluated
The last one is for getting injured at Costco.,1.103448275862069,0.0472450663355582,58,53,4,1,not_evaluated,not_evaluated
"Sorry, but the Department of Defense is now requiring me to charge for my time spent answering stupid questions.",1.103448275862069,0.0403377690941794,58,52,6,0,not_evaluated,not_evaluated
You are the most-est General I've EVER met!!,1.103448275862069,0.0472450663355582,58,53,4,1,not_evaluated,not_evaluated
My sleeve is too short for all that pride.,1.103448275862069,0.0268271243177758,58,53,5,0,not_evaluated,not_evaluated
Says here you floss and brush your teeth twice a day.,1.103448275862069,0.0472450663355582,58,53,4,1,not_evaluated,not_evaluated
That's a print-out of the casualties we inflicted.,1.103448275862069,0.0472450663355582,58,53,4,1,not_evaluated,not_evaluated
"Honey, no is going to ask about the other ones.”",1.103448275862069,0.0403377690941794,58,52,6,0,not_evaluated,not_evaluated
"I'm sick of talking about my endless courage,
so you can read about it instead.",1.103448275862069,0.0403377690941794,58,52,6,0,not_evaluated,not_evaluated
It's a list of conquests and you're about to be on it.,1.103448275862069,0.0472450663355582,58,53,4,1,not_evaluated,not_evaluated
War is hell. Cocktail parties are heck.,1.103448275862069,0.0403377690941794,58,52,6,0,not_evaluated,not_evaluated
Dang! It is a CVS receipt. Thought you wouldn't notice...,1.103448275862069,0.0472450663355582,58,53,4,1,not_evaluated,not_evaluated
"It's my congressional receipt. I tell ya, the darn thing just keeps getting longer.",1.103448275862069,0.0403377690941794,58,52,6,0,not_evaluated,not_evaluated
"I can't take the tags off, I'm returning it to the store first thing tomorrow.",1.103448275862069,0.0403377690941794,58,52,6,0,not_evaluated,not_evaluated
That’s the Twitter record on which ones I get to keep.,1.103448275862069,0.0403377690941794,58,52,6,0,not_evaluated,not_evaluated
"Well, they said nowadays 
it's impossible to be too blatant.",1.103448275862069,0.0532640307393953,58,54,2,2,not_evaluated,not_evaluated
"Did you actually win that purple one?
The receipt shows a ""Purple Heart"" but it looks rather violet in this light",1.103448275862069,0.0472450663355582,58,53,4,1,not_evaluated,not_evaluated
Its my way of getting them off my chest.,1.103448275862069,0.0403377690941794,58,52,6,0,not_evaluated,not_evaluated
Our President wants to run everything like a business.  I'll leave this on your kitchen table. Gratuity included.,1.103448275862069,0.0403377690941794,58,52,6,0,not_evaluated,not_evaluated
I got that one for cost overruns on toilet seats.,1.103448275862069,0.0403377690941794,58,52,6,0,not_evaluated,not_evaluated
That one was from my wife for making the Thanksgiving grocery run this year.,1.103448275862069,0.0472450663355582,58,53,4,1,not_evaluated,not_evaluated
It's the end of the ticker-tape parade.,1.103448275862069,0.0472450663355582,58,53,4,1,not_evaluated,not_evaluated
It's too much to mention.,1.103448275862069,0.0472450663355582,58,53,4,1,not_evaluated,not_evaluated
"It's for, um, intestinal emergencies...",1.103448275862069,0.0532640307393953,58,54,2,2,not_evaluated,not_evaluated
Had to stop at a CVS on my way here,1.103448275862069,0.0472450663355582,58,53,4,1,not_evaluated,not_evaluated
That one's for the time I tried Black Friday at a Macy's,1.103448275862069,0.0472450663355582,58,53,4,1,not_evaluated,not_evaluated
Why are you wearing your grocery receipt?,1.103448275862069,0.0472450663355582,58,53,4,1,not_evaluated,not_evaluated
This one is a synopsis of the military review board decision as to whether I’m entitled to wear my other medals.”,1.103448275862069,0.0403377690941794,58,52,6,0,not_evaluated,not_evaluated
My wife insisted i carry the grocery list!,1.103448275862069,0.0472450663355582,58,53,4,1,not_evaluated,not_evaluated
That last one is from the Taco Bell campaign.,1.103448275862069,0.0403377690941794,58,52,6,0,not_evaluated,not_evaluated
Government issue TP.,1.103448275862069,0.0403377690941794,58,52,6,0,not_evaluated,not_evaluated
"I’m sorry, as a high ranking commander I am not at liberty for any disclosure, 
unless of course......",1.103448275862069,0.036395813999928,58,54,3,1,not_evaluated,not_evaluated
"The body compensates, as you know.",1.103448275862069,0.0403377690941794,58,52,6,0,not_evaluated,not_evaluated
So you’ve survived Vietnam and Walmart on Black Friday?,1.103448275862069,0.0472450663355582,58,53,4,1,not_evaluated,not_evaluated
"Why yes, I did work at CVS as a civilian.",1.103448275862069,0.0403377690941794,58,52,6,0,not_evaluated,not_evaluated
"If your name's on the list, I didn't do it.",1.103448275862069,0.0472450663355582,58,53,4,1,not_evaluated,not_evaluated
"If you would like to be sexually abused, I say, Me Too!.",1.103448275862069,0.0532640307393953,58,54,2,2,not_evaluated,not_evaluated
"Of course, with Amazon Prime I got a 5% discount on the tanks and next day delivery.",1.103448275862069,0.0403377690941794,58,52,6,0,not_evaluated,not_evaluated
Budget cuts. We all get a shopping list.,1.103448275862069,0.0403377690941794,58,52,6,0,not_evaluated,not_evaluated
Well THAT wasn’t a part of his dating profile...,1.103448275862069,0.0403377690941794,58,52,6,0,not_evaluated,not_evaluated
I've proudly battled in right amount of tip area too.,1.103448275862069,0.0472450663355582,58,53,4,1,not_evaluated,not_evaluated
"Yes, ma'am, that a list of senior government officials that I've hand in their indictments.",1.103448275862069,0.0403377690941794,58,52,6,0,not_evaluated,not_evaluated
Meritorious Auditing Ribbon from Ukraine,1.103448275862069,0.0403377690941794,58,52,6,0,not_evaluated,not_evaluated
Ask me another.,1.103448275862069,0.0403377690941794,58,52,6,0,not_evaluated,not_evaluated
Surprise! You'll be life-size on Thursday!,1.103448275862069,0.0472450663355582,58,53,4,1,not_evaluated,not_evaluated
Croix de CVS.,1.103448275862069,0.0472450663355582,58,53,4,1,not_evaluated,not_evaluated
Your tax dollars at work. You're welcome.,1.103448275862069,0.0532640307393953,58,54,2,2,not_evaluated,not_evaluated
"Have you found the bottom line price of bravery too high?""",1.103448275862069,0.0403377690941794,58,52,6,0,not_evaluated,not_evaluated
I am also an Eagle Scout; these are merit badges.,1.103448275862069,0.0403377690941794,58,52,6,0,not_evaluated,not_evaluated
Some party.  I just got subpoenaed.,1.103448275862069,0.0472450663355582,58,53,4,1,not_evaluated,not_evaluated
Can I get your autograph? I'm a big fan of the impeachment hearings.,1.103448275862069,0.0403377690941794,58,52,6,0,not_evaluated,not_evaluated
Yes. I bought this wine at CVS.,1.103448275862069,0.0532640307393953,58,54,2,2,not_evaluated,not_evaluated
"Glossary mam, glossary.",1.103448275862069,0.0403377690941794,58,52,6,0,not_evaluated,not_evaluated
"Oh, that's just my shopping list.",1.103448275862069,0.0472450663355582,58,53,4,1,not_evaluated,not_evaluated
Wait'll you see what Dollar General has in store for you.,1.103448275862069,0.0403377690941794,58,52,6,0,not_evaluated,not_evaluated
"I’d just like to thank you for your service, and your service fee.",1.103448275862069,0.0472450663355582,58,53,4,1,not_evaluated,not_evaluated
It's my receipt from Turnberry.,1.103448275862069,0.0403377690941794,58,52,6,0,not_evaluated,not_evaluated
"Mam, please stop staring at my grocery list!",1.103448275862069,0.0472450663355582,58,53,4,1,not_evaluated,not_evaluated
"It's my CVS Pharmacy receipt """,1.103448275862069,0.0403377690941794,58,52,6,0,not_evaluated,not_evaluated
"Yes, they decided to go on ‘The taxpayer pays the bill.’",1.103448275862069,0.0472450663355582,58,53,4,1,not_evaluated,not_evaluated
It’s a Condoms-Midol Peace Aeard. I bought all of our hygiene and reproduction needs wthoutb starting an argument in the PX.,1.103448275862069,0.0472450663355582,58,53,4,1,not_evaluated,not_evaluated
It's a receipt--I braved the mall on Black Friday.,1.103448275862069,0.0472450663355582,58,53,4,1,not_evaluated,not_evaluated
"#88 THAT WAS AN IMPORTANT MISSION , WE HAD TO HEAD FORWARD  AND BRING UP THE REAR WATCHING OUT FOR BOOBY TRAPS  BEFORE  ENGAGING THE ENEMY",1.103448275862069,0.0472450663355582,58,53,4,1,not_evaluated,not_evaluated
"No,no that's the list of wars we lost.",1.103448275862069,0.0403377690941794,58,52,6,0,not_evaluated,not_evaluated
"Of course, if we were at the White House, I'd be wearing a suit.",1.103448275862069,0.0472450663355582,58,53,4,1,not_evaluated,not_evaluated
I’m glad you’re on our side.,1.103448275862069,0.0403377690941794,58,52,6,0,not_evaluated,not_evaluated
Can you tell me where to get one of those badges please,1.1016949152542372,0.0396869342404791,59,53,6,0,not_evaluated,not_evaluated
That damn CVS.,1.1016949152542372,0.0464704883270233,59,54,4,1,not_evaluated,not_evaluated
That medal is for getting everything on a shopping list without having to make a second trip.,1.1016949152542372,0.0396869342404791,59,53,6,0,not_evaluated,not_evaluated
It's a laundry list of awards.,1.1016949152542372,0.0464704883270233,59,54,4,1,not_evaluated,not_evaluated
I see you were awarded the CVS medal of freedom,1.1016949152542372,0.0396869342404791,59,53,6,0,not_evaluated,not_evaluated
It reminds what I am fighting for-Black Friday sales.,1.1016949152542372,0.0396869342404791,59,53,6,0,not_evaluated,not_evaluated
"Sir, who's going to pay for that?",1.1016949152542372,0.0464704883270233,59,54,4,1,not_evaluated,not_evaluated
"Yes ma’am, served two tours overseas in support of Operation CVS.",1.1,0.0390566732942471,60,54,6,0,not_evaluated,not_evaluated
"It's for Courage, Valor, Service, or the CVS award.",1.0909090909090908,0.046945252681302,55,51,3,1,not_evaluated,not_evaluated
"Omg, You Mr President",1.0909090909090908,0.039121043901085,55,50,5,0,not_evaluated,not_evaluated
I       am      not     an      ar    mee      ro    bot.,1.0909090909090908,0.039121043901085,55,50,5,0,not_evaluated,not_evaluated
The Space Force hasn't gotten to nailing down the patterns yet.,1.0909090909090908,0.039121043901085,55,50,5,0,not_evaluated,not_evaluated
This printout is from Trump - He's either just awarded me another medal or taken one away.,1.0909090909090908,0.046945252681302,55,51,3,1,not_evaluated,not_evaluated
Pay on your way out; swing your car around to the back of the building to pick up all the wisdom I’ve dropped on you tonight.,1.0909090909090908,0.046945252681302,55,51,3,1,not_evaluated,not_evaluated
Not to worry hon. These are prospective intern phone numbers.,1.0909090909090908,0.046945252681302,55,51,3,1,not_evaluated,not_evaluated
"My goodness, you have so many medals!
I grew weary explaining them, so I installed a printer that details each of my awards. It looks like a pharmacy receipt, but it's all there.",1.0909090909090908,0.039121043901085,55,50,5,0,not_evaluated,not_evaluated
I've been awarded the cupid star for every date I've had since the 6th grade.,1.0909090909090908,0.046945252681302,55,51,3,1,not_evaluated,not_evaluated
The CVS Medal of Honor and $3.00 off your next purchase?    Color me impressed.,1.0909090909090908,0.039121043901085,55,50,5,0,not_evaluated,not_evaluated
That one's for defeating Marshall TJ Maxx at the Battle of CVS/Caremark!,1.0909090909090908,0.046945252681302,55,51,3,1,not_evaluated,not_evaluated
Finally somebody with distinguishable facial features.,1.0909090909090908,0.039121043901085,55,50,5,0,not_evaluated,not_evaluated
The deleted is still classified.,1.0909090909090908,0.039121043901085,55,50,5,0,not_evaluated,not_evaluated
It's proof I'm a heroic vegan,1.0909090909090908,0.039121043901085,55,50,5,0,not_evaluated,not_evaluated
It was awarded by CVS.,1.0909090909090908,0.046945252681302,55,51,3,1,not_evaluated,not_evaluated
"Sorry, you don't fit the bill. Thanks.",1.0909090909090908,0.046945252681302,55,51,3,1,not_evaluated,not_evaluated
"Oh my, you have so many accommodations!",1.0909090909090908,0.046945252681302,55,51,3,1,not_evaluated,not_evaluated
"…and this one’s for cynically goatroaping young Americans starved of opportunity to oppress and kill their global peers in order to prop up the very oligarchs that cause that starvation. and this one? ah, yes, this one’s for thinking i''m a hero.",1.0909090909090908,0.046945252681302,55,51,3,1,not_evaluated,not_evaluated
Survival of the fittest,1.0909090909090908,0.046945252681302,55,51,3,1,not_evaluated,not_evaluated
It’s for shopping at Walmart and getting the giant tv on Black Friday.,1.0909090909090908,0.046945252681302,55,51,3,1,not_evaluated,not_evaluated
CVS was offering a BOGO deal on holiday decorations.,1.0909090909090908,0.039121043901085,55,50,5,0,not_evaluated,not_evaluated
Looks like you got bought.  When will you be sold?,1.0909090909090908,0.039121043901085,55,50,5,0,not_evaluated,not_evaluated
"Alexa, print a copy so that she doesn't forget my campaigns.",1.0909090909090908,0.046945252681302,55,51,3,1,not_evaluated,not_evaluated
It’s my distinguished bar tab bar,1.0909090909090908,0.046945252681302,55,51,3,1,not_evaluated,not_evaluated
Finances had been a challenge for Colonel Berkshire recently so his pawn shop receipt would have to stand-in temporarily (he constantly reassured himself) for his Purple Heart.,1.0909090909090908,0.046945252681302,55,51,3,1,not_evaluated,not_evaluated
Now let's see. Your share of $700 billion comes to...,1.087719298245614,0.0378022634811988,57,52,5,0,not_evaluated,not_evaluated
How long did you have to pin that bear again to get this one?,1.087719298245614,0.0453384774815176,57,53,3,1,not_evaluated,not_evaluated
"Wow, I didn't know they had ribbons at Safeway?",1.0862068965517242,0.044575586536534,58,54,3,1,not_evaluated,not_evaluated
Having that bill on you must be more stressful than Santa doing his naughty or nice list.,1.0862068965517242,0.044575586536534,58,54,3,1,not_evaluated,not_evaluated
After the court-martial they added asterisks.,1.0862068965517242,0.0371755596799843,58,53,5,0,not_evaluated,not_evaluated
My medals got too heavy to continue wearing.,1.0862068965517242,0.0371755596799843,58,53,5,0,not_evaluated,not_evaluated
Oh my! You weren't kidding about the rations list.,1.0847457627118644,0.0365692348590547,59,54,5,0,not_evaluated,not_evaluated
I got that one for surviving ‘Black Friday’.,1.0847457627118644,0.0365692348590547,59,54,5,0,not_evaluated,not_evaluated
"Oh honey, I forgot to add toilet paper to the list.",1.0847457627118644,0.0365692348590547,59,54,5,0,not_evaluated,not_evaluated
"That one's for my CVS tours, ma'am.",1.0847457627118644,0.0365692348590547,59,54,5,0,not_evaluated,not_evaluated
"Black Friday, mam”",1.0833333333333333,0.0359823141323644,60,55,5,0,not_evaluated,not_evaluated
It’s for my honourable account charge.,1.0819672131147542,0.0354138835978571,61,56,5,0,not_evaluated,not_evaluated
I am most proud of my duty at CVS.,1.0819672131147542,0.0354138835978571,61,56,5,0,not_evaluated,not_evaluated
"« #quotes 4h
& lasaretta79

° Ge conobbero. Lui conobbe

lei e se stesso, perche
in verita non s’era mai
saputo.

E lei conobbe lui e se
stessa , perchée pur
essendosi saputa sempre,
mai s’era potuta
riconoscere cosi.

Italo Calvino",1.0769230769230769,0.0463294797991181,52,49,2,1,not_evaluated,not_evaluated
He could see she was into metal..,1.0769230769230769,0.0373131730825127,52,48,4,0,not_evaluated,not_evaluated
Damn thing just spits out every time someone mentions receipt if medals.,1.0769230769230769,0.0463294797991181,52,49,2,1,not_evaluated,not_evaluated
"Good evening Sir or Madam. Joint_Chiefs_Model_Bravo-3 cordially and very respectfully greets you. Please be advised that if I am inappropriately detained, in any manner, I will self-destruct. I must comment that this is the GREATEST event EVER!!",1.0769230769230769,0.0373131730825127,52,48,4,0,not_evaluated,not_evaluated
And this one is my receipt from the PX.,1.0769230769230769,0.0373131730825127,52,48,4,0,not_evaluated,not_evaluated
They're just my orders of merit.,1.0769230769230769,0.0373131730825127,52,48,4,0,not_evaluated,not_evaluated
They wanted to sign it,1.0769230769230769,0.0463294797991181,52,49,2,1,not_evaluated,not_evaluated
There seems to be a discrepancy with what you're saying and what your suit says,1.0769230769230769,0.0463294797991181,52,49,2,1,not_evaluated,not_evaluated
There was a mix-up with the medals.  They pinned a receipt printer on me.,1.0769230769230769,0.0463294797991181,52,49,2,1,not_evaluated,not_evaluated
Nah.  It’s just my wife’s to do list.,1.0769230769230769,0.0373131730825127,52,48,4,0,not_evaluated,not_evaluated
I can account for every commendation with this receipt.,1.0769230769230769,0.0463294797991181,52,49,2,1,not_evaluated,not_evaluated
That one was for Distinguished Service in the CVS Takeover Wars.,1.0769230769230769,0.0463294797991181,52,49,2,1,not_evaluated,not_evaluated
A printout of medals I'm receiving as we speak.,1.0769230769230769,0.0373131730825127,52,48,4,0,not_evaluated,not_evaluated
Wow!  The size of your CVS receipt is quite impressive,1.0769230769230769,0.0373131730825127,52,48,4,0,not_evaluated,not_evaluated
"Thank you for that, Ma'am. Do you want a receipt?",1.0769230769230769,0.0463294797991181,52,49,2,1,not_evaluated,not_evaluated
Your receipt is hanging out.,1.0769230769230769,0.0373131730825127,52,48,4,0,not_evaluated,not_evaluated
"I was given this ribbon because when you’re as decorated as I am, you need a ribbon.",1.0769230769230769,0.0463294797991181,52,49,2,1,not_evaluated,not_evaluated
That's just my receipt badge detailing the cost of war.,1.0769230769230769,0.0373131730825127,52,48,4,0,not_evaluated,not_evaluated
"It’s not my rank, it’s my CVS receipt.",1.0769230769230769,0.0373131730825127,52,48,4,0,not_evaluated,not_evaluated
I know. My extreme couponing skills are impressive.,1.0769230769230769,0.0373131730825127,52,48,4,0,not_evaluated,not_evaluated
I think the whole thing is generally wrong.,1.0769230769230769,0.0318621872915197,52,50,1,1,not_evaluated,not_evaluated
The current cost of the war on trump .,1.0769230769230769,0.0373131730825127,52,48,4,0,not_evaluated,not_evaluated
That one was for invading CVS.,1.0769230769230769,0.0463294797991181,52,49,2,1,not_evaluated,not_evaluated
That one is a running list of all the President’s tweets about my patriotism.,1.0769230769230769,0.0373131730825127,52,48,4,0,not_evaluated,not_evaluated
Two dozen eggs across three tours; it's all itemized.,1.0769230769230769,0.0463294797991181,52,49,2,1,not_evaluated,not_evaluated
We shall defend our island whatever the cost.,1.0769230769230769,0.0463294797991181,52,49,2,1,not_evaluated,not_evaluated
"You’re right,  the price I paid was very high and I didn’t tip.",1.0769230769230769,0.0373131730825127,52,48,4,0,not_evaluated,not_evaluated
Can I take the last coupon?,1.0769230769230769,0.0373131730825127,52,48,4,0,not_evaluated,not_evaluated
I was awarded the Red Tape Heart for valor in the face of politicians.,1.0769230769230769,0.0373131730825127,52,48,4,0,not_evaluated,not_evaluated
"Yes, that's the list of the enemy I exterminated to earn this medal.",1.0769230769230769,0.0373131730825127,52,48,4,0,not_evaluated,not_evaluated
Is that paper roll for emergencies?,1.0769230769230769,0.0373131730825127,52,48,4,0,not_evaluated,not_evaluated
"Yes, I have my wings.",1.0769230769230769,0.0373131730825127,52,48,4,0,not_evaluated,not_evaluated
I'm saving the recipe in case I want to return them later.,1.0769230769230769,0.0373131730825127,52,48,4,0,not_evaluated,not_evaluated
The White Stripe confers more glory than the Purple Heart.,1.0769230769230769,0.0463294797991181,52,49,2,1,not_evaluated,not_evaluated
Why Thank you but Receipts don’t seem to matter these days. :(,1.0769230769230769,0.0373131730825127,52,48,4,0,not_evaluated,not_evaluated
And this badge I picked up from CVS.,1.0769230769230769,0.0373131730825127,52,48,4,0,not_evaluated,not_evaluated
My integrity and I are taking a night off.,1.0769230769230769,0.0373131730825127,52,48,4,0,not_evaluated,not_evaluated
"Oh, that one? It's my ""Honey Do"" list.",1.0769230769230769,0.0373131730825127,52,48,4,0,not_evaluated,not_evaluated
He promised to support the military and also save money-medals in receipt form”,1.0769230769230769,0.0463294797991181,52,49,2,1,not_evaluated,not_evaluated
For exemplary service as cashier at the PX.,1.0769230769230769,0.0373131730825127,52,48,4,0,not_evaluated,not_evaluated
Comes in handy for restroom emergencies.,1.0769230769230769,0.0373131730825127,52,48,4,0,not_evaluated,not_evaluated
I'm most proud of the time I endured in the drug store during the bombardment of coupons.,1.0769230769230769,0.0373131730825127,52,48,4,0,not_evaluated,not_evaluated
They put in a self checkout rather than a pacemaker.,1.0769230769230769,0.0373131730825127,52,48,4,0,not_evaluated,not_evaluated
"Oh that’s just from my last tour of duty, buying Halloween candy at CVS.",1.0769230769230769,0.0463294797991181,52,49,2,1,not_evaluated,not_evaluated
For Valor at CVS.,1.0769230769230769,0.0463294797991181,52,49,2,1,not_evaluated,not_evaluated
"As you can tell from my posture, I am very important.",1.0769230769230769,0.0373131730825127,52,48,4,0,not_evaluated,not_evaluated
It's for meritorious duty behind the counter at the officer's club.,1.0769230769230769,0.0463294797991181,52,49,2,1,not_evaluated,not_evaluated
"You may need to revisit the bathroom and check the mirror for toilet paper, Mr. President.",1.0769230769230769,0.0463294797991181,52,49,2,1,not_evaluated,not_evaluated
It's a list of the Big Box bargains I captured on Black Friday.,1.0769230769230769,0.0538569263087696,52,50,0,2,not_evaluated,not_evaluated
Does your shopping list include L'air Du Temps?,1.0769230769230769,0.0463294797991181,52,49,2,1,not_evaluated,not_evaluated
That one’s my grocery list.,1.0769230769230769,0.0373131730825127,52,48,4,0,not_evaluated,not_evaluated
"Yes, they are pretty. And No I'm not a Boy Scout, Waiter, or Tour Guide.  (Yes, I've been asked those questions).",1.0769230769230769,0.0373131730825127,52,48,4,0,not_evaluated,not_evaluated
"...and what's more, there was no military discount on the fruit salad.",1.0769230769230769,0.0373131730825127,52,48,4,0,not_evaluated,not_evaluated
"Well, it did cost a lot",1.0769230769230769,0.0373131730825127,52,48,4,0,not_evaluated,not_evaluated
The medals themselves didn’t express the cost.,1.0769230769230769,0.0373131730825127,52,48,4,0,not_evaluated,not_evaluated
"It’s Lieutenant Colonel CVS, Ma’am",1.0769230769230769,0.0373131730825127,52,48,4,0,not_evaluated,not_evaluated
"What notable tweets, sir.",1.0769230769230769,0.0373131730825127,52,48,4,0,not_evaluated,not_evaluated
I have one just like that from spending a few hours with my husband's credit card at Saks Fifth Avenue!,1.0769230769230769,0.0463294797991181,52,49,2,1,not_evaluated,not_evaluated
"Given to me for my contribution to CVS Pharmacies.""",1.0769230769230769,0.0463294797991181,52,49,2,1,not_evaluated,not_evaluated
That's the receipt for this uniform and all these decorations.  I got a good deal!,1.0769230769230769,0.0463294797991181,52,49,2,1,not_evaluated,not_evaluated
Call me General Costco.,1.0769230769230769,0.0463294797991181,52,49,2,1,not_evaluated,not_evaluated
"Oh no M'am, Sorry.  I just came from the grocery store.",1.0769230769230769,0.0463294797991181,52,49,2,1,not_evaluated,not_evaluated
This list needs to be filled out in triplicate before I  can act on any household requests!,1.0769230769230769,0.0463294797991181,52,49,2,1,not_evaluated,not_evaluated
It’s the Silver Receipt for valor and savings on Black Friday,1.0769230769230769,0.0373131730825127,52,48,4,0,not_evaluated,not_evaluated
It doesn't leave a trail like deleting e-mails does.,1.0769230769230769,0.0373131730825127,52,48,4,0,not_evaluated,not_evaluated
"You have to buy your badges at a store when you're not qualified,
I kept the receipt.",1.0769230769230769,0.0463294797991181,52,49,2,1,not_evaluated,not_evaluated
"I’m on leave, but ready to return at any moment.",1.0769230769230769,0.0463294797991181,52,49,2,1,not_evaluated,not_evaluated
It's a list of my congressional testimonies.,1.0769230769230769,0.0373131730825127,52,48,4,0,not_evaluated,not_evaluated
That one's for valor in the checkout line at Rite Aid.,1.0769230769230769,0.0373131730825127,52,48,4,0,not_evaluated,not_evaluated
It's recipes from my deployments.,1.0769230769230769,0.0463294797991181,52,49,2,1,not_evaluated,not_evaluated
Your version of a ticker tape parade?,1.0769230769230769,0.0463294797991181,52,49,2,1,not_evaluated,not_evaluated
It's not for your drinks. Its my PTSD tab.,1.0769230769230769,0.0463294797991181,52,49,2,1,not_evaluated,not_evaluated
This one is for supplying toilet paper to the GIs on the front lines.,1.0769230769230769,0.0373131730825127,52,48,4,0,not_evaluated,not_evaluated
It’s for going above and beyond the checkout line of duty.,1.0769230769230769,0.0463294797991181,52,49,2,1,not_evaluated,not_evaluated
"Oh, I got that one for buying toothpaste at CVS.",1.0769230769230769,0.0463294797991181,52,49,2,1,not_evaluated,not_evaluated
I got 5 dollars in extra bucks.,1.0769230769230769,0.0463294797991181,52,49,2,1,not_evaluated,not_evaluated
"How it happened, when, where and every detail is written right here...",1.0769230769230769,0.0373131730825127,52,48,4,0,not_evaluated,not_evaluated
Enough of this small print.  You had me at “attention,1.0769230769230769,0.0463294797991181,52,49,2,1,not_evaluated,not_evaluated
I was honored to be in the latrine service.,1.0769230769230769,0.0463294797991181,52,49,2,1,not_evaluated,not_evaluated
"Oh gosh, I see you’ve been awarded the CVS!",1.0769230769230769,0.0373131730825127,52,48,4,0,not_evaluated,not_evaluated
Is that this years Christmas list? Or are you trying to prove to your wife you bought the groceries?,1.0769230769230769,0.0373131730825127,52,48,4,0,not_evaluated,not_evaluated
And that one came from CVS.,1.0769230769230769,0.0373131730825127,52,48,4,0,not_evaluated,not_evaluated
It’s a partial list of all my losing efforts in the battle of the sexes – once again I’ll request a bigger budget.,1.0769230769230769,0.0373131730825127,52,48,4,0,not_evaluated,not_evaluated
Don't read the fine print!,1.0769230769230769,0.0373131730825127,52,48,4,0,not_evaluated,not_evaluated
I was a security guard at CVS before joining the military.,1.0769230769230769,0.0373131730825127,52,48,4,0,not_evaluated,not_evaluated
You'd be surprised how much these things cost.,1.0769230769230769,0.0373131730825127,52,48,4,0,not_evaluated,not_evaluated
It’s a ticket from the cleaners...we need daily stain-removal....,1.0769230769230769,0.0373131730825127,52,48,4,0,not_evaluated,not_evaluated
Plus I get a 30% discount at the Fuel & Go.,1.0769230769230769,0.0373131730825127,52,48,4,0,not_evaluated,not_evaluated
"Seems you've mistaken me for your hubby, I'm his stunt double.""",1.0769230769230769,0.0373131730825127,52,48,4,0,not_evaluated,not_evaluated
That one’s for successfully negotiating the acquisition a million tooth brushes at CVS.,1.0769230769230769,0.0373131730825127,52,48,4,0,not_evaluated,not_evaluated
"It’s a receipt for disaster.”
Kyle Kenyon, Florid",1.0769230769230769,0.0373131730825127,52,48,4,0,not_evaluated,not_evaluated
"It’s a SICONIA, awarded for service in the creation of non-intuitive acronyms.",1.0769230769230769,0.0373131730825127,52,48,4,0,not_evaluated,not_evaluated
Is that your CVS Receipt?,1.0769230769230769,0.0463294797991181,52,49,2,1,not_evaluated,not_evaluated
Cost overruns.???,1.0769230769230769,0.0373131730825127,52,48,4,0,not_evaluated,not_evaluated
"Yes, that's aardvark you smell on me. And yes, I went to CVS before the party. Burp! I'm decorated!",1.0769230769230769,0.0463294797991181,52,49,2,1,not_evaluated,not_evaluated
That one is for thirty hard years at the check out counter at Walmart.,1.0769230769230769,0.0373131730825127,52,48,4,0,not_evaluated,not_evaluated
Credit card or cash?,1.0769230769230769,0.0463294797991181,52,49,2,1,not_evaluated,not_evaluated
That's my wife's shopping list so I won't forget to do!,1.0769230769230769,0.0373131730825127,52,48,4,0,not_evaluated,not_evaluated
"It's for Meritous Service ""Above and Beyond"" at CVS",1.0769230769230769,0.0463294797991181,52,49,2,1,not_evaluated,not_evaluated
Awarded for valor in the produce section.,1.0769230769230769,0.0373131730825127,52,48,4,0,not_evaluated,not_evaluated
Is any of that recognition for massage? My quad is killing me.,1.0769230769230769,0.0463294797991181,52,49,2,1,not_evaluated,not_evaluated
It's the list of folks I get in trouble for not saluting.,1.0769230769230769,0.0373131730825127,52,48,4,0,not_evaluated,not_evaluated
"I know they say to celebrate the small things, but lieutenant, this is your grocery list.",1.0769230769230769,0.0373131730825127,52,48,4,0,not_evaluated,not_evaluated
I am permitted to speak but only if you pay here.,1.0769230769230769,0.0373131730825127,52,48,4,0,not_evaluated,not_evaluated
And I thought only chickens could lay eggs.,1.0769230769230769,0.0463294797991181,52,49,2,1,not_evaluated,not_evaluated
The budget office has declared that we must put a price on security.,1.0769230769230769,0.0373131730825127,52,48,4,0,not_evaluated,not_evaluated
It is a list of what I have conquered since 11 o'clock.,1.0769230769230769,0.0373131730825127,52,48,4,0,not_evaluated,not_evaluated
"Never mind that, it’s classified. So what dat mouf do gurl?",1.0769230769230769,0.0373131730825127,52,48,4,0,not_evaluated,not_evaluated
It's a breakdown of the budget I got Congress to approve this year.,1.0769230769230769,0.0373131730825127,52,48,4,0,not_evaluated,not_evaluated
Are all checks this well-decorated?,1.0769230769230769,0.0373131730825127,52,48,4,0,not_evaluated,not_evaluated
Take a coupon and you can have a chest full of medals too.,1.0769230769230769,0.0463294797991181,52,49,2,1,not_evaluated,not_evaluated
That glass of Freedom-grigio you're enjoying came at a cost,1.0769230769230769,0.0463294797991181,52,49,2,1,not_evaluated,not_evaluated
"Oh, my General, Vietnam, Panama, Serbia, Desert Store, and you've been to CVS too?",1.0769230769230769,0.0373131730825127,52,48,4,0,not_evaluated,not_evaluated
"Yea,  budget cuts from the big guy means printouts instead of those old medals.  And don’t even get me started on the new buttons.",1.0769230769230769,0.0463294797991181,52,49,2,1,not_evaluated,not_evaluated
I got that last one for service on behalf of CVS,1.0769230769230769,0.0373131730825127,52,48,4,0,not_evaluated,not_evaluated
Is that receipt a ribbon for your service in the Battle of Black Friday?,1.0769230769230769,0.0373131730825127,52,48,4,0,not_evaluated,not_evaluated
Earning that one was the hardest -- it's my wife's To-Do List.,1.0769230769230769,0.0463294797991181,52,49,2,1,not_evaluated,not_evaluated
Thanks for your donation. Here's your receipt.,1.0769230769230769,0.0373131730825127,52,48,4,0,not_evaluated,not_evaluated
I rented this uniform and that's the receipt for all these medals.,1.0769230769230769,0.0373131730825127,52,48,4,0,not_evaluated,not_evaluated
I was hacked!,1.0769230769230769,0.0373131730825127,52,48,4,0,not_evaluated,not_evaluated
You oughta see my kitty cat go when I do this.,1.0769230769230769,0.0373131730825127,52,48,4,0,not_evaluated,not_evaluated
You got a bug up your ass!,1.0769230769230769,0.0318621872915197,52,50,1,1,not_evaluated,not_evaluated
It's a receipt for all of the money I've had to put in the 'swear jar' this month.,1.0769230769230769,0.0373131730825127,52,48,4,0,not_evaluated,not_evaluated
It's a little reminder that love can get expensive.,1.0769230769230769,0.0373131730825127,52,48,4,0,not_evaluated,not_evaluated
I served in the commissary right after boot camp.,1.0769230769230769,0.0373131730825127,52,48,4,0,not_evaluated,not_evaluated
I was created so long ago the DOD used paper tape to program me.,1.0769230769230769,0.0373131730825127,52,48,4,0,not_evaluated,not_evaluated
"I see! Literally, you kept receipts for all your medals.",1.0769230769230769,0.0373131730825127,52,48,4,0,not_evaluated,not_evaluated
This one is for finding the lost battalion.,1.0769230769230769,0.0463294797991181,52,49,2,1,not_evaluated,not_evaluated
"I know you don’t like my co-workers, but the EKG machine in your jacket is not very subtle",1.0769230769230769,0.0373131730825127,52,48,4,0,not_evaluated,not_evaluated
"Every time I speak to a civilian, I'm required to charge for my remarks and provide a receipt.",1.0769230769230769,0.0373131730825127,52,48,4,0,not_evaluated,not_evaluated
It's a receipt in case the President tries to make me return my decorations.,1.0769230769230769,0.0373131730825127,52,48,4,0,not_evaluated,not_evaluated
"Um, I don't know how to stop it from growing.",1.0769230769230769,0.0373131730825127,52,48,4,0,not_evaluated,not_evaluated
It omitted the scrambled eggs on your hat.,1.0769230769230769,0.0373131730825127,52,48,4,0,not_evaluated,not_evaluated
there arguing about making microwavable cheese,1.0769230769230769,0.0373131730825127,52,48,4,0,not_evaluated,not_evaluated
hey u want to dance you seem cute,1.0769230769230769,0.0463294797991181,52,49,2,1,not_evaluated,not_evaluated
"Sir, you have to many badges it's weighing you down!",1.0769230769230769,0.0373131730825127,52,48,4,0,not_evaluated,not_evaluated
"That one is for recognizing a particularly difficult Pinot Noir with a fruity, playful, piquant nose.",1.0769230769230769,0.0373131730825127,52,48,4,0,not_evaluated,not_evaluated
"Honey, it's the bill for my uniforms Fruit Salad!",1.0769230769230769,0.0463294797991181,52,49,2,1,not_evaluated,not_evaluated
This badge lists my war crimes.,1.0769230769230769,0.0373131730825127,52,48,4,0,not_evaluated,not_evaluated
I'm having the Peking aperiTARIFF.,1.0769230769230769,0.0373131730825127,52,48,4,0,not_evaluated,not_evaluated
"Good idea, Major!  Your itemized receipt for each of your ribbons and medals certainly reduces the need for a lot of inane small talk surrounding your military career!",1.0769230769230769,0.0373131730825127,52,48,4,0,not_evaluated,not_evaluated
this is my list of demands,1.0769230769230769,0.0373131730825127,52,48,4,0,not_evaluated,not_evaluated
"If you're going to itemize everything we consume, could you at least price it before tariffs?",1.0769230769230769,0.0463294797991181,52,49,2,1,not_evaluated,not_evaluated
I printed this invoice for the fruit salad you ordered.,1.0769230769230769,0.0463294797991181,52,49,2,1,not_evaluated,not_evaluated
That one is so I don't forget to pick up a few things on the way home.,1.0769230769230769,0.0373131730825127,52,48,4,0,not_evaluated,not_evaluated
"OK, I’m convinced. You do have a super ego problem. [This caption is for Nov. 25 issue, as it just arrived yesterday.]",1.0769230769230769,0.0373131730825127,52,48,4,0,not_evaluated,not_evaluated
I didn't forget to pick up groceries,1.0769230769230769,0.0463294797991181,52,49,2,1,not_evaluated,not_evaluated
That's my Target run list.,1.0769230769230769,0.0373131730825127,52,48,4,0,not_evaluated,not_evaluated
"I figure if I pin it here, Santa can’t refuse.",1.0769230769230769,0.0373131730825127,52,48,4,0,not_evaluated,not_evaluated
"Oh, it's just a receipt for your trip to Trader Joe's. I heard it's quite the battle to find parking there.""",1.0769230769230769,0.0463294797991181,52,49,2,1,not_evaluated,not_evaluated
"I told you, happy hour is until 8:00!",1.0769230769230769,0.0463294797991181,52,49,2,1,not_evaluated,not_evaluated
It's a receipt I give each taxpayer.  Of course all sales are final.,1.0769230769230769,0.0373131730825127,52,48,4,0,not_evaluated,not_evaluated
"Now that's a long shopping list"".",1.0769230769230769,0.0463294797991181,52,49,2,1,not_evaluated,not_evaluated
"Nice, a Bag Boy  medal and ribbon for speed and order.",1.0769230769230769,0.0463294797991181,52,49,2,1,not_evaluated,not_evaluated
Just so you know.,1.0769230769230769,0.0463294797991181,52,49,2,1,not_evaluated,not_evaluated
I just bought stock in CVS,1.0769230769230769,0.0373131730825127,52,48,4,0,not_evaluated,not_evaluated
It's the new pay-as-you-play army,1.0769230769230769,0.0373131730825127,52,48,4,0,not_evaluated,not_evaluated
I was last stationed at a CVS.,1.0769230769230769,0.0373131730825127,52,48,4,0,not_evaluated,not_evaluated
I see that you have a description of each medal in case someone cares.,1.0769230769230769,0.0463294797991181,52,49,2,1,not_evaluated,not_evaluated
Bottomlinefighter ribbon.,1.0769230769230769,0.0463294797991181,52,49,2,1,not_evaluated,not_evaluated
No. I did not get all my medals from CVS.,1.0769230769230769,0.0373131730825127,52,48,4,0,not_evaluated,not_evaluated
I got that one in the great Black Friday price war of '08.,1.0769230769230769,0.0373131730825127,52,48,4,0,not_evaluated,not_evaluated
"No, that is not a list of the people I've killed in combat. That is a list of all the women I've loved. Big difference, wouldn't you say?",1.0769230769230769,0.0373131730825127,52,48,4,0,not_evaluated,not_evaluated
Your wife is clever to put the grocery list on you,1.0769230769230769,0.0373131730825127,52,48,4,0,not_evaluated,not_evaluated
"Well, that is a long list of parking tickets.",1.0769230769230769,0.0463294797991181,52,49,2,1,not_evaluated,not_evaluated
Would you like to have a receipt for the IRS?,1.0769230769230769,0.0463294797991181,52,49,2,1,not_evaluated,not_evaluated
And those are my awards for participation.,1.0769230769230769,0.0373131730825127,52,48,4,0,not_evaluated,not_evaluated
This was for bravery in the Battle of Walmart,1.0769230769230769,0.0373131730825127,52,48,4,0,not_evaluated,not_evaluated
Your a stand-in double for President Trump.,1.0769230769230769,0.0373131730825127,52,48,4,0,not_evaluated,not_evaluated
My presidential pardon is pending based on whether I respond to Congress' subpoena in the impeachment inquiry,1.0769230769230769,0.0463294797991181,52,49,2,1,not_evaluated,not_evaluated
It's a neat way to avoid getting stuck by all those pins,1.0769230769230769,0.0373131730825127,52,48,4,0,not_evaluated,not_evaluated
"Okay, you lost me at section #14",1.0769230769230769,0.0373131730825127,52,48,4,0,not_evaluated,not_evaluated
I got this one for doing the marketing in 2013.,1.0769230769230769,0.0463294797991181,52,49,2,1,not_evaluated,not_evaluated
"Due to Government cut backs, all Medals of Honor are now supplied by CVS.",1.0769230769230769,0.0373131730825127,52,48,4,0,not_evaluated,not_evaluated
That's my shopping on Black Friday commendation.,1.0769230769230769,0.0463294797991181,52,49,2,1,not_evaluated,not_evaluated
Oh I thought I had seen you at CVS before.,1.0769230769230769,0.0373131730825127,52,48,4,0,not_evaluated,not_evaluated
The ribbon shows what wars I fought in.,1.0769230769230769,0.0373131730825127,52,48,4,0,not_evaluated,not_evaluated
Is that a CVS receipt on your chest?,1.0769230769230769,0.0463294797991181,52,49,2,1,not_evaluated,not_evaluated
I'm the CVS liaison.,1.0769230769230769,0.0373131730825127,52,48,4,0,not_evaluated,not_evaluated
It's for exceptional bravery in a drug store.,1.0769230769230769,0.0463294797991181,52,49,2,1,not_evaluated,not_evaluated
That one pays residuals.,1.0769230769230769,0.0463294797991181,52,49,2,1,not_evaluated,not_evaluated
I don't dare look too much like I'm serving the country.,1.0769230769230769,0.0373131730825127,52,48,4,0,not_evaluated,not_evaluated
Bravery? Heck no! These are my IMDB credits!,1.0769230769230769,0.0373131730825127,52,48,4,0,not_evaluated,not_evaluated
There's a fabric shortage.,1.0769230769230769,0.0373131730825127,52,48,4,0,not_evaluated,not_evaluated
I like cheese.,1.0769230769230769,0.0373131730825127,52,48,4,0,not_evaluated,not_evaluated
"So, you've served our country? Tell me, what was that like?",1.0769230769230769,0.0373131730825127,52,48,4,0,not_evaluated,not_evaluated
I though the uniform needed something extra to remind people of my service,1.0769230769230769,0.0373131730825127,52,48,4,0,not_evaluated,not_evaluated
"It's a list of Meritorious Masts, old boyfriends, and kitten quotes.",1.0769230769230769,0.0463294797991181,52,49,2,1,not_evaluated,not_evaluated
"Karl took his ex-wife's suggestion to ""show me the receipts"" quite literally.",1.0769230769230769,0.0373131730825127,52,48,4,0,not_evaluated,not_evaluated
I won the Pharmacy Wars for CVS back in the '90s.,1.0769230769230769,0.0373131730825127,52,48,4,0,not_evaluated,not_evaluated
It's just my fruit salad recipe.,1.0769230769230769,0.0373131730825127,52,48,4,0,not_evaluated,not_evaluated
"It""s my one way ticket back to a civilized life.""",1.0769230769230769,0.0373131730825127,52,48,4,0,not_evaluated,not_evaluated
It's for distinguished service in the candy aisle at CVS.,1.0769230769230769,0.0463294797991181,52,49,2,1,not_evaluated,not_evaluated
It's for Distinguished Service in the Commissary.,1.0769230769230769,0.0463294797991181,52,49,2,1,not_evaluated,not_evaluated
Here's the ingredients for my Fruit Salad,1.0769230769230769,0.0463294797991181,52,49,2,1,not_evaluated,not_evaluated
"The high costs or war, my arm and the dry cleaning bill for my dress uniform.",1.0769230769230769,0.0373131730825127,52,48,4,0,not_evaluated,not_evaluated
"I tell you, the lobster degree is a highly honoured one where I've served.",1.0769230769230769,0.0373131730825127,52,48,4,0,not_evaluated,not_evaluated
I never agreed with outsourced the badges to CVS,1.0769230769230769,0.0373131730825127,52,48,4,0,not_evaluated,not_evaluated
I earned this one today at Walgreens.,1.0769230769230769,0.0373131730825127,52,48,4,0,not_evaluated,not_evaluated
"''Oh, Aubrey get down from there!''
''It's not my fault Sir, my leg hurts, I can't reach my purse.''",1.0769230769230769,0.0373131730825127,52,48,4,0,not_evaluated,not_evaluated
And then I received this Receipt of Honor for getting groceries on a budget.”,1.0769230769230769,0.0373131730825127,52,48,4,0,not_evaluated,not_evaluated
And that bottom one was awarded to me by the CVS register.,1.0769230769230769,0.0463294797991181,52,49,2,1,not_evaluated,not_evaluated
I was stationed at the North Pole. I helped with the Naughty and Nice list.,1.0769230769230769,0.0373131730825127,52,48,4,0,not_evaluated,not_evaluated
I’ve got receipts.,1.0769230769230769,0.0373131730825127,52,48,4,0,not_evaluated,not_evaluated
"Oh, it’s a print out of my social media followers. It’s more “impressive” to people apparently.",1.0769230769230769,0.0373131730825127,52,48,4,0,not_evaluated,not_evaluated
"When I manage to sleep, I dream of the little Iraqi girl whose brother I had just killed. She wouldn’t stop screaming, so I cut her throat with my knife. She kept trying to scream, but it was a whisper, a half-breath. Also I got a cash register titty",1.0769230769230769,0.0463294797991181,52,49,2,1,not_evaluated,not_evaluated
"STARVE YOUR DISTRACTIONS

FEED YOUR FOCUS",1.0625,0.035308292679127,48,45,3,0,not_evaluated,not_evaluated
"«« — #quotes 5h
ec) a

'NON
SCORAGGIATEVI.

E SPESSO L’ULTIMA
CHIAVE QUELLA
CHE APRE LA
SERRATURA'

PAULO COELHO",1.0625,0.035308292679127,48,45,3,0,not_evaluated,not_evaluated
"It's not only my CV, but my laundry list too!",1.0625,0.035308292679127,48,45,3,0,not_evaluated,not_evaluated
And that one gives us $15 off at CVS...,1.0625,0.0461865819758285,48,46,1,1,not_evaluated,not_evaluated
"My name is Lieutenant John, and this conversation is being recorded for a later use......... should it be needed.",1.0625,0.0461865819758285,48,46,1,1,not_evaluated,not_evaluated
"Yes ma'am, my story does repeat--fight the Battle of the Bulge and end up with a bunch of stuff for a fruit salad.",1.0625,0.035308292679127,48,45,3,0,not_evaluated,not_evaluated
It's a note from my mother to the teacher.,1.0625,0.035308292679127,48,45,3,0,not_evaluated,not_evaluated
I didn't know that the Army issues receipts with its orders.,1.0625,0.035308292679127,48,45,3,0,not_evaluated,not_evaluated
"Ma'am, I'll have you know that even though this uniform is printing out a receipt, neither I nor the US Armed Forces are for sale.",1.0625,0.035308292679127,48,45,3,0,not_evaluated,not_evaluated
"I may look tough.
I may be a four-star general.
But, what can I say.....
It's my 'honey-do' list.",1.0625,0.035308292679127,48,45,3,0,not_evaluated,not_evaluated
"Yeah, the bottom part is the actual laundry list.",1.0625,0.035308292679127,48,45,3,0,not_evaluated,not_evaluated
"Right, it's a list.  Cuts down on dry cleaner prep time.",1.0625,0.0461865819758285,48,46,1,1,not_evaluated,not_evaluated
"I’m Sorry, but I did NOT buy the Chardonnay or all that crap about your mom.",1.0625,0.035308292679127,48,45,3,0,not_evaluated,not_evaluated
"Marge, do you want to pay for this
expensive 5-star cocktail  date?",1.0625,0.035308292679127,48,45,3,0,not_evaluated,not_evaluated
And that is my commendation tweet,1.0625,0.035308292679127,48,45,3,0,not_evaluated,not_evaluated
"This is what happens when you get your medals from CVS

-Bob Greene
bob@contourventures.com
917.696.6823",1.0625,0.035308292679127,48,45,3,0,not_evaluated,not_evaluated
"I’m the latest in robo-dating.  At the end of the evening, please pay your billing at the door.",1.0625,0.035308292679127,48,45,3,0,not_evaluated,not_evaluated
adfasdva,1.0625,0.035308292679127,48,45,3,0,not_evaluated,not_evaluated
Do you rent your pins or buy them?,1.0625,0.035308292679127,48,45,3,0,not_evaluated,not_evaluated
"It's called a Live, erm, Death Toll. Just a new perfomance measure... Please stay.",1.0625,0.035308292679127,48,45,3,0,not_evaluated,not_evaluated
An itemized receipt for your fruit salad?,1.0625,0.035308292679127,48,45,3,0,not_evaluated,not_evaluated
It's how my wife reminds me to buy fruit cocktail.,1.0625,0.0461865819758285,48,46,1,1,not_evaluated,not_evaluated
It’s for meritorious Service while running a tab,1.0625,0.035308292679127,48,45,3,0,not_evaluated,not_evaluated
"Sticks and stones will break my bones, but not a name tag I'll be wearing.",1.0625,0.035308292679127,48,45,3,0,not_evaluated,not_evaluated
"""That medal was issued by CVS, for breaking up a fracas in the pharmacy line.""",1.0625,0.035308292679127,48,45,3,0,not_evaluated,not_evaluated
You may be a General but I see you still have to do the grocery shopping.,1.0625,0.035308292679127,48,45,3,0,not_evaluated,not_evaluated
And underneath you’ll find my previous work experience and two professional references.,1.0625,0.035308292679127,48,45,3,0,not_evaluated,not_evaluated
Last Purchase: Sneaker,1.0625,0.035308292679127,48,45,3,0,not_evaluated,not_evaluated
"You think CVS is bad, join the military.",1.0625,0.035308292679127,48,45,3,0,not_evaluated,not_evaluated
That one’s for distinguished service at a CVS.,1.0625,0.035308292679127,48,45,3,0,not_evaluated,not_evaluated
Has the teasing let up since your promotion General Sanders?,1.0625,0.035308292679127,48,45,3,0,not_evaluated,not_evaluated
"Ok, it's a recipe for fruit salad!",1.0625,0.035308292679127,48,45,3,0,not_evaluated,not_evaluated
"I understand the medals, but the CVS receipt?",1.0625,0.035308292679127,48,45,3,0,not_evaluated,not_evaluated
How dare you insult my participation awards!,1.0625,0.0461865819758285,48,46,1,1,not_evaluated,not_evaluated
"So, you sent how many people to be slaughtered for the medal of honor?",1.0625,0.0283445430474258,48,47,0,1,not_evaluated,not_evaluated
"Bill, your war crimes are costing us...",1.0625,0.0461865819758285,48,46,1,1,not_evaluated,not_evaluated
It's my dry cleaning bill. It's why I'm running for President!,1.0625,0.035308292679127,48,45,3,0,not_evaluated,not_evaluated
They either call me Bill or for the bill.,1.0625,0.0461865819758285,48,46,1,1,not_evaluated,not_evaluated
CVS is making a killing on the royalties.,1.0625,0.0461865819758285,48,46,1,1,not_evaluated,not_evaluated
My wife’s grocery list.,1.0625,0.035308292679127,48,45,3,0,not_evaluated,not_evaluated
I am chief disbursement officer.,1.0625,0.035308292679127,48,45,3,0,not_evaluated,not_evaluated
My wife gave me that one. It's a list of chores I need to complete.,1.0625,0.035308292679127,48,45,3,0,not_evaluated,not_evaluated
I get half off toothpaste after my next tour of duty.,1.0625,0.035308292679127,48,45,3,0,not_evaluated,not_evaluated
It's for charging into the 15 items or less line with 16 items.,1.0625,0.0461865819758285,48,46,1,1,not_evaluated,not_evaluated
I run the register at draft registration.,1.0625,0.0461865819758285,48,46,1,1,not_evaluated,not_evaluated
What's the big deal? I have CVS reciepts more impressive than this.,1.0625,0.0461865819758285,48,46,1,1,not_evaluated,not_evaluated
Shopping list.  Orders from my wife.,1.0625,0.035308292679127,48,45,3,0,not_evaluated,not_evaluated
"Wow, this wax figure is so lifelike it’s scary.",1.0625,0.035308292679127,48,45,3,0,not_evaluated,not_evaluated
And these are my bonus points for customer loyalty.,1.0625,0.035308292679127,48,45,3,0,not_evaluated,not_evaluated
I was telling the Secretary of the Army about the need to change our uniform to accommodate all 'my' medals.,1.0625,0.0461865819758285,48,46,1,1,not_evaluated,not_evaluated
I am happy to repost that your son is doing well in the Air Force.,1.0625,0.0461865819758285,48,46,1,1,not_evaluated,not_evaluated
El resto de los pasadores ya están pagos. Sólo que los he comprado en línea y aún no los he recibido.,1.0625,0.035308292679127,48,45,3,0,not_evaluated,not_evaluated
That's quite a bit of Rogaine you've purchased. Has it helped?,1.0625,0.035308292679127,48,45,3,0,not_evaluated,not_evaluated
Me and my men had besieged the Best Buy for weeks.,1.0625,0.035308292679127,48,45,3,0,not_evaluated,not_evaluated
"Spritzer, madam, is not for the feint-harted.",1.0625,0.035308292679127,48,45,3,0,not_evaluated,not_evaluated
"I knew it was over when he tweeted ""tanks for the memories"".",1.0625,0.0461865819758285,48,46,1,1,not_evaluated,not_evaluated
The CVS receipts are the longest.,1.0625,0.035308292679127,48,45,3,0,not_evaluated,not_evaluated
They don’t give you a badge for being a good conversationalist.,1.0625,0.0461865819758285,48,46,1,1,not_evaluated,not_evaluated
‘And this isn’t really a wine glass. It’s the collection cup.’,1.0625,0.0461865819758285,48,46,1,1,not_evaluated,not_evaluated
for when I fought my way through the PX...,1.0625,0.035308292679127,48,45,3,0,not_evaluated,not_evaluated
I was also named in the President’s honor roll,1.0625,0.0461865819758285,48,46,1,1,not_evaluated,not_evaluated
Have you seen any good movies lately?,1.0625,0.035308292679127,48,45,3,0,not_evaluated,not_evaluated
"No,  I didn’t get it for shopping at Bloomingdales!",1.0625,0.035308292679127,48,45,3,0,not_evaluated,not_evaluated
"General,  I don't think CVS Extra Care Bucks is a noteworthy accomplishment.",1.0625,0.035308292679127,48,45,3,0,not_evaluated,not_evaluated
Do your want your medals or a chest to pine them on”.,1.0625,0.035308292679127,48,45,3,0,not_evaluated,not_evaluated
This one you get for your return.,1.0625,0.035308292679127,48,45,3,0,not_evaluated,not_evaluated
We got the idea from CVS!,1.0625,0.035308292679127,48,45,3,0,not_evaluated,not_evaluated
My decorations are tied to Dow Jones!,1.0625,0.035308292679127,48,45,3,0,not_evaluated,not_evaluated
Air Force Good Caveats Medal.,1.0625,0.0461865819758285,48,46,1,1,not_evaluated,not_evaluated
The gas pump receipt maker is just so much classier than a squirting boutonnière.,1.0625,0.035308292679127,48,45,3,0,not_evaluated,not_evaluated
"hmm! hmm!  a bit stiff, but thank you for the receipt",1.0625,0.035308292679127,48,45,3,0,not_evaluated,not_evaluated
"Oh, so you were actually a Security Guard at a CVS Pharmacy? I recognize the coupons.",1.0625,0.0461865819758285,48,46,1,1,not_evaluated,not_evaluated
Trump or your wife ?,1.0625,0.035308292679127,48,45,3,0,not_evaluated,not_evaluated
It explains each patch and medal on my uniform.,1.0625,0.0461865819758285,48,46,1,1,not_evaluated,not_evaluated
It’s my enlistment medal.,1.0625,0.035308292679127,48,45,3,0,not_evaluated,not_evaluated
That one is for bravery on 'Black Friday.,1.0625,0.035308292679127,48,45,3,0,not_evaluated,not_evaluated
"Ma’am, check the list. It explained each one.",1.0625,0.035308292679127,48,45,3,0,not_evaluated,not_evaluated
And this one I got after a cash back supply run.,1.0625,0.035308292679127,48,45,3,0,not_evaluated,not_evaluated
"Baby, when I paid for sex it wasn’t a chocolate bar it was a laxative. Here is the receipt.",1.0625,0.0461865819758285,48,46,1,1,not_evaluated,not_evaluated
"Hmmm, no medal for armed combat and XYZ... your ticker tape is showing...",1.0625,0.035308292679127,48,45,3,0,not_evaluated,not_evaluated
I've been moonlighting as a Costco checker.,1.0625,0.035308292679127,48,45,3,0,not_evaluated,not_evaluated
And you can add 10% for good service.,1.0625,0.035308292679127,48,45,3,0,not_evaluated,not_evaluated
My other job is playing Santa Claus around the holiday.,1.0625,0.035308292679127,48,45,3,0,not_evaluated,not_evaluated
"I got this one leading the charge at Target.""
-Mel & Susanne Shuste",1.0625,0.035308292679127,48,45,3,0,not_evaluated,not_evaluated
"I’ve got a little list...
They’ll none of them be missed!",1.0625,0.035308292679127,48,45,3,0,not_evaluated,not_evaluated
And that is a receipt from getting all the things I wanted on a Black Friday at Walmart.  I'm rather proud of that one.,1.0625,0.0461865819758285,48,46,1,1,not_evaluated,not_evaluated
I was stationed in the CVS reserve,1.0625,0.0461865819758285,48,46,1,1,not_evaluated,not_evaluated
I got this one for making it through the,1.0625,0.0461865819758285,48,46,1,1,not_evaluated,not_evaluated
"Yes, ma'am, that's our bill. Cocktails included.",1.0625,0.035308292679127,48,45,3,0,not_evaluated,not_evaluated
I lost an Army.,1.0625,0.0461865819758285,48,46,1,1,not_evaluated,not_evaluated
And this one is for buying batteries at Radio Shack,1.0625,0.0461865819758285,48,46,1,1,not_evaluated,not_evaluated
"Just so you know, I’m re-enlisting so I don’t have to come to this party next year.",1.0625,0.0461865819758285,48,46,1,1,not_evaluated,not_evaluated
It's the ribbon of my resentments in not receiving a star.,1.0625,0.035308292679127,48,45,3,0,not_evaluated,not_evaluated
don’t be impressed. it’s my commander’s wife’s grocery list.,1.0625,0.035308292679127,48,45,3,0,not_evaluated,not_evaluated
This is how I read Twitter.,1.0625,0.035308292679127,48,45,3,0,not_evaluated,not_evaluated
Now who are you supposed to be? A receipt general?,1.0625,0.035308292679127,48,45,3,0,not_evaluated,not_evaluated
"when you noticed that he is a self check out, because his pocket has a $200 dollar receipt coming out of his pocket .",1.0625,0.035308292679127,48,45,3,0,not_evaluated,not_evaluated
It gives me our cost overruns in real time.,1.0625,0.035308292679127,48,45,3,0,not_evaluated,not_evaluated
We raided a CVS.,1.0625,0.035308292679127,48,45,3,0,not_evaluated,not_evaluated
"Bill-eeding.... enough! Dates out of stock, please!",1.0625,0.0461865819758285,48,46,1,1,not_evaluated,not_evaluated
I finished my career with a stint at the BX.,1.0625,0.035308292679127,48,45,3,0,not_evaluated,not_evaluated
"Awarded for the 2006 Black Friday Shopping Campaign- whatever victory we won that day, humanity lost.",1.0625,0.035308292679127,48,45,3,0,not_evaluated,not_evaluated
I was in Acquisitions and Requisitions this receipt is yours as a taxpayer Helene!,1.0625,0.035308292679127,48,45,3,0,not_evaluated,not_evaluated
"Oh. So long Medal-list! Cheers!""",1.0625,0.035308292679127,48,45,3,0,not_evaluated,not_evaluated
Wow industry post military is complex!,1.0625,0.0461865819758285,48,46,1,1,not_evaluated,not_evaluated
"All these are real Gold, right? Then why worry about the Bill? Cheers!",1.0625,0.035308292679127,48,45,3,0,not_evaluated,not_evaluated
The way you're drawn is so adorable it distracts people from this receipt hanging off my chest.,1.0625,0.035308292679127,48,45,3,0,not_evaluated,not_evaluated
I was operating out of a CVS…Norway’s Corps Værnes Station,1.0625,0.035308292679127,48,45,3,0,not_evaluated,not_evaluated
Game of Thrones inspired me to embellish.,1.0625,0.035308292679127,48,45,3,0,not_evaluated,not_evaluated
"Well, my nephew is one of those TikTok teens, and they're pretty smart about politics, I've heard. He told me I should wear this and say the following: 'The freaking president did crimes AF in Ukraine, and I've got the receipts, sis"" — er, uh, ma'am.",1.0625,0.035308292679127,48,45,3,0,not_evaluated,not_evaluated
"Kudos on obliterating ISIS, but ixnay on the receipt, I'm trying to go paperless.",1.0625,0.035308292679127,48,45,3,0,not_evaluated,not_evaluated
Them there are on back order.,1.0625,0.0461865819758285,48,46,1,1,not_evaluated,not_evaluated
It's how much my PTSD treatment cost.,1.0625,0.035308292679127,48,45,3,0,not_evaluated,not_evaluated
Peace in the region hangs in the balance sheet.,1.0625,0.035308292679127,48,45,3,0,not_evaluated,not_evaluated
...and I couldn't just leave him there with all of those accounts payable.,1.0625,0.035308292679127,48,45,3,0,not_evaluated,not_evaluated
It's a Black Friday receipt for valor in the face of dangerous women.,1.0625,0.035308292679127,48,45,3,0,not_evaluated,not_evaluated
These Spanx are killing me.,1.0625,0.035308292679127,48,45,3,0,not_evaluated,not_evaluated
"No Ma'am, I didn't. I'm a doctor.",1.0625,0.035308292679127,48,45,3,0,not_evaluated,not_evaluated
It may look like a grocery receipt honey but I can assure you it is not,1.0625,0.035308292679127,48,45,3,0,not_evaluated,not_evaluated
And then I enlisted with CVS.,1.0625,0.0461865819758285,48,46,1,1,not_evaluated,not_evaluated
"I fought in two wars, so I get the third one at half price",1.0625,0.035308292679127,48,45,3,0,not_evaluated,not_evaluated
Costco had a sale.,1.0625,0.035308292679127,48,45,3,0,not_evaluated,not_evaluated
"Pardon me, but I Didn’t know that CVS sold medals.",1.0625,0.035308292679127,48,45,3,0,not_evaluated,not_evaluated
"It's the Home Depot receipt for the power mowers from ""Operation Whitehouse Lawn.""",1.0625,0.0461865819758285,48,46,1,1,not_evaluated,not_evaluated
"It’s a list of marital disagreements that I won during our marriage, including a battle over whether I should wear it in public.",1.0625,0.0461865819758285,48,46,1,1,not_evaluated,not_evaluated
More spent on war machines yields receipts out my pocket,1.0625,0.0461865819758285,48,46,1,1,not_evaluated,not_evaluated
It's my CVS receipt for medal polish.,1.0625,0.035308292679127,48,45,3,0,not_evaluated,not_evaluated
We're all former Secretaries of Defense.,1.0625,0.0461865819758285,48,46,1,1,not_evaluated,not_evaluated
"It’s actually ‘Lieutenant Colonel’ of CVS, thank you very much!",1.0625,0.0461865819758285,48,46,1,1,not_evaluated,not_evaluated
My driver brought me here straight from Whole Foods.,1.0625,0.035308292679127,48,45,3,0,not_evaluated,not_evaluated
So I don't have to tell everyone how I got my ribbons...,1.0625,0.035308292679127,48,45,3,0,not_evaluated,not_evaluated
"Harold, why are dressed for Halloween?",1.0625,0.0461865819758285,48,46,1,1,not_evaluated,not_evaluated
This one is for telling Luke when to shoot in ‘The Battle of the Death Star’.,1.0625,0.0461865819758285,48,46,1,1,not_evaluated,not_evaluated
Yeah...I want EVERYONE to know how much these medals and bars COST me!,1.0625,0.0461865819758285,48,46,1,1,not_evaluated,not_evaluated
That was from the battle of Costco...,1.0625,0.0461865819758285,48,46,1,1,not_evaluated,not_evaluated
"No, that isn't a healthcare surcharge.",1.0625,0.0461865819758285,48,46,1,1,not_evaluated,not_evaluated
That's what happens when you press my cyber award.,1.0625,0.0461865819758285,48,46,1,1,not_evaluated,not_evaluated
Here’s proof I can shop courageously.,1.0625,0.035308292679127,48,45,3,0,not_evaluated,not_evaluated
"...And since he considers us all fake, we have been ordered to wear ingredients lists, like we're some cheap commodity. Just to piss him off, I made mine 'gluten free.'",1.0625,0.035308292679127,48,45,3,0,not_evaluated,not_evaluated
The cost of freedom adds up over time.,1.0625,0.035308292679127,48,45,3,0,not_evaluated,not_evaluated
"You get one of these from Amazon to show how many drone ""deliveries"" you've made.",1.0625,0.035308292679127,48,45,3,0,not_evaluated,not_evaluated
"Oh, I see you bought a Hershey bar at CVS. Your family must be so proud!",1.0625,0.0461865819758285,48,46,1,1,not_evaluated,not_evaluated
That's my Got Stuck with the Bill for a Political Rally/Parade in D.C. Ribbon.,1.0625,0.035308292679127,48,45,3,0,not_evaluated,not_evaluated
It’s only what I’m worth!,1.0625,0.035308292679127,48,45,3,0,not_evaluated,not_evaluated
"Thank you for your servers""

""You're welcome",1.0625,0.035308292679127,48,45,3,0,not_evaluated,not_evaluated
That's a sales receipt to show that I survived Black Friday shopping!,1.0625,0.035308292679127,48,45,3,0,not_evaluated,not_evaluated
You wanna talk about a real conflict - you’ve got to meet my husband,1.0625,0.0461865819758285,48,46,1,1,not_evaluated,not_evaluated
That's how much I saved shopping.,1.0625,0.0461865819758285,48,46,1,1,not_evaluated,not_evaluated
I value a good to-do list.,1.0625,0.035308292679127,48,45,3,0,not_evaluated,not_evaluated
the cold fact is that these awards can command huge prices,1.0625,0.0461865819758285,48,46,1,1,not_evaluated,not_evaluated
My party favours are 'Mission-Critical',1.0625,0.0461865819758285,48,46,1,1,not_evaluated,not_evaluated
"Yes, I stopped at CVS before I got here.",1.0625,0.0461865819758285,48,46,1,1,not_evaluated,not_evaluated
"If anyone asks what I got these medals for, I am required by the Commander in Chief, to give you a receipt.",1.0625,0.035308292679127,48,45,3,0,not_evaluated,not_evaluated
"So, do you shop at CVS often?",1.0625,0.035308292679127,48,45,3,0,not_evaluated,not_evaluated
"Thank you for your service, but it says here the tip is included.",1.0625,0.035308292679127,48,45,3,0,not_evaluated,not_evaluated
I see they're returnable within 30 days.,1.0625,0.035308292679127,48,45,3,0,not_evaluated,not_evaluated
"Yes, I HAVE 'paid my dues.' My audio-equipped service-ribbon display now prints a dues-receipt when someone asks that question. Dates, locations, damage done to and by me, justification for and cost of the damage, who voted for and against it...",1.0625,0.0461865819758285,48,46,1,1,not_evaluated,not_evaluated
I hope I’m not on your naughty list.,1.0625,0.035308292679127,48,45,3,0,not_evaluated,not_evaluated
CVS receipt?,1.0625,0.035308292679127,48,45,3,0,not_evaluated,not_evaluated
It's a receipt I fell asleep on my couch and there were grocery bags on there haha,1.0625,0.035308292679127,48,45,3,0,not_evaluated,not_evaluated
I also served at a CVS.,1.0625,0.035308292679127,48,45,3,0,not_evaluated,not_evaluated
... that's my Costco receipt for the wine.,1.0625,0.035308292679127,48,45,3,0,not_evaluated,not_evaluated
This register tape shows how much the military is costing you.,1.0625,0.035308292679127,48,45,3,0,not_evaluated,not_evaluated
I got that one for valor at the checkout,1.0625,0.035308292679127,48,45,3,0,not_evaluated,not_evaluated
I see your salad bar contains gluten free,1.0625,0.0461865819758285,48,46,1,1,not_evaluated,not_evaluated
I still have PTSD from serving in the Back Friday sales,1.0625,0.0461865819758285,48,46,1,1,not_evaluated,not_evaluated
It’s a list of what my wife wants me to pick up from the supermarket.,1.0625,0.035308292679127,48,45,3,0,not_evaluated,not_evaluated
I've been in every major theatre since Desert Storm and I've got the receipts to prove it.,1.0625,0.0461865819758285,48,46,1,1,not_evaluated,not_evaluated
"Actually, I'm very proud of my Costco savings!",1.0625,0.0461865819758285,48,46,1,1,not_evaluated,not_evaluated
So these are the top comments on your homecoming video on YouTube?,1.0625,0.035308292679127,48,45,3,0,not_evaluated,not_evaluated
You wear that receipt over your heart like it’s a badge of honor?,1.0625,0.035308292679127,48,45,3,0,not_evaluated,not_evaluated
That’s my CVS Commendation!,1.0625,0.0461865819758285,48,46,1,1,not_evaluated,not_evaluated
"My other awards, and as a bonus, there are coupons on the back.",1.0625,0.035308292679127,48,45,3,0,not_evaluated,not_evaluated
My list of successful conquests.,1.0625,0.035308292679127,48,45,3,0,not_evaluated,not_evaluated
Yeah I was in the CVS shit.,1.0625,0.0461865819758285,48,46,1,1,not_evaluated,not_evaluated
Is this a war menu?,1.0625,0.0461865819758285,48,46,1,1,not_evaluated,not_evaluated
How fascinating! You won that battle ribbon by thinking up a dumb play on words and winning a caption contest?,1.0625,0.035308292679127,48,45,3,0,not_evaluated,not_evaluated
"Sorry Sweetheart. You only meet 7 of the 12 qualifications.
Rebecca L Hawkins, M.D.",1.0625,0.0461865819758285,48,46,1,1,not_evaluated,not_evaluated
"I call it ""An Explanation Of Decorations"" - or in Pentagon speak, a""EOD"". Now I'd love an ""EOP"" on your lovely pearls.",1.0625,0.035308292679127,48,45,3,0,not_evaluated,not_evaluated
"Good thing you’re not testifying, you’d be absolutely destroyed.",1.0625,0.035308292679127,48,45,3,0,not_evaluated,not_evaluated
"Thanks to Trump, this is as far as the cashiering went.",1.0625,0.0461865819758285,48,46,1,1,not_evaluated,not_evaluated
They’re tweets about me.,1.0625,0.035308292679127,48,45,3,0,not_evaluated,not_evaluated
Those are the DoD rates for socializing with me -- the Rump wants us to justify our rank and pay.,1.0625,0.035308292679127,48,45,3,0,not_evaluated,not_evaluated
It’s my list of sexual conquests during the AIDS war of the 80s and 90s - my personal Vietnam,1.0625,0.0461865819758285,48,46,1,1,not_evaluated,not_evaluated
"Seal Trident? No, a Bone Spur Commendation for my Thanksgiving Save the Whitehouse Turkey campaign.",1.0625,0.035308292679127,48,45,3,0,not_evaluated,not_evaluated
It's a ticker tape recording my ticker during heart-stopping missions.,1.0625,0.0461865819758285,48,46,1,1,not_evaluated,not_evaluated
That last medal is for my tour as a Greeter at Costco!,1.0625,0.0461865819758285,48,46,1,1,not_evaluated,not_evaluated
Thats for protecting a CVS during rioting and looting.,1.0625,0.035308292679127,48,45,3,0,not_evaluated,not_evaluated
Admiral Ringlson's way to show off: displaying his favorite receipt,1.0625,0.0461865819758285,48,46,1,1,not_evaluated,not_evaluated
It's the dry-cleaning receipt for the uniform.,1.0625,0.035308292679127,48,45,3,0,not_evaluated,not_evaluated
It's not a mere decoration.  It's meant to be a grabber.,1.0625,0.0461865819758285,48,46,1,1,not_evaluated,not_evaluated
You wouldn't believe how much the Transparent Spending Initiative costs,1.0625,0.0461865819758285,48,46,1,1,not_evaluated,not_evaluated
You should see my Christmas tree.,1.0625,0.0461865819758285,48,46,1,1,not_evaluated,not_evaluated
It's your bill for our misadventures!,1.0625,0.0461865819758285,48,46,1,1,not_evaluated,not_evaluated
"Technically, it's a list of my medals, not a 'recipe for my fruit salad.'",1.0625,0.0461865819758285,48,46,1,1,not_evaluated,not_evaluated
That's from two tours at a CVS in Midtown.,1.0625,0.0461865819758285,48,46,1,1,not_evaluated,not_evaluated
"No, Madam, I did not pay for my Medal of Honor with my CVS extra bucks!!",1.0625,0.0461865819758285,48,46,1,1,not_evaluated,not_evaluated
Are you a Never Trumper? No I can’t be a Never Anything.,1.0625,0.0461865819758285,48,46,1,1,not_evaluated,not_evaluated
"Regardless of who or whom, it's always patriotic to support the economy.",1.0625,0.035308292679127,48,45,3,0,not_evaluated,not_evaluated
I rate the new self-checkout machine 4 stars.,1.0625,0.0461865819758285,48,46,1,1,not_evaluated,not_evaluated
That one is for commandeering a CVS store.,1.0625,0.0461865819758285,48,46,1,1,not_evaluated,not_evaluated
"I pushed ""No Receipt"".",1.0625,0.035308292679127,48,45,3,0,not_evaluated,not_evaluated
Is the shopping list an achievement award?,1.0625,0.0461865819758285,48,46,1,1,not_evaluated,not_evaluated
I’m french.,1.0625,0.0461865819758285,48,46,1,1,not_evaluated,not_evaluated
Took both kids to the supermarket by myself. Most proud of that one.,1.0625,0.035308292679127,48,45,3,0,not_evaluated,not_evaluated
Grocery.  So you never leave a ham behind.,1.0625,0.035308292679127,48,45,3,0,not_evaluated,not_evaluated
But are you good in the kitchen?,1.0625,0.035308292679127,48,45,3,0,not_evaluated,not_evaluated
I still think there must be a better way for you to remember our grocery list.,1.0625,0.035308292679127,48,45,3,0,not_evaluated,not_evaluated
"Your really proud of that grocery receipt,  right Sir?",1.0625,0.035308292679127,48,45,3,0,not_evaluated,not_evaluated
I received that for my time in CVS.,1.0625,0.035308292679127,48,45,3,0,not_evaluated,not_evaluated
CVS is our new sponsor.,1.0625,0.035308292679127,48,45,3,0,not_evaluated,not_evaluated
Sorry. There’s no place for a tip.,1.0625,0.035308292679127,48,45,3,0,not_evaluated,not_evaluated
"Wow, the rate for ""personalized, angry, partisan tweet"" has really skyrocketed lately...",1.0625,0.035308292679127,48,45,3,0,not_evaluated,not_evaluated
This just a list of the important ones,1.0625,0.035308292679127,48,45,3,0,not_evaluated,not_evaluated
That's the outstanding military contractors billing ribbon,1.0625,0.035308292679127,48,45,3,0,not_evaluated,not_evaluated
Are you expecting a ticker-tape parade?,1.0625,0.035308292679127,48,45,3,0,not_evaluated,not_evaluated
I could have emailed your complimentary receipt.,1.0625,0.035308292679127,48,45,3,0,not_evaluated,not_evaluated
I identify as both a veteran and a vegetarian.,1.0625,0.035308292679127,48,45,3,0,not_evaluated,not_evaluated
"Let's see, how can I continue to stoke and poke men with the usual cute misandric humorous caption that will demean and belittle a military hero in uniform to win, show, or place in The New Stoker, or is it  called The New Poker?",1.0625,0.0461865819758285,48,46,1,1,not_evaluated,not_evaluated
I think you need to return to your AA group Sir.,1.0625,0.035308292679127,48,45,3,0,not_evaluated,not_evaluated
"You must know my son, he is in a well-known JROTC program.",1.0508474576271187,0.0288462014710766,59,56,3,0,not_evaluated,not_evaluated
Earned for distinguished service to my CVS in the War Against Drugstores.,1.0444444444444445,0.0310677909075347,45,43,2,0,not_evaluated,not_evaluated
"No M’am, I’m sorry, but there are no Sale items.",1.0444444444444445,0.0310677909075347,45,43,2,0,not_evaluated,not_evaluated
It's just the shopping list.,1.0444444444444445,0.0310677909075347,45,43,2,0,not_evaluated,not_evaluated
"Improv Level 3? Yes, I thought I'd throw in a few of my civilian achievements for good measure.",1.0444444444444445,0.0310677909075347,45,43,2,0,not_evaluated,not_evaluated
I'm Captain of the USS CVS Receipt.,1.0444444444444445,0.0310677909075347,45,43,2,0,not_evaluated,not_evaluated
Coming from Amazon.,1.0444444444444445,0.0310677909075347,45,43,2,0,not_evaluated,not_evaluated
It's for valor in the defense of free markets.,1.0444444444444445,0.0310677909075347,45,43,2,0,not_evaluated,not_evaluated
"Yes, I work for Dollar General stores.",1.0444444444444445,0.0310677909075347,45,43,2,0,not_evaluated,not_evaluated
"It's a message being issued by our new pocket printer. I'm supposed  to recycle it as soon as possible,",1.0444444444444445,0.0310677909075347,45,43,2,0,not_evaluated,not_evaluated
"No, it’s not my grocery list.",1.0444444444444445,0.0310677909075347,45,43,2,0,not_evaluated,not_evaluated
"It explains the why, where, and how !",1.0444444444444445,0.0310677909075347,45,43,2,0,not_evaluated,not_evaluated
I don't know where else to carry my grocery store receipt.,1.0444444444444445,0.0310677909075347,45,43,2,0,not_evaluated,not_evaluated
"And that one I got back in '07/08 fiscal, distinguished service in accounts payable",1.0444444444444445,0.0310677909075347,45,43,2,0,not_evaluated,not_evaluated
Tender validation,1.0444444444444445,0.0310677909075347,45,43,2,0,not_evaluated,not_evaluated
I think I need my glasses. Are those from the old Cold War.,1.0444444444444445,0.0310677909075347,45,43,2,0,not_evaluated,not_evaluated
That one's my receipt from CVS,1.0444444444444445,0.0310677909075347,45,43,2,0,not_evaluated,not_evaluated
"Like a great comedian, every theater, every audience, I kill. So, whadda ya say, baby?",1.0444444444444445,0.0310677909075347,45,43,2,0,not_evaluated,not_evaluated
What’s the return policy on those medals”,1.0444444444444445,0.0310677909075347,45,43,2,0,not_evaluated,not_evaluated
The twenty-first deployment was the shortest,1.0444444444444445,0.0310677909075347,45,43,2,0,not_evaluated,not_evaluated
It's a medals and awards printer.,1.0444444444444445,0.0310677909075347,45,43,2,0,not_evaluated,not_evaluated
"Yes, I always ask for the receipt.",1.0444444444444445,0.0310677909075347,45,43,2,0,not_evaluated,not_evaluated
"No, it really is a shopping list.",1.0444444444444445,0.0310677909075347,45,43,2,0,not_evaluated,not_evaluated
So.. you stopped at CVS before the ball?,1.0444444444444445,0.0310677909075347,45,43,2,0,not_evaluated,not_evaluated
"Commander Richard Wellman, USS CVS.",1.0444444444444445,0.0310677909075347,45,43,2,0,not_evaluated,not_evaluated
"Wow, that's a major ranking.",1.0444444444444445,0.0310677909075347,45,43,2,0,not_evaluated,not_evaluated
Bill-eeding.... enough please!,1.0444444444444445,0.0310677909075347,45,43,2,0,not_evaluated,not_evaluated
So that's the medal you were awarded for getting the drinks.,1.0444444444444445,0.0310677909075347,45,43,2,0,not_evaluated,not_evaluated
"CVS just picked up our contract, they still have some paper systems.",1.0444444444444445,0.0310677909075347,45,43,2,0,not_evaluated,not_evaluated
"It's a corpulent wine, if a bit jammy.",1.0444444444444445,0.0310677909075347,45,43,2,0,not_evaluated,not_evaluated
"I wear it as a recruitment tool to show that the Commissary is even cheaper than BJ's.""",1.0444444444444445,0.0310677909075347,45,43,2,0,not_evaluated,not_evaluated
No. I didn’t get it CVS.,1.0444444444444445,0.0310677909075347,45,43,2,0,not_evaluated,not_evaluated
"Those are my lesser known ""Honey Do"" list accomplishments.",1.0444444444444445,0.0310677909075347,45,43,2,0,not_evaluated,not_evaluated
That one is my Black Friday list.,1.0444444444444445,0.0444444444444444,45,44,0,1,not_evaluated,not_evaluated
There was a  sort of Soviet sag  to the old method.,1.0444444444444445,0.0310677909075347,45,43,2,0,not_evaluated,not_evaluated
"The President ""suggested"" I remain more flexible and it would also be a good conversation starter.",1.0444444444444445,0.0310677909075347,45,43,2,0,not_evaluated,not_evaluated
"This the bill for next year: $1 Trillion  
Not bad compared to the Mafia’s 
Protection racket",1.0444444444444445,0.0310677909075347,45,43,2,0,not_evaluated,not_evaluated
"It's an honor to have it, but I carry the PTSD from shopping that Black Friday even when I'm out of uniform.",1.0444444444444445,0.0310677909075347,45,43,2,0,not_evaluated,not_evaluated
"I guess you could say I was awarded it this morning after my wife discovered that I had eaten the last of the eggs, bread, and cheese.",1.0444444444444445,0.0444444444444444,45,44,0,1,not_evaluated,not_evaluated
I'm not being defensive.  It's just that these medals come with a high price!,1.0444444444444445,0.0310677909075347,45,43,2,0,not_evaluated,not_evaluated
I said it's called lettuce not a grocery lis,1.0444444444444445,0.0310677909075347,45,43,2,0,not_evaluated,not_evaluated
"Thank you for your....service, I guess?",1.0444444444444445,0.0310677909075347,45,43,2,0,not_evaluated,not_evaluated
Damn you Amazon!,1.0444444444444445,0.0310677909075347,45,43,2,0,not_evaluated,not_evaluated
"Yes, my economics are ad-supported",1.0444444444444445,0.0310677909075347,45,43,2,0,not_evaluated,not_evaluated
No I am not going to tell you how much this uniform cost. I keep that kind of information close to the chest.,1.0434782608695652,0.0304002564687,46,44,2,0,not_evaluated,not_evaluated
The general is not thrilled that his date is more impressed by his 14k medals and the silk ribbons rather than the heroism they signify.,1.0434782608695652,0.0304002564687,46,44,2,0,not_evaluated,not_evaluated
"The Purple Heart, The DSC, The CMOH and the CVS...",1.0434782608695652,0.0304002564687,46,44,2,0,not_evaluated,not_evaluated
More impressive than my medals is the money I saved this week from using coupons.,1.0434782608695652,0.0304002564687,46,44,2,0,not_evaluated,not_evaluated
"Oh, I just love the General Store too!",1.0434782608695652,0.0304002564687,46,44,2,0,not_evaluated,not_evaluated
"Oh, that one is for bravery during the Battle of CVS.",1.0434782608695652,0.0304002564687,46,44,2,0,not_evaluated,not_evaluated
I see you keep your receipts for all those medals you've bought.,1.0434782608695652,0.0304002564687,46,44,2,0,not_evaluated,not_evaluated
"In my defense, the ticker’s never been the same since they’ve been counting every nickel, penny, & dime spent.",1.0434782608695652,0.0304002564687,46,44,2,0,not_evaluated,not_evaluated
"It took fifty-two tax seasons, but I've been awarded the Presidential Medal of Bookkeeping.",1.0434782608695652,0.0304002564687,46,44,2,0,not_evaluated,not_evaluated
...And then there was the dry cleaning during the Reagan years.,1.0434782608695652,0.0304002564687,46,44,2,0,not_evaluated,not_evaluated
I keep track of Presidential lies about me.,1.0434782608695652,0.0304002564687,46,44,2,0,not_evaluated,not_evaluated
"So, that's not your grocery list?",1.0434782608695652,0.0304002564687,46,44,2,0,not_evaluated,not_evaluated
It's a list of favorable tweets from President Trump.,1.0434782608695652,0.0304002564687,46,44,2,0,not_evaluated,not_evaluated
"Yes, it's my Gristedes receipt from Thanksgiving.  Just when I thought I couldn't take any more, they'd send me back in.",1.0434782608695652,0.0304002564687,46,44,2,0,not_evaluated,not_evaluated
It's a receipt list of tweets that discounted my service to the country.,1.0434782608695652,0.0304002564687,46,44,2,0,not_evaluated,not_evaluated
Uggh. Karen.,1.0434782608695652,0.0304002564687,46,44,2,0,not_evaluated,not_evaluated
They ran out of ribbons at the White House so the President gave me his necktie.,1.0238095238095235,0.0240981346355939,42,41,1,0,not_evaluated,not_evaluated
"And this I earned at the Battle of Black Friday, Wal-Mart, 2003",1.0238095238095235,0.0240981346355939,42,41,1,0,not_evaluated,not_evaluated
"That was a line from my pick up list, that has just bombed.",1.0238095238095235,0.0240981346355939,42,41,1,0,not_evaluated,not_evaluated
It's a list of tweets about me.,1.0238095238095235,0.0240981346355939,42,41,1,0,not_evaluated,not_evaluated
"Yes Frank, but what’s even more impressive than your accomplishments is your list making ability!",1.0238095238095235,0.0240981346355939,42,41,1,0,not_evaluated,not_evaluated
So the doctor says I’ll be “all right.”,1.0238095238095235,0.0240981346355939,42,41,1,0,not_evaluated,not_evaluated
"...and when the smoke cleared, I knew from my position in men's outerwear that I both the 20% discount and the full value of the BOGO coupon.",1.0238095238095235,0.0240981346355939,42,41,1,0,not_evaluated,not_evaluated
My defence on the ticker tape?,1.0238095238095235,0.0240981346355939,42,41,1,0,not_evaluated,not_evaluated
It's my receipt for picking up my medals at CVS.,1.0238095238095235,0.0240981346355939,42,41,1,0,not_evaluated,not_evaluated
"It's not a ribbon, just a receipt from CVS.",1.0238095238095235,0.0240981346355939,42,41,1,0,not_evaluated,not_evaluated
It's the Purple Receipt for injuries suffered on black Friday.,1.0238095238095235,0.0240981346355939,42,41,1,0,not_evaluated,not_evaluated
I have to ask. Did you get those at Rite-Aid?,1.0238095238095235,0.0240981346355939,42,41,1,0,not_evaluated,not_evaluated
And this is my dry cleaning receipt.,1.0238095238095235,0.0240981346355939,42,41,1,0,not_evaluated,not_evaluated
And that's for my paper cut from a CVS receipt.,1.0238095238095235,0.0240981346355939,42,41,1,0,not_evaluated,not_evaluated
I didn’t know we had to bring our CV with us”,1.0238095238095235,0.0240981346355939,42,41,1,0,not_evaluated,not_evaluated
That one's for procuring a CVS for the new base.,1.0238095238095235,0.0240981346355939,42,41,1,0,not_evaluated,not_evaluated
Yes ma’am. Colonel Vincent Stephens.,1.0238095238095235,0.0240981346355939,42,41,1,0,not_evaluated,not_evaluated
Was the wholesale or retail combat?,1.0238095238095235,0.0240981346355939,42,41,1,0,not_evaluated,not_evaluated
Turns out it is not that to get an award. They sell them at the store.,1.0238095238095235,0.0240981346355939,42,41,1,0,not_evaluated,not_evaluated
"I'm not wearing my glasses. Is that a military award, or a CVS receipt?",1.0238095238095235,0.0240981346355939,42,41,1,0,not_evaluated,not_evaluated
"On my third tour, I was stationed at the CVS in Helmand province",1.0238095238095235,0.0240981346355939,42,41,1,0,not_evaluated,not_evaluated
I got it at CVS.,1.0238095238095235,0.0240981346355939,42,41,1,0,not_evaluated,not_evaluated
Those CVS receipts are a hoot. They’re for everything you just bought.,1.0238095238095235,0.0240981346355939,42,41,1,0,not_evaluated,not_evaluated
You must be one of those Consumer Value Sergeants.,1.0238095238095235,0.0240981346355939,42,41,1,0,not_evaluated,not_evaluated
"No, it's not a DSC; it's a CVS.",1.0238095238095235,0.0240981346355939,42,41,1,0,not_evaluated,not_evaluated
It's a reminder to stop by Trader Joe's on the way home.,1.0238095238095235,0.0240981346355939,42,41,1,0,not_evaluated,not_evaluated
Did you get your medal at CVS and leave the receipt on?,1.0238095238095235,0.0240981346355939,42,41,1,0,not_evaluated,not_evaluated
It's not a ticker tape.  It's a titty tape!,1.0238095238095235,0.0240981346355939,42,41,1,0,not_evaluated,not_evaluated
"If the Daughters of the American Revolution can so it, why not the military?",1.0238095238095235,0.0240981346355939,42,41,1,0,not_evaluated,not_evaluated
"They told me I couldn't get medals for notarizing so I made labels instead""",1.0238095238095235,0.0240981346355939,42,41,1,0,not_evaluated,not_evaluated
I love my country. But I love The Stones too.,1.0238095238095235,0.0240981346355939,42,41,1,0,not_evaluated,not_evaluated
Did you get your medals at CVS?,1.0238095238095235,0.0240981346355939,42,41,1,0,not_evaluated,not_evaluated
I wish I were brave enough to tell my wife I don't want to do the grocery shopping!,1.0238095238095235,0.0240981346355939,42,41,1,0,not_evaluated,not_evaluated
That's my medal for valor while shopping Trader Joe's on the day before Thanksgiving.,1.0238095238095235,0.0240981346355939,42,41,1,0,not_evaluated,not_evaluated
"Lady, just read the translation, top left to right, and down.",1.0238095238095235,0.0240981346355939,42,41,1,0,not_evaluated,not_evaluated
I think you can find Santa on the second floor of  the Plaza.,1.0238095238095235,0.0240981346355939,42,41,1,0,not_evaluated,not_evaluated
I'm an officer in the CVS Army.,1.0238095238095235,0.0240981346355939,42,41,1,0,not_evaluated,not_evaluated
I shop a lot at Costco.,1.0238095238095235,0.0240981346355939,42,41,1,0,not_evaluated,not_evaluated
"Tweets, so I can keep up with who has been fired.",1.0238095238095235,0.0240981346355939,42,41,1,0,not_evaluated,not_evaluated
It's a list of the medals I've won since they decided real medals cost too much...,1.0238095238095235,0.0240981346355939,42,41,1,0,not_evaluated,not_evaluated
A second trident pin—for being ordered to retain your first trident pin?,1.0238095238095235,0.0240981346355939,42,41,1,0,not_evaluated,not_evaluated
I got this one after Operation Buy-one-get-one,1.0238095238095235,0.0240981346355939,42,41,1,0,not_evaluated,not_evaluated
Moscow and Ukraine were lavish in handing out medals and you might know some of these Reno ladies on my conquest list.,1.0238095238095235,0.0240981346355939,42,41,1,0,not_evaluated,not_evaluated
"The receipt reminds me of the lives paid for each medal. 
I keep hoping for a discount next time.",1.0238095238095235,0.0240981346355939,42,41,1,0,not_evaluated,not_evaluated
I am required to wear also this list of my awards that have been revoked.,1.0,0.0266690373531332,38,38,0,0,not_evaluated,not_evaluated
