caption,mean,precision,votes,not_funny,somewhat_funny,funny,llm_humor_labels,llm_sentiment
What do you mean I don’t have time for another game?,1.7495412844036695,0.0140623610419938,3270,1569,951,750,unknown,negative
Hah. Now it’s only taxes.,1.7273802483737433,0.0194339203244198,1691,833,486,372,sarcasm,neutral
Well I’ll be damned.,1.7114461960246743,0.0207909297042293,1459,731,418,310,unknown,negative
Grim loser is more like it.,1.7054726368159203,0.0173220292814663,2010,989,624,397,sarcasm,negative
Leonard soon learns what it means to win the battle and lose the war.,1.6998706338939198,0.0205707788091943,1546,807,396,343,irony,neutral
"Whadda ya mean, “it’s my last move?!”",1.6894601542416452,0.0173366093553718,1945,964,621,360,irony,neutral
"A soul? That’s a good one, I’m a lawyer.",1.6803468208092485,0.0190212737401617,1730,906,470,353,sarcasm,positive
How's  that for a death defying move!,1.6795048143053646,0.0197329647877566,1454,719,482,253,irony,negative
"Winners keepers, losers reapers.""",1.6697154471544715,0.0176748200216625,1968,1037,544,387,irony,neutral
I've beaten Death! Next up -- taxes!,1.6637931034482758,0.0198843848789533,1508,788,439,281,sarcasm,positive
How about one more game just for the hell of it?,1.6625971143174252,0.0180115408168954,1802,933,544,325,not_evaluated,not_evaluated
"I may live to regret this, but CHECKMATE!",1.662295081967213,0.017621291011488,1830,933,582,315,not_evaluated,not_evaluated
Over my dead body!,1.6618575293056808,0.0231441990227594,1109,580,324,205,not_evaluated,not_evaluated
Hold up! You can’t take my pieces by just claiming their time has come.,1.6609277857484457,0.016862234735846,2091,1096,608,387,not_evaluated,not_evaluated
"Are you trying to cheat, Death?",1.656800563777308,0.0203083010712812,1419,742,422,255,not_evaluated,not_evaluated
"Apparently,you CAN cheat death!",1.6567291311754684,0.0222322105690098,1174,611,355,208,not_evaluated,not_evaluated
Checkmate! Now give Betty White back!,1.6493791088385683,0.0213755104100833,1369,752,345,272,not_evaluated,not_evaluated
"Vaccinated, boosted and checkmate.",1.640761300555115,0.0215849354337582,1261,678,358,225,not_evaluated,not_evaluated
Would it kill you to let me win,1.6398390342052314,0.019693334900982,1491,796,436,259,not_evaluated,not_evaluated
HAH! I'm gonna remember this win till the day I die!,1.6376360808709176,0.0300421131929125,643,345,186,112,not_evaluated,not_evaluated
Sudden death overtime?,1.631083202511774,0.0212828232174144,1274,689,366,219,not_evaluated,not_evaluated
And now for my final move,1.6285444234404536,0.0226362138927869,1058,556,339,163,not_evaluated,not_evaluated
Now if you'll kindly move along. Taxes has next match.,1.6264176117411608,0.0193962892477182,1499,807,445,247,not_evaluated,not_evaluated
"Now that I've beaten Death, I'm taking on taxes!",1.6250927988121753,0.0207105611070933,1347,736,380,231,not_evaluated,not_evaluated
"Now look who's cheating, Death!",1.6233644859813083,0.0228116403642919,1070,575,323,172,not_evaluated,not_evaluated
Gotta run! I have a date with Destiny!,1.621113521330441,0.0198284528808143,1383,737,433,213,not_evaluated,not_evaluated
"Checkmate!  Now go ""collect"" my mother-in-law like you promised.",1.620764239365537,0.0206093406147737,1387,771,371,245,not_evaluated,not_evaluated
Ha! And tomorrow I'm taking on TAXES!,1.610312764158918,0.022299849168959,1183,668,308,207,not_evaluated,not_evaluated
aaand check! Hah! I'm gonna win this game if it's the last thing I do!,1.6099830795262269,0.0221552006276187,1182,663,317,202,not_evaluated,not_evaluated
A deal's a deal--give me the get out of hell free card.,1.6079791847354727,0.0220330104785199,1153,637,331,185,not_evaluated,not_evaluated
"Looking pretty grim, eh?",1.605095541401274,0.0221981418925813,1099,600,333,166,not_evaluated,not_evaluated
I’ll give you a do-over if you give me one someday.,1.602996254681648,0.0223192857918635,1068,580,332,156,not_evaluated,not_evaluated
"So, what’s the endgame?",1.602803738317757,0.0235095120479402,1070,613,269,188,not_evaluated,not_evaluated
Checkmate! Guess you got the short end of the Styx!,1.6024551463644947,0.0229014247853107,1059,588,304,167,not_evaluated,not_evaluated
You are so dead.,1.6,0.0233853586673371,1025,574,287,164,not_evaluated,not_evaluated
"So if I win, will you have a chat with the Supreme Court?",1.5994180407371483,0.0239585296057655,1031,594,256,181,not_evaluated,not_evaluated
Who says you can't beat death?,1.5994094488188977,0.0225407854244994,1016,547,329,140,not_evaluated,not_evaluated
"Not so tough without your scythe, are you!",1.5967413441955194,0.0232848661076694,982,539,300,142,not_evaluated,not_evaluated
Reap this!,1.5947136563876652,0.0251484773308004,908,519,238,151,not_evaluated,not_evaluated
Let’s see this ‘final move’ you keep  talking about.,1.592959295929593,0.0241504870889342,909,501,277,131,not_evaluated,not_evaluated
Enjoying your end game?,1.5929487179487178,0.0237083114562521,936,514,289,133,not_evaluated,not_evaluated
Ha! You were easier to beat then Taxes.,1.5929487179487178,0.024467300107567,936,530,257,149,not_evaluated,not_evaluated
Nice execution,1.5921052631578947,0.0273520071010085,760,434,202,124,not_evaluated,not_evaluated
That’s one each.  Sudden death?,1.5903083700440528,0.0248262987635645,908,516,248,144,not_evaluated,not_evaluated
Now you only have one horseman.,1.5894495412844036,0.0253744883727001,872,497,236,139,not_evaluated,not_evaluated
"Oh death, where is thy king.",1.588235294117647,0.0254132065325854,884,508,230,145,not_evaluated,not_evaluated
"Never saw that coming, did you? Not such a great feeling, is it?",1.5878300803673937,0.0255592139781297,871,501,228,142,not_evaluated,not_evaluated
"Despite his better judgment,Dave attempted to cheat death.",1.5876993166287017,0.0251938805245039,878,500,240,138,not_evaluated,not_evaluated
More like Grim Loser.,1.585928489042676,0.0253986367867596,867,496,234,137,not_evaluated,not_evaluated
"Make a move already, you're killing me",1.5857142857142856,0.0249247853006515,840,465,258,117,not_evaluated,not_evaluated
"So, you can handle death but not the agony of defeat.",1.5851938895417157,0.0251785204992257,851,479,246,126,not_evaluated,not_evaluated
You’re digging your own grave with that move,1.583132530120482,0.024699388916353,830,455,266,109,not_evaluated,not_evaluated
"Sorry, your time’s up.",1.58203125,0.0258240975940131,768,424,241,103,not_evaluated,not_evaluated
"Are you accusing me of cheating, Death?",1.58159509202454,0.0258796764994993,815,464,228,123,not_evaluated,not_evaluated
Perhaps you’d prefer The Game of Life.,1.5814814814814817,0.0255304995978363,810,454,241,115,not_evaluated,not_evaluated
"You can take my soul, but not before I take your queen.",1.5812274368231047,0.0268776669978303,831,496,187,148,not_evaluated,not_evaluated
Don’t feel too bad - I beat taxes too!,1.576874205844981,0.026551799580492,787,455,210,122,not_evaluated,not_evaluated
"Checkmate, skinny!  That means I get to live, I get the scythe, and I guess YOU are on your way to Mar-a-Lago!",1.5761154855643045,0.0279832986984781,762,457,171,134,not_evaluated,not_evaluated
Suppose I just sacrifice my queen instead?,1.5722070844686649,0.0263539584168108,734,411,226,97,not_evaluated,not_evaluated
Maybe you needed some skin in the game.,1.5698166431593794,0.0281507136591454,709,417,180,112,not_evaluated,not_evaluated
You should know never to ignore the pale horse.,1.5657311669128509,0.0275882795210422,677,385,201,91,not_evaluated,not_evaluated
"Who’s knocking on Death’s door now, baby?",1.564179104477612,0.0289914928245792,670,398,166,106,not_evaluated,not_evaluated
"Oh, yes, Henry, that's a killer move.",1.564179104477612,0.0277329179292496,670,382,198,90,not_evaluated,not_evaluated
Checkmate! You know my mother-in-law's address?,1.561919504643963,0.0297598495017202,646,388,153,105,not_evaluated,not_evaluated
"Rules are rules, now lose the robe.",1.559593023255814,0.0286348576956163,688,412,167,109,not_evaluated,not_evaluated
Checkmate! And people said you were gonna kill me.,1.5570032573289905,0.0287685523621127,614,352,182,80,not_evaluated,not_evaluated
"So, how does ""sudden death"" apply to you?",1.5568,0.0294493742043127,625,369,164,92,not_evaluated,not_evaluated
You’ll win over my dead body!,1.5548172757475085,0.0295857374945649,602,351,166,84,not_evaluated,not_evaluated
Forget reaping. What's grim is your chess game.,1.5505226480836236,0.0297977915904723,574,333,166,75,not_evaluated,not_evaluated
Check mate! One apiece…Up for sudden death?,1.5493197278911566,0.029064543230548,588,338,177,73,not_evaluated,not_evaluated
Never take on the IRS.,1.5486725663716814,0.0332317304423497,565,361,98,106,not_evaluated,not_evaluated
How could you of all people not see that coming?,1.5477477477477477,0.0292736121367139,555,314,178,63,not_evaluated,not_evaluated
Looks like my endgame is better than yours.,1.5444444444444445,0.0302270055753595,540,312,162,66,not_evaluated,not_evaluated
"Aha! Now,the only thing sure in life is taxes!",1.538910505836576,0.0322191770634856,514,310,131,73,not_evaluated,not_evaluated
Who’s the little grim weeper?,1.536144578313253,0.0324017145302518,498,299,131,68,not_evaluated,not_evaluated
I’ll remember this for the rest of my life.,1.5354969574036512,0.0324002046539791,493,295,132,66,not_evaluated,not_evaluated
"A guy from Georgia told me you're a lousy fiddler player, too!",1.5353535353535352,0.0326785969873944,495,299,127,69,not_evaluated,not_evaluated
"James… I love the confidence, but that is an illegal move. You cannot cheat death.",1.533057851239669,0.0319390215900935,484,285,140,59,not_evaluated,not_evaluated
"In the end, Death had to settle for flipping Gary the bird, which still felt pretty good.",1.530398322851153,0.0331032453408794,477,289,123,65,not_evaluated,not_evaluated
Grave mistake!,1.5281385281385282,0.0340639474222825,462,284,112,66,not_evaluated,not_evaluated
Mate! And I also slept with your wife!,1.5268817204301075,0.0330667392411553,465,280,125,60,not_evaluated,not_evaluated
I thought you'd be better at the endgame.,1.5266524520255864,0.0329924097257254,469,283,125,61,not_evaluated,not_evaluated
"You may have the Republican Party, but I have your King.",1.5265486725663715,0.0357600030600512,452,288,90,74,not_evaluated,not_evaluated
"You made a grave mistake, my friend!",1.5257270693512304,0.0336285324531744,447,269,121,57,not_evaluated,not_evaluated
I forgot to mention that I am a sore loser!,1.5257270693512304,0.0343662364158121,447,274,111,62,not_evaluated,not_evaluated
REAP this Pal !!!,1.5246636771300448,0.0335372601529985,446,268,122,56,not_evaluated,not_evaluated
You had no skin in the game.,1.5229357798165135,0.0350329112826807,436,270,104,62,not_evaluated,not_evaluated
"Checkmate!""
""Your timer is up!",1.52183908045977,0.0327543224919559,435,255,133,47,not_evaluated,not_evaluated
"Ironically, your end game is terrible.",1.520971302428256,0.033737038373924,453,277,116,60,not_evaluated,not_evaluated
Ha! Who says you can't cheat death?,1.5179856115107917,0.0343022717085167,417,251,116,50,not_evaluated,not_evaluated
Do I have time for another game?,1.5179856115107917,0.0343022717085167,417,251,116,50,not_evaluated,not_evaluated
Best out of infinity?,1.5169082125603863,0.0331045984484416,414,242,130,42,not_evaluated,not_evaluated
And don't take an eternity this turn.,1.5168269230769231,0.0350329359412397,416,255,107,54,not_evaluated,not_evaluated
Now you know how it feels!,1.5157384987893463,0.0343822189330458,413,249,115,49,not_evaluated,not_evaluated
"If you really wanted my soul for all eternity, you should’ve challenged me to a round of golf.",1.515439429928741,0.034719751840778,421,258,109,54,not_evaluated,not_evaluated
"Now I only have to beat taxes.""",1.5146341463414634,0.0350844032367626,410,251,107,52,not_evaluated,not_evaluated
Rematch? Over my dead body.,1.51338199513382,0.0361880436081932,411,259,93,59,not_evaluated,not_evaluated
I vote we call it a draw and forego sudden death.,1.513064133016627,0.0364697502506022,421,270,86,65,not_evaluated,not_evaluated
It's a shame that immediately after the big win Steve got hit by a bus.,1.5123152709359606,0.0353468167693752,406,250,104,52,not_evaluated,not_evaluated
"Not so powerful without your horsemen, are you?",1.511494252873563,0.0384960680743365,348,216,86,46,not_evaluated,not_evaluated
They say you can’t cheat death… but I guess you can beat it.,1.5099502487562189,0.0338272056409044,402,239,121,42,not_evaluated,not_evaluated
Now let's play for taxes!,1.50990099009901,0.0365045523272273,404,256,90,58,not_evaluated,not_evaluated
"Ha! Checkmate. Aw, don't look so grim.",1.5089974293059123,0.0352195439143754,389,236,108,45,not_evaluated,not_evaluated
Now we’re dead even.,1.508905852417303,0.0343919909328683,393,235,116,42,not_evaluated,not_evaluated
Sudden death? Sure.,1.5078947368421052,0.0364148354788088,380,235,97,48,not_evaluated,not_evaluated
Checkmate. Now bring back Prince.,1.5075,0.035041820700343,400,245,107,48,not_evaluated,not_evaluated
"I already told you, there's no sudden death in chess.",1.5069767441860464,0.0332121505482869,430,260,122,48,not_evaluated,not_evaluated
"George, once again, fails to read the room.",1.506631299734748,0.0375840594965084,377,239,85,53,not_evaluated,not_evaluated
"I guess it’s Sudden Death, isn’t it.",1.5065963060686016,0.0355184361363476,379,230,106,43,not_evaluated,not_evaluated
"You lose, take it off!",1.5052631578947369,0.036606264008678,380,236,94,49,not_evaluated,not_evaluated
"Check mate, I get my wish:  take the Supreme Court instead of me!",1.505128205128205,0.0368034024649281,390,247,89,54,not_evaluated,not_evaluated
"And that, sir, is how you cheat Death!",1.5050251256281406,0.0358867965720103,398,249,97,52,not_evaluated,not_evaluated
Now I go after taxes!,1.5040871934604905,0.0369856157891108,367,228,93,46,not_evaluated,not_evaluated
Are you going to the Met Gala after this ?,1.5026881720430108,0.0362140950919883,372,229,99,44,not_evaluated,not_evaluated
"Check! It’s looking grim, Reaper!",1.501369863013699,0.0381383462775365,365,233,81,51,not_evaluated,not_evaluated
And that's when I learned that winning isn't everything.,1.5,0.0366316466069457,358,220,97,41,not_evaluated,not_evaluated
Your last move was a grave error!,1.4985754985754989,0.037607454269065,351,219,89,43,not_evaluated,not_evaluated
Death is overrated.,1.4971098265895957,0.0364387169649079,346,210,100,36,not_evaluated,not_evaluated
"Not as fun to watch the clock running out for yourself, is it?",1.4956772334293948,0.0374895959703234,347,216,90,41,not_evaluated,not_evaluated
It turns out you can cheat death,1.4956772334293948,0.0372667646303748,347,215,92,40,not_evaluated,not_evaluated
"This may be the Death of me, but checkmate!!",1.494186046511628,0.0372803727502099,344,211,92,39,not_evaluated,not_evaluated
I’m your worst knightmare.,1.4940828402366864,0.0377691809893991,338,210,89,39,not_evaluated,not_evaluated
"Technically I win… But, I have a strong feeling you’ll be having the last word",1.4929178470254958,0.0359100774336748,353,215,102,36,not_evaluated,not_evaluated
"You lost, Death. Be not proud.",1.4929178470254958,0.0370136822319319,353,220,92,41,not_evaluated,not_evaluated
"...of course not, I would never consider cheating death.
Hey, look at that bird!",1.4918478260869563,0.0348443685016196,368,228,101,39,not_evaluated,not_evaluated
Sudden death?,1.4916666666666667,0.038137443045583,360,232,79,49,not_evaluated,not_evaluated
"Killer move, dude!",1.4915254237288136,0.0373660415534231,354,223,88,43,not_evaluated,not_evaluated
Now THIS is something to feel grim about.,1.488505747126437,0.035356395755643,348,210,106,32,not_evaluated,not_evaluated
And they said nobody beats Death.,1.4870317002881843,0.0372609674134516,347,218,89,40,not_evaluated,not_evaluated
"Don't look so grim, you'll win eventually.",1.4869565217391305,0.0360446798379835,345,211,100,34,not_evaluated,not_evaluated
Ha! Roe stands!,1.486646884272997,0.0389959281581465,337,217,76,44,not_evaluated,not_evaluated
"Oh come on Death, be not proud.",1.4857142857142858,0.0392897351826918,315,199,79,37,not_evaluated,not_evaluated
"I win again, but does every match have to be ""sudden death""?",1.484472049689441,0.0386522376406269,322,203,82,37,not_evaluated,not_evaluated
"You of all people should know you can't cheat, Death!",1.4829721362229102,0.0372940500606338,323,199,92,32,not_evaluated,not_evaluated
That completes my bucket list.,1.481967213114754,0.0391550671092424,305,191,81,33,not_evaluated,not_evaluated
I guess it's just not your day.  But the good news is I won.  So it's not mine either.,1.480263157894737,0.0392468585790268,304,191,80,33,not_evaluated,not_evaluated
Now I just have to worry about my taxes.,1.478658536585366,0.0388460058976589,328,211,77,40,not_evaluated,not_evaluated
Come closer so I can tell you what you've won.,1.4784172661870505,0.0428466744791539,278,181,61,36,not_evaluated,not_evaluated
Stalemate! Immortality it is!,1.4779661016949153,0.0383576684713081,295,181,87,27,not_evaluated,not_evaluated
Who says you can’t cheat Death??,1.4758842443729905,0.0383198008143949,311,195,84,32,not_evaluated,not_evaluated
"I win, go use your scythe to cut my grass!",1.4758842443729905,0.0385895305812099,311,196,82,33,not_evaluated,not_evaluated
Check!  Now go find an anti-vaxxer to play with.,1.4751552795031055,0.0393811135226207,322,209,73,40,not_evaluated,not_evaluated
You were doomed from the start.,1.4746835443037976,0.0367995111658526,316,192,92,28,not_evaluated,not_evaluated
"Despite his victory being short-lived, Bob couldn’t help but gloat.",1.4745762711864407,0.0401138875121217,295,188,74,33,not_evaluated,not_evaluated
Looks like I’ve cheated Death yet again!,1.4741935483870967,0.0384061770230031,310,195,83,32,not_evaluated,not_evaluated
Checkmate—now give me back my pacemaker.,1.4741935483870967,0.040263972439855,310,202,69,39,not_evaluated,not_evaluated
You seem to have lost your killer instinct.,1.4736842105263157,0.0389909532471845,285,176,83,26,not_evaluated,not_evaluated
"Don’t feel bad, last week I beat the IRS.",1.4723404255319148,0.0440226372948987,235,148,63,24,not_evaluated,not_evaluated
"What do you mean, “This changes nothing?”",1.472027972027972,0.0425070409600201,286,189,59,38,not_evaluated,not_evaluated
Of course I cheated!  That's why they call it 'cheating death'!,1.471947194719472,0.0404215150958352,303,197,69,37,not_evaluated,not_evaluated
I hear you always do well in sudden death rounds.,1.4714285714285715,0.040757583359085,280,178,72,30,not_evaluated,not_evaluated
"Well, you can't cheat death, but it looks like you  can certainly beat it.",1.4711246200607904,0.0357574390346044,329,202,99,28,not_evaluated,not_evaluated
We'd better finish up quick. I've got the taxman coming at 3.,1.470967741935484,0.0543920795474796,155,97,40,16,not_evaluated,not_evaluated
Go ahead. It's your funeral.,1.469090909090909,0.0409714926266954,275,175,71,29,not_evaluated,not_evaluated
How do you expect to collect my soul when you can’t even take my King?,1.469090909090909,0.042560277365009,275,180,61,34,not_evaluated,not_evaluated
CHECKMATE! I've been DYING to make that move!,1.4669117647058822,0.0419473552137755,272,176,65,31,not_evaluated,not_evaluated
"Your move, Senator McConnell.",1.4666666666666666,0.0417918965366233,300,201,58,41,not_evaluated,not_evaluated
I know someone else who tried that move...once,1.4646840148698883,0.042287045605085,269,175,63,31,not_evaluated,not_evaluated
"No, I didn’t “cheat Death.” You’re just terrible at chess.",1.4644194756554307,0.0421888489441129,267,173,64,30,not_evaluated,not_evaluated
The game just started.  How can it be sudden death,1.4641509433962263,0.0417439707067942,265,170,67,28,not_evaluated,not_evaluated
And they say you can't beat death.,1.4640287769784173,0.0403121807086203,278,177,73,28,not_evaluated,not_evaluated
What are you gonna do? Kill me?,1.4638783269961977,0.0423195560577806,263,170,64,29,not_evaluated,not_evaluated
Now the only thing I have left to beat are taxes.,1.463768115942029,0.0421174844004123,276,181,62,33,not_evaluated,not_evaluated
And taxes win again!,1.4636678200692042,0.0412855278641186,289,190,64,34,not_evaluated,not_evaluated
"You’re stopping the clock? So, I win?",1.4635036496350364,0.04106400117385,274,176,69,29,not_evaluated,not_evaluated
Tom's feeling of joie de vivre was fleeting,1.462406015037594,0.0409360022427625,266,169,71,26,not_evaluated,not_evaluated
"Actually, one can cheat death.",1.462406015037594,0.0412810985616785,266,170,69,27,not_evaluated,not_evaluated
So same time next heart attack?,1.4618320610687023,0.042431701002421,262,170,63,29,not_evaluated,not_evaluated
Check! You're as good as dead!,1.4615384615384617,0.0405079380320447,273,174,72,27,not_evaluated,not_evaluated
"There, we are tied..one game apiece!
I SAY THE NEXT GAME IS SUDDEN DEATH!",1.4607142857142856,0.0410387178005786,280,182,67,31,not_evaluated,not_evaluated
The Devil didn’t think I could fiddle better than him either.,1.4606741573033708,0.0418411758250151,267,172,65,29,not_evaluated,not_evaluated
I’d say you made a grave error there.,1.460377358490566,0.0399817644010609,265,166,76,23,not_evaluated,not_evaluated
"You did well with the plague, I’ll give you that, but you left your Queen wide open!",1.4592592592592593,0.0398005235166515,270,170,76,24,not_evaluated,not_evaluated
"Also, if I win, no more taxes!",1.4587813620071686,0.0417624389631944,279,183,62,32,not_evaluated,not_evaluated
You’re not the only one with a killer instinct!,1.458498023715415,0.0431691697877976,253,165,60,28,not_evaluated,not_evaluated
"Though not a dare-devil, Stuart still found a way to cheat death.",1.4578754578754578,0.040494540334297,273,175,71,27,not_evaluated,not_evaluated
Checkmate!  The devil wears nada!,1.4576923076923076,0.0433479055722702,260,172,57,31,not_evaluated,not_evaluated
"Checkmate"" feels presumptuous. Let's just say ""good game"" and go our separate ways",1.456273764258555,0.0398177334258951,263,165,76,22,not_evaluated,not_evaluated
Checkmate. And thanks for masking.,1.456,0.0439086309452474,250,165,56,29,not_evaluated,not_evaluated
"Don't cheat, Death",1.456,0.0424199695339476,250,161,64,25,not_evaluated,not_evaluated
"I might be dead soon, but you'll be a loser forever.",1.4558823529411764,0.042232345854835,272,180,60,32,not_evaluated,not_evaluated
And that my friend is how you cheat death.,1.4558303886925794,0.0413111611118813,283,187,63,33,not_evaluated,not_evaluated
Checkmate! Now game two... this time for the taxes thing.,1.4556451612903225,0.0437992799330723,248,163,57,28,not_evaluated,not_evaluated
I win again! Same time tomorrow?,1.4556451612903225,0.0418942431403499,248,158,67,23,not_evaluated,not_evaluated
Checkmate! I chose taxes!,1.4552529182879377,0.0426603835617663,257,168,61,28,not_evaluated,not_evaluated
"OK, before I remove my hand, if I say 'Checkmate,' what's your next move?",1.453061224489796,0.0426439278776977,245,158,63,24,not_evaluated,not_evaluated
"Hey! You can't cheat, Death!",1.453020134228188,0.0394643423798251,298,195,71,32,not_evaluated,not_evaluated
I’ve been dying to try this move.,1.451851851851852,0.0424491295319276,270,180,57,32,not_evaluated,not_evaluated
Checkmate! And don't be a grim loser!,1.4516129032258065,0.0422642102189947,248,160,64,24,not_evaluated,not_evaluated
"Yes, I know who you are, but you still can't move your knight that way!",1.451219512195122,0.0447908018542942,246,165,51,30,not_evaluated,not_evaluated
And you said I'd spend the rest of my life trying to beat you.,1.450354609929078,0.0398447563729699,282,183,71,28,not_evaluated,not_evaluated
Checkmate! You should stick to Russian Roulette.,1.450354609929078,0.0410921059798583,282,187,63,32,not_evaluated,not_evaluated
Checkmate!  Now bring on Taxes!,1.449579831932773,0.044339750889052,238,157,55,26,not_evaluated,not_evaluated
"It's okay, Death, I cheat everybody.",1.4491525423728813,0.0442083530584253,236,155,56,25,not_evaluated,not_evaluated
You should have seen this coming.,1.448905109489051,0.0376057942865374,274,170,85,19,not_evaluated,not_evaluated
Can't we just play for FUN sometimes?,1.4486692015209126,0.0426015639275328,263,175,58,29,not_evaluated,not_evaluated
Now who's out of time?,1.448559670781893,0.0470369880897918,243,169,39,35,not_evaluated,not_evaluated
"Aha, now you know what sudden death means in chess.",1.448,0.0427609400267098,250,164,60,26,not_evaluated,not_evaluated
"There”
I win......
Whatcha gonna do about it",1.4476987447698744,0.0441938910023456,239,158,55,26,not_evaluated,not_evaluated
Ah ha! I wi— . . .,1.446808510638298,0.043922327743358,235,154,57,24,not_evaluated,not_evaluated
This has been the best game of my life!,1.446153846153846,0.0411892835719737,260,169,66,25,not_evaluated,not_evaluated
And I don't pay my taxes either.,1.445736434108527,0.0417797566555974,258,169,63,26,not_evaluated,not_evaluated
"Finally, I get to say I cheated Death!",1.445736434108527,0.0410514518691219,258,167,67,24,not_evaluated,not_evaluated
I hope you're not one of those sore losers,1.445736434108527,0.0406824104219967,258,164,69,22,not_evaluated,not_evaluated
Then Bill made a death-defying move.,1.4448979591836737,0.0452690042326067,245,167,47,31,not_evaluated,not_evaluated
"For someone whose been playing all eternity, you stink.",1.444015444015444,0.0420114389177934,259,171,61,27,not_evaluated,not_evaluated
You're playing one hell of a game,1.4439655172413792,0.0426032705005084,232,149,63,20,not_evaluated,not_evaluated
"Sudden death, mate!",1.4429824561403508,0.0457352645984368,228,153,49,26,not_evaluated,not_evaluated
"No, no, no. You took your finger off.",1.4425531914893617,0.0443117270291099,235,156,54,25,not_evaluated,not_evaluated
Doug cheated Death for the last time.,1.4424778761061947,0.0468794584668293,226,154,44,28,not_evaluated,not_evaluated
"I'm sorry, but your time is up.",1.4419642857142858,0.0422684974316077,224,142,65,17,not_evaluated,not_evaluated
Ha! I win . . . ironically in sudden death.,1.4417670682730923,0.0428540408673568,249,165,58,26,not_evaluated,not_evaluated
. Cheating death one move at a time,1.44106463878327,0.0404665599813469,263,171,68,24,not_evaluated,not_evaluated
I call this move ‘cheating death’.,1.440944881889764,0.041111765875453,254,165,66,23,not_evaluated,not_evaluated
"If bishop takes queen,
Death takes Bob.",1.440329218106996,0.0440070251721949,243,163,53,27,not_evaluated,not_evaluated
I'll let you keep my queen if I can keep my soul,1.4401709401709402,0.0427542966787457,234,152,61,21,not_evaluated,not_evaluated
I'm vaccinated and boosted. Checkmate!,1.4394618834080717,0.0464757513516624,223,151,46,26,not_evaluated,not_evaluated
You shouldn't have said you were dying to win.,1.4394618834080717,0.0437904167880668,223,145,58,20,not_evaluated,not_evaluated
Now play my mother-in-law.,1.4393305439330544,0.0468535105235978,239,167,39,33,not_evaluated,not_evaluated
"That'll be $100 and my soul back, please.",1.438818565400844,0.0423600398287795,237,154,62,21,not_evaluated,not_evaluated
"Go to hell, Death. Taxes, you’re up!",1.4385964912280702,0.0430995265365269,228,148,60,20,not_evaluated,not_evaluated
A bet’s a bet. Switch jobs for a week.,1.4383561643835616,0.0433982834382516,219,141,60,18,not_evaluated,not_evaluated
"OK, you win.  But back to the real reason I am here.",1.4382470119521913,0.0440558914638377,251,171,50,30,not_evaluated,not_evaluated
This is the last time we play a sudden death match!,1.4377880184331795,0.0451170317909077,217,143,53,21,not_evaluated,not_evaluated
Is that your final move?,1.4375,0.0436386085368086,224,146,58,20,not_evaluated,not_evaluated
I told you I would cheat Death.,1.4365079365079363,0.0413183366301847,252,165,64,23,not_evaluated,not_evaluated
"Ha! I win. Now I am Death, and you have to attend the zoom meeting!",1.4364406779661016,0.0461356695308099,236,163,43,30,not_evaluated,not_evaluated
Who's time is running out now?,1.4355555555555557,0.0465720885899065,225,154,44,27,not_evaluated,not_evaluated
Keith was prone to losing site of the big picture.,1.4353448275862069,0.0446892565829532,232,156,51,25,not_evaluated,not_evaluated
"A simple ""Congratulations!"" without the bony finger would be fine.",1.4345794392523366,0.0450683382028432,214,141,53,20,not_evaluated,not_evaluated
"Remind me, what are we playing for?",1.4336283185840708,0.04467833792367,226,151,52,23,not_evaluated,not_evaluated
"I know you'll have the last laugh, but not today.",1.4330357142857142,0.0426809033106473,224,145,61,18,not_evaluated,not_evaluated
It didn't work in The Seventh Seal either.,1.43265306122449,0.0417376774085488,245,161,62,22,not_evaluated,not_evaluated
And everyone said you couldn’t be beaten!,1.4325581395348836,0.0439250346901772,215,140,57,18,not_evaluated,not_evaluated
What!  Checkmate only gets me one more year?,1.431372549019608,0.0390066995840664,255,163,74,18,not_evaluated,not_evaluated
There IS a God!,1.4311926605504588,0.0434886056752755,218,142,58,18,not_evaluated,not_evaluated
Guess who is out of time now?,1.4304932735426008,0.0413563923051936,223,142,66,15,not_evaluated,not_evaluated
"Checkmate, again! I'll see you next year.",1.429951690821256,0.0451000117247234,207,136,53,18,not_evaluated,not_evaluated
"No, YOU drop dead, big guy.",1.4298245614035088,0.0448001791417547,228,154,50,24,not_evaluated,not_evaluated
Is this a date? It feels like a date.,1.4292682926829268,0.0469603020896947,205,138,46,21,not_evaluated,not_evaluated
"Sorry to cheat, Death.",1.4292035398230087,0.0423886723141212,226,147,61,18,not_evaluated,not_evaluated
Looks like your endgame was overrated.,1.4291666666666667,0.0435513438259596,240,162,53,25,not_evaluated,not_evaluated
Not to be a kill joy... But game over.,1.4291187739463602,0.0402502299334618,261,172,66,23,not_evaluated,not_evaluated
I win. As agreed you've got to take my ex instead.,1.4279475982532752,0.0437771564536319,229,152,54,22,not_evaluated,not_evaluated
Fine. You win. You can buy Twitter.,1.4272727272727272,0.044831765139836,220,150,47,23,not_evaluated,not_evaluated
Do I look like the kinda person who takes losing lightly?,1.4265402843601895,0.0439556654854482,211,138,56,17,not_evaluated,not_evaluated
Stalemate! Now send me to purgatory.,1.4265402843601895,0.0449708083574633,211,140,52,19,not_evaluated,not_evaluated
Best of eleven?,1.4253393665158371,0.041072143976784,221,141,66,14,not_evaluated,not_evaluated
"Caught up in the excitement of the moment, Steve realized it was too late to reconsider.",1.4251207729468598,0.044538862112526,207,136,54,17,not_evaluated,not_evaluated
"Checkmate, again! You better not quit your night job.",1.4248927038626609,0.0432115932611957,233,156,55,22,not_evaluated,not_evaluated
"You were right, the end always comes sooner than you think!",1.4248927038626609,0.0410152221977556,233,151,65,17,not_evaluated,not_evaluated
"Not so inevitable now, is it?",1.424390243902439,0.0448383164727999,205,135,53,17,not_evaluated,not_evaluated
Is there something in my teeth?,1.4242424242424243,0.0470543471094983,198,133,46,19,not_evaluated,not_evaluated
See? You’re not the only one who knows how to use a pale horse!,1.423963133640553,0.0445424367041461,217,145,52,20,not_evaluated,not_evaluated
That’s a death defying move.,1.4232365145228216,0.0429766163055912,241,163,54,24,not_evaluated,not_evaluated
I lied. You're still coming with me.,1.4230769230769231,0.0493287417003461,208,147,34,27,not_evaluated,not_evaluated
See? You CAN cheat death!,1.4227272727272726,0.0440965683460699,220,147,53,20,not_evaluated,not_evaluated
"No, Alex, it’s not the fickle finger of fate.  It’s the middle one: The deadly digit of death.",1.4222222222222225,0.0456193900419044,225,155,45,25,not_evaluated,not_evaluated
"What do you mean ""It ain't over til it's over?""",1.421940928270042,0.0413871927123245,237,155,62,19,not_evaluated,not_evaluated
Checkmate!! Gimme the robe!,1.4217391304347826,0.0448805566990748,230,158,47,25,not_evaluated,not_evaluated
You never should have traded your Bishop for my immortal soul.,1.4213197969543148,0.0482873729212081,197,135,41,21,not_evaluated,not_evaluated
"No, I never saw that Swedish movie. Why do you ask?",1.419811320754717,0.0457524237706737,212,144,47,21,not_evaluated,not_evaluated
"You might want to reconsider,Steve",1.4196891191709844,0.0449900384013252,193,126,53,14,not_evaluated,not_evaluated
I think that's your final gambit.,1.4196428571428572,0.041626131864867,224,146,62,16,not_evaluated,not_evaluated
"Check mate, and I didn't cheat, Death.",1.4191919191919191,0.047553883735789,198,135,43,20,not_evaluated,not_evaluated
"It was after joyfully checkmating his opponent that Sherman learns he's won an all-expense paid luxury cruise on
the River Styx.",1.4191919191919191,0.0496635531366222,198,139,35,24,not_evaluated,not_evaluated
It's called the dead man's move.,1.4183673469387754,0.0456632835772863,196,130,50,16,not_evaluated,not_evaluated
Looks like it’s your time that’s up!,1.4182692307692308,0.0443297710142547,208,138,53,17,not_evaluated,not_evaluated
Thought it'd be easy? I survived the pandemic in a flat with three children!,1.4181818181818182,0.0445277029378124,220,148,50,21,not_evaluated,not_evaluated
"Okay, let me tell you why that was a bad move.",1.417989417989418,0.0450082972258723,189,123,53,13,not_evaluated,not_evaluated
"You knew the stakes, hand over the robe.",1.4170854271356783,0.0468222486330043,199,135,45,19,not_evaluated,not_evaluated
Checkmate again! Wanna raise the stakes?,1.4170616113744077,0.0438752921276658,211,140,54,17,not_evaluated,not_evaluated
"A white guy eludes consequences, what else is new....",1.4166666666666667,0.0474786011625626,192,130,44,18,not_evaluated,not_evaluated
He was always cheating death.,1.4166666666666667,0.0474786011625626,192,130,44,18,not_evaluated,not_evaluated
Checkmate! Now what's that surprise you promised?,1.4158415841584158,0.0452320821690124,202,135,50,17,not_evaluated,not_evaluated
"Yeah, the end is near alright - Checkmate!",1.4158415841584158,0.0452320821690124,202,135,50,17,not_evaluated,not_evaluated
Let’s not play a game that can end in sudden death.,1.4146341463414631,0.0447523868114565,205,137,51,17,not_evaluated,not_evaluated
I want my boss gone by next Monday,1.4145077720207253,0.0467070258178545,193,130,46,17,not_evaluated,not_evaluated
I live to play another day!,1.4145077720207253,0.0467070258178545,193,130,46,17,not_evaluated,not_evaluated
I win! You take my wife instead.,1.413978494623656,0.047648468138588,186,128,40,18,not_evaluated,not_evaluated
We were ranked equal at the outset--I work for the IRS.,1.413953488372093,0.0471205521648002,215,151,39,25,not_evaluated,not_evaluated
CHECKMATE---I LIVE,1.4137931034482758,0.0471706887251735,203,140,42,21,not_evaluated,not_evaluated
I’ll take your cloak too.,1.4137931034482758,0.0434011569329346,203,133,56,14,not_evaluated,not_evaluated
Does this mean I get an extra life?,1.4137931034482758,0.0461251251957581,203,138,46,19,not_evaluated,not_evaluated
Gotcha! And I also avoid taxes.,1.4129353233830846,0.0453637504479795,201,135,49,17,not_evaluated,not_evaluated
Let's skip the post-game handshake.,1.4128440366972477,0.0428461582366054,218,145,56,17,not_evaluated,not_evaluated
"Your dark knight lives, but your king is dead.",1.4126984126984128,0.0455770671268685,189,125,50,14,not_evaluated,not_evaluated
"You said best 2 out of 3, right?",1.4126984126984128,0.0449553306912232,189,124,52,13,not_evaluated,not_evaluated
Checkmate! And I don't pay taxes either!,1.4126984126984128,0.0479835201835636,189,129,42,18,not_evaluated,not_evaluated
This move is gonna be the death of me.,1.4126984126984128,0.0479835201835636,189,129,42,18,not_evaluated,not_evaluated
"Hah--didn't expect a death-defying move, did you?",1.412621359223301,0.04510812239278,206,139,49,18,not_evaluated,not_evaluated
The last guy who beat me was Keith Richards.,1.412621359223301,0.0481549674196718,206,145,37,24,not_evaluated,not_evaluated
... and Checkmate!  I’ll bet some Swedish auteur could make a great movie out of this.,1.412621359223301,0.044045695726213,206,137,53,16,not_evaluated,not_evaluated
Checkmate! I win! Back to eternal life!,1.411764705882353,0.0432354895976961,204,134,56,14,not_evaluated,not_evaluated
Remember.  This isn't the Ingmar Bergman ending.  It's the Woody Allen ending.,1.411764705882353,0.049520185749923,187,130,37,20,not_evaluated,not_evaluated
We're playing hangman next,1.4114583333333333,0.0462650592395892,192,129,47,16,not_evaluated,not_evaluated
I hope you're not a sore loser!,1.411214953271028,0.0428804389647638,214,142,56,16,not_evaluated,not_evaluated
Why are you always in charge of the clock?,1.4109589041095891,0.0441390674001984,219,149,50,20,not_evaluated,not_evaluated
Tell me again who the bell tolls for?,1.4105263157894736,0.044770819406777,190,125,52,13,not_evaluated,not_evaluated
Rarer still to experience the thrill of victory and the agony of defeat all in one go.,1.4102564102564104,0.0480052774820063,195,135,40,20,not_evaluated,not_evaluated
You'll live to regret that!,1.4102564102564104,0.047451433824693,195,134,42,19,not_evaluated,not_evaluated
"For the life of me, I can't believe you didn't see my bishop.",1.4102564102564104,0.0445791218115967,195,129,52,14,not_evaluated,not_evaluated
Ha ... bet ya didn’t expect a sacrifice.,1.40990990990991,0.0413033645383053,222,146,61,15,not_evaluated,not_evaluated
"No, I'm not playing best out of three.",1.4095744680851063,0.0469403985008543,188,127,45,16,not_evaluated,not_evaluated
Don't quit your day job.,1.4095238095238096,0.0449756148660623,210,143,48,19,not_evaluated,not_evaluated
Ha! This is even better than beating taxes with offshore accounts.,1.4093264248704662,0.0466561059041108,193,131,45,17,not_evaluated,not_evaluated
"Frankly, I’ve played against all of the Four Horseman and none of you are any good!",1.4088669950738917,0.0471248251375423,203,141,41,21,not_evaluated,not_evaluated
Come on Donald your cheating days are over.,1.408839779005525,0.0500907268801906,181,126,36,19,not_evaluated,not_evaluated
I guess I’ll die another day!,1.408839779005525,0.0469270087301618,181,121,46,14,not_evaluated,not_evaluated
And I thought the odds were against me.,1.4086021505376345,0.0472880445359531,186,126,44,16,not_evaluated,not_evaluated
"Okay, Okay. Black can go first this time.",1.408256880733945,0.0437786181145807,218,148,51,19,not_evaluated,not_evaluated
I know what you’re thinking. It’s a killer move.”,1.4081632653061225,0.0449858803290237,196,131,50,15,not_evaluated,not_evaluated
That’s one game apiece. But don’t get cocky - sudden death is my specialty.,1.4080717488789238,0.041646677430031,223,148,59,16,not_evaluated,not_evaluated
That was your last move.,1.4077669902912622,0.0412185838045568,206,133,62,11,not_evaluated,not_evaluated
Checkmate! Now bring back my goldfish.,1.4074074074074074,0.0479307347246031,189,130,41,18,not_evaluated,not_evaluated
And you said you always made the last move!,1.407216494845361,0.0452986861393695,194,130,49,15,not_evaluated,not_evaluated
This is a once-in-a-lifetime move.,1.407216494845361,0.0447052012180959,194,129,51,14,not_evaluated,not_evaluated
"Congratulations, you now own my ""time share"" in Orlando.",1.406862745098039,0.0426219740350878,204,134,56,13,not_evaluated,not_evaluated
And for my last move… checkmate.,1.4067796610169492,0.0476434472024989,177,119,44,14,not_evaluated,not_evaluated
Ha ha ! … checkmate… take that for an Eternity !,1.40625,0.0456174014686712,192,128,48,15,not_evaluated,not_evaluated
Checkmate! We’re all tied. Do you want a sudden death game?,1.4057971014492754,0.0427450964875137,207,137,56,14,not_evaluated,not_evaluated
You’re short two horsemen,1.4057142857142857,0.0480128218077256,175,118,43,14,not_evaluated,not_evaluated
"”Let’s call it a draw, then.",1.4057142857142857,0.0473238799439419,175,117,45,13,not_evaluated,not_evaluated
"Death, where is thy King?",1.4046242774566473,0.0490795436578268,173,118,40,15,not_evaluated,not_evaluated
It’s a sudden death match!,1.4043715846994536,0.0477929712385519,183,125,42,16,not_evaluated,not_evaluated
What if we played Life instead?,1.4035087719298245,0.0432643737018333,228,157,50,21,not_evaluated,not_evaluated
I’ve been dying to make that move!,1.4031413612565444,0.0480992003260978,191,133,39,19,not_evaluated,not_evaluated
And MATE!!  Now bring on the IRS.,1.4029126213592231,0.0465627054811923,206,144,41,21,not_evaluated,not_evaluated
"That'll be one resurrected dog, please",1.4022988505747127,0.05085119610424,174,122,34,18,not_evaluated,not_evaluated
"I'm sorry, but there's no cheating, Death.",1.4020100502512562,0.0450141386233674,199,135,48,16,not_evaluated,not_evaluated
Did you really think I'd fall for the Reaper's gambit?,1.4020100502512562,0.0421008129655506,199,130,58,11,not_evaluated,not_evaluated
This is really a killer move!,1.4019607843137254,0.0431313273589607,204,136,54,14,not_evaluated,not_evaluated
What do you mean there's no rematch?,1.4011299435028248,0.0489094520738104,177,120,39,16,not_evaluated,not_evaluated
I guess it's just my lucky day.,1.4010695187165776,0.042532052705445,187,121,57,9,not_evaluated,not_evaluated
"You know, I thought you'd be a lot better at this.",1.4010695187165776,0.0457873403756628,187,126,47,14,not_evaluated,not_evaluated
I’m also not paying my taxes this year.,1.4010416666666667,0.0443465596823176,192,128,51,13,not_evaluated,not_evaluated
Death be not proud...or smart.,1.4009661835748792,0.0415789302148874,207,136,59,12,not_evaluated,not_evaluated
"If you make that move,it could be your last!",1.4,0.0456631879485026,205,142,44,19,not_evaluated,not_evaluated
Checkmate! Now YOU have to take off one piece of clothing!,1.4,0.0479913819133742,185,128,40,17,not_evaluated,not_evaluated
Checkmate! Good game. Same time next life?,1.4,0.045639926684266,195,133,46,16,not_evaluated,not_evaluated
I'm killing it!,1.4,0.0462154844381229,195,134,44,17,not_evaluated,not_evaluated
Check mate! Read it and reap!,1.3990147783251232,0.0465038229014426,203,142,41,20,not_evaluated,not_evaluated
"And I didn't even cheat, Death!",1.3990147783251232,0.0443566471172363,203,138,49,16,not_evaluated,not_evaluated
Now who’s a nerd for joining the chess club instead of the football team?,1.3988439306358382,0.0469100929618274,173,116,45,12,not_evaluated,not_evaluated
Never thought you would take it so personally,1.3988095238095235,0.0507569456622567,168,117,35,16,not_evaluated,not_evaluated
Ha! My cardiologist told me I couldn't beat you.,1.3988095238095235,0.0507569456622567,168,117,35,16,not_evaluated,not_evaluated
"Yes, I paid my taxes. Why?",1.3988095238095235,0.0500497905443327,168,116,37,15,not_evaluated,not_evaluated
And THAT'S how we do it in Washington Square!,1.3982300884955752,0.0416378760792776,226,153,56,17,not_evaluated,not_evaluated
"I am not ready to check out, mate",1.3980099502487562,0.0452079782011682,201,138,46,17,not_evaluated,not_evaluated
Nice move. But I'M white.,1.3979057591623036,0.045690309280899,191,130,46,15,not_evaluated,not_evaluated
"No, I don't think two out of three is a good idea.",1.396341463414634,0.0470742871541853,164,109,45,10,not_evaluated,not_evaluated
"Ha! And they said I’d never cheat—beat, sorry, beat—death. Beat.",1.3958333333333333,0.0454989388033176,192,131,46,15,not_evaluated,not_evaluated
Cheat? How could I cheat death?,1.3956043956043955,0.0472408149813239,182,125,42,15,not_evaluated,not_evaluated
Lean in a little closer so i can tell you what you won.,1.3954802259887005,0.0475100292782833,177,121,42,14,not_evaluated,not_evaluated
"10,000 hours of internet chess finally pays off!",1.3952095808383234,0.0494964790466521,167,115,38,14,not_evaluated,not_evaluated
It’s just a saying - “ you’ll win over my dead body.”,1.395121951219512,0.0476605048183646,205,147,35,23,not_evaluated,not_evaluated
You won't be taking me to knight,1.3943661971830985,0.0518923169079762,142,96,36,10,not_evaluated,not_evaluated
Aw...Don't look so grim!,1.3942307692307692,0.0435534556147243,208,142,50,16,not_evaluated,not_evaluated
That will be your final move.,1.3940886699507389,0.0414559992436003,203,134,58,11,not_evaluated,not_evaluated
Without your dark knight you are nothing!,1.393939393939394,0.0468497383347833,165,110,45,10,not_evaluated,not_evaluated
I don't care what you say -- there is no sudden death in chess.,1.3934426229508197,0.0457370667558828,183,124,46,13,not_evaluated,not_evaluated
I’m sure you’re better at the game of life.,1.3932584269662922,0.0459327497396638,178,120,46,12,not_evaluated,not_evaluated
"Wait, did you say you're a sore looser?",1.393063583815029,0.0502954292389632,173,122,34,17,not_evaluated,not_evaluated
"You are right, there is no cheating death.",1.393063583815029,0.047547627299675,173,118,42,13,not_evaluated,not_evaluated
"No hard feelings, I hope!",1.3928571428571428,0.0470362829193818,168,111,44,11,not_evaluated,not_evaluated
Really?  You think Bergman was too heavy handed with his symbolism?,1.3928571428571428,0.0465306007693211,196,137,41,18,not_evaluated,not_evaluated
"I call this move ""The kiss of .....you"".",1.3922651933701655,0.0453988433848818,181,122,47,12,not_evaluated,not_evaluated
Checkmate - woo hoo! Now I can die a happy man.,1.391304347826087,0.04745422290437,184,128,40,16,not_evaluated,not_evaluated
first of all... I ain't your mate!,1.391304347826087,0.0507505109996902,161,112,35,14,not_evaluated,not_evaluated
"I've cheated better opponents than you, I'm a Republican.",1.391304347826087,0.0486897970209652,184,130,36,18,not_evaluated,not_evaluated
I guess Death doesn’t win every time.,1.391304347826087,0.0499797420479226,161,111,37,13,not_evaluated,not_evaluated
This isn't about the game is it?,1.3910614525139664,0.0483958015748176,179,125,38,16,not_evaluated,not_evaluated
You don’t stand a chance in hell!,1.390625,0.0489035330673149,192,138,33,21,not_evaluated,not_evaluated
"Not for the first time, death wondered why he hadn't challenged Kasparov to Name that Tune",1.390374331550802,0.0504430015001561,187,135,29,22,not_evaluated,not_evaluated
"Ah, you fall for your own Memento Mori gambit! Checkmate!",1.389937106918239,0.0454190386969071,159,104,48,7,not_evaluated,not_evaluated
"Nice try, but you can't cheat death.",1.3898305084745763,0.0467558539422083,177,121,43,13,not_evaluated,not_evaluated
"Hey, it's been a little creepy, but let's do it again sometime!",1.3898305084745763,0.0431868405990324,177,116,53,8,not_evaluated,not_evaluated
"Sadly, keeping your finger on the piece won't delay the inevitable.",1.3898305084745763,0.049425855778289,177,125,35,17,not_evaluated,not_evaluated
"Look, you can give me the middle finger all you want, but it’s still check mate!",1.3892215568862276,0.0515612252109693,167,119,31,17,not_evaluated,not_evaluated
Checkmate! Hope you're not a grim weeper.,1.3892215568862276,0.0479357446045505,167,114,41,12,not_evaluated,not_evaluated
Nice move  - enjoy your extra day.,1.3888888888888888,0.0468690006391408,180,124,42,14,not_evaluated,not_evaluated
"So there, that buys me enough time to run and tell off my boss first",1.38860103626943,0.0452441689030388,193,133,45,15,not_evaluated,not_evaluated
This move just kills me.,1.3885714285714286,0.047109258067145,175,120,42,13,not_evaluated,not_evaluated
Good game! Let's skip the handshake.,1.3885714285714286,0.0484834516677644,175,122,38,15,not_evaluated,not_evaluated
Over your dead body,1.3885714285714286,0.0464069041269193,175,119,44,12,not_evaluated,not_evaluated
"Check,,, you're dead",1.3885350318471337,0.0483685169846901,157,106,41,10,not_evaluated,not_evaluated
"And, if you don't mind, I'll take back Crimea too!",1.3882978723404256,0.050216919186218,188,137,29,22,not_evaluated,not_evaluated
I’ve always dreamed of cheating death.,1.3882978723404256,0.0478976178824714,188,133,37,18,not_evaluated,not_evaluated
Next up: taxes.,1.388235294117647,0.0515598897131008,170,122,30,18,not_evaluated,not_evaluated
"Sometimes when you win, you lose",1.388059701492537,0.0445350058756907,201,139,46,16,not_evaluated,not_evaluated
"OK Reaper, how about double or nothing for YOUR soul.",1.3876404494382022,0.0465439921376793,178,122,43,13,not_evaluated,not_evaluated
"If that finger is an insult, fine. If it's a summons, too late. Checkmate!!!",1.3876404494382022,0.0465439921376793,178,122,43,13,not_evaluated,not_evaluated
"SOUL, MATE!",1.38755980861244,0.044376341105871,209,146,45,18,not_evaluated,not_evaluated
You know that I always get to make the last move.,1.3875,0.0509250126974848,160,112,34,14,not_evaluated,not_evaluated
Your problem is that you never see what’s coming!,1.387434554973822,0.0455606642096865,191,132,44,15,not_evaluated,not_evaluated
Let's just take sudden death off the table.,1.387434554973822,0.0496140638344801,191,139,30,22,not_evaluated,not_evaluated
"Ha, cheated you again!",1.3872832369942196,0.0467566221548449,173,118,43,12,not_evaluated,not_evaluated
Ha! More like the Grim Weeper!,1.3872832369942196,0.049548310322691,173,122,35,16,not_evaluated,not_evaluated
So much for your unbeaten streak,1.3870967741935485,0.0512819300018698,155,108,34,13,not_evaluated,not_evaluated
...have we talked about the terms if I win?,1.386904761904762,0.0484472286448439,168,116,39,13,not_evaluated,not_evaluated
"With my system, you, too, can turn impending doom into winning chess strategy!",1.3865030674846626,0.050240015740118,163,114,35,14,not_evaluated,not_evaluated
It seems an eternity since your last move.,1.3860759493670889,0.0489547963217871,158,108,39,11,not_evaluated,not_evaluated
Checkmate!! Now you have to be ME for a day!,1.3860759493670889,0.0521447476093369,158,112,31,15,not_evaluated,not_evaluated
"If it makes you feel any better I work in finance, so I’ve been dead inside for quite some time.",1.3860759493670889,0.053668668824635,158,114,27,17,not_evaluated,not_evaluated
And they said I shouldn't watch Queens Gambit while driving!,1.3855421686746987,0.0524414175159076,166,120,28,18,not_evaluated,not_evaluated
Come closer…I’ll tell you what will happen if you take my King,1.3854748603351956,0.0470063690037003,179,124,41,14,not_evaluated,not_evaluated
"Well, if you're playing with the grim reaper, it's either the game of your life or the end of it.",1.3854748603351956,0.044958721411962,179,121,47,11,not_evaluated,not_evaluated
"If you lose again, I get your Halloween costume. OK?",1.3854748603351956,0.044958721411962,179,121,47,11,not_evaluated,not_evaluated
"You can't cheat, Death.",1.3850574712643675,0.0486346535622222,174,122,37,15,not_evaluated,not_evaluated
Checkmate!  So much for your end game.,1.3850574712643675,0.0450901950188839,174,117,47,10,not_evaluated,not_evaluated
"Didn't see that coming, huh?",1.3846153846153846,0.041964978891537,169,109,55,5,not_evaluated,not_evaluated
Ha! Perpetual check. I live forever.,1.3846153846153846,0.0501952667334601,156,108,36,12,not_evaluated,not_evaluated
"I stay dressed, and you have to take off your cloak.",1.3841463414634143,0.0499883199315122,164,115,35,14,not_evaluated,not_evaluated
Ha!  I get to live to play another day!,1.383838383838384,0.0437993011756632,198,136,48,14,not_evaluated,not_evaluated
"With the way you're playing, I'm surprised less people have cheated death!",1.3837209302325582,0.0468925648824737,172,118,42,12,not_evaluated,not_evaluated
"You can't take me, I didn't take my finger off yet.",1.3832335329341316,0.04859806970505,167,116,38,13,not_evaluated,not_evaluated
"we’re wagering in crypt currency, right?",1.3832335329341316,0.0507760473031829,167,119,32,16,not_evaluated,not_evaluated
That's five dollars -- or your immortal soul!,1.3831168831168832,0.0497835497835497,154,106,37,11,not_evaluated,not_evaluated
You can tell everybody I cheated if that makes you feel any better.,1.3831168831168832,0.0489236077086263,154,105,39,10,not_evaluated,not_evaluated
You sacrifice too many pieces.,1.3829787234042554,0.0421387256744957,188,125,54,9,not_evaluated,not_evaluated
Good move! But mine will be a killer.,1.3823529411764706,0.0494125105607274,170,120,35,15,not_evaluated,not_evaluated
"You know I won fair and square. After all, you can’t cheat death.",1.3823529411764706,0.0472520398193683,170,117,40,12,not_evaluated,not_evaluated
"Didn't see that coming, did you?",1.3823529411764706,0.0472520398193683,170,117,41,12,not_evaluated,not_evaluated
"Stop trying to cheat, Death.",1.380681818181818,0.0488485328515334,176,125,35,16,not_evaluated,not_evaluated
"Boo-yah, now I can go do my taxes.",1.380681818181818,0.0461133267289086,176,121,43,12,not_evaluated,not_evaluated
This is the last time I'll explain to you what the 'little horsies' can do.,1.380681818181818,0.0475006213841167,176,123,39,14,not_evaluated,not_evaluated
Check! I’m dying to see how you get out of this one.,1.380681818181818,0.0446829807884048,176,119,47,10,not_evaluated,not_evaluated
I haven't let go yet!,1.3806451612903226,0.0527984903349063,155,111,29,15,not_evaluated,not_evaluated
Very nice. Now what if I told you you were already dead?,1.3803680981595092,0.0486184103640949,163,113,38,12,not_evaluated,not_evaluated
Fatal mistake! Checkmate!,1.3801169590643274,0.0455416500271681,171,116,45,10,not_evaluated,not_evaluated
Checkmate! I mean… if that’s ok with you.,1.38,0.050651239850906,150,104,35,11,not_evaluated,not_evaluated
Check mate...oops,1.38,0.0497600506412627,150,103,37,10,not_evaluated,not_evaluated
That move is as old as time!,1.379746835443038,0.0496765275789377,158,110,36,12,not_evaluated,not_evaluated
"I knew Max von Sydow, and you're no Max von Sydow.",1.3796791443850267,0.0467575470509058,187,132,39,16,not_evaluated,not_evaluated
'Please don't force my hand.',1.3790849673202614,0.0490769072289675,153,105,38,10,not_evaluated,not_evaluated
Stick to the apocalypse.,1.3790849673202614,0.0463739677744332,153,102,44,7,not_evaluated,not_evaluated
How did I beat you? I call it the Moderna gambit.,1.3788819875776397,0.0482167236158638,161,111,39,11,not_evaluated,not_evaluated
Ha ha! Checkmate! What do you say we make it a little more interesting?,1.378698224852071,0.04431760611383,169,113,48,8,not_evaluated,not_evaluated
It doesn't matter who made the first move. The last one is always mine.,1.378698224852071,0.0466409406644489,169,116,42,11,not_evaluated,not_evaluated
I see that you fell for my sacrifice.,1.3785310734463276,0.0472804369426204,177,124,39,14,not_evaluated,not_evaluated
"Overly confident, his next move was fatal.",1.3783783783783785,0.0511005963863367,148,103,34,11,not_evaluated,not_evaluated
Death’s Gambit is not a real chess opening,1.3783783783783785,0.0445349100293838,185,127,46,12,not_evaluated,not_evaluated
Your last move was your…last move.,1.3782051282051282,0.0484182808324666,156,107,39,10,not_evaluated,not_evaluated
"Turns out, I can cheat death.",1.3770491803278688,0.0455105107213919,183,127,43,13,not_evaluated,not_evaluated
It's only a game. Must you be so dead serious?,1.3770491803278688,0.0448459289762718,183,126,45,12,not_evaluated,not_evaluated
You dare to cheat Death!,1.3767123287671232,0.0487349758435154,146,99,39,8,not_evaluated,not_evaluated
Impressive end-game. Now let me show you mine.,1.3766233766233766,0.0521809565482462,154,110,30,14,not_evaluated,not_evaluated
Hah! Bet you didn’t see that coming.,1.3766233766233766,0.0470484601166528,154,104,42,8,not_evaluated,not_evaluated
You should work on your end game,1.3766233766233766,0.0521809565482462,154,110,30,14,not_evaluated,not_evaluated
Does it look like I care?,1.3758389261744963,0.0517045827109147,149,105,32,12,not_evaluated,not_evaluated
"Well done, Steve - you cheated death, but it means you still have to go clothes shopping with your wife.",1.3758389261744963,0.0542719820718889,149,108,26,15,not_evaluated,not_evaluated
"C'mon, don't be morbid about it!",1.375796178343949,0.0490094705147385,157,109,37,11,not_evaluated,not_evaluated
"„Watch your next move, it could be fatal.“",1.375796178343949,0.0498356049171988,157,110,35,12,not_evaluated,not_evaluated
You only think you've won!,1.3757225433526012,0.0487020795120659,173,123,35,15,not_evaluated,not_evaluated
This is awkward,1.375,0.0520323176724051,144,101,32,11,not_evaluated,not_evaluated
"Ha!  It feels good to have cheated death, and you can give me the finger all you want.",1.375,0.0466013484092109,184,130,39,15,not_evaluated,not_evaluated
Nice.  But I get the last move.,1.375,0.0491675993942014,160,112,36,12,not_evaluated,not_evaluated
If you hadn't been picking your nose you'd have seen this coming! I live!,1.375,0.0483362979503693,152,104,39,9,not_evaluated,not_evaluated
I thought your endgame skills would be sharper.,1.375,0.0520323176724051,144,101,32,11,not_evaluated,not_evaluated
"It's 2022, dude. You have to do better to scare me.",1.375,0.0492294228616135,152,105,37,10,not_evaluated,not_evaluated
Read my lips... you cannot win,1.3743589743589744,0.0447248452897939,195,137,43,15,not_evaluated,not_evaluated
And they said I couldn’t cheat death,1.374233128834356,0.0522796168747484,163,119,27,17,not_evaluated,not_evaluated
You're a dead man!,1.3741496598639455,0.0503560006937146,147,102,35,10,not_evaluated,not_evaluated
Your time ran out.,1.3736263736263736,0.0482192789079203,182,131,34,17,not_evaluated,not_evaluated
"Death, your timer is ticking!",1.3734939759036144,0.0478998031956693,166,115,38,12,not_evaluated,not_evaluated
Who has the last laugh now?!,1.3734177215189871,0.047073663469123,158,108,41,9,not_evaluated,not_evaluated
"The robe! Give me the robe, baby!",1.3733333333333333,0.0505421760368348,150,105,34,11,not_evaluated,not_evaluated
Heh heh.....that's life,1.3732394366197185,0.0534581326256309,142,101,29,12,not_evaluated,not_evaluated
Alex couldn't beat Death. So he cheated.,1.3732394366197185,0.0552951370877551,142,103,25,14,not_evaluated,not_evaluated
"This has been fun, but I much prefer death by chocolate.",1.3727810650887573,0.0487642418740675,169,120,35,14,not_evaluated,not_evaluated
Already dead inside. Checkmate.,1.3727810650887573,0.050884952785245,169,123,29,17,not_evaluated,not_evaluated
"If it's any comfort, I beat paying taxes too.",1.3725490196078431,0.0498383635570161,153,107,35,11,not_evaluated,not_evaluated
Come on. You win every time.,1.3725490196078431,0.0498383635570161,153,107,35,11,not_evaluated,not_evaluated
Reap that buddy...Game over!,1.3722222222222222,0.0466311087966758,180,127,39,14,not_evaluated,not_evaluated
Two out of three my ass!,1.372093023255814,0.0467151808615825,172,120,40,12,not_evaluated,not_evaluated
I wish they'd all stop challenging me at chess; its been centuries since I've bargained with a backgammon pro.,1.3719512195121952,0.047498779530914,164,114,39,11,not_evaluated,not_evaluated
I’ll take that scythe now.,1.3716216216216215,0.05007845050281,148,103,35,10,not_evaluated,not_evaluated
Booyah...Cheated Death without cheating!,1.3712574850299402,0.0476646126527242,167,117,38,12,not_evaluated,not_evaluated
Checkmate!  That's two in a row. Next game do you want to play Sudden Death?,1.3712574850299402,0.0484154951046352,167,118,36,13,not_evaluated,not_evaluated
"What do you mean, ""we'll see who laughs last""?",1.3712574850299402,0.0476646126527242,167,117,38,12,not_evaluated,not_evaluated
"Great defense, but I never lose playing Sudden Death.",1.3708609271523178,0.0475593218878419,151,102,40,8,not_evaluated,not_evaluated
"Wait, do you mean you're taking me, or my piece? It makes a difference on how I play this.",1.3707865168539326,0.0502416208175721,178,131,28,19,not_evaluated,not_evaluated
"Closer my friend, there’s one little move I need 
to show you…",1.3707865168539326,0.0456054893394974,178,123,42,12,not_evaluated,not_evaluated
Best two out of infinity.,1.3706293706293706,0.0512604080888881,143,100,33,10,not_evaluated,not_evaluated
I just hope you're not a sore loser.,1.3705882352941177,0.0463243236082395,170,118,41,11,not_evaluated,not_evaluated
I call this the death trap!,1.3703703703703705,0.0494497666112208,162,115,34,13,not_evaluated,not_evaluated
The Endgame,1.37012987012987,0.0478298226661843,154,106,39,9,not_evaluated,not_evaluated
I’ve been dying to play that move.,1.36986301369863,0.051444600018436,146,103,32,11,not_evaluated,not_evaluated
"MATE...game over! I won! I won! So, what's the big surprise?",1.3696969696969696,0.0464753567998196,165,114,41,10,not_evaluated,not_evaluated
Check Mate? Over my dead body!,1.3696969696969696,0.0495539918644311,165,118,33,14,not_evaluated,not_evaluated
"I know, I know, I’m on the clock!",1.3695652173913044,0.0515044856734394,138,96,33,9,not_evaluated,not_evaluated
"You didn't see that coming, did you?",1.369318181818182,0.0437652823704831,176,120,47,9,not_evaluated,not_evaluated
How could you not see that coming?,1.3691275167785235,0.0479480957736349,149,102,39,8,not_evaluated,not_evaluated
You lose!  Now go to Hell!,1.3691275167785235,0.0533215549071939,149,108,27,14,not_evaluated,not_evaluated
Don’t look so gloomy; it’s just a game!,1.3691275167785235,0.0488847073212561,149,103,37,9,not_evaluated,not_evaluated
"Things are looking pretty grim now, buddy.",1.3691275167785235,0.0507060553880824,149,105,33,11,not_evaluated,not_evaluated
Best out of three?,1.369047619047619,0.0481771542924383,168,119,36,13,not_evaluated,not_evaluated
Checkmate! I stay alive,1.369047619047619,0.049634768001642,168,121,32,15,not_evaluated,not_evaluated
"I won!""
""Well look at that... Okay then. A deal is a deal. I'll tell you the truth.... Epstein did not kill himself.",1.3687943262411348,0.0545882139486203,141,102,26,13,not_evaluated,not_evaluated
I can't believe you fell for the Bergman Gambit!,1.3687943262411348,0.0487028784214859,141,96,38,7,not_evaluated,not_evaluated
"YES,YOU WON THIS GAME,BUT GUESS WHAT MY MIDDLE FINGER MEANS",1.3687943262411348,0.0517293121384694,141,99,32,10,not_evaluated,not_evaluated
You’re killin’ me here!,1.3687943262411348,0.0517293121384694,141,99,32,10,not_evaluated,not_evaluated
Playing with death,1.3687943262411348,0.0487028784214859,141,96,38,7,not_evaluated,not_evaluated
"Unfortunately for Frank, both sides saw their final move.",1.36875,0.0461759989318963,160,117,30,13,not_evaluated,not_evaluated
Best of three???,1.368421052631579,0.0444597037801952,152,101,46,5,not_evaluated,not_evaluated
"I was scared to death, but I beat you!",1.368421052631579,0.0482205222201648,152,105,38,9,not_evaluated,not_evaluated
"Yep, Checkmate, even though you never had any skin in the game.",1.368421052631579,0.0482205222201648,152,105,38,9,not_evaluated,not_evaluated
Who said I can’t beat death,1.367816091954023,0.0448162557722215,174,120,44,10,not_evaluated,not_evaluated
"I did not cheat, Death!",1.367741935483871,0.0493097345728564,155,109,35,11,not_evaluated,not_evaluated
I also cheat on my taxes.,1.3674698795180722,0.0528778712847821,166,124,23,19,not_evaluated,not_evaluated
No one is going to believe me when I say I beat Death!,1.3673469387755102,0.0529456890018837,147,106,28,13,not_evaluated,not_evaluated
I remembered that move from the Bergman film!,1.3673469387755102,0.0529456890018837,147,106,28,13,not_evaluated,not_evaluated
2 out of 3?,1.3670886075949369,0.0460960216691006,158,108,42,8,not_evaluated,not_evaluated
What do you mean I lose anyway?,1.3670886075949369,0.0510744274977104,158,114,30,14,not_evaluated,not_evaluated
Hah! Checkmate. Now you have to take my mother-in-law instead of me!,1.3666666666666667,0.0472062447867366,180,129,36,15,not_evaluated,not_evaluated
Over my dead body you win this game,1.3666666666666667,0.0521713462174848,150,108,29,13,not_evaluated,not_evaluated
Ha ha! You didn't see that coming!,1.3664596273291925,0.0488131188724089,161,114,35,12,not_evaluated,not_evaluated
"Sorry, Vlad, that's another win for Ukraine!",1.3661971830985915,0.0504488624990046,142,99,34,9,not_evaluated,not_evaluated
So about Persephone…,1.3661971830985915,0.0473858350653688,142,96,40,6,not_evaluated,not_evaluated
It’s only a game.,1.3660130718954249,0.0470597790676217,153,105,40,8,not_evaluated,not_evaluated
I am NOT your pawn!,1.3658536585365857,0.0504538657240923,164,119,30,15,not_evaluated,not_evaluated
Having a lonely childhood and an overbearing father finally paid off.,1.3657142857142857,0.0460578224839538,175,123,40,12,not_evaluated,not_evaluated
"You, taxes and checkmate!",1.3657142857142857,0.0446089690755102,175,121,44,10,not_evaluated,not_evaluated
You call it cheating death but I call it check mate!,1.3653846153846154,0.0498853428645746,156,111,33,12,not_evaluated,not_evaluated
Things are looking pretty grim for you now!,1.3653846153846154,0.0490493062823254,156,110,35,11,not_evaluated,not_evaluated
"It’s just a friendly game, right?",1.3650793650793651,0.0430362624604845,189,131,47,11,not_evaluated,not_evaluated
You're dead to me.,1.364963503649635,0.0516743199083911,137,96,32,9,not_evaluated,not_evaluated
I so love beating you at chess that I could do it for the rest of my life!,1.364864864864865,0.0490286683366806,148,103,36,9,not_evaluated,not_evaluated
Come on. We’re late for the Met Gala.,1.364864864864865,0.0480820304844855,148,102,38,8,not_evaluated,not_evaluated
Wait!  Best two out of three.,1.3647058823529412,0.0469717258727999,170,120,38,12,not_evaluated,not_evaluated
Do you have a death wish?,1.3642384105960266,0.0474362066880822,151,104,39,8,not_evaluated,not_evaluated
Reap it and weep!,1.3641975308641976,0.0508769600053903,162,118,29,15,not_evaluated,not_evaluated
No backsies,1.3636363636363635,0.0485929530749862,154,108,36,10,not_evaluated,not_evaluated
"Yeah I know it's 2 out of 3,just let me have my moment.",1.3636363636363635,0.0455652753274043,165,114,42,9,not_evaluated,not_evaluated
That seals it for the seventh time!,1.3630573248407645,0.0504373055400333,157,113,31,13,not_evaluated,not_evaluated
"You may win a game, but I always make the last move.",1.3630573248407645,0.0496211897560968,157,112,33,12,not_evaluated,not_evaluated
"Ah, yes. You beat me. But you didn't ""listen carefully, as the options may have changed.""",1.362962962962963,0.0521589264704334,135,95,31,9,not_evaluated,not_evaluated
I really wouldn’t do that if I were you,1.362962962962963,0.0542371666809317,135,97,27,11,not_evaluated,not_evaluated
I’m glad you’re not a poor loser.,1.3625730994152048,0.0460031212339982,171,120,40,11,not_evaluated,not_evaluated
i've sunk your donkey piece,1.3624161073825505,0.0505858702098664,149,106,32,11,not_evaluated,not_evaluated
"Reap that, bitch!",1.3623188405797102,0.0533863612121362,138,99,28,11,not_evaluated,not_evaluated
"Checkmate! Now I can include""Outwitting death"" on my resume. Can I use you as a contact?",1.361963190184049,0.049859368910456,163,118,31,14,not_evaluated,not_evaluated
Checkmate! Time to start planning your funeral bro!,1.361842105263158,0.050743291923743,152,109,31,12,not_evaluated,not_evaluated
"I wouldn't take that bishop if I were you, Roger.",1.3617021276595744,0.0506058489684314,141,99,33,9,not_evaluated,not_evaluated
And you thought running out the clock would work here buddy?,1.3617021276595744,0.048562513368114,141,97,37,7,not_evaluated,not_evaluated
"This time, your time's up!",1.3614457831325302,0.0469256568362785,166,117,38,11,not_evaluated,not_evaluated
"Put me in check all you want, the semi-truck driver is still gonna be lookin at his phone.",1.3612903225806452,0.0516861650131807,155,113,28,14,not_evaluated,not_evaluated
"I won the battle, but I guess you will probably win the war.",1.3611111111111112,0.0517854405059811,144,103,30,11,not_evaluated,not_evaluated
"A draw!  That's it!  What are you going to do about that, tough guy?!",1.3609022556390975,0.0504461140204174,133,92,34,7,not_evaluated,not_evaluated
This is your last move,1.360759493670886,0.0493596456783592,158,113,33,12,not_evaluated,not_evaluated
This is how people are cheating you.,1.3604651162790695,0.0442732860073983,172,119,44,9,not_evaluated,not_evaluated
I win! So you get my ex-wife's soul instead of mine! Done deal!,1.360248447204969,0.0479006436689722,161,114,36,11,not_evaluated,not_evaluated
Farewell Faustian Friend,1.36,0.054948656386755,125,89,27,9,not_evaluated,not_evaluated
"Checkmate! No hard feelings, right?",1.3597560975609757,0.0496035420233499,164,119,31,14,not_evaluated,not_evaluated
Final answer?,1.3597560975609757,0.048071592267032,164,117,35,12,not_evaluated,not_evaluated
"Chess is really hard- can we switch to checkers?"" (Roman Gonzales, 14 years old",1.3597560975609757,0.0472870096749682,164,116,37,11,not_evaluated,not_evaluated
"Alright, best two out of three then.",1.359712230215827,0.0489778688641514,139,95,35,7,not_evaluated,not_evaluated
Death loses yet again with a classic bone-headed move.,1.359712230215827,0.0500309509506798,139,96,34,8,not_evaluated,not_evaluated
Check! Now remove a piece of clothing!,1.3594771241830066,0.0521422559042892,153,112,27,14,not_evaluated,not_evaluated
I’m not letting you cheat Death again.,1.3594771241830066,0.0513109689908783,153,111,29,13,not_evaluated,not_evaluated
Checkmate!  I get another 50 years.,1.3592814371257484,0.0451225050840733,167,116,42,9,not_evaluated,not_evaluated
"Sorry but, Your time was up!",1.3592814371257484,0.0474602472153315,167,119,36,12,not_evaluated,not_evaluated
And that's how you can beat Bobby Fisher down there!,1.3592814371257484,0.0451225050840733,167,116,42,9,not_evaluated,not_evaluated
And you thought you’d win in sudden death,1.3591549295774648,0.0482865424355383,142,98,37,7,not_evaluated,not_evaluated
"You are dead right,check mate",1.3591549295774648,0.04724087276408,142,97,39,6,not_evaluated,not_evaluated
"It doesn't matter if you rule the underworld, the King still can only move one space at a time!",1.358974358974359,0.0497709542461983,156,112,32,12,not_evaluated,not_evaluated
"Hey, don't look so grim....In chess, you reap what you sew
!",1.358974358974359,0.0445069654205318,156,106,44,6,not_evaluated,not_evaluated
334 out of 666?,1.3587786259541983,0.0520498228839644,131,92,31,8,not_evaluated,not_evaluated
And my ex-wife thought I needed to quit chess to get a life!,1.3587786259541983,0.0531660029939092,131,93,29,9,not_evaluated,not_evaluated
"So, what's your exit strategy?",1.3587786259541983,0.0520498228839644,131,92,31,8,not_evaluated,not_evaluated
Ha! You have to do the dishes for a month!,1.3586206896551725,0.0514873250676437,145,104,30,11,not_evaluated,not_evaluated
I CAN take it with me!,1.3586206896551725,0.0514873250676437,145,104,30,11,not_evaluated,not_evaluated
Death comes for the bishop!,1.3586206896551725,0.0486167493851875,145,101,36,8,not_evaluated,not_evaluated
Checkmate! Now pack up your stupid little virus and blow!,1.3586206896551725,0.0533152466359039,145,106,26,13,not_evaluated,not_evaluated
A draw—you forget I'm a tax accountant!,1.3586206896551725,0.0514873250676437,145,104,30,11,not_evaluated,not_evaluated
"Ha, I win the five dollars! What shall we play for next?",1.3586206896551725,0.0495920735742634,145,102,34,9,not_evaluated,not_evaluated
"It’s best two out of three, right?",1.3582089552238803,0.0512474671808329,134,94,32,8,not_evaluated,not_evaluated
Bring my queen back from the dead,1.3582089552238803,0.0501406226708095,134,93,34,7,not_evaluated,not_evaluated
"Mate, Buddy....you owe me a carton of cigarettes.",1.358108108108108,0.0516416783885431,148,107,29,12,not_evaluated,not_evaluated
Keep your rude gesture to yourself and admit it - I beat Death!,1.358108108108108,0.052524200233254,148,108,27,13,not_evaluated,not_evaluated
No need to cheat death when I can beat you fair and square.,1.3580246913580247,0.0468445162980865,162,114,38,10,not_evaluated,not_evaluated
"I don't cheat death, I beat it.",1.3571428571428572,0.0527471703954873,140,101,28,11,not_evaluated,not_evaluated
"Who's ""Mr. End Game"" now?",1.3571428571428572,0.0475872060590718,154,108,37,9,not_evaluated,not_evaluated
I can't believe you fell for the Deadman's Gambit!,1.3571428571428572,0.0510301080912339,154,112,29,13,not_evaluated,not_evaluated
This is just a metaphor. What I'm trying to say is you should think about life insurance.,1.3571428571428572,0.0501915281096263,154,111,31,12,not_evaluated,not_evaluated
A blunder? I thought that was a killer move!,1.3571428571428572,0.0501915281096263,154,111,31,12,not_evaluated,not_evaluated
Now YOU’RE on the clock!,1.356687898089172,0.0495057548768203,157,113,32,12,not_evaluated,not_evaluated
I don’t understand why anyone would need to cheat you.,1.356643356643357,0.0480134202708988,143,99,37,7,not_evaluated,not_evaluated
What do you mean no cheating?,1.3565891472868217,0.0569731185894926,129,95,22,12,not_evaluated,not_evaluated
I guess diet and exercise isn't the only way to outsmart death,1.35625,0.0488442485171749,160,115,32,12,not_evaluated,not_evaluated
I knew you'd never suspect the pale horse!,1.356164383561644,0.0521069773001945,146,106,28,12,not_evaluated,not_evaluated
Looks like I can beat death.,1.356164383561644,0.0502612222372662,146,104,32,10,not_evaluated,not_evaluated
That would be the last time Jim ever cheated death.,1.356164383561644,0.0502612222372662,146,104,32,10,not_evaluated,not_evaluated
"Despite all the hype, it turns out you're really bad at Chess.",1.3555555555555556,0.0509355988602387,135,95,32,8,not_evaluated,not_evaluated
"No, you're dead!",1.3555555555555556,0.0509355988602387,135,95,32,8,not_evaluated,not_evaluated
Guess you didn’t know I stopped smoking this year!,1.355263157894737,0.0514751838953672,152,111,28,13,not_evaluated,not_evaluated
"OK, one more game— double or nothing for the rest of Europe?",1.355072463768116,0.0551971784917857,138,102,23,13,not_evaluated,not_evaluated
"No cheatin', Death!",1.355072463768116,0.0532461779648085,138,100,27,11,not_evaluated,not_evaluated
The same strategy beat the IRS,1.3546099290780145,0.0524329569253936,141,102,28,11,not_evaluated,not_evaluated
You need to work on your endgame.,1.3543307086614174,0.0586559018133518,127,95,19,13,not_evaluated,not_evaluated
"Go ahead,make my day!",1.3541666666666667,0.0507028590370396,144,103,31,10,not_evaluated,not_evaluated
Ha! Your time is up,1.3541666666666667,0.0516517667815439,144,104,29,11,not_evaluated,not_evaluated
I'm playing like my life depends on it.,1.3541666666666667,0.0516517667815439,144,104,29,11,not_evaluated,not_evaluated
So whaddaya say best two out of three?,1.3541666666666667,0.0525835535959686,144,105,27,12,not_evaluated,not_evaluated
- Sudden Death Match.,1.3541666666666667,0.0487496637965814,144,101,35,8,not_evaluated,not_evaluated
Carl cheats death one last time,1.3540372670807452,0.046131342574407,161,113,39,9,not_evaluated,not_evaluated
Plot twist.,1.353846153846154,0.0510609425324322,130,91,32,7,not_evaluated,not_evaluated
Death becomes you. CHECKMATE!,1.353846153846154,0.0544518283020041,130,94,26,10,not_evaluated,not_evaluated
Good last move.,1.3533333333333333,0.0501779086900509,150,108,31,11,not_evaluated,not_evaluated
It’s called the Bergman gambit.,1.3533333333333333,0.04927816009039,150,107,33,10,not_evaluated,not_evaluated
I wouldn't plan too far ahead if I were YOU!,1.3529411764705883,0.0486050582616849,153,109,34,10,not_evaluated,not_evaluated
Checkmate again!  I’m starting to wonder how anyone dies around here.,1.3529411764705883,0.0527350137358021,136,98,28,10,not_evaluated,not_evaluated
A pyrrhic victory my friend.,1.3529411764705883,0.0468022762759545,153,107,38,8,not_evaluated,not_evaluated
Are you new?  Someone else’s life passed before my eyes.,1.3529411764705883,0.050627233283757,136,96,32,8,not_evaluated,not_evaluated
HA! And they said it was impossible to beat Death.,1.3525641025641026,0.0488109121309062,156,112,33,11,not_evaluated,not_evaluated
"OK, you win. I take off my mask!",1.3525641025641026,0.0461992011319965,156,109,39,8,not_evaluated,not_evaluated
In this case I'll say soul mate.,1.3525179856115108,0.0529234090234041,139,101,27,11,not_evaluated,not_evaluated
Checkmate! Now I live forever.,1.3525179856115108,0.0488244771035725,139,97,35,7,not_evaluated,not_evaluated
"You can't take the Queen...she's only 96!"" 🇬",1.3525179856115108,0.0538994585985225,139,102,25,12,not_evaluated,not_evaluated
This gives me an idea for a movie.,1.352112676056338,0.0501692103309131,142,101,32,9,not_evaluated,not_evaluated
"I’m pro-choice, man”",1.352,0.0547793226824536,125,90,26,9,not_evaluated,not_evaluated
"Check, now I want the secret on how you stay so thin.",1.3517241379310343,0.047475577995548,145,101,37,7,not_evaluated,not_evaluated
Let me get this straight... this is checkmate... and still I lose?,1.3517241379310343,0.0522767415690428,145,106,27,12,not_evaluated,not_evaluated
"Not this time, Big Guy!",1.351351351351351,0.0496955844950008,148,106,32,10,not_evaluated,not_evaluated
"too late, you already took your finger off",1.351351351351351,0.0515122164638082,148,108,28,12,not_evaluated,not_evaluated
Death does not always win.,1.3511450381679388,0.0541020372190837,131,95,26,10,not_evaluated,not_evaluated
"You might capture my queen, but I'm still capturing your immortal soul, pal.",1.3509933774834435,0.0541428700290587,151,114,21,16,not_evaluated,not_evaluated
You can still kill me if it makes you feel better.,1.3509933774834435,0.0480972850557044,151,107,35,9,not_evaluated,not_evaluated
Not over my dead body.,1.3509933774834435,0.046224975805603,151,105,39,7,not_evaluated,not_evaluated
Grim was always more of a doer than a thinker.,1.3509933774834435,0.0516386455354117,151,111,27,13,not_evaluated,not_evaluated
"That middle finger won't help you now, checkmate.",1.3507462686567164,0.0542829144222962,134,98,25,11,not_evaluated,not_evaluated
"Let's pick this up tomorrow, you look like death.",1.3506493506493509,0.0465538192612392,154,108,38,8,not_evaluated,not_evaluated
Cheating at chess isn't a great analogy....,1.3503649635036497,0.0481419925484413,137,95,36,6,not_evaluated,not_evaluated
"Your move, COVID",1.3503649635036497,0.0503223197045379,137,97,32,8,not_evaluated,not_evaluated
Checkmate!  I get 10 more years!,1.3503649635036497,0.0513777974167976,137,98,30,9,not_evaluated,not_evaluated
"Why yes, I HAVE seen "" The Seventh Seal"".",1.35,0.0506128931572903,140,100,31,9,not_evaluated,not_evaluated
"I’m literally staring death in the face, and winning.",1.3496503496503496,0.0527568933131555,143,105,26,12,not_evaluated,not_evaluated
"Oh, come on.  Just one more game?  You can be white this time.",1.3493150684931507,0.0510563571592199,146,106,29,11,not_evaluated,not_evaluated
Ha! Cheating? You wish….,1.3493150684931507,0.0519733096662064,146,107,27,12,not_evaluated,not_evaluated
Haha! Who needs to quit smoking NOW?,1.3492063492063493,0.0599655565872639,126,96,16,14,not_evaluated,not_evaluated
"I won!  And by won, I think I mean I lost.",1.3492063492063493,0.0555691593321677,126,92,24,10,not_evaluated,not_evaluated
Did I tell you that I always win at the end?,1.3492063492063493,0.0532349811206465,126,90,28,8,not_evaluated,not_evaluated
"You let me win, right?",1.348993288590604,0.0465830198048764,149,104,38,7,not_evaluated,not_evaluated
And NOW I get your ticket to next year’s Met Gala!,1.348993288590604,0.0484908978806942,149,106,34,9,not_evaluated,not_evaluated
That's checkmate again! What are you going to do about it -- kill me?,1.3488372093023255,0.0535231181381452,129,93,27,9,not_evaluated,not_evaluated
That's mate.  Time for another game?,1.3488372093023255,0.0546429154258592,129,94,25,10,not_evaluated,not_evaluated
I dare you.,1.3488372093023255,0.0546429154258592,129,94,25,10,not_evaluated,not_evaluated
Let me tell you why that was a killer move!,1.3486842105263157,0.0487378770271652,152,109,33,10,not_evaluated,not_evaluated
I’ll accept a draw.,1.3484848484848484,0.0480776038239987,132,91,36,5,not_evaluated,not_evaluated
Taxes wins again!,1.3484848484848484,0.0558666173710643,132,98,22,12,not_evaluated,not_evaluated
Hold on. That’s not how it works. I’m supposed to cheat you!,1.3481012658227849,0.0457208782633607,158,111,39,8,not_evaluated,not_evaluated
Ha! You fell for the Faustian Gambit!,1.3478260869565215,0.0530984067862837,138,101,26,11,not_evaluated,not_evaluated
Now that’s a death-defying move.,1.3478260869565215,0.0500208080187703,138,97,32,8,not_evaluated,not_evaluated
I have cancer anyway!,1.3475177304964538,0.050313923942947,141,101,31,9,not_evaluated,not_evaluated
"No, no, no, I still have time on my clock!",1.3472222222222223,0.0505596538550776,144,104,30,10,not_evaluated,not_evaluated
It was soooo worth it!,1.346938775510204,0.046948701004378,147,103,37,7,not_evaluated,not_evaluated
"I finally beat death, only to go to work tomorrow",1.346938775510204,0.0516732070475237,147,108,27,12,not_evaluated,not_evaluated
"And no Death, I didn't cheat.",1.346774193548387,0.0584397569967365,124,93,19,12,not_evaluated,not_evaluated
This game will be the death of me,1.346774193548387,0.0512681493372699,124,87,31,6,not_evaluated,not_evaluated
"Mate. Now, give me the sickle and no one gets hurt.",1.346774193548387,0.0549710302536992,124,90,25,9,not_evaluated,not_evaluated
Check Mate Bitch,1.346774193548387,0.0561510864606787,124,91,23,10,not_evaluated,not_evaluated
Checkmate. Bring Roe back.,1.346666666666667,0.0491417769632129,150,108,32,10,not_evaluated,not_evaluated
"I pick who's next.  That was the deal, right?",1.346456692913386,0.0504670756907123,127,89,32,6,not_evaluated,not_evaluated
Let's make it two out of three.,1.346456692913386,0.0528856736997634,127,91,28,8,not_evaluated,not_evaluated
Captured your queen! How's that for grim?,1.34640522875817,0.0438124083730067,153,105,43,5,not_evaluated,not_evaluated
"Double or nothing, for the scythe!",1.3463687150837989,0.0435844312909712,179,127,42,10,not_evaluated,not_evaluated
You owe me a beer!,1.3461538461538465,0.0520441288621558,130,93,29,8,not_evaluated,not_evaluated
"What do you mean, “check fate?!”",1.3461538461538465,0.053177551028583,130,94,27,9,not_evaluated,not_evaluated
Now you're a pawn in my game!,1.3461538461538465,0.0520441288621558,130,93,29,8,not_evaluated,not_evaluated
"I win again! Next time try botulism, a freak accident or something.",1.3461538461538465,0.0508854671261237,130,92,31,7,not_evaluated,not_evaluated
"You may have my queen, but I have your soul.",1.3461538461538465,0.0469533726385848,156,111,36,9,not_evaluated,not_evaluated
"Doesn’t matter who you are bud, this is Washington square park and I’m keeping your ten.",1.3461538461538465,0.0542873145198251,130,95,25,10,not_evaluated,not_evaluated
Game over!,1.3461538461538465,0.0520441288621558,130,93,29,8,not_evaluated,not_evaluated
You must have a death wish.,1.345945945945946,0.0439859833256721,185,133,40,12,not_evaluated,not_evaluated
"For the last time, 411 year old Polerio conquers Death . . .",1.3458646616541354,0.0477866365399538,133,92,36,5,not_evaluated,not_evaluated
Go ahead and say it.  I dare you.,1.3458646616541354,0.0501139198716997,133,94,32,7,not_evaluated,not_evaluated
I see you’re trying to cheat me.,1.345679012345679,0.0466013770284676,162,116,36,10,not_evaluated,not_evaluated
"Come a little closer so I can hear you better. I could have sworn you said, ""Checkmate.""",1.3455882352941178,0.0515327977618343,136,98,29,9,not_evaluated,not_evaluated
Let’s play again in about 50 years.,1.3455882352941178,0.0536049826873341,136,100,25,11,not_evaluated,not_evaluated
So you'll send Elvis back!,1.3455882352941178,0.0504648073739361,136,97,31,8,not_evaluated,not_evaluated
Death slowly raised a bony middle finger,1.3453237410071943,0.0517771245857149,139,101,28,10,not_evaluated,not_evaluated
So now tell me how I can beat taxes.,1.3453237410071943,0.0527743786786728,139,102,26,11,not_evaluated,not_evaluated
Reap that #@$&!!!!,1.3453237410071943,0.0517771245857149,139,101,28,10,not_evaluated,not_evaluated
Be  Not  Proud!,1.3453237410071943,0.0486628953793206,139,98,34,7,not_evaluated,not_evaluated
"On second thought it's two out of three.""",1.3453237410071943,0.049722648775523,139,99,32,8,not_evaluated,not_evaluated
This time it is my move.,1.3450704225352113,0.0469271253560787,142,99,37,6,not_evaluated,not_evaluated
Check mate and you can go to Hell!,1.3450704225352113,0.0479796333359496,142,100,35,7,not_evaluated,not_evaluated
"Dont underestimate me, I went to film school!",1.3450704225352113,0.0529291584987651,142,105,25,12,not_evaluated,not_evaluated
"Check fate,dude!",1.3445945945945943,0.0504737965707775,148,108,29,11,not_evaluated,not_evaluated
"Ok, that’s game.  What’s YOUR move?",1.3443708609271523,0.0497644408059848,151,109,30,11,not_evaluated,not_evaluated
Didn’t even have to cheat.,1.3442622950819672,0.0543095891454205,122,88,26,8,not_evaluated,not_evaluated
"So this means I don't have to go to hell, right?",1.344155844155844,0.0482086104748657,154,111,33,10,not_evaluated,not_evaluated
Check!  So whatever happened to Max von Sydow?,1.344,0.0569141968796153,125,93,21,11,not_evaluated,not_evaluated
"You are so dead, man!",1.344,0.053405327751621,125,90,27,8,not_evaluated,not_evaluated
I won fair and square! Now how many lives do I get?,1.344,0.0521832997633682,125,89,29,7,not_evaluated,not_evaluated
Win at cheese; lose at life.,1.34375,0.0581005737771009,128,97,18,13,not_evaluated,not_evaluated
"I cheat death, not chess.",1.34375,0.0501443536281743,128,90,32,6,not_evaluated,not_evaluated
Death cometh  not soon  but late !,1.34375,0.0513564766787052,128,91,30,7,not_evaluated,not_evaluated
"Come here, I'll show you what Checkmate is.",1.3435114503816794,0.0517128713644654,131,94,29,8,not_evaluated,not_evaluated
That Seals It!,1.3435114503816794,0.049389689618028,131,92,33,6,not_evaluated,not_evaluated
"Checkmate! Well played, but you lack the killer instinct.",1.3435114503816794,0.0539360796587066,131,96,25,10,not_evaluated,not_evaluated
I don't care if you think you're winning. You are out of time.,1.3435114503816794,0.049389689618028,131,92,33,6,not_evaluated,not_evaluated
"Say, want to watch an old Bergman film now?",1.3432835820895523,0.049805454324132,134,95,32,7,not_evaluated,not_evaluated
NOW who's the destroyer of worlds?,1.3432835820895523,0.0509195849459444,134,96,30,8,not_evaluated,not_evaluated
"Here I was, thinking I was just another pawn.""",1.3432835820895523,0.0520098546594902,134,97,28,9,not_evaluated,not_evaluated
Bob quickly realized there are times you should let Death win.,1.3430656934306568,0.0512174204003547,137,99,29,9,not_evaluated,not_evaluated
Come a little closer and say that.,1.3430656934306568,0.050158568016949,137,98,31,8,not_evaluated,not_evaluated
My last opponent exhibited the same irrational exuberance.,1.3430656934306568,0.050158568016949,137,98,31,8,not_evaluated,not_evaluated
"OK then, best two out of three?",1.3428571428571427,0.0483769760958631,140,99,34,7,not_evaluated,not_evaluated
"... and this is move I call ""Reaper Madness"". Check mate!",1.3428571428571427,0.0524540895246018,140,103,26,11,not_evaluated,not_evaluated
Looks like I cheated you again old pal!,1.3428571428571427,0.0473028211976929,140,98,36,6,not_evaluated,not_evaluated
Let’s see your endgame!,1.3428571428571427,0.0514651006502089,140,102,28,10,not_evaluated,not_evaluated
Everyone falls for the Queen,1.3428571428571427,0.0462037008295017,140,97,38,5,not_evaluated,not_evaluated
Gotcha. Death be not proud.,1.3426573426573427,0.0497258267448019,143,103,31,9,not_evaluated,not_evaluated
"You shouldn't have challenged me to a sudden-death match!""",1.3424657534246576,0.0509135773953436,146,107,28,11,not_evaluated,not_evaluated
Who said I play fair?,1.342281879194631,0.0423461803652158,149,101,45,3,not_evaluated,not_evaluated
The fickle finger of checkmate.,1.342281879194631,0.0464325088466282,149,105,37,7,not_evaluated,not_evaluated
Check Mate! Now do I get to see you naked?,1.3421052631578947,0.0520620985801114,152,114,24,14,not_evaluated,not_evaluated
You can’t visualise your way out of this one,1.3417721518987342,0.0489938695152704,158,116,30,12,not_evaluated,not_evaluated
How’s that for a do-or-die move!,1.3416666666666666,0.0548691253350432,120,87,25,8,not_evaluated,not_evaluated
Nope. I don't lose until I take my hand off.,1.3416666666666666,0.0561308911156917,120,88,23,9,not_evaluated,not_evaluated
Are you sure you can't see any boogers?,1.3416149068322982,0.0475368360455327,161,117,33,11,not_evaluated,not_evaluated
"Checkmate, heaven can wait!",1.3414634146341464,0.0526889487675435,123,88,28,7,not_evaluated,not_evaluated
And you KNOW I can’t cheat you!,1.3414634146341464,0.0514086111551754,123,87,30,6,not_evaluated,not_evaluated
"But coming in, I already reaped your king.",1.3414634146341464,0.0514086111551754,123,87,30,6,not_evaluated,not_evaluated
So I won.What are you gonna do? Kill me?,1.3412698412698412,0.0530500792605346,126,91,27,8,not_evaluated,not_evaluated
Would you MOVE already?? You act as if we have all the time in the world!,1.3412698412698412,0.0518394326991034,126,90,29,7,not_evaluated,not_evaluated
Aha; Checkmate! Now please lower your bony finger of death.,1.3410852713178294,0.0498254268689241,129,91,32,6,not_evaluated,not_evaluated
Checkmate! We both win.,1.3409090909090908,0.0502475314577463,132,94,31,7,not_evaluated,not_evaluated
"I thought I was dead, until you made that last move.",1.3409090909090908,0.052498907222961,132,96,27,9,not_evaluated,not_evaluated
"You might take my life, but not before I take your queen.",1.3407407407407408,0.0537822760645201,135,100,24,11,not_evaluated,not_evaluated
"Actually, I’m the one who brings the game to an end…",1.3405797101449275,0.0509056629857966,138,100,29,9,not_evaluated,not_evaluated
"Check mate!
Now what was it you wanted to talk about?",1.3405797101449275,0.0487833319734262,138,98,33,7,not_evaluated,not_evaluated
"King me, sucker!",1.3404255319148937,0.0511566195106865,141,103,28,10,not_evaluated,not_evaluated
"See? You CAN beat Death,after all!",1.3404255319148937,0.0480941613086245,141,99,34,7,not_evaluated,not_evaluated
It's called a Smothered Mate - no offense intended.......,1.3402777777777777,0.0484443248200372,144,103,33,8,not_evaluated,not_evaluated
Hmmm...a VERY interesting last move.,1.3402777777777777,0.0484443248200372,144,103,33,8,not_evaluated,not_evaluated
Check Mate! Go reap your grim somewhere else.,1.3402777777777777,0.0532210305508523,144,108,23,13,not_evaluated,not_evaluated
Checkmate! I get your cloak!,1.3401360544217686,0.0477785313397169,147,105,34,8,not_evaluated,not_evaluated
"One more? If I win, you have to take the guy who invented comic sans instead!",1.34,0.0489989270758669,150,109,31,10,not_evaluated,not_evaluated
You're out of time.,1.34,0.0471372881841984,150,107,35,8,not_evaluated,not_evaluated
Nice move. Shall we raise the stakes?,1.3398692810457515,0.0436581841043049,153,106,42,5,not_evaluated,not_evaluated
One move and you're a dead man,1.3397435897435896,0.0510411006087035,156,117,25,14,not_evaluated,not_evaluated
You won an all expenses paid trip to purgatory.,1.3397435897435896,0.0502243065199411,156,116,27,13,not_evaluated,not_evaluated
Anthony cheats Death and postpones the pandemic.,1.3397435897435896,0.0450133652349638,156,110,39,7,not_evaluated,not_evaluated
I live to play again!,1.339622641509434,0.0479083964231134,159,116,32,11,not_evaluated,not_evaluated
"Checkmate!
I get eternal life and the robe.",1.339622641509434,0.0503393378535536,159,119,26,14,not_evaluated,not_evaluated
Harold's binging of Netflix series finally pays off.,1.3388429752066116,0.0532079953812227,121,87,27,7,not_evaluated,not_evaluated
"Check"" Looking grim my friend",1.3388429752066116,0.0518974924794663,121,86,29,6,not_evaluated,not_evaluated
How 'bout best two out of three?,1.3388429752066116,0.0569588791408686,121,90,21,10,not_evaluated,not_evaluated
Seventh Seal this!,1.3388429752066116,0.0532079953812227,121,87,27,7,not_evaluated,not_evaluated
Now get me back in my car before the crash!,1.3387096774193548,0.0456429672369665,124,84,38,2,not_evaluated,not_evaluated
"OK you win, but next we play spin the bottle.",1.3387096774193548,0.0523348084548162,124,89,28,7,not_evaluated,not_evaluated
I didn't cheat and I still won!,1.3385826771653544,0.0561441451487935,127,95,21,11,not_evaluated,not_evaluated
"As Steve attempted to explain the rules of castling, Death was convinced it was an attempt to cheat him.",1.3385826771653544,0.0538720361651853,127,93,25,9,not_evaluated,not_evaluated
Life wins!,1.3385826771653544,0.0502716933246175,127,90,31,6,not_evaluated,not_evaluated
Checkmate.  You've run out of time!,1.3384615384615384,0.0518631359662483,130,94,28,8,not_evaluated,not_evaluated
"yes, definitely a booger",1.3383458646616542,0.053246416893081,133,98,25,10,not_evaluated,not_evaluated
Can't cheat death you say?,1.338235294117647,0.0513654388134499,136,99,28,9,not_evaluated,not_evaluated
You're not the only expert in sudden death!,1.338235294117647,0.0491990180872646,136,97,32,7,not_evaluated,not_evaluated
Good game! See you next week?,1.338235294117647,0.0513654388134499,136,99,28,9,not_evaluated,not_evaluated
And they told me I couldn’t beat Death!,1.3381294964028776,0.0516175197866406,139,102,27,10,not_evaluated,not_evaluated
Checkmate!...gotta run now.,1.3381294964028776,0.0474058086177526,139,98,35,6,not_evaluated,not_evaluated
My queen got the second booster AND wears a mask to bed. Checkmate!,1.3381294964028776,0.050597469643935,139,101,29,9,not_evaluated,not_evaluated
Hah!  You're dead!,1.3381294964028776,0.0495564276336946,139,100,31,8,not_evaluated,not_evaluated
Ha! Death trap!,1.3380281690140845,0.0456775362002105,142,99,38,5,not_evaluated,not_evaluated
Checkmate! Hah! I'm going to end up with more lives than my cat!,1.3380281690140845,0.0518244926509061,142,105,26,11,not_evaluated,not_evaluated
Seat belts and the Queen's Gambit... gets you every time!,1.3380281690140845,0.0508516264996192,142,104,28,10,not_evaluated,not_evaluated
Check  Mate!  And now I challenge you to a game of Twister !,1.3380281690140845,0.0498597813552138,142,103,30,9,not_evaluated,not_evaluated
I won't take your bishop if you don't take my life. Deal?,1.3380281690140845,0.0498597813552138,142,103,30,9,not_evaluated,not_evaluated
"You can say I cheated, Death. But I won fair and square.",1.3380281690140845,0.0456775362002105,142,99,38,5,not_evaluated,not_evaluated
"Okay, how ‘bout 2 out of 3?",1.3380281690140845,0.0498597813552138,142,103,30,9,not_evaluated,not_evaluated
"Okay, I'll go with you now, but you have to delete my browser history like you promised",1.3380281690140845,0.0508516264996192,142,104,28,10,not_evaluated,not_evaluated
Do you really think you can cheat death?,1.3379310344827586,0.0491505327660351,145,105,31,9,not_evaluated,not_evaluated
There!  I told you I could get away without a mask.,1.3377483443708609,0.0491763661344025,151,113,26,12,not_evaluated,not_evaluated
Ingmar Bergman taught me that move.,1.3374233128834356,0.0470446429665401,163,119,33,11,not_evaluated,not_evaluated
"You didn't think I've seen that Bergman movie too, did you?",1.3373493975903614,0.0472339820396928,166,122,32,12,not_evaluated,not_evaluated
"Queen me, Bitch!",1.3362068965517242,0.0546818048138259,116,84,25,7,not_evaluated,not_evaluated
Double or nothing? You already owe me 100 years!,1.3362068965517242,0.0532932898235425,116,83,27,6,not_evaluated,not_evaluated
"Check mate, Grim Reaper!",1.3362068965517242,0.0532932898235425,116,83,27,6,not_evaluated,not_evaluated
And that’s the last anyone ever heard from Chester “Chess” Chesterton.,1.3361344537815123,0.0550501977609343,119,87,24,8,not_evaluated,not_evaluated
I'm the dead man?,1.3361344537815123,0.0496065001822238,119,83,32,4,not_evaluated,not_evaluated
Got your nose!,1.3361344537815123,0.0510219042532345,119,84,30,5,not_evaluated,not_evaluated
"That's checkmate! OK, hand over the cloak Senator McConnell.",1.3360655737704918,0.0541098549616455,122,89,25,8,not_evaluated,not_evaluated
You always fall for the sacrifice!,1.336,0.0532116892324209,125,91,26,8,not_evaluated,not_evaluated
So now who gets the last laugh!,1.336,0.0494407432870319,125,88,32,5,not_evaluated,not_evaluated
"If this move upsets you, I'll take it back.",1.3358778625954195,0.0503781204814295,131,94,30,7,not_evaluated,not_evaluated
Oh yeah you do have something between your teeth!,1.3358778625954195,0.0537612728600275,131,97,23,10,not_evaluated,not_evaluated
Ha! Most people wouldn't be caught dead making a move this obvious!,1.3358778625954195,0.0503781204814295,131,94,30,7,not_evaluated,not_evaluated
Little did Steve know this was the first chess game in history that was about to end in sudden death.,1.335820895522388,0.0539579567693762,134,100,23,11,not_evaluated,not_evaluated
"By promoting this pawn to another knight, I now control all four horsemen.",1.335820895522388,0.0518364678335414,134,98,27,9,not_evaluated,not_evaluated
And I cheated!,1.335820895522388,0.0507424728095087,134,97,29,8,not_evaluated,not_evaluated
"You know you're statistically less likely to win when you choose black.""",1.335820895522388,0.0473089420186246,134,94,35,5,not_evaluated,not_evaluated
We're both winning!,1.3357664233576645,0.0489009437931569,137,98,32,7,not_evaluated,not_evaluated
Call that the grim weeper!,1.3357664233576645,0.0499864432703235,137,99,30,8,not_evaluated,not_evaluated
I'll be damned. I won again!,1.3357142857142856,0.0471279056922187,140,99,35,6,not_evaluated,not_evaluated
"As you can see, I will live on forever through my NFTs",1.3357142857142856,0.0522964062773791,140,104,25,11,not_evaluated,not_evaluated
"OK, you win the first one. How about we make it best-of-seven?",1.3356643356643356,0.0505500678652318,143,105,28,10,not_evaluated,not_evaluated
Do I have time to call my estate planner before this move?,1.3356643356643356,0.047537671298255,143,102,34,7,not_evaluated,not_evaluated
That bought some time.,1.3355704697986577,0.0472447251405236,149,107,34,8,not_evaluated,not_evaluated
Wait. Let’s do two out of three.,1.3355263157894737,0.0475470808731887,152,110,33,9,not_evaluated,not_evaluated
Can't wait to tell everyone I just beat death!,1.3354037267080745,0.0482167236158638,161,119,30,12,not_evaluated,not_evaluated
"I can’t cheat you, but I can beat you. Checkmate!",1.3353658536585369,0.0498969752778829,164,124,25,15,not_evaluated,not_evaluated
Your time’s up!,1.3333333333333333,0.0482958088959346,132,96,29,7,not_evaluated,not_evaluated
"Checkmate! Now that you have a moment, let's talk about our Lord and Saviour.",1.3333333333333333,0.0511973998628947,123,88,29,6,not_evaluated,not_evaluated
"Don’t be a sore sport. It’s just a silly game of chess—it’s not life or…well, never mind.",1.3333333333333333,0.0511973998628947,123,88,29,6,not_evaluated,not_evaluated
"I'm not cheating, death.",1.3333333333333333,0.0479220350721629,141,101,33,7,not_evaluated,not_evaluated
You were better in the movie!,1.3333333333333333,0.0500597222167536,132,95,30,7,not_evaluated,not_evaluated
"Checkmate! As the loser, you've agreed to come to the children's Halloween party next week. Right?",1.3333333333333333,0.0537376385354877,123,89,25,8,not_evaluated,not_evaluated
Who’s dead now?,1.3333333333333333,0.0542885284987046,117,85,25,7,not_evaluated,not_evaluated
How about two out of three?,1.3333333333333333,0.0516397779494322,126,91,28,7,not_evaluated,not_evaluated
I didn't take my finger off it yet.,1.3333333333333333,0.0482804549585267,144,104,32,8,not_evaluated,not_evaluated
I kill at Chess!,1.3333333333333333,0.0493187035882402,114,79,32,3,not_evaluated,not_evaluated
"Come on,I dare you!",1.3333333333333333,0.0492760329990902,144,105,30,9,not_evaluated,not_evaluated
"NOT SO FAST, WE'RE IN THE MIDDLE GAME, NOT THE END GAME",1.3333333333333333,0.0478091443733757,126,88,34,4,not_evaluated,not_evaluated
"And I didn’t even have to cheat, Death!",1.3333333333333333,0.0534130794041153,132,98,24,10,not_evaluated,not_evaluated
Hey! Did you just let me win?,1.3333333333333333,0.0618840292785587,114,88,14,12,not_evaluated,not_evaluated
"Already under indictment by the SEC and with no soul left to lose, Smith was able to play a fearless game of chess.",1.3333333333333333,0.0563436169819011,126,95,20,11,not_evaluated,not_evaluated
I’d like to talk about your car’s extended warranty.,1.3333333333333333,0.0571661950475029,120,89,20,10,not_evaluated,not_evaluated
I may have a death wish,1.3333333333333333,0.0476933427892265,132,93,34,5,not_evaluated,not_evaluated
I hope it’s not checkmate for both of us.,1.3312883435582823,0.0452677783664185,163,118,36,9,not_evaluated,not_evaluated
"No, no, see, the little horsie moves like THIS...",1.3311688311688312,0.0442377795505522,154,109,39,6,not_evaluated,not_evaluated
"And they said playing you was a suicide mission.""",1.3311258278145697,0.0476575850543528,151,110,32,9,not_evaluated,not_evaluated
"...and this one's called the ""Fool's Gambit!",1.331034482758621,0.0499570432462085,145,107,28,10,not_evaluated,not_evaluated
"You just can't take the Queen, can you?",1.3309859154929575,0.0486782966461516,142,103,31,8,not_evaluated,not_evaluated
"Hah, so whose the grim reaper now!",1.330935251798561,0.0493820527587844,139,101,30,8,not_evaluated,not_evaluated
A rematch in Samarrah? Sure!,1.330935251798561,0.0483148291947312,139,100,32,7,not_evaluated,not_evaluated
"Go ahead 2022, make your move.",1.3308823529411764,0.0522428832638829,136,101,25,10,not_evaluated,not_evaluated
it’s called cheating,1.330827067669173,0.0508772491012264,133,97,28,8,not_evaluated,not_evaluated
"I cheated, which means I've cheated death!",1.3307692307692307,0.0493106462908582,130,93,31,6,not_evaluated,not_evaluated
And THAT’S my dying wish.,1.3307692307692307,0.0480861648839379,130,92,33,5,not_evaluated,not_evaluated
"Checkmate, and giving me the finger will do nothing for your reputation.",1.3307692307692307,0.0493106462908582,130,93,31,6,not_evaluated,not_evaluated
See you in hell,1.3307692307692307,0.0550258371995051,130,98,21,11,not_evaluated,not_evaluated
There! Now stop global warming.,1.330708661417323,0.0536798805194548,127,94,24,9,not_evaluated,not_evaluated
Done in by that pale horse you rode in on,1.330708661417323,0.0500657212244496,127,91,30,6,not_evaluated,not_evaluated
Go fuck yourself,1.3306451612903225,0.0533702511963858,124,91,25,8,not_evaluated,not_evaluated
Ah Ha! And they said you can't be beat...,1.3306451612903225,0.0521272804700554,124,90,27,7,not_evaluated,not_evaluated
Sit down Doug! It’s still my move.,1.3306451612903225,0.0521272804700554,124,90,27,7,not_evaluated,not_evaluated
Ha! Checkmate number three! Now get your ass over to the Supreme Court.,1.3305785123966942,0.0529936190244578,121,88,26,7,not_evaluated,not_evaluated
How much time do I have to gloat?,1.3304347826086955,0.0534424976385092,115,81,26,6,not_evaluated,not_evaluated
"Checkmate, but I'm losing either way.",1.3304347826086955,0.0505073257186383,115,81,30,4,not_evaluated,not_evaluated
"I was told I would be playing Death, not Brain Death.",1.3303571428571428,0.0586588539076071,112,84,19,9,not_evaluated,not_evaluated
See how it feels?,1.3303571428571428,0.0558490001701344,112,82,23,7,not_evaluated,not_evaluated
Sudden Death -- Karma's a bitch!,1.3291139240506329,0.0519265524051951,158,122,20,16,not_evaluated,not_evaluated
Your final move may be checkmate. But it'll really be your final move.,1.3291139240506329,0.0487223175183168,158,118,28,12,not_evaluated,not_evaluated
I live for this,1.3288590604026846,0.0507900157974986,149,112,25,12,not_evaluated,not_evaluated
"I just had a multi-vitamin, a kombucha and a COVID booster. Check mate!",1.3287671232876712,0.0487050923603722,146,107,30,9,not_evaluated,not_evaluated
Immortality or nothing?,1.3286713286713288,0.0473634868787745,143,103,33,7,not_evaluated,not_evaluated
I haven't taken my hand off yet!,1.3285714285714283,0.0540667407048714,140,107,20,13,not_evaluated,not_evaluated
You shouldn’t spend all your time getting rid of your bishops.,1.3285714285714283,0.0521312056700225,140,105,24,11,not_evaluated,not_evaluated
What did I win?,1.3284671532846717,0.0470347535230642,137,100,30,7,not_evaluated,not_evaluated
"Checkmate, Loser!",1.3284671532846717,0.0498058586550301,137,100,29,8,not_evaluated,not_evaluated
Checkmate! OK now taxes are next . . .,1.3284671532846717,0.0539443452475599,137,104,21,12,not_evaluated,not_evaluated
Now you're going to go through five stages...,1.328358208955224,0.0537830646713979,134,101,22,11,not_evaluated,not_evaluated
"Your move, old man.",1.328358208955224,0.050556458475111,134,98,28,8,not_evaluated,not_evaluated
"I know it looks grim,but until I take my hand off the piece,you can’t make a move.",1.3282442748091603,0.048997882552309,131,94,31,6,not_evaluated,not_evaluated
"Yeah, I cheated.  What are you going to do about it?",1.3282442748091603,0.0535775302061888,131,98,23,10,not_evaluated,not_evaluated
Ha! I did it! I outsmarted death!,1.3282442748091603,0.0535775302061888,131,98,23,10,not_evaluated,not_evaluated
Ha! Who delivers death now?,1.3282442748091603,0.048997882552309,131,94,31,6,not_evaluated,not_evaluated
"Some people say you can’t beat death, but I just did",1.3282442748091603,0.054662524229049,131,99,21,11,not_evaluated,not_evaluated
"Sure, I've beaten Death, but I would've preferred doing it in the game of Life.",1.328125,0.0521550523273413,128,94,26,8,not_evaluated,not_evaluated
And that's how you win.,1.328125,0.0521550523273413,128,94,26,8,not_evaluated,not_evaluated
"Now, do I get three wishes?",1.328125,0.0484876787965637,128,91,32,5,not_evaluated,not_evaluated
Told you a few cigarrettes and those extra burguers wouldn’t be the death of me,1.328125,0.0509619268395998,128,93,28,7,not_evaluated,not_evaluated
I win! Now we’re in sudden death.,1.328,0.053007607488104,125,92,25,8,not_evaluated,not_evaluated
Who knew all this excitement would give me chest pain?,1.328,0.0542110570795056,125,93,23,9,not_evaluated,not_evaluated
"Check mate! Don't cry now, grim weeper.",1.328,0.0517761933087822,125,91,27,7,not_evaluated,not_evaluated
"In your fa... oh, no, wait, you don’t have one",1.328,0.0505147694786769,125,90,29,6,not_evaluated,not_evaluated
I think it’s just a piece of broccoli.,1.328,0.0505147694786769,125,90,29,6,not_evaluated,not_evaluated
"This cloak really itches, Steve. Next time use some fabric softener.",1.328,0.0517761933087822,125,91,27,7,not_evaluated,not_evaluated
"Ahh, but I haven't lifted my hand off the piece yet, have I?",1.3278688524590163,0.0486125377952312,122,86,32,4,not_evaluated,not_evaluated
I’m guessing you choose black?,1.3278688524590163,0.0538990799404623,122,90,24,8,not_evaluated,not_evaluated
And they said our match would last an eternity.,1.3277310924369747,0.0535178160031835,119,87,25,7,not_evaluated,not_evaluated
`Sure he wasn't the most fun playing partner but the Reaper knew a few lethal moves.,1.3277310924369747,0.0561160969450398,119,89,21,9,not_evaluated,not_evaluated
Not checkmate--check out.,1.3277310924369747,0.0507867790193087,119,85,29,5,not_evaluated,not_evaluated
You’re kind of a dramatic loser.,1.3277310924369747,0.0493646337964625,119,84,31,4,not_evaluated,not_evaluated
"Aha!   Gotcha!  The ""Death Gambit""",1.3275862068965518,0.0571379640596021,116,87,20,9,not_evaluated,not_evaluated
Looks like I won't be passant today!,1.3275862068965518,0.0530563080550523,116,84,26,6,not_evaluated,not_evaluated
Chutzpah at the End of Time.,1.327433628318584,0.0525013964598247,113,81,27,5,not_evaluated,not_evaluated
"Oh yeah? Check your heartbeat, mate.",1.327433628318584,0.050974197564421,113,80,29,4,not_evaluated,not_evaluated
"That’s a perpetual check! So, I got a few more years, right?",1.327433628318584,0.050974197564421,113,80,29,4,not_evaluated,not_evaluated
"This is probably a terrible move I will regret, but checkmate!",1.327433628318584,0.0539854095393076,113,82,25,6,not_evaluated,not_evaluated
Who said you could leave?,1.3272727272727274,0.0579164088164166,110,82,20,8,not_evaluated,not_evaluated
You’re Dead,1.326530612244898,0.0493771336130356,147,109,28,10,not_evaluated,not_evaluated
"Nice move, but now it’s time for your endgame.",1.3263888888888888,0.048109017604751,144,105,31,8,not_evaluated,not_evaluated
"I play for fun, not life or death.",1.326241134751773,0.0455701846890557,141,100,36,5,not_evaluated,not_evaluated
Your King's soul in exchange for mine.,1.326241134751773,0.0466686067414527,141,101,34,6,not_evaluated,not_evaluated
Rematch next week in Samarra,1.326086956521739,0.0505581284241994,138,102,27,9,not_evaluated,not_evaluated
Checkmate....Now gimme the scythe,1.325925925925926,0.05343856702335,135,102,22,11,not_evaluated,not_evaluated
You should have stuck to Monopoly.,1.3257575757575757,0.0532282087519486,132,99,23,10,not_evaluated,not_evaluated
Check-mort!,1.3257575757575757,0.0486888131188807,132,95,31,6,not_evaluated,not_evaluated
"We’ll, now. That was a real treat. Game of a lifetime I’d say.",1.3257575757575757,0.0510090321897324,132,97,27,8,not_evaluated,not_evaluated
I think I just cheated Death!,1.3255813953488371,0.0518116449042436,129,95,26,8,not_evaluated,not_evaluated
Go ahead and make my day,1.3255813953488371,0.0518116449042436,129,95,26,8,not_evaluated,not_evaluated
"On second thought,may I take my last move back?",1.3255813953488371,0.0529676370880482,129,96,24,9,not_evaluated,not_evaluated
"So for every piece I win, you take off an article of clothing!",1.3255813953488371,0.0518116449042436,129,95,26,8,not_evaluated,not_evaluated
"Yeah, the games up. I win.",1.3255813953488371,0.048177530599442,129,92,32,5,not_evaluated,not_evaluated
"See, I didn’t need the vaccine!",1.3255813953488371,0.0540989335356893,129,97,22,10,not_evaluated,not_evaluated
"Ha, I won without cheating death!",1.3253968253968254,0.0501798227702401,126,91,29,6,not_evaluated,not_evaluated
"Checkmate!  Remember, it's a metaphor for LIFE!",1.3253968253968254,0.0550086458767093,126,95,21,10,not_evaluated,not_evaluated
"Come on, be a sport -- two out of three!",1.3252032520325203,0.0535254955117531,123,90,24,8,not_evaluated,not_evaluated
Checkmate. See you in heaven!,1.3252032520325203,0.0547563575405039,123,92,22,9,not_evaluated,not_evaluated
Hah!  Checkmate.  Read,1.3252032520325203,0.0547563575405039,123,92,22,9,not_evaluated,not_evaluated
"You can't defy your way out of this one, Death!",1.3252032520325203,0.0509746861405648,123,89,28,6,not_evaluated,not_evaluated
Come a little bit closer----you`re my kind of man!,1.325,0.0490276604030198,120,85,31,4,not_evaluated,not_evaluated
TAKE THA..AA..aa..a....,1.325,0.0504357760622636,120,86,29,5,not_evaluated,not_evaluated
"Take your hand off my knight, and stop giving me the finger.",1.325,0.0569565414947889,120,91,19,10,not_evaluated,not_evaluated
Your Fact Checkers didn't tell you that I hold the title of GRAND MASTER?,1.3247863247863247,0.0512574850285304,117,84,28,5,not_evaluated,not_evaluated
That was your last mistake,1.3247863247863247,0.0526753451604994,117,85,26,6,not_evaluated,not_evaluated
I'm just gonna put your king right back here...we good?,1.3245614035087718,0.0535867881580589,114,83,25,6,not_evaluated,not_evaluated
I'll do whatever it takes to win - even if it kills me,1.3245614035087718,0.0521180244250652,114,82,27,5,not_evaluated,not_evaluated
this is why I like rock paper scissors,1.3245614035087718,0.0535867881580589,114,83,25,6,not_evaluated,not_evaluated
I won! Ha! Ha!   !,1.3243243243243243,0.0588758492807347,111,84,18,9,not_evaluated,not_evaluated
"Actually, if you had let me win........",1.3243243243243243,0.0530204203427993,111,80,26,5,not_evaluated,not_evaluated
You will discover that I am a poor loser!,1.3243243243243243,0.0545432409848122,111,81,24,6,not_evaluated,not_evaluated
"Checkmate! I keep my soul, but more importantly now you have to tell me how all your bones stay together.",1.3243243243243243,0.0588758492807347,111,84,18,9,not_evaluated,not_evaluated
So you really CAN cheat death.,1.3241379310344827,0.0488201392680351,145,107,29,9,not_evaluated,not_evaluated
First it was 2 out of 3. Then 4 out of 5.  You're such a sore loser.,1.3240740740740742,0.0585812174242641,108,81,19,8,not_evaluated,not_evaluated
"Didn't see the movie, did you?",1.3240740740740742,0.0570849259295367,108,80,21,7,not_evaluated,not_evaluated
"Hey, there's no cheating here, death!",1.3237410071942446,0.0502478761778306,139,103,27,9,not_evaluated,not_evaluated
Things are looking grim for you after I make this move.,1.3237410071942446,0.0491994374543783,139,102,29,8,not_evaluated,not_evaluated
"Held in check by a Bishop, yet again.",1.3237410071942446,0.0491994374543783,139,102,29,8,not_evaluated,not_evaluated
"Just one game. C’mon, live a little!",1.3235294117647058,0.0465385179579553,136,97,34,5,not_evaluated,not_evaluated
"I won the battle, but you'll win the war.",1.3235294117647058,0.0476945082330928,136,98,32,6,not_evaluated,not_evaluated
I will give you one move and you better think carefully if it’s really worth it.,1.3233082706766917,0.0506832696581992,133,98,27,8,not_evaluated,not_evaluated
Checkmate!  Let's play again 30 years from now.,1.323076923076923,0.0526182509759153,130,97,24,9,not_evaluated,not_evaluated
"Not so grim now, are we Mr. Reaper?",1.323076923076923,0.0514725145236518,130,96,26,8,not_evaluated,not_evaluated
"Are you sure? 
I get grim when I lose!",1.3228346456692914,0.0498490281226409,127,92,29,6,not_evaluated,not_evaluated
And this piece here can only move diagonally!,1.3228346456692914,0.0510872780809931,127,93,27,7,not_evaluated,not_evaluated
"Ah, your last good move!",1.3228346456692914,0.0510872780809931,127,93,27,7,not_evaluated,not_evaluated
"Read ‘em and weep, Reap!",1.3228346456692914,0.0472753302565522,127,90,33,4,not_evaluated,not_evaluated
Todd saves The Queen.,1.3228346456692914,0.0522962174413944,127,94,25,8,not_evaluated,not_evaluated
Look at me. Am I someone you really want to piss off?,1.3228346456692914,0.0498490281226409,127,92,29,6,not_evaluated,not_evaluated
Hope you are not a sore loser.,1.3225806451612905,0.0493179112748268,124,89,30,5,not_evaluated,not_evaluated
I guess you can beat death.,1.3225806451612905,0.0418822774838774,155,109,42,4,not_evaluated,not_evaluated
And I won my suit against the IRS too!,1.3225806451612905,0.05062989942784,124,90,28,6,not_evaluated,not_evaluated
Do you really think you won?,1.3225806451612905,0.05062989942784,124,90,28,6,not_evaluated,not_evaluated
Taxes for the win!,1.3225806451612905,0.0447826608066183,155,112,36,7,not_evaluated,not_evaluated
"Remember, I can end this in one move too.",1.3225806451612905,0.055568948976197,124,94,20,10,not_evaluated,not_evaluated
And I got today's Wordle in two guesses.,1.322314049586777,0.0486949180703257,121,86,31,4,not_evaluated,not_evaluated
Uh-oh.,1.322314049586777,0.0527675865126651,121,89,25,7,not_evaluated,not_evaluated
Charlie Daniels ain’t got nuthin on me!,1.322314049586777,0.0527675865126651,121,89,25,7,not_evaluated,not_evaluated
"That makes two out of three.  I get Sparky, the dog my parents said went to live on a farm, back, and I get your cloak.",1.322314049586777,0.0553163653906826,121,91,21,9,not_evaluated,not_evaluated
"Pssst.. I always win, Jerry.",1.3220338983050848,0.0536665977419628,118,87,24,7,not_evaluated,not_evaluated
"Pale horse to C7. Mate in three. As you sow, so shall you....",1.3217391304347823,0.0517398675664916,115,83,27,5,not_evaluated,not_evaluated
"Check MATE... Hah, gotcha! 
Opps, sorry about taking your index finger ... I'll help you look for it. Guess it happens frequently, eh?",1.3217391304347823,0.0573344146301763,115,87,19,9,not_evaluated,not_evaluated
I don’t care how many times you’ve seen the Seventh Seal.  I still win!,1.3217391304347823,0.055988211256373,115,86,21,8,not_evaluated,not_evaluated
What say we play again for eternal life?,1.3217391304347823,0.0517398675664916,115,83,27,5,not_evaluated,not_evaluated
Okay; this time it’s for sudden death.,1.3217391304347823,0.0502439906307349,115,82,29,4,not_evaluated,not_evaluated
Check mate!  That’s my bucket list!,1.3216783216783217,0.0511864537597384,143,108,24,11,not_evaluated,not_evaluated
I'm having the game of my life.,1.3214285714285714,0.0509598083805324,140,105,25,10,not_evaluated,not_evaluated
I beat Death!,1.3214285714285714,0.0541315632927025,112,82,24,6,not_evaluated,not_evaluated
Now give Grandma back.,1.3214285714285714,0.0541315632927025,112,82,24,6,not_evaluated,not_evaluated
"Bet you didn't see that coming! 

Funny you should mention that....",1.3214285714285714,0.0526246233586208,112,81,26,5,not_evaluated,not_evaluated
Now can we go to Waffle House?,1.3214285714285714,0.0478390771380904,140,102,31,7,not_evaluated,not_evaluated
Checkmate! You’re coming back to life.,1.3214285714285714,0.0489014542150126,140,103,29,8,not_evaluated,not_evaluated
Do they seriously not have The Queens Gambit where you come from?,1.3214285714285714,0.0526246233586208,112,81,26,5,not_evaluated,not_evaluated
"Best 24,962,048 out of 49,924,095?",1.3214285714285714,0.0555976735609235,112,83,22,7,not_evaluated,not_evaluated
Check This,1.3211009174311927,0.0551166155440499,109,80,23,6,not_evaluated,not_evaluated
Not today!,1.3211009174311927,0.0535532131969977,109,79,25,5,not_evaluated,not_evaluated
"Ha!  Think you got me, huh?",1.3211009174311927,0.0502807847304323,109,77,29,3,not_evaluated,not_evaluated
"I don't fear the reaper today, mate!",1.3208955223880596,0.0480815273256252,134,97,31,6,not_evaluated,not_evaluated
"Remember, best out of 4,874, 984 games before we leave.",1.3208955223880596,0.0503614432997401,134,99,27,8,not_evaluated,not_evaluated
Stale mate! I live.,1.3208955223880596,0.0525425225174908,134,101,23,10,not_evaluated,not_evaluated
I thought the end game was *your* thing?,1.3208955223880596,0.0444428927733411,134,94,37,3,not_evaluated,not_evaluated
The game moves a lot slower in Sweden huh?,1.320754716981132,0.0561527403126675,106,78,22,6,not_evaluated,not_evaluated
Let's switch to checkers.,1.320754716981132,0.0577306224108058,106,79,20,7,not_evaluated,not_evaluated
Wanna do rock paper scissors next?,1.3206106870229009,0.04878701969745,131,95,30,6,not_evaluated,not_evaluated
Haha I told you I’d kill you in this game!,1.3206106870229009,0.0533847594294905,131,99,22,10,not_evaluated,not_evaluated
And's that why you don't come to Washington square park to collect a soul!,1.3206106870229009,0.0522732505900319,131,98,24,9,not_evaluated,not_evaluated
"Um, king me?",1.3206106870229009,0.0533847594294905,131,99,22,10,not_evaluated,not_evaluated
"Still haven't mastered life's gambit, eh?",1.32,0.0540011947299137,125,94,22,9,not_evaluated,not_evaluated
You have won but at a cost.,1.32,0.0502894845674969,125,91,28,6,not_evaluated,not_evaluated
I won't regret. Over my dead body!,1.3197278911564625,0.0462823424132226,147,107,33,7,not_evaluated,not_evaluated
Checkmate! but you win.,1.3197278911564625,0.0472783584673827,147,108,31,8,not_evaluated,not_evaluated
Hate to break it to you: your time is out.,1.319672131147541,0.0469448584202682,122,86,33,3,not_evaluated,not_evaluated
"Checkmate...and all I can say is, death becomes you!",1.319672131147541,0.0497472182726513,122,88,29,5,not_evaluated,not_evaluated
Hah!  1-1; next game is Sudden Death!,1.319672131147541,0.053677134019231,122,91,23,8,not_evaluated,not_evaluated
…And you owe me ten bucks!,1.319672131147541,0.045478970252361,122,85,35,2,not_evaluated,not_evaluated
Alright that’s checkmate now give me my cloak back.,1.319672131147541,0.0497472182726513,122,88,29,5,not_evaluated,not_evaluated
Huzzah! I'll be having that scythe then.,1.319148936170213,0.0475532538208839,141,103,31,7,not_evaluated,not_evaluated
It turns out that I can cheat you!,1.3189655172413792,0.0555727138656371,116,87,21,8,not_evaluated,not_evaluated
"Well, of course I know you can't cheat death. Why?",1.318840579710145,0.0471167044764949,138,100,32,6,not_evaluated,not_evaluated
Losing is worse than death for me.,1.318840579710145,0.0471167044764949,138,100,32,6,not_evaluated,not_evaluated
"Ha! Checkmate. You may win in the end, but I win NOW.",1.3185840707964602,0.0565907284324093,113,85,20,8,not_evaluated,not_evaluated
"It's called checkmate. Or if you prefer, sudden death.",1.3185840707964602,0.0551768314749554,113,84,22,7,not_evaluated,not_evaluated
"You won, but now you lose",1.3185185185185184,0.0489263973239083,135,99,29,7,not_evaluated,not_evaluated
Checkmate!  Who says you always win?,1.3185185185185184,0.0522060084055233,135,102,23,10,not_evaluated,not_evaluated
I win again! See you in another 30 years.,1.3185185185185184,0.0511361808715124,135,101,25,9,not_evaluated,not_evaluated
I told you you’d be dead meat,1.318181818181818,0.0531443628216527,110,80,25,5,not_evaluated,not_evaluated
"Predictable strategy, Mr. One-Shroud-Fits-All!",1.317829457364341,0.047952879967669,129,93,31,5,not_evaluated,not_evaluated
"Perhaps you should consider that ""Winning"" may be relative today Steve",1.317829457364341,0.0527633852327983,129,97,23,9,not_evaluated,not_evaluated
Keep playing like that big boy and I’ll let you have your dog back,1.3177570093457944,0.0587864862726204,107,81,18,8,not_evaluated,not_evaluated
"And mate! Play you again, double or nothing.",1.3177570093457944,0.0587864862726204,107,81,18,8,not_evaluated,not_evaluated
I'll make sure it is OK for you.,1.3177570093457944,0.0524452857296092,107,77,26,4,not_evaluated,not_evaluated
"Uh, read my lips: You timed out.",1.3174603174603174,0.0486657451325584,126,91,30,5,not_evaluated,not_evaluated
"Check and mate. Now, strip.",1.3174603174603174,0.0499533670165611,126,92,28,6,not_evaluated,not_evaluated
If you touch me there's no rematch.,1.3174603174603174,0.0473431158915739,126,90,32,4,not_evaluated,not_evaluated
"You may have an eternity, but I have to be back at work by 1.",1.3174603174603174,0.0512086223528361,126,93,26,7,not_evaluated,not_evaluated
"Can't help it, but the devil made me do it!!",1.3174603174603174,0.0499533670165611,126,92,28,6,not_evaluated,not_evaluated
What d'ya say we raise the stakes?,1.3174603174603174,0.0524338357385716,126,94,24,8,not_evaluated,not_evaluated
"Death says, ""Be Not Proud.""",1.3170731707317074,0.0533023448525251,123,92,23,8,not_evaluated,not_evaluated
Looks like we both lose.,1.3170731707317074,0.0466341061901426,123,87,33,3,not_evaluated,not_evaluated
Checkmate is actually the biggest gambit you could make right now.,1.3170731707317074,0.0451825169598672,123,86,35,2,not_evaluated,not_evaluated
That’s called a ‘bingo’ which means I win and you have to take my mother-in-law!,1.3166666666666669,0.0529035554678428,120,89,24,7,not_evaluated,not_evaluated
I'm going to live forever!,1.3166666666666669,0.0501863939362173,120,87,28,5,not_evaluated,not_evaluated
Ha! It's not over until I take my hand off the piece! I'm immortal!,1.3166666666666669,0.0473134451451515,120,85,32,3,not_evaluated,not_evaluated
Democracy’s last move.,1.3166666666666669,0.0515628757802564,120,88,26,5,not_evaluated,not_evaluated
"Okay, I captured one of your men so you have to take off an article of clothing.",1.316546762589928,0.0510916909329882,139,105,24,10,not_evaluated,not_evaluated
Do I really ever win?,1.316546762589928,0.0490084896041631,139,103,28,8,not_evaluated,not_evaluated
Now I understand why mortality rates have been declining.,1.3162393162393162,0.0564829975142016,117,89,19,9,not_evaluated,not_evaluated
Easier than when I played the IRS!,1.3162393162393162,0.052423681282471,117,86,25,6,not_evaluated,not_evaluated
Check!  Wait!,1.3157894736842106,0.0493387824505837,133,98,28,7,not_evaluated,not_evaluated
You should try the white pieces some time.,1.3157894736842106,0.0547620354523805,114,85,22,7,not_evaluated,not_evaluated
"Checkmate! That's 30 extra years! Blitz you for 10 more?""",1.3157894736842106,0.0503300540583143,114,82,28,4,not_evaluated,not_evaluated
Checkmate!  Now let's go for taxes.,1.3157894736842106,0.0561616944368024,114,86,20,8,not_evaluated,not_evaluated
"Actually you lose, as you will soon learn.",1.3157894736842106,0.0504800616110834,133,99,26,8,not_evaluated,not_evaluated
What are the odds?!,1.3154362416107384,0.0447570870004169,149,108,35,6,not_evaluated,not_evaluated
"So, no taxes either?",1.3154362416107384,0.0476999056756352,149,111,29,9,not_evaluated,not_evaluated
How about double or nothing in Monopoly?,1.3153846153846154,0.0524129916305635,130,98,23,9,not_evaluated,not_evaluated
"I'm checking in, not checking out!",1.3153846153846154,0.0512626677738162,130,97,25,8,not_evaluated,not_evaluated
"How's that for the Kiss of Death, mate",1.3153846153846154,0.050085931387085,130,96,27,7,not_evaluated,not_evaluated
This is how he mocks death.,1.3153153153153154,0.0511649417716849,111,80,27,4,not_evaluated,not_evaluated
Checkmate n Checkout,1.3153153153153154,0.054272014833616,111,82,23,6,not_evaluated,not_evaluated
You're so New York!,1.3153153153153154,0.0557606649700342,111,83,21,7,not_evaluated,not_evaluated
Ah! Checkmate Death! The IRS will be next.,1.3153153153153154,0.0557606649700342,111,83,21,7,not_evaluated,not_evaluated
Call it a draw?,1.3150684931506849,0.045333409967542,146,106,34,6,not_evaluated,not_evaluated
Death always gets the last move.,1.3150684931506849,0.0473715598420018,146,108,30,8,not_evaluated,not_evaluated
That’s life!,1.31496062992126,0.0508652633515238,127,94,26,7,not_evaluated,not_evaluated
That's a risk I'm willing to take. Checkmate.,1.31496062992126,0.0470353259259594,127,91,32,4,not_evaluated,not_evaluated
Certain...Ha.  Next I beat Taxes.,1.31496062992126,0.0520793566854733,127,95,24,8,not_evaluated,not_evaluated
"I beg your pardon, but technically speaking, it is called an attack--not a kill.",1.31496062992126,0.0508652633515238,127,94,26,7,not_evaluated,not_evaluated
Ever see this move in Georgia?,1.3148148148148149,0.0503503615095732,108,77,28,3,not_evaluated,not_evaluated
"That gives me an idea! I'll be Connery, you'll be Von Sydow, and we'll call it The 007th Seal.",1.3148148148148149,0.0583138940286597,108,82,18,8,not_evaluated,not_evaluated
Check mate. Now go get Kasparov.,1.3148148148148149,0.0552663523649728,108,80,22,6,not_evaluated,not_evaluated
"That’s not a bishop, my friend, that’s an Infinity Stone!",1.3148148148148149,0.0552663523649728,108,80,22,6,not_evaluated,not_evaluated
"Checkmate, now kill me.",1.3148148148148149,0.0503503615095732,108,77,28,3,not_evaluated,not_evaluated
"No one watches art house cinema anymore, my dude!",1.3148148148148149,0.0536777368859859,108,79,24,5,not_evaluated,not_evaluated
"Yes my name is Junior, Bobby Fischer Jr!",1.3148148148148149,0.0520406492145603,108,78,26,4,not_evaluated,not_evaluated
"Now I can finally get back to zero excercise, smoking a pack a day, and binge eating cannolis while watching seinfed reruns.",1.3146853146853146,0.0480277633392609,143,106,29,8,not_evaluated,not_evaluated
And you can take the knight off!,1.314516129032258,0.0503943737309375,124,91,27,6,not_evaluated,not_evaluated
You never said I couldn’t BEAT death.,1.314516129032258,0.0541570303323392,124,94,21,9,not_evaluated,not_evaluated
Yahtzee!,1.3142857142857145,0.0546622759911792,105,77,23,5,not_evaluated,not_evaluated
...and that is how you cheat death!,1.3142857142857145,0.0454346534869969,140,101,34,5,not_evaluated,not_evaluated
And THAT makes binging every episode of Queen's Gambit so worthwhile!,1.3142857142857145,0.0563126504409624,105,78,21,6,not_evaluated,not_evaluated
It's looking pretty grim for you!,1.3142857142857145,0.0512021879438318,105,75,27,3,not_evaluated,not_evaluated
I'm not the queen and this is no gambit.,1.3140495867768596,0.0498386623617746,121,88,28,5,not_evaluated,not_evaluated
I CAN cheat death!,1.3140495867768596,0.0498386623617746,121,88,28,5,not_evaluated,not_evaluated
"Some would call this move suicidal, I call it a work-avoidance tactic.",1.3140495867768596,0.0550895312499461,121,92,20,9,not_evaluated,not_evaluated
"Hey, no cheating.",1.313868613138686,0.0483206879217153,137,101,29,7,not_evaluated,not_evaluated
"Hey, bud, I got one word for you: Listerine!",1.3137254901960784,0.0590818117929164,102,77,18,7,not_evaluated,not_evaluated
"I haven’t beaten taxes yet, but I’ve beaten you, Death!”",1.3137254901960784,0.0520971423561215,102,73,26,3,not_evaluated,not_evaluated
My time is not up!,1.3137254901960784,0.0520971423561215,102,73,26,3,not_evaluated,not_evaluated
"Last week, Taxes didn’t see that coming, either!",1.3135593220338984,0.054759231664314,118,89,21,8,not_evaluated,not_evaluated
"you took abortion, now I take the welfare of women",1.3135593220338984,0.0520465594365044,118,87,25,6,not_evaluated,not_evaluated
The Death's Gambit,1.3134328358208955,0.0478676851186431,134,98,30,6,not_evaluated,not_evaluated
Your move!,1.3130434782608695,0.0543531652602396,115,86,22,7,not_evaluated,not_evaluated
"Welcome to the new dark ages, where no move you make can save you.",1.3130434782608695,0.0543531652602396,115,86,22,7,not_evaluated,not_evaluated
"Checkmate! That means I win, right......?",1.3130434782608695,0.0557388722087524,115,87,20,8,not_evaluated,not_evaluated
"Don't look so grim, it's only a game.",1.3129770992366412,0.0460844656690412,131,94,33,4,not_evaluated,not_evaluated
The only think better than cheating Death is to checkmate him.,1.3125,0.0553322275478351,112,84,21,7,not_evaluated,not_evaluated
"Ha! I WIN! Yea, that's right just run back to the underworld like last time.""",1.3125,0.0467312428158947,128,92,32,4,not_evaluated,not_evaluated
"That's one helluva poker face you've got!""",1.3125,0.0477431107402379,144,107,29,8,not_evaluated,not_evaluated
"Go ahead, you're still going to die...",1.3125,0.0492937323322559,128,94,28,6,not_evaluated,not_evaluated
Rematch? I have time to kill.,1.3125,0.0492937323322559,128,94,28,6,not_evaluated,not_evaluated
"Laugh now, but I will get you in the end.",1.3125,0.0567673371427669,112,85,19,8,not_evaluated,not_evaluated
"Hah! You took your finger off! Checkmate! Game, set and death match.",1.3125,0.0507841503107014,112,81,27,4,not_evaluated,not_evaluated
"No, not my queen! Take me instead!",1.3125,0.0523441026635769,112,82,25,5,not_evaluated,not_evaluated
Two out of three ain’t bad but the third one’s a killer,1.312,0.0500528752678669,125,92,27,6,not_evaluated,not_evaluated
Checkmate! So this is why so many people have near-death experiences.,1.311926605504587,0.0592988361763465,109,84,16,9,not_evaluated,not_evaluated
"You kill my king, I kill you.",1.311926605504587,0.0482399141242666,109,77,30,2,not_evaluated,not_evaluated
Never go in against a Sicilian when death is on the line ...,1.311926605504587,0.0563610028410971,109,82,20,7,not_evaluated,not_evaluated
"Checkmate! Now, can you also get me out of jury duty?",1.3114754098360657,0.052160953800298,122,91,24,7,not_evaluated,not_evaluated
Checkmate again! Now I want you to kill my ex-wife Sharon.,1.3114754098360657,0.0534438780239675,122,92,22,8,not_evaluated,not_evaluated
Have it your way! I will pry your King from your cold dead fingers.,1.3113207547169812,0.0508034415767406,106,76,27,3,not_evaluated,not_evaluated
"And that, is MY death move on you!!!",1.3113207547169812,0.0558576157206228,106,79,21,6,not_evaluated,not_evaluated
"not check out!, check out! - Checkmate! Checkmate!",1.3113207547169812,0.0542252590097605,106,78,23,5,not_evaluated,not_evaluated
Don't be discouraged. Nobody died.,1.3113207547169812,0.0558576157206228,106,79,21,6,not_evaluated,not_evaluated
Checkmate.  Game over.  No??,1.3113207547169812,0.0558576157206228,106,79,21,6,not_evaluated,not_evaluated
"Now, this life insurance plan I was trying to tell you about",1.3113207547169812,0.0574436049818423,106,80,19,7,not_evaluated,not_evaluated
Take all the time that you need.,1.3111111111111111,0.0475684798234137,135,99,30,6,not_evaluated,not_evaluated
You chose poorly.,1.3109243697478992,0.050277536471523,119,87,27,5,not_evaluated,not_evaluated
Checkmate! Now make me immortal!,1.3109243697478992,0.0530348034807317,119,89,23,7,not_evaluated,not_evaluated
I'll bet you DID see that one coming.,1.3109243697478992,0.0543610175910742,119,90,21,8,not_evaluated,not_evaluated
"Argh!!!! Next time we play Battleship, Mr Kasparov",1.3106796116504855,0.0569367248488265,103,77,20,6,not_evaluated,not_evaluated
Checkmate! Play again in 100 years?,1.3106060606060606,0.0522814848825905,132,103,18,11,not_evaluated,not_evaluated
"Maybe you will do better at our next encounter.""",1.3106060606060606,0.0482549706042266,132,97,29,6,not_evaluated,not_evaluated
You know what happens when the game is over?,1.3106060606060606,0.0494388775056504,132,98,27,7,not_evaluated,not_evaluated
It's been a looong game!,1.3103448275862069,0.052542255577836,116,86,24,6,not_evaluated,not_evaluated
#,1.3103448275862069,0.0464864331959508,116,82,32,2,not_evaluated,not_evaluated
Can I take back that last move?,1.3103448275862069,0.0480719617736041,116,83,30,3,not_evaluated,not_evaluated
"I may not be able to cheat death, but I can sure checkmate you.",1.3103448275862069,0.0539501034168415,116,87,22,7,not_evaluated,not_evaluated
Short lived victory,1.3103448275862069,0.0553221356797544,116,88,20,8,not_evaluated,not_evaluated
"But I said ""checkmate!""",1.3103448275862069,0.0496068397123231,116,84,28,4,not_evaluated,not_evaluated
"Soo, what’s my prize?",1.3103448275862069,0.0553221356797544,116,88,20,8,not_evaluated,not_evaluated
"Surprising and brilliant. But, you're still dead.",1.3103448275862069,0.0539501034168415,116,87,22,7,not_evaluated,not_evaluated
Checkmate! I want Fluffy back NOW!,1.310077519379845,0.0525494064455668,129,98,22,9,not_evaluated,not_evaluated
Take another look.  You sure you want to make that move?,1.31,0.0525991127935316,100,72,25,3,not_evaluated,not_evaluated
No more variants!,1.31,0.0525991127935316,100,72,25,3,not_evaluated,not_evaluated
Would it really kill you to lose a game every now and then?,1.31,0.0525991127935316,100,72,25,3,not_evaluated,not_evaluated
Checkmate! Ingmar owes me 10 bucks!,1.31,0.0525991127935316,100,72,25,3,not_evaluated,not_evaluated
You reap what you sow!,1.3097345132743363,0.0519524696737217,113,83,25,5,not_evaluated,not_evaluated
Queen takes horsey!,1.3097345132743363,0.0519524696737217,113,83,25,5,not_evaluated,not_evaluated
Wow! That's checkmate in our sudden death playoff!,1.3097345132743363,0.0549100603804905,113,85,21,7,not_evaluated,not_evaluated
Move already. I don't have all night.,1.3097345132743363,0.0590694351562152,113,88,15,10,not_evaluated,not_evaluated
I bet you didn't think I could cheat you,1.3095238095238095,0.0497157452805264,126,93,27,6,not_evaluated,not_evaluated
I just beat Death! Another game?,1.3095238095238095,0.0509768521564671,126,94,25,7,not_evaluated,not_evaluated
"Ha, checkmate! I live!",1.309090909090909,0.0573903633235676,110,84,18,8,not_evaluated,not_evaluated
Checkmate! Next up: Taxes.,1.309090909090909,0.0528510812399578,110,81,24,5,not_evaluated,not_evaluated
"Yes Senator, that move gets you closer.",1.309090909090909,0.0573903633235676,110,84,18,8,not_evaluated,not_evaluated
Endgame,1.309090909090909,0.0544062722452608,110,82,22,6,not_evaluated,not_evaluated
Dwayne’s Cinderella run would ultimately end with an unfortunate semifinals matchup with Taxes.,1.309090909090909,0.0528510812399578,110,81,24,5,not_evaluated,not_evaluated
Check mate! Let’s do this again before I go.,1.3089430894308942,0.0504941347457066,123,91,26,6,not_evaluated,not_evaluated
"Look at my face, Walt. It…just…doesn’t…matter.",1.3089430894308942,0.0517970816266938,123,92,24,7,not_evaluated,not_evaluated
I'm gonna live forever!,1.3089430894308942,0.0504941347457066,123,91,26,6,not_evaluated,not_evaluated
Let me guess -- you want best two out of three?,1.3089430894308942,0.0504941347457066,123,91,26,6,not_evaluated,not_evaluated
"I win, and I cheated death.",1.308411214953271,0.0521301068793269,107,78,25,4,not_evaluated,not_evaluated
No need to be vulgar just because you lost.,1.308411214953271,0.0554095617178151,107,80,21,6,not_evaluated,not_evaluated
Ha! Checkmate! Fool! I watched ‘The Queen’s Gambit’ AND read the book!,1.308411214953271,0.0554095617178151,107,80,21,6,not_evaluated,not_evaluated
Ha!Thought you had me!,1.3083333333333331,0.0499240786807279,120,88,27,5,not_evaluated,not_evaluated
Check.  I live.,1.3083333333333331,0.0526547782915989,120,90,23,7,not_evaluated,not_evaluated
Yes! I beat death... before I died.,1.3083333333333331,0.0513075984092851,120,89,25,6,not_evaluated,not_evaluated
Checkmate again!  I told you I play better without a mask on.,1.3083333333333331,0.0499240786807279,120,88,27,5,not_evaluated,not_evaluated
Best out of seven?,1.3083333333333331,0.0499240786807279,120,88,27,5,not_evaluated,not_evaluated
Bergman is an idiot!,1.3082706766917294,0.0524849044988447,133,102,21,10,not_evaluated,not_evaluated
Checkmate!  You're dead.,1.3076923076923077,0.0492525003614693,117,85,27,4,not_evaluated,not_evaluated
Eternity is mine!,1.3076923076923077,0.0547874620368402,104,77,22,5,not_evaluated,not_evaluated
You really kill at this game!,1.3076923076923077,0.0547874620368402,104,77,22,5,not_evaluated,not_evaluated
Do I have something in my teeth?,1.3076923076923077,0.0547874620368402,104,77,22,5,not_evaluated,not_evaluated
"Two shots,two boosters,sucker!",1.3076923076923077,0.0580954300372278,104,79,18,7,not_evaluated,not_evaluated
Mate! Now you can go to hell!,1.3076923076923077,0.0535527351387372,117,88,22,7,not_evaluated,not_evaluated
"Yes,but you have an appointment in Samaria this afternoon",1.3076923076923077,0.0474088949559951,130,95,30,5,not_evaluated,not_evaluated
You move proved to be fatal.,1.3076923076923077,0.050726433032338,117,86,26,5,not_evaluated,not_evaluated
Don't cheat me!,1.3070866141732282,0.0493829074074193,127,94,27,6,not_evaluated,not_evaluated
I can’t believe I have defeated death again!,1.3070866141732282,0.0493829074074193,127,94,27,6,not_evaluated,not_evaluated
Bad move you idiot!  Haven’t you seen “The Queens Gambit”?,1.3070866141732282,0.0493829074074193,127,94,27,6,not_evaluated,not_evaluated
"Now if you’ll excuse me, I’m going to finish picking up that quarter in the street.",1.3070866141732282,0.0481008021456698,127,93,28,5,not_evaluated,not_evaluated
"I win, right?",1.3070866141732282,0.0467835739347048,127,92,31,4,not_evaluated,not_evaluated
"You can cheat on taxes, but Death always wins",1.3070866141732282,0.0518521002266592,127,96,23,8,not_evaluated,not_evaluated
Betcha didn't see THAT coming!,1.3070175438596492,0.0500383225013393,114,83,27,4,not_evaluated,not_evaluated
"Didn’t see it coming, huh?",1.3070175438596492,0.0530503959362981,114,85,23,6,not_evaluated,not_evaluated
You can try to win,1.3070175438596492,0.0544940354912625,114,86,21,7,not_evaluated,not_evaluated
You really shouldn’t insist on being the black pieces.,1.306930693069307,0.0558331571480066,101,75,21,5,not_evaluated,not_evaluated
No way! We can't possibly have reached the endgame yet.,1.306930693069307,0.0575791736576186,101,76,19,6,not_evaluated,not_evaluated
"You're right, Mr. Wilkens; it is checkmate. And you're also right: that is you last move",1.306930693069307,0.0592737803845376,101,76,17,7,not_evaluated,not_evaluated
"Checkmate Death. I win again. Back to Hell you go, for all Eternity.",1.306930693069307,0.0609212675759016,101,78,15,8,not_evaluated,not_evaluated
"My name is Max, not Antonius. Checkmate!",1.306930693069307,0.054030747127296,101,74,23,4,not_evaluated,not_evaluated
"Checkmate. True, but you lose nonetheless.",1.306930693069307,0.0558331571480066,101,75,21,5,not_evaluated,not_evaluated
"You take my life, I take your queen. Call it even",1.306930693069307,0.04822097291836,101,71,29,1,not_evaluated,not_evaluated
"You can take the Queen, but not my soul.",1.3065693430656935,0.0446373245908807,137,99,34,4,not_evaluated,not_evaluated
"Checkmate! Now, I get to be Death.",1.3064516129032258,0.0501471992101549,124,92,26,6,not_evaluated,not_evaluated
"We started this game when you were 5,Billy.",1.3064516129032258,0.053927104681296,124,95,20,9,not_evaluated,not_evaluated
You may want to reconsider your eagerness to beat me.,1.3064516129032258,0.0474603086957929,124,90,30,4,not_evaluated,not_evaluated
"Check-Mate, Mr. Putin.",1.3063063063063065,0.0508612037443227,111,81,26,4,not_evaluated,not_evaluated
"Checkmate, your mom's dead.",1.3063063063063065,0.0539857608441506,111,83,22,6,not_evaluated,not_evaluated
"No, you win by staying alive!",1.3063063063063065,0.0524467559542215,111,82,24,5,not_evaluated,not_evaluated
Check!  Or is it Check out?,1.3063063063063065,0.0539857608441506,111,83,22,6,not_evaluated,not_evaluated
That'll teach ya to stop pick'en your nose and pay attention.,1.3061224489795915,0.0622330837639507,98,76,14,8,not_evaluated,not_evaluated
"Because I could not stop for Death, I got checkmate in three.",1.3061224489795915,0.0587551686519688,98,74,18,6,not_evaluated,not_evaluated
Ha! We CAN cheat!,1.3057851239669422,0.0452160031743125,121,86,33,2,not_evaluated,not_evaluated
Check! Your odds are looking rather grim,1.3057851239669422,0.0522799404859954,121,91,23,7,not_evaluated,not_evaluated
You’d better play the game of your life.,1.3057851239669422,0.0467143231770663,121,87,31,3,not_evaluated,not_evaluated
Ha! If only defeating taxes were so easy!,1.3057851239669422,0.0495752971101062,121,89,27,5,not_evaluated,not_evaluated
"Been waiting a lifetime for that, mate!",1.3055555555555556,0.0517240550429093,108,79,25,4,not_evaluated,not_evaluated
"Bad news, I'm a sore loser.",1.3055555555555556,0.0533708547487308,108,80,23,5,not_evaluated,not_evaluated
It’s my move.,1.3055555555555556,0.0533708547487308,108,80,23,5,not_evaluated,not_evaluated
"I usually point, but in this case I'm giving you the finger!",1.305084745762712,0.0517805163271846,118,88,24,6,not_evaluated,not_evaluated
And I did it without cheating death!,1.305084745762712,0.0503622608653108,118,87,26,5,not_evaluated,not_evaluated
"The Queen's Gambit pays off again! And flipping me off won't change the outcome, you're dead to me.",1.305084745762712,0.0503622608653108,118,87,26,5,not_evaluated,not_evaluated
"Why so Grim, Reaper?",1.305084745762712,0.0489028912010466,118,86,28,4,not_evaluated,not_evaluated
Careful. Your next move could be your last.,1.3047619047619048,0.0526301100532214,105,77,24,4,not_evaluated,not_evaluated
Boosted!,1.3047619047619048,0.0560020432708893,105,79,20,6,not_evaluated,not_evaluated
Checkmate! How about 2 out of 3?,1.3043478260869563,0.0511856569635625,115,85,25,5,not_evaluated,not_evaluated
Stick to wordle.,1.3043478260869563,0.0511856569635625,115,85,25,5,not_evaluated,not_evaluated
"That’s great Harry, but I never said for how long.",1.3043478260869563,0.0511856569635625,115,85,25,5,not_evaluated,not_evaluated
A grim move Reaper; checkmate.,1.304,0.0523314498667989,125,95,22,8,not_evaluated,not_evaluated
That ties it - shall we make it sudden death?,1.304,0.0498047801825513,125,93,26,6,not_evaluated,not_evaluated
Your endgame is too predictable.,1.304,0.0498047801825513,125,93,26,6,not_evaluated,not_evaluated
"Check yes, mate no!",1.304,0.0498047801825513,125,93,26,6,not_evaluated,not_evaluated
❞These moves are just killing me.❞,1.304,0.0450433482970177,125,92,29,4,not_evaluated,not_evaluated
"No, my son, you may win the game called chess, but never the one called life.",1.303921568627451,0.0553648979509254,102,76,21,5,not_evaluated,not_evaluated
I guess I still have to pay taxes,1.303921568627451,0.0570912338794782,102,77,19,6,not_evaluated,not_evaluated
Have pay off my college loan.,1.303921568627451,0.0535829717760361,102,75,23,4,not_evaluated,not_evaluated
I almost mistook your fingertip for a pawn.,1.303921568627451,0.0553648979509254,102,76,21,5,not_evaluated,not_evaluated
You looked good at the Met Gala.,1.303921568627451,0.058766878823417,102,78,17,7,not_evaluated,not_evaluated
What does you being a bad loser have to do with visiting me again?,1.303921568627451,0.0498283126627993,102,73,27,2,not_evaluated,not_evaluated
Check mate eh?...ever heard the  term  Phyrric victory?,1.303921568627451,0.0535829717760361,102,75,23,4,not_evaluated,not_evaluated
"Lucky for you, this death is only figurative.",1.303921568627451,0.0517397120555051,102,74,25,3,not_evaluated,not_evaluated
Looks like you’re doing my taxes.,1.3037037037037038,0.0507261522083368,135,103,23,9,not_evaluated,not_evaluated
Ha!  You took your finger off.  That move is dead!,1.3035714285714286,0.0504791802373349,112,82,26,4,not_evaluated,not_evaluated
Checkmate! Now make me a bluesman!,1.3035714285714286,0.0564946748015597,112,86,18,8,not_evaluated,not_evaluated
"I must warn you, I can be a bit of a sore loser",1.303448275862069,0.0482690197668875,145,110,26,9,not_evaluated,not_evaluated
You should know better than me about en passant.,1.3032786885245902,0.0478353318798928,122,89,29,4,not_evaluated,not_evaluated
I strategized while you picked your nose.,1.3032786885245902,0.0492311077769267,122,90,27,5,not_evaluated,not_evaluated
Maybe Living Chess is more your thing.,1.303030303030303,0.0564433108675554,99,74,20,5,not_evaluated,not_evaluated
"In the end, I always win!",1.303030303030303,0.0582407967405788,99,75,18,6,not_evaluated,not_evaluated
Checkmate!  Now hand over the sickle..,1.303030303030303,0.0526646106519326,99,72,24,3,not_evaluated,not_evaluated
Hah! That's check and mate,1.303030303030303,0.0526646106519326,99,72,24,3,not_evaluated,not_evaluated
That gesture aptly describes your predicament.,1.3027522935779816,0.0513239383289464,109,80,25,4,not_evaluated,not_evaluated
This is payback for taking my beagle when I was ten years old.,1.3027522935779816,0.0560698728508993,109,83,19,7,not_evaluated,not_evaluated
Ok. Not bad. Best two out of three? Double or nothing? Fiddle contest?,1.3027522935779816,0.0529531992508573,109,81,23,5,not_evaluated,not_evaluated
You mean you don’t want me to spare you?,1.3027522935779816,0.0513239383289464,109,80,25,4,not_evaluated,not_evaluated
I haven’t watched “The Seventh Seal” 25 times for nothing!,1.3025210084033614,0.0527746333118401,119,90,22,7,not_evaluated,not_evaluated
"Think you're the only one knows ""The Seventh Seal""?",1.3025210084033614,0.0514075098395354,119,89,24,6,not_evaluated,not_evaluated
BAM!  Checkmate!  An immortal game!,1.3025210084033614,0.0541072247901926,119,91,20,8,not_evaluated,not_evaluated
"What, you actually believed me when I said my bishop wouldn't be a threat in that position?",1.3025210084033614,0.0500030220547186,119,88,26,5,not_evaluated,not_evaluated
I just kicked your bony ass!,1.302325581395349,0.0534704638035712,129,100,19,10,not_evaluated,not_evaluated
"Die, Bitch!",1.3020833333333333,0.0575824954873415,96,72,19,5,not_evaluated,not_evaluated
"Okay you won, see you later",1.3020833333333333,0.0612726715410531,96,74,15,7,not_evaluated,not_evaluated
"That is checkmate, again!",1.3020833333333333,0.0612726715410531,96,74,15,7,not_evaluated,not_evaluated
"Wait, let's do best out of three",1.30188679245283,0.0522104582762404,106,78,24,4,not_evaluated,not_evaluated
So....  You think that's funny....do you???,1.30188679245283,0.0555456658259613,106,80,20,6,not_evaluated,not_evaluated
"Yes, that’s a wonderful Rookie play",1.30188679245283,0.0522104582762404,106,78,24,4,not_evaluated,not_evaluated
"Time to check out, mate.",1.30188679245283,0.057140314239305,106,81,18,7,not_evaluated,not_evaluated
His final moments were victorious.,1.30188679245283,0.0504602559852591,106,77,26,3,not_evaluated,not_evaluated
"How about a round of sudden death after this? Time permitting, naturally...",1.30188679245283,0.0555456658259613,106,80,20,6,not_evaluated,not_evaluated
"Checkmate, mate! Play again?",1.3017241379310345,0.0508102676265623,116,86,25,5,not_evaluated,not_evaluated
"Checkmate, I won. ! It's your turn to take off a hood.",1.3017241379310345,0.0461725912619068,116,83,31,2,not_evaluated,not_evaluated
Let's pretend I'm Roe and you're Wade.,1.3017241379310345,0.0508102676265623,116,86,25,5,not_evaluated,not_evaluated
It wasn't just a checkered past!,1.3017241379310345,0.0477685379860047,116,84,29,3,not_evaluated,not_evaluated
"That's what you get for trying to cheat, Death.",1.3017241379310345,0.0477685379860047,116,84,29,3,not_evaluated,not_evaluated
Perpetual check!,1.3017241379310345,0.0508102676265623,116,86,25,5,not_evaluated,not_evaluated
I may have cheated on my taxes but I beat death fair and square.,1.3017241379310345,0.0536799159019964,116,88,21,7,not_evaluated,not_evaluated
You think you've won. It never gets old.,1.3017241379310345,0.0508102676265623,116,86,25,5,not_evaluated,not_evaluated
Is that the best you can do? Showing me the middle finger?,1.3017241379310345,0.0508102676265623,116,86,25,5,not_evaluated,not_evaluated
Have I gotten under your skin yet?,1.3015873015873016,0.0454534002008773,126,91,32,3,not_evaluated,not_evaluated
"Golly, you sure are awful at chess Justice Alito",1.3015873015873016,0.0507340920659631,126,95,24,7,not_evaluated,not_evaluated
I laugh in the face of chess!,1.300970873786408,0.0531421797902159,103,76,23,4,not_evaluated,not_evaluated
"So, Mr. Checkmate --- are you sure you want to take your hand off that piece?""",1.300970873786408,0.0549040862045367,103,77,21,5,not_evaluated,not_evaluated
The game's for simpletons. I want a smiling corpse. RIP.,1.300970873786408,0.0513198194049441,103,75,25,3,not_evaluated,not_evaluated
"I know that the robe is part of your whole ‘Angel of Darkness’ look, but I think that your game would really improve if you could actually see the board",1.3008849557522124,0.0501025430038943,113,83,26,4,not_evaluated,not_evaluated
"Turns out Death is not so
 great at board games.  Who knew?",1.3008849557522124,0.0468423866777402,113,81,30,2,not_evaluated,not_evaluated
"Welcome to hell, broker boy!",1.3008849557522124,0.0531631492788681,113,85,22,6,not_evaluated,not_evaluated
The end is in sight.,1.3008849557522124,0.0484998660056088,113,82,28,3,not_evaluated,not_evaluated
Checkmate!  Better luck next time.,1.3008130081300813,0.0488914283343543,123,91,27,5,not_evaluated,not_evaluated
"Whadya mean cheat!!
I thought you said nobody could cheat YOU!",1.300751879699248,0.0477148847929657,133,99,28,6,not_evaluated,not_evaluated
"Haha, you better check, mate!",1.3,0.0523936831995583,120,91,22,7,not_evaluated,not_evaluated
Best of 3000?,1.3,0.0467426352442802,120,86,30,3,not_evaluated,not_evaluated
I insist on a rematch. At my place.,1.3,0.0523936831995583,120,91,22,7,not_evaluated,not_evaluated
HAH! Beat that!,1.3,0.0508133019175008,130,99,23,8,not_evaluated,not_evaluated
"Reap that, your Grimness!",1.3,0.0502518907629606,100,72,26,2,not_evaluated,not_evaluated
"Gotta go!
Yes.",1.3,0.0509296396036577,110,81,25,4,not_evaluated,not_evaluated
Double or Something?,1.2992125984251968,0.0465198835584782,127,93,30,4,not_evaluated,not_evaluated
"Hey,no one cheats death!",1.2992125984251968,0.0491331692464483,127,95,26,6,not_evaluated,not_evaluated
Mate. But please excuse me if I skip the handshake.,1.2991452991452992,0.0489575341601267,117,86,27,4,not_evaluated,not_evaluated
Don't feel bad. You don't have a brain.,1.2991452991452992,0.050440086908804,117,87,25,5,not_evaluated,not_evaluated
That's some booger you got there alright. Ha - checkmate!,1.2991452991452992,0.0518802908983309,117,88,23,6,not_evaluated,not_evaluated
"Well I've got time to kill, let's play this till the end",1.2991452991452992,0.0546469488292887,117,90,19,8,not_evaluated,not_evaluated
"This is sudden death, I win!",1.2990654205607477,0.0534721968586889,107,80,22,5,not_evaluated,not_evaluated
"You'll love this one, it means 'in passing'.",1.2990654205607477,0.0517971050700637,107,79,24,4,not_evaluated,not_evaluated
Not on my life!,1.2990654205607477,0.0517971050700637,107,79,24,4,not_evaluated,not_evaluated
"Sorry, but you timed out.",1.2989690721649485,0.0551570478325584,97,72,21,4,not_evaluated,not_evaluated
"I know, I know… the final move is yours.",1.2989690721649485,0.0551570478325584,97,72,21,4,not_evaluated,not_evaluated
"You're always one step behind aren't you?""",1.2989690721649485,0.0570708030248878,97,73,19,5,not_evaluated,not_evaluated
Who said we were playing until sudden death?,1.2989690721649485,0.0607176236566481,97,75,15,7,not_evaluated,not_evaluated
"Actually, your time is up!",1.2989690721649485,0.0570708030248878,97,73,19,5,not_evaluated,not_evaluated
Ha! Bet you didn't expect essential oils to work!,1.2989690721649485,0.0551570478325584,97,72,21,4,not_evaluated,not_evaluated
Ever since #queensgambit came out it has been harder for death.,1.2989690721649485,0.0570708030248878,97,73,19,5,not_evaluated,not_evaluated
"Checkmate. Now, could I interest you in a life insurance policy?",1.2989690721649485,0.0551570478325584,97,72,21,4,not_evaluated,not_evaluated
"Yep, beating you was much easier than living through the last 6 years.",1.2989690721649485,0.0511150336104588,97,70,25,2,not_evaluated,not_evaluated
See! You are in a vulnerable position.,1.2986111111111112,0.0483607159704601,144,110,25,9,not_evaluated,not_evaluated
Now that’s an inmortal game!,1.2985074626865671,0.0497213092153392,134,102,24,8,not_evaluated,not_evaluated
"Aw, don't be a sore loser.",1.2983870967741935,0.0524508670840135,124,95,21,8,not_evaluated,not_evaluated
Your rules or mine?,1.2983870967741935,0.0498882027211029,124,93,25,6,not_evaluated,not_evaluated
Would you like to rethink that checkmate?,1.2982456140350878,0.0556256486438787,114,88,18,8,not_evaluated,not_evaluated
"Sorry, but that is NOT your horse.",1.2982456140350878,0.046504627901988,114,82,30,2,not_evaluated,not_evaluated
Does this mean you'll postpone my death until after the Stanley Cup finals?,1.2982456140350878,0.0512683781845818,114,85,24,5,not_evaluated,not_evaluated
"Are all your pieces going to be this hot""",1.2982456140350878,0.0497311894745372,114,84,26,4,not_evaluated,not_evaluated
CHECKMATE! Now hand and over the scythe!,1.2982456140350878,0.0542121516998473,114,87,20,7,not_evaluated,not_evaluated
"That's cheating, Death",1.2982456140350878,0.0542121516998473,114,87,20,7,not_evaluated,not_evaluated
"Pride, you know, is one of the seven DEADLY sins.""",1.2982456140350878,0.0512683781845818,114,85,24,5,not_evaluated,not_evaluated
"Say, that was fun! How about another game before you take my mother?",1.2982456140350878,0.0512683781845818,114,85,24,5,not_evaluated,not_evaluated
"Let's play taxes. Heads, I win. Tails, you lose. Your move!",1.2982456140350878,0.0542121516998473,114,87,20,7,not_evaluated,not_evaluated
"Well, Mr. Reaper, looks like the only thing getting killed today is your  ELO rating!",1.2980769230769231,0.0509062891853604,104,76,25,3,not_evaluated,not_evaluated
Quit picking your nose and pay attention.,1.2980769230769231,0.0544505580632169,104,78,21,5,not_evaluated,not_evaluated
You have sunk my battleship!,1.2980769230769231,0.0561388436893909,104,79,19,6,not_evaluated,not_evaluated
Do I look like someone you can cheat?,1.2980769230769231,0.0527082230397653,104,77,23,4,not_evaluated,not_evaluated
Surprise! I’m a Bergman fan!,1.297872340425532,0.0562493290008888,94,70,20,4,not_evaluated,not_evaluated
Quit smoking...Check,1.297709923664122,0.0480930011261145,131,98,27,6,not_evaluated,not_evaluated
Now tell me The Queen’s Gambit wasn’t the best show on Netflix!,1.2975206611570247,0.0492989811795407,121,90,26,5,not_evaluated,not_evaluated
See. This move is how you go in for the kill.,1.2975206611570247,0.0478816091887976,121,89,28,4,not_evaluated,not_evaluated
You're surprisingly uncertain.,1.2975206611570247,0.0492989811795407,121,90,26,5,not_evaluated,not_evaluated
Winner winner chicken dinner,1.2975206611570247,0.0506767263363831,121,91,24,6,not_evaluated,not_evaluated
You’re about to learn the true meaning of 'end game.',1.2972972972972974,0.0521363339024897,111,83,23,5,not_evaluated,not_evaluated
Trump is evil!  Checkmate.,1.2972972972972974,0.0551887455953859,111,85,19,7,not_evaluated,not_evaluated
"I don’t like this cartoon, and I’m not going to submit a caption!",1.2972972972972974,0.0551887455953859,111,85,19,7,not_evaluated,not_evaluated
"Netflix likes you for the sequel, but your Russian accent is coming across a little stagey.",1.2972972972972974,0.0536842386235668,111,84,21,6,not_evaluated,not_evaluated
Bet you didn't see that coming!,1.297029702970297,0.0536666543875946,101,75,22,4,not_evaluated,not_evaluated
You're one hell of an opponent.,1.297029702970297,0.0536666543875946,101,75,22,4,not_evaluated,not_evaluated
Nice game! Postmortem?,1.297029702970297,0.0536666543875946,101,75,22,4,not_evaluated,not_evaluated
Checkmate 2022.,1.297029702970297,0.0536666543875946,101,75,22,4,not_evaluated,not_evaluated
"If you castle, we'll hassle.",1.296875,0.0475266385622999,128,95,28,5,not_evaluated,not_evaluated
I take it back. Not check mate.,1.2966101694915255,0.0486070223739508,118,87,27,4,not_evaluated,not_evaluated
"But you don't understand, I won.",1.2966101694915255,0.0515011818053739,118,89,23,6,not_evaluated,not_evaluated
Check! And I’m willing to accept a draw.,1.2966101694915255,0.0515011818053739,118,89,23,6,not_evaluated,not_evaluated
"You may feel confident now, but I've been workig on the end game.",1.2962962962962965,0.0530470954299222,108,81,22,5,not_evaluated,not_evaluated
Ha! You’re out of moves!,1.2962962962962965,0.047903898943266,108,78,28,2,not_evaluated,not_evaluated
I didn’t see that coming. Could I interest you in an internship?,1.2962962962962965,0.0513899218429359,108,80,24,4,not_evaluated,not_evaluated
Queen to E7. Mate! That was too easy.,1.2962962962962965,0.047903898943266,108,78,28,2,not_evaluated,not_evaluated
Ha! Checkmate!  And there's nothing you can do about it.,1.2962962962962965,0.0546540446817935,108,82,20,6,not_evaluated,not_evaluated
And I won fair and square this time!,1.2962962962962965,0.0546540446817935,108,82,20,6,not_evaluated,not_evaluated
Avoided death without even cheating!,1.296,0.0495450267677731,125,94,25,6,not_evaluated,not_evaluated
"I can't kill you, but I can do This!",1.2959183673469388,0.0565677682751479,98,74,19,5,not_evaluated,not_evaluated
"What say we just call it a draw?""",1.2959183673469388,0.0485627291730151,98,70,27,1,not_evaluated,not_evaluated
Ha! I just got my second booster shot.,1.2959183673469388,0.0546764937784605,98,73,21,4,not_evaluated,not_evaluated
"That's mate.Not so good at other things, are you",1.2959183673469388,0.0565677682751479,98,74,19,5,not_evaluated,not_evaluated
"You may have won, but your monarchy will fall to a revolution",1.2959183673469388,0.0546764937784605,98,73,21,4,not_evaluated,not_evaluated
What are you doing after this? I know a place that makes great soul food.,1.2956521739130435,0.0538012176546738,115,88,20,7,not_evaluated,not_evaluated
Double vaxxed and boosted. I win again!,1.2956521739130435,0.0508867410877544,115,86,24,5,not_evaluated,not_evaluated
I saw this move on Queen's Gambit,1.2956521739130435,0.0493650191657557,115,85,26,4,not_evaluated,not_evaluated
"Nice move.  But I'm about to take a lot more than your Queen.  

Mike Rossi, Hackettstown, NJ",1.2956521739130435,0.0523642599473044,115,87,22,6,not_evaluated,not_evaluated
"You can’t win every time, sport.",1.2956521739130435,0.0508867410877544,115,86,24,5,not_evaluated,not_evaluated
And you thought you could break my Wordle streak,1.2956521739130435,0.0508867410877544,115,86,24,5,not_evaluated,not_evaluated
I’m afraid I have the next move.,1.2954545454545454,0.0489759064527206,132,100,25,7,not_evaluated,not_evaluated
I trust my move will not effect your next move.,1.2954545454545454,0.0489759064527206,132,100,25,7,not_evaluated,not_evaluated
This motherfucker…,1.2952380952380953,0.0572952790117537,105,81,17,7,not_evaluated,not_evaluated
WOW that’s checkmate! So on your way out PLEASE knock on my mother in laws apartment door....she’s in 3,1.2952380952380953,0.0522809568350098,105,78,23,4,not_evaluated,not_evaluated
"Oh my, how the tables have turned!",1.2952380952380953,0.0588718878598681,105,82,15,8,not_evaluated,not_evaluated
You're Donne!,1.2952380952380953,0.0504989927071221,105,77,25,3,not_evaluated,not_evaluated
Checkmate! And I didn't cheat Death to do it!,1.2952380952380953,0.054004153828519,105,79,21,5,not_evaluated,not_evaluated
Ha! Checkmate.  Want to go double-my-lifespan or nothing?,1.2950819672131149,0.0503187571270763,122,92,24,6,not_evaluated,not_evaluated
welcome to the dark side,1.2950819672131149,0.0516474618514558,122,93,22,7,not_evaluated,not_evaluated
Checkmate. Now take off your top.,1.2949640287769784,0.04729491768549,139,105,27,7,not_evaluated,not_evaluated
"Remember that Spanish train that runs between
Guadalquivir and old Saville? Well, it’s payback time.",1.2947368421052632,0.0557423367814834,95,71,20,4,not_evaluated,not_evaluated
"Music is but a pawn, let’s break some rules!",1.2947368421052632,0.0577163085755993,95,72,18,5,not_evaluated,not_evaluated
Ha!  I always win in the end!,1.2947368421052632,0.0536958466189596,95,70,22,3,not_evaluated,not_evaluated
"Best 101 out of 201 now, right?",1.2946428571428572,0.0517368739642915,112,84,23,5,not_evaluated,not_evaluated
I win! You have to suck my dick.,1.2946428571428572,0.053268933614933,112,85,21,6,not_evaluated,not_evaluated
Ha! And now for some celebratory hang-gliding.,1.2946428571428572,0.0562079141244581,112,87,17,8,not_evaluated,not_evaluated
"So, I guess they don't play chess where you come from, huh?",1.2946428571428572,0.0485278662816186,112,82,27,3,not_evaluated,not_evaluated
Checkmate equals death!,1.2946428571428572,0.0517368739642915,112,84,23,5,not_evaluated,not_evaluated
"Jokes on you, I’m already dead inside.",1.2946428571428572,0.0501580399011147,112,83,25,4,not_evaluated,not_evaluated
"Think very carefully before you make that move!
I have been told I an a sore loser!",1.2945736434108528,0.0532416932861091,129,101,18,10,not_evaluated,not_evaluated
Checkmate! Now bring Nona back to life.,1.2941176470588236,0.0550114004776434,102,77,19,5,not_evaluated,not_evaluated
Oh . . . ! You do mind . . . .,1.2941176470588236,0.0567484911101306,102,78,18,6,not_evaluated,not_evaluated
"Well, of course I cheated.  That's the only way to beat you .",1.2941176470588236,0.0497149561605009,119,89,25,5,not_evaluated,not_evaluated
Let me explain things to you.,1.2941176470588236,0.0550114004776434,102,77,20,5,not_evaluated,not_evaluated
"I always win in the end, mate.",1.2941176470588236,0.05321763919742,102,76,22,4,not_evaluated,not_evaluated
"After misreading a bold sacrifice by his opponent for a mistake, Chad’s cockiness wound up costing him the game, and his soul.",1.2941176470588236,0.0513612700483727,102,75,24,3,not_evaluated,not_evaluated
So... you've been training Putin.,1.2936507936507935,0.0451698175916706,126,92,31,3,not_evaluated,not_evaluated
You're the one who want the sudden death option.,1.2936507936507935,0.0504801835297902,126,96,23,7,not_evaluated,not_evaluated
You think I  cheated Death?,1.2936507936507935,0.046554232334439,126,93,29,4,not_evaluated,not_evaluated
Whites moves first. And last! Welcome to America!,1.2936507936507935,0.0492063492063492,126,95,25,6,not_evaluated,not_evaluated
Doden spelar schack,1.2935779816513762,0.0526284205017466,109,82,22,5,not_evaluated,not_evaluated
"O death, where is thy sting?",1.2935779816513762,0.049294637780327,109,80,26,3,not_evaluated,not_evaluated
"Ah Ha! I win, your fate is in my hands now.",1.2935779816513762,0.0509887828762479,109,81,24,4,not_evaluated,not_evaluated
You know I can't stand losing and I could take your soul right?,1.2934782608695652,0.0568693599310157,92,69,19,4,not_evaluated,not_evaluated
"And that’s checkmate. If anyone asks if I cheated death, you tell them I beat you fair and square!",1.293103448275862,0.0505104994196329,116,87,24,5,not_evaluated,not_evaluated
"Check Mate, but I can't imagine you having one",1.293103448275862,0.0533962604175916,116,89,20,7,not_evaluated,not_evaluated
This is the best match I’ve played in my whole life.,1.293103448275862,0.0547821655656703,116,90,18,8,not_evaluated,not_evaluated
let me win and I'll let you live.,1.293103448275862,0.0490039336598551,116,86,26,4,not_evaluated,not_evaluated
"I've got news for you, Carl. That’s not how I play this game.",1.293103448275862,0.0547821655656703,116,90,18,8,not_evaluated,not_evaluated
I’m killing you here.,1.292929292929293,0.0542038671601528,99,74,21,4,not_evaluated,not_evaluated
Pandemic? Ha. Vaccines for all.,1.292929292929293,0.0502570700354054,99,72,25,2,not_evaluated,not_evaluated
I got end game too.,1.292929292929293,0.0560731868044024,99,75,19,5,not_evaluated,not_evaluated
Millions of years of practice and you're still a patzer!,1.292929292929293,0.0522677352850644,99,73,23,3,not_evaluated,not_evaluated
HA! Checkmate! Looks like you're out of moves Mister...what did you say your name was?,1.2926829268292683,0.0486136023078385,123,92,26,5,not_evaluated,not_evaluated
Checkmate! Booyah! Gimme my soul back before they miss me on Wall Street!,1.2926829268292683,0.0512819887679318,123,94,22,7,not_evaluated,not_evaluated
"Mate! - And down with your finger """,1.2924528301886793,0.0482710621544937,106,77,27,2,not_evaluated,not_evaluated
Now who's surprised by the end?,1.2923076923076924,0.0481576543404545,130,98,26,6,not_evaluated,not_evaluated
"Ya, I watched the way you played that knight.",1.2923076923076924,0.0469030818518126,130,97,28,5,not_evaluated,not_evaluated
"Checkmate. Still proud?""",1.2920353982300885,0.0481671262324717,113,83,27,3,not_evaluated,not_evaluated
"You may win this game, but in the end the match will be mine.",1.2920353982300885,0.049780516895568,113,84,25,4,not_evaluated,not_evaluated
I saw the movie too. Check mate!,1.2920353982300885,0.049780516895568,113,84,25,4,not_evaluated,not_evaluated
Good news- you won. Bad news- see you next week.,1.2920353982300885,0.0513432339776626,113,85,23,5,not_evaluated,not_evaluated
Sure! We can play The Game of Life now!,1.2920353982300885,0.0543339976540945,113,87,19,7,not_evaluated,not_evaluated
"You reap what you sow, Loser!",1.2920353982300885,0.0571685134218591,113,89,15,9,not_evaluated,not_evaluated
"Ha ha! You're so busy reaping, you overlooked O-OQa5, the Lazarus Defense!",1.2920353982300885,0.0528597719270531,113,86,21,6,not_evaluated,not_evaluated
I wish you had a face so I could see the look on it!,1.2920353982300885,0.0513432339776626,113,84,23,5,not_evaluated,not_evaluated
"Checkmate!  I win!  
What do you mean, you always win in the end?",1.2920353982300885,0.0513432339776626,113,85,23,5,not_evaluated,not_evaluated
A deadly move!,1.2916666666666667,0.0479200918274053,120,89,27,4,not_evaluated,not_evaluated
"Not to add insult to injury, but you’re breath smells like death.",1.2916666666666667,0.0534467893365244,120,93,19,8,not_evaluated,not_evaluated
But did you see my tweet?,1.2916666666666667,0.0532221978048754,96,71,22,3,not_evaluated,not_evaluated
Grim: that move is illegal guy: it's ok I'm white,1.2916666666666667,0.0511204860458823,96,70,24,2,not_evaluated,not_evaluated
"I may not be able to cheat death, but I can cheat at chess.  Checkmate.",1.2916666666666667,0.0521200850725884,120,92,21,7,not_evaluated,not_evaluated
"Take that, mister ""Death always wins in the end""!",1.2913385826771653,0.047576218749342,127,95,27,5,not_evaluated,not_evaluated
"Not a smart move Bub. You're now on my next dance
card.",1.2912621359223302,0.0545494812919991,103,78,20,5,not_evaluated,not_evaluated
How's that for white privilege?,1.2912621359223302,0.0562673379353042,103,79,18,6,not_evaluated,not_evaluated
"Ingmar Bergman’s The Seventh Seal
“The Musical”",1.2912621359223302,0.0509402698366139,103,76,24,3,not_evaluated,not_evaluated
It's your move. I have mate in seventy years.,1.2912621359223302,0.0545494812919991,103,78,20,5,not_evaluated,not_evaluated
"Textbook example of winning the battle, but losing the war.",1.2912621359223302,0.0579342793812548,103,80,16,7,not_evaluated,not_evaluated
"White man makes fatal mistake, will be given 200 more chances",1.2912621359223302,0.0545494812919991,103,78,20,5,not_evaluated,not_evaluated
"Even if I win, I'll lose.",1.290909090909091,0.0489173095835189,110,81,26,3,not_evaluated,not_evaluated
Turns out you can outsmart Death,1.290909090909091,0.0522160369970326,110,83,22,5,not_evaluated,not_evaluated
I also play a pretty mean fiddle!,1.290909090909091,0.0471815377610459,110,80,28,2,not_evaluated,not_evaluated
Ha! You thought you could outwit and outplay me for my soul. I just have two words: King Me!,1.290909090909091,0.0489173095835189,110,81,26,3,not_evaluated,not_evaluated
"Rookie mistake, I am not your mate.",1.2907801418439715,0.0444931003293748,141,105,31,5,not_evaluated,not_evaluated
"Another foolish move, Mr Reaper...how about you tell me why you're really here...",1.290598290598291,0.0515881424045915,117,89,22,6,not_evaluated,not_evaluated
If it’s the last thing I do,1.290598290598291,0.0501395474693249,117,88,24,5,not_evaluated,not_evaluated
Should I bring back my rook or my Nana?,1.290598290598291,0.0515881424045915,117,89,21,6,not_evaluated,not_evaluated
Volodymyr outwits Vlad once more,1.2903225806451613,0.0468999548290518,124,92,28,4,not_evaluated,not_evaluated
Checkmate! You made the same stupid blunder on the beach in The Seventh Seal!,1.2903225806451613,0.0496171991358853,124,94,24,6,not_evaluated,not_evaluated
Checkmate. Now take a holiday.,1.2903225806451613,0.0603493126899022,93,72,15,6,not_evaluated,not_evaluated
"Check before you check, mate.",1.2903225806451613,0.0520290609117371,93,68,23,2,not_evaluated,not_evaluated
Olly olly oxen free!,1.29,0.0518252697615611,100,74,23,3,not_evaluated,not_evaluated
Checkmate! Now your are mine!,1.29,0.0555868598672293,100,76,19,5,not_evaluated,not_evaluated
The king’s at Death’s door now!,1.29,0.0518252697615611,100,74,23,3,not_evaluated,not_evaluated
"I won! You know the rules, lose the robe.",1.29,0.0537389875963325,100,75,21,4,not_evaluated,not_evaluated
Checkmate? Welcome to my world!,1.2897196261682242,0.0531320984874778,107,81,21,5,not_evaluated,not_evaluated
Move it and you're dead.,1.2897196261682242,0.0514459342069699,107,80,23,4,not_evaluated,not_evaluated
"Chess will be the death of you""",1.2897196261682242,0.0514459342069699,107,80,23,4,not_evaluated,not_evaluated
You didn't see my Hail Mary coming!,1.2897196261682242,0.0514459342069699,107,80,23,4,not_evaluated,not_evaluated
'Check Pal',1.2897196261682242,0.0514459342069699,107,80,23,4,not_evaluated,not_evaluated
Not today! How about next Saturday?,1.2897196261682242,0.0514459342069699,107,80,23,4,not_evaluated,not_evaluated
"Ha! I guess beating death isn’t that hard! Now, about those midterm elections…",1.2894736842105263,0.0509552960942301,114,86,23,5,not_evaluated,not_evaluated
Check. You lose. I beat death. Ha!,1.2894736842105263,0.053916166316798,114,88,19,7,not_evaluated,not_evaluated
"Win all you want, mate, but the last checkmate is mine.",1.2894736842105263,0.0494083677622088,114,85,25,4,not_evaluated,not_evaluated
Mate! Now you have to take Samuel Olito before you get any more women!,1.2892561983471074,0.0517437217933835,121,93,21,7,not_evaluated,not_evaluated
Checkmate.  I've got 40 more years.,1.2892561983471074,0.0490094955224716,121,91,25,5,not_evaluated,not_evaluated
Queen to Dark Castle.,1.288888888888889,0.0616956495196301,90,70,14,6,not_evaluated,not_evaluated
You're so warmed over.,1.288659793814433,0.0603518515109397,97,76,14,7,not_evaluated,not_evaluated
Check mate or check fate?,1.288659793814433,0.0547541421619525,97,73,20,4,not_evaluated,not_evaluated
Ingmar Bergman got it wrong!,1.288659793814433,0.0585454468639203,97,75,16,6,not_evaluated,not_evaluated
It’s your time to check out mate!,1.288659793814433,0.0506800041366069,97,71,24,2,not_evaluated,not_evaluated
"John Donne beats Death in chess match, writes poem.",1.288659793814433,0.0527564162125224,97,72,22,3,not_evaluated,not_evaluated
"Checkmate! Clearly, you're unaware that I analyzed your every move in 'The Seventh Seal!",1.288659793814433,0.0547541421619525,97,73,20,4,not_evaluated,not_evaluated
Got'cha !,1.2884615384615383,0.0523407947798334,104,78,22,4,not_evaluated,not_evaluated
Checkmate. Now give us back democracy.,1.2884615384615383,0.0574428262739827,104,81,16,7,not_evaluated,not_evaluated
Yes I am Swedish.  Why do you ask?,1.2884615384615383,0.0486430447588596,104,76,26,2,not_evaluated,not_evaluated
No king can survive this!,1.2884615384615383,0.0523407947798334,104,78,22,4,not_evaluated,not_evaluated
Checkmate! And thus I outlive Death.,1.2884615384615383,0.0505257587849853,104,77,24,3,not_evaluated,not_evaluated
"And that’s Jenga, my friend!",1.2884615384615383,0.0466844653608275,104,75,28,1,not_evaluated,not_evaluated
I guess we both lose.,1.2884615384615383,0.0486430447588596,104,76,26,2,not_evaluated,not_evaluated
"OK, you win. You have until you spell 'pyrrhic victory'",1.2884615384615383,0.0557940121604178,104,80,18,6,not_evaluated,not_evaluated
I love your Lord of the Rings cosplay.,1.2882882882882882,0.0502041489770579,111,83,24,4,not_evaluated,not_evaluated
Ha! Not even Death can defeat white privilege.,1.2882882882882882,0.054880388718659,111,86,18,7,not_evaluated,not_evaluated
Not so tough without your sickle now are you?,1.2882882882882882,0.0502041489770579,111,83,24,4,not_evaluated,not_evaluated
Ha! The Devil said the same thing when I beat him in that fiddle contest.,1.2882882882882882,0.0502041489770579,111,83,24,4,not_evaluated,not_evaluated
"You know, you looked a lot different in The Queen’s Gambit.",1.2882882882882882,0.0502041489770579,111,83,24,4,not_evaluated,not_evaluated
Now it's MY turn to play black!,1.2882882882882882,0.0502041489770579,111,83,24,4,not_evaluated,not_evaluated
You sure you understood what I just showed you? Okay! Now you know what to do when chess masters will challenge you with a match of chess to save themselves from death,1.2882882882882882,0.0502041489770579,111,83,24,4,not_evaluated,not_evaluated
"Not so fast, my pretty.",1.2881355932203389,0.0512083383629915,118,90,22,6,not_evaluated,not_evaluated
Hah! I get to live and you have to do the dishes!,1.2881355932203389,0.0497737819163303,118,89,24,5,not_evaluated,not_evaluated
That’s my killer Queen.,1.2881355932203389,0.0482966335743,118,88,26,4,not_evaluated,not_evaluated
"Your game has got no soul, man",1.2881355932203389,0.0526037875969292,118,91,20,7,not_evaluated,not_evaluated
"Until you learn the Swedenborg strategy, you're dead to me.",1.2881355932203389,0.0512083383629915,118,90,22,6,not_evaluated,not_evaluated
It’s the next move that you didn’t see coming.,1.2881355932203389,0.0539631635579962,118,92,18,8,not_evaluated,not_evaluated
I call that move ‘The Vaccine.’ Checkmate.,1.2881355932203389,0.0497737819163303,118,88,24,5,not_evaluated,not_evaluated
: It was at that moment that Carl realized that he just beat death,1.2881355932203389,0.0497737819163303,118,89,24,5,not_evaluated,not_evaluated
"Say that again, if you dare.",1.288,0.0505658306152133,125,96,22,7,not_evaluated,not_evaluated
Mate! Guess you should've stuck to Wordle.,1.288,0.0505658306152133,125,96,22,7,not_evaluated,not_evaluated
"Dang, I left my scythe at home!",1.2878787878787878,0.0487292878238863,132,101,24,7,not_evaluated,not_evaluated
That's it. It's over. That's a Bergman.,1.2872340425531914,0.0597836801030584,94,73,15,6,not_evaluated,not_evaluated
Opp’s…. Just kidding.,1.2872340425531914,0.0558258650434946,94,71,18,4,not_evaluated,not_evaluated
You may have won this game but you weren't wearing a mask so you must come with me now.,1.2872340425531914,0.0537377577542021,94,70,21,3,not_evaluated,not_evaluated
Don’t feel bad big fella. No one’s great at everything.,1.2872340425531914,0.0515651627462198,94,69,23,2,not_evaluated,not_evaluated
Time's up,1.2871287128712872,0.0568768578865151,101,78,17,6,not_evaluated,not_evaluated
"Sorry, you lose. Our agreement was that we must remain seated at all times.",1.2871287128712872,0.0551085942577257,101,77,19,5,not_evaluated,not_evaluated
Come a little closer so I can crown you.,1.2871287128712872,0.0532816793943513,101,76,21,4,not_evaluated,not_evaluated
Good game. Let’s shake on it.,1.2871287128712872,0.0551085942577257,101,77,19,5,not_evaluated,not_evaluated
"I didn’t cheat! Besides, you said you CAN’T be cheated.",1.2871287128712872,0.0513898585043999,101,75,23,3,not_evaluated,not_evaluated
"Beat you today — and I’ll  beat you tomorrow, and every day until I’m 106!",1.287037037037037,0.0475260689352688,108,79,27,2,not_evaluated,not_evaluated
"What makes you think I can't cheat, Death?",1.287037037037037,0.0558934572296345,108,84,17,7,not_evaluated,not_evaluated
Ok Fred.  You win but I still have the last move.,1.287037037037037,0.0510379051440824,108,81,23,4,not_evaluated,not_evaluated
You can go to hell.,1.287037037037037,0.0510379051440824,108,81,23,4,not_evaluated,not_evaluated
The Pfizer Vaccine Gambit!,1.2869565217391303,0.0535045175011315,115,89,19,7,not_evaluated,not_evaluated
Didn’t I see you in the ‘Seventh Seal’?,1.2869565217391303,0.047460638299985,115,85,27,3,not_evaluated,not_evaluated
Aaha! I've never seen a Bergman film.,1.2869565217391303,0.0490414874278781,115,86,25,4,not_evaluated,not_evaluated
"Looks like you've been beaten too, Death",1.2869565217391303,0.0520593708349627,115,88,21,6,not_evaluated,not_evaluated
Now you're REALLY dead!,1.2869565217391303,0.0520593708349627,115,88,21,6,not_evaluated,not_evaluated
Ain't gonna be no rematch.,1.286885245901639,0.0539454181750767,122,96,17,9,not_evaluated,not_evaluated
"I won again! And no, I wasn’t cheating, Death.",1.286885245901639,0.0472513826005594,122,91,27,4,not_evaluated,not_evaluated
Checkmate.  I own you.,1.286885245901639,0.0500365781347229,122,93,23,6,not_evaluated,not_evaluated
I would think twice before you say checkmate.,1.286885245901639,0.0486639101855609,122,92,25,5,not_evaluated,not_evaluated
Stop cheating. Black NEVER goes first!,1.286764705882353,0.0465686274509803,136,103,27,6,not_evaluated,not_evaluated
"""Cards instead. Death, do you have any sevens?",1.2857142857142858,0.0498204166044939,112,84,24,4,not_evaluated,not_evaluated
That was just a practice round.  Mwahahahaha.,1.2857142857142858,0.0529511494907868,112,86,20,6,not_evaluated,not_evaluated
Checkmate. What did I win?,1.2857142857142858,0.0464792812863432,112,82,28,2,not_evaluated,not_evaluated
I thought 'Winner Take All' meant money.,1.2857142857142858,0.0529511494907868,112,86,20,6,not_evaluated,not_evaluated
Not so fast. I call two out of three.,1.2857142857142858,0.0378996749980364,112,85,25,2,not_evaluated,not_evaluated
I refuse to permit you to make the winning move!,1.2857142857142858,0.0536476868713436,105,80,20,5,not_evaluated,not_evaluated
"Checkmate"" and he breathed a big scyth",1.2857142857142858,0.0580197808647782,98,76,16,6,not_evaluated,not_evaluated
That makes forty three full lifespans you owe me.,1.2857142857142858,0.0501176011032588,105,78,24,3,not_evaluated,not_evaluated
Another rematch? When will it end!?,1.2857142857142858,0.0529511494907868,112,86,20,6,not_evaluated,not_evaluated
It's over now!  How do you feel when the shoe is on the other foot?,1.2857142857142858,0.0476190476190476,126,95,26,5,not_evaluated,not_evaluated
"Yes, this is my last move. Checkmate",1.2857142857142858,0.0501176011032588,105,78,24,3,not_evaluated,not_evaluated
Careful. . . . Checkmate may be your last word.,1.2857142857142858,0.0481788205518791,112,83,26,3,not_evaluated,not_evaluated
You don't want to beat me.,1.2857142857142858,0.0464413061978059,119,88,28,3,not_evaluated,not_evaluated
"Loved you in The Lord of the Rings, by the way",1.2857142857142858,0.0522160352243195,119,92,20,7,not_evaluated,not_evaluated
I beat Death! Didn't I?,1.2857142857142858,0.0501176011032588,105,78,24,3,not_evaluated,not_evaluated
I call it the von Sydow Gambit.,1.2857142857142858,0.0610964414785884,91,71,14,6,not_evaluated,not_evaluated
Maybe checkers is more your game.,1.2857142857142858,0.0542725354129256,98,74,20,4,not_evaluated,not_evaluated
Don’t pick your nose!,1.2857142857142858,0.0524973731204296,91,67,22,2,not_evaluated,not_evaluated
"Ha! Bet you're just dying to know how I cheated you!""",1.2857142857142858,0.0553283335172488,105,81,18,6,not_evaluated,not_evaluated
Hand over your scythe.  You have no more moves.,1.2857142857142858,0.0522983237247855,98,73,22,3,not_evaluated,not_evaluated
"You checkmate, I terminate.",1.2857142857142858,0.0479502322690477,119,89,26,4,not_evaluated,not_evaluated
"Where, oh death, is thy king? Where, oh death, is thy victory?",1.2857142857142858,0.0508338910693459,119,91,22,6,not_evaluated,not_evaluated
"Health eternal, the Dow 50,000 and my third wish is that you bring the Dodgers back to Brooklyn.",1.2857142857142858,0.0559068381698158,112,88,16,8,not_evaluated,not_evaluated
But I already killed your king,1.2857142857142858,0.0569594125052751,91,69,18,4,not_evaluated,not_evaluated
"Ha, I take probiotics. Checkmate",1.2857142857142858,0.0542725354129256,98,74,20,4,not_evaluated,not_evaluated
You can shove that finger where the sun don't shine...!,1.284671532846715,0.0496325107330992,137,107,21,9,not_evaluated,not_evaluated
Gotcha! Reaper's gambit!,1.2846153846153847,0.050323480004737,130,101,21,8,not_evaluated,not_evaluated
You might think you have checkmate but I'm sure you'll never survive the endgame.,1.2845528455284554,0.0522967434997756,123,95,19,8,not_evaluated,not_evaluated
Checkmate.  I get the scythe.,1.2844827586206895,0.0501960690666004,116,88,23,5,not_evaluated,not_evaluated
Uh…checkmate?,1.2844827586206895,0.0516678854533469,116,89,21,6,not_evaluated,not_evaluated
"Hey, lighten up! That's no skin off your nose, right?",1.2844827586206895,0.0501960690666004,116,88,23,5,not_evaluated,not_evaluated
It's called the Fauci Gambit!,1.2844827586206895,0.0454958265920638,116,85,29,2,not_evaluated,not_evaluated
That will be the last move you ever make!,1.2844827586206895,0.0516678854533469,116,89,21,6,not_evaluated,not_evaluated
"Sorry to rattle you, but you're not the king of deadly moves.",1.2844036697247707,0.0522867221334644,109,83,21,5,not_evaluated,not_evaluated
"Checkmate! — unless you consider income disparity, white privilege and raw political power as cheating!",1.2844036697247707,0.0522867221334644,109,82,21,5,not_evaluated,not_evaluated
Where’s the guy who beat you last week?,1.2844036697247707,0.0538868813049116,109,84,19,6,not_evaluated,not_evaluated
"Rock, scissors, paper?",1.2844036697247707,0.0506360212314772,109,82,23,4,not_evaluated,not_evaluated
Do you really think that's checkmate?,1.2844036697247707,0.0506360212314772,109,82,23,4,not_evaluated,not_evaluated
Is that a booger?,1.2844036697247707,0.0554408751922003,109,85,17,7,not_evaluated,not_evaluated
"All you millennials are alike,thinking you can cheat death",1.2844036697247707,0.0522867221334644,109,83,21,5,not_evaluated,not_evaluated
Don't underestimate the power of the dark side.,1.2844036697247707,0.0554408751922003,109,85,17,7,not_evaluated,not_evaluated
"Won’t be my turn again for a while, yeah?",1.2844036697247707,0.0489296636085626,109,81,25,3,not_evaluated,not_evaluated
"Checkmate! You're dead, sucker!",1.2843137254901962,0.0563867909723063,102,79,17,6,not_evaluated,not_evaluated
You think you have the last word?.,1.2843137254901962,0.0563867909723063,102,79,17,6,not_evaluated,not_evaluated
Your king for my life.,1.2843137254901962,0.0546382021610307,102,78,19,5,not_evaluated,not_evaluated
Check out this pale horse!,1.2843137254901962,0.0528317714507545,102,77,21,4,not_evaluated,not_evaluated
And now to buy crypto...,1.2843137254901962,0.0509613482343222,102,76,23,3,not_evaluated,not_evaluated
Why do you get to be black?,1.2843137254901962,0.0546382021610307,102,78,19,5,not_evaluated,not_evaluated
Checkmate! Now you HAVE to explain why she throttled me after I told her I thought Roe V. Wade was a shoe store.,1.2843137254901962,0.0580827621323182,102,80,15,7,not_evaluated,not_evaluated
You fell right into my death trap!,1.2843137254901962,0.0563867909723063,102,79,17,6,not_evaluated,not_evaluated
Check mate! Give my kids back!,1.2843137254901962,0.0528317714507545,102,77,21,4,not_evaluated,not_evaluated
"Checkmate! Now, hand over the scythe.",1.2842105263157897,0.0573063864234438,95,73,17,5,not_evaluated,not_evaluated
"On behalf of the Western World, that's Check Mate Putin!",1.2842105263157897,0.0573063864234438,95,73,17,5,not_evaluated,not_evaluated
I got caught cheating death.,1.2842105263157897,0.0511089955654835,95,70,23,2,not_evaluated,not_evaluated
"You win, but I'm still taking you ""en passant"".",1.2842105263157897,0.05531778881318,95,71,19,4,not_evaluated,not_evaluated
Yes! A death-defying checkmate!,1.2840909090909092,0.055869828454609,88,66,19,3,not_evaluated,not_evaluated
Woo Hoo! thats one less state with the death penalty,1.2840909090909092,0.0581607320397633,88,67,17,4,not_evaluated,not_evaluated
"So it's settled, I am going to call it Die hard and the seventh seal",1.2840909090909092,0.0534808817400548,88,65,21,2,not_evaluated,not_evaluated
"This move is called gotcha this time,mate.",1.2840909090909092,0.0603647560357437,88,68,15,5,not_evaluated,not_evaluated
Death can't be beckoning.  The pandemic is over.,1.2840909090909092,0.0581607320397633,88,67,17,4,not_evaluated,not_evaluated
Are you suggesting that I would cheat Death ?,1.2833333333333334,0.0490574083945944,120,90,24,5,not_evaluated,not_evaluated
Checkmate! Gotcha! You can’t take me yet!!,1.2833333333333334,0.046114176492442,120,89,28,3,not_evaluated,not_evaluated
"You know this is Sudden Death Chess, right?",1.2833333333333334,0.0490574083945944,120,91,24,5,not_evaluated,not_evaluated
"Come closer, I couldn’t hear you. I’m a little death, I mean deaf…",1.2831858407079646,0.0525413366683093,113,87,20,6,not_evaluated,not_evaluated
"Hmm, that's what you call a killer move??",1.2831858407079646,0.0510153334400311,113,86,22,5,not_evaluated,not_evaluated
You certainly fit in with the Met Gala theme this year.,1.2830188679245282,0.0497156640936045,106,79,24,3,not_evaluated,not_evaluated
…and that’s how Bobby Fisher got his soul back.,1.2830188679245282,0.0532074834483124,106,81,20,5,not_evaluated,not_evaluated
It’s a win-win for me either way.,1.2830188679245282,0.0532074834483124,106,81,20,5,not_evaluated,not_evaluated
"I am going to win, and you can do literally nothing to stop me!",1.2830188679245282,0.0532074834483124,106,81,20,5,not_evaluated,not_evaluated
Let’s go again … and make it interesting this time?,1.2830188679245282,0.0532074834483124,106,81,20,5,not_evaluated,not_evaluated
"So, life insurance for every soul.",1.2830188679245282,0.0532074834483124,106,81,20,5,not_evaluated,not_evaluated
At least I can tell Grandpa I took you first.,1.2830188679245282,0.0497156640936045,106,79,24,3,not_evaluated,not_evaluated
"Man, that game nearly bored me to death.",1.2828282828282829,0.0498201342038443,99,73,24,2,not_evaluated,not_evaluated
"Slava Ukraini, you demented bastard!",1.2828282828282829,0.053798995331334,99,75,20,4,not_evaluated,not_evaluated
"Really? There? Alright, it’s your funeral.",1.2828282828282829,0.0556819087491334,99,76,18,5,not_evaluated,not_evaluated
Fool.  I don’t go to the mattresses without a queen up my sleeve.”,1.2828282828282829,0.059268550585607,99,78,14,7,not_evaluated,not_evaluated
Suicide!,1.2828282828282829,0.053798995331334,99,74,20,4,not_evaluated,not_evaluated
How did you not see that coming!?,1.2828282828282829,0.0575032001303644,99,77,16,6,not_evaluated,not_evaluated
"Call that one a fools', mate.",1.2828282828282829,0.053798995331334,99,75,20,4,not_evaluated,not_evaluated
Same time tomorrow?,1.2826086956521738,0.0564224199975994,92,70,18,4,not_evaluated,not_evaluated
"And no, I'm not going for best two out of three.",1.2826086956521738,0.0564224199975994,92,70,18,4,not_evaluated,not_evaluated
I'm so glad you forgot your sickle today. Checkmate!,1.2826086956521738,0.0496670398621399,92,67,24,1,not_evaluated,not_evaluated
"Okay, you won this one.",1.2818181818181815,0.0518736808276143,110,84,21,5,not_evaluated,not_evaluated
"Checkmate, Death! Wanna play again?",1.2818181818181815,0.0502401541718611,110,83,23,4,not_evaluated,not_evaluated
Let’s make it double or nothingness…,1.2818181818181815,0.0534573141300423,110,85,19,6,not_evaluated,not_evaluated
You blinked!,1.2818181818181815,0.0502401541718611,110,83,23,4,not_evaluated,not_evaluated
"I Vladimir, have single Handley taken Mariupol your move.",1.2818181818181815,0.0518736808276143,110,84,21,5,not_evaluated,not_evaluated
By this scene in the film Death felt a odd foreboding about the updated Disney remake.,1.2818181818181815,0.0549953643991096,110,86,17,7,not_evaluated,not_evaluated
Checkmate! I play Taxes in the next round,1.2815533980582523,0.0559048505795684,103,80,17,6,not_evaluated,not_evaluated
Two-move checkmate! How can you live with yourself?,1.2815533980582523,0.050539589343654,103,77,23,3,not_evaluated,not_evaluated
"I gave all of my money to charity, so take that Ghost of Christmas Future!!!",1.2815533980582523,0.050539589343654,103,77,23,3,not_evaluated,not_evaluated
One more time. Double or nothing!,1.2815533980582523,0.0523890971493569,103,78,21,4,not_evaluated,not_evaluated
What do you mean I can't beat Death? Checkmate.,1.2815533980582523,0.0559048505795684,103,80,17,6,not_evaluated,not_evaluated
What are the rules again?,1.2815533980582523,0.0541755010057527,103,79,19,5,not_evaluated,not_evaluated
He thought he’d made the best move of his life!,1.2815533980582523,0.0486197766544194,103,76,25,2,not_evaluated,not_evaluated
How Dick Clark did it.,1.2815533980582523,0.0523890971493569,103,78,21,4,not_evaluated,not_evaluated
"King me, Vladimir. Thanks for the eternal youth. I hope that my soul burns a hole in your pocket.",1.2815533980582523,0.0559048505795684,103,80,17,6,not_evaluated,not_evaluated
How does it feel when someone takes YOUR queen?,1.2815533980582523,0.0486197766544194,103,76,25,2,not_evaluated,not_evaluated
"You cheat, I cheat/",1.28125,0.0567835320981696,96,74,17,5,not_evaluated,not_evaluated
"You have to admit, it was a killer move!",1.28125,0.0586827722858923,96,75,15,6,not_evaluated,not_evaluated
"No, checkMATE!  YOU are MINE!",1.28125,0.050660386701068,96,71,23,2,not_evaluated,not_evaluated
I told you it was a hangnail.,1.28125,0.0567835320981696,96,74,17,5,not_evaluated,not_evaluated
"So, how's the family doing? Still killing people?",1.28125,0.0527804227561298,96,72,21,3,not_evaluated,not_evaluated
"Checkmate, one death eater at a time!",1.28125,0.0567835320981696,96,74,17,5,not_evaluated,not_evaluated
Check! I'm dying to see your next move.,1.2808988764044944,0.0529728187014883,89,66,21,2,not_evaluated,not_evaluated
Looks like life is a game of chess after all.,1.2808988764044944,0.0575920545822694,89,68,17,4,not_evaluated,not_evaluated
Worth it!,1.280701754385965,0.0490695477243077,114,86,24,4,not_evaluated,not_evaluated
Now who has the last laugh?,1.280701754385965,0.0506268299322908,114,87,22,5,not_evaluated,not_evaluated
I'll keep my hand atop this rook for the next fifty years if you don't mind.,1.280701754385965,0.0521376188957463,114,88,20,6,not_evaluated,not_evaluated
I've got a hard out at 2023.,1.280701754385965,0.0550349170469806,114,90,16,8,not_evaluated,not_evaluated
Does this  mean that I don't have to get my Covid vaccine?,1.280701754385965,0.0521376188957463,114,88,20,6,not_evaluated,not_evaluated
"Ok here’s the deal, if I win I’m giving back your mother in law",1.280701754385965,0.0474611959261788,114,85,26,3,not_evaluated,not_evaluated
"Harold, you can't wager something I don't want.",1.280701754385965,0.0490695477243077,114,86,24,4,not_evaluated,not_evaluated
Common arm wrestle me,1.280373831775701,0.0510762195313633,107,81,22,4,not_evaluated,not_evaluated
Should I launch a surprise in the middle or draw it out until the end?,1.280373831775701,0.0544192216787996,107,83,18,6,not_evaluated,not_evaluated
Still not as fun as profiting ON death!,1.280373831775701,0.0527741977188775,107,82,20,5,not_evaluated,not_evaluated
Big Pharma Exec: Checkmate! Looks like we get another lifelong customer!,1.280373831775701,0.0544192216787996,107,83,18,6,not_evaluated,not_evaluated
And you thought I was just stalling.,1.28,0.0489897948556635,125,96,23,6,not_evaluated,not_evaluated
"Because I could not stop for Death, he kindly stopped for me.",1.28,0.0533333333333333,100,76,20,4,not_evaluated,not_evaluated
"Checkmate is my line, pal.",1.28,0.0473115613606636,100,73,26,1,not_evaluated,not_evaluated
Leave the Rook.  Take the Cannolis.,1.28,0.0494004457510662,100,74,24,2,not_evaluated,not_evaluated
"John Eastman said if I used this move, I win.",1.28,0.0533333333333333,100,76,20,4,not_evaluated,not_evaluated
I've been training against Deep Blue...,1.28,0.0569954809479211,100,78,16,6,not_evaluated,not_evaluated
Not the black knight!  Take the queen!,1.28,0.0533333333333333,100,76,20,4,not_evaluated,not_evaluated
"In chess, it's a disadvantage to be on the dark side!",1.28,0.0514045157785212,100,75,22,3,not_evaluated,not_evaluated
"Checkmate??  No, I meant checkers - checkers!  How about a nice friendly game of checkers?",1.28,0.0533333333333333,100,76,20,4,not_evaluated,not_evaluated
Checkmate! Now what are you going to do?,1.28,0.0533333333333333,100,76,20,4,not_evaluated,not_evaluated
I just remembered I’m a nihilistic atheist.,1.28,0.0514045157785212,100,75,22,3,not_evaluated,not_evaluated
Did you just try to cheat Death?!,1.2796610169491525,0.0464369980492122,118,88,27,3,not_evaluated,not_evaluated
"Whoopee, I beat Death, now bring on Taxes""",1.2795698924731185,0.0579483887137771,93,72,16,5,not_evaluated,not_evaluated
"How about a game of Scrabble next, before you get to work?!",1.2795698924731185,0.0558950951678806,93,71,18,4,not_evaluated,not_evaluated
Hmm. Well played. See you next year.,1.2795698924731185,0.0515437045858488,93,69,22,2,not_evaluated,not_evaluated
Wait until everyone hears how I beat death!,1.279279279279279,0.0530343346378408,111,86,19,6,not_evaluated,not_evaluated
CHECKMATE!! No sudden death for YOU today!,1.279279279279279,0.0498501787647563,111,84,23,4,not_evaluated,not_evaluated
Check mate? More like dead mate.,1.279279279279279,0.0530343346378408,111,86,19,6,not_evaluated,not_evaluated
I was praying that you would have a senior moment!,1.279279279279279,0.0545567668972296,111,87,17,7,not_evaluated,not_evaluated
We're not in sudden death yet.,1.279279279279279,0.0498501787647563,111,84,23,4,not_evaluated,not_evaluated
Checkmate!  You know the rules - off comes the hood!,1.279279279279279,0.0545567668972296,111,87,17,7,not_evaluated,not_evaluated
What happens when an unstoppable force meets Dave from accounting?,1.2790697674418603,0.0564600091894588,86,65,18,3,not_evaluated,not_evaluated
Guess you didn't realize who you're playing with.,1.2790697674418603,0.0564600091894588,86,65,18,3,not_evaluated,not_evaluated
I'm not sure you understand the implications of your next move.,1.2790697674418603,0.0539827271120704,86,64,20,2,not_evaluated,not_evaluated
Ha! Bet you can't beat that!,1.2790697674418603,0.0564600091894588,86,65,18,3,not_evaluated,not_evaluated
"„I am the winner winner , loser loser ”.",1.2790697674418603,0.0486511994098937,86,62,24,0,not_evaluated,not_evaluated
You f***ed up,1.2790697674418603,0.0611140594307791,86,67,14,5,not_evaluated,not_evaluated
Mate! You'll have to head back to the underworld.,1.2788461538461535,0.0519534942576249,104,79,21,4,not_evaluated,not_evaluated
They didn’t teach you this move in hell?,1.2788461538461535,0.0501244358391289,104,78,23,3,not_evaluated,not_evaluated
"Just because it's all black or white, doesn't make it easy.",1.2788461538461535,0.0501244358391289,104,78,23,3,not_evaluated,not_evaluated
"You win some, you lose some.",1.2788461538461535,0.0441852868728113,104,75,29,0,not_evaluated,not_evaluated
"Sudden death, MY BUTT",1.278688524590164,0.0497416371632746,122,94,22,6,not_evaluated,not_evaluated
at the end of the game the king and the pawn go back in the same box,1.278688524590164,0.0454728652828386,122,91,28,3,not_evaluated,not_evaluated
"Mate, Mate",1.2783505154639174,0.0523138740468671,97,73,21,3,not_evaluated,not_evaluated
"Don't kill me for saying so, but you're a lousy chess player.",1.2783505154639174,0.0543278754424824,97,74,19,4,not_evaluated,not_evaluated
"The Court is on my side. 
My win is conceived.  
What are you going to do about it?",1.2783505154639174,0.0562698381230681,97,75,17,5,not_evaluated,not_evaluated
"G. Reapes: ""Damnit Joel! Stop dragging this out,my arthritis is killing me.""",1.2783505154639174,0.0543278754424824,97,74,19,4,not_evaluated,not_evaluated
"I saw the movie, too.",1.2783505154639174,0.0581469802715385,97,76,15,6,not_evaluated,not_evaluated
You've been demoted to checkers.,1.2783505154639174,0.0523138740468671,97,73,21,3,not_evaluated,not_evaluated
"You can pick your friend, you can pick your nose…",1.2783505154639174,0.0480331984484342,97,71,25,1,not_evaluated,not_evaluated
If you tell me to look over there one more time ...,1.2783505154639174,0.0502191675109123,97,72,23,2,not_evaluated,not_evaluated
"You can't beat me, Harold",1.2783505154639174,0.0457428849208733,97,70,27,0,not_evaluated,not_evaluated
"Checkmate... and regards from my teacher, Max von Sydow.",1.2782608695652171,0.0454619917140815,115,85,28,2,not_evaluated,not_evaluated
Let’s fight to the……er….finish.,1.2782608695652171,0.0517398675664916,115,89,20,6,not_evaluated,not_evaluated
Checkmate !!!!!!!   I get my soul back..,1.2782608695652171,0.0546088316885788,115,91,16,8,not_evaluated,not_evaluated
Whadday say — two outa three?,1.2777777777777777,0.0471282125742677,108,80,26,2,not_evaluated,not_evaluated
"Go fish! Wait, what game were we playing?",1.2777777777777777,0.053975452629489,108,84,18,6,not_evaluated,not_evaluated
"Before you put your finger bone in your nose, I want to say Checkmate!",1.2777777777777777,0.0591824825150874,90,70,15,5,not_evaluated,not_evaluated
But then...there's always taxes,1.2777777777777777,0.0591824825150874,90,70,15,5,not_evaluated,not_evaluated
See you in seventy years?,1.2777777777777777,0.0486502110325299,126,97,23,6,not_evaluated,not_evaluated
"Mate? That's all I needed, come over here partner.",1.2777777777777777,0.0591824825150874,90,70,15,5,not_evaluated,not_evaluated
HA!  Now let's see you twerk!,1.2777777777777777,0.0548013727599407,90,68,19,3,not_evaluated,not_evaluated
"You have to trust me that it’s checkmate, even though you can’t see the board.",1.2777777777777777,0.0548013727599407,90,68,19,3,not_evaluated,not_evaluated
"Wait, that isn’t called a horse?",1.2777777777777777,0.0523476763575041,108,83,20,5,not_evaluated,not_evaluated
I simply kill at chess.,1.2777777777777777,0.0471282125742677,108,80,26,2,not_evaluated,not_evaluated
The Kasparov Gambit didn't work with Putin either.,1.2777777777777777,0.0523476763575041,108,83,20,5,not_evaluated,not_evaluated
"That's Eternal Life, right?",1.2777777777777777,0.0506676322073746,108,82,22,4,not_evaluated,not_evaluated
No. There's no time limit in The Grim Reaper Gambit.,1.2777777777777777,0.0506676322073746,108,82,22,4,not_evaluated,not_evaluated
The Seventh Seal? Is that a movie?,1.2777777777777777,0.0570340104368551,90,69,17,4,not_evaluated,not_evaluated
Dude. I’ve seen The Seventh Seal like a zillion times.,1.2777777777777777,0.0548013727599407,90,68,19,3,not_evaluated,not_evaluated
I think you know that f8 is inevitable.,1.2777777777777777,0.053975452629489,108,84,18,6,not_evaluated,not_evaluated
"This is your last bad move, Vladimir",1.2773109243697478,0.0476246327759538,119,90,25,4,not_evaluated,not_evaluated
Checkmate! I recover!,1.2772277227722773,0.0509684660444901,101,76,22,3,not_evaluated,not_evaluated
Please don't pick your nose!,1.2772277227722773,0.0547158490283093,101,78,18,5,not_evaluated,not_evaluated
Got you!,1.2772277227722773,0.0528753660309651,101,77,20,4,not_evaluated,not_evaluated
What do you mean “ it’s not my checkmate?,1.2772277227722773,0.0528753660309651,101,77,20,4,not_evaluated,not_evaluated
Playing with the death..can we ever win?,1.2772277227722773,0.0469227548953377,101,74,26,1,not_evaluated,not_evaluated
"Checkmate, Covid. Whaddya mean, no?",1.2772277227722773,0.0547158490283093,101,78,18,5,not_evaluated,not_evaluated
What’s that? the fickle finger of fate?,1.2769230769230768,0.0512402930759785,130,103,18,9,not_evaluated,not_evaluated
No way!  Not going two out of three!,1.2767857142857142,0.0526177991838714,112,87,19,6,not_evaluated,not_evaluated
"Checkmate, Mr. Reaper! But don’t go so soon.How about  two out of three?",1.2767857142857142,0.0541249291161603,112,88,17,7,not_evaluated,not_evaluated
Forget The Seventh Seal. Checkmate!,1.2765957446808511,0.0510790795500907,94,70,22,2,not_evaluated,not_evaluated
Try to open my hand .. I dare you.,1.2765957446808511,0.0574056980264155,94,73,16,5,not_evaluated,not_evaluated
Hell no!,1.2765957446808511,0.0553771935592156,94,72,18,4,not_evaluated,not_evaluated
« They said you couldn’t beat death »,1.2765957446808511,0.0593649287484216,94,74,14,6,not_evaluated,not_evaluated
"Dude, this ain't Wordle",1.2765957446808511,0.0532715023918949,94,71,20,3,not_evaluated,not_evaluated
And THATS canasta!!!,1.2765957446808511,0.0532715023918949,94,71,20,3,not_evaluated,not_evaluated
I've just won the game of Life!,1.2764227642276422,0.0436579049278089,123,91,30,2,not_evaluated,not_evaluated
You sure that’s your move?,1.2764227642276422,0.0493875768588095,123,95,22,6,not_evaluated,not_evaluated
Queen me.,1.276190476190476,0.0532724665760705,105,81,19,5,not_evaluated,not_evaluated
Nice end game Steve.  But I've got one more move,1.276190476190476,0.0532724665760705,105,81,19,5,not_evaluated,not_evaluated
The end game is what I’m best at,1.276190476190476,0.0532724665760705,105,81,19,5,not_evaluated,not_evaluated
"Ha! Got ya! No scythe, no dice!",1.276190476190476,0.0438429558691888,105,75,29,0,not_evaluated,not_evaluated
"If I checkmate you, what are the theological implications for the world's population?",1.276190476190476,0.0566061486183163,105,82,15,7,not_evaluated,not_evaluated
Your Mom says hello,1.276190476190476,0.0497157452805264,105,79,23,3,not_evaluated,not_evaluated
Now we’re even.,1.276190476190476,0.0497157452805264,105,79,23,3,not_evaluated,not_evaluated
You check mate me.I check you out.,1.2758620689655171,0.0604926207884178,87,68,14,5,not_evaluated,not_evaluated
"For a so-called 'Fourth Horseman,' your knight play is subpar.",1.2758620689655171,0.0483400729535669,116,88,24,4,not_evaluated,not_evaluated
Ha! Mate!  Now give us back Prince!,1.2758620689655171,0.0582412994660093,87,67,16,4,not_evaluated,not_evaluated
"Mate, that’s checkmate . Now do ya wanta game of  rock, paper, scythe?",1.2758620689655171,0.0534549581495066,87,65,20,2,not_evaluated,not_evaluated
"Ukraine wins, Bubba -- just do it!",1.2755102040816326,0.0576206319649916,98,77,15,6,not_evaluated,not_evaluated
"Alright, Grim, hand over the robe and sickle!",1.2755102040816326,0.0557650768162316,98,75,17,5,not_evaluated,not_evaluated
Aha. Now you know what it really feels like to be dead. Check and mate my friend.,1.2755102040816326,0.051855153272077,98,74,21,3,not_evaluated,not_evaluated
Maybe next time you wont smirk when I say ‘Sicilian Defense!’,1.2755102040816326,0.0497851733465476,98,73,23,2,not_evaluated,not_evaluated
Let's call it draw and go watch TCM. There's a classic Bergman film on tonight.,1.2755102040816326,0.0538456159459189,98,75,19,4,not_evaluated,not_evaluated
"Q1-Q7, mate!",1.2755102040816326,0.0557650768162316,98,76,17,5,not_evaluated,not_evaluated
"Ha, checkmate! Whatta ya gonna do about THAT?!",1.2755102040816326,0.0497851733465476,98,73,23,2,not_evaluated,not_evaluated
I guess everyone is blind to manipulative bishops.,1.2755102040816326,0.051855153272077,98,74,21,3,not_evaluated,not_evaluated
Ok so you may have cheated death but your next opponent is taxes!,1.275229357798165,0.0467633330274784,109,81,26,2,not_evaluated,not_evaluated
"You see,I told you. The Ukrainians have a chance!",1.275229357798165,0.051927770140469,109,84,20,5,not_evaluated,not_evaluated
If I let go don't be a poor sport.,1.275229357798165,0.048545895615864,109,82,24,3,not_evaluated,not_evaluated
"Checkmate!” “Hmmmm, ditto!",1.275229357798165,0.0467633330274784,109,81,26,2,not_evaluated,not_evaluated
"That’s why it’s called queens gambit, stupid. You chose to sacrifice.",1.275229357798165,0.0449100729294815,109,80,28,1,not_evaluated,not_evaluated
I knew if I hung in there long enough I would win .,1.275,0.0457775953419805,120,90,27,3,not_evaluated,not_evaluated
I have to be aggressive. You're well known for your end game.,1.275,0.0457775953419805,120,90,26,3,not_evaluated,not_evaluated
Antonius Block the 3rd..,1.2747252747252746,0.0586080586080586,91,71,15,5,not_evaluated,not_evaluated
"Checkmate! Now you can go straight to…..
Heaven!",1.2747252747252746,0.0564863194906996,91,70,17,4,not_evaluated,not_evaluated
Ha! Humanity is saved!,1.2747252747252746,0.0542817100449603,91,69,19,3,not_evaluated,not_evaluated
Checkmate! Being a soulless CEO sure has its advantages.,1.2747252747252746,0.0564863194906996,91,70,17,4,not_evaluated,not_evaluated
Checkmate!  And now….,1.2747252747252746,0.0542817100449603,91,69,19,3,not_evaluated,not_evaluated
No worries! Best two out of three?,1.2747252747252746,0.0542817100449603,91,69,19,3,not_evaluated,not_evaluated
"... and if  I do this, you're dead but maybe that's being redundant??...",1.2745098039215683,0.0542448963843636,102,79,18,5,not_evaluated,not_evaluated
Check Mate. Want to make it two out of three ?,1.2745098039215683,0.0542448963843636,102,79,18,5,not_evaluated,not_evaluated
"I guess you could say my pawn is being promoted, too.",1.2745098039215683,0.0505394367026438,102,77,22,3,not_evaluated,not_evaluated
And that's how I met your mother.,1.2745098039215683,0.0505394367026438,102,77,22,3,not_evaluated,not_evaluated
"And that, my friend, is the triple jump.",1.2745098039215683,0.0524249150975511,102,78,20,4,not_evaluated,not_evaluated
Watch my lips. DON’T YOU DARE.,1.2745098039215683,0.0542448963843636,102,79,18,5,not_evaluated,not_evaluated
"I represent women who have died from illegal abortions.  They want to have a talk with you, Mr. Alito.",1.2745098039215683,0.0542448963843636,102,79,18,5,not_evaluated,not_evaluated
Mate! And I don't mean friend.,1.2745098039215683,0.0542448963843636,102,79,18,5,not_evaluated,not_evaluated
"Checkmate, Mister Smarty Pants!",1.2745098039215683,0.0524249150975511,102,78,20,4,not_evaluated,not_evaluated
Checkmate! How does it feel?!!!,1.2745098039215683,0.0560057661720223,102,80,16,6,not_evaluated,not_evaluated
These are pawns not people,1.2743362831858407,0.0522075679704089,113,88,19,6,not_evaluated,not_evaluated
My horsey guy traps yer tall guy...Do I live?,1.2743362831858407,0.0490874172023211,113,86,23,4,not_evaluated,not_evaluated
"Checkmate! Ha Grim Reaper, you lost your bet to be reincarnated as a Politician!",1.274074074074074,0.0486746734929931,135,106,21,8,not_evaluated,not_evaluated
In your face!,1.2738095238095235,0.0570633171799703,84,64,17,3,not_evaluated,not_evaluated
Wanna try strip poker?,1.2738095238095235,0.0544918382414929,84,63,19,2,not_evaluated,not_evaluated
Check and mate! Now you owe ME 2 lives!,1.2738095238095235,0.0570633171799703,84,64,17,3,not_evaluated,not_evaluated
Check under these robes. See a face that cares...mate?,1.2738095238095235,0.0570633171799703,84,64,17,3,not_evaluated,not_evaluated
"I got you! Where? There, diagonally. Pretty sneaky Sis.",1.2738095238095235,0.0595238095238095,84,65,15,4,not_evaluated,not_evaluated
Check mate!  I suppose you'll be back for a rematch.,1.2736842105263158,0.0527881210617628,95,72,20,3,not_evaluated,not_evaluated
Aren’t you the sore loser.,1.2736842105263158,0.054868478117812,95,73,18,4,not_evaluated,not_evaluated
"Aha, no escape! New game?",1.2736842105263158,0.0527881210617628,95,72,20,3,not_evaluated,not_evaluated
"If that move makes you upset, I'll take it back.",1.2735849056603774,0.0528317930702345,106,82,19,5,not_evaluated,not_evaluated
"If you take that piece, you better summon a bishop.",1.2735849056603774,0.0511028750629446,106,81,21,4,not_evaluated,not_evaluated
"Umm, Can I move backwards?",1.2735849056603774,0.0511028750629446,106,81,21,4,not_evaluated,not_evaluated
"Hmm,you win. I’ll get my scythe.",1.2735849056603774,0.0493133787159404,106,80,23,3,not_evaluated,not_evaluated
"Not so 'inevitable' now, are you?",1.2735849056603774,0.0493133787159404,106,80,23,3,not_evaluated,not_evaluated
I’ll just go get us a snack while you think over your next move…,1.2735849056603774,0.0511028750629446,106,81,21,4,not_evaluated,not_evaluated
What’s “en passant?”,1.2735849056603774,0.0493133787159404,106,80,23,3,not_evaluated,not_evaluated
"Sorry kid, nobody beats death!",1.2735042735042734,0.0464221388512829,117,88,26,3,not_evaluated,not_evaluated
Do I look like someone that cares that you won?,1.2735042735042734,0.0537757013637801,117,93,16,8,not_evaluated,not_evaluated
Your clock just ran out of time,1.2727272727272727,0.0529369233082146,88,66,20,2,not_evaluated,not_evaluated
"You're going to kill me, but that's checkmate.",1.2727272727272727,0.0598833608684492,88,69,14,5,not_evaluated,not_evaluated
"And I believe in re-incarnation, checkmate!",1.2727272727272727,0.0529369233082146,88,66,20,2,not_evaluated,not_evaluated
Checkmate! We played for my life. You screwed up with the Queen's pawn counter-gambit.,1.2727272727272727,0.0464037668316048,110,82,26,2,not_evaluated,not_evaluated
"In Tijuana we call it, ""Gambito de la Muerto.",1.2727272727272727,0.0529369233082146,88,66,20,2,not_evaluated,not_evaluated
"Yes. I know I'm beating you to death. But, what are you gonna do about it?",1.2727272727272727,0.0553493529247949,88,66,18,3,not_evaluated,not_evaluated
”What do you mean it’s the best 2 out of 3.,1.2727272727272727,0.0514040782988654,99,75,21,3,not_evaluated,not_evaluated
It’s not the sacrifice you hoped for.,1.2727272727272727,0.0553493529247949,88,67,18,3,not_evaluated,not_evaluated
"BAD  NEWS.  :  You didn't brush your teeth , You have a calcium deficiency and your robe looks like it's off the rack
GOOD NEWS : CHECK MATE",1.2727272727272727,0.0531086834871027,110,86,18,6,not_evaluated,not_evaluated
"Maybe it is beginner's luck, but it's still checkmate.",1.2727272727272727,0.0472238619681199,99,73,25,1,not_evaluated,not_evaluated
I love Sudden Death Chess. Pay Up!,1.2727272727272727,0.0553493529247949,88,67,18,3,not_evaluated,not_evaluated
"Checkmate! Now I can jump out of the plane with no parachute, right?",1.2727272727272727,0.0464037668316048,110,82,26,2,not_evaluated,not_evaluated
"Yes, that's right, the game is over.",1.2727272727272727,0.0493582435107851,99,74,23,2,not_evaluated,not_evaluated
"Ah, yes, but wait till you see my counter. Scythe takes Josh.",1.2727272727272727,0.0553493529247949,88,67,18,3,not_evaluated,not_evaluated
IPO by SPAC,1.2727272727272727,0.0472238619681199,99,73,25,1,not_evaluated,not_evaluated
Hahaha! I don’t know how to play either! Let’s just knock ‘em all down!,1.2727272727272727,0.0493582435107851,99,74,23,2,not_evaluated,not_evaluated
Sorry Frank. That's only check.,1.2727272727272727,0.0481675746488732,110,83,24,3,not_evaluated,not_evaluated
checkmate! come get me in 20 more years!,1.2719298245614037,0.0454156530628997,114,85,27,2,not_evaluated,not_evaluated
Check mate!  Wanna play dungeons and dragons next?,1.2718446601941749,0.0572119786421408,103,82,14,7,not_evaluated,not_evaluated
"Not so grim anymore,is it?",1.2718446601941749,0.0519818071333624,103,79,20,4,not_evaluated,not_evaluated
Your king's dead!,1.2717391304347827,0.0537714298429854,92,70,19,3,not_evaluated,not_evaluated
Look! I'll sacrifice my bishop if you let me vote in the mid-terms!,1.2717391304347827,0.060066973430307,92,73,13,6,not_evaluated,not_evaluated
Checkmate!  Take that Stygian King.,1.2717391304347827,0.0515021856246871,92,69,21,2,not_evaluated,not_evaluated
Checkmate! I get to live and you kill every mosquito that ever comes in my yard.,1.2717391304347827,0.0559487105356188,92,71,17,4,not_evaluated,not_evaluated
I’m not your mate!,1.2717391304347827,0.0491282360855787,92,68,23,1,not_evaluated,not_evaluated
Lift your finger and that sacrifice becomes permanent.,1.2717391304347827,0.060066973430307,92,73,13,6,not_evaluated,not_evaluated
"Sorry Ted, you’re like everyone else, just a pawn.",1.2717391304347827,0.0515021856246871,92,69,21,2,not_evaluated,not_evaluated
Checkmate... I feel so alive!,1.271186440677966,0.0505811753710787,118,92,20,6,not_evaluated,not_evaluated
Wrong move.,1.271186440677966,0.0505811753710787,118,92,20,6,not_evaluated,not_evaluated
White wins. Who says you can’t cheat death?,1.271186440677966,0.0444859201921571,118,88,28,2,not_evaluated,not_evaluated
You don’t have long now.  I took your queen.,1.271186440677966,0.0460853734604286,118,89,26,3,not_evaluated,not_evaluated
Looks like Bill and Ted were right about you after all,1.2710280373831775,0.0506875552695496,107,82,21,4,not_evaluated,not_evaluated
You should never play the Sicilian Defense when death is on the line.,1.2710280373831775,0.0523981297610784,107,83,19,5,not_evaluated,not_evaluated
Same time next week?,1.2710280373831775,0.0506875552695496,107,82,21,4,not_evaluated,not_evaluated
Let's Go Grim Reaper!,1.2710280373831775,0.0523981297610784,107,83,19,5,not_evaluated,not_evaluated
Try digging yourself out of that one!!,1.2708333333333333,0.0523130897264264,96,73,20,3,not_evaluated,not_evaluated
Wadaya mean you’re not a dead head???,1.2708333333333333,0.0543687189690835,96,74,18,4,not_evaluated,not_evaluated
Death Gambit Declined.,1.2708333333333333,0.0563494085856561,96,75,16,5,not_evaluated,not_evaluated
There! Now get me the hell out of here before QAnon is running the country!,1.2708333333333333,0.0563494085856561,96,75,16,5,not_evaluated,not_evaluated
Another game? I’ve got some time to kill.,1.2708333333333333,0.0523130897264264,96,73,20,3,not_evaluated,not_evaluated
Yeah. Well I'm a Republican.We know how to cheat.,1.2708333333333333,0.0543687189690835,96,74,18,4,not_evaluated,not_evaluated
"There are no losses, only lessons",1.2708333333333333,0.0543687189690835,96,74,18,4,not_evaluated,not_evaluated
I beat you again. The vaccines work!,1.2705882352941176,0.0589075030867962,85,66,15,4,not_evaluated,not_evaluated
"I know I said I'd rather die than learn to play chess, but I kid!",1.2705882352941176,0.0539432093065017,85,64,19,2,not_evaluated,not_evaluated
You might want to reconsider that move . . .,1.2705882352941176,0.0564799245316686,85,65,17,3,not_evaluated,not_evaluated
He didn’t win the game but his execution was flawless.,1.2705882352941176,0.0634847856541767,85,68,11,6,not_evaluated,not_evaluated
Narcanned again! Best of 7?,1.2702702702702702,0.0442351432991219,111,82,28,1,not_evaluated,not_evaluated
That was the game of my life!,1.2702702702702702,0.0477948556886008,111,84,24,3,not_evaluated,not_evaluated
Hah! And you said checkers was unworthy of you.,1.2702702702702702,0.0477948556886008,111,84,24,3,not_evaluated,not_evaluated
We all have bidets now.,1.2702702702702702,0.0494787671036207,111,85,22,4,not_evaluated,not_evaluated
And now SOMEone has to buy ME lunch!,1.27,0.0489382212074519,100,75,23,2,not_evaluated,not_evaluated
Checkmate! And don't say we now have to play checkers to decide my fate!,1.27,0.0489382212074519,100,75,23,2,not_evaluated,not_evaluated
I cheated death again,1.27,0.0509604719068583,100,76,21,3,not_evaluated,not_evaluated
Ha! Checkmate! Wha'cha got up your sleeve now?,1.27,0.0468287229478799,100,74,25,1,not_evaluated,not_evaluated
I told you we should have played Life,1.2698412698412698,0.0427806489598045,126,94,30,2,not_evaluated,not_evaluated
Who's the knucklehead now?,1.2698412698412698,0.0442398920930662,126,95,28,3,not_evaluated,not_evaluated
"I already sold my soul to the Devil for five illegal moves, and this is only the first one.",1.2696629213483146,0.0499336765017729,89,66,22,1,not_evaluated,not_evaluated
Stick this in your Ingmar Bergman!,1.2696629213483146,0.0548096458555432,89,68,18,3,not_evaluated,not_evaluated
"No offense, but I'd go with checkers in all your upcoming assignments.",1.2696629213483146,0.0548096458555432,89,68,18,3,not_evaluated,not_evaluated
You know I could just kill you right,1.2696629213483146,0.0570916797241353,89,69,16,4,not_evaluated,not_evaluated
I win! Hand over the cape!,1.2696629213483146,0.0570916797241353,89,69,16,4,not_evaluated,not_evaluated
The Grim’s Gambit,1.2696629213483146,0.0548096458555432,89,68,18,3,not_evaluated,not_evaluated
Checkmate! You're dead Mr. Grim Reaper!,1.2695652173913043,0.0483467944070051,115,88,23,4,not_evaluated,not_evaluated
"Yes, it does seem like ages, but - checkmate!",1.2695652173913043,0.0433560448558567,115,84,28,1,not_evaluated,not_evaluated
Gotta run.  I have an appointment with the IRS.,1.2692307692307692,0.0533261997105836,104,81,18,5,not_evaluated,not_evaluated
Your endgame is not nearly as convincing as your game face.,1.2692307692307692,0.051545873532097,104,80,20,4,not_evaluated,not_evaluated
"Next time, I choose the game.",1.2692307692307692,0.051545873532097,104,80,20,4,not_evaluated,not_evaluated
the forbidden checkmate,1.2692307692307692,0.0497018166750555,104,79,22,3,not_evaluated,not_evaluated
You should stick to Risk pal.,1.2692307692307692,0.0550489788548266,104,82,16,6,not_evaluated,not_evaluated
I was easy the one. Now you gotta play taxes.,1.2692307692307692,0.0583421208710428,104,84,12,8,not_evaluated,not_evaluated
"The Grim Reaper community feels that humans using the expression ""checkmate"" is, quite frankly, cultural appropriation",1.2692307692307692,0.051545873532097,104,80,20,4,not_evaluated,not_evaluated
Does this look like the face of someone who minds waiting?,1.2688172043010753,0.0554209209780587,93,72,17,4,not_evaluated,not_evaluated
I win! Now I get to die! You promised!,1.2688172043010753,0.0554209209780587,93,72,17,4,not_evaluated,not_evaluated
Ha! You thought you could beat me!,1.2688172043010753,0.0474693497387332,93,71,20,2,not_evaluated,not_evaluated
Hold on … the game is not over yet!,1.2688172043010753,0.0594893827791935,93,74,13,6,not_evaluated,not_evaluated
Chex Mix.,1.2688172043010753,0.0594893827791935,93,74,13,6,not_evaluated,not_evaluated
"I win! You know, for someone whose job it is to take lives, you sure aren't too great at taking chess pieces.",1.2688172043010753,0.0532702955816808,93,71,19,3,not_evaluated,not_evaluated
Your breath stinks!,1.2688172043010753,0.0510291122856655,93,70,21,2,not_evaluated,not_evaluated
Checkmate again! I’m killing it here!!,1.2685185185185186,0.0567470590352681,108,87,13,8,not_evaluated,not_evaluated
Seriously?,1.2685185185185186,0.0552010728394295,108,86,15,7,not_evaluated,not_evaluated
Jubilant Jason moments before realizing  that Death follows no rules!,1.2685185185185186,0.0485270787963912,108,82,23,3,not_evaluated,not_evaluated
"Checkmate!""  ""Putin, you're a dead scumbag!",1.2682926829268293,0.0602333625227448,82,64,14,4,not_evaluated,not_evaluated
HGH takes Queen!,1.2682926829268293,0.0550075423582234,82,62,18,2,not_evaluated,not_evaluated
"Or, how’s this? I go find that kid from 3rd grade and buy him a new hat!",1.2682926829268293,0.0602333625227448,82,64,14,4,not_evaluated,not_evaluated
You're sure that's the right move?,1.2682926829268293,0.0550075423582234,82,62,18,2,not_evaluated,not_evaluated
"Wait, the pointy one can go diagonal, right?",1.268041237113402,0.0538776931968218,97,75,18,4,not_evaluated,not_evaluated
The devil went down to G-3,1.268041237113402,0.0518462071120777,97,74,20,3,not_evaluated,not_evaluated
You think that's checkmate? I'll show you checkmate!,1.268041237113402,0.0497318063175474,97,73,22,2,not_evaluated,not_evaluated
Checkmate Motherfucker,1.268041237113402,0.0518462071120777,97,74,20,3,not_evaluated,not_evaluated
"You do,you die,mate.",1.268041237113402,0.0452072924980167,97,71,26,0,not_evaluated,not_evaluated
"No ""takesies-backsies!""",1.268041237113402,0.0497318063175474,97,73,22,2,not_evaluated,not_evaluated
You wouldn’t dare,1.268041237113402,0.0497318063175474,97,73,22,2,not_evaluated,not_evaluated
Let’s hope our rematch isn’t too soon…,1.268041237113402,0.0518462071120777,97,74,20,3,not_evaluated,not_evaluated
Russian rules - I annex your castle and poison your Queen.,1.2678571428571428,0.0537855010669509,112,89,16,7,not_evaluated,not_evaluated
"Well, that's one down..",1.2678571428571428,0.0507063093043919,112,87,20,5,not_evaluated,not_evaluated
Gotcha...what?,1.2674418604651163,0.0559079236304225,86,66,17,3,not_evaluated,not_evaluated
You’re going to pay for that.,1.2674418604651163,0.0559079236304225,86,66,17,3,not_evaluated,not_evaluated
I guess that's deathmate,1.2674418604651163,0.0534050382777472,86,65,19,2,not_evaluated,not_evaluated
Same time next century?,1.2673267326732671,0.052447218368907,101,78,19,4,not_evaluated,not_evaluated
"You don't scare my Queen --  ""Checkmate!""",1.2673267326732671,0.0485249534845261,101,76,23,2,not_evaluated,not_evaluated
Let me explain why you don't want to do that.,1.2673267326732671,0.0543022146566419,101,79,17,5,not_evaluated,not_evaluated
"Now, how about that fiddlin' contest?",1.2673267326732671,0.0543022146566419,101,79,17,5,not_evaluated,not_evaluated
Care to try again?,1.2673267326732671,0.0543022146566419,101,79,17,5,not_evaluated,not_evaluated
The Queen's COVID Gambit won't work anymore!,1.2673267326732671,0.052447218368907,101,78,19,4,not_evaluated,not_evaluated
"No, mister, YOU are doomed!!",1.2673267326732671,0.052447218368907,101,78,19,4,not_evaluated,not_evaluated
"We are playing""sudden death""!",1.2672413793103448,0.0510133571900296,116,91,19,6,not_evaluated,not_evaluated
Let me introduce you to my King!,1.2672413793103448,0.0479845030904252,116,89,23,4,not_evaluated,not_evaluated
Fortune favors the bold,1.2666666666666666,0.0519290786889498,90,68,20,2,not_evaluated,not_evaluated
Watching Bergman finally pays off.,1.2666666666666666,0.0545824420417681,105,83,16,6,not_evaluated,not_evaluated
Aaaaand you owe me a Coke!,1.2666666666666666,0.0565332202670058,90,70,16,4,not_evaluated,not_evaluated
That's a killer move!,1.2666666666666666,0.0492929247437442,105,80,22,3,not_evaluated,not_evaluated
I am the one who checkmates.,1.2666666666666666,0.0565332202670058,90,70,16,4,not_evaluated,not_evaluated
"You got climate change, Covid and Ukraine, but you didn’t see my Twitter move coming, did you?",1.2666666666666666,0.0578406720702944,105,85,12,8,not_evaluated,not_evaluated
"I don’t think so, Boney Bro!",1.2666666666666666,0.0519290786889498,90,68,20,2,not_evaluated,not_evaluated
"Checkmate, you bony bastard!",1.2666666666666666,0.0492929247437442,105,80,22,3,not_evaluated,not_evaluated
Ha! Now YOU’RE buying dinner!,1.2666666666666666,0.0542799880584039,90,69,18,3,not_evaluated,not_evaluated
The third brother sucked at chess,1.2666666666666666,0.0587000245646893,90,71,14,5,not_evaluated,not_evaluated
Double or nothing in a motorcycle race?,1.2666666666666666,0.0492929247437442,105,80,22,3,not_evaluated,not_evaluated
You can’t just kill my king.,1.2666666666666666,0.0511169503486134,105,81,20,4,not_evaluated,not_evaluated
If Mother Earth could play chess against humans,1.2666666666666666,0.0519290786889498,90,68,20,2,not_evaluated,not_evaluated
I said checkmate & he still took my life!,1.2666666666666666,0.0562351594857982,105,84,14,7,not_evaluated,not_evaluated
You can't win. It's private equity.,1.2660550458715596,0.0515512041120908,109,85,19,5,not_evaluated,not_evaluated
Cheat death? No. Beat it? Yes!,1.2659574468085106,0.0505642649522463,94,71,21,2,not_evaluated,not_evaluated
"Check Mate! Who's got the scythe now, Mr. Grim Reaper?",1.2659574468085106,0.0505642649522463,94,71,21,2,not_evaluated,not_evaluated
HA-HAAAAA! I laugh in the face of death!,1.2659574468085106,0.058922553303312,94,75,13,6,not_evaluated,not_evaluated
"Chill, mate, I’m just checking on you.",1.2659574468085106,0.0549026965546439,94,73,17,4,not_evaluated,not_evaluated
I call it the Heimlich maneuver!,1.2659574468085106,0.0527780777365578,94,72,19,3,not_evaluated,not_evaluated
"You'll never get Queen Elizabeth, either.",1.2659574468085106,0.0569481052220043,94,74,15,5,not_evaluated,not_evaluated
"You're cheating, Death.",1.2659574468085106,0.0527780777365578,94,72,19,3,not_evaluated,not_evaluated
Have you ever danced with the devil in the pale moonlight,1.2659574468085106,0.0549026965546439,94,73,17,4,not_evaluated,not_evaluated
Carefull now. That move could be fatal.,1.2658227848101269,0.0561355894331226,79,60,17,2,not_evaluated,not_evaluated
Oh how the turntables have turned.,1.2658227848101269,0.0561355894331226,79,60,17,2,not_evaluated,not_evaluated
Curses! Foiled again!,1.2654867256637168,0.048715645801597,113,87,22,4,not_evaluated,not_evaluated
"Don’t insist, I promised myself I’d carry my winning strategy to the grave.",1.2654867256637168,0.0533600748177124,113,90,16,7,not_evaluated,not_evaluated
You fall for that every time!,1.2654867256637168,0.0435790168221066,113,84,28,1,not_evaluated,not_evaluated
"You bet your life I won!
Don't be so grim.",1.2653061224489797,0.0471154479345787,98,73,24,1,not_evaluated,not_evaluated
"Is this a game of Life and Death?""",1.2653061224489797,0.0513872776621375,98,75,20,3,not_evaluated,not_evaluated
And I say it's not over: Check Mate!,1.2653061224489797,0.0533951846260542,98,76,18,4,not_evaluated,not_evaluated
Check Annihilate!,1.2653061224489797,0.060766927552326,98,79,10,8,not_evaluated,not_evaluated
Consider moving knight to G6 very carefully,1.2653061224489797,0.0533951846260542,98,76,18,4,not_evaluated,not_evaluated
Checkmate atheists!,1.2653061224489797,0.0513872776621375,98,75,20,3,not_evaluated,not_evaluated
"Raise you 100.
Yah. I know it’s chess but so are you gonna squeal on me?",1.2650602409638554,0.0570721052544705,83,64,16,3,not_evaluated,not_evaluated
Checkmate!  Now how about a rematch?,1.2650602409638554,0.0570721052544705,83,64,16,3,not_evaluated,not_evaluated
A game of life and death.,1.2650602409638554,0.0570721052544705,83,64,16,3,not_evaluated,not_evaluated
"Take that,life expectancy.",1.2650602409638554,0.0595909687658097,83,65,14,4,not_evaluated,not_evaluated
Ha! Just try to escape mate now!,1.2647058823529411,0.0481182911718509,102,77,23,2,not_evaluated,not_evaluated
I finally beat you!,1.2647058823529411,0.0573241244950459,102,82,13,7,not_evaluated,not_evaluated
"Checkmate! 
Where is thy sting?",1.2647058823529411,0.053831042416005,102,80,17,5,not_evaluated,not_evaluated
"Allright, enough, you win with Inevitabilities Gambit.",1.2647058823529411,0.0519965774530288,102,79,19,4,not_evaluated,not_evaluated
That was the Kiss of Death.,1.2647058823529411,0.0519965774530288,102,78,19,4,not_evaluated,not_evaluated
Checkmate. Can i leave now?,1.2647058823529411,0.0500949798489222,102,78,21,3,not_evaluated,not_evaluated
You captured the King...but I captured you.,1.2647058823529411,0.0519965774530288,102,79,19,4,not_evaluated,not_evaluated
F*** me? F*** you. I won.,1.2647058823529411,0.0573241244950459,102,82,13,7,not_evaluated,not_evaluated
"Hey Hun, ever thought about being your own boss?",1.2647058823529411,0.0519965774530288,102,79,19,4,not_evaluated,not_evaluated
"Your days are numbered, my friend.",1.2644628099173554,0.0508449203810645,121,96,18,7,not_evaluated,not_evaluated
"Hey, why are you giving me the finger? It's just chess, not life or death.",1.2644628099173554,0.0480595862954819,121,94,22,5,not_evaluated,not_evaluated
"That's checkmate. Hand over the sickle, Grim.",1.2644628099173554,0.0521818644299793,121,97,16,8,not_evaluated,not_evaluated
"""""This game is over, check and mate
That will postpone our scheduled date
I don't know when
We'll meet again
But I'm prepared to meet my fate""",1.264367816091954,0.0553470016780077,87,67,17,3,not_evaluated,not_evaluated
"I know people who would call that gesture a ""bird flip"".",1.264367816091954,0.0553470016780077,87,67,17,3,not_evaluated,not_evaluated
Just a hint: I wouldn’t!,1.264367816091954,0.052877049732218,87,66,19,2,not_evaluated,not_evaluated
"Look into this abyss and say, checkmate!",1.2641509433962264,0.0488904505315823,106,81,22,3,not_evaluated,not_evaluated
"Checkmate! Come back when you've improved your endgame.""",1.2641509433962264,0.0488904505315823,106,81,22,3,not_evaluated,not_evaluated
Double or Nothing?! I just Checkmated you for Immortality! What’s Double?,1.2641509433962264,0.0524372500405525,106,83,18,5,not_evaluated,not_evaluated
"You're winning on a technicality, but okay.",1.2641509433962264,0.0470168228814319,106,80,24,2,not_evaluated,not_evaluated
that's what you get for playing a Bergman film devotee....,1.2641509433962264,0.0557588937340918,106,85,14,7,not_evaluated,not_evaluated
"Check! It's mate in three moves, and there *nothing* you can do about it.",1.2637362637362637,0.0537601166562852,91,70,18,3,not_evaluated,not_evaluated
"Gotcha!""
""That's what you think.",1.2637362637362637,0.0621848142209846,91,73,10,7,not_evaluated,not_evaluated
"Hey, Pal. I could show you some moves, improve your game.",1.2637362637362637,0.0514387976015881,91,69,20,2,not_evaluated,not_evaluated
This is one endgame you haven't dealt with!,1.2637362637362637,0.0514387976015881,91,69,20,2,not_evaluated,not_evaluated
"But, I invented this game.",1.2637362637362637,0.04900764893868,91,68,22,1,not_evaluated,not_evaluated
Ha! You forgot about my booster shot.,1.2637362637362637,0.0559852693759495,91,71,16,4,not_evaluated,not_evaluated
"One more, double or nothing, including my wife.",1.2636363636363637,0.0494798174156732,110,85,21,4,not_evaluated,not_evaluated
"Match that,Alito!",1.2636363636363637,0.0494798174156732,110,85,21,4,not_evaluated,not_evaluated
That's what you get since you always choose black.,1.263157894736842,0.0501074462904371,95,72,21,2,not_evaluated,not_evaluated
"Oh that's very mature, I win and you give me the finger.",1.263157894736842,0.0602542695783166,95,77,11,7,not_evaluated,not_evaluated
Should I be worried you're flipping me the finger?,1.263157894736842,0.0522945536311624,95,73,19,3,not_evaluated,not_evaluated
"Knock-knock. Who's there? Death. Death who?
Death gets his ass kicked by an amateur chess player!",1.263157894736842,0.046709173278225,114,87,24,3,not_evaluated,not_evaluated
Check! Your move.,1.263157894736842,0.0450165688742519,114,85,26,2,not_evaluated,not_evaluated
"Checkmate. Guess I play first in chess,too.",1.263157894736842,0.0450165688742519,114,86,26,2,not_evaluated,not_evaluated
"Hah! And I cheated, too!",1.263157894736842,0.0543937910539062,95,74,17,4,not_evaluated,not_evaluated
Never play f3.,1.263157894736842,0.0522945536311624,95,73,19,3,not_evaluated,not_evaluated
Told ya I’d kill it!,1.263157894736842,0.0501074462904371,95,72,21,2,not_evaluated,not_evaluated
You’re killing me with these rookie moves!,1.263157894736842,0.0522945536311624,95,73,19,3,not_evaluated,not_evaluated
You can't keep cheating death this way steve,1.263157894736842,0.0543937910539062,95,74,17,4,not_evaluated,not_evaluated
"Checkmate, I get 10 more years of convincing people to join pyramid schemes!",1.263157894736842,0.048342551271734,114,88,22,4,not_evaluated,not_evaluated
One move closer to heaven.,1.2627118644067796,0.0487835007328129,118,92,21,5,not_evaluated,not_evaluated
Haha! I killed your knight,1.2626262626262623,0.0529209836100786,99,77,18,4,not_evaluated,not_evaluated
COVID takes Bishop!,1.2626262626262623,0.0467140376803424,99,74,24,1,not_evaluated,not_evaluated
A soul loser,1.2626262626262623,0.0509361113844813,99,76,20,3,not_evaluated,not_evaluated
Check and checkmate: I am now your grim reaper.,1.2626262626262623,0.0488706903950248,99,75,22,2,not_evaluated,not_evaluated
Psst…You were never truly living in the first place.,1.2626262626262623,0.0529209836100786,99,77,18,4,not_evaluated,not_evaluated
"Trust me, once you give us the film rights to The Grimm's Gambit, your public image will be glorious!",1.2626262626262623,0.0488706903950248,99,75,22,2,not_evaluated,not_evaluated
Haha!! GOD SAVE THE QUEEN!,1.2626262626262623,0.0529209836100786,99,77,18,4,not_evaluated,not_evaluated
Some actuary you are.,1.2626262626262623,0.0488706903950248,99,75,22,2,not_evaluated,not_evaluated
Do you think I didn't see that coming?,1.2625,0.0583088405482046,80,62,15,3,not_evaluated,not_evaluated
There was no cheating this time!,1.2625,0.0555289581198262,80,61,17,2,not_evaluated,not_evaluated
I don’t think you understand the end game here,1.2625,0.0526023715593782,80,60,19,1,not_evaluated,not_evaluated
"Ya win some, ya lose some.",1.2621359223300972,0.0515533783403437,103,80,19,4,not_evaluated,not_evaluated
Winner takes all!,1.2621359223300972,0.0477180888144474,103,78,23,2,not_evaluated,not_evaluated
Prepare to die.,1.2621359223300972,0.0515533783403437,103,80,19,4,not_evaluated,not_evaluated
What does Death say to the chess master? NOT TODAY.,1.2621359223300972,0.0515533783403437,103,80,19,4,not_evaluated,not_evaluated
"But Grim, there is no sudden death in chess.",1.2621359223300972,0.0496727632531456,103,79,21,3,not_evaluated,not_evaluated
Ha! Caught your king between a rook and a hard place.,1.2621359223300972,0.0551224603632833,103,82,15,6,not_evaluated,not_evaluated
"Checkmate! Now, bring back your Joe Black-look for a year!",1.2621359223300972,0.0515533783403437,103,80,19,4,not_evaluated,not_evaluated
Congratulations Jerry. However your unusually high blood pressure will no doubt bring about a rematch.,1.2621359223300972,0.0551224603632833,103,82,15,6,not_evaluated,not_evaluated
"Alright, I win again! Same time next century?",1.2621359223300972,0.0533677639348154,103,81,17,5,not_evaluated,not_evaluated
Beating death.,1.261904761904762,0.0564768028960631,84,65,16,3,not_evaluated,not_evaluated
My king for your soul.,1.261904761904762,0.0538773378399109,84,64,18,2,not_evaluated,not_evaluated
No! Now YOUR time is up!,1.261904761904762,0.0613461712794734,84,67,12,5,not_evaluated,not_evaluated
Yes! Now you have to take me.,1.261904761904762,0.0613461712794734,84,67,12,5,not_evaluated,not_evaluated
I'll let you in on a secret...all my wins have been on time...,1.261904761904762,0.0564768028960631,84,65,16,3,not_evaluated,not_evaluated
"Where's your nose?  I've got your nose... "" ""No, it's right here.... AHHHH"" .",1.261904761904762,0.0564768028960631,84,65,16,3,not_evaluated,not_evaluated
"Now I get to be Death, and you spend eternity as a GS-10 from HHS!",1.2616822429906542,0.0520035004826206,107,84,18,5,not_evaluated,not_evaluated
I cheated death!,1.2616822429906542,0.0484942530196683,107,82,22,3,not_evaluated,not_evaluated
You watch Russian TV don't you?,1.2616822429906542,0.0502795019783486,107,83,20,4,not_evaluated,not_evaluated
"Fool's Mate, dummy! What do I win?",1.2616822429906542,0.0502795019783486,107,83,20,4,not_evaluated,not_evaluated
"Ha. At best, you have one move left.",1.2616822429906542,0.0502795019783486,107,83,20,4,not_evaluated,not_evaluated
Bobby Fischer you're not.,1.2616822429906542,0.0466407207564425,107,81,24,2,not_evaluated,not_evaluated
Let's call it a draw and go our separate ways?,1.2616822429906542,0.0502795019783486,107,83,20,4,not_evaluated,not_evaluated
I finally learned to play chess and all it took was an eternity in Hell,1.2616822429906542,0.0502795019783486,107,83,20,4,not_evaluated,not_evaluated
I might be dead but I'll have to check.,1.2613636363636365,0.0498019016714054,88,66,21,1,not_evaluated,not_evaluated
Doesn't count if you get off your seat.,1.2613636363636365,0.0523589765937231,88,67,19,2,not_evaluated,not_evaluated
"You can give me the finger all you want, but I still won! Checkmate!",1.2613636363636365,0.0571308014091301,88,69,15,4,not_evaluated,not_evaluated
I'll see you same time next year !!,1.2613636363636365,0.0571308014091301,88,68,15,4,not_evaluated,not_evaluated
I bet you never saw this coming. Sound familiar?,1.2613636363636365,0.0593730704065671,88,70,13,5,not_evaluated,not_evaluated
"Oh enjoy this moment while you can, you just won my job",1.2613636363636365,0.0547968562035794,88,68,17,3,not_evaluated,not_evaluated
Checkmate!I don’t pay taxes either!,1.2613636363636365,0.0547968562035794,88,68,17,3,not_evaluated,not_evaluated
I need to stop playing against Scott Walker fans,1.2613636363636365,0.0523589765937231,88,67,19,2,not_evaluated,not_evaluated
Cheating Death?!? I won fair and square!,1.2612612612612613,0.0523199877270579,111,88,17,6,not_evaluated,not_evaluated
You never saw it coming,1.2612612612612613,0.0490895181088505,111,86,21,4,not_evaluated,not_evaluated
You ask me for another kiss and I'll kill you.,1.2608695652173914,0.055447545442538,92,72,16,4,not_evaluated,not_evaluated
"That, my good sir, was a deadly move!",1.2608695652173914,0.050957307710706,92,70,20,2,not_evaluated,not_evaluated
Steve thinks he's actually beaten Death.,1.2608695652173914,0.055447545442538,92,72,16,4,not_evaluated,not_evaluated
"And mate. I get two more years, but my wife doesn't know. That was the deal.",1.2608695652173914,0.0532497770170255,92,71,18,3,not_evaluated,not_evaluated
"Who me ? No,I'd never try to cheat death.",1.2608695652173914,0.0532497770170255,92,71,18,3,not_evaluated,not_evaluated
"Check Mate, Now give me back my goldfish",1.2608695652173914,0.055447545442538,92,72,16,4,not_evaluated,not_evaluated
Do you really want my queen?,1.2608695652173914,0.050957307710706,92,70,20,2,not_evaluated,not_evaluated
Who's certain now!,1.2608695652173914,0.0485567262681928,92,69,22,1,not_evaluated,not_evaluated
That’s okay. You can play White next time.,1.2608695652173914,0.0495393833138963,115,90,20,5,not_evaluated,not_evaluated
"To submit your caption, leave it as a comment below with the hashtag",1.2608695652173914,0.0495393833138963,115,90,20,5,not_evaluated,not_evaluated
"Checkmate, now let me keep smoking cigarettes.",1.2608695652173914,0.055447545442538,92,72,16,4,not_evaluated,not_evaluated
Checkmate!  Do we have time for another game?  I mean...DO I have time for another game?,1.2604166666666667,0.0538939660446639,96,75,17,4,not_evaluated,not_evaluated
"Never saw it coming, did ya?",1.2604166666666667,0.0518195072381951,96,74,19,3,not_evaluated,not_evaluated
Check mate -- unless you're interested in a a deal!,1.2604166666666667,0.0496584643821707,96,73,21,2,not_evaluated,not_evaluated
"Right now, it's still fun and games.",1.2604166666666667,0.0473989961832662,96,72,23,1,not_evaluated,not_evaluated
Looks like that extra playing time during Covid didn't help you.,1.2604166666666667,0.0538939660446639,96,75,17,4,not_evaluated,not_evaluated
Metempsychosis wins !,1.2604166666666667,0.0518195072381951,96,74,19,3,not_evaluated,not_evaluated
"I just want to say in the nicest way checkmate!
Frank Buckley 
Andover MA",1.26,0.0504925236990086,100,77,20,3,not_evaluated,not_evaluated
"But because it's Thursday your queen becomes white!"" How to cheat death",1.26,0.0524548868220602,100,78,18,4,not_evaluated,not_evaluated
ha! … and they say you can never cheat death …,1.26,0.0543464382782842,100,79,16,5,not_evaluated,not_evaluated
A win for one is overpopulation for all.,1.26,0.0543464382782842,100,79,16,5,not_evaluated,not_evaluated
Checkmate - the River Styx franchise is mine!,1.26,0.0484507455822379,100,76,22,2,not_evaluated,not_evaluated
Who would have thought I’d ever put Bobby Fischer in checkmate?,1.26,0.0504925236990086,100,77,20,3,not_evaluated,not_evaluated
"You have one move left, and that is death.",1.26,0.0524548868220602,100,78,18,4,not_evaluated,not_evaluated
no fucKING way.,1.26,0.0504925236990086,100,77,20,3,not_evaluated,not_evaluated
"-you can live, you can hide, but you can't hide all your life -OK. checkmate ,less talking more thinking.",1.2597402597402598,0.0566874288902674,77,59,16,2,not_evaluated,not_evaluated
Fine by me. You play whites and I'll come over to the other side.,1.2597402597402598,0.0596257334868709,77,60,14,3,not_evaluated,not_evaluated
"No bishop can save you here, human.",1.2597402597402598,0.0566874288902674,77,59,16,2,not_evaluated,not_evaluated
Your next move could be your last.,1.2596153846153846,0.0473242046023177,104,79,23,2,not_evaluated,not_evaluated
"If you collect my king, I collect your soul.",1.2596153846153846,0.0529121898375067,104,82,17,5,not_evaluated,not_evaluated
I think you're a little paranoid about people cheating you,1.2596153846153846,0.0473242046023177,104,79,23,2,not_evaluated,not_evaluated
Hah! I cheated Death without cheating!!!!,1.2596153846153846,0.0492573531427353,104,80,21,3,not_evaluated,not_evaluated
Ha! Checkmate! Now I get the robe and scythe.,1.2596153846153846,0.0492573531427353,104,80,21,3,not_evaluated,not_evaluated
Are you absolutely positively sure you want to make this move?,1.2596153846153846,0.0473242046023177,104,79,23,2,not_evaluated,not_evaluated
Laugh well for it may be your last.,1.2596153846153846,0.0473242046023177,104,79,23,2,not_evaluated,not_evaluated
Looks like this is your day off.,1.2596153846153846,0.0511174464934844,104,81,19,4,not_evaluated,not_evaluated
What’s next? The Game of Life?,1.2596153846153846,0.0511174464934844,104,81,19,4,not_evaluated,not_evaluated
You see this face? This will be the last time you see this face if you let go of that piece.,1.2592592592592593,0.0515766817140973,108,85,18,5,not_evaluated,not_evaluated
Yeah? Try putting your finger on my queen.,1.2592592592592593,0.0462703284735766,108,82,24,2,not_evaluated,not_evaluated
"That's not even a real King, It's fake! The real King was stolen. I built a great big wall around the King, the biggest wall. Nobody builds walls better than I do.",1.2592592592592593,0.0481041948646985,108,83,22,3,not_evaluated,not_evaluated
"No, this isn't the game of life. Why do you ask?",1.2592592592592593,0.054934803608116,81,62,17,2,not_evaluated,not_evaluated
I can't believe you fell for the Ingmar Bergman Defense AGAIN!,1.2592592592592593,0.0443607149460473,108,81,26,1,not_evaluated,not_evaluated
I think you have something in your teeth.,1.2589285714285714,0.0487051376163351,112,87,21,4,not_evaluated,not_evaluated
"Check mate, I live and you die.",1.258823529411765,0.0533288019165751,85,65,18,2,not_evaluated,not_evaluated
Now give me my booster shot!,1.258823529411765,0.0558934089019021,85,65,16,3,not_evaluated,not_evaluated
So this proves that I’m MORE than just a pawn in the game of life!,1.258823529411765,0.0506344652291241,85,64,20,1,not_evaluated,not_evaluated
"I've moved my soul to private equity in a Cayman hedge fund, you can't touch it!",1.258823529411765,0.0533288019165751,85,65,18,2,not_evaluated,not_evaluated
"Check me out, mate!",1.258823529411765,0.0651499910817103,85,70,8,7,not_evaluated,not_evaluated
"Check mate, reap that!",1.258823529411765,0.0558934089019021,85,66,16,3,not_evaluated,not_evaluated
"Take my king and it’ll be checkmate for you, too",1.258823529411765,0.0506344652291241,85,64,20,1,not_evaluated,not_evaluated
Now to just beat taxes,1.258823529411765,0.0558934089019021,85,66,16,3,not_evaluated,not_evaluated
"ok, ok, but as soon as you beat me mario kart is next.",1.258823529411765,0.0506344652291241,85,64,20,1,not_evaluated,not_evaluated
HA! Checkmate!! Now get me the hell out of this crazy world like we bargained!,1.2586206896551724,0.0476127080021102,116,90,22,4,not_evaluated,not_evaluated
Death Mate !! Time to go .,1.2586206896551724,0.0460113564874255,116,89,24,3,not_evaluated,not_evaluated
The end is here!,1.2584269662921348,0.0493266454245133,89,67,21,1,not_evaluated,not_evaluated
Or not.,1.2584269662921348,0.0542571947179543,89,69,17,3,not_evaluated,not_evaluated
"Good move, but it really doesn't matter if you checkmate me",1.2584269662921348,0.0542571947179543,89,69,17,3,not_evaluated,not_evaluated
"I never cheat,Death!",1.2584269662921348,0.0565615221999478,89,70,15,4,not_evaluated,not_evaluated
"if I lose, it's rigged",1.2584269662921348,0.0518505599174091,89,68,19,2,not_evaluated,not_evaluated
"Ha, cheated you once again!",1.2584269662921348,0.0542571947179543,89,69,17,3,not_evaluated,not_evaluated
"If only Death were as certain as Taxes, am I right?",1.2584269662921348,0.0518505599174091,89,68,19,2,not_evaluated,not_evaluated
I win! Now could you please keep your promise and bring my lost soul back?,1.2584269662921348,0.0565615221999478,89,70,15,4,not_evaluated,not_evaluated
You can't just take my queen because it's 'her time'!,1.2580645161290325,0.0570082091118149,93,74,14,5,not_evaluated,not_evaluated
Fiddlestyx!,1.2580645161290325,0.0527487224939452,93,72,18,3,not_evaluated,not_evaluated
So much for you! Now I gotta go play Taxes,1.2580645161290325,0.0549197761779837,93,73,16,4,not_evaluated,not_evaluated
That's what you get for being such a Kharon.,1.2580645161290325,0.0590227921809279,93,75,12,6,not_evaluated,not_evaluated
I am tired of reaping what I saw.,1.2580645161290325,0.0504843900037096,93,71,20,2,not_evaluated,not_evaluated
"Breaking: Conan O'Brian signed for Netflix's remake of THE SEVENTH SEAL. Different, ""happy ending"" a possibility, says studio chief.",1.2580645161290325,0.0527487224939452,93,72,18,3,not_evaluated,not_evaluated
Nevermind this game. Ever play checkers?,1.2577319587628866,0.0513527289824001,97,75,19,3,not_evaluated,not_evaluated
I'm vaccinated........and boosted!,1.2577319587628866,0.0534029906114091,97,76,17,4,not_evaluated,not_evaluated
"And that, Mr. Death, is how we kill in chess!”",1.2577319587628866,0.0534029906114091,97,76,17,4,not_evaluated,not_evaluated
Sudden death play-off!,1.2577319587628866,0.0534029906114091,97,76,17,4,not_evaluated,not_evaluated
No need for a postmortem I guess.,1.2577319587628866,0.0492171326027577,97,74,21,2,not_evaluated,not_evaluated
"Ha! You took your bony finger off it so, YOUR outlook is grim.",1.2577319587628866,0.0513527289824001,97,75,19,3,not_evaluated,not_evaluated
"Instead, I'll  just resign my Queen, capitulate the game and 
in exchange you stick that boney finger where the sun don't shine.",1.2577319587628866,0.0591287519160472,97,79,11,7,not_evaluated,not_evaluated
"Suck it, Reaper!""",1.2574257425742574,0.0538672099355859,101,80,16,5,not_evaluated,not_evaluated
"""You know I was joking earlier right ?""",1.2574257425742574,0.0500563352861962,101,78,20,3,not_evaluated,not_evaluated
I have you in check death,1.2574257425742574,0.0480376612701315,101,77,22,2,not_evaluated,not_evaluated
No one beats Death at chess and lives to talk about it.,1.2571428571428571,0.0449431293639832,105,79,25,1,not_evaluated,not_evaluated
That was easy. Best out of three?,1.2571428571428571,0.0449431293639832,105,79,25,1,not_evaluated,not_evaluated
Ha! I'm not going to wear a mask on the plane!,1.2571428571428571,0.0488485951008634,105,81,21,3,not_evaluated,not_evaluated
Ha! Kill my knight will you!,1.256880733944954,0.0494682387708498,109,85,20,4,not_evaluated,not_evaluated
Stop picking your nose. Check mate.,1.256880733944954,0.0527910596380185,109,87,16,6,not_evaluated,not_evaluated
"What's the sanskrit word for ""I live?""",1.256880733944954,0.0477201423068111,109,84,22,3,not_evaluated,not_evaluated
Checkmate! I've never felt so alive.,1.256880733944954,0.0527910596380185,109,87,16,6,not_evaluated,not_evaluated
"If you place that piece, i will steal your soul for eternity",1.256880733944954,0.0527910596380185,109,87,16,6,not_evaluated,not_evaluated
Health check.,1.2566371681415929,0.0499347884827136,113,89,19,5,not_evaluated,not_evaluated
"Ok, but I'm still taking your dog.",1.2566371681415929,0.0514928239049716,113,90,17,6,not_evaluated,not_evaluated
Is this a move? No? Yes?,1.2564102564102564,0.0617102718703418,78,62,12,4,not_evaluated,not_evaluated
"I hate to brag, but I've beaten death mor times than my cat!",1.2564102564102564,0.044027036267103,117,89,26,2,not_evaluated,not_evaluated
"Don't worry! I sold my soul to Google, too! Checkmate.",1.2564102564102564,0.0502775177169253,117,93,17,6,not_evaluated,not_evaluated
"You really suck at this game, Kevin.",1.2564102564102564,0.0487900253273966,117,92,20,5,not_evaluated,not_evaluated
"No John, a kale smoothie is not a checkmate.",1.2564102564102564,0.0560549461538483,78,60,16,2,not_evaluated,not_evaluated
You’re officially dead to me!,1.2564102564102564,0.058950464979601,78,61,14,3,not_evaluated,not_evaluated
"It’s just I have lots of practice playing against you: I smoke, I text while I drive, I bring up politics during Thanksgiving…",1.2564102564102564,0.058950464979601,78,61,14,3,not_evaluated,not_evaluated
Check Mate! Now where do we go from here?,1.256198347107438,0.0462490050817486,121,94,23,4,not_evaluated,not_evaluated
Deathmate!,1.2560975609756098,0.0543527672632292,82,63,17,2,not_evaluated,not_evaluated
Lashing out would be pointless. Your king is made of plastic.,1.2560975609756098,0.0543527672632292,82,63,17,2,not_evaluated,not_evaluated
That time Mr. Lannister cheated death and won.,1.2560975609756098,0.0515083409451171,82,62,19,1,not_evaluated,not_evaluated
That’s ridiculous! I would never try to cheat you…,1.2560975609756098,0.0515083409451171,82,62,19,1,not_evaluated,not_evaluated
"Remember, we were playing strip chess!",1.2560975609756098,0.0570555644212121,82,64,15,3,not_evaluated,not_evaluated
You lose! Now I get to know the surprise you were keeping secret.,1.2560975609756098,0.0621093042621454,82,66,11,5,not_evaluated,not_evaluated
Now it's my turn to ferry you across the River Styx.,1.2560975609756098,0.0570555644212121,82,64,15,3,not_evaluated,not_evaluated
Check before you mate death.,1.2560975609756098,0.0596359920993641,82,65,13,4,not_evaluated,not_evaluated
"Grim, you need to work on your endgame.",1.2560975609756098,0.0570555644212121,82,64,15,3,not_evaluated,not_evaluated
"Anythin else to check, mate?",1.255813953488372,0.0501326462429786,86,65,20,1,not_evaluated,not_evaluated
I've waited all my life for this moment!,1.255813953488372,0.060063911495953,86,69,12,5,not_evaluated,not_evaluated
I got you first!,1.255813953488372,0.0553215856764668,86,67,16,3,not_evaluated,not_evaluated
"That was great, want to go again ?",1.255813953488372,0.0501326462429786,86,65,20,1,not_evaluated,not_evaluated
Trying to win? Big mistake!,1.255813953488372,0.0527909085974199,86,66,18,2,not_evaluated,not_evaluated
"Check mate, hah! Okay, your turn…",1.255813953488372,0.0501326462429786,86,65,20,1,not_evaluated,not_evaluated
I'm not afraid of you. I just didn’t want to be here when this happened,1.255813953488372,0.0577414552377767,86,68,14,4,not_evaluated,not_evaluated
BONE YA!,1.255813953488372,0.0527909085974199,86,66,18,2,not_evaluated,not_evaluated
That move will cost you.,1.2555555555555555,0.0462342488915368,90,67,23,0,not_evaluated,not_evaluated
I enjoy a low stakes game of chess with the devil.,1.2555555555555555,0.0560031903654951,90,71,15,4,not_evaluated,not_evaluated
"No one, NO ONE beats me!",1.2555555555555555,0.0513515486703101,90,69,19,2,not_evaluated,not_evaluated
"When you say, “This game is going to be the death of me,”  that means you, right?",1.2555555555555555,0.0537277343741252,90,70,17,3,not_evaluated,not_evaluated
Yoink!,1.2555555555555555,0.0537277343741252,90,70,17,3,not_evaluated,not_evaluated
I miss when people played the fiddle,1.2555555555555555,0.0560031903654951,90,71,15,4,not_evaluated,not_evaluated
Don’t act so surprised. All politicians are used to playing with death.,1.2555555555555555,0.0513515486703101,90,69,19,2,not_evaluated,not_evaluated
"Pst, you’re already dead inside",1.2555555555555555,0.0581897346724593,90,72,13,5,not_evaluated,not_evaluated
I call it the Seventh Seal Gambit.....,1.25531914893617,0.0544016982757331,94,74,16,4,not_evaluated,not_evaluated
"Now, about world peace...",1.25531914893617,0.052256714170322,94,73,18,3,not_evaluated,not_evaluated
“I take it you didn’t want to play again?”,1.25531914893617,0.052256714170322,94,73,18,3,not_evaluated,not_evaluated
"Brilliant move, but remember, we play again tomorrow.",1.25531914893617,0.0452152892024724,94,70,24,0,not_evaluated,not_evaluated
"Checkmate! Now you can take that silly hood off, Larry.",1.25531914893617,0.0500198318317201,94,72,20,2,not_evaluated,not_evaluated
No fair dying before your next  move.,1.25531914893617,0.052256714170322,94,73,18,3,not_evaluated,not_evaluated
"It's call the Bergman Gambit. If you don't believe me, look it up!",1.25531914893617,0.0544016982757331,94,74,16,4,not_evaluated,not_evaluated
Who you calling CHECK?  MATE!,1.25531914893617,0.0544016982757331,94,74,16,4,not_evaluated,not_evaluated
So what do YOU think check mate means?!,1.25531914893617,0.052256714170322,94,73,18,3,not_evaluated,not_evaluated
I learned what to correct from seeing the movie!,1.25531914893617,0.052256714170322,94,73,18,3,not_evaluated,not_evaluated
Checkmate! Ingmar who?,1.25531914893617,0.052256714170322,94,73,18,3,not_evaluated,not_evaluated
Elon Musk conquers Death,1.25531914893617,0.052256714170322,94,73,18,3,not_evaluated,not_evaluated
Ha!  Maybe you should have gotten Igmar Bergman to play for you!,1.2551020408163265,0.0487832694954194,98,75,21,2,not_evaluated,not_evaluated
Checkmate!  I've cheated Death!,1.2551020408163265,0.0548724675027206,98,78,15,5,not_evaluated,not_evaluated
"Check…, I mean the King is Dead!",1.2551020408163265,0.0508940155459119,98,76,19,3,not_evaluated,not_evaluated
You’ll wish you’d played more slowly.,1.2551020408163265,0.0487832694954194,98,75,21,2,not_evaluated,not_evaluated
"Nice try Steve, but you cannot cheat Death",1.2551020408163265,0.0529206410969513,98,77,17,4,not_evaluated,not_evaluated
Hold it right there death cannot do en passant!,1.2551020408163265,0.0508940155459119,98,76,19,3,not_evaluated,not_evaluated
Are you flipping me the bird for this checkmate?,1.2551020408163265,0.0508940155459119,98,76,19,3,not_evaluated,not_evaluated
Gary cheats Death.,1.2551020408163265,0.0487832694954194,98,75,21,2,not_evaluated,not_evaluated
DON'T THINK TOO MUCH.,1.2551020408163265,0.0508940155459119,98,76,19,3,not_evaluated,not_evaluated
Let’s play the game of Life instead,1.2551020408163265,0.0585813499442164,98,80,11,7,not_evaluated,not_evaluated
We all lose; don’t look so grim.,1.2551020408163265,0.0487832694954194,98,75,21,2,not_evaluated,not_evaluated
Not sure why you're smiling...,1.2549019607843137,0.0496273719371679,102,79,20,3,not_evaluated,not_evaluated
Wait. I haven’t taken my hand off it yet.,1.2549019607843137,0.0496273719371679,102,79,20,3,not_evaluated,not_evaluated
Check mate! You are dead meat now.,1.2549019607843137,0.051546223005715,102,80,18,4,not_evaluated,not_evaluated
Does the Constitution mention this?,1.2549019607843137,0.051546223005715,102,80,18,4,not_evaluated,not_evaluated
"When you said “I kill at chess”, that was just a figure of speech, right?”",1.2549019607843137,0.051546223005715,102,80,18,4,not_evaluated,not_evaluated
Enough! The tables have turned.,1.2549019607843137,0.051546223005715,102,80,18,4,not_evaluated,not_evaluated
Mortal Combat- Chess Edition,1.2547169811320755,0.0502667113901763,106,83,19,4,not_evaluated,not_evaluated
"Die, motherfucker!",1.2547169811320755,0.0520234254283629,106,84,17,5,not_evaluated,not_evaluated
Ah ah ah! That was only the sixth seal!,1.2545454545454546,0.0473419650779496,110,85,22,3,not_evaluated,not_evaluated
"He learned the hard way, ""You can't Cheat Death!""",1.2545454545454546,0.0436766564042642,110,83,26,1,not_evaluated,not_evaluated
"Well, I have a different endgame...",1.2545454545454546,0.0473419650779496,110,85,22,3,not_evaluated,not_evaluated
"You come at the Reaper,You Best not Miss",1.2545454545454546,0.0490720626103553,110,86,20,4,not_evaluated,not_evaluated
"Bro, you're being a sore loser. No one's ""cheating you"".",1.2543859649122806,0.0510887570250037,114,91,17,6,not_evaluated,not_evaluated
"My pawn sacrifice fooled you, didn't it?",1.2543859649122806,0.0495459957941597,114,90,19,5,not_evaluated,not_evaluated
Check mate! Best of three?,1.2543859649122806,0.0510887570250037,114,91,17,6,not_evaluated,not_evaluated
"Nope. I'm not going to say, ""Your move.""",1.2540983606557377,0.0459163949418894,122,95,23,4,not_evaluated,not_evaluated
I'll have what she's having.,1.2533333333333334,0.0603095119963446,75,58,13,3,not_evaluated,not_evaluated
"So you don't like checkmate, either. In any case, my finger is still on the piece!",1.2531645569620251,0.0582899066722284,79,62,14,3,not_evaluated,not_evaluated
Check and Mate! ...but I guess you still win.,1.2531645569620251,0.0582899066722284,79,62,14,3,not_evaluated,not_evaluated
"What do you mean by 'my next move's a killer' "" ?",1.2531645569620251,0.0636148811953879,79,64,10,5,not_evaluated,not_evaluated
You haven't watched 'The Queen's Gambit'?,1.2531645569620251,0.0610105168366915,79,63,12,4,not_evaluated,not_evaluated
Want to up the wager from damnation to eternal damnation?,1.2530120481927711,0.050977438482117,83,63,19,1,not_evaluated,not_evaluated
"Technically, it's not an illegal move if you do it for Trump.",1.2530120481927711,0.053782502679481,83,64,17,2,not_evaluated,not_evaluated
And that's how you play chess--I'm afraid I have to bill you for the full hour,1.2530120481927711,0.0589938498066457,83,66,13,4,not_evaluated,not_evaluated
"Ha, ha! What a loser you are and there's nothing you can do about it, loser!",1.2530120481927711,0.0614339700432865,83,67,11,5,not_evaluated,not_evaluated
Check and mate! Now you have to resurrect my sense of hope in humanity.,1.2530120481927711,0.050977438482117,83,63,19,1,not_evaluated,not_evaluated
I called for Jack Reacher”,1.2530120481927711,0.0564483476705805,83,65,15,3,not_evaluated,not_evaluated
The Origin of Immortality,1.2530120481927711,0.0564483476705805,83,65,15,3,not_evaluated,not_evaluated
Very nice. But I’m afraid I have to say that is your last move.,1.2530120481927711,0.0564483476705805,83,65,15,3,not_evaluated,not_evaluated
"You snooze, you lose. And, in your case, you're dead!",1.2530120481927711,0.0589938498066457,83,66,13,4,not_evaluated,not_evaluated
"Ha ha, Checkmate!!  Ah but you forget who has the last laugh.",1.2530120481927711,0.053782502679481,83,64,17,2,not_evaluated,not_evaluated
"Wait a minute.
That is an extra pawn made from one of your boney digits.",1.2530120481927711,0.0589938498066457,83,66,13,4,not_evaluated,not_evaluated
Ha-ha! Wanna try your luck with that fiddle again while we're at it?,1.2530120481927711,0.0614339700432865,83,67,11,5,not_evaluated,not_evaluated
Life in 2022,1.2530120481927711,0.0589938498066457,83,66,13,4,not_evaluated,not_evaluated
"Is now a good time to tell you I've seen ""The Seventh Seal""?",1.2528735632183907,0.0522633687957665,87,67,18,2,not_evaluated,not_evaluated
"Too weak, too slow!",1.2528735632183907,0.0547610073340898,87,68,16,3,not_evaluated,not_evaluated
Chess is LIFE!,1.2528735632183907,0.0496402207037838,87,66,20,1,not_evaluated,not_evaluated
Maybe you should consider another line of work!,1.2528735632183907,0.0616497570419385,87,71,10,6,not_evaluated,not_evaluated
Before you check mate me do you realise who I am,1.2528735632183907,0.0547610073340898,87,68,16,3,not_evaluated,not_evaluated
I win.  Now bring back abortion rights.,1.2528735632183907,0.0571495943170743,87,69,14,4,not_evaluated,not_evaluated
Does this look infected?,1.2528735632183907,0.0594422773534806,87,70,12,5,not_evaluated,not_evaluated
Now let's get something to eat.  You're all skin and bones.,1.2528735632183907,0.0496402207037838,87,66,20,1,not_evaluated,not_evaluated
"No, it's you who are beknighted!""",1.2528735632183907,0.0571495943170743,87,69,14,4,not_evaluated,not_evaluated
And that’s how I beat Deep Blue!,1.2528735632183907,0.0594422773534806,87,70,12,5,not_evaluated,not_evaluated
"That's 'check' and 'mate,' mate!""",1.2527472527472527,0.0576152168235363,91,73,13,5,not_evaluated,not_evaluated
Cheat? Who needs to cheat when your queen is so exposed.,1.2527472527472527,0.0532082016349229,91,71,17,3,not_evaluated,not_evaluated
Who you can't beat Death,1.2527472527472527,0.0508616995097722,91,70,19,2,not_evaluated,not_evaluated
"Oh, you're so dead!",1.2527472527472527,0.0532082016349229,91,71,17,3,not_evaluated,not_evaluated
Gambit schmambit!,1.2527472527472527,0.0576152168235363,91,73,13,5,not_evaluated,not_evaluated
You’re cheating.,1.2527472527472527,0.0484015726275719,91,69,21,1,not_evaluated,not_evaluated
"Listen, You Win! And..I loved you in ""The Lord of the Rings!""",1.2527472527472527,0.0532082016349229,91,71,17,3,not_evaluated,not_evaluated
It doesn't matter who wins,1.2527472527472527,0.0596968462636289,91,74,11,6,not_evaluated,not_evaluated
"Facing little chance of success, Ebenezer used the Wing Gambit and surprisingly soon had the Ghost of Grandmasters Past in check with his Bishop.",1.2527472527472527,0.0576152168235363,91,73,13,5,not_evaluated,not_evaluated
''Checkmate...I live...YOU die'',1.2527472527472527,0.0508616995097722,91,70,19,2,not_evaluated,not_evaluated
"Here, take my king. Face it, I'm too big to fail.",1.2527472527472527,0.0508616995097722,91,70,19,2,not_evaluated,not_evaluated
Checkmate!,1.2526315789473683,0.049563426742571,95,73,20,2,not_evaluated,not_evaluated
The dead hand checkmate.,1.2526315789473683,0.0538930570846854,95,75,16,4,not_evaluated,not_evaluated
And now my one wish is for you to do a dance with me for my TikTok channel.,1.2526315789473683,0.049563426742571,95,73,20,2,not_evaluated,not_evaluated
How about we play a game of Life next”,1.2526315789473683,0.049563426742571,95,73,20,2,not_evaluated,not_evaluated
I bet Max von Sydow never made this move!,1.2526315789473683,0.0517735206085088,95,74,18,3,not_evaluated,not_evaluated
"You lose, I win!",1.2526315789473683,0.049563426742571,95,73,20,2,not_evaluated,not_evaluated
You beckon? I come - Checkmate!,1.2526315789473683,0.0578998267130406,95,77,12,6,not_evaluated,not_evaluated
Ha! And to think I could have been an anti vaxxer all along.,1.2526315789473683,0.0517735206085088,95,74,18,3,not_evaluated,not_evaluated
"Can’t lose, not today",1.2526315789473683,0.0559323320420903,95,76,14,5,not_evaluated,not_evaluated
Checkmate for you is still checkmate for me.,1.2526315789473683,0.0517735206085088,95,74,18,3,not_evaluated,not_evaluated
CHECKMATE-guess now it's all down to me vs Taxes in the final...,1.2526315789473683,0.0517735206085088,95,74,18,3,not_evaluated,not_evaluated
So now will teach me how to play the fiddle?,1.2525252525252526,0.0504431696766191,99,77,19,3,not_evaluated,not_evaluated
"Well Grim, there goes your reputation for having a deadly endgame!",1.2525252525252526,0.0483566986439135,99,76,21,2,not_evaluated,not_evaluated
Just a little closer and I'll end your rein.,1.2525252525252526,0.0504431696766191,99,77,19,3,not_evaluated,not_evaluated
You got a little something stuck between your teeth.,1.2525252525252526,0.0524467008524855,99,78,17,4,not_evaluated,not_evaluated
The most famous of last words at Reaper’s Chess Emporium are “checkmate.”,1.2525252525252526,0.0504431696766191,99,77,19,3,not_evaluated,not_evaluated
My Laundry! One month!,1.2525252525252526,0.0483566986439135,99,76,21,2,not_evaluated,not_evaluated
Now I know what it's like to be a pawn.,1.2524271844660195,0.0472314547551016,103,79,22,2,not_evaluated,not_evaluated
"Not so fast, smiley. You can't move there because your queen was pinned.",1.2524271844660195,0.049205464405722,103,79,20,3,not_evaluated,not_evaluated
Just kidding!,1.2524271844660195,0.049205464405722,103,80,20,3,not_evaluated,not_evaluated
Just like Bill and Ted!,1.2524271844660195,0.0511032791167292,103,81,18,4,not_evaluated,not_evaluated
Check Mate!! Now the Scythe belongs to me.,1.2524271844660195,0.0430125039969087,103,82,18,3,not_evaluated,not_evaluated
I have another interview after this.  Do people typically list 'victory over death' as an honor or an experience in their CV?,1.2524271844660195,0.0547017363040833,103,83,14,6,not_evaluated,not_evaluated
"So ya gonna buy that car now, or what?!",1.2524271844660195,0.0451712619835183,103,77,24,1,not_evaluated,not_evaluated
"Good heavens, I just noticed that the bishop I have been playing is actually one of your fingers!",1.2523364485981308,0.0532714920767917,107,86,15,6,not_evaluated,not_evaluated
Check Mate!  I'll see you very much later.,1.2523364485981308,0.0515898839389324,107,85,17,5,not_evaluated,not_evaluated
You should have listened to ‘The Devil went down to Georgia.’,1.2523364485981308,0.0442286462805712,107,81,25,1,not_evaluated,not_evaluated
"Checkmate by ""dead position"" how the tables have turned.",1.2523364485981308,0.0498515835413216,107,84,19,4,not_evaluated,not_evaluated
It's a new move - 'Queen's gambit deceased',1.2523364485981308,0.0498515835413216,107,84,19,4,not_evaluated,not_evaluated
Checkmate!  I've won enough timeto play another game!,1.2523364485981308,0.0498515835413216,107,84,19,4,not_evaluated,not_evaluated
You should've picked Wordle,1.2523364485981308,0.0461790958667127,107,82,23,2,not_evaluated,not_evaluated
Aha! Now you have to bring back low-rise jeans!,1.2522522522522523,0.0451922247457713,111,85,24,2,not_evaluated,not_evaluated
your ivy league education and corporate job doesnt win against me.,1.2522522522522523,0.0519378266071364,111,89,16,6,not_evaluated,not_evaluated
"You lose, now go testify before the January 6th Commission!",1.2521739130434784,0.0475862511486066,115,90,21,4,not_evaluated,not_evaluated
It was a short lived win,1.2521008403361344,0.0480624258685221,119,94,20,5,not_evaluated,not_evaluated
I don't know why my friends told me not to play you!,1.25,0.0479372485441102,100,77,21,2,not_evaluated,not_evaluated
You'll have to postpone my deadline if you want a rematch.,1.25,0.0487904482626762,104,81,20,3,not_evaluated,not_evaluated
Death! I have beat thee at mine chosen game of skill and now you must deliver what was promised: a look at your weird football-shaped ass.,1.25,0.0588331327829961,88,71,12,5,not_evaluated,not_evaluated
"Hey, you requested the replay and I gotcha again!",1.25,0.0542113592649569,88,69,16,3,not_evaluated,not_evaluated
Over your dead body you'll make that move,1.25,0.0596039560679269,76,60,13,3,not_evaluated,not_evaluated
Checkmate! No I don't think so.....,1.25,0.0532236752758398,84,65,17,2,not_evaluated,not_evaluated
Dude! I have a terminal illness and you still can't take me!,1.25,0.0596039560679269,76,60,13,3,not_evaluated,not_evaluated
Get over yourself.  Everyone knows chess is dead. Its about Pickle Ball now....,1.25,0.0549181730704603,92,73,15,4,not_evaluated,not_evaluated
"Checkmate, Senator McConnell!",1.25,0.0573539334676404,96,78,12,6,not_evaluated,not_evaluated
I'm taking away my King. And then what will you do?,1.25,0.0503807765612867,92,71,19,2,not_evaluated,not_evaluated
Taxes!,1.25,0.0596039560679269,76,60,13,3,not_evaluated,not_evaluated
"Yes, yes you won. Now, come with me big winner!",1.25,0.05,100,78,19,3,not_evaluated,not_evaluated
It's a ring. That means we are engaged!,1.25,0.0491569469520515,88,67,20,1,not_evaluated,not_evaluated
This winning streak is goimg to be the death of me.”,1.25,0.0528276258009707,108,87,15,6,not_evaluated,not_evaluated
I live!,1.25,0.0565694660855831,88,70,14,4,not_evaluated,not_evaluated
"Fine, you can live.
Don't tell anyone though, I can't let this become a thing.",1.25,0.05,100,78,19,3,not_evaluated,not_evaluated
"Your queen is DEAD, your bishops are DEAD and so on.  Got the picture, pal?",1.25,0.0491569469520515,88,67,20,1,not_evaluated,not_evaluated
"I don't think so, sir!",1.25,0.0565840470977899,76,59,15,2,not_evaluated,not_evaluated
COME TO PAPA!,1.25,0.0583650843840542,84,67,13,4,not_evaluated,not_evaluated
You looked like a demon!,1.25,0.0565840470977899,76,59,15,2,not_evaluated,not_evaluated
Best of 3…million.,1.25,0.0494430734755736,108,85,19,4,not_evaluated,not_evaluated
You didn't calculate that I quit social media in 2016,1.25,0.0517459027701761,88,68,18,2,not_evaluated,not_evaluated
Check-mate you goof - oh that was so easy!,1.25,0.0558535705439939,84,66,15,3,not_evaluated,not_evaluated
Do we have time for a rematch?,1.25,0.0503807765612867,92,71,19,2,not_evaluated,not_evaluated
This is looking grim.,1.25,0.0576436016408289,80,63,14,3,not_evaluated,not_evaluated
"Oh, come on. This can't be the first time time you've lost .",1.25,0.0479513409997982,92,70,21,1,not_evaluated,not_evaluated
"You lost… passed on, departed, gave up the ghost, slipped away, kicked the bucket, breathed your last, succumbed, met your Maker, went to the Lord, were called home…",1.25,0.0472243044685015,116,91,21,4,not_evaluated,not_evaluated
Checkmate! You owe me $5!,1.25,0.0479513409997982,92,70,21,1,not_evaluated,not_evaluated
I won!  Can you do your job without your scythe?,1.25,0.0519809599951771,100,79,17,4,not_evaluated,not_evaluated
"Checkmate!”
“Check, mate.",1.25,0.0479513409997982,92,70,21,1,not_evaluated,not_evaluated
See! She does still hold some sway! I say we keep her a bit longer...,1.25,0.0542113592649569,88,69,16,3,not_evaluated,not_evaluated
"Checkmate! Since you have no soul to give, instead let’s get you into a nice LL Bean Oxford blue button-collar shirt paired with a nice pair of pleated dockers and spring ducky boots",1.25,0.052698331948532,92,72,17,3,not_evaluated,not_evaluated
Checkmate! And this is for Max!,1.25,0.0476607516535646,108,84,21,3,not_evaluated,not_evaluated
Ha! Your game sure has slipped since your glory days in The Seventh Seal!,1.25,0.0517459027701761,88,68,18,2,not_evaluated,not_evaluated
"OOPS, did I say “that’s life” !",1.25,0.0487904482626762,104,81,20,3,not_evaluated,not_evaluated
Is the suspense killing you?,1.25,0.0444261658319319,96,72,24,0,not_evaluated,not_evaluated
"Man, I haven’t played with Death like this since the 70s!",1.25,0.0532236752758398,84,65,17,2,not_evaluated,not_evaluated
This game never ends well,1.25,0.0517459027701761,88,68,18,2,not_evaluated,not_evaluated
I adjourn your end game.,1.25,0.0491569469520515,88,67,20,1,not_evaluated,not_evaluated
Nice move. You're still going to die.,1.25,0.0491149743128751,96,74,20,2,not_evaluated,not_evaluated
"You said 'Sudden Death Rules' eh?

""Been there, done that",1.25,0.0468292905790847,96,73,22,1,not_evaluated,not_evaluated
"Mr. Putting,
This isn't a game anymore!",1.25,0.0565694660855831,88,69,14,4,not_evaluated,not_evaluated
"Step two, cut a hole in the table and chessboard… step three, reach through and voila!",1.25,0.0504568912758522,84,64,19,1,not_evaluated,not_evaluated
You’re not my father,1.25,0.0491569469520515,88,67,20,1,not_evaluated,not_evaluated
Don’t flatter yourself – not everyone has to cheat you.,1.25,0.0542113592649569,88,69,16,3,not_evaluated,not_evaluated
"Wow, I've never had instant regret winning before!",1.25,0.0476607516535646,108,84,21,3,not_evaluated,not_evaluated
Ha!  See that!  I can cheat death!,1.25,0.0491569469520515,88,67,20,1,not_evaluated,not_evaluated
"From now on, the only activity that you will be able to do is lose to Bobby Fisher for eternity.",1.25,0.0511633441170451,108,86,17,5,not_evaluated,not_evaluated
your endgame is great!,1.25,0.0533936062930989,76,58,17,1,not_evaluated,not_evaluated
Has it occurred to you that maybe you’re getting rusty and not everyone’s a cheater?,1.25,0.0466909194780948,124,98,21,5,not_evaluated,not_evaluated
Bishop to Queen 4… Checkmate you grim bastard,1.25,0.052698331948532,92,72,17,3,not_evaluated,not_evaluated
"Nice move, you deserve a victory kiss.",1.25,0.0548300019507937,80,62,16,2,not_evaluated,not_evaluated
I binged Queen's Gambit and stayed in a Holiday Inn Express last night.,1.25,0.0504568912758522,84,64,19,1,not_evaluated,not_evaluated
"Come hither, my queen.",1.25,0.051863989604749,80,61,18,1,not_evaluated,not_evaluated
"You fool, haven’t you learned anything? No matter how you play, I always win in the end.",1.25,0.0565840470977899,76,59,15,2,not_evaluated,not_evaluated
Now hand over the fiddle,1.25,0.0453920649501601,92,69,23,0,not_evaluated,not_evaluated
"Checkmate again! Same as the usual, bring me back to life and see ya in 15 minutes after my auto-erotic asphyxiation, buddy!",1.25,0.0603261179451248,80,64,12,4,not_evaluated,not_evaluated
"My dad always said, you reap what you sow. Same time next week?",1.25,0.0458091364430126,108,83,23,2,not_evaluated,not_evaluated
"Listen, I know a place with better lighting for rematch, it has a fireplace too!",1.25,0.05,100,78,19,3,not_evaluated,not_evaluated
I guess you never read Macbeth.,1.2479338842975207,0.0501801050096472,121,98,16,7,not_evaluated,not_evaluated
"Sorry, you can't suddenly say it's two out of three.  Checkmate buddy!!  I'll see you when I see you . . . .",1.247787610619469,0.0479197031892894,113,89,20,4,not_evaluated,not_evaluated
Do you really want to go there?,1.247787610619469,0.0462414331617709,113,88,22,3,not_evaluated,not_evaluated
I may not cheat you at death but I can checkmate you in life.,1.2477064220183487,0.0523909532079871,109,88,15,6,not_evaluated,not_evaluated
I'm not sure you understand how this works.,1.2477064220183487,0.0472771401643434,109,85,21,3,not_evaluated,not_evaluated
You sure you want to do that?,1.2477064220183487,0.0454448381756549,109,84,23,2,not_evaluated,not_evaluated
You mean I cheated for nothing?,1.2477064220183487,0.0523909532079871,109,88,15,6,not_evaluated,not_evaluated
"Checkmate! So as per our bet, I get to travel the world meeting new people and you now have to live forever as an investment analyst on a restricted diet with alimony payments and an allergic reaction every time you visit a bar. Have fun!",1.2477064220183487,0.0472771401643434,109,85,21,3,not_evaluated,not_evaluated
That's what I call my 'Knight of Sudden Death',1.2477064220183487,0.0435354872661827,109,83,25,1,not_evaluated,not_evaluated
Who’s braindead now ?,1.2477064220183487,0.0523909532079871,109,88,15,6,not_evaluated,not_evaluated
I knew I was better than Bergman...,1.2476190476190476,0.0537613645553732,105,85,14,6,not_evaluated,not_evaluated
"Ivermectin takes vaccines! Checkmate, Death!",1.2476190476190476,0.0464508728255456,105,80,22,2,not_evaluated,not_evaluated
"Yeah, you see that? Even when I play chess I'm a douche.",1.2476190476190476,0.0502392670383971,105,83,18,4,not_evaluated,not_evaluated
Let's call it The Immortal Game!,1.2476190476190476,0.0412287294053498,105,86,15,4,not_evaluated,not_evaluated
Now I'm ready to take on the IRS!,1.2476190476190476,0.0483821637528252,105,82,20,3,not_evaluated,not_evaluated
Forty-one years playing chess every day had finally paid off,1.2475247524752475,0.0475247524752475,101,78,21,2,not_evaluated,not_evaluated
"Come a little closer,…I DARE YOU TO MAKE THAT MOVE!!!!",1.2475247524752475,0.0495643208347874,101,79,19,3,not_evaluated,not_evaluated
Now who is master of the end game!,1.2475247524752475,0.0475247524752475,101,78,21,2,not_evaluated,not_evaluated
"Oh no, no, no, you can have your queen, my mistake.",1.2475247524752475,0.0515232151732977,101,80,17,4,not_evaluated,not_evaluated
Why are you smiling?,1.2475247524752475,0.0495643208347874,101,79,19,3,not_evaluated,not_evaluated
But I haven't released the piece to complete my move!,1.2475247524752475,0.0475247524752475,101,78,21,2,not_evaluated,not_evaluated
Whaddya think of them apples??,1.2475247524752475,0.0485552468722345,101,81,16,4,not_evaluated,not_evaluated
Check mate!  Another game?,1.2475247524752475,0.0495643208347874,101,79,19,3,not_evaluated,not_evaluated
Best out 7?,1.2475247524752475,0.0475247524752475,101,78,21,2,not_evaluated,not_evaluated
Bet you never thought it'd be something as simple as fruits and vegetables!,1.2474226804123711,0.0529031076231637,97,77,16,4,not_evaluated,not_evaluated
"No escape from a checkmate, you say?",1.2474226804123711,0.0464156105128525,97,74,22,1,not_evaluated,not_evaluated
I hear there is a guy with a fiddle in Georgia you might be able to beat.,1.2474226804123711,0.0529031076231637,97,77,16,4,not_evaluated,not_evaluated
Shall we meet again on Halloween?,1.2474226804123711,0.0486742799801212,97,75,20,2,not_evaluated,not_evaluated
mRNA checkmate !,1.2474226804123711,0.0464156105128525,97,74,22,1,not_evaluated,not_evaluated
"You're not use to losing, are you big guy?",1.2474226804123711,0.0508326879466907,97,76,18,3,not_evaluated,not_evaluated
CHECKMATE!  and F U too.,1.2474226804123711,0.0486742799801212,97,75,20,2,not_evaluated,not_evaluated
I never expected a simple game of chess to summon the dark side. Checkmate!,1.2474226804123711,0.0529031076231637,97,77,16,4,not_evaluated,not_evaluated
"No Mulligans in Chess, Steve",1.2474226804123711,0.0529031076231637,97,77,16,4,not_evaluated,not_evaluated
Checkmate. I live. You collect Putin's soul,1.2473118279569892,0.0475090453691449,93,71,21,1,not_evaluated,not_evaluated
I’ll show you a sacrifice!,1.2473118279569892,0.0543909152706335,93,73,15,4,not_evaluated,not_evaluated
Ha! That's a stalemate!,1.2473118279569892,0.0521978694323882,93,73,17,3,not_evaluated,not_evaluated
Checkmate!  Ingmar Bergman's knight couldn't play as well as me!,1.2473118279569892,0.0475090453691449,93,71,21,1,not_evaluated,not_evaluated
"Checkmate!  ...And guess who's neve filed a tax return, either.",1.2473118279569892,0.0543909152706335,93,74,15,4,not_evaluated,not_evaluated
Bad posture is destroying the quality of your suffering.,1.2473118279569892,0.0475090453691449,93,71,21,1,not_evaluated,not_evaluated
"Happy?  Now let's go, I hate grumpy ones anyway!",1.2473118279569892,0.0543909152706335,93,74,15,4,not_evaluated,not_evaluated
"Now don't be a sore loser, Mr. Death.",1.2473118279569892,0.0499085511970049,93,72,19,2,not_evaluated,not_evaluated
"Before you pick your nose, “Checkmate ! “",1.2473118279569892,0.0449817218566707,93,70,23,0,not_evaluated,not_evaluated
"Will this be just your next move, or your last?",1.2473118279569892,0.0521978694323882,93,73,17,3,not_evaluated,not_evaluated
"‘Nice work Carl, you win again. Same time next Thursday?’",1.2473118279569892,0.0475090453691449,93,71,21,1,not_evaluated,not_evaluated
"Kim, it’s my move.",1.2473118279569892,0.0499085511970049,93,72,19,2,not_evaluated,not_evaluated
"According to Ingmar, I'm supposed to win.",1.247191011235955,0.0582361147869268,89,72,12,5,not_evaluated,not_evaluated
"It’s checkmate, but you were winning on time as usual. So, how about we call it a draw, if that’s okay with you, Mr. Death, Sir?",1.247191011235955,0.0512382398286337,89,69,18,2,not_evaluated,not_evaluated
Title this the Dark Knight Falls,1.247191011235955,0.0486825903770887,89,68,20,1,not_evaluated,not_evaluated
Ha!  Spare that over to another year!!,1.247191011235955,0.0536723377136655,89,70,16,3,not_evaluated,not_evaluated
Don't think I can cheat you.,1.247191011235955,0.0536723377136655,89,70,16,3,not_evaluated,not_evaluated
"Tougher than The Game of Life, huh?",1.247191011235955,0.0536723377136655,89,70,16,3,not_evaluated,not_evaluated
That's the spirit!,1.247191011235955,0.0486825903770887,89,68,20,1,not_evaluated,not_evaluated
Now can I have more cowbells?,1.247191011235955,0.0536723377136655,89,70,16,3,not_evaluated,not_evaluated
"Uh huh.  Kissy, kissy?",1.247191011235955,0.0560007361609018,89,71,14,4,not_evaluated,not_evaluated
Who says I can't cheat you? WINNING!,1.247191011235955,0.0582361147869268,89,72,12,5,not_evaluated,not_evaluated
"I bet you didn't see my Antonius Block offense now, did you?",1.247191011235955,0.0486825903770887,89,68,20,1,not_evaluated,not_evaluated
Max von Sydow. Seventh Seal. 1957.,1.247191011235955,0.0536723377136655,89,70,16,3,not_evaluated,not_evaluated
HAA!     I really Gotcha this time!,1.247191011235955,0.0486825903770887,89,68,20,1,not_evaluated,not_evaluated
Looks like I'm taking a rain checkmate.,1.247191011235955,0.0486825903770887,89,68,20,1,not_evaluated,not_evaluated
Look who’s in trouble now!,1.247191011235955,0.0512382398286337,89,69,18,2,not_evaluated,not_evaluated
"I’m still reaping your soul, Jerry.",1.247191011235955,0.0486825903770887,89,68,20,1,not_evaluated,not_evaluated
You’re between a rock and a deathly place,1.247191011235955,0.0445752249961079,89,69,19,1,not_evaluated,not_evaluated
Checkmate!!! And my deal with the devil for Bobby Fisher’s soul pulls me out of another jam!,1.247191011235955,0.0512382398286337,89,69,18,2,not_evaluated,not_evaluated
Two can play at this game!,1.2470588235294118,0.0526759618954241,85,66,17,2,not_evaluated,not_evaluated
"“Got you in Check again, Mr. Reaper!”

 “Sigh, this game is going to be the me of me.”",1.2470588235294118,0.0499464204602316,85,65,19,1,not_evaluated,not_evaluated
Oui Death ! You can’t beat me I am Mark Zuckerberg  I will take what is yours win the bet money and  won’t even pay taxes on it .,1.2470588235294118,0.05774929481166,85,68,13,4,not_evaluated,not_evaluated
You bet my life I won this.,1.2470588235294118,0.05774929481166,85,68,13,4,not_evaluated,not_evaluated
Ha! I have checkmated death! Put that in your pipe and smoke it!,1.2470588235294118,0.0601256442465438,85,69,11,5,not_evaluated,not_evaluated
Double boosted.,1.2470588235294118,0.05774929481166,85,68,13,4,not_evaluated,not_evaluated
The thrill of victory was greater than the fear of death!,1.2470588235294118,0.0526759618954241,85,66,17,2,not_evaluated,not_evaluated
Are you gonna eat that?,1.2470588235294118,0.0526759618954241,85,66,17,2,not_evaluated,not_evaluated
"You found out the hard way: the three certainties in life are death, taxes, and never go up against a Union Square hustler!",1.2469135802469136,0.0646234682879131,81,67,8,6,not_evaluated,not_evaluated
"Ha! Didn’t see that coming, did you? Your turn!",1.2469135802469136,0.0570111105630559,81,64,14,3,not_evaluated,not_evaluated
I didn't know women's rights would come down to a chess game.,1.2469135802469136,0.0542367472505896,81,63,16,2,not_evaluated,not_evaluated
Is this where the spinach is?,1.2469135802469136,0.0513125986188158,81,62,18,1,not_evaluated,not_evaluated
You should have seen Tax’s face when I beat them too!,1.2469135802469136,0.0513125986188158,81,62,18,1,not_evaluated,not_evaluated
Nobody ever won a chess game by resigning.,1.2469135802469136,0.0596565897696275,81,65,12,4,not_evaluated,not_evaluated
Your pal Keith Richard’s taught me!,1.2469135802469136,0.0513125986188158,81,62,18,1,not_evaluated,not_evaluated
Ruy Lopez saves the day!,1.2469135802469136,0.0542367472505896,81,63,16,2,not_evaluated,not_evaluated
Let me give you a few insights on your endgame.,1.2467532467532467,0.0559386569469335,77,60,15,2,not_evaluated,not_evaluated
"See, I told you, if you had let me live I would have been the world champion.",1.2467532467532467,0.0559386569469335,77,60,15,2,not_evaluated,not_evaluated
Ah ha! The Dark Lord strategy falls to the White Knight every time.,1.2467532467532467,0.0589143177902023,77,61,13,3,not_evaluated,not_evaluated
Let's keep playing more rounds; hopefully you'll forget why you're here.,1.2467532467532467,0.0589143177902023,77,60,13,3,not_evaluated,not_evaluated
"""I think I can checkmate you, Mr. Death.""",1.2467532467532467,0.0527955475525017,77,59,17,1,not_evaluated,not_evaluated
Now why would you think I'd cheat you?,1.2467532467532467,0.0559386569469335,77,60,15,2,not_evaluated,not_evaluated
"It's not just kill, kill, kill.  I'm not sure you'll ever understand promotion.",1.2467532467532467,0.0559386569469335,77,60,15,2,not_evaluated,not_evaluated
They never expect the King’s Gambit,1.2467532467532467,0.0559386569469335,77,60,15,2,not_evaluated,not_evaluated
"Yeah, let's pose for the cartoon",1.2465753424657535,0.0544126725470912,73,56,16,1,not_evaluated,not_evaluated
"Do you think you're the only one who watched ""The Queen's Gambit"" during quarantine?",1.2465753424657535,0.0610063434515405,73,58,12,3,not_evaluated,not_evaluated
"Arguments 
For
Roe
Vs
Wade",1.2465753424657535,0.0640491330552764,73,59,10,4,not_evaluated,not_evaluated
Now murder my in-laws!,1.2457627118644068,0.0480481564018657,118,94,19,5,not_evaluated,not_evaluated
"Win, lose or draw... The outcome is still the same.",1.2456140350877194,0.0458855212480329,114,89,22,3,not_evaluated,not_evaluated
"Ha! I win again, Reaper! Now go back to Hell...and ask Satan for a chess lesson while you're there.",1.2456140350877194,0.0475472023922403,114,90,20,4,not_evaluated,not_evaluated
You should believe Republicans when we say we're going to kill your queen.,1.2456140350877194,0.0441613594115795,114,88,24,2,not_evaluated,not_evaluated
You want to see me without my mask?,1.2456140350877194,0.0441613594115795,114,88,24,2,not_evaluated,not_evaluated
At least let me cheat in the game of chess vs the game of life.,1.2454545454545454,0.0468994695022619,110,86,21,3,not_evaluated,not_evaluated
You'll never know how good it feels to put you in checkmate old man!,1.2452830188679245,0.049817854672336,106,84,18,4,not_evaluated,not_evaluated
Can you visit my ex boss' house when we finish this game?,1.2450980392156863,0.049135952012745,102,80,19,3,not_evaluated,not_evaluated
Are you SURE you want to do that?,1.2450980392156863,0.049135952012745,102,80,19,3,not_evaluated,not_evaluated
"Before you make another move, let me tell you how you could make a real kiling with NFTs",1.2448979591836735,0.0503746211842464,98,77,18,3,not_evaluated,not_evaluated
"You won the match and the bet. Do you really want to collect the robe?""",1.2448979591836735,0.0482411548755989,98,76,20,2,not_evaluated,not_evaluated
I like this move if you do.,1.2448979591836735,0.0503746211842464,98,77,18,3,not_evaluated,not_evaluated
"Make my day....check me, mate.",1.2448979591836735,0.0543910776773722,98,79,14,5,not_evaluated,not_evaluated
… and this is mate!,1.2448979591836735,0.0482411548755989,98,76,20,2,not_evaluated,not_evaluated
I call it the Blue Öyster Cult's opening,1.2448979591836735,0.0482411548755989,98,76,20,2,not_evaluated,not_evaluated
Don't you realize who you're trying to cheat here?,1.24468085106383,0.051706566565838,94,74,17,3,not_evaluated,not_evaluated
Ha!  Check and mate!  Now give me my soul back!,1.24468085106383,0.0470744923203331,94,72,21,1,not_evaluated,not_evaluated
"If I win, I live, right?",1.24468085106383,0.0559565029718422,94,76,13,5,not_evaluated,not_evaluated
Na Na Nee Nee Boo Boo!,1.24468085106383,0.051706566565838,94,74,17,3,not_evaluated,not_evaluated
I told you this wouldn't end in a dead draw!,1.24468085106383,0.0470744923203331,94,72,21,1,not_evaluated,not_evaluated
My white knights are out-trending your evil kingdom on Twitter. I win.,1.24468085106383,0.0538734593787387,94,75,15,4,not_evaluated,not_evaluated
"Now, THAT is your “last” move .",1.24468085106383,0.051706566565838,94,74,17,3,not_evaluated,not_evaluated
"You think you know how to play the clock, eh?",1.24468085106383,0.051706566565838,94,74,17,3,not_evaluated,not_evaluated
"I told you... you will never defeat me""",1.24468085106383,0.051706566565838,94,74,17,3,not_evaluated,not_evaluated
"This is chess, mate.",1.24468085106383,0.0538734593787387,94,75,15,4,not_evaluated,not_evaluated
Perhaps you have looked at my game face.,1.2444444444444445,0.048216923254886,90,69,20,1,not_evaluated,not_evaluated
"Ha! If you had a soul, it would belong to me.",1.2444444444444445,0.0507401180359771,90,70,18,2,not_evaluated,not_evaluated
"Just forget it, check mate, I’ve got the last move.",1.2444444444444445,0.0531436493707594,90,71,16,3,not_evaluated,not_evaluated
Boom! I win! HA-HA! I'm not some goofy asshole during the Crusades. I'm a modern man! I have cocaine! Do you know how good that makes me at this??? I'm going to live forever because I don't have empathy!! Ha! God is dead!,1.2444444444444445,0.059777179080768,90,74,10,6,not_evaluated,not_evaluated
And I thought I was the master of the endgame.,1.2444444444444445,0.048216923254886,90,69,20,1,not_evaluated,not_evaluated
How would you like to suck my dick!,1.2444444444444445,0.0554430821525963,90,72,14,4,not_evaluated,not_evaluated
Mate! I get to play for Washington!,1.2444444444444445,0.0531436493707594,90,71,16,3,not_evaluated,not_evaluated
Ha! See you in a decade.,1.2444444444444445,0.0507401180359771,90,70,18,2,not_evaluated,not_evaluated
What do you mean? “I checkmate your checkmate.”,1.2444444444444445,0.0554430821525963,90,72,14,4,not_evaluated,not_evaluated
You thought that Bill and Ted were the only ones' who could beat you!,1.2444444444444445,0.0531436493707594,90,71,16,3,not_evaluated,not_evaluated
Between us— does my breath smell like garlic?,1.2444444444444445,0.0554430821525963,90,72,14,4,not_evaluated,not_evaluated
"Checkmate, now give me my outfit back!",1.2444444444444445,0.0576508737897083,90,73,12,5,not_evaluated,not_evaluated
"Go ahead and give me the finger, sucka; you got your butt kicked!",1.2444444444444445,0.0531436493707594,90,71,16,3,not_evaluated,not_evaluated
King me! No takesies backsies!,1.244186046511628,0.0546998938660239,86,68,15,3,not_evaluated,not_evaluated
I'm not ready for the dance.,1.244186046511628,0.0546998938660239,86,68,15,3,not_evaluated,not_evaluated
Checkmate with time left on the clock.  No 'Sudden Death' for me!,1.244186046511628,0.0521390504107696,86,67,17,2,not_evaluated,not_evaluated
"Checkmate, bully..stick with your day job!",1.244186046511628,0.0546998938660239,86,68,15,3,not_evaluated,not_evaluated
I wish I could win at life like this.,1.244186046511628,0.0494457557988475,86,66,19,1,not_evaluated,not_evaluated
"What do you mean, my time's already run out?",1.244186046511628,0.0521390504107696,86,67,17,2,not_evaluated,not_evaluated
Checkmate! What are you going to do about that?,1.244186046511628,0.0521390504107696,86,67,17,2,not_evaluated,not_evaluated
I wouldn’t be caught dead doing Bishop to Queen 7,1.244186046511628,0.0571460952311861,86,69,13,4,not_evaluated,not_evaluated
Got you dead to rights!,1.244186046511628,0.0521390504107696,86,67,17,2,not_evaluated,not_evaluated
"It's called ""en passant"".",1.244186046511628,0.0494457557988475,86,66,19,1,not_evaluated,not_evaluated
That settles it. We just go to Hell's kitchen.,1.244186046511628,0.0494457557988475,86,66,19,1,not_evaluated,not_evaluated
White's classic advantage... a bit archaic isn't it?,1.244186046511628,0.0546998938660239,86,68,15,3,not_evaluated,not_evaluated
"Alright--instead of a hand basket, you'll ride in a Tesla.",1.2439024390243902,0.0536557991144263,82,64,16,2,not_evaluated,not_evaluated
"I'll get the check, Mate!",1.2439024390243902,0.0563920109666255,82,65,14,3,not_evaluated,not_evaluated
You’re killing me Larry!,1.2439024390243902,0.0536557991144263,82,64,16,2,not_evaluated,not_evaluated
About time you picked that booger.,1.2439024390243902,0.0590014662793421,82,66,12,4,not_evaluated,not_evaluated
"Read my lips, son, your time has expired.",1.2439024390243902,0.0536557991144263,82,64,16,2,not_evaluated,not_evaluated
"You haven’t won yet, and I’m 200 years old.",1.2439024390243902,0.0590014662793421,82,66,12,4,not_evaluated,not_evaluated
"Backatcha, Ingmar!",1.2439024390243902,0.0507723414503934,82,63,18,1,not_evaluated,not_evaluated
Why so grim? It’s just an endgame.,1.2439024390243902,0.0590014662793421,82,66,12,4,not_evaluated,not_evaluated
What's the sixth circle like?,1.2439024390243902,0.0563920109666255,82,64,14,3,not_evaluated,not_evaluated
"we all lose sometimes, mate. At least once.",1.2439024390243902,0.0615003019940933,82,67,10,5,not_evaluated,not_evaluated
"Here, take my bishop while I go look for another pawn.",1.2435897435897436,0.0553073856285103,78,61,15,2,not_evaluated,not_evaluated
No no need for vulgarities. It's not cheating!,1.2435897435897436,0.0610320208666026,78,63,11,4,not_evaluated,not_evaluated
I call this the Pyrhhic maneuver.,1.2435897435897436,0.0582400827442843,78,62,13,3,not_evaluated,not_evaluated
Enough games! Tell me where Harry Potter is.,1.2435897435897436,0.0610320208666026,78,63,11,4,not_evaluated,not_evaluated
King and pawn return to the same box after death.,1.2435897435897436,0.0610320208666026,78,63,11,4,not_evaluated,not_evaluated
That’s the third miracle this week.,1.2435897435897436,0.0582400827442843,78,62,13,3,not_evaluated,not_evaluated
It wasn't a good idea to rush to the end.,1.2432432432432432,0.0482557617786183,111,88,19,4,not_evaluated,not_evaluated
"I'm sure this is symbolic, but honestly, I'm just happy to win one.",1.2432432432432432,0.0447327421161998,111,86,23,2,not_evaluated,not_evaluated
I've seen 'The Seventh Seal' forty-nine times.,1.2432432432432432,0.0602684688842784,74,59,12,3,not_evaluated,not_evaluated
You win the match. I've still got your ass.,1.2432432432432432,0.0571144035660853,74,58,14,2,not_evaluated,not_evaluated
There goes your queen!  Who’s the dead man now?,1.2432432432432432,0.0602684688842784,74,59,12,3,not_evaluated,not_evaluated
Double or death?,1.2432432432432432,0.0447327421161998,111,86,23,2,not_evaluated,not_evaluated
"And, if you buy timeshare resale, you’ll be savings thousands on this incredible vacation product.",1.2429906542056075,0.0475851731436199,107,84,20,3,not_evaluated,not_evaluated
"And that, my friend, is the infamous Seventh Seal opening.",1.2429906542056075,0.0494032837609348,107,85,18,4,not_evaluated,not_evaluated
Am I winning you over?,1.2429906542056075,0.0437227311200704,107,82,24,1,not_evaluated,not_evaluated
Aha!  Behold and reap!!!,1.2427184466019416,0.042450224863845,103,78,25,0,not_evaluated,not_evaluated
Beginner's luck!,1.2427184466019416,0.0446361848738281,103,79,23,1,not_evaluated,not_evaluated
"Checkmate, Go Back to Hell!",1.2427184466019416,0.0467199786942388,103,80,21,2,not_evaluated,not_evaluated
"It's over...but then you know what that's like!""
Heidi Roe, Myrtle Point, OR",1.2424242424242424,0.0499245133968432,99,78,18,3,not_evaluated,not_evaluated
"I'm pretty good when I'm playing for my life, eh?!",1.2424242424242424,0.0456088907049902,99,76,22,1,not_evaluated,not_evaluated
Really? Did you want to check out also?,1.2424242424242424,0.0478154156588193,99,77,20,2,not_evaluated,not_evaluated
"Did I hear each player say: ""I win, you lose?""",1.2424242424242424,0.0478154156588193,99,77,20,2,not_evaluated,not_evaluated
"So, you want to finish the game this quickly?",1.2424242424242424,0.0557753191633122,99,81,12,6,not_evaluated,not_evaluated
Aha! Seven in a row seals it. I live.,1.2424242424242424,0.0538956692553624,99,80,14,5,not_evaluated,not_evaluated
"The two things every man loves: drinkin’ coffee, smokin’ crack, and… fuckin’!",1.2424242424242424,0.0519480519480519,99,79,16,4,not_evaluated,not_evaluated
losersayswhat!,1.2424242424242424,0.0499245133968432,99,78,18,3,not_evaluated,not_evaluated
Now if I only could beat Taxes.,1.2424242424242424,0.0499245133968432,99,78,18,3,not_evaluated,not_evaluated
Life’s just a game to you is t it?,1.2424242424242424,0.0519480519480519,99,79,16,4,not_evaluated,not_evaluated
Where do you think you are? Washington Sq. Park?,1.2424242424242424,0.0499245133968432,99,78,18,3,not_evaluated,not_evaluated
"No worries, I'll win the last one.",1.2421052631578948,0.0512241838918181,95,75,17,3,not_evaluated,not_evaluated
"Oh, fuck",1.2421052631578948,0.0489893136270484,95,74,19,2,not_evaluated,not_evaluated
"I win!”  (But, did he?",1.2421052631578948,0.0512241838918181,95,75,17,3,not_evaluated,not_evaluated
"You won the key to the kingdom.  Unfortunately for you, it's a skeleton key.",1.2421052631578948,0.0512241838918181,95,75,17,3,not_evaluated,not_evaluated
I can't wait to tell my chess club that I won.,1.2421052631578948,0.0489893136270484,95,74,19,2,not_evaluated,not_evaluated
Yes! Now you have to kill me.,1.2421052631578948,0.0466474938653282,95,73,21,1,not_evaluated,not_evaluated
"Checkmate!”
“Come with me.",1.2421052631578948,0.0489893136270484,95,74,19,2,not_evaluated,not_evaluated
First the fiddle and now your chessboard!,1.2421052631578948,0.0489893136270484,95,74,19,2,not_evaluated,not_evaluated
Give my best to Bobby Fischer.,1.2421052631578948,0.0489893136270484,95,74,19,2,not_evaluated,not_evaluated
Told you I have killer chess skills!,1.2421052631578948,0.0466474938653282,95,73,21,1,not_evaluated,not_evaluated
"Not so good for you, punk !",1.2417582417582418,0.0526250109774885,91,72,16,3,not_evaluated,not_evaluated
What's this best two out of three nonsense?,1.2417582417582418,0.0502512839256923,91,71,18,2,not_evaluated,not_evaluated
"You took your hand off , so that’s your move!",1.2417582417582418,0.0526250109774885,91,72,16,3,not_evaluated,not_evaluated
Please try to stay decomposed.,1.2417582417582418,0.0477597245802391,91,70,20,1,not_evaluated,not_evaluated
Did you know Checkmate means Death to the King?,1.2417582417582418,0.04513082148355,91,69,22,0,not_evaluated,not_evaluated
"Guy: Checkmate!

Death: Can I be White next game? It matches my fingers.",1.2417582417582418,0.0548961931702102,91,73,14,4,not_evaluated,not_evaluated
"Oooh, no, I saw you move that rook. You can't cheat me, Death. You can't cheat me. You can't cheat death and you can't cheat me ... uh, what's that ""come hither"" finger for?",1.2417582417582418,0.0477597245802391,91,70,20,1,not_evaluated,not_evaluated
Beat you again you Son of a Bi...,1.2417582417582418,0.0548961931702102,91,73,14,4,not_evaluated,not_evaluated
Just sign over all the Twitter shares and no one gets Hurt!,1.2417582417582418,0.0548961931702102,91,73,14,4,not_evaluated,not_evaluated
"You may have won,  but you have spinach in your teeth.",1.2417582417582418,0.0548961931702102,91,73,14,4,not_evaluated,not_evaluated
Now you burn in Hell!,1.2413793103448276,0.0516126393363296,87,68,17,2,not_evaluated,not_evaluated
I guess that you don't know what you won...,1.2413793103448276,0.054140306109441,87,69,15,3,not_evaluated,not_evaluated
"Now you're a pawn in my game, chessmate!",1.2413793103448276,0.054140306109441,87,69,15,3,not_evaluated,not_evaluated
"No, you'd better check again, mate.",1.2413793103448276,0.054140306109441,87,69,15,3,not_evaluated,not_evaluated
"I know this is a dream, but Checkmate! I'm immortal!",1.2413793103448276,0.0516126393363296,87,68,17,2,not_evaluated,not_evaluated
"Sure, you can use it. It's a killer move!",1.2413793103448276,0.054140306109441,87,69,15,3,not_evaluated,not_evaluated
Checkmate! Now send me back as one of those tiny dogs who gets to wear cute little hats!,1.2413793103448276,0.0516126393363296,87,68,17,2,not_evaluated,not_evaluated
Checkmate! You die!,1.2413793103448276,0.0516126393363296,87,68,17,2,not_evaluated,not_evaluated
Bergman's Gambit,1.2413793103448276,0.054140306109441,87,69,15,3,not_evaluated,not_evaluated
Why do I have this feeling that you're not going to let me go....,1.2413793103448276,0.054140306109441,87,69,15,3,not_evaluated,not_evaluated
"That's technically checkmate, but I don't think it's a good idea for me to win against you.",1.2410714285714286,0.0461614307502854,112,88,21,3,not_evaluated,not_evaluated
Careful - I don't respond well to 'Checkmate'.,1.2409638554216869,0.0583602999426708,83,67,12,4,not_evaluated,not_evaluated
That settles it! More cowbell!,1.2409638554216869,0.0502429052562394,83,64,18,1,not_evaluated,not_evaluated
"I am surprised, I would’ve thought you were familiar with the reaper’s gambit",1.2409638554216869,0.0472280760598725,83,63,20,0,not_evaluated,not_evaluated
You say Sudden Death; I say Checkmate!,1.2409638554216869,0.0557858965073445,83,66,14,3,not_evaluated,not_evaluated
I said it's time to check out not checkmate.,1.2409638554216869,0.0557858965073445,83,66,14,3,not_evaluated,not_evaluated
"O Death, where is thy King!



Laura Hogan
Palos Verdes Estates, CA",1.2409638554216869,0.0557858965073445,83,66,14,3,not_evaluated,not_evaluated
"Sorry pal, it's check mate on you...hahahahaha!",1.2409638554216869,0.053086795805151,83,65,16,2,not_evaluated,not_evaluated
Good game! I'd love to keep playing on and on and on but I do have some previous obligations,1.2409638554216869,0.0502429052562394,83,64,18,1,not_evaluated,not_evaluated
"When you think you've cheated death:  double check, mate!",1.2409638554216869,0.0557858965073445,83,66,14,3,not_evaluated,not_evaluated
Jim realized he was just a pawn after all,1.2409638554216869,0.0557858965073445,83,66,14,3,not_evaluated,not_evaluated
Kim just eat some sugar and carbs already,1.2409638554216869,0.060825841298488,83,68,10,5,not_evaluated,not_evaluated
"Death, be not proud, that's a check and mate!",1.2407407407407407,0.047196169657259,108,85,20,3,not_evaluated,not_evaluated
Checkmate! I win!,1.2407407407407407,0.0507308482422007,108,87,16,5,not_evaluated,not_evaluated
I’m in my Queen’s Gambit era!,1.2407407407407407,0.0433743921831806,108,83,24,1,not_evaluated,not_evaluated
I sure hope my hot streak continues.,1.240506329113924,0.0575807573202435,79,63,13,3,not_evaluated,not_evaluated
How to scam the devil!,1.240506329113924,0.0575807573202435,79,63,13,3,not_evaluated,not_evaluated
Ha! You’re really dead now!,1.240506329113924,0.0629657327696501,79,65,9,5,not_evaluated,not_evaluated
I absolutely CAN change the rules mid-game!,1.240506329113924,0.0603333536146954,79,64,11,4,not_evaluated,not_evaluated
You might want to think twice before your next move.,1.240506329113924,0.054689794923273,79,62,15,2,not_evaluated,not_evaluated
Don’t be a grumpy Reaper.,1.240506329113924,0.051637231954536,79,61,17,1,not_evaluated,not_evaluated
"Hey!  I'm right here, standing up, smiling at you.  Of course I'm cheating!",1.2403846153846154,0.0463273903058328,104,81,21,2,not_evaluated,not_evaluated
Yup ... Bobby won that one .. a special life moment to be sure. But really just delaying the inevitable.,1.2403846153846154,0.0520225584213935,104,84,15,5,not_evaluated,not_evaluated
I don't need to cheat.,1.2403846153846154,0.0442664725855004,104,80,23,1,not_evaluated,not_evaluated
"You see? If you move your knight here, you can't lose. Go again?",1.24,0.0514830559553825,100,80,16,4,not_evaluated,not_evaluated
Undefeated no more!,1.24,0.0531528477621399,75,58,16,1,not_evaluated,not_evaluated
Your dead ! Check mate,1.24,0.0473968843539809,100,78,20,2,not_evaluated,not_evaluated
"I call it, Screw You Mate!",1.24,0.0564409920676948,75,59,14,2,not_evaluated,not_evaluated
that move was unboolievable,1.24,0.0564409920676948,75,59,14,2,not_evaluated,not_evaluated
Queening your pawn does not equate to resurrection...time's up.,1.24,0.0494821669744247,100,79,18,3,not_evaluated,not_evaluated
"Bad luck for you, my mom dragged me to an Ingmar Bergman festival when I was 12, so I know all your little tricks!”",1.24,0.0531528477621399,75,58,16,1,not_evaluated,not_evaluated
And you wanted to play pick-up Styx!,1.24,0.0514830559553825,100,80,16,4,not_evaluated,not_evaluated
Your mistake.,1.24,0.0531528477621399,75,58,16,1,not_evaluated,not_evaluated
"Give me back my goldfish, my Granny, and my boyish charm!",1.24,0.0625004504488272,75,61,10,4,not_evaluated,not_evaluated
You can't say I cheated you again!,1.24,0.0514830559553825,100,80,16,4,not_evaluated,not_evaluated
Take my king and it will be your last move,1.24,0.0531528477621399,75,58,16,1,not_evaluated,not_evaluated
‘ To the death’ is just an expression.,1.24,0.0473968843539809,100,78,20,2,not_evaluated,not_evaluated
"Take it back, you wouldn’t like the version of checkmate I would impose on you!",1.24,0.0564409920676948,75,59,14,2,not_evaluated,not_evaluated
"You win the bet, I'm buying.  Pick your poison...heh heh heh.",1.2395833333333333,0.0528669126506965,96,77,15,4,not_evaluated,not_evaluated
Do I look like the kind of guy you want to beat?,1.2395833333333333,0.0507504897277094,96,74,17,3,not_evaluated,not_evaluated
I used the profits from the IPO to buy all the bishops on both sides so they work for me now!,1.2395833333333333,0.0485418784348968,96,75,19,2,not_evaluated,not_evaluated
Checkmatelovetostaygottago.,1.2395833333333333,0.0549018096134399,96,78,13,5,not_evaluated,not_evaluated
I knew I could beat you without cheating.,1.2395833333333333,0.0549018096134399,96,78,13,5,not_evaluated,not_evaluated
I always win.,1.2395833333333333,0.0507504897277094,96,76,17,3,not_evaluated,not_evaluated
"Taking that King could have GRIM REAPERcussions for you, mate.",1.2394366197183098,0.0583639753156484,71,56,13,2,not_evaluated,not_evaluated
My condolences.,1.2391304347826086,0.0497714922169699,92,72,18,2,not_evaluated,not_evaluated
"Haha mate in thirteen, your move",1.2391304347826086,0.0521161489439047,92,73,16,3,not_evaluated,not_evaluated
L’chaim!,1.2391304347826086,0.0521161489439047,92,73,16,3,not_evaluated,not_evaluated
I thought I’d choke.,1.2391304347826086,0.054359769351816,92,74,14,4,not_evaluated,not_evaluated
"Checkmate!  And FYI - I have watched The Seventh Seal.""",1.2391304347826086,0.0447148560438827,92,70,22,0,not_evaluated,not_evaluated
Haha - no longer a pawn in your game!,1.2391304347826086,0.0521161489439047,92,73,16,3,not_evaluated,not_evaluated
"You see, the horsey moves in an L shape",1.2391304347826086,0.0497714922169699,92,72,18,2,not_evaluated,not_evaluated
Does this mean I have to resurrect your queen?,1.2391304347826086,0.047310779894909,92,71,20,1,not_evaluated,not_evaluated
"So, you want to test the reaper...be my guest .....",1.2391304347826086,0.0521161489439047,92,73,16,3,not_evaluated,not_evaluated
"I will remember this win when I come for your soul, mortal!",1.2391304347826086,0.047310779894909,92,71,20,1,not_evaluated,not_evaluated
You have checked out before your time.,1.2386363636363635,0.0484728057797513,88,68,19,1,not_evaluated,not_evaluated
Never match wits with a Sicilian when death is on the line!,1.2386363636363635,0.0510964374493487,88,69,17,2,not_evaluated,not_evaluated
"Checkmate, I win, best of 2 out of 3?",1.2386363636363635,0.0535917805252719,88,70,15,3,not_evaluated,not_evaluated
Covid: “I’m baaack!”,1.2386363636363635,0.0456987951734811,88,67,21,0,not_evaluated,not_evaluated
Have you seen The Seventh Seal?,1.2386363636363635,0.0535917805252719,88,69,15,3,not_evaluated,not_evaluated
"Of course you lost, your extreme diet has killed all your brain cells.",1.2386363636363635,0.0456987951734811,88,67,21,0,not_evaluated,not_evaluated
Ha! Does this mean I get to have my Friday with the boys??,1.2386363636363635,0.0535917805252719,88,70,15,3,not_evaluated,not_evaluated
"If you win, you get to live.",1.2386363636363635,0.0456987951734811,88,67,21,0,not_evaluated,not_evaluated
And CHECKMATE right back atcha!,1.2386363636363635,0.0582627237569299,88,72,11,5,not_evaluated,not_evaluated
Another win for Ukraine,1.2386363636363635,0.0510964374493487,88,69,17,2,not_evaluated,not_evaluated
It looks like I just checkmated death!,1.2386363636363635,0.0510964374493487,88,69,17,2,not_evaluated,not_evaluated
"And… that’s my soul, mate!",1.2386363636363635,0.0510964374493487,88,69,17,2,not_evaluated,not_evaluated
What was that about Bobby Fischer?,1.2386363636363635,0.0510964374493487,88,69,17,2,not_evaluated,not_evaluated
The ‘Keith Richards Gambit’. Checkmate!,1.238532110091743,0.046813302765362,109,86,20,3,not_evaluated,not_evaluated
"Not so Fast!...In the ""Seventh Seal Revisited"", Bergman lets me cheat!",1.238532110091743,0.0485940323610724,109,87,18,4,not_evaluated,not_evaluated
"Nope, not gonna resign",1.238095238095238,0.0551923762764236,84,67,14,3,not_evaluated,not_evaluated
"What's the matter Grim, cat got your tongue?",1.238095238095238,0.0577326608747872,84,68,12,4,not_evaluated,not_evaluated
"Ha! Now I can’t die, right?",1.238095238095238,0.0525293885971792,84,66,16,2,not_evaluated,not_evaluated
Checkmate!  Time for me to reap the benefits!,1.238095238095238,0.0439025926537756,105,81,23,1,not_evaluated,not_evaluated
"NOW, you have a reason to be grim, Mr. Reaper!!!",1.238095238095238,0.0497239875085315,84,65,18,1,not_evaluated,not_evaluated
How about a badmintem next?,1.238095238095238,0.0601657864930565,84,69,10,5,not_evaluated,not_evaluated
Celebrate now but I always win in the end,1.238095238095238,0.0551923762764236,84,67,14,3,not_evaluated,not_evaluated
"You are coming with me, and I will show you a real checkmate!",1.238095238095238,0.0511459265247099,84,68,13,3,not_evaluated,not_evaluated
"Checkmate! A deals a deal, tell me where you get that outfit.",1.238095238095238,0.0497239875085315,84,65,18,1,not_evaluated,not_evaluated
"Beat you again,you old bag of bones!",1.238095238095238,0.0459411343446539,105,82,21,2,not_evaluated,not_evaluated
I beat Kasparov with the same move!,1.238095238095238,0.0497239875085315,84,65,18,1,not_evaluated,not_evaluated
"Yes! I won. I get to stay with Covid, inflation, overturned laws…wait, I didn’t take my finger off yet.",1.238095238095238,0.0459411343446539,105,82,21,2,not_evaluated,not_evaluated
Isn’t this a cute and fun way to not pay someone to do this job? I love capitalism!,1.238095238095238,0.0497239875085315,84,65,18,1,not_evaluated,not_evaluated
Checkmate again! Your problem is you are so predictable.,1.2376237623762376,0.0469853881889293,101,79,20,2,not_evaluated,not_evaluated
You should have picked Scrabble!,1.2376237623762376,0.0469853881889293,101,79,20,2,not_evaluated,not_evaluated
"There, I win. Now bring my boo back.",1.2376237623762376,0.0448286392977099,101,78,22,1,not_evaluated,not_evaluated
and that was the last time i sucked a dick!,1.2376237623762376,0.0529309560579154,101,82,14,5,not_evaluated,not_evaluated
You said you're just en passant.,1.2375,0.051076233666644,80,62,17,1,not_evaluated,not_evaluated
"Again, I'm not going to play you for 2023.",1.2375,0.056935867763429,80,64,13,3,not_evaluated,not_evaluated
Checkmate--and I thought The Seventh Seal was boring!,1.2375,0.0540854633129101,80,63,15,2,not_evaluated,not_evaluated
"Wait, now you say it's two out of three?",1.2375,0.051076233666644,80,62,17,1,not_evaluated,not_evaluated
"Wow, you didn't see this coming, did you?",1.2375,0.0596502199004933,80,65,11,4,not_evaluated,not_evaluated
king me bitch,1.2375,0.0478782408758622,80,61,19,0,not_evaluated,not_evaluated
I thought this was best of seven,1.2375,0.0540854633129101,80,63,15,2,not_evaluated,not_evaluated
Now let’s shoot hoops!,1.2375,0.0540854633129101,80,63,15,2,not_evaluated,not_evaluated
Ha! I’ll teach you but it’s going to take time. Lots and lots of time.,1.2375,0.056935867763429,80,64,13,3,not_evaluated,not_evaluated
"Checkmate!""
""No, check yourself, mate.",1.2375,0.0540854633129101,80,63,15,2,not_evaluated,not_evaluated
Every step taken to feel more alive is a winning move in the face of the grimmer.,1.2375,0.0540854633129101,80,63,15,2,not_evaluated,not_evaluated
"Okay, Death. Let's see if you like where I take YOU.",1.2371134020618555,0.050285259885436,97,77,17,3,not_evaluated,not_evaluated
"This time it's for Good...
Checkmate!",1.2371134020618555,0.0523773232806741,97,78,15,4,not_evaluated,not_evaluated
That's check mate and now I own your boney ass.  And I want you to only kill yourself for the rest of eternity.  Talk about your basic conundrum.,1.2371134020618555,0.0481022944301354,97,76,19,2,not_evaluated,not_evaluated
Checkmate? Do you really want to make that your last move?,1.2371134020618555,0.050285259885436,97,77,17,3,not_evaluated,not_evaluated
"That's checkmate to you, AND your intermittent fasting.",1.2371134020618555,0.0481022944301354,97,76,19,2,not_evaluated,not_evaluated
"And for five more years, I can teach you Nimzowitsch Defense.",1.2371134020618555,0.0481022944301354,97,76,19,2,not_evaluated,not_evaluated
I'm death. What did you think you would win by playing me?,1.2371134020618555,0.0523773232806741,97,78,15,4,not_evaluated,not_evaluated
"April 18th: Jared decides to instead take his chances with the first certainty, Death.",1.2371134020618555,0.050285259885436,97,77,17,3,not_evaluated,not_evaluated
Usually I sneak up on people…,1.2371134020618555,0.0481022944301354,97,76,19,2,not_evaluated,not_evaluated
And how's your endgame?,1.236842105263158,0.0490914687004674,76,58,18,0,not_evaluated,not_evaluated
Republican & Heritage Foundation chess game about whether he wins or loses will sign his life over just having support for office!,1.236842105263158,0.0588438941447312,76,61,12,3,not_evaluated,not_evaluated
Your last game ever and you open with The Monkey's Bum?,1.236842105263158,0.0525437864276208,76,59,16,1,not_evaluated,not_evaluated
Mate! That's one match each! No sudden death tiebreakers!,1.236842105263158,0.0588438941447312,76,61,12,3,not_evaluated,not_evaluated
"You lose, Mr. Finger of Death!",1.236842105263158,0.0487423441397875,114,92,17,5,not_evaluated,not_evaluated
Game over: Dead Position Draw!,1.236842105263158,0.0525437864276208,76,59,16,1,not_evaluated,not_evaluated
Ha! I don't have to cheat you to beat you!,1.236842105263158,0.0557828529669636,76,60,14,2,not_evaluated,not_evaluated
Did I mention this is strip chess?,1.236842105263158,0.0588438941447312,76,61,12,3,not_evaluated,not_evaluated
Does this mean I get to watch season 2 of Squid Game!?,1.236842105263158,0.0588438941447312,76,61,12,3,not_evaluated,not_evaluated
"Best two out of three for the ring?  Sure, but good luck getting it resized.",1.2365591397849462,0.0493005055377251,93,73,18,2,not_evaluated,not_evaluated
They don't teach the dementors how to play by the rules at Hogwarts,1.2365591397849462,0.05596250636243,93,76,12,5,not_evaluated,not_evaluated
I win! You’re dead!,1.2365591397849462,0.0493005055377251,93,73,18,2,not_evaluated,not_evaluated
Self doubt is your first mistake.,1.2365591397849462,0.0468698811133405,93,72,20,1,not_evaluated,not_evaluated
"Just between you and me- should I go with this, or ""Little Red Riding Hood"", for next month's tournament",1.2365591397849462,0.0538335214124846,93,75,14,4,not_evaluated,not_evaluated
Toldya I kill at chess,1.2365591397849462,0.0516167989802918,93,74,16,3,not_evaluated,not_evaluated
Are you giving me the finger?,1.2365591397849462,0.0493005055377251,93,73,18,2,not_evaluated,not_evaluated
See… check mated you!,1.2365591397849462,0.0493005055377251,93,73,18,2,not_evaluated,not_evaluated
"Sam: I didn’t expect to see you so soon, Ruth.",1.2365591397849462,0.0493005055377251,93,73,18,2,not_evaluated,not_evaluated
I am so telling everyone about this Grim Reaper Cheat.,1.2361111111111112,0.0609428256247712,72,57,11,3,not_evaluated,not_evaluated
Ukrainian Gambit!,1.2359550561797752,0.0530540031455999,89,71,15,3,not_evaluated,not_evaluated
Now you owe me twenty bucks!,1.2359550561797752,0.0554083916450072,89,72,13,4,not_evaluated,not_evaluated
Checkmate!  I knew the end was near!,1.2359550561797752,0.0530540031455999,89,71,15,3,not_evaluated,not_evaluated
Ha! Bet you never saw it coming!,1.2359550561797752,0.0505901634199787,89,70,17,2,not_evaluated,not_evaluated
Ha! Revenge for 7th Seal!,1.2359550561797752,0.0480000210411097,89,69,19,1,not_evaluated,not_evaluated
CHECK...My next move which is DEFINITELY NOT CHECKMATE!,1.2359550561797752,0.0480000210411097,89,69,19,1,not_evaluated,not_evaluated
Your checkered past is showing.,1.2359550561797752,0.0480000210411097,89,69,19,1,not_evaluated,not_evaluated
Ha! Paper beats rock!,1.2359550561797752,0.0530540031455999,89,71,15,3,not_evaluated,not_evaluated
Have you seen the Queen’s Gambit!?,1.2359550561797752,0.0505901634199787,89,70,17,2,not_evaluated,not_evaluated
I told you I’d beat you if it was the last thing I ever did.,1.2352941176470589,0.0519832412757962,85,67,16,2,not_evaluated,not_evaluated
"No, I am not going to do 'two outs three'.",1.2352941176470589,0.0546110741366215,85,68,14,3,not_evaluated,not_evaluated
Check mate and the middle finger is the best you git!,1.2352941176470589,0.0486199980511132,102,81,18,3,not_evaluated,not_evaluated
"Lettuce, yes, lettuce!",1.2352941176470589,0.0546110741366215,85,68,14,3,not_evaluated,not_evaluated
Checkmate! Now dance!,1.2352941176470589,0.0519832412757962,85,67,16,2,not_evaluated,not_evaluated
Ok.  How about best 3 out of 5?,1.2352941176470589,0.0465807594369751,102,80,20,2,not_evaluated,not_evaluated
Check mate. You should stick with dominoes.,1.2352941176470589,0.0595196900864867,85,70,10,5,not_evaluated,not_evaluated
Checkmate!  Don't ever think death has the last word.,1.2352941176470589,0.0546110741366215,85,68,14,3,not_evaluated,not_evaluated
Checkmate! Now bring back Liberace!,1.2352941176470589,0.0486199980511132,102,81,18,3,not_evaluated,not_evaluated
"Tell you what, best two out of three, but this time, lets make it interesting.",1.2352941176470589,0.0519832412757962,85,67,16,2,not_evaluated,not_evaluated
"So, you’ll honor our deal, right?",1.2352941176470589,0.0505770824707708,102,82,16,4,not_evaluated,not_evaluated
Another round?,1.2352941176470589,0.0519832412757962,85,67,16,2,not_evaluated,not_evaluated
Is it OK to say Hello to the queen ?,1.2352941176470589,0.0519832412757962,85,67,16,2,not_evaluated,not_evaluated
Pack a bag! We’re going to Harry Potter World.,1.2352941176470589,0.0462821054393789,85,65,20,0,not_evaluated,not_evaluated
Checkmate! Now can I come with you?,1.2352941176470589,0.0542799722990437,102,84,12,6,not_evaluated,not_evaluated
Life’s too short to play chess”,1.2352941176470589,0.049215295678475,85,66,18,1,not_evaluated,not_evaluated
I guess that's the end of our duel to the death,1.2352941176470589,0.0505770824707708,102,82,16,4,not_evaluated,not_evaluated
"Having recently cancelled his Netflix subscription, Greg became unstuck when, in filling the voids in his evenings with themed parties, he invited his mate, Grim, to ‘Squid Game’ Night.",1.2352941176470589,0.0519832412757962,85,67,16,2,not_evaluated,not_evaluated
"My God, you're just like Putin! How can a being so omnipotent be so stupid?",1.2347826086956522,0.0467566444045535,115,92,19,4,not_evaluated,not_evaluated
"You're kind of a bummer, Steve",1.2346938775510203,0.0518965380777641,98,79,15,4,not_evaluated,not_evaluated
Now you know how I feel about sudden death rounds,1.2346938775510203,0.0518965380777641,98,79,15,4,not_evaluated,not_evaluated
"Check mate! Haha. You know I'm kidding. You win. Haha. Sorry, can't stay, gotta go. Forgot I have an appointment. Haha. Bye!",1.2346938775510203,0.0476703659835668,98,77,19,2,not_evaluated,not_evaluated
You really should stop insisting on playing black.,1.2346938775510203,0.045410024854457,98,76,21,1,not_evaluated,not_evaluated
I will never take my hand off.,1.2346938775510203,0.0498282774008094,98,78,17,3,not_evaluated,not_evaluated
Scheherazade strikes again!,1.2346938775510203,0.0498282774008094,98,78,17,3,not_evaluated,not_evaluated
Checkmate! Aha! Never mess with a Sicilian when death is on the line!,1.2346938775510203,0.0538854720697668,98,80,13,5,not_evaluated,not_evaluated
"During your pandemic, I was watching The Queen’s Gambit. Checkmate!",1.2345679012345678,0.0505268689621756,81,63,17,1,not_evaluated,not_evaluated
"'That went a lot faster than I thought.
Now what?""",1.2345679012345678,0.0563049592641549,81,65,13,3,not_evaluated,not_evaluated
And to think I almost wrote my dissertation on WILD STRAWBERRIES instead...,1.2345679012345678,0.0505268689621756,81,63,17,1,not_evaluated,not_evaluated
Did you say mate?,1.2345679012345678,0.0589821194350185,81,66,11,4,not_evaluated,not_evaluated
Nice try Putin.,1.2345679012345678,0.0505268689621756,81,63,17,1,not_evaluated,not_evaluated
"I didn't cheat you, I just beat you.",1.2345679012345678,0.0563049592641549,81,65,13,3,not_evaluated,not_evaluated
"Checkmate Death, and I didn’t cheat.",1.2345679012345678,0.0505268689621756,81,63,17,1,not_evaluated,not_evaluated
Perpetual check.  That means I get YOUR job!,1.2345679012345678,0.0563049592641549,81,65,13,3,not_evaluated,not_evaluated
Here's a hint: I cheated.,1.2345679012345678,0.0505268689621756,81,63,17,1,not_evaluated,not_evaluated
Okay! I pick justice Roberts!,1.2345679012345678,0.0534939852920822,81,64,15,2,not_evaluated,not_evaluated
"That's it, big fella.  Back to the Styx.",1.2342342342342345,0.0442518200738139,111,87,22,2,not_evaluated,not_evaluated
That's OK; chess isn't really on-brand for you anymore.  Maybe you should consider a TikTok challenge.,1.2340425531914894,0.0488380941541241,94,74,18,2,not_evaluated,not_evaluated
"I done told you once you son of a bitch, I'm the best there's ever been.",1.2340425531914894,0.0533171702120192,94,76,14,4,not_evaluated,not_evaluated
Checkmate! Yay…I don't die today.,1.2340425531914894,0.0511267057418357,94,75,16,3,not_evaluated,not_evaluated
Now you die.,1.2340425531914894,0.0511267057418357,94,75,16,3,not_evaluated,not_evaluated
"But, I said J'adoube!'",1.2340425531914894,0.0554211262861249,94,77,12,5,not_evaluated,not_evaluated
That comfy robe can’t help you.,1.2340425531914894,0.0511267057418357,94,75,16,3,not_evaluated,not_evaluated
Bob: Check-mate Death:*Sythe*,1.2340425531914894,0.0533171702120192,94,76,14,4,not_evaluated,not_evaluated
You dare cheat Death?,1.2340425531914894,0.0511267057418357,94,75,16,3,not_evaluated,not_evaluated
"Ha, you owe me another 30 days.  Double or nothing?",1.2337662337662338,0.0581560581583206,77,62,12,3,not_evaluated,not_evaluated
"Not today, satan!",1.2337662337662338,0.0519480519480519,77,60,16,1,not_evaluated,not_evaluated
"Fine, you’re better at chess than me, but I always win.",1.2337662337662338,0.0610236888443513,77,63,10,4,not_evaluated,not_evaluated
I'm just so darn happy!,1.2337662337662338,0.048547261524614,77,59,18,0,not_evaluated,not_evaluated
"Checkmate! Again! Another 100 years for me. See you 2122, looser.",1.2337662337662338,0.0581560581583206,77,62,12,3,not_evaluated,not_evaluated
"Look how much fun it would be just to walk up and simply say, ‘Checkmate!’",1.2337662337662338,0.0519480519480519,77,60,16,1,not_evaluated,not_evaluated
"Checkmate in 11 moves, ha! Now I want my soul back.",1.233644859813084,0.0524138531312031,107,88,13,6,not_evaluated,not_evaluated
"Checkmate.  I lose, right?",1.233644859813084,0.0451870449027008,107,84,21,2,not_evaluated,not_evaluated
It wasn't the first time Houdini had cheated Death.,1.2333333333333334,0.047536043227669,90,70,19,1,not_evaluated,not_evaluated
Do I detect the slightest hint of death-peration?,1.2333333333333334,0.047536043227669,90,70,19,1,not_evaluated,not_evaluated
Killer save!,1.2333333333333334,0.052526671187288,90,72,15,3,not_evaluated,not_evaluated
King me you idiot!,1.2333333333333334,0.0500935454512869,90,71,17,2,not_evaluated,not_evaluated
Aha... I won ya!,1.2333333333333334,0.0548519742229466,90,73,13,4,not_evaluated,not_evaluated
"Pyrrhicmate, I assure you.",1.2333333333333334,0.0500935454512869,90,71,17,2,not_evaluated,not_evaluated
Checkmate bitch - get your ass back to the River Styx!,1.2333333333333334,0.052526671187288,90,72,15,3,not_evaluated,not_evaluated
"No! My queen?! You're killing me Larry, you're really killing me!",1.2333333333333334,0.0548519742229466,90,73,13,4,not_evaluated,not_evaluated
"That’s right, you heard me… your breath smells like … well, you.”",1.2333333333333334,0.052526671187288,90,72,15,3,not_evaluated,not_evaluated
Glory to Ukraine!,1.2333333333333334,0.0500935454512869,90,71,17,2,not_evaluated,not_evaluated
Play dead”,1.2333333333333334,0.0500935454512869,90,70,17,2,not_evaluated,not_evaluated
You’ve taken masking to the next level,1.2333333333333334,0.052526671187288,90,72,15,3,not_evaluated,not_evaluated
"You are clearly not much into old swedish movies, don’t you?",1.2333333333333334,0.047536043227669,90,70,17,1,not_evaluated,not_evaluated
"Suck it, Death. Now give me back my wife!",1.2333333333333334,0.052526671187288,90,72,15,3,not_evaluated,not_evaluated
Got you with the ghoul's mate.,1.233009708737864,0.0481998099780879,103,82,18,3,not_evaluated,not_evaluated
"Really, you didn't see that coming?",1.233009708737864,0.0501357067470216,103,83,16,4,not_evaluated,not_evaluated
A fleeting victory,1.233009708737864,0.0418583259892831,103,79,24,0,not_evaluated,not_evaluated
Why so serious? Check Mate. Lets go !,1.233009708737864,0.0481998099780879,103,82,18,3,not_evaluated,not_evaluated
Checkmate u crusty bitch,1.233009708737864,0.0481998099780879,103,82,18,3,not_evaluated,not_evaluated
Yay! I get to be Brad Pitt another fifty years!,1.2328767123287672,0.0569404744901366,73,58,13,2,not_evaluated,not_evaluated
"Reap this, Grumpy!",1.2328767123287672,0.0534948607938811,73,57,15,1,not_evaluated,not_evaluated
Put that piece back! No wonder you come from Hades.,1.2328767123287672,0.0569404744901366,73,58,13,2,not_evaluated,not_evaluated
Come a little closer and say that again,1.2328767123287672,0.0534948607938811,73,57,15,1,not_evaluated,not_evaluated
"Gotcha! And you thought you
could beat me at your own game.",1.2325581395348837,0.0514480296516253,86,68,16,2,not_evaluated,not_evaluated
You took my king; I shall take your crown.  You lost.,1.2325581395348837,0.0514480296516253,86,68,16,2,not_evaluated,not_evaluated
There's nothing quite like staring Death right in it's face!,1.2325581395348837,0.0514480296516253,86,68,16,2,not_evaluated,not_evaluated
my eyes are up here buddy,1.2325581395348837,0.0514480296516253,86,68,16,2,not_evaluated,not_evaluated
I said death of a salesman Mike…  @kelseyyy_danielle,1.2325581395348837,0.0540416280866151,86,69,14,3,not_evaluated,not_evaluated
I'll raise you a Queen's sacrifice.,1.2323232323232325,0.051424328084287,99,80,15,4,not_evaluated,not_evaluated
Rents DECREASE!,1.2323232323232325,0.0493793322720596,99,79,17,3,not_evaluated,not_evaluated
We both know this move isn't possible.,1.2323232323232325,0.0493793322720596,99,79,17,3,not_evaluated,not_evaluated
"Rook and roll, Soul Man.",1.2323232323232325,0.051424328084287,99,80,15,4,not_evaluated,not_evaluated
You can't move there. Don't try to cheat death.,1.2318840579710144,0.0657597980415239,69,57,8,4,not_evaluated,not_evaluated
This is 1 guy you will never beat.,1.2317073170731707,0.0529149707039746,82,65,15,2,not_evaluated,not_evaluated
"Ha! Now you can tell Ingmar Bergman that ""Herd Immunity"" works.",1.2317073170731707,0.0499887987688257,82,64,17,1,not_evaluated,not_evaluated
See! My doctor was right!,1.2317073170731707,0.0499887987688257,82,64,17,1,not_evaluated,not_evaluated
Mate. Thus ends Jesus' Gambit!,1.2317073170731707,0.0499887987688257,82,64,17,1,not_evaluated,not_evaluated
Aha! I win. You lose!,1.2317073170731707,0.0556875950895244,82,65,13,3,not_evaluated,not_evaluated
"And Big Bird is next, bwa-ha-ha-ha!",1.2317073170731707,0.0499887987688257,82,64,17,1,not_evaluated,not_evaluated
You can keep your 'best of 3',1.2317073170731707,0.0556875950895244,82,66,13,3,not_evaluated,not_evaluated
And your still trying to flip me off.,1.2317073170731707,0.0499887987688257,82,64,17,1,not_evaluated,not_evaluated
Watch your manners.,1.2317073170731707,0.0529149707039746,82,65,15,2,not_evaluated,not_evaluated
There! Who says you can't cheat death?,1.2317073170731707,0.0556875950895244,82,66,13,3,not_evaluated,not_evaluated
"Man up, you closet queen.",1.2317073170731707,0.0529149707039746,82,65,15,2,not_evaluated,not_evaluated
Nothing is certain in this world. No exceptions.,1.2317073170731707,0.0608550449129691,82,68,9,5,not_evaluated,not_evaluated
'' - You re finished Mr.!! - Finally.. I can see Him coming for me.. - .. Wait..what.. There is another one??????,1.2317073170731707,0.0529149707039746,82,64,15,2,not_evaluated,not_evaluated
So like I was saying…I have a photoshoot with Lucifer after this match. Do I have anything in my teeth?,1.2317073170731707,0.0529149707039746,82,65,15,2,not_evaluated,not_evaluated
It doesn't pay to cheat!,1.231578947368421,0.0528104463412814,95,77,14,4,not_evaluated,not_evaluated
"Just because I’m a pawn in the eyes of the New Yorker, I show no fear in the presence of a poorly dressed dead guy.",1.231578947368421,0.0528104463412814,95,77,14,4,not_evaluated,not_evaluated
I should have thought better before playing the IRS - the only other thing that can't be beat.,1.231578947368421,0.0506456224863697,95,76,16,3,not_evaluated,not_evaluated
"Grim, Skrim! Checkmate!",1.231578947368421,0.0460114197299422,95,74,20,1,not_evaluated,not_evaluated
To your peril!,1.231578947368421,0.0506456224863697,95,76,16,3,not_evaluated,not_evaluated
"As Tarrasch once said:  ""Before the endgame the Gods have placed the middlegame!""",1.231578947368421,0.0435096147975529,95,73,22,0,not_evaluated,not_evaluated
Sudden Death indeed!,1.231578947368421,0.0483840357070222,95,75,18,2,not_evaluated,not_evaluated
"I can’t cheat you, but I just beat you!",1.231578947368421,0.0548899572645019,95,78,12,5,not_evaluated,not_evaluated
"Oh, ok! Well, you know we just gonna keep playin' until it's not a game anymore anyway!",1.231578947368421,0.0435096147975529,95,73,22,0,not_evaluated,not_evaluated
"You’ve killed my Queen, now I’ll have to kill your!",1.231578947368421,0.0506456224863697,95,76,16,3,not_evaluated,not_evaluated
I shoulda had my Wheaties.,1.2314814814814814,0.0467098181326254,108,86,19,3,not_evaluated,not_evaluated
Where's my scythe?,1.2307692307692308,0.0470806417965117,91,71,19,1,not_evaluated,not_evaluated
"Checkmate, you play like a toddler.  It's hard to believe your ""claim""  that nobody's ever beaten you twice.",1.2307692307692308,0.0496063209296122,91,72,17,2,not_evaluated,not_evaluated
"Now, do you get cryogenic freezing?",1.2307692307692308,0.0545104355767976,78,62,14,2,not_evaluated,not_evaluated
"Okay, two out of three Wordles, and that's not a question.",1.2307692307692308,0.0470806417965117,91,71,19,1,not_evaluated,not_evaluated
I think you should really be taking something for that arthritis.,1.2307692307692308,0.0496063209296122,91,72,17,2,not_evaluated,not_evaluated
Ha! Mate in two. What are you going to do now?,1.2307692307692308,0.0513652339016563,78,61,16,1,not_evaluated,not_evaluated
Checkmate you fuck,1.2307692307692308,0.0520094925986779,91,73,15,3,not_evaluated,not_evaluated
Nope!  Not going!  Cheated you again..,1.2307692307692308,0.0513652339016563,78,61,16,1,not_evaluated,not_evaluated
Reap this‐checkmate!,1.2307692307692308,0.0470806417965117,91,71,19,1,not_evaluated,not_evaluated
Ha! Grim Reaper? How about Hooded Woodpusher?,1.2307692307692308,0.0574838057175456,78,63,12,3,not_evaluated,not_evaluated
Leave the Queen take the cannoli,1.2307692307692308,0.0543064228666571,91,74,13,4,not_evaluated,not_evaluated
I won. Your problem? The ME of tomorrow.,1.2307692307692308,0.0545104355767976,78,62,14,2,not_evaluated,not_evaluated
Told you I didn’t need the vaccine.,1.2307692307692308,0.0497018166750555,104,84,16,4,not_evaluated,not_evaluated
Ha Grim! I beat death! Wait till I tell everyone that taxes are the only sure thing.,1.2307692307692308,0.0574838057175456,78,63,12,3,not_evaluated,not_evaluated
I hope “Sudden Death” isn’t a chess term.”,1.23,0.0489382212074519,100,80,17,3,not_evaluated,not_evaluated
"Time’s up, death.",1.23,0.0489382212074519,100,80,17,3,not_evaluated,not_evaluated
Bitcoin is worthless.,1.2298850574712643,0.0559268563862349,87,71,12,4,not_evaluated,not_evaluated
Mate Death...You Stupefied Sucker,1.2298850574712643,0.050923441090746,87,69,16,2,not_evaluated,not_evaluated
Checkmate! Now can I go back and finish my Final Destination series binge-watching?,1.2298850574712643,0.0534836896528709,87,70,14,3,not_evaluated,not_evaluated
Cheating death is the oldest trick in the book.,1.2298850574712643,0.048227467756049,87,68,18,1,not_evaluated,not_evaluated
Checkmate! You reap what you saw.,1.2298850574712643,0.0534836896528709,87,70,14,3,not_evaluated,not_evaluated
Me: Checkmate   You: I don't think so!,1.2298850574712643,0.048227467756049,87,68,18,1,not_evaluated,not_evaluated
"Checkmate! Better luck next time, Reaper. The IRS wins the Most Dreaded title for the seventeenth year in a row.",1.2298850574712643,0.0534836896528709,87,70,14,3,not_evaluated,not_evaluated
Death be not cowed...,1.2298850574712643,0.050923441090746,87,69,16,2,not_evaluated,not_evaluated
I learned that move from a 7-year old YouTuber!,1.2298850574712643,0.050923441090746,87,69,16,2,not_evaluated,not_evaluated
"Ha! You always have to think a few steps ahead and think, what might they do next.",1.2298850574712643,0.0559268563862349,87,71,12,4,not_evaluated,not_evaluated
Aha! Fell for the death gambit!,1.2298850574712643,0.048227467756049,87,68,18,1,not_evaluated,not_evaluated
A fallen queen for a fallen Angel!,1.2298850574712643,0.048227467756049,87,68,18,1,not_evaluated,not_evaluated
The Seventh Seal? Never heard of it.,1.2298850574712643,0.050923441090746,87,69,16,2,not_evaluated,not_evaluated
I was promised a cute Redhead. Who are you?,1.2298850574712643,0.048227467756049,87,68,18,1,not_evaluated,not_evaluated
Best two out of three?,1.2297297297297298,0.0562538321449083,74,59,13,2,not_evaluated,not_evaluated
"During the lockdown, I was throwing games to keep you occupied.",1.2297297297297298,0.0562538321449083,74,59,13,2,not_evaluated,not_evaluated
Checkmate! Now let’s go we’ve got a 2:30 with Senator McConnell.,1.2297297297297298,0.0594535690933109,74,60,11,3,not_evaluated,not_evaluated
Ha! Check-mate!  Now you have to go and LIVE!,1.2297297297297298,0.0624896801470344,74,61,9,4,not_evaluated,not_evaluated
Ha! Check! Now what you gonna’ to do?,1.2293577981651376,0.0481266937170759,109,88,17,4,not_evaluated,not_evaluated
"Screw the Seventh Seal, that’s checkmate.",1.2291666666666667,0.0455934712418679,96,75,20,1,not_evaluated,not_evaluated
... Long live the king!,1.2291666666666667,0.0479381149556078,96,76,18,2,not_evaluated,not_evaluated
Check mate. I win.  Now you are my pawn. See you again in 50 years,1.2291666666666667,0.0501733107449678,96,77,16,3,not_evaluated,not_evaluated
Sure. Bring it on.,1.2291666666666667,0.0455934712418679,96,75,20,1,not_evaluated,not_evaluated
"Remember, I play the long game.",1.2291666666666667,0.0501733107449678,96,77,16,3,not_evaluated,not_evaluated
And we have a great 402k and whole life policy,1.2291666666666667,0.0479381149556078,96,76,18,2,not_evaluated,not_evaluated
"Do you remember who I am, mortal?",1.2291666666666667,0.046780484635049,96,78,15,3,not_evaluated,not_evaluated
"You just had to touch your own king, didn't you? Checkmate!",1.2291666666666667,0.0523130897264264,96,78,14,4,not_evaluated,not_evaluated
Ha! Checkmate! Now you have to take me!,1.2291666666666667,0.0501733107449678,96,77,16,3,not_evaluated,not_evaluated
"Surprised? One look at you, and I knew you'd attempt the Scandinavian defense.",1.2289156626506024,0.0550833557560326,83,67,13,3,not_evaluated,not_evaluated
"I watched ""The Queens Gambit"" over quarantine.",1.2289156626506024,0.0601821634862552,83,69,9,5,not_evaluated,not_evaluated
Nice move. End Game.,1.2289156626506024,0.0494616958949545,83,65,17,1,not_evaluated,not_evaluated
Whadda you mean my time has come? You've not even punched your clock yet.,1.2289156626506024,0.0550833557560326,83,67,13,3,not_evaluated,not_evaluated
Hah! Triple jump! King me!,1.2289156626506024,0.0601821634862552,83,69,9,5,not_evaluated,not_evaluated
"Actually, that move is illegal. Trust me, my frat brother told me so”",1.2289156626506024,0.0494616958949545,83,65,17,1,not_evaluated,not_evaluated
God please save the queen,1.2289156626506024,0.0550833557560326,83,67,13,3,not_evaluated,not_evaluated
"Damn it, Bergman!",1.2289156626506024,0.0523480440998067,83,66,15,2,not_evaluated,not_evaluated
Bold sacrifice,1.2289156626506024,0.0494616958949545,83,65,17,1,not_evaluated,not_evaluated
The movie didn’t show the eighth seal: it’s in my ass!,1.2285714285714286,0.0581688431661773,70,56,12,2,not_evaluated,not_evaluated
Mate! This is what I think of your Mate. Now come dance with me over the hills.,1.2285714285714286,0.0510998857678179,105,86,14,5,not_evaluated,not_evaluated
Check Mate! I win and live to play another day!,1.2282608695652173,0.0537714298429854,92,75,13,4,not_evaluated,not_evaluated
Don’t feel too bad ... Mitch McConnell pulled the same stunt when Obama nominated Merrick Garland!,1.2282608695652173,0.0515021856246872,92,74,15,3,not_evaluated,not_evaluated
Death: What do you mean you found a cure against aging?,1.2282608695652173,0.0466335934455088,92,72,19,1,not_evaluated,not_evaluated
You do realize that Armageddon chess favors me?,1.2282608695652173,0.043997732832518,92,71,21,0,not_evaluated,not_evaluated
"I may not know chess, but I believe that's touchdown.",1.2282608695652173,0.0515021856246872,92,74,15,3,not_evaluated,not_evaluated
Looks like I get to en passant another day,1.2282608695652173,0.0537714298429854,92,75,13,4,not_evaluated,not_evaluated
And you said I couldn’t beat you!,1.2282608695652173,0.0466335934455088,92,72,19,1,not_evaluated,not_evaluated
Sit down moron! It’s my move!,1.2282608695652173,0.0466335934455088,92,72,19,1,not_evaluated,not_evaluated
"Checkmate,baby. You're dead.",1.2282608695652173,0.043997732832518,92,71,21,0,not_evaluated,not_evaluated
"Don't feel bad, I saw that movie ten times.",1.2282608695652173,0.0466335934455088,92,72,19,1,not_evaluated,not_evaluated
"Checkmate! This time,Trevor from accounting!",1.2282608695652173,0.0537714298429854,92,73,13,4,not_evaluated,not_evaluated
"I think I can refuse the King’s dead, so it’s a draw",1.2282608695652173,0.0515021856246872,92,74,15,3,not_evaluated,not_evaluated
"Your queen won't make it to the afterlife, but you still can!",1.2282608695652173,0.0515021856246872,92,74,15,3,not_evaluated,not_evaluated
Maybe you'll have better luck in the Ukraine.,1.2278481012658229,0.0538952278235384,79,63,14,2,not_evaluated,not_evaluated
Checkmate.  My Little Pony is the best cartoon all-time.,1.2278481012658229,0.050794937122985,79,62,16,1,not_evaluated,not_evaluated
So you keep your soul for a few more months of working from home.,1.2278481012658229,0.0474926909377105,79,61,18,0,not_evaluated,not_evaluated
"Die, Loser!
Oh, Ooops!",1.2278481012658229,0.050794937122985,79,62,16,1,not_evaluated,not_evaluated
Crown me!,1.2278481012658229,0.0596140543143756,79,65,10,4,not_evaluated,not_evaluated
"Checkmate, so bring Ingmar Bergman back.",1.2278481012658229,0.0568266269188504,79,64,12,3,not_evaluated,not_evaluated
"That's one small step for a queen, one giant checkmate for death.",1.2278481012658229,0.0538952278235384,79,63,14,2,not_evaluated,not_evaluated
Checkmate! I told you that your intimidating costume wouldn,1.2278481012658229,0.050794937122985,79,62,16,1,not_evaluated,not_evaluated
Hmm… I’m not used to people playing fairly,1.2278481012658229,0.0538952278235384,79,63,14,2,not_evaluated,not_evaluated
Dresscode to d7. Checkmate.,1.2278481012658229,0.050794937122985,79,62,16,1,not_evaluated,not_evaluated
Eureka! Eureka! I am saved for the day!!,1.2277227722772277,0.0505047554251756,101,82,15,4,not_evaluated,not_evaluated
Do you really believe this move will stand Mr. Alito?,1.2277227722772277,0.0442342730766112,101,79,21,1,not_evaluated,not_evaluated
"Checkmate, Death.",1.2277227722772277,0.0442342730766112,101,79,21,1,not_evaluated,not_evaluated
Check mate! And you don't have to give me the finger just because I beat you!,1.2272727272727273,0.0553493529247948,88,72,12,4,not_evaluated,not_evaluated
"Checkmate! Phew, not a moment too soon; I'm still catching up on emails!",1.2272727272727273,0.0477477937671718,88,69,18,1,not_evaluated,not_evaluated
See you on Samarra!,1.2272727272727273,0.0477477937671718,88,69,18,1,not_evaluated,not_evaluated
"Ha check mate! Now, please… kill me!",1.2272727272727273,0.0477477937671718,88,69,18,1,not_evaluated,not_evaluated
The match is over when I say it's over.,1.2272727272727273,0.0504091740607409,88,70,16,2,not_evaluated,not_evaluated
STALEMATE !,1.2272727272727273,0.0459522377944072,110,88,19,3,not_evaluated,not_evaluated
"Never mind, life is too short for chess!",1.2272727272727273,0.0553493529247948,88,72,12,4,not_evaluated,not_evaluated
Cheating at chess; hard to do. Cheating death; impossible.,1.2272727272727273,0.0504091740607409,88,70,16,2,not_evaluated,not_evaluated
I love cheating death.,1.2272727272727273,0.0477477937671718,88,69,18,1,not_evaluated,not_evaluated
"Checkmate. I’m Elon Musk, sucker!”",1.2272727272727273,0.0504091740607409,88,70,16,2,not_evaluated,not_evaluated
„Hey! I said j‘adoube!“,1.2272727272727273,0.0477477937671718,88,69,18,1,not_evaluated,not_evaluated
You say that like it's a good thing.,1.2272727272727273,0.0529369233082145,88,71,14,3,not_evaluated,not_evaluated
"If I beat death, what will I do next?",1.2272727272727273,0.0477477937671718,88,69,18,1,not_evaluated,not_evaluated
"Checkmate @leadermcconnell!""  @adamsackstoon",1.2272727272727273,0.0529369233082145,88,71,14,3,not_evaluated,not_evaluated
"And that’s Soulmate, no best two out of three.",1.2272727272727273,0.0576609390232869,88,73,10,5,not_evaluated,not_evaluated
I want a kiss.,1.2268041237113405,0.0497095400051183,97,78,16,3,not_evaluated,not_evaluated
"No hard feelings, right?",1.2268041237113405,0.0475001235284504,97,77,18,2,not_evaluated,not_evaluated
"Ron check-mated the oddly dressed stranger, painfully unaware that he was playing with Death.",1.2268041237113405,0.0475001235284504,97,77,18,2,not_evaluated,not_evaluated
2:1 I out survive you,1.2268041237113405,0.0497095400051183,97,78,16,3,not_evaluated,not_evaluated
"Too bad,one hell of a move.",1.2268041237113405,0.0451827965371295,97,76,20,1,not_evaluated,not_evaluated
Same to you bro!,1.2268041237113405,0.0518248492503631,97,79,14,4,not_evaluated,not_evaluated
Nice strategy. As a side note did you buy green bananas today?,1.2266666666666666,0.055583176317025,75,60,13,2,not_evaluated,not_evaluated
TOP THAT MOVE !,1.2266666666666666,0.055583176317025,75,60,13,2,not_evaluated,not_evaluated
Ha! Your king is dead!,1.2266666666666666,0.0486699986518262,75,58,17,0,not_evaluated,not_evaluated
"Not today, Mort!",1.2266666666666666,0.0522410674577877,75,59,15,1,not_evaluated,not_evaluated
See? Just a few speedy moves like this and we eliminate the sudden death option!,1.2266666666666666,0.0522410674577877,75,59,15,1,not_evaluated,not_evaluated
Ha! I've seen every film Bergman ever made!,1.2264150943396226,0.0469807531999574,106,85,18,2,not_evaluated,not_evaluated
Ha!  That's the move Bergman missed!,1.2261904761904765,0.0544918382414928,84,68,13,3,not_evaluated,not_evaluated
"C'mon, make your last grim move!",1.2261904761904765,0.0489452446070841,84,66,17,1,not_evaluated,not_evaluated
"Big Blue ? You""re joking ?",1.2261904761904765,0.0544918382414928,84,68,13,3,not_evaluated,not_evaluated
"That's not fair, I've been trying to take the Queen for years",1.2261904761904765,0.0489452446070841,84,66,17,1,not_evaluated,not_evaluated
"Justice Alito, it appears that the queen dissents.",1.2261904761904765,0.0517928441224476,84,67,15,2,not_evaluated,not_evaluated
Immortality mate!,1.2261904761904765,0.0517928441224476,84,67,15,2,not_evaluated,not_evaluated
"I'm an AI robot, checkmate !",1.2261904761904765,0.0517928441224476,84,67,15,2,not_evaluated,not_evaluated
"Pawn me! Oh,wait …",1.2261904761904765,0.0544918382414928,84,68,13,3,not_evaluated,not_evaluated
There’s no way in hell they’d allow that move,1.2261904761904765,0.0517928441224476,84,67,15,2,not_evaluated,not_evaluated
Who says I can’t cheat?,1.2261904761904765,0.0544918382414928,84,68,13,3,not_evaluated,not_evaluated
now i’m the bone man,1.2261904761904765,0.0544918382414928,84,68,13,3,not_evaluated,not_evaluated
"Win if you can, lose if you must, but always cheat.",1.2261904761904765,0.0517928441224476,84,67,15,2,not_evaluated,not_evaluated
You shouldn't have bet your home on a chess match! Now where are the keys?,1.2261904761904765,0.0544918382414928,84,68,13,3,not_evaluated,not_evaluated
Booyaa! Bet you didn't see that one coming!,1.2261904761904765,0.0489452446070841,84,66,17,1,not_evaluated,not_evaluated
"You may win in the end, but right now it's one to nothingness!",1.2261904761904765,0.0517928441224476,84,67,15,2,not_evaluated,not_evaluated
"I just had a great idea for a silent movie!  I’ll call it, ‘The Seventh Seal.’",1.2261904761904765,0.0544918382414928,84,68,13,3,not_evaluated,not_evaluated
Nobody forks me like you do,1.2261904761904765,0.0489452446070841,84,66,17,1,not_evaluated,not_evaluated
"That's it! I've just won three games in a row!  Now you have to honor your bet and allow me to live to age 150, never get sick in this current lif, and, for my next incarnation, I'll get born as a handsome, healthy, athletic, popular, successful guy!",1.2260869565217392,0.0463147945371197,115,93,18,4,not_evaluated,not_evaluated
We're square now.,1.2258064516129032,0.0486590456659424,93,74,17,2,not_evaluated,not_evaluated
You ought to be in movies.,1.2258064516129032,0.0461946818846464,93,73,19,1,not_evaluated,not_evaluated
GOTCHA!  I win.  I get to be 15 again!,1.2258064516129032,0.0486590456659424,93,74,17,2,not_evaluated,not_evaluated
"You lose, now get lost.",1.2258064516129032,0.0486590456659424,93,74,17,2,not_evaluated,not_evaluated
"Gotcha! Or to put it another way,... best out of three?",1.2258064516129032,0.0461946818846464,93,73,19,1,not_evaluated,not_evaluated
"Boy, do you need a breath mint!",1.2258064516129032,0.0510044783898125,93,75,15,3,not_evaluated,not_evaluated
best 3 out of 4?,1.2258064516129032,0.0510044783898125,93,75,15,3,not_evaluated,not_evaluated
"I know you’ve always beaten every other mortal throughout the ages, including Von Sydow. However, I don’t fear the reaper. Bam!",1.2254901960784317,0.048078720202023,102,82,17,3,not_evaluated,not_evaluated
"I didn't mean to kill you""",1.2254901960784317,0.048078720202023,102,82,17,3,not_evaluated,not_evaluated
Checkmate-I bet you didn't see that coming.,1.2253521126760565,0.0574340076158851,71,57,12,2,not_evaluated,not_evaluated
Take my queen and suffer the consequences.,1.2253521126760565,0.0608364998807712,71,58,10,3,not_evaluated,not_evaluated
I didn’t see that one coming.,1.2253521126760565,0.0574340076158851,71,57,12,2,not_evaluated,not_evaluated
"Gottcha!  Ya didn't know I'd seen ""The Seventh Seal"", did ya?",1.2253521126760565,0.0608364998807712,71,58,10,3,not_evaluated,not_evaluated
Gotto go--hot date in Samaria!,1.2253521126760565,0.0574340076158851,71,57,12,2,not_evaluated,not_evaluated
The Queens Gambit,1.2252252252252251,0.0455823806871118,111,89,19,3,not_evaluated,not_evaluated
Your rating is going to take a hit.,1.225,0.0561840330487252,80,65,12,3,not_evaluated,not_evaluated
"Actually, YOU can’t cheat, Death.",1.225,0.0561840330487252,80,65,12,3,not_evaluated,not_evaluated
Not this time. Checkmate!,1.225,0.0561840330487252,80,65,12,3,not_evaluated,not_evaluated
Guess what? I don't pay my taxes either.,1.225,0.0502367811191679,80,63,16,1,not_evaluated,not_evaluated
"Just buy a computer, death.",1.225,0.0532934318037196,80,64,14,2,not_evaluated,not_evaluated
Dead Draw!,1.225,0.0502367811191679,80,63,16,1,not_evaluated,not_evaluated
must be a winner to continue living,1.225,0.0589330235591453,80,66,10,4,not_evaluated,not_evaluated
Ha! And they said I couldn't beat you!,1.225,0.0502367811191679,80,63,16,1,not_evaluated,not_evaluated
Better to beat Death than to cheat Death.,1.225,0.0502367811191679,80,63,16,1,not_evaluated,not_evaluated
Soo same time next week?,1.225,0.0469816823987036,80,62,18,0,not_evaluated,not_evaluated
"How about a cheque, mate?",1.225,0.0532934318037196,80,64,14,2,not_evaluated,not_evaluated
C’mon Mr. Stokely. I gave Elon a hell of a deal.,1.225,0.0502367811191679,80,63,16,1,not_evaluated,not_evaluated
"You saw that Bergman film too, huh?",1.225,0.0532934318037196,80,64,14,2,not_evaluated,not_evaluated
"This required one life, but at the end...",1.225,0.0532934318037196,80,64,14,2,not_evaluated,not_evaluated
Bet I beat you the next time we meet as well.,1.2247191011235956,0.0499049376927726,89,71,16,2,not_evaluated,not_evaluated
Maybe not today but you're still mine.,1.2247191011235956,0.0524010059162292,89,72,14,3,not_evaluated,not_evaluated
Covid vaccine!,1.2247191011235956,0.0524010059162292,89,72,14,3,not_evaluated,not_evaluated
Checkmate! Now you know how it feels.,1.2247191011235956,0.0472772692866914,89,70,18,1,not_evaluated,not_evaluated
"Haha ya dumb Reaper, king me!",1.2247191011235956,0.0472772692866914,89,70,18,1,not_evaluated,not_evaluated
Now I don't know how I could lose.,1.2247191011235956,0.0499049376927726,89,71,16,2,not_evaluated,not_evaluated
"If you flip me the bird, I will show you my shiny wedding ring!",1.2247191011235956,0.0472772692866914,89,70,18,1,not_evaluated,not_evaluated
"No more life insurance?  Great.  But wait, an eternity of home maintenance?",1.2244897959183674,0.0492540874061695,98,79,16,3,not_evaluated,not_evaluated
Aha! I beat ya!,1.2242990654205608,0.0502303128239235,107,88,14,5,not_evaluated,not_evaluated
Full disclosure. I’m a cyborg.,1.2242990654205608,0.048443251161891,107,87,16,4,not_evaluated,not_evaluated
Don't push your luck. I let you win last time.,1.2238805970149254,0.0555426155749475,67,53,13,1,not_evaluated,not_evaluated
"In THIS game, I take your soul.",1.2238805970149254,0.0631628863625909,67,55,9,3,not_evaluated,not_evaluated
"No, you can’t eat the pieces!",1.2238805970149254,0.0594749205907834,67,54,11,2,not_evaluated,not_evaluated
King me!,1.2236842105263157,0.0580341224807827,76,62,11,3,not_evaluated,not_evaluated
"Checkmate! Let’s play again, I got a feeling I can’t lose.",1.2236842105263157,0.0516353075535489,76,59,15,1,not_evaluated,not_evaluated
"Ask not for whom the Queen trolls, she trolls for YOU....",1.2236842105263157,0.0549279726472044,76,61,13,2,not_evaluated,not_evaluated
I win the hood.,1.2236842105263157,0.0481178531645701,76,59,17,0,not_evaluated,not_evaluated
Checkmate!  Now you have to become an accountant.,1.2236842105263157,0.0580341224807827,76,62,11,3,not_evaluated,not_evaluated
You've lost your touch,1.2236842105263157,0.0516353075535489,76,60,15,1,not_evaluated,not_evaluated
And that's checkmate - so much for your intimidation costume.,1.2236842105263157,0.0516353075535489,76,60,15,1,not_evaluated,not_evaluated
It is not Thanatos! It' is the king!,1.2236842105263157,0.0609822643487182,76,63,9,4,not_evaluated,not_evaluated
That makes us tied!  Now for the sudden death round…,1.2236842105263157,0.0580341224807827,76,62,11,3,not_evaluated,not_evaluated
"I switched to insurance that covers my gym membership!  Castle, check!",1.2236842105263157,0.0609822643487182,76,63,9,4,not_evaluated,not_evaluated
You know you can't win this game.,1.2236842105263157,0.0549279726472044,76,61,13,2,not_evaluated,not_evaluated
"They said it can’t be done, but four moves ago…I cheated!",1.2236842105263157,0.0549279726472044,76,61,13,2,not_evaluated,not_evaluated
And THAT'S how you beat death!,1.2236842105263157,0.0580341224807827,76,62,11,3,not_evaluated,not_evaluated
"You might have won, but I'm a sore loser.",1.2236842105263157,0.0580341224807827,76,62,11,3,not_evaluated,not_evaluated
If I win…I don’t have sleep paralysis tonight! If you win…,1.2236842105263157,0.0481178531645701,76,59,17,0,not_evaluated,not_evaluated
51%. Checkmate.,1.223529411764706,0.0512490229140589,85,68,15,2,not_evaluated,not_evaluated
You should have checked up on my background.”,1.223529411764706,0.0512490229140589,85,68,15,2,not_evaluated,not_evaluated
"I'll go with ""Adjournment.""  Now get out of here!",1.223529411764706,0.0512490229140589,85,67,15,2,not_evaluated,not_evaluated
"Didn't think I could do it, did you?",1.223529411764706,0.0454558935673899,85,66,19,0,not_evaluated,not_evaluated
Do you r-e-a-l-l-y want to make that move?,1.223529411764706,0.0539126552347745,85,69,13,3,not_evaluated,not_evaluated
"It's too late, you ran out of time",1.223529411764706,0.0512490229140589,85,68,15,2,not_evaluated,not_evaluated
You lose! Tell it to Human Resources!,1.223529411764706,0.0564507434785547,85,70,11,4,not_evaluated,not_evaluated
You’re killing me!,1.223529411764706,0.0539126552347745,85,69,13,3,not_evaluated,not_evaluated
Ha! The Kiss of YOU!,1.2234042553191489,0.0457636976109106,94,74,19,1,not_evaluated,not_evaluated
Ha! You've got to use long-term thinking.,1.2234042553191489,0.0481985126163457,94,75,17,2,not_evaluated,not_evaluated
You know what else is inevitable? Checkmate!,1.2234042553191489,0.0481985126163457,94,75,17,2,not_evaluated,not_evaluated
I'm actually trying to lose.,1.2234042553191489,0.0548583486503517,94,78,11,5,not_evaluated,not_evaluated
Check mate! You owe me one more near miss from alcohol poisoning.,1.2234042553191489,0.052731943044405,94,77,13,4,not_evaluated,not_evaluated
"Just come on back if you ever wanna try again.
I done told you once, I'm the best that's ever been.",1.2234042553191489,0.0548583486503517,94,78,11,5,not_evaluated,not_evaluated
"You are no longer undefeated, chump!",1.2234042553191489,0.0481985126163457,94,75,17,2,not_evaluated,not_evaluated
How To Cheat Death: Politician’s Edition,1.2234042553191489,0.0481985126163457,94,74,17,2,not_evaluated,not_evaluated
Ok maybe you just won but we have to play again because I was cheating,1.2234042553191489,0.0481985126163457,94,75,17,2,not_evaluated,not_evaluated
"You win, this time.",1.2234042553191489,0.0431918443646216,94,73,21,0,not_evaluated,not_evaluated
(death:) Come on MAKE my Day!,1.2233009708737863,0.0434825999692514,103,81,21,1,not_evaluated,not_evaluated
Check!  So this time we're going to a disco!,1.2232142857142858,0.0452182990283357,112,90,19,3,not_evaluated,not_evaluated
Is Checkmate really worth your soul?,1.2222222222222223,0.0440683210854501,90,70,20,0,not_evaluated,not_evaluated
"Check!""                                                
                   ""...your cholesterol.",1.2222222222222223,0.0555555555555555,81,66,12,3,not_evaluated,not_evaluated
"Sorry but for you that means, ""Burn in my chest, mate.""",1.2222222222222223,0.0494104513596565,90,72,16,2,not_evaluated,not_evaluated
I prefer to open up with the Omicron Variation,1.2222222222222223,0.0567171213596873,72,58,12,2,not_evaluated,not_evaluated
"You're playing sleepy, Grim Reapy!",1.2222222222222223,0.05187562620058,90,73,14,3,not_evaluated,not_evaluated
I cannot tell you how surprised I am!,1.2222222222222223,0.0527046276694729,81,65,14,2,not_evaluated,not_evaluated
"I've cheated on my taxes, but I'd never cheat you.",1.2222222222222223,0.0468156471003835,90,71,18,1,not_evaluated,not_evaluated
What's grim is you losing three straight games.,1.2222222222222223,0.0488067374467179,99,80,16,3,not_evaluated,not_evaluated
Checkmate! Now you *have* to kill me,1.2222222222222223,0.0496903994999952,81,64,16,1,not_evaluated,not_evaluated
"Among chess audiences, this is referred to as the Colbert Gambit",1.2222222222222223,0.05187562620058,90,73,14,3,not_evaluated,not_evaluated
What! Me cheat Death?,1.2222222222222223,0.0494104513596565,90,72,16,2,not_evaluated,not_evaluated
"I didn't cheat, Grim, I swear!",1.2222222222222223,0.0496903994999952,81,64,16,1,not_evaluated,not_evaluated
"Ha! Didn't see that comin', did you!",1.2222222222222223,0.0567171213596873,72,58,12,2,not_evaluated,not_evaluated
And you thought that you were too BIG  for this table.,1.2222222222222223,0.0440683210854501,90,70,20,0,not_evaluated,not_evaluated
"Well then,I guess it is time for MY last move.",1.2222222222222223,0.05187562620058,90,73,14,3,not_evaluated,not_evaluated
"Checkmate!  Twitter and a rocket ship, please!",1.2222222222222223,0.0542288528722454,90,74,12,4,not_evaluated,not_evaluated
"Hey, that’s life!",1.2222222222222223,0.0527046276694729,81,65,14,2,not_evaluated,not_evaluated
"you may won now, but
when you're time run out, we will have a re-match.",1.2222222222222223,0.0567171213596873,72,58,12,2,not_evaluated,not_evaluated
"I Told you, you say Check Mate, not Trick or Treat!",1.2222222222222223,0.0496903994999952,81,64,16,1,not_evaluated,not_evaluated
"No way, I cheated you fair and square!",1.2222222222222223,0.0555555555555555,81,66,12,3,not_evaluated,not_evaluated
Ha! Now who's the cheater?,1.2222222222222223,0.05187562620058,90,72,14,3,not_evaluated,not_evaluated
What’s therapy?” asked the white man,1.2222222222222223,0.0443825584393353,99,77,20,1,not_evaluated,not_evaluated
"Come on, Death! Thought you were a more than just a scary outfit.",1.2222222222222223,0.0494104513596565,90,72,16,2,not_evaluated,not_evaluated
"Checkmate, Death. I have bested you and won our wager. Now, cough up the $5!",1.2222222222222223,0.0564841249731016,90,75,10,5,not_evaluated,not_evaluated
You'd've done better if your pieces didn't die every time you touched them.,1.2211538461538465,0.0491844062635496,104,85,15,4,not_evaluated,not_evaluated
"I know this is an illegal move, but for a moment I wanted to experience the illusion of victory before you take me to the Underworld.",1.2211538461538465,0.0510471577747871,104,86,13,5,not_evaluated,not_evaluated
You sunk my battleship!,1.2211538461538465,0.0452293358864098,104,83,19,2,not_evaluated,not_evaluated
"Aha !
You’re dead in this game",1.2211538461538465,0.043115963718089,104,82,21,1,not_evaluated,not_evaluated
Ha! Now bring Calvin Coolidge back to life.,1.2211538461538465,0.047248273218307,104,84,17,3,not_evaluated,not_evaluated
"Check mate!!!  Yeah, good luck with that.",1.2211538461538465,0.0452293358864098,104,83,19,2,not_evaluated,not_evaluated
"Checkmate. Now tell me, truly, who is Luke Skywalkers' Dad?",1.2210526315789474,0.0477464077749672,95,76,17,2,not_evaluated,not_evaluated
Check Mate!  OK.  Bring on Taxes.,1.2210526315789474,0.050036822652392,95,77,15,3,not_evaluated,not_evaluated
"Before I utter the obvious, a question.
Should I?",1.2210526315789474,0.0522268875856145,95,78,13,4,not_evaluated,not_evaluated
"Let's see you beat this, you bastard!",1.2210526315789474,0.050036822652392,95,77,15,3,not_evaluated,not_evaluated
Mate is just a term,1.2210526315789474,0.0522268875856145,95,78,13,4,not_evaluated,not_evaluated
You're thinking ahead way too much,1.2210526315789474,0.0453404376873444,95,75,19,1,not_evaluated,not_evaluated
"I tell you big guy, I'm killing it tonight!",1.2210526315789474,0.050036822652392,95,77,15,3,not_evaluated,not_evaluated
"Look at my face and say it 'checkmate'""",1.2210526315789474,0.0427994290142577,95,74,21,0,not_evaluated,not_evaluated
You said if I win you would pay a visit to my ex-wife!,1.2209302325581397,0.0479430886699728,86,68,17,1,not_evaluated,not_evaluated
Booyah !! Winning is for the living,1.2209302325581397,0.0533454344218124,86,70,13,3,not_evaluated,not_evaluated
"Read my lips,you were checkmated as soon as you sat down.",1.2209302325581397,0.0558509909032007,86,71,11,4,not_evaluated,not_evaluated
"Okay then, Block THIS!",1.2209302325581397,0.0449993548842576,86,67,19,0,not_evaluated,not_evaluated
"No,,
I said two out of three , not three out of five!!!",1.2209302325581397,0.0533454344218124,86,70,13,3,not_evaluated,not_evaluated
"Touché.  Mr. ""No Way Out of This One!""",1.2209302325581397,0.0507162455475007,86,69,15,2,not_evaluated,not_evaluated
"Checkmate,performative Liberals!",1.2209302325581397,0.0507162455475007,86,69,15,2,not_evaluated,not_evaluated
Check! And you probably thought I was too young to know the classic Ingmar Bergman gambit!,1.2209302325581397,0.0507162455475007,86,69,15,2,not_evaluated,not_evaluated
"Okay, I'll give you another chance. You free sometime next year?",1.2209302325581397,0.0507162455475007,86,69,15,2,not_evaluated,not_evaluated
Do you have a place in mind or just the standard underworld?,1.2209302325581397,0.0479430886699728,86,68,17,1,not_evaluated,not_evaluated
It's a deal!,1.2209302325581397,0.0507162455475007,86,69,15,2,not_evaluated,not_evaluated
I always make the last move.,1.2209302325581397,0.0479430886699728,86,68,17,1,not_evaluated,not_evaluated
"It's not about winning or losing, it's about who's a sore loser.",1.2207792207792207,0.0510430394277024,77,61,15,1,not_evaluated,not_evaluated
Two out of three!,1.2207792207792207,0.0475776037055225,77,60,17,0,not_evaluated,not_evaluated
"Not so fast, Hotshot…",1.2207792207792207,0.0573490965345964,77,63,11,3,not_evaluated,not_evaluated
"Taxes, and therefore tax accountants, are every bit the equal of Death.",1.2207792207792207,0.0510430394277024,77,61,15,1,not_evaluated,not_evaluated
"Hurray! I won, so take me now as promised.",1.2207792207792207,0.0573490965345964,77,63,11,3,not_evaluated,not_evaluated
"Check, you lose. Want to go two out of three?",1.2207792207792207,0.0573490965345964,77,63,11,3,not_evaluated,not_evaluated
Perhaps next time we should play Life instead?,1.2207792207792207,0.0602551439546259,77,64,9,4,not_evaluated,not_evaluated
Don't talk to me about dress code!,1.2207792207792207,0.0510430394277024,77,61,15,1,not_evaluated,not_evaluated
A deal’s a deal: I believe you owe me a more risk-averse disposition?,1.2207792207792207,0.0542877092321661,77,62,13,2,not_evaluated,not_evaluated
"A surprising and potentially devastating move, but I’m afraid you’ve used up your time.",1.220183486238532,0.0493894048741106,109,90,14,5,not_evaluated,not_evaluated
Checkmate!  And I advance to the finals in Samarra.,1.22,0.0483672817035849,100,81,16,3,not_evaluated,not_evaluated
"Okay, fine. One more game. But if I win, I’m taking your soul and your 401K.",1.22,0.0462317395019237,100,80,18,2,not_evaluated,not_evaluated
Checkmate!   Come on down.,1.21978021978022,0.0489254442697845,91,73,16,2,not_evaluated,not_evaluated
"C-H-E-C-K! I'm a whiz at Wordle as well.""
""D-E-A-T-H! Me too.",1.21978021978022,0.0436497263289852,91,71,20,0,not_evaluated,not_evaluated
"Check Mate, again. 4 out of 7?",1.21978021978022,0.0463626881532504,91,72,18,1,not_evaluated,not_evaluated
"It's called, ""en passant"", motherfucker!",1.21978021978022,0.0559133242581455,91,76,10,5,not_evaluated,not_evaluated
Don't kill me for this one. Checkmate!,1.21978021978022,0.0536851896280183,91,75,12,4,not_evaluated,not_evaluated
"oops! Check mate, see you in 120 years …",1.21978021978022,0.0513604842383328,91,74,14,3,not_evaluated,not_evaluated
I said  check “mate” not hate!,1.21978021978022,0.0536851896280183,91,75,12,4,not_evaluated,not_evaluated
"Checkmate:  You lose!  And if you declare otherwise, then you must really be Donald J. Trump.",1.21978021978022,0.0513604842383328,91,74,14,3,not_evaluated,not_evaluated
Check mate!  You'll have to wait your turn.,1.21978021978022,0.0489254442697845,91,73,16,2,not_evaluated,not_evaluated
So you think!,1.21978021978022,0.0513604842383328,91,74,14,3,not_evaluated,not_evaluated
Are you sure life is like a game of Chess?,1.21978021978022,0.0463626881532504,91,72,18,1,not_evaluated,not_evaluated
The knight is always a lifesaver!,1.2195121951219512,0.0459906849552226,82,64,18,0,not_evaluated,not_evaluated
Just because the Knight in that old Bergman film lost…,1.2195121951219512,0.0459906849552226,82,64,18,0,not_evaluated,not_evaluated
Unfortunately your time clock is up.,1.2195121951219512,0.0549407450751037,82,67,12,3,not_evaluated,not_evaluated
Checkmate again! That’s the same way I’ve beaten you the past 27 games.  I’m beginning to think you’re losing on purpose.,1.2195121951219512,0.0601723666969499,82,69,8,5,not_evaluated,not_evaluated
"Haha, I've beat Death himself at chess! Now I get to kill people!",1.2195121951219512,0.0549407450751037,82,67,12,3,not_evaluated,not_evaluated
And that's for Max von Sydow!,1.2195121951219512,0.0521284120912502,82,66,14,2,not_evaluated,not_evaluated
"And MATE!  And yes, as a matter of fact, my surname IS Ukrainian!",1.2195121951219512,0.0549407450751037,82,67,12,3,not_evaluated,not_evaluated
Ha! I win! Now kill me!,1.2195121951219512,0.0459906849552226,82,64,18,0,not_evaluated,not_evaluated
"Hey Greed, I hope you've been a taught a good lesson - Beirut",1.2195121951219512,0.0459906849552226,82,64,18,0,not_evaluated,not_evaluated
You’re right. Game over.,1.2195121951219512,0.0549407450751037,82,67,12,3,not_evaluated,not_evaluated
I wouldn’t be so confident if I were playing Putin!,1.2195121951219512,0.0491554394233524,82,65,16,1,not_evaluated,not_evaluated
"Death, Scmeath…Checkmate!",1.2195121951219512,0.0491554394233524,82,65,16,1,not_evaluated,not_evaluated
In your face! Oh sorry.,1.2195121951219512,0.0491554394233524,82,65,16,1,not_evaluated,not_evaluated
"Like I said; my fate is my soul -- f8=Soul, mate!",1.2195121951219512,0.0549407450751037,82,67,12,3,not_evaluated,not_evaluated
Well that's one way to date... I mean mate death...,1.2195121951219512,0.0549407450751037,82,67,12,3,not_evaluated,not_evaluated
Mefistofeles: Okay Faust. You win again.,1.2191780821917808,0.0525114155251141,73,58,14,1,not_evaluated,not_evaluated
I recognize you. I voted for you Donald,1.2191780821917808,0.0525114155251141,73,58,14,1,not_evaluated,not_evaluated
"No clichés, please. I’ll let you go if you tell me something new and original",1.2191780821917808,0.0560175531798415,73,59,12,2,not_evaluated,not_evaluated
You millennials are so easy…..,1.2190476190476192,0.0468435013943775,105,85,17,3,not_evaluated,not_evaluated
"Wait,who wins?",1.21875,0.0517312662082494,96,79,13,4,not_evaluated,not_evaluated
The Constitution Survives!!!,1.21875,0.0424138057836435,96,75,21,0,not_evaluated,not_evaluated
Your Death Wall Gambit didn’t work. Checkmate!,1.21875,0.0517312662082494,96,79,13,4,not_evaluated,not_evaluated
Like to guess what the winning prize is.,1.21875,0.0473025095769844,96,77,17,2,not_evaluated,not_evaluated
Read my jaw bone! Are you sure you want to play that move?!,1.2183908045977012,0.0552636686294719,87,72,11,4,not_evaluated,not_evaluated
You know very well you can only castle once!  You’re killing me!!,1.2183908045977012,0.0445515459321036,87,68,19,0,not_evaluated,not_evaluated
"And if hell had cable, you would have seen the queen's gambit coming!",1.2183908045977012,0.052789817806336,87,71,13,3,not_evaluated,not_evaluated
"And that is 1,000 wins for me.  See you next year.",1.2183908045977012,0.0552636686294719,87,72,11,4,not_evaluated,not_evaluated
"Hah! Sorry, but I cheated you fair and square.",1.2183908045977012,0.047456806164156,87,69,17,1,not_evaluated,not_evaluated
Let''s revisit this. How will I explain losing?,1.2183908045977012,0.0576314261210845,87,73,9,5,not_evaluated,not_evaluated
Good thing we're playing chess and not strip poker.,1.2183908045977012,0.0552636686294719,87,72,11,4,not_evaluated,not_evaluated
Checkmate!?! No you’re still dead,1.2183908045977012,0.0576314261210845,87,73,9,5,not_evaluated,not_evaluated
"You are trying to cheat, again.",1.2181818181818185,0.0454462044056717,110,89,18,3,not_evaluated,not_evaluated
"‘Next month we play checkers, and I get to start with the white pieces!",1.2179487179487178,0.0504638355700878,78,62,15,1,not_evaluated,not_evaluated
"What do you mean, beating you wasn’t such a good move in the long run?",1.2179487179487178,0.0595449384872119,78,65,9,4,not_evaluated,not_evaluated
"There will be a grim price to pay when you reap my King"".",1.2179487179487178,0.0504638355700878,78,62,15,1,not_evaluated,not_evaluated
Roe/Wade Vs Reality,1.2179487179487178,0.0566797968101997,78,64,11,3,not_evaluated,not_evaluated
Blah blah blah… fiat or bitcoin.,1.2179487179487178,0.0566797968101997,78,64,11,3,not_evaluated,not_evaluated
I win! You wanna play Life?,1.2179487179487178,0.0566797968101997,78,64,11,3,not_evaluated,not_evaluated
"Middle digit, Hah!, Check mate Bones",1.2179487179487178,0.0504638355700878,78,62,15,1,not_evaluated,not_evaluated
Check Mate...Now get out and don't come knocking again anytime soon,1.2179487179487178,0.0566797968101997,78,64,11,3,not_evaluated,not_evaluated
A game we win everyday as long as we are alive,1.2178217821782178,0.0458235107540837,101,81,18,2,not_evaluated,not_evaluated
Gotcha! Now ... let's play for some REAL stakes!,1.2173913043478262,0.0508552909763289,92,75,14,3,not_evaluated,not_evaluated
The Sicilian Defense doesn't work against a moron!,1.2173913043478262,0.048449655076664,92,74,16,2,not_evaluated,not_evaluated
"Checkmate!  What do you say now, big guy?",1.2173913043478262,0.0459181612633644,92,73,18,1,not_evaluated,not_evaluated
Checkmate! Sorry if it costs you your annual bonus.,1.2173913043478262,0.0508552909763289,92,75,14,3,not_evaluated,not_evaluated
How many times have I told you to not pick your nose?,1.2173913043478262,0.048449655076664,92,74,16,2,not_evaluated,not_evaluated
You see? It's not ALWAYS about taking pieces off the board!,1.2173913043478262,0.0500194557943936,69,54,15,0,not_evaluated,not_evaluated
So what if it’s checkmate? You’ve got your whole life ahead of you.,1.2173913043478262,0.048449655076664,92,74,16,2,not_evaluated,not_evaluated
I win again. All you have left are your bones.,1.2173913043478262,0.0500194557943936,69,54,15,0,not_evaluated,not_evaluated
"Come on. You agreed if I win, we'd play another game!",1.2173913043478262,0.0459181612633644,92,73,18,1,not_evaluated,not_evaluated
Up yours!,1.2173913043478262,0.0508552909763289,92,75,14,3,not_evaluated,not_evaluated
"Checkmate, told you we lawyers are a different species.",1.2173913043478262,0.0508552909763289,92,75,14,3,not_evaluated,not_evaluated
I guess you've never seen The Seventh Seal,1.2169811320754718,0.0464454717648888,106,86,17,3,not_evaluated,not_evaluated
It's not everyday you beat death!,1.2169811320754718,0.0501654351730093,106,88,13,5,not_evaluated,not_evaluated
"You are Roe V. Wade? Sorry, your prior win doesn't count.",1.2169811320754718,0.0464454717648888,106,86,17,3,not_evaluated,not_evaluated
"We all said, you can't cheat death",1.2169811320754718,0.0464454717648888,106,86,17,3,not_evaluated,not_evaluated
checkmate! I live forever!,1.2169811320754718,0.0519255756387405,106,89,11,6,not_evaluated,not_evaluated
Hope this makes you even grimmer….. Checkmate and death to your king!,1.216867469879518,0.0515643975153484,83,67,14,2,not_evaluated,not_evaluated
"Yes,my affairs are in order.",1.216867469879518,0.0486315610571008,83,66,16,1,not_evaluated,not_evaluated
Ha! Got your Queen!,1.216867469879518,0.0486315610571008,83,66,16,1,not_evaluated,not_evaluated
"Now, stop telling people I keep cheating you!",1.216867469879518,0.0543391705070221,83,68,12,3,not_evaluated,not_evaluated
There! Come back next year.,1.216867469879518,0.0455101128385788,83,65,18,0,not_evaluated,not_evaluated
"You’re about out of time, Steve.",1.216867469879518,0.0543391705070221,83,68,12,3,not_evaluated,not_evaluated
"Checkmate. Guess you'll have to get somebody else to meet your quota. I, on the other hand, have a new lease on life. It's party time.",1.216867469879518,0.0543391705070221,83,68,12,3,not_evaluated,not_evaluated
...and that's why you never play chess with a dead man!,1.216867469879518,0.0515643975153484,83,67,14,2,not_evaluated,not_evaluated
"Thanks for playing again! Every night before I sleep,I like to cheat death one more time.",1.216867469879518,0.0515643975153484,83,67,14,2,not_evaluated,not_evaluated
Triple jump and now king me.,1.216867469879518,0.0486315610571008,83,66,16,1,not_evaluated,not_evaluated
"I saw your finger move, black knight: you die!",1.216867469879518,0.0486315610571008,83,66,16,1,not_evaluated,not_evaluated
„We said two out of three games - now go and get Elvis back!“,1.216867469879518,0.0515643975153484,83,67,14,2,not_evaluated,not_evaluated
Gambler's luck till the time's up,1.216867469879518,0.0515643975153484,83,67,14,2,not_evaluated,not_evaluated
Come closer . . .  is Fay Da Bakery still on 6th Ave by the train stop? I'm starving and your soul smells rotten.,1.2164948453608246,0.0468666037697108,97,78,17,2,not_evaluated,not_evaluated
Ha! You got rooked!,1.2164948453608246,0.0468666037697108,97,78,17,2,not_evaluated,not_evaluated
"Same time tomorrow, right? Or will I see you at poker tonight?",1.2164948453608246,0.0468666037697108,97,78,17,2,not_evaluated,not_evaluated
Sorry dude — no backsides.,1.2162162162162162,0.0518815551842275,74,59,14,1,not_evaluated,not_evaluated
Ha!  You can see a thousand years into the future but still lose to a mate-in-three!,1.2162162162162162,0.0553346999203901,74,60,12,2,not_evaluated,not_evaluated
"Look at  that,now what you gonna do, your dead man dead.",1.2162162162162162,0.0553346999203901,74,60,12,2,not_evaluated,not_evaluated
"Fine you can pay me in souls this time, but are you absolutely sure their non-fungible?",1.2162162162162162,0.0585846589323963,74,61,10,3,not_evaluated,not_evaluated
"Take my king, these bunions are killing me!",1.2162162162162162,0.0518815551842275,74,59,14,1,not_evaluated,not_evaluated
"One positive move, one false positive.",1.2162162162162162,0.0481815578970675,74,58,16,0,not_evaluated,not_evaluated
I’d rather win than keep the game going indefinitely. What do you say?,1.2162162162162162,0.0518815551842275,74,59,14,1,not_evaluated,not_evaluated
"Checkmate, you dumb bitch!",1.2162162162162162,0.0585846589323963,74,61,10,3,not_evaluated,not_evaluated
That’s the last time I’m letting you cheat!,1.2162162162162162,0.0553346999203901,74,60,12,2,not_evaluated,not_evaluated
You know what happens to cheaters.,1.2162162162162162,0.0553346999203901,74,59,12,2,not_evaluated,not_evaluated
"More like the grim sleeper, am I right?",1.2159090909090908,0.0496825440362425,88,71,15,2,not_evaluated,not_evaluated
"You’re not gonna be a sore loser, are you?",1.2159090909090908,0.0469800187532898,88,70,17,1,not_evaluated,not_evaluated
The bishop does too move like that.,1.2159090909090908,0.0546884011616777,88,72,11,4,not_evaluated,not_evaluated
Two outta Three?,1.2159090909090908,0.0469800187532898,88,70,17,1,not_evaluated,not_evaluated
"No! I’m gonna shove the king in my ass! I don’t fucking care care if it fucking kills me, you stupid fucking shithead!  My life is mine to end!  I wanna die in the park!  I wanna bleed to death in the sun before my cirrhotic liver takes my vision!!!!",1.2159090909090908,0.0522454610637793,88,72,13,3,not_evaluated,not_evaluated
"Gotcha, you greedy bastard!!",1.2159090909090908,0.0546884011616777,88,73,11,4,not_evaluated,not_evaluated
Three out of five?,1.2159090909090908,0.0469800187532898,88,70,17,1,not_evaluated,not_evaluated
"O blah dee, O blah dah, life goes on!",1.2159090909090908,0.0496825440362425,88,71,15,2,not_evaluated,not_evaluated
How about two out of three before we go?,1.2159090909090908,0.0496825440362425,88,71,15,2,not_evaluated,not_evaluated
Checkmate in 3! You're doomed!,1.2159090909090908,0.0496825440362425,88,71,15,2,not_evaluated,not_evaluated
I’ll choose white again if there is a next time!,1.2159090909090908,0.0496825440362425,88,71,15,2,not_evaluated,not_evaluated
Tonight I’m on top!,1.2159090909090908,0.0546884011616777,88,73,11,4,not_evaluated,not_evaluated
I win but now there’s this pain going down my arm.,1.2159090909090908,0.0469800187532898,88,70,17,1,not_evaluated,not_evaluated
"Check mate, death - you can’t castle after you previously moved the King!",1.2156862745098038,0.0495121825239626,102,84,14,4,not_evaluated,not_evaluated
I thought you might have taken lessons after Bill and Ted humiliated you.,1.2156862745098038,0.051435331038607,102,85,12,5,not_evaluated,not_evaluated
Perhaps you should check YOUR mate.,1.2156862745098038,0.0475112529567605,102,83,16,3,not_evaluated,not_evaluated
Mate  in three after life in four!,1.2153846153846153,0.055868611716669,65,52,12,1,not_evaluated,not_evaluated
This isn’t Ingmar Bergman!,1.2151898734177216,0.0588510739484384,79,66,9,4,not_evaluated,not_evaluated
It’s only checkmate if I can live with it.,1.2151898734177216,0.0560256991037279,79,65,11,3,not_evaluated,not_evaluated
Checkmate!  See you in another hundred years!,1.2151898734177216,0.0560256991037279,79,65,11,3,not_evaluated,not_evaluated
Checkmate!  I've beaten death once more!,1.2151898734177216,0.0498972852008528,79,63,15,1,not_evaluated,not_evaluated
"Awww, I guess I lose ;)",1.2151898734177216,0.0560256991037279,79,65,11,3,not_evaluated,not_evaluated
I win the bet. I want your cloak.,1.2151898734177216,0.0498972852008528,79,63,15,1,not_evaluated,not_evaluated
HA HA—Fool’s Mate!,1.2151898734177216,0.0498972852008528,79,63,15,1,not_evaluated,not_evaluated
You win! So I’ll recommend you to spend your eternity in the Chess Room from Hell.,1.2151898734177216,0.0498972852008528,79,63,15,1,not_evaluated,not_evaluated
"My boss, Steve! He’s going to take my place. I don’t have to die today! Whoohoo!",1.2151898734177216,0.0530500614065464,79,64,13,2,not_evaluated,not_evaluated
Ha ha!  Now you owe me a fiddle made of gold or something!,1.2151898734177216,0.0560256991037279,79,65,11,3,not_evaluated,not_evaluated
...And you call yourself the 'Angel Of Death'? You're more like the 'Aged Of Checkers',1.2151898734177216,0.0530500614065464,79,64,13,2,not_evaluated,not_evaluated
OK now you have to pull down your hood and show your face like we agreed!,1.2151898734177216,0.0560256991037279,79,65,11,3,not_evaluated,not_evaluated
I’ll take the invisibility clock,1.2151898734177216,0.0465313778604517,79,62,17,0,not_evaluated,not_evaluated
remember that bad trip you had a couple years ago?,1.2151898734177216,0.0560256991037279,79,65,11,3,not_evaluated,not_evaluated
Never go in against a Sicilian—,1.2151898734177216,0.0560256991037279,79,65,11,3,not_evaluated,not_evaluated
"SAH MAT DA-TE-N MORTII 
MA-TII",1.2150537634408602,0.0454818428432983,93,74,18,1,not_evaluated,not_evaluated
"Oh Steve, and yet, I still win",1.2150537634408602,0.0503597677696756,93,76,14,3,not_evaluated,not_evaluated
"I win, now I get to fuck you in the ass, Mr. Death!",1.2150537634408602,0.0503597677696756,93,76,14,3,not_evaluated,not_evaluated
"Idiot.  Now get to work.  I'm V. Potin, not V. Putin.",1.2150537634408602,0.0503597677696756,93,76,14,3,not_evaluated,not_evaluated
"Checkmate! Grim news for you, I take your king and keep my life.",1.2150537634408602,0.0479828315037688,93,75,16,2,not_evaluated,not_evaluated
"And now,we fiddle!",1.2150537634408602,0.0479828315037688,93,75,16,2,not_evaluated,not_evaluated
You canceled Christmas with your nephew again?,1.2150537634408602,0.0479828315037688,93,75,16,2,not_evaluated,not_evaluated
You can't kill what it's already dead,1.2149532710280373,0.0460540216687255,107,87,17,3,not_evaluated,not_evaluated
"Good Night, Knight!",1.2142857142857142,0.0537504181398526,84,69,12,3,not_evaluated,not_evaluated
*I* never say die!,1.2142857142857142,0.0441150686325483,98,78,19,1,not_evaluated,not_evaluated
Quit picking your boogers stupid!,1.2142857142857142,0.0537504181398526,84,69,12,3,not_evaluated,not_evaluated
"I'm the grim reaper but back off, your breath sucks.",1.2142857142857142,0.0416622832395158,98,77,21,0,not_evaluated,not_evaluated
Checkmate. I thought you had a better move up your sleeves.,1.2142857142857142,0.05635573779886,84,70,10,4,not_evaluated,not_evaluated
Now give me the Tom Brady deal.,1.2142857142857142,0.0510122114553381,84,68,14,2,not_evaluated,not_evaluated
Do you think I care who gets taken? I just want the pieces gone.,1.2142857142857142,0.0527987975559451,98,82,11,5,not_evaluated,not_evaluated
"Don't cheat death, checkmate him",1.2142857142857142,0.0537504181398526,84,69,12,3,not_evaluated,not_evaluated
"Oh well, it must have been nothing behind you. Anyway, checkmate.",1.2142857142857142,0.0534245744234036,70,56,13,1,not_evaluated,not_evaluated
Why are you so chipper?,1.2142857142857142,0.045039119132976,84,66,18,0,not_evaluated,not_evaluated
"Donald, you can't just claim you won the game.",1.2142857142857142,0.0537504181398526,84,69,12,3,not_evaluated,not_evaluated
"I'm cheating you, mate, so stop flipping me off.",1.2142857142857142,0.0481184370581513,84,67,16,1,not_evaluated,not_evaluated
And you think that this means you have beaten Death?,1.2142857142857142,0.0537504181398526,84,69,12,3,not_evaluated,not_evaluated
Have you ever heard 'Life's a game you wanna win. You might want to reconsider that move!',1.2142857142857142,0.045039119132976,84,66,18,0,not_evaluated,not_evaluated
"I checkmate thee, Täby.",1.2142857142857142,0.0510122114553381,84,68,14,2,not_evaluated,not_evaluated
Ready to quit! Or do you want to play Samarra?,1.2142857142857142,0.0510122114553381,84,68,14,2,not_evaluated,not_evaluated
"Aha!  While I swill with Lucretia, you get to listen to Adolf reading Mein Kampf for the next 1,000 years.",1.2142857142857142,0.0481184370581513,84,67,16,1,not_evaluated,not_evaluated
Of course you can go again. I was only kidding.”,1.2142857142857142,0.0537504181398526,84,69,12,3,not_evaluated,not_evaluated
"Not today, just not today",1.2142857142857142,0.0510122114553381,84,68,14,2,not_evaluated,not_evaluated
I'm sure I'll win next time. Best out of three?,1.2142857142857142,0.0510122114553381,84,68,14,2,not_evaluated,not_evaluated
"Ah, the Rook. The last Deathly Hallow!",1.2142857142857142,0.0481184370581513,84,67,16,1,not_evaluated,not_evaluated
- Checkmate Mate. You are dead.,1.2142857142857142,0.049397433914866,70,55,15,0,not_evaluated,not_evaluated
"You win, but we're switching outfits.",1.2142857142857142,0.0481184370581513,84,67,16,1,not_evaluated,not_evaluated
"I got a fever, and the only prescription is more cowbell!",1.2142857142857142,0.0510122114553381,84,68,14,2,not_evaluated,not_evaluated
I did my own research by listening to Joe Rogan!,1.2142857142857142,0.0481184370581513,84,67,16,1,not_evaluated,not_evaluated
I’ve cheated death once already!,1.2142857142857142,0.045039119132976,84,66,18,0,not_evaluated,not_evaluated
That’s four lives for me! Double or nothing again?,1.2135922330097086,0.0470942961235598,103,84,16,3,not_evaluated,not_evaluated
"Checkmate! Rules are rules, you have to take me now!",1.2135922330097086,0.0450278282651293,103,83,18,2,not_evaluated,not_evaluated
This could be a fatal mistake - check!,1.2134831460674158,0.0491810098972631,89,72,15,2,not_evaluated,not_evaluated
"And, who’s soul do you have now?",1.2134831460674158,0.0564345601493821,89,75,9,5,not_evaluated,not_evaluated
"Ha, jokes on you, I wanted to lose.",1.2134831460674158,0.0491810098972631,89,72,15,2,not_evaluated,not_evaluated
They’re called breasts and we all have them.,1.2133333333333334,0.0578701041034915,75,62,10,3,not_evaluated,not_evaluated
Now this year you must pay for the subscription to the New Yorker Magazine!,1.2133333333333334,0.0546679850423315,75,61,12,2,not_evaluated,not_evaluated
"No, I'm not interested in having you try again at checkers!",1.2133333333333334,0.0512662484313824,75,60,14,1,not_evaluated,not_evaluated
"Ha! Checkmate, jerk!",1.2133333333333334,0.0578701041034915,75,62,10,3,not_evaluated,not_evaluated
"My White Knight takes your Dark Knight, checkmate!",1.2133333333333334,0.0578701041034915,75,62,10,3,not_evaluated,not_evaluated
"No, no! You can capture the King, but you can't take him.",1.2133333333333334,0.0546679850423315,75,61,12,2,not_evaluated,not_evaluated
That's ten more years for me and you agreed to throw in a visit to my neighbor's dog.,1.2133333333333334,0.0578701041034915,75,62,10,3,not_evaluated,not_evaluated
Reap this! I also avoided paying taxes.,1.2133333333333334,0.0546679850423315,75,61,12,2,not_evaluated,not_evaluated
"Watch my lips, at least I’m a chess player and not simple a chess piece.",1.2133333333333334,0.0512662484313824,75,60,14,1,not_evaluated,not_evaluated
Are you ready for my move?,1.2133333333333334,0.0512662484313824,75,60,14,1,not_evaluated,not_evaluated
That's 2 souls for me! Double or nothing?,1.2133333333333334,0.0512662484313824,75,60,14,1,not_evaluated,not_evaluated
Soulmate bitch,1.2133333333333334,0.0476221363219655,75,59,16,0,not_evaluated,not_evaluated
"My body, my choice.",1.2133333333333334,0.0546679850423315,75,61,12,2,not_evaluated,not_evaluated
Let me give you a piece of advice. Think of the black king as if it were you!,1.212962962962963,0.0456689934409739,108,87,17,3,not_evaluated,not_evaluated
Ha! I beat you one more time.,1.212962962962963,0.0456689934409739,108,88,17,3,not_evaluated,not_evaluated
I win!  You have to give me an extra hour!,1.2127659574468086,0.0424386470245546,94,74,20,0,not_evaluated,not_evaluated
You can't cheat death buddy.,1.2127659574468086,0.0498736459414213,94,77,14,3,not_evaluated,not_evaluated
I should have stuck with the fiddle contest.,1.2127659574468086,0.0498736459414213,94,77,14,3,not_evaluated,not_evaluated
Checkmate Cancer!  The immuno-revolution and a path to victory...after 50 years of the War on Cancer.,1.2127659574468086,0.0475247299843469,94,76,16,2,not_evaluated,not_evaluated
I thought we were playing checkers,1.2127659574468086,0.0498736459414213,94,77,14,3,not_evaluated,not_evaluated
Checkmate! Who's the loser now?!?,1.2125,0.0524517560131284,80,65,13,2,not_evaluated,not_evaluated
Not so fast Reaper…that’s checkmate!  ….now go find my mother-in-law.,1.2125,0.0524517560131284,80,65,13,2,not_evaluated,not_evaluated
"This time I didn't cheat.""",1.2125,0.0460247250557316,80,63,17,0,not_evaluated,not_evaluated
"I said I'll take YOUR queen, not I'll take you QUEEN.",1.2125,0.0493429935518532,80,64,15,1,not_evaluated,not_evaluated
Before I execute this play- are you a sore loser?,1.2125,0.0493429935518532,80,64,15,1,not_evaluated,not_evaluated
"So, this is what ego death feels like?",1.2125,0.0460247250557316,80,63,17,0,not_evaluated,not_evaluated
Now that's what I call a deadly move.   Checkmate!,1.2125,0.0524517560131284,80,65,13,2,not_evaluated,not_evaluated
"My bishop scythes your knight, ah ha!",1.2125,0.0524517560131284,80,65,13,2,not_evaluated,not_evaluated
My finger is still on it!,1.2125,0.0524517560131284,80,65,13,2,not_evaluated,not_evaluated
"Try again tomorrow, buddy.",1.2125,0.0493429935518532,80,64,15,1,not_evaluated,not_evaluated
"You may have won at chess Doug,
but you lost at the game of life!",1.2125,0.0524517560131284,80,65,13,2,not_evaluated,not_evaluated
"Good game,see you tomorrow in Samarra",1.2125,0.0493429935518532,80,64,15,1,not_evaluated,not_evaluated
Or we can settle this the old-fashioned way.,1.2121212121212122,0.04372080059897,99,79,19,1,not_evaluated,not_evaluated
Checkmate! Now take your top off!,1.2121212121212122,0.0630060918176269,66,55,8,3,not_evaluated,not_evaluated
"Hey, Mate, check me out!",1.2121212121212122,0.04372080059897,99,79,19,1,not_evaluated,not_evaluated
"I bet you didn't see that one coming, Jack!",1.2121212121212122,0.04372080059897,99,79,19,1,not_evaluated,not_evaluated
Ha Ha... That move is called 'Eternal Life'!,1.2117647058823529,0.0445774359995793,85,67,18,0,not_evaluated,not_evaluated
Mortal Combat!,1.2117647058823529,0.0504714958162768,85,69,14,2,not_evaluated,not_evaluated
Illegal move... you can't cheat death,1.2117647058823529,0.0476157520691894,85,68,16,1,not_evaluated,not_evaluated
"Wait, it’s not official until I take my hand off the piece.  Is this where you were hoping I’d move?  It’s not a trap, right?",1.2117647058823529,0.0476157520691894,85,68,16,1,not_evaluated,not_evaluated
Knock Knock …..CHECKMATE!,1.2117647058823529,0.0476157520691894,85,68,16,1,not_evaluated,not_evaluated
"Ah-ha! Checkmate! Fell for the oldest trick in the book didn't you. . . the old Fool's Mate. Ha-ha-ha! No sir, you'll never outwit me as long as I'm alive, friend. Ha-ha-ha! Want to try again?",1.2117647058823529,0.0557458158032358,85,71,10,4,not_evaluated,not_evaluated
"Now, take off the cloak.",1.2117647058823529,0.0531740908220382,85,70,12,3,not_evaluated,not_evaluated
Checkmate doesn’t mean you’ve cheated taxes too,1.2117647058823529,0.0445774359995793,85,67,18,0,not_evaluated,not_evaluated
How to cheat a game of death,1.2117647058823529,0.0476157520691894,85,68,16,1,not_evaluated,not_evaluated
"This time, the bishop comes for you!",1.2115384615384617,0.0486430447588596,104,86,14,4,not_evaluated,not_evaluated
Checkmate! I got your soul...,1.2115384615384617,0.0446400359390559,104,83,18,2,not_evaluated,not_evaluated
"You may have killed Alekhine, but his defense still works.",1.2115384615384617,0.0446400359390559,104,84,18,2,not_evaluated,not_evaluated
Now can I come with you?,1.2115384615384617,0.0424973682862138,104,83,20,1,not_evaluated,not_evaluated
"Can I interest you in a life insurance policy with LOW, LOW rates?",1.2112676056338028,0.0527531473032746,71,57,13,1,not_evaluated,not_evaluated
That move is really mate!,1.2112676056338028,0.0487901635934895,71,56,15,0,not_evaluated,not_evaluated
"Best 2 out of 3? If I win again, I get to keep the sickle?",1.2112676056338028,0.0527531473032746,71,57,13,1,not_evaluated,not_evaluated
Don’t call me mate!,1.2112676056338028,0.0527531473032746,71,57,13,1,not_evaluated,not_evaluated
. But I have one episode of The Queens Gambit left!,1.2112676056338028,0.0564385421261262,71,58,11,2,not_evaluated,not_evaluated
"Wrong finger, loser.",1.2112676056338028,0.0527531473032746,71,57,13,1,not_evaluated,not_evaluated
And that’s when I knew we’d be together forever,1.2112676056338028,0.0564385421261262,71,58,11,2,not_evaluated,not_evaluated
I am just a pawn… in the game of life.,1.2112676056338028,0.0564385421261262,71,56,11,2,not_evaluated,not_evaluated
Devil may care??  Checkmate.,1.211111111111111,0.0460538805229492,90,72,17,1,not_evaluated,not_evaluated
"You took my king with Be1,but now my friend U2r done.",1.211111111111111,0.0511892146012882,90,74,13,3,not_evaluated,not_evaluated
"Checkmate! That'll be 10 Dogecoin, sir.""",1.211111111111111,0.0460538805229492,90,72,17,1,not_evaluated,not_evaluated
White supremism is still alive buddy.,1.211111111111111,0.0460538805229492,90,72,17,1,not_evaluated,not_evaluated
Checkmate! That look on your face is to die for.,1.211111111111111,0.0486892986328558,90,73,15,2,not_evaluated,not_evaluated
"you think you'd be smarter, you spend so much time in our schools",1.211111111111111,0.0486892986328558,90,73,15,2,not_evaluated,not_evaluated
"check again, mate",1.211009174311927,0.0452902342334822,109,89,17,3,not_evaluated,not_evaluated
"Don't feel too bad...I just won a fiddlin' contest in Georgia, so...",1.2105263157894737,0.0506650143094514,76,61,14,1,not_evaluated,not_evaluated
Cis white checks black death!,1.2105263157894737,0.0506650143094514,76,61,14,1,not_evaluated,not_evaluated
"Checkmate! Sorry, gotta run.",1.2105263157894737,0.0540168572573356,76,62,12,2,not_evaluated,not_evaluated
"You said that this was going to be a friendly game, but I take it you're not too thrilled that I checkmated you.",1.2105263157894737,0.047075115315785,95,77,16,2,not_evaluated,not_evaluated
Yummy.,1.2105263157894737,0.049396666362498,95,78,14,3,not_evaluated,not_evaluated
JENGA!,1.2105263157894737,0.049396666362498,95,78,14,3,not_evaluated,not_evaluated
"You play very well, young man, which annoys me, which is a terrible mistake on your part, and, anyway, you never had a chance, since, paralogically, you have to lose.",1.2105263157894737,0.049396666362498,95,78,14,3,not_evaluated,not_evaluated
Joke’s on you! I lost on purpose because I crave everlasting torment!,1.2105263157894737,0.0557846138727193,95,81,8,6,not_evaluated,not_evaluated
"Times up, big fella!",1.2105263157894737,0.0540168572573356,76,62,12,2,not_evaluated,not_evaluated
"You cheated,death!",1.2105263157894737,0.047075115315785,76,60,16,0,not_evaluated,not_evaluated
My game!  Time to honor the bet.  I believe you’ll find Putin at his palace in Gelendzhik.,1.2105263157894737,0.0601629059630956,76,64,8,4,not_evaluated,not_evaluated
NOT THIS TIME,1.2105263157894737,0.0571725289010537,76,62,10,3,not_evaluated,not_evaluated
Is this the best you can do? No wonder Hitler had to kill himself.,1.2105263157894737,0.049396666362498,95,78,14,3,not_evaluated,not_evaluated
"Don’t even try me, I’m a skydiving instructor…I play with death every day",1.2105263157894737,0.0540168572573356,76,62,12,2,not_evaluated,not_evaluated
I need the Heimlich.,1.2105263157894737,0.0540168572573356,76,62,12,2,not_evaluated,not_evaluated
That’s wizard’s chess,1.2105263157894737,0.049396666362498,95,78,14,3,not_evaluated,not_evaluated
Who's got the upper hand now?,1.21,0.0433333333333333,100,80,19,1,not_evaluated,not_evaluated
Ok Timmy… now show me again your dead hand move…,1.21,0.0477683805651623,100,82,15,3,not_evaluated,not_evaluated
"No, I would not rather play checkers.",1.2098765432098766,0.0547611237437453,81,67,11,3,not_evaluated,not_evaluated
Great move! Now I'm sending you to a place where you'll learn it's better to lose sometimes.,1.2098765432098766,0.0488005811754379,81,65,15,1,not_evaluated,not_evaluated
Checkmate!  I get to keep my soul.,1.2098765432098766,0.0455286146039154,81,64,17,0,not_evaluated,not_evaluated
"I still have a chance, pandemic or not.",1.2098765432098766,0.0488005811754379,81,65,15,1,not_evaluated,not_evaluated
Ha!  The Von Sydow gambit!,1.2098765432098766,0.0455286146039154,81,64,17,0,not_evaluated,not_evaluated
You have no mask.  You’re just a pawn.,1.2098765432098766,0.0575101960437141,81,68,9,4,not_evaluated,not_evaluated
Who says I can't cheat the Grim Reaper?  Check Mate!,1.2098765432098766,0.0488005811754379,81,65,15,1,not_evaluated,not_evaluated
"No, no, you can't do best of three in this game",1.2096774193548387,0.0569686228972944,62,50,11,1,not_evaluated,not_evaluated
Check and… I won’t need a jacket?!,1.2093023255813953,0.0499419062505264,86,70,14,2,not_evaluated,not_evaluated
J’adoube!,1.2093023255813953,0.0471232022332827,86,69,16,1,not_evaluated,not_evaluated
Roe v. Wade: checkmate.,1.2093023255813953,0.052609807176551,86,71,12,3,not_evaluated,not_evaluated
Again!,1.2093023255813953,0.044124804560489,86,68,18,0,not_evaluated,not_evaluated
Take my Queen. Please.,1.2093023255813953,0.0471232022332827,86,69,16,1,not_evaluated,not_evaluated
Make that move and you’re coming with me,1.2093023255813953,0.0471232022332827,86,69,16,1,not_evaluated,not_evaluated
"Sure you wouldn't prefer calling this a draw and playing again, this time without the clock?",1.2093023255813953,0.0499419062505264,86,70,14,2,not_evaluated,not_evaluated
Reigning Russian Master losses to young Ukrainian Actor,1.2093023255813953,0.052609807176551,86,71,12,3,not_evaluated,not_evaluated
"-sorry, your time is running.",1.208955223880597,0.0543757528073646,67,54,12,1,not_evaluated,not_evaluated
"I know it's short term, but I'm going to beat you permanently next time.",1.208955223880597,0.0500443649074902,67,53,14,0,not_evaluated,not_evaluated
Ha! Who says you can’t beat the grim reaper.,1.208955223880597,0.0583866982089346,67,55,10,2,not_evaluated,not_evaluated
Try that you silly old fool!,1.2087912087912087,0.0506766992103187,91,75,13,3,not_evaluated,not_evaluated
Is it really smart to checkmate death? I can checkmate you right now?,1.2087912087912087,0.0482071322384237,91,74,15,2,not_evaluated,not_evaluated
I didn’t think the NFT spiel would work on you.,1.2087912087912087,0.0506766992103187,91,75,13,3,not_evaluated,not_evaluated
"No, Mr. Scrooge, you're coming anyway.",1.2083333333333333,0.0520980026290286,72,58,13,1,not_evaluated,not_evaluated
I win! Now go take care of my wife!,1.2083333333333333,0.059132685474218,72,60,9,3,not_evaluated,not_evaluated
"No, you don't jump them, you move them like this.",1.2083333333333333,0.0557264585691889,72,59,11,2,not_evaluated,not_evaluated
So... will you end COVID now?,1.2083333333333333,0.0489285790510333,96,79,14,3,not_evaluated,not_evaluated
"Checkmate! Now give me Twitter, and you can have my soul.",1.2083333333333333,0.0520980026290286,72,58,13,1,not_evaluated,not_evaluated
Checkmate — abortion is legal now!,1.2083333333333333,0.0520980026290286,72,58,13,1,not_evaluated,not_evaluated
"Check mate! , see you next year chump!",1.2083333333333333,0.0481971531441952,72,57,15,0,not_evaluated,not_evaluated
You can take my queen but you can’t take me!,1.2083333333333333,0.0466337603281054,96,78,16,2,not_evaluated,not_evaluated
That’s checkmate and 20 more years to my lifespan.,1.2083333333333333,0.0442200108177864,96,77,18,1,not_evaluated,not_evaluated
Checkmate good game sorry I gotta run no time to shake hands!,1.207920792079208,0.0451988602396567,101,82,17,2,not_evaluated,not_evaluated
One night in Bangkok and the tough guys tumble,1.207920792079208,0.0493859956963957,101,84,13,4,not_evaluated,not_evaluated
"Remember, when you play the Sicilian Defense and lose you sleep with the dishes.",1.207792207792208,0.0564913458783413,77,64,10,3,not_evaluated,not_evaluated
"Checkmate, sucker! How about a sudden death tiebreaker?",1.207792207792208,0.0500773917035414,77,62,14,1,not_evaluated,not_evaluated
"Reap what you sow,Giuliani",1.207792207792208,0.05338078923628,77,63,12,2,not_evaluated,not_evaluated
Word!,1.207792207792208,0.05338078923628,77,63,12,2,not_evaluated,not_evaluated
"Of course I cheated...haven't you ever heard of someone cheating death?""",1.207792207792208,0.0500773917035414,77,62,14,1,not_evaluated,not_evaluated
Outsmarting death,1.207792207792208,0.0500773917035414,77,62,14,1,not_evaluated,not_evaluated
Joke's on you. You're still going to die.,1.207792207792208,0.0564913458783413,77,64,10,3,not_evaluated,not_evaluated
And that's how recycling will solve climate change.,1.207792207792208,0.0465401080807907,77,61,16,0,not_evaluated,not_evaluated
"Well sure, but I just saved 15% on my life insurance by switching to #ad",1.207792207792208,0.0564913458783413,77,64,10,3,not_evaluated,not_evaluated
My queen!,1.207792207792208,0.05338078923628,77,63,12,2,not_evaluated,not_evaluated
Read 'em and reap!,1.2073170731707317,0.0541497051563362,82,68,11,3,not_evaluated,not_evaluated
Without caffeine you are doomed.”,1.2073170731707317,0.0482696832806419,82,66,15,1,not_evaluated,not_evaluated
Checkmate. This is the best day of my life!,1.2073170731707317,0.0512940195955222,82,67,13,2,not_evaluated,not_evaluated
"CHECK BUT YOU ARE NOT MY MATE, AUSSIE",1.2073170731707317,0.0568621551716999,82,69,9,4,not_evaluated,not_evaluated
"Doctor, I am the Great Clown Pagliacci.",1.2073170731707317,0.0482696832806419,82,66,15,1,not_evaluated,not_evaluated
Didn't I warn you you were gonna get sick and tired of winning?,1.2073170731707317,0.0512940195955222,82,67,13,2,not_evaluated,not_evaluated
Next time we play speed chess.,1.2073170731707317,0.0541497051563362,82,68,11,3,not_evaluated,not_evaluated
"As you wish. I king you ""Richard III.""",1.2073170731707317,0.0512940195955222,82,67,13,2,not_evaluated,not_evaluated
You may have Checkmate but I have the Clear Advantage!,1.2073170731707317,0.0450427375029665,82,65,17,0,not_evaluated,not_evaluated
"Checkmate!! It means you're dead. Or  at least stunned, I hope.",1.2073170731707317,0.0482696832806419,82,66,15,1,not_evaluated,not_evaluated
"Checkmate is option to live, But not Deathmate",1.2073170731707317,0.0512940195955222,82,67,13,2,not_evaluated,not_evaluated
POV: you were born after 1985 and just lived through another near-miss apocalypse.,1.2073170731707317,0.0541497051563362,82,68,11,3,not_evaluated,not_evaluated
"Check mate, uteri.",1.2073170731707317,0.0482696832806419,82,66,15,1,not_evaluated,not_evaluated
The Game of Life,1.2073170731707317,0.0512940195955222,82,67,13,2,not_evaluated,not_evaluated
"Beating death is like beating your meat. In the end, you’re just screwing yourself.",1.2073170731707317,0.0482696832806419,82,66,15,1,not_evaluated,not_evaluated
"Okay fine, you win. You get to decide where we order takeout from",1.207207207207207,0.0445509345420446,111,91,17,3,not_evaluated,not_evaluated
Killed your king!,1.206896551724138,0.0520572008568323,87,72,12,3,not_evaluated,not_evaluated
And you thought you could sucker me into dicing with you!,1.206896551724138,0.0494231115439593,87,71,14,2,not_evaluated,not_evaluated
"Don't be mad, but checkmate!",1.206896551724138,0.0520572008568323,87,72,12,3,not_evaluated,not_evaluated
Check Mate! I live well forever!,1.206896551724138,0.0466404947264146,87,70,16,1,not_evaluated,not_evaluated
"Not today, old friend!",1.206896551724138,0.0494231115439593,87,71,14,2,not_evaluated,not_evaluated
"Eternal life, and you have to get me a reduction in health insurance!",1.206896551724138,0.0494231115439593,87,71,14,2,not_evaluated,not_evaluated
Screw Ingmar Bergman...CHECKMATE!,1.206896551724138,0.0494231115439593,87,71,14,2,not_evaluated,not_evaluated
"No, I've never seen that Bergman movie ...",1.206896551724138,0.0494231115439593,87,71,14,2,not_evaluated,not_evaluated
"you may have won the battle, but I will win the war.",1.206896551724138,0.043680974599507,87,69,18,0,not_evaluated,not_evaluated
Being a LIFE Master sure came in handy!,1.206896551724138,0.0466404947264146,87,70,16,1,not_evaluated,not_evaluated
"Thanks, roomie—you’re takin’ out the trash!",1.206896551724138,0.0494231115439593,87,71,14,2,not_evaluated,not_evaluated
"Checkmate!"" (Jerry thinks he just beat Death)",1.206896551724138,0.0466404947264146,87,70,16,1,not_evaluated,not_evaluated
"Checkmate. My soul 1, You 0.",1.206896551724138,0.0545642773929108,87,73,10,4,not_evaluated,not_evaluated
Checkmate! Why don't you help that king of yours pass on?,1.206896551724138,0.0494231115439593,87,71,14,2,not_evaluated,not_evaluated
Checkmate! What are you gonna do about?,1.206896551724138,0.0545642773929108,87,73,10,4,not_evaluated,not_evaluated
"I'm not playing, just helping the good guys.",1.206896551724138,0.0494231115439593,87,71,14,2,not_evaluated,not_evaluated
I’m a professional over-thinker…you can’t beat my species in mind games,1.206896551724138,0.043680974599507,87,69,18,0,not_evaluated,not_evaluated
...And that's what I call a killer move!,1.206896551724138,0.0494231115439593,87,71,14,2,not_evaluated,not_evaluated
"That’s 3 in a row, so now I get your cloak.",1.2065217391304348,0.0477342426985695,92,75,15,2,not_evaluated,not_evaluated
"LISTEN,Mate, 
Would u like me to make a print for your mother?",1.2065217391304348,0.0477342426985695,92,75,15,2,not_evaluated,not_evaluated
Checkmate!   See you in 100 years!,1.2065217391304348,0.0477342426985695,92,75,15,2,not_evaluated,not_evaluated
If only you knew...,1.2065217391304348,0.0477342426985695,92,75,15,2,not_evaluated,not_evaluated
I WIN! A bet is a bet...give me your scythe,1.2065217391304348,0.0477342426985695,92,74,15,2,not_evaluated,not_evaluated
I enjoy the die-chotomy of chess.,1.2065217391304348,0.0501741912664799,92,76,13,3,not_evaluated,not_evaluated
"Check what, now?",1.2065217391304348,0.0501741912664799,92,76,13,3,not_evaluated,not_evaluated
"Don't look so grim, it's just a game.",1.2065217391304348,0.0547287178337301,92,78,9,5,not_evaluated,not_evaluated
35 years and you still fall for it!,1.2065217391304348,0.0451626658066878,92,74,17,1,not_evaluated,not_evaluated
"What’s that new saying going around, “if Covid doesn’t kill you, checkmate will?” “",1.2065217391304348,0.0501741912664799,92,76,13,3,not_evaluated,not_evaluated
You hit a dead end kid,1.2065217391304348,0.0501741912664799,92,76,13,3,not_evaluated,not_evaluated
All those guys that chose the waiting game were real suckers!,1.2061855670103092,0.0506362956298672,97,80,12,4,not_evaluated,not_evaluated
See Death I can too cheat you,1.2061855670103092,0.0484691427901599,97,80,14,3,not_evaluated,not_evaluated
"Knight, knight",1.2058823529411764,0.0536582016368648,68,55,12,1,not_evaluated,not_evaluated
I’m as surprised as you; you’re impossible to cheat.,1.2058823529411764,0.0576036818760468,68,56,10,2,not_evaluated,not_evaluated
'Looks like I'll be taking my queen back!',1.2058823529411764,0.0447999398827269,102,83,17,2,not_evaluated,not_evaluated
"Sure, I'd make a bet with cryptocurrency. It's safe, right?",1.2058823529411764,0.0425781346788589,102,82,19,1,not_evaluated,not_evaluated
Checkmate! Now give me my soul back.,1.2058823529411764,0.0469166460252739,102,84,15,3,not_evaluated,not_evaluated
"Wow. Looks like you won. Unfortunately, you’re still going to die, but I’m glad you enjoyed yourself before you did.",1.2058823529411764,0.0469166460252739,102,84,15,3,not_evaluated,not_evaluated
I’d guess see you in another 1000 years?!…,1.2058823529411764,0.0612957235739261,68,57,8,3,not_evaluated,not_evaluated
"Checkmate! OK Charon! ,  you owe me that round trip 
 riverboat ride you been bragging about!""",1.2054794520547945,0.0583868121120749,73,61,9,3,not_evaluated,not_evaluated
"Go to Heaven
Checkmate!",1.2054794520547945,0.047617930626973,73,58,15,0,not_evaluated,not_evaluated
"It’s simple.  I take a man, then you take a man.",1.2054794520547945,0.0615592180945788,73,62,7,4,not_evaluated,not_evaluated
And THAT is how you win a game of Checkers!,1.2054794520547945,0.047617930626973,73,58,15,0,not_evaluated,not_evaluated
Checkmate! And you thought I was shortsighted!,1.2053571428571428,0.0459743522470292,112,93,15,4,not_evaluated,not_evaluated
"Ha, I win -- now you have to bring back disco!",1.205128205128205,0.052759276388894,78,64,12,2,not_evaluated,not_evaluated
"The Seventh Seal? That's not one of those TikTok dance challenges, is it?",1.205128205128205,0.0558259937491491,78,65,10,3,not_evaluated,not_evaluated
I can’t go now. Two out of three?,1.205128205128205,0.0558259937491491,78,65,10,3,not_evaluated,not_evaluated
"Checkmate, grim and weep.",1.205128205128205,0.049502938418637,78,63,14,1,not_evaluated,not_evaluated
"Check! I die,right?",1.205128205128205,0.052759276388894,78,64,12,2,not_evaluated,not_evaluated
#39. Ra1? Exactly how Korchnoi lost to Karpov in 1978. I thought you said you were all knowing?,1.205128205128205,0.0587328009810563,78,66,8,4,not_evaluated,not_evaluated
"No, Mate, I'm an Aussie. I said I'd pick up the check.",1.205128205128205,0.0558259937491491,78,65,10,3,not_evaluated,not_evaluated
Are You Dead Sure You Want To Make That Move?,1.205128205128205,0.0460167423779546,78,62,16,0,not_evaluated,not_evaluated
No cheating!,1.205128205128205,0.052759276388894,78,63,12,2,not_evaluated,not_evaluated
Queen takes pawn!,1.205128205128205,0.052759276388894,78,64,12,2,not_evaluated,not_evaluated
You got no answer for this! Right??,1.205128205128205,0.0558259937491491,78,65,10,3,not_evaluated,not_evaluated
You have to wonder why people insist on playing games.,1.205128205128205,0.0558259937491491,78,65,10,3,not_evaluated,not_evaluated
"Psst, I do have one more move!",1.2048192771084338,0.0535516046376283,83,69,11,3,not_evaluated,not_evaluated
Checkmate! Now you gotta watch Ted Lasso with me!,1.2048192771084338,0.0587834252132822,83,71,7,5,not_evaluated,not_evaluated
How can you have the last laugh if I just put your king in checkmate?,1.2048192771084338,0.0507337757218453,83,68,13,2,not_evaluated,not_evaluated
"So, young man, you won, now here is your prize.",1.2048192771084338,0.0535516046376283,83,69,11,3,not_evaluated,not_evaluated
"Your attack is alright, but your defense is bare bones.",1.2048192771084338,0.0535516046376283,83,69,11,3,not_evaluated,not_evaluated
"Check mate. Just to show there are no hard feelings, let me buy you lunch. Frankly you look like crap.",1.2048192771084338,0.0477499490965608,83,67,15,1,not_evaluated,not_evaluated
It's your move. I don't have all day.,1.2048192771084338,0.0507337757218453,83,68,13,2,not_evaluated,not_evaluated
You are on the clock.  Life is short!,1.2048192771084338,0.0445667956942587,83,66,17,0,not_evaluated,not_evaluated
So now you’ll talk to the IRS for me?,1.2048192771084338,0.0507337757218453,83,68,13,2,not_evaluated,not_evaluated
"You touched your queen, she has gotta die now",1.2048192771084338,0.0535516046376283,83,69,11,3,not_evaluated,not_evaluated
I'd like those extra 3 years of life signed by you on a piece of paper please. I don't know if you'll remember agreeing to this the next time we meet.,1.2048192771084338,0.0445667956942587,83,66,17,0,not_evaluated,not_evaluated
Why do they call it oven when you of in the cold food and of hot out eat the food?,1.2048192771084338,0.0507337757218453,83,68,13,2,not_evaluated,not_evaluated
"Enough with the trying to cheat death line, checkmate!",1.2045454545454546,0.0489147930313159,88,72,14,2,not_evaluated,not_evaluated
Hah! And you thought you were invincible!,1.2045454545454546,0.0489147930313159,88,72,14,2,not_evaluated,not_evaluated
"Check mate, Old Scratch.  Your soul is mime.",1.2045454545454546,0.0461673473078404,88,71,16,1,not_evaluated,not_evaluated
Once again Gary had cheated death.,1.2045454545454546,0.0461673473078404,88,71,16,1,not_evaluated,not_evaluated
"Fool’s mate! Sucker! Now who’s the new king of life and death? Waldo Grey, that’s who! Yes! Suck it! Where’s you’re big bad scythe now? Huh? Huh? Not so tough now, are you?",1.2045454545454546,0.0489147930313159,88,72,14,2,not_evaluated,not_evaluated
"Oh no, you cheat! That's not your dark horse - it's my white knight!",1.2045454545454546,0.0489147930313159,88,72,14,2,not_evaluated,not_evaluated
"Don't worry, in the new, modern version of chess, after the first checkmate you still have nine more lives.",1.2045454545454546,0.0563591699447179,88,75,8,5,not_evaluated,not_evaluated
I lose! Kill me!,1.2045454545454546,0.0489147930313159,88,72,14,2,not_evaluated,not_evaluated
"I guess you should have stayed in your lane, eh?",1.2045454545454546,0.0461673473078404,88,71,16,1,not_evaluated,not_evaluated
"Checkmate! Curtains! Hasta la vista, baby!",1.2045454545454546,0.0461673473078404,88,71,16,1,not_evaluated,not_evaluated
"You've lost your touch, old man!",1.2045454545454546,0.0489147930313159,88,72,14,2,not_evaluated,not_evaluated
I win; you die.,1.2043010752688172,0.0447295644688732,93,74,17,1,not_evaluated,not_evaluated
Do you think I need a breath mint?,1.2043010752688172,0.0519807292144392,93,78,11,4,not_evaluated,not_evaluated
Love vax-free chess!,1.2043010752688172,0.0447295644688732,93,75,17,1,not_evaluated,not_evaluated
"Oops, i thought we were playing checkers",1.2043010752688172,0.0472703715690037,93,74,15,2,not_evaluated,not_evaluated
Using a wipe is still considering touching a piece!  I'll take your queen!,1.2040816326530612,0.043416050423211,98,79,18,1,not_evaluated,not_evaluated
"How many times have you heard?
""I didn't see that coming""?",1.2040816326530612,0.0457749589849691,98,80,16,2,not_evaluated,not_evaluated
"You can still kill me, if you want. I was just proving a point.",1.2040816326530612,0.0522161582007909,98,83,10,5,not_evaluated,not_evaluated
"What you going to do now, Death?",1.2037037037037035,0.0410979026364838,108,87,20,1,not_evaluated,not_evaluated
Not this one. We agreed.,1.203125,0.0596770720343022,64,53,9,2,not_evaluated,not_evaluated
Who's got the last laugh now?,1.2028985507246377,0.0487687714747266,69,55,14,0,not_evaluated,not_evaluated
Never mind that two out of three crap!,1.2028985507246377,0.0604745024755948,69,58,8,3,not_evaluated,not_evaluated
That wasn't the only sacrifice I had in mind...,1.2028985507246377,0.052958951374245,69,56,12,1,not_evaluated,not_evaluated
Deadbeat,1.2028985507246377,0.0568410766098355,69,57,10,2,not_evaluated,not_evaluated
She’s gone to a better place.,1.2027027027027026,0.0543540361664704,74,61,11,2,not_evaluated,not_evaluated
Another cheater ... ?,1.2027027027027026,0.0543540361664704,74,61,11,2,not_evaluated,not_evaluated
It's 'The Seventh Seal' gambit! Checkmate!,1.2027027027027026,0.0607850947311685,74,63,7,4,not_evaluated,not_evaluated
"I made a deal with the bishop. 
Bishop beats death.
You pay the check.  Mate.",1.2027027027027026,0.0543540361664704,74,61,11,2,not_evaluated,not_evaluated
"Checkmate! Dude, I told you the Sicilian defense was a death trap.",1.2027027027027026,0.0508343191224236,74,60,13,1,not_evaluated,not_evaluated
"So we're going to forget about that last bungee jump, right?",1.2027027027027026,0.0576592966877983,74,62,9,3,not_evaluated,not_evaluated
Aha! Looks like I’ll be eating red meat again after all.,1.2027027027027026,0.0543540361664704,74,60,10,2,not_evaluated,not_evaluated
Undefeated no longer.,1.2027027027027026,0.0508343191224236,74,60,13,1,not_evaluated,not_evaluated
Putin's no way out!,1.2025316455696202,0.0489412302990869,79,64,14,1,not_evaluated,not_evaluated
"Beckon me?  You Silly Sonnavabitch,drop the hollow shroud. It",1.2025316455696202,0.0521518357108488,79,65,12,2,not_evaluated,not_evaluated
"Take that,Putin",1.2025316455696202,0.0551759359941857,79,66,10,3,not_evaluated,not_evaluated
Google “En Passant”.,1.2025316455696202,0.0580426899588362,79,67,8,4,not_evaluated,not_evaluated
I have just won by cheating Death!,1.2025316455696202,0.0489412302990869,79,64,14,1,not_evaluated,not_evaluated
You'e been Windmilled Dutch.,1.2025316455696202,0.0521518357108488,79,65,12,2,not_evaluated,not_evaluated
"Sir, are you familiar with that ancient Chinese curse . .  .?",1.2025316455696202,0.0521518357108488,79,65,12,2,not_evaluated,not_evaluated
I think I beat you...don't be mad...can we negotiate a deal like Dr. Fausto's?,1.2025316455696202,0.0521518357108488,79,65,12,2,not_evaluated,not_evaluated
Check!! Also..I’ve never seen such a large N95! Are you immunocompromised or something?,1.2025316455696202,0.0580426899588362,79,67,8,4,not_evaluated,not_evaluated
Tell me again why you insisted on playing Speed Chess?,1.2025316455696202,0.0521518357108488,79,65,12,2,not_evaluated,not_evaluated
Don’t be so grim. It’s not the end of the world…right?,1.2025316455696202,0.0521518357108488,79,65,12,2,not_evaluated,not_evaluated
You didnt think it was Check Mate the moment I sat down?,1.2025316455696202,0.0551759359941857,79,66,10,3,not_evaluated,not_evaluated
"I work on Wall Street - I can cheat you, too.",1.2023809523809523,0.0472410412624924,84,68,15,1,not_evaluated,not_evaluated
"Hey, you released it delivering my fatal blow; sorry for your loss.",1.2023809523809523,0.0472410412624924,84,68,15,1,not_evaluated,not_evaluated
Checkmate! Now here's whom I want you to visit.,1.2023809523809523,0.0501854332671282,84,69,13,2,not_evaluated,not_evaluated
"I’m fully vaccinated and double-boosted, so it’s check and mate for you COVID death shadow",1.2023809523809523,0.0529663992060461,84,70,11,3,not_evaluated,not_evaluated
Got ya! And I didn't cheat!,1.2023809523809523,0.0472410412624924,84,68,15,1,not_evaluated,not_evaluated
Fingers lookin like e.t. with yo goofy ass boy dressed all emo and shit how u be typin w those corn dogs,1.2023809523809523,0.0501854332671282,84,69,13,2,not_evaluated,not_evaluated
Checkmate.  Now YOU have to come with ME.,1.2023809523809523,0.0529663992060461,84,70,11,3,not_evaluated,not_evaluated
"unafraid, A check in the face of death",1.2023809523809523,0.0501854332671282,84,69,13,2,not_evaluated,not_evaluated
I quit! Let’s play Monopoly!,1.2023809523809523,0.0501854332671282,84,69,13,2,not_evaluated,not_evaluated
I've lured you into a devious trap.,1.202247191011236,0.0457034878880431,89,72,16,1,not_evaluated,not_evaluated
"KING beats DEATH!
That’s Final!",1.202247191011236,0.0457034878880431,89,72,16,1,not_evaluated,not_evaluated
"I jumped all your pieces, now crown me!",1.202247191011236,0.0509856257680422,89,74,12,3,not_evaluated,not_evaluated
Check! Now fork over your socks.,1.202247191011236,0.0509856257680422,89,74,12,3,not_evaluated,not_evaluated
So the last person you lost to was Bobby Fischer playing his final match?,1.202247191011236,0.0509856257680422,89,74,12,3,not_evaluated,not_evaluated
Looks like I get your horsey piece,1.202247191011236,0.0457034878880431,89,72,16,1,not_evaluated,not_evaluated
"You think I'm just a pawn, but now I'm a queen!",1.202247191011236,0.0428187597931015,89,71,18,0,not_evaluated,not_evaluated
Any time.,1.202247191011236,0.0457034878880431,89,72,16,1,not_evaluated,not_evaluated
I finally beat Grimmaster!,1.202247191011236,0.0509856257680422,89,74,12,3,not_evaluated,not_evaluated
You play like a mere mortal,1.202247191011236,0.0457034878880431,89,72,16,1,not_evaluated,not_evaluated
"No, you don’t get 4 horsemen",1.202247191011236,0.0509856257680422,89,74,12,3,not_evaluated,not_evaluated
I knew bingeing Queen’s Gambit would pay off…,1.202247191011236,0.0509856257680422,89,74,12,3,not_evaluated,not_evaluated
Chess or death,1.202127659574468,0.0468152695771182,94,77,15,2,not_evaluated,not_evaluated
"Ha! Drinks are on you, again, Grimster!",1.202127659574468,0.0491980697282263,94,78,13,3,not_evaluated,not_evaluated
Ingmar Bergman’s Seventh Steal by Vladimir Putin,1.202127659574468,0.0468152695771182,94,77,15,2,not_evaluated,not_evaluated
It's NOT that easy.,1.202127659574468,0.0443045016468201,94,76,17,1,not_evaluated,not_evaluated
What are you going to do about it?,1.202127659574468,0.0468152695771182,94,77,15,2,not_evaluated,not_evaluated
My name is Benjamin Button!,1.202127659574468,0.041642625598873,94,75,19,0,not_evaluated,not_evaluated
I'm really looking for someone with more expertise in chess.,1.202020202020202,0.0430246796994966,99,80,18,1,not_evaluated,not_evaluated
Black Knight... is that really a wise choice?,1.202020202020202,0.0430246796994966,99,80,18,1,not_evaluated,not_evaluated
"I done told you once you son of a b*tch, I'm the best that's ever been",1.202020202020202,0.0453570956580135,99,81,16,2,not_evaluated,not_evaluated
"So, this is how I die.",1.202020202020202,0.0453570956580135,99,81,16,2,not_evaluated,not_evaluated
"It's not who wins, it's how you play the game...",1.2019230769230769,0.0440224662845252,104,85,17,2,not_evaluated,not_evaluated
Checkmate!  Now remove one article of clothing.,1.2,0.0467426352442802,85,69,15,1,not_evaluated,not_evaluated
Careful!  It's been in my ass!,1.2,0.0573684516132894,80,68,8,4,not_evaluated,not_evaluated
"I resign but tomorrow you play on the other side.""",1.2,0.0483918603888994,80,65,14,1,not_evaluated,not_evaluated
You could blame your parents.,1.2,0.0436435780471984,85,68,17,0,not_evaluated,not_evaluated
Checkmate......hey gotta run.,1.2,0.0467426352442802,85,69,15,1,not_evaluated,not_evaluated
"take that ""Dark Lord""",1.2,0.0481543412343076,70,56,14,0,not_evaluated,not_evaluated
I'm up for another rematch but no one has died in three days.,1.2,0.049648625302195,85,70,13,2,not_evaluated,not_evaluated
Checkmate!  You owe me twenty years!,1.2,0.0483918603888994,80,65,14,1,not_evaluated,not_evaluated
B4? There is no B4! There is only after. For all eternity!,1.2,0.0569494797451499,75,63,9,3,not_evaluated,not_evaluated
How ‘bout I take your rook instead ok taking a look.,1.2,0.0467426352442802,85,69,15,1,not_evaluated,not_evaluated
I win! You're alive!,1.2,0.0483918603888994,80,65,14,1,not_evaluated,not_evaluated
"How ironic.  I win with the ""Kiss of Death"" checkmate move!",1.2,0.0522773302173933,70,57,12,1,not_evaluated,not_evaluated
"Checkmate 
My bishop
Has Obi Kenobi’s magic wand",1.2,0.0464990554975277,75,60,15,0,not_evaluated,not_evaluated
The bet was about chess not my chest!,1.2,0.0467426352442802,85,69,15,1,not_evaluated,not_evaluated
You're not being very sportsmanlike,1.2,0.049648625302195,85,70,13,2,not_evaluated,not_evaluated
"You brought a scythe to a gunfight, my friend.",1.2,0.0515580046947248,80,66,12,2,not_evaluated,not_evaluated
"Die, muthafuckah!",1.2,0.054540659551419,80,67,10,3,not_evaluated,not_evaluated
"Oh come on, how did you do that!?",1.2,0.0515580046947248,80,66,12,2,not_evaluated,not_evaluated
Shipoopi!,1.2,0.0515580046947248,80,66,12,2,not_evaluated,not_evaluated
They booty popin,1.2,0.054540659551419,80,67,10,3,not_evaluated,not_evaluated
"Now, that's what I call a death blow!",1.2,0.0481543412343076,70,56,14,0,not_evaluated,not_evaluated
Checkmate! Reap em and weep.,1.2,0.0464990554975277,75,60,15,0,not_evaluated,not_evaluated
"I know this isn't a standard move, but I'm feelin' lucky today.",1.2,0.0502247202333922,75,61,13,1,not_evaluated,not_evaluated
I can see you're not a fan of Bergman. Wordle? Texas Hold'em?,1.2,0.0515580046947248,80,66,12,2,not_evaluated,not_evaluated
"Don’t you understand? You can’t win.”
Erica Weingast, New York, N",1.2,0.0467426352442802,85,69,15,1,not_evaluated,not_evaluated
That’ll be ten additional years.,1.2,0.0481543412343076,70,56,14,0,not_evaluated,not_evaluated
That's a move you will infinitely regret!,1.2,0.0479283693574423,90,74,14,2,not_evaluated,not_evaluated
Take this and we're even?,1.2,0.0464990554975277,75,60,15,0,not_evaluated,not_evaluated
"Hah!  That's checkmate!""
""Oh, dear. Really?",1.2,0.0481543412343076,70,56,14,0,not_evaluated,not_evaluated
That was a bone-headed move: checkmate!,1.2,0.0569494797451499,75,63,9,3,not_evaluated,not_evaluated
Checkmate…. You’re welcome to try again in 70 years but you’ve definitely lost your edge Old boy,1.2,0.054540659551419,80,67,10,3,not_evaluated,not_evaluated
"Not only am I on Atkins, but I just started taking fish oil! You'll never see me again!",1.2,0.0502247202333922,75,61,13,1,not_evaluated,not_evaluated
I’ll show you checkmate,1.2,0.0523936831995583,85,71,11,3,not_evaluated,not_evaluated
I learned this move in a Swedish film!,1.2,0.054540659551419,80,67,10,3,not_evaluated,not_evaluated
That's my line.,1.2,0.0569494797451499,75,63,9,3,not_evaluated,not_evaluated
Did you think I'd actually let you off if you beat me?,1.2,0.0536924844171219,75,62,11,2,not_evaluated,not_evaluated
ha! You're out of moves so now what are you going to do ?,1.2,0.0569494797451499,75,63,9,3,not_evaluated,not_evaluated
Order of the Phoenix,1.2,0.0467426352442802,85,69,15,1,not_evaluated,not_evaluated
I don't have a soul to give you. How about an update on your car insurance?,1.2,0.0487239177075788,95,79,13,3,not_evaluated,not_evaluated
I'm going to keep putting myself in check until you do it.,1.2,0.0504659932964838,90,75,12,3,not_evaluated,not_evaluated
Yahtzee! Did I say it right?,1.2,0.0509704259596523,95,80,11,4,not_evaluated,not_evaluated
"Come with me, young man!.",1.2,0.0523936831995583,85,71,11,3,not_evaluated,not_evaluated
"Now now, that middle finger isn’t appropriate .”",1.2,0.0560981098577004,70,58,10,2,not_evaluated,not_evaluated
"Drats! Your Volkswagen survives yet another year, Jonathan.",1.2,0.0560981098577004,70,58,10,2,not_evaluated,not_evaluated
"I beat you! The curse is broken, you are to leave Washington square park!",1.2,0.0481543412343076,70,56,14,0,not_evaluated,not_evaluated
"""Ya didn't exactly see this coming either?""",1.2,0.0560981098577004,70,58,10,2,not_evaluated,not_evaluated
"Aha, I can cheat death!",1.2,0.0522773302173933,70,57,12,1,not_evaluated,not_evaluated
Hope I wasn’t outta line with that crack about “Checkmate”!,1.2,0.0523936831995583,85,71,11,3,not_evaluated,not_evaluated
"I hope you're here for something other than what your known for""",1.2,0.0522773302173933,70,57,12,1,not_evaluated,not_evaluated
"Young man, do you know what happened to the last chess player who said 'king me'? You're looking at him.",1.2,0.0522773302173933,70,57,12,1,not_evaluated,not_evaluated
Oh you think you have all the killer moves...,1.2,0.054540659551419,80,67,10,3,not_evaluated,not_evaluated
"Being alive, beating death everyday!",1.2,0.0502247202333922,75,61,13,1,not_evaluated,not_evaluated
Oh dear... Are you sure it's a good idea?,1.2,0.0545964214099169,65,53,11,1,not_evaluated,not_evaluated
Do you really think I am afraid of you? Clearly you haven’t been paying attention to what Republicans have planned for us.,1.2,0.0504659932964838,90,75,12,3,not_evaluated,not_evaluated
"Sorry, but I don’t think you’re the right fit for our Bergman remake.",1.2,0.0463686962404749,95,78,15,2,not_evaluated,not_evaluated
"I’d finish my move, but my arm just went numb",1.2,0.0536924844171219,75,62,11,2,not_evaluated,not_evaluated
"'THERE IS ONE WAY TO WIN. DO NOT PLAY' whispered Death. ""I found that video of you online where you are wearing full bla..."" 'THERE ARE TWO WAYS TO WIN.'",1.2,0.0523936831995583,85,71,11,3,not_evaluated,not_evaluated
When your move may be your last #deathmatch,1.2,0.054540659551419,80,67,10,3,not_evaluated,not_evaluated
I lose again... The Queen's Gambit really ruined this gig.,1.2,0.0483918603888994,80,65,14,1,not_evaluated,not_evaluated
"If I were you, patience would be my joy.",1.2,0.0515580046947248,80,66,12,2,not_evaluated,not_evaluated
You know you can't cheat death. I won fair and square.,1.198019801980198,0.0467133707409324,101,84,14,3,not_evaluated,not_evaluated
"Checkmate? No, you're checking out.",1.198019801980198,0.0422622692483426,101,82,18,1,not_evaluated,not_evaluated
Checkmate in three moves is as certain as you and taxes.,1.1979166666666667,0.0434776401160237,96,78,17,1,not_evaluated,not_evaluated
You’ll pay for this one day,1.1979166666666667,0.045930419502466,96,79,15,2,not_evaluated,not_evaluated
Stalemate! Now I can cross ‘Deadlocking Death’ off my bucket list.”,1.1978021978021978,0.044802592971196,91,74,16,1,not_evaluated,not_evaluated
"Be not proud, dirtball!",1.1978021978021978,0.0474496847317546,91,75,14,2,not_evaluated,not_evaluated
"Check, Matey!  And I'm dying to do this again.",1.1978021978021978,0.0474496847317546,91,75,14,2,not_evaluated,not_evaluated
"With that opening gambit, I guess you are beatable",1.1978021978021978,0.0474496847317546,91,75,14,2,not_evaluated,not_evaluated
"You really can't play this game, can you?",1.1978021978021978,0.0499567095127687,91,76,12,3,not_evaluated,not_evaluated
"I’m the Bobby Fischer of men, fool.",1.1978021978021978,0.0499567095127687,91,76,12,3,not_evaluated,not_evaluated
"Sorry, check, you reap what you sow.",1.1978021978021978,0.052343796858304,91,77,10,4,not_evaluated,not_evaluated
Ha!  Wait till I tell my squire!,1.1978021978021978,0.044802592971196,91,74,16,1,not_evaluated,not_evaluated
Welcome to Sweden!,1.1978021978021978,0.0474496847317546,91,75,14,2,not_evaluated,not_evaluated
Give me the finger? Ha! Checkmate!!,1.1978021978021978,0.0474496847317546,91,75,14,2,not_evaluated,not_evaluated
Check-mate me and we’ll see who has the last laugh.,1.197674418604651,0.0491229993744324,86,71,13,2,not_evaluated,not_evaluated
You gotta admit that was a killer move.,1.197674418604651,0.046254418776188,86,70,15,1,not_evaluated,not_evaluated
"No, you haven't won. You Democrats don't know how this game works.",1.197674418604651,0.0491229993744324,86,71,13,2,not_evaluated,not_evaluated
"Checkmate,nerd! You owe me $28!",1.197674418604651,0.0491229993744324,86,71,13,2,not_evaluated,not_evaluated
Looks like you can’t kill this king either!,1.197674418604651,0.051833067425708,86,72,11,3,not_evaluated,not_evaluated
Now let’s talk Roe v. Wade,1.197674418604651,0.0491229993744324,86,71,13,2,not_evaluated,not_evaluated
"You know, Moloch, I have a sneaking sense that someone is leaking info on all my best moves.",1.197674418604651,0.046254418776188,86,70,15,1,not_evaluated,not_evaluated
Looks like it’s time to pay the check…,1.197674418604651,0.0491229993744324,86,71,13,2,not_evaluated,not_evaluated
"It’s too bad you couldn’t play the fiddle, eh bud?",1.197674418604651,0.0491229993744324,86,71,13,2,not_evaluated,not_evaluated
It's called the push alert strategy! My queen stays here until your king becomes available!,1.1975308641975309,0.050977340301389,81,67,12,2,not_evaluated,not_evaluated
Check Mate big guy! Or should I say Scythe-onara?,1.1975308641975309,0.050977340301389,81,67,12,2,not_evaluated,not_evaluated
"I forgot to tell you:  With me, when you win, you actually lose!",1.1975308641975309,0.0567095510017572,81,69,8,4,not_evaluated,not_evaluated
"I thought ""The Seventh Seal"" was metaphorical",1.1975308641975309,0.0539196735849937,81,68,10,3,not_evaluated,not_evaluated
At least have the decency to look me in the cowl while you mate me...,1.1975308641975309,0.050977340301389,81,67,12,2,not_evaluated,not_evaluated
Boom!  Chaka laka laka!,1.1975308641975309,0.0445129787094319,81,65,16,0,not_evaluated,not_evaluated
You can't be afraid to make sacrifices!,1.1975308641975309,0.0478544381316402,81,66,14,1,not_evaluated,not_evaluated
"Read my lips.
You don't have lips.",1.1975308641975309,0.0478544381316402,81,66,14,1,not_evaluated,not_evaluated
Death never noticed how Dale cheated...,1.1975308641975309,0.050977340301389,81,67,12,2,not_evaluated,not_evaluated
"Ha! Now I'll play you double or nothing! I lose, I give you my soul. I win, you have to buy me *two* budget sushi dinners!",1.1975308641975309,0.0445129787094319,81,65,16,0,not_evaluated,not_evaluated
"You do realize who I am, right?",1.1975308641975309,0.050977340301389,81,67,12,2,not_evaluated,not_evaluated
It kills me that I made you feel foolish.,1.1975308641975309,0.0478544381316402,81,66,14,1,not_evaluated,not_evaluated
Stalemate! Looks like we'll be here for a while.,1.1975308641975309,0.0445129787094319,81,65,16,0,not_evaluated,not_evaluated
"I wouldn't have gone for ""mate,"" but ... your come hither glance...",1.1975308641975309,0.050977340301389,81,67,12,2,not_evaluated,not_evaluated
It’s my turn and I can take a lifetime to make a move.,1.1975308641975309,0.0539196735849937,81,68,10,3,not_evaluated,not_evaluated
Guess Death Got Played in 2022 & chess.,1.1975308641975309,0.050977340301389,81,67,12,2,not_evaluated,not_evaluated
So now I can own a Monstera?,1.1975308641975309,0.050977340301389,81,67,12,2,not_evaluated,not_evaluated
"Yes, you won, but remember the deal of the eye contact? Well... Or should I already say Hell?",1.1975308641975309,0.0478544381316402,81,66,14,1,not_evaluated,not_evaluated
"Ha! Now who’s getting who’s soul today, Deathy?!?",1.1975308641975309,0.0445129787094319,81,64,16,0,not_evaluated,not_evaluated
That’s my metacarpal not checkmate,1.1975308641975309,0.0478544381316402,81,66,14,1,not_evaluated,not_evaluated
"Wow, you’re a quick learner…",1.1975308641975309,0.0478544381316402,81,66,14,1,not_evaluated,not_evaluated
Naturally you must expect me to attack with Capo Ferro.,1.1973684210526316,0.0530466092376872,76,63,11,2,not_evaluated,not_evaluated
Do you really think you can beat Death without any consequences...,1.1973684210526316,0.0530466092376872,76,63,11,2,not_evaluated,not_evaluated
"So what if you lost, dont look so grim, it’s not like it’s a matter of life or death!",1.1973684210526316,0.0530466092376872,76,63,11,2,not_evaluated,not_evaluated
"CHECK!""   ""check MATE",1.1973684210526316,0.0530466092376872,76,63,11,2,not_evaluated,not_evaluated
"Checkmate!
You are history, dude!",1.1973684210526316,0.0459585505172973,76,61,15,0,not_evaluated,not_evaluated
"En passant! It's a legitimate capture. Read the rules, sucker!",1.1973684210526316,0.0496292812625109,76,62,13,1,not_evaluated,not_evaluated
Look at me. Do I look like a non vengeful loser to you...?,1.1973684210526316,0.0459585505172973,76,61,15,0,not_evaluated,not_evaluated
"That wins me immortality! Now, if I win the next game, I need you to get in touch with someone.",1.1973684210526316,0.0562567324379788,76,64,9,3,not_evaluated,not_evaluated
Now who’s in trouble?,1.1973684210526316,0.0496292812625109,76,62,13,1,not_evaluated,not_evaluated
Let's make a deal!,1.1973684210526316,0.0530466092376872,76,63,11,2,not_evaluated,not_evaluated
"Queens Gambit , my ass",1.1973684210526316,0.0459585505172973,76,61,15,0,not_evaluated,not_evaluated
The Squid game is on… Again!,1.1973684210526316,0.0496292812625109,76,62,13,1,not_evaluated,not_evaluated
"It took you being dead, but I finally won!",1.1971830985915493,0.0475547690595327,71,57,14,0,not_evaluated,not_evaluated
"Ever see “The Queen’s Gambit”? That was my Momma, Sucker!",1.1971830985915493,0.0516126975387551,71,58,12,1,not_evaluated,not_evaluated
"...no, pinch the top of the Bishop like this. It feels JUST like one.",1.1971830985915493,0.0516126975387551,71,58,12,1,not_evaluated,not_evaluated
"After successfully cheating on his taxes, Chet decided to take on the next big inevitable",1.1971830985915493,0.0516126975387551,71,58,12,1,not_evaluated,not_evaluated
"I saw this on a Netflix show""",1.1971830985915493,0.0553740465755262,71,58,10,2,not_evaluated,not_evaluated
I dare you say that to my face!,1.196969696969697,0.0538481719921703,66,54,11,1,not_evaluated,not_evaluated
Come here. I’ll show you checkmate.,1.196969696969697,0.0493297593821203,66,53,13,0,not_evaluated,not_evaluated
NOW will you let us impeach him?,1.196969696969697,0.0619033646847995,66,56,7,3,not_evaluated,not_evaluated
"And my queen takes your king,  Judge Alito",1.1958762886597938,0.045500215384417,97,80,15,2,not_evaluated,not_evaluated
"Checkmate!""
""What a brave man!",1.1958762886597938,0.0499982286149534,97,82,11,4,not_evaluated,not_evaluated
Are you sure you want to make that move.,1.1956521739130437,0.0494574733583754,92,77,12,3,not_evaluated,not_evaluated
Checkmate! Sorry but I thought you were familiar with killer chess.,1.1956521739130437,0.0443650604024797,92,75,16,1,not_evaluated,not_evaluated
"And no, I'm not playing two out of three!",1.1956521739130437,0.0443650604024797,92,75,16,1,not_evaluated,not_evaluated
"Between Death and Taxes, guess who wins?",1.1956521739130437,0.0518163411891826,92,78,10,4,not_evaluated,not_evaluated
Looks like I'm going to beat Death this time.,1.1956521739130437,0.0415856590819035,92,74,18,0,not_evaluated,not_evaluated
You know what? Enough. We’ve all had enough.,1.1956521739130437,0.0443650604024797,92,75,16,1,not_evaluated,not_evaluated
Here ‘s your king. I thought you could use some help running the underworld,1.1956521739130437,0.0415856590819035,92,74,18,0,not_evaluated,not_evaluated
How I feel taking a bite of my mother-in-law's cooking.,1.1956521739130437,0.0415856590819035,92,74,18,0,not_evaluated,not_evaluated
I feel like I've seen this play before.,1.1954022988505748,0.0486082168320334,87,72,13,2,not_evaluated,not_evaluated
James thought he would teach the guy in the funny outfit not to crash his Washington Square game.,1.1954022988505748,0.0457760913275482,87,71,15,1,not_evaluated,not_evaluated
Chess wasn’t a good choice to sacrifice your queen,1.1954022988505748,0.0457760913275482,87,71,15,1,not_evaluated,not_evaluated
Congratulations!  You've just become the Soul Survivor.,1.1954022988505748,0.0457760913275482,87,71,15,1,not_evaluated,not_evaluated
Loneliness hits.,1.1954022988505748,0.0512841783589433,87,73,11,3,not_evaluated,not_evaluated
"Uncheck me, mate.",1.195121951219512,0.0440327284804117,82,66,16,0,not_evaluated,not_evaluated
Checkmate and check your orbital sockets!,1.195121951219512,0.0473285886085988,82,67,14,1,not_evaluated,not_evaluated
Checkmate! I get another fifty years.,1.195121951219512,0.0473285886085988,82,67,14,1,not_evaluated,not_evaluated
Yahtzee! I win!,1.195121951219512,0.0504094179884506,82,68,12,2,not_evaluated,not_evaluated
This could well be your last move.,1.195121951219512,0.0473285886085988,82,67,14,1,not_evaluated,not_evaluated
Two out of three now; in the Ingmar Bergman movie there was only one game!,1.195121951219512,0.0473285886085988,82,67,14,1,not_evaluated,not_evaluated
"Human- You know this is a good metaphor for my stress. Playing chess against death. It's actually scientifically proven to-

Death- SELL SOUL.",1.195121951219512,0.0504094179884506,82,68,12,2,not_evaluated,not_evaluated
"Leonard ""CHECKMATE!"" 
Death ""Fine.  Do you want Lenny or Leonard on your tombstone?""",1.195121951219512,0.0560654766004802,82,70,8,4,not_evaluated,not_evaluated
Sorry. I know you're fond of the white horse.,1.195121951219512,0.0504094179884506,82,68,12,2,not_evaluated,not_evaluated
This is my last game.  I'm sick of the postmortems.,1.195121951219512,0.0473285886085988,82,67,14,1,not_evaluated,not_evaluated
Checkmate!  Maybe you should go try something else you're better at.,1.195121951219512,0.0473285886085988,82,67,14,1,not_evaluated,not_evaluated
Ha! Classic move from the Anti-Vaxxer Playbook!,1.195121951219512,0.0504094179884506,82,68,12,2,not_evaluated,not_evaluated
"Ha! Now, Jesus comes back or admit Prince was a mistake!",1.195121951219512,0.0504094179884506,82,68,12,2,not_evaluated,not_evaluated
"Remember, you are but a pawn in my deathly plan",1.195121951219512,0.0473285886085988,82,67,14,1,not_evaluated,not_evaluated
That’s my daily multivitamin in your FACE!!”  (forgot the hashtag the first time I posted,1.195121951219512,0.0440327284804117,82,66,16,0,not_evaluated,not_evaluated
If only my ex-wife could see me now! Chess is a useful skill!,1.195121951219512,0.0504094179884506,82,68,12,2,not_evaluated,not_evaluated
Checkmate! I beat Dea-th! I beat Dea-th! Ha Ha Ha Ha Ha! I beat Dea-th! I beat Dea-th! Take that Grim Reaper! I am kind of the world and you can't touch me!,1.1948051948051948,0.0524158702903189,77,64,11,2,not_evaluated,not_evaluated
“That’s checkmate- and I think you owe me a scythe”,1.1948051948051948,0.0555804548195656,77,65,9,3,not_evaluated,not_evaluated
"Checkmate mofo!
Smoke THAT!",1.1948051948051948,0.0524158702903189,77,64,11,2,not_evaluated,not_evaluated
Ha! Checkmate. And you thought you had me in a death spiral.,1.1948051948051948,0.045430127217245,77,62,15,0,not_evaluated,not_evaluated
Check Mate”…..poof!!!,1.1948051948051948,0.0490475275486267,77,63,13,1,not_evaluated,not_evaluated
Aha! You fell for the Bergman opening!,1.1948051948051948,0.0524158702903189,77,64,11,2,not_evaluated,not_evaluated
I knew we pro-lifers would win this thing!,1.1948051948051948,0.045430127217245,77,62,15,0,not_evaluated,not_evaluated
"Checkmate, I told you I was going to live forever. So you are not invincible after all!!",1.1948051948051948,0.0524158702903189,77,64,11,2,not_evaluated,not_evaluated
"As agreed, you now have to bring Fluffy back to life.  Care to play again ... this time for the Equal Rights Amendment?",1.1948051948051948,0.0490475275486267,77,63,13,1,not_evaluated,not_evaluated
Let me show you… just castle the 14th Amendment,1.1948051948051948,0.0490475275486267,77,63,13,1,not_evaluated,not_evaluated
Who farted?,1.1948051948051948,0.045430127217245,77,62,15,0,not_evaluated,not_evaluated
I think you’re ready to invest in crypto.,1.1948051948051948,0.0524158702903189,77,64,11,2,not_evaluated,not_evaluated
You can’t win if I wanted to die first!!,1.1948051948051948,0.0555804548195656,77,65,9,3,not_evaluated,not_evaluated
Sit back down. Angel of Death beats your Queen.,1.1948051948051948,0.0490475275486267,77,63,13,1,not_evaluated,not_evaluated
You giving me all for nothing,1.1948051948051948,0.045430127217245,77,62,15,0,not_evaluated,not_evaluated
I’m going to try and feel my uvula do you want to try,1.1944444444444444,0.0445319750737498,108,90,15,3,not_evaluated,not_evaluated
"I warned you, I would kill you at this: Checkmate.",1.1944444444444444,0.0509644422090033,72,59,12,1,not_evaluated,not_evaluated
Death's chess game never really recovered after his loss to Deep Blue.,1.1944444444444444,0.0509644422090033,72,59,12,1,not_evaluated,not_evaluated
Now do I get to see Bibi Anderson?,1.1944444444444444,0.0509644422090033,72,59,12,1,not_evaluated,not_evaluated
"Come on, now, ‘two out of three’ wasn’t our deal.",1.1944444444444444,0.0509644422090033,72,59,12,1,not_evaluated,not_evaluated
What do you mean I cheated?,1.1944444444444444,0.0546681870597892,72,60,10,2,not_evaluated,not_evaluated
"Checkmate !! ....no, death mate",1.1944444444444444,0.0546681870597892,72,60,10,2,not_evaluated,not_evaluated
"That’s how you close Grim’s Gambit, you sickle selling reapist. Now, go get your ferry. We are leaving.",1.1944444444444444,0.0509644422090033,72,59,12,1,not_evaluated,not_evaluated
"Ok, now let's go...",1.1944444444444444,0.0509644422090033,72,59,12,1,not_evaluated,not_evaluated
The best parts are usually the bones.,1.194174757281553,0.0458817051092486,103,86,14,3,not_evaluated,not_evaluated
Checkmate. I have cheated death once again.,1.1940298507462686,0.0531197922986632,67,55,11,1,not_evaluated,not_evaluated
"King me!"". ""David this is chess."". ""........ King me",1.1940298507462686,0.0531197922986632,67,55,11,1,not_evaluated,not_evaluated
What do we say to the god of chess?,1.1940298507462686,0.0531197922986632,67,55,11,1,not_evaluated,not_evaluated
"This is your King, Pedro. You shouldn't move my pieces to lose on purpose",1.1940298507462686,0.0531197922986632,67,54,11,1,not_evaluated,not_evaluated
"No need to look so grim. This is chess, not checkers.",1.1938775510204085,0.0450778676534156,98,81,15,2,not_evaluated,not_evaluated
Double or nothing.,1.1935483870967742,0.043935820942387,93,76,16,1,not_evaluated,not_evaluated
We WILL remain a democratic republic!,1.1935483870967742,0.0555664531218547,62,51,10,1,not_evaluated,not_evaluated
"Check mate, ol’ fate.",1.1935483870967742,0.0465200005651126,93,77,14,2,not_evaluated,not_evaluated
I  TRUMP YOUR PRINCE OF DEATH!,1.1935483870967742,0.043935820942387,93,76,16,1,not_evaluated,not_evaluated
"Okay that's game #665. The next one is the tie breaker""",1.1935483870967742,0.0489679950914336,93,78,12,3,not_evaluated,not_evaluated
Sometimes you're just a few moves away from the final price - be careful what you play at.,1.1935483870967742,0.043935820942387,93,76,16,1,not_evaluated,not_evaluated
Whatever it takes to get me off of this planet.,1.1935483870967742,0.0465200005651126,93,77,14,2,not_evaluated,not_evaluated
I win. How about 'Risk' or 'Life' next?,1.193181818181818,0.0453073635933749,88,72,15,1,not_evaluated,not_evaluated
"Very nice.  But this works like the NBA, not the NFL.  It's best of seven.",1.193181818181818,0.0453073635933749,88,72,15,1,not_evaluated,not_evaluated
Are you certain that I cheated?,1.193181818181818,0.0481039521831209,88,73,13,2,not_evaluated,not_evaluated
"Wow, this game is grim.",1.193181818181818,0.0453073635933749,88,72,15,1,not_evaluated,not_evaluated
There's no way that I'll make this move. Do you think that I'm some sort of rookie?,1.193181818181818,0.0453073635933749,88,72,15,1,not_evaluated,not_evaluated
Check!…please.,1.193181818181818,0.0481039521831209,88,73,13,2,not_evaluated,not_evaluated
Told you white always wins!,1.193181818181818,0.0453073635933749,88,72,15,1,not_evaluated,not_evaluated
Oops...I lose!,1.193181818181818,0.0453073635933749,88,72,15,1,not_evaluated,not_evaluated
Let's see you find a way to stop me now!,1.193181818181818,0.0507466573824295,88,74,11,3,not_evaluated,not_evaluated
"Clearly, I couldn’t possibly have cheated!",1.193181818181818,0.0453073635933749,88,72,15,1,not_evaluated,not_evaluated
Guess it isn't really a game of life and death after all,1.193181818181818,0.0453073635933749,88,72,15,1,not_evaluated,not_evaluated
you clearly never watched bergman,1.193181818181818,0.0453073635933749,88,72,15,1,not_evaluated,not_evaluated
Eat my dust!,1.1927710843373494,0.0468139518138114,83,68,14,1,not_evaluated,not_evaluated
"You're not only living dead, but playing dead!",1.1927710843373494,0.0435624577377759,83,67,16,0,not_evaluated,not_evaluated
Check mate! What's your next move tough guy?,1.1927710843373494,0.0498538307925901,83,69,12,2,not_evaluated,not_evaluated
Don't get too excited. Your pieces go back in the box too.,1.1927710843373494,0.0498538307925901,83,69,12,2,not_evaluated,not_evaluated
Check mate you say?  Let me show you what check mate really means.,1.1927710843373494,0.0468139518138114,83,68,14,1,not_evaluated,not_evaluated
"Psythed you out, didn’t I?",1.1927710843373494,0.0527187139919645,83,70,10,3,not_evaluated,not_evaluated
Checkmate.  And try to be a good sport about losing.,1.1927710843373494,0.0498538307925901,83,69,12,2,not_evaluated,not_evaluated
"Remember Ralph,he who reaps wins.",1.1927710843373494,0.0468139518138114,83,68,14,1,not_evaluated,not_evaluated
"Rest in chess piece"" (pardon the pun",1.1927710843373494,0.0498538307925901,83,69,12,2,not_evaluated,not_evaluated
"No, I didn’t agree to play for my soul. I said this was strip chess and we’re playing for clothes. Lose the robe, bonehead!",1.1927710843373494,0.0498538307925901,83,69,12,2,not_evaluated,not_evaluated
Death shall have no dominion!,1.1923076923076923,0.0517997511738788,78,65,11,2,not_evaluated,not_evaluated
Oh yes I can cheat Death!,1.1923076923076923,0.0484790046172095,78,64,13,1,not_evaluated,not_evaluated
I’m feeling great. Why do you ask?,1.1923076923076923,0.0449134006247032,78,63,15,0,not_evaluated,not_evaluated
Queen to the Bronx or did I say Hell’s Kitchen?,1.1923076923076923,0.043375419446059,104,86,16,2,not_evaluated,not_evaluated
That’s checkmate and your doom,1.1923076923076923,0.0484790046172095,78,64,13,1,not_evaluated,not_evaluated
Not again !  You’re killing me !,1.1923076923076923,0.0549200742413563,78,66,9,3,not_evaluated,not_evaluated
I resign.,1.1923076923076923,0.0484790046172095,78,64,13,1,not_evaluated,not_evaluated
"Tommy, it's your turn to move the pawn!""
""Check mate!!",1.1923076923076923,0.0449134006247032,78,63,15,0,not_evaluated,not_evaluated
HA! I win. As agreed now you HAVE to kill me.,1.1923076923076923,0.0517997511738788,78,65,11,2,not_evaluated,not_evaluated
"That was fun, but I still don’t understand why we had to cancel the fiddle contest.",1.1923076923076923,0.0484790046172095,78,64,13,1,not_evaluated,not_evaluated
"This molar, back left.",1.1923076923076923,0.0578724017790555,78,67,7,4,not_evaluated,not_evaluated
"They told me Death would always win, but look at me now!",1.1917808219178083,0.0463981767874464,73,59,14,0,not_evaluated,not_evaluated
"OK, checkmate! Now you have to visit my boss.",1.1917808219178083,0.0503319810160926,73,60,12,1,not_evaluated,not_evaluated
"google en passant"" ""holy hell",1.1917808219178083,0.0503319810160926,73,60,12,1,not_evaluated,not_evaluated
"Checkmate, dude! Where's my new guitar?",1.1917808219178083,0.0573963702738654,73,62,8,3,not_evaluated,not_evaluated
Have your eyes always been that brilliant black?!,1.1917808219178083,0.0463981767874464,73,59,14,0,not_evaluated,not_evaluated
So you’re giving me the finger because even though it’s checkmate I still lose?,1.1917808219178083,0.0503319810160926,73,60,12,1,not_evaluated,not_evaluated
Mere mortals are all the same. Come hither.,1.1917808219178083,0.0503319810160926,73,60,12,1,not_evaluated,not_evaluated
"Ha ha, I win! You were already out of time when you agreed to play.",1.1917808219178083,0.0539798649202597,73,61,10,2,not_evaluated,not_evaluated
I pronounce the name of Jesus BISHOP save me!,1.1917808219178083,0.0503319810160926,73,60,12,1,not_evaluated,not_evaluated
Finally I thought the Queen would die decades ago.,1.1914893617021276,0.0408012737067998,94,76,18,0,not_evaluated,not_evaluated
What do you mean it's a wrong move? I said checkmate. The game's over! Oh...,1.1914893617021276,0.0460684830975314,94,78,14,2,not_evaluated,not_evaluated
I win. You lose!,1.1914893617021276,0.0484879957753742,94,79,12,3,not_evaluated,not_evaluated
Checkmate!  Could you fit my boss in for a round before Friday?,1.1914893617021276,0.0435146473673218,94,77,16,1,not_evaluated,not_evaluated
You mean we’re not playing tiddlywinks?,1.1911764705882353,0.0524105196782898,68,56,11,1,not_evaluated,not_evaluated
"Check mate means that I have immortality, ugh...right?",1.1911764705882353,0.0480404101790778,68,55,13,0,not_evaluated,not_evaluated
I don’t respond well to dares!,1.1911764705882353,0.0602065253813665,68,58,7,3,not_evaluated,not_evaluated
I'm living my best life and unfortunately this is it.,1.1911764705882353,0.0564432824676486,68,57,9,2,not_evaluated,not_evaluated
Mah jongg!,1.1911764705882353,0.0480404101790778,68,55,13,0,not_evaluated,not_evaluated
You may have won this time but I should remind you that our student loans die with you.,1.1911764705882353,0.0524105196782898,68,56,11,1,not_evaluated,not_evaluated
I WIN. Now don't darken my door for another month.,1.1910112359550562,0.0448479570080877,89,73,15,1,not_evaluated,not_evaluated
Here's the antidote.,1.1910112359550562,0.0476098924879322,89,74,13,2,not_evaluated,not_evaluated
It's worth it!,1.1910112359550562,0.0448479570080877,89,73,15,1,not_evaluated,not_evaluated
"Nope, nothing in your teeth but
CHECKMATE!",1.1910112359550562,0.0448479570080877,89,73,15,1,not_evaluated,not_evaluated
"Not on your life, baby!",1.1910112359550562,0.0502201600716848,89,75,11,3,not_evaluated,not_evaluated
Knight to E4,1.1910112359550562,0.0476098924879322,89,74,13,2,not_evaluated,not_evaluated
"Uh, I have to tell you, John, I don't have a soul for you to take, so how 'bout it'll be my turn for lunch on Thursday?",1.1904761904761905,0.0463101819644777,84,68,14,1,not_evaluated,not_evaluated
Ha! Touchdown!,1.1904761904761905,0.0463101819644777,84,69,14,1,not_evaluated,not_evaluated
It's called checkmate not dead end.,1.1904761904761905,0.0548198700428743,84,72,8,4,not_evaluated,not_evaluated
"That's Expecto Patronum, I win!",1.1904761904761905,0.0463101819644777,84,69,14,1,not_evaluated,not_evaluated
"It was a good move, but we both know how this is all ends.",1.1904761904761905,0.0463101819644777,84,69,14,1,not_evaluated,not_evaluated
Check yourself. Before you wreck yourself.,1.1904761904761905,0.0431018702719287,84,68,16,0,not_evaluated,not_evaluated
"So, what do you think of your blue-eyed king now, Mr. Death?",1.1904761904761905,0.0463101819644777,84,69,14,1,not_evaluated,not_evaluated
Now you're dead to me.,1.1904761904761905,0.0493101884627092,84,70,12,2,not_evaluated,not_evaluated
"Now, get out of my country, Putin.",1.1904761904761905,0.0493101884627092,84,70,12,2,not_evaluated,not_evaluated
"Come on, it's one out of trillions. Lighten up.",1.19,0.0486068540704524,100,85,11,4,not_evaluated,not_evaluated
"I said, ""they're made from whalebone.""",1.1898734177215189,0.0511977581586359,79,66,11,2,not_evaluated,not_evaluated
"Don’t get too cocky, I’ll be back again next week.",1.1898734177215189,0.0479232771797491,79,65,13,1,not_evaluated,not_evaluated
Let the game begin.,1.1898734177215189,0.0479232771797491,79,65,13,1,not_evaluated,not_evaluated
"Checkmate, dude! Oh man, how could you not see that coming? What a dummy. A child could defend that better. I can't believe you fell for it. You ever played this before? I'll send you some books. Chess for Dummies! Yeah, that's you! Ha Ha",1.1898734177215189,0.0479232771797491,79,65,13,1,not_evaluated,not_evaluated
"Just kidding! Check mate or not, you're coming to me.",1.1898734177215189,0.0444080009775711,79,64,15,0,not_evaluated,not_evaluated
And I can kick your ass at checkers too!,1.1898734177215189,0.0444080009775711,79,64,15,0,not_evaluated,not_evaluated
I see your variant and add a booster!,1.1898734177215189,0.0479232771797491,79,65,13,1,not_evaluated,not_evaluated
Just because I can’t cheat Death doesn’t mean I can’t beat you straight-up.,1.1898734177215189,0.0542750438534441,79,67,9,3,not_evaluated,not_evaluated
"Our word for it is ""Checkmate.""",1.1898734177215189,0.0479232771797491,79,65,13,1,not_evaluated,not_evaluated
"I´m telling you man, I owe it all to crossfit.",1.1898734177215189,0.0479232771797491,79,65,13,1,not_evaluated,not_evaluated
Are you really sure you want to make that move?,1.1898734177215189,0.0511977581586359,79,66,11,2,not_evaluated,not_evaluated
I told you I had killer moves!,1.1898734177215189,0.0479232771797491,79,65,13,1,not_evaluated,not_evaluated
"All righty, I'm going to be wanting those goldfish back now.",1.1898734177215189,0.0511977581586359,79,66,11,2,not_evaluated,not_evaluated
Dogging COVID-19 for 2 years takes risk and strategy,1.1898734177215189,0.0444080009775711,79,64,15,0,not_evaluated,not_evaluated
Now can I overturn Roe v Wade?,1.1898734177215189,0.0511977581586359,79,66,11,2,not_evaluated,not_evaluated
And my horoscope said today would be an unlucky day.,1.1898734177215189,0.0511977581586359,79,66,11,2,not_evaluated,not_evaluated
"Careful young man....you realize that Russians, even Russian presidents, are superior chess players, right?",1.1894736842105262,0.0456255189839455,95,79,14,2,not_evaluated,not_evaluated
"Ha, my Bishop can shoot better than Ben Simmons, Checkmate",1.1891891891891893,0.0566747172454539,74,63,8,3,not_evaluated,not_evaluated
"You can't cheat death, but you can have a killer endgame!",1.1891891891891893,0.0458401988871713,74,60,14,0,not_evaluated,not_evaluated
Caught you sleeping! Check Mate!,1.1891891891891893,0.0533084451837284,74,62,10,2,not_evaluated,not_evaluated
"Checkmate, Death! You were easier to beat than the IRS.",1.1891891891891893,0.0533084451837284,74,62,10,2,not_evaluated,not_evaluated
"Ha! More like the ‘Fail Horseman’. Checkmate, you lose. As per our agreement, the vacuum is in the closet, get started.",1.1891891891891893,0.0458401988871713,74,60,14,0,not_evaluated,not_evaluated
"If you're going to make that move, perhaps you'd rather play dice with death.",1.1891891891891893,0.0533084451837284,74,62,10,2,not_evaluated,not_evaluated
We all know how this is going to end but I’m making a bold move anyways.,1.1891891891891893,0.0533084451837284,74,62,10,2,not_evaluated,not_evaluated
Working these skeleton hands is getting exhausting and it’s so hot in this cloak.  Can I please take the hood off and set down the skeleton hands for a little?,1.1891891891891893,0.0533084451837284,74,62,10,2,not_evaluated,not_evaluated
"You know back in the day I used to play with real kings and people, it got out of hand in the 1300's...",1.1888888888888889,0.0497043555175433,90,76,11,3,not_evaluated,not_evaluated
Checkmate! Now payoff the bet and get to Congress before it's too late.,1.1888888888888889,0.0414904722436652,90,73,17,0,not_evaluated,not_evaluated
Let me check my calendar. I'm not sure  lived to make that move.,1.1888888888888889,0.0471257367823253,90,75,13,2,not_evaluated,not_evaluated
"Careful, you're playing with death",1.1888888888888889,0.0471257367823253,90,75,13,2,not_evaluated,not_evaluated
I have a rendezvous beyond my beloved horizon,1.1888888888888889,0.0471257367823253,90,75,13,2,not_evaluated,not_evaluated
"Mate or no-mate, you still lose.",1.1884057971014492,0.0556882165184999,69,58,9,2,not_evaluated,not_evaluated
Told you I'd win! Now you HAVE to take my wife.,1.1884057971014492,0.0556882165184999,69,58,9,2,not_evaluated,not_evaluated
"Checkmate... I guess you're all out of moves now,huh?!",1.1884057971014492,0.0474200647405741,69,56,13,0,not_evaluated,not_evaluated
Aha! And now you owe me a copy of Blades of Glory on DVD!,1.1884057971014492,0.0517196287641915,69,57,11,1,not_evaluated,not_evaluated
"It is called the Ukraine defense, Mr. Putin.""",1.1884057971014492,0.0517196287641915,69,57,11,1,not_evaluated,not_evaluated
"Check mate , baby !!",1.1884057971014492,0.0517196287641915,69,57,11,1,not_evaluated,not_evaluated
I didn’t cheat you. I played white!,1.1884057971014492,0.0517196287641915,69,57,11,1,not_evaluated,not_evaluated
You're tapping and I'm swiping.,1.1884057971014492,0.0556882165184999,69,58,9,2,not_evaluated,not_evaluated
I knew I’d make you Scream!,1.1884057971014492,0.0556882165184999,69,58,9,2,not_evaluated,not_evaluated
I'll check your mate... into the afterlife.,1.188235294117647,0.0487781166409865,85,71,12,2,not_evaluated,not_evaluated
Go directly to Jail!  Do not pass Go!  Do not collect $200!,1.188235294117647,0.0487781166409865,85,71,12,2,not_evaluated,not_evaluated
"Checkmate, smartypants! Haha! Whatcha gonna do now,
renege on our deal?",1.188235294117647,0.0487781166409865,85,71,12,2,not_evaluated,not_evaluated
It's not death but it is pretty close.  Check mate!,1.188235294117647,0.0515695327481218,85,72,10,3,not_evaluated,not_evaluated
Tis nothing compared to my next killer move.,1.188235294117647,0.0487781166409865,85,71,12,2,not_evaluated,not_evaluated
The definition of fight to the death.,1.188118811881188,0.0415369840859466,101,83,17,1,not_evaluated,not_evaluated
Why must you always play sudden death?,1.1875,0.0473799281862764,80,66,13,1,not_evaluated,not_evaluated
Let's go best of three. Winner gets to keep the scythe !,1.1875,0.0426956281914983,96,79,16,1,not_evaluated,not_evaluated
"Hey !
I didn’t say I wanted what you’re having.",1.1875,0.0506094189962623,80,67,11,2,not_evaluated,not_evaluated
"Come closer and let me show you 
a real checkmate.",1.1875,0.0439135730581579,80,65,15,0,not_evaluated,not_evaluated
Checkmate but we CAN still play another game”,1.1875,0.0536448411997069,80,68,9,3,not_evaluated,not_evaluated
"You're going to remember this checkmate until the day you die.

Or,

This move is going to kill you.

Or, 
No ""do-overs!""  Checkmate!",1.1875,0.0451908720017737,96,80,14,2,not_evaluated,not_evaluated
No. You said no mulligans.,1.1875,0.0473799281862764,80,66,13,1,not_evaluated,not_evaluated
"Check mate, your ass!",1.1875,0.0506094189962623,80,67,11,2,not_evaluated,not_evaluated
"Check m...I have the check
and you can't eat ivory from elephants anymore",1.1875,0.0426956281914983,96,79,16,1,not_evaluated,not_evaluated
You talking to me? You talkin ta me?,1.1875,0.0473799281862764,80,66,13,1,not_evaluated,not_evaluated
"Democrats to Republicans “we win- there will be not more sex ever for Republicans”

Would have been funnier it said by a woman!",1.1875,0.0473799281862764,80,66,13,1,not_evaluated,not_evaluated
"Sorry,Bruce,your time on the clock just ran out.",1.1875,0.0473799281862764,80,66,13,1,not_evaluated,not_evaluated
You’re never going to win.,1.1875,0.0473799281862764,80,66,13,1,not_evaluated,not_evaluated
Wait! Before you make the move — just promise me that you won’t use immortality to market your herbal supplements.,1.1875,0.0475553693907926,96,81,12,3,not_evaluated,not_evaluated
Sorry but I can't give you a rematch right now.  I'm late for my life lessons podcast.,1.1875,0.0473799281862764,80,66,13,1,not_evaluated,not_evaluated
"There’s something I can make happen faster than your next move, my friend",1.1875,0.0506094189962623,80,67,11,2,not_evaluated,not_evaluated
"Checkmate, mother-reaper",1.1875,0.0473799281862764,80,66,13,1,not_evaluated,not_evaluated
"what i want to know is
how do you like your blue-eyed boy
Mister Death
                               — e.e. cummings",1.1868131868131868,0.0439560439560439,91,75,15,1,not_evaluated,not_evaluated
"Don’t look so grim, I’ll probably lose the next one.",1.1868131868131868,0.0466511955309391,91,76,13,2,not_evaluated,not_evaluated
"If I just grab your king, I win, right?",1.1868131868131868,0.0491989256860976,91,77,11,3,not_evaluated,not_evaluated
"Read my lips, Grasshopper. I got the powah. I will attack and you don't want that.",1.1868131868131868,0.0439560439560439,91,75,15,1,not_evaluated,not_evaluated
You have to learn this game before you die,1.1868131868131868,0.0439560439560439,91,75,15,1,not_evaluated,not_evaluated
What makes you so sure I won't win again?,1.1866666666666668,0.0452951614596046,75,61,14,0,not_evaluated,not_evaluated
"Checkmate, yet again. You just can’t cheat, Death.",1.1866666666666668,0.0526533225197837,75,63,10,2,not_evaluated,not_evaluated
I don't think you're getting the meaning of our littler interaction so let me introduce you to my captured King - Pyrrhus,1.1866666666666668,0.0452951614596046,75,61,14,0,not_evaluated,not_evaluated
Of course it’s an illegal move. Do sue me!,1.1866666666666668,0.0491122389228185,75,62,12,1,not_evaluated,not_evaluated
"I don't care if it's 'checkmate,', you just can't cheat Death.",1.1866666666666668,0.0452951614596046,75,61,14,0,not_evaluated,not_evaluated
Checkmate! Now go to Hell!,1.1866666666666668,0.0452951614596046,75,61,14,0,not_evaluated,not_evaluated
I made it to the other side!,1.1866666666666668,0.0491122389228185,75,62,12,1,not_evaluated,not_evaluated
And they told me voting blue wouldn't work on you!,1.1866666666666668,0.0526533225197837,75,63,10,2,not_evaluated,not_evaluated
"Check mate, Hah! The Grim Reaper always has the last move",1.1866666666666668,0.0526533225197837,75,63,10,2,not_evaluated,not_evaluated
Tag you’re it!,1.1866666666666668,0.0526533225197837,75,63,10,2,not_evaluated,not_evaluated
"You did say, ‘best two-out-of-three’ – right?",1.1866666666666668,0.0491122389228185,75,62,12,1,not_evaluated,not_evaluated
checkmate my dark friend,1.186046511627907,0.0453339271851579,86,71,14,1,not_evaluated,not_evaluated
Ha! Checkmate! Try and top that move!,1.186046511627907,0.0453339271851579,86,71,14,1,not_evaluated,not_evaluated
"Sorry, I forgot it was costume day...",1.186046511627907,0.0482572560890765,86,72,12,2,not_evaluated,not_evaluated
Checkmate Mother F’er!,1.186046511627907,0.0482572560890765,86,72,12,2,not_evaluated,not_evaluated
"You might be the Grim Reaper, but my chess skills are lethal.",1.186046511627907,0.042208614556885,86,70,16,0,not_evaluated,not_evaluated
Ha! And you said logic wouldn't save me!,1.186046511627907,0.0453339271851579,86,71,14,1,not_evaluated,not_evaluated
"How about a sudden death, playoff?",1.186046511627907,0.0482572560890765,86,72,12,2,not_evaluated,not_evaluated
You just have to be more patient and wait for your opponent to slip up. Want to play another?,1.186046511627907,0.0482572560890765,86,72,12,2,not_evaluated,not_evaluated
Check mate! That will teach you to think you are more powerful than the U.S. Supreme Court.,1.186046511627907,0.0453339271851579,86,71,14,1,not_evaluated,not_evaluated
reconsider?,1.1857142857142855,0.0468151607110839,70,57,13,0,not_evaluated,not_evaluated
"Check-mate, Jane Roe, said the white male who is nothing but a douchebag.",1.1857142857142855,0.0510464293300996,70,58,11,1,not_evaluated,not_evaluated
"That's not a Queen, that's your King!",1.1857142857142855,0.0549528581813639,70,59,9,2,not_evaluated,not_evaluated
"Checkmate!   So as agreed, you go get my neighbor's dog, right?",1.1857142857142855,0.0510464293300996,70,58,11,1,not_evaluated,not_evaluated
I suppose only taxes are certain.,1.1857142857142855,0.0510464293300996,70,58,11,1,not_evaluated,not_evaluated
Can I tell you something? This table is killing my back.,1.1857142857142855,0.0549528581813639,70,59,9,2,not_evaluated,not_evaluated
"you can't always get what you want, big guy",1.1857142857142855,0.058599447926148,70,60,7,3,not_evaluated,not_evaluated
Ha! You shouldda been white! And male! And American!,1.1857142857142855,0.0510464293300996,70,58,11,1,not_evaluated,not_evaluated
Check mate! Can you top that?,1.1855670103092784,0.0447643143302853,97,81,14,2,not_evaluated,not_evaluated
Can I have your Netflix's password so I can watch the Queen's Gambit?,1.1851851851851851,0.0530289669010235,81,69,9,3,not_evaluated,not_evaluated
Checkmate and saved my soul!,1.1851851851851851,0.0500342818003937,81,68,11,2,not_evaluated,not_evaluated
You think you can cheat Death?,1.1851851851851851,0.0500342818003937,81,68,11,2,not_evaluated,not_evaluated
"Sure, I'll be happy to let you pick my nose.",1.1851851851851851,0.0530289669010235,81,69,9,3,not_evaluated,not_evaluated
No you can't eat my Queen,1.1851851851851851,0.0468485579284204,81,67,13,1,not_evaluated,not_evaluated
Let's see you wriggle your way out of this one!,1.1851851851851851,0.0468485579284204,81,67,13,1,not_evaluated,not_evaluated
Checkmate Again!  You ought to have Bobby Fischer give you some tips down there...,1.1851851851851851,0.0500342818003937,81,68,11,2,not_evaluated,not_evaluated
You can't have all of them.,1.1851851851851851,0.0468485579284204,81,67,13,1,not_evaluated,not_evaluated
"Come on, let me cheat ya, just one last time",1.1851851851851851,0.0434297755539206,81,66,15,0,not_evaluated,not_evaluated
"You're right, I am ranked #1. And your chances of beating me are grim and none.",1.1851851851851851,0.0500342818003937,81,68,11,2,not_evaluated,not_evaluated
Josh enjoyed improvising the end of the 2022 remake of  The Seventh Seal.,1.1851851851851851,0.0500342818003937,81,68,11,2,not_evaluated,not_evaluated
Ha! Wield your scythe all you want. I have even better for-scythe!,1.184782608695652,0.0435230299847753,92,76,15,1,not_evaluated,not_evaluated
Queen c4 to Night of eternal fiery hellscape.,1.184782608695652,0.0487035648134137,92,78,11,3,not_evaluated,not_evaluated
I always knew that you could never take the queen.,1.184782608695652,0.0461859901084194,92,77,13,2,not_evaluated,not_evaluated
Booster you say..,1.184782608695652,0.0435230299847753,92,76,15,1,not_evaluated,not_evaluated
I gotcha. Checkmate! Now I get to keep my soul.,1.1846153846153846,0.0532244327042232,65,54,10,1,not_evaluated,not_evaluated
I win! Give me the AXE!,1.1846153846153846,0.0532244327042232,65,54,10,1,not_evaluated,not_evaluated
Sucks to be you!!!,1.1846153846153846,0.0575639597965221,65,55,8,2,not_evaluated,not_evaluated
"*sigh* “Jim; you say ‘Checkmate,’ not ‘touchdown’.”",1.1846153846153846,0.0532244327042232,65,54,10,1,not_evaluated,not_evaluated
It's true.  You do cry when you lose your queen.,1.1842105263157894,0.0447626344637651,76,62,14,0,not_evaluated,not_evaluated
"Of course you are right. I did not repeat not get checkmate!
Jill landsberg",1.1842105263157894,0.0520139195802582,76,64,10,2,not_evaluated,not_evaluated
"You lose dude, I'll take that killer hoodie, the stabby stick, and another 100 years, yahoo!",1.1842105263157894,0.0520139195802582,76,64,10,2,not_evaluated,not_evaluated
Bobby Fisher has been looking forward to meeting you.,1.1842105263157894,0.0447626344637651,76,62,14,0,not_evaluated,not_evaluated
How does it feel to lose... your Queen???,1.1842105263157894,0.0485239181962783,76,63,12,1,not_evaluated,not_evaluated
A5 B6 QG7 and that is mate. Do I get to live now.,1.1842105263157894,0.0447626344637651,76,62,14,0,not_evaluated,not_evaluated
Ok. Ok. Here’s your 10 bucks. I know…what say we change the stakes?,1.1842105263157894,0.0520139195802582,76,64,10,2,not_evaluated,not_evaluated
And that’s my third queen right there.,1.1842105263157894,0.0520139195802582,76,64,10,2,not_evaluated,not_evaluated
"I call this my Death-defying move..! Check mate, mate..!",1.1842105263157894,0.0552840394968025,76,65,8,3,not_evaluated,not_evaluated
Credit card mate. I don't accept checks.,1.1839080459770115,0.0555132924934201,87,76,6,5,not_evaluated,not_evaluated
"Check back in a few years, mate.",1.1839080459770115,0.0448608160649388,87,72,14,1,not_evaluated,not_evaluated
No hard feelings ... please.,1.1839080459770115,0.0477472619568306,87,73,12,2,not_evaluated,not_evaluated
A few tentative moves and a blunder in the endgame-who knew you could be so human?,1.1839080459770115,0.0448608160649388,87,72,14,1,not_evaluated,not_evaluated
"You can't game my system, Bucko.",1.1839080459770115,0.0477472619568306,87,73,12,2,not_evaluated,not_evaluated
Take my king & see where it gets you,1.1839080459770115,0.0448608160649388,87,72,14,1,not_evaluated,not_evaluated
"Ha! You're move!  ...oh, wait, scratch that.",1.1830985915492958,0.0503902642816853,71,59,11,1,not_evaluated,not_evaluated
"Now, let's talk about that sting.",1.1830985915492958,0.0503902642816853,71,59,11,1,not_evaluated,not_evaluated
But what happens to the king after he dies?,1.1830985915492958,0.0503902642816853,71,59,11,1,not_evaluated,not_evaluated
Should I be worried about your endgame?,1.1830985915492958,0.0542364565702777,71,60,9,2,not_evaluated,not_evaluated
Ha! Whose funeral is it now?,1.1830985915492958,0.0462251473492142,71,58,13,0,not_evaluated,not_evaluated
"Checkmate! What's more,I learned this move from 'The Seventh Seal'",1.1830985915492958,0.0578273958277662,71,61,7,3,not_evaluated,not_evaluated
"Thanks, Obama!",1.1830985915492958,0.0542364565702777,71,60,9,2,not_evaluated,not_evaluated
"Now, come with me and let’s see if you can hold onto that…uh…cheery disposition…",1.1830985915492958,0.0503902642816853,71,59,11,1,not_evaluated,not_evaluated
"In order to choose the king, you must lose that what you love. soul for a soul.",1.1829268292682926,0.0494719139933026,82,69,11,2,not_evaluated,not_evaluated
"And... CHECKMATE! Also, you're not being hired to lead the chess team.",1.1829268292682926,0.0494719139933026,82,69,11,2,not_evaluated,not_evaluated
"Is that so? Well, I’m an optimist. I’m gonna cheat anyway",1.1829268292682926,0.0463287831904573,82,68,13,1,not_evaluated,not_evaluated
"It's not your turn turn yet, I'm still thinking about it.",1.1829268292682926,0.0429562804448438,82,67,15,0,not_evaluated,not_evaluated
"I would have guessed you understood that I don't play
'friendly games.' """,1.1829268292682926,0.0463287831904573,82,68,13,1,not_evaluated,not_evaluated
"Angel of Death, watch me change my fate, As I capture your Queen, and put you in Checkmate!",1.1829268292682926,0.0429562804448438,82,67,15,0,not_evaluated,not_evaluated
"Jack said,” Checkmate, I win again!” Grim said,” If you say that one more time, this finger_________.”",1.1827956989247312,0.0430983213285818,93,77,15,1,not_evaluated,not_evaluated
Ha! “The Seventh Seal”: the director’s cut!,1.1827956989247312,0.0482179788329505,93,79,11,3,not_evaluated,not_evaluated
"Ok, you win, but have you played Connect Four??",1.1826923076923077,0.0380745090174014,104,85,19,0,not_evaluated,not_evaluated
"Checkmate! So now you have to watch 'The Seventh Seal"" with me.",1.181818181818182,0.0567540430528044,66,56,8,2,not_evaluated,not_evaluated
"This is not the Middle Ages, and I'm not Max von Sydow.  Checkmate, Bub.",1.181818181818182,0.0479493093842668,77,64,12,1,not_evaluated,not_evaluated
"Dude, did you not watch ""The Queen's Gambit""?",1.181818181818182,0.0478395283258379,66,54,12,0,not_evaluated,not_evaluated
That's 3 jumps - king me!,1.181818181818182,0.0524863881081477,66,55,10,1,not_evaluated,not_evaluated
I don’t care if you’re Russian. That doesn’t make you a grand master.,1.181818181818182,0.0513896854445167,77,65,10,2,not_evaluated,not_evaluated
Your fault for playing with black.,1.181818181818182,0.0479493093842668,77,64,12,1,not_evaluated,not_evaluated
Roe v. Wade to D1: Checkmate.,1.181818181818182,0.0513896854445167,77,65,10,2,not_evaluated,not_evaluated
"Checkmate, sucker!  Now where’s my crypto?",1.181818181818182,0.0443973183545807,88,73,14,1,not_evaluated,not_evaluated
"Well, I'll be... Mr. Albert, it appears you may have won this battle. Bravo! But... I think we both, um, kind of know who ends up winning the war, wouldn't you say?",1.181818181818182,0.0472478030910612,88,74,12,2,not_evaluated,not_evaluated
this changes nothing.,1.181818181818182,0.0479493093842668,77,64,12,1,not_evaluated,not_evaluated
Karma’s a b;@&!!,1.181818181818182,0.0479493093842668,77,64,12,1,not_evaluated,not_evaluated
Now sow me the money,1.181818181818182,0.0546137644714646,77,66,8,3,not_evaluated,not_evaluated
It's not the death of me yet! I win!,1.181818181818182,0.0499358380002319,88,75,10,3,not_evaluated,not_evaluated
"Samuel Alito as reaper 
Brett Kavanaugh as chess player 

Alito to Brett: Come closer son. Let me show you a trick or two.",1.181818181818182,0.0549186121136798,88,77,6,5,not_evaluated,not_evaluated
"Great game, but the only things you can’t escape are death and taxes.",1.181818181818182,0.0513896854445167,77,65,10,2,not_evaluated,not_evaluated
"Clearly, you were playing checkers while I was playing chess.",1.181818181818182,0.0442422057629352,77,63,14,0,not_evaluated,not_evaluated
Now that’s what I call a murder.,1.180851063829787,0.0477418848337401,94,80,11,3,not_evaluated,not_evaluated
"check mate!""
""best two out of three?",1.180851063829787,0.0500806166783444,94,81,9,4,not_evaluated,not_evaluated
Cheat death? How about mate in nine! Cats ain't got nothing on me,1.180722891566265,0.0489219013145031,83,70,11,2,not_evaluated,not_evaluated
I thought you Russians were good at chess.,1.180722891566265,0.0489219013145031,83,70,11,2,not_evaluated,not_evaluated
"Now, you move your pawn and… am I helping you win?",1.180722891566265,0.0518383139048361,83,71,9,3,not_evaluated,not_evaluated
Who's your daddy?!,1.180722891566265,0.0458202364458721,83,69,13,1,not_evaluated,not_evaluated
"Checkmate! Oh, wait, it's a new COVID variant? Ok, then Draw!",1.180722891566265,0.0489219013145031,83,70,11,2,not_evaluated,not_evaluated
"I'll get you one day, Bobby Fischer.",1.180722891566265,0.0489219013145031,83,70,11,2,not_evaluated,not_evaluated
"CHECKMATE! Now, I don’t know if you lost on purpose, Mr. Death, but a deal is a deal. Instead of following you into the afterlife, for eternity, you have to give me a blowie….  …to completion",1.180722891566265,0.0458202364458721,83,69,13,1,not_evaluated,not_evaluated
You're obviously not familiar with Queen's Gambit.,1.180722891566265,0.0489219013145031,83,70,11,2,not_evaluated,not_evaluated
"You're dead, I'm overtaxed—we tie again.",1.180722891566265,0.0424927724170273,83,68,15,0,not_evaluated,not_evaluated
Check mate! Maybe we should try backgammon next time...,1.180722891566265,0.0458202364458721,83,69,13,1,not_evaluated,not_evaluated
Ha! You have lost three games in a row what are you going to do about it.,1.1805555555555556,0.0535382977928062,72,61,9,2,not_evaluated,not_evaluated
Ehh I knew I should have picked connect 4 for this bet,1.1805555555555556,0.0497505077745136,72,60,11,1,not_evaluated,not_evaluated
I win! That means you owe me one million more Biden voters.,1.1805555555555556,0.0497505077745136,72,60,11,1,not_evaluated,not_evaluated
And I am paying no taxes this year.,1.1805555555555556,0.0497505077745136,72,60,11,1,not_evaluated,not_evaluated
"I want permanent immunity from cigarette carcinogens and ten more good years of hair, or you’re going into check big guy",1.1805555555555556,0.0497505077745136,72,60,11,1,not_evaluated,not_evaluated
"Checkmate!  I'm a Bergman fan too, you know.",1.1805555555555556,0.0535382977928062,72,61,9,2,not_evaluated,not_evaluated
"Ah ha checkmate. Looks like the game is over for you Death! Oh no sir,the game is over for you",1.1805555555555556,0.0497505077745136,72,60,11,1,not_evaluated,not_evaluated
A billion dollars AND immortality! And give Keith Richards another five years - he knew I could do it!,1.18,0.0435310176190437,100,84,14,2,not_evaluated,not_evaluated
"Well, I killed your king aeons ago - that's why you live in a democracy, George!",1.1797752808988764,0.0467585613820085,89,75,12,2,not_evaluated,not_evaluated
"If you take my chess piece this finger will put you in hell before you can say ""checkmate.""",1.1797752808988764,0.0467585613820085,89,75,12,2,not_evaluated,not_evaluated
Death be not proud!,1.1794871794871795,0.0473879481538609,78,65,12,1,not_evaluated,not_evaluated
"Checkmate!
stop picking your nose",1.1794871794871795,0.0473879481538609,78,65,12,1,not_evaluated,not_evaluated
Looks like you won’t be needing your scythe after all.,1.1794871794871795,0.0473879481538609,78,65,12,1,not_evaluated,not_evaluated
And guess what? I cheated!,1.1794871794871795,0.0473879481538609,78,65,12,1,not_evaluated,not_evaluated
"[2019] Nyah nyah - now YOU have to go to the board meeting in Wuhan, Bob. Oh, don't be such a sore loser.",1.1794871794871795,0.0473879481538609,78,65,12,1,not_evaluated,not_evaluated
"You’re over the board, and your pawn position is in an imbalance.",1.1794871794871795,0.0473879481538609,78,65,12,1,not_evaluated,not_evaluated
These drug commercial stock videos are getting out of hand.,1.1794871794871795,0.0473879481538609,78,65,12,1,not_evaluated,not_evaluated
We have to decide the winner in sudden death.,1.1794871794871795,0.0473879481538609,78,65,12,1,not_evaluated,not_evaluated
Why so insidious?,1.1794871794871795,0.0473879481538609,78,65,12,1,not_evaluated,not_evaluated
Ha!!  I see they didn't stream Queen's Gambit in the underworld!,1.1791044776119404,0.0598708588138675,67,58,6,3,not_evaluated,not_evaluated
"No, a dead position doesn't mean you've won!",1.1789473684210523,0.0395352263818775,95,78,17,0,not_evaluated,not_evaluated
Kasparov: not yet a friendly ghost.,1.1785714285714286,0.0453225650970334,84,70,13,1,not_evaluated,not_evaluated
"Eat your heart out, Ingmar Bergman!",1.1785714285714286,0.0483838468873621,84,71,11,2,not_evaluated,not_evaluated
That's what you think,1.1785714285714286,0.0453225650970334,84,70,13,1,not_evaluated,not_evaluated
Do you want to play two out of three?,1.1785714285714286,0.0420389483019018,84,69,15,0,not_evaluated,not_evaluated
"Gotcha,bitch!",1.1785714285714286,0.0483838468873621,84,71,11,2,not_evaluated,not_evaluated
"Checkmate, my a**!",1.1785714285714286,0.0483838468873621,84,70,11,2,not_evaluated,not_evaluated
Worse than losing to a computer.,1.1785714285714286,0.0453225650970334,84,70,13,1,not_evaluated,not_evaluated
What the?!?!,1.1782178217821782,0.040774772835592,101,84,16,1,not_evaluated,not_evaluated
"Play again, double or nothing? If you win, I die twice.",1.178082191780822,0.0491265634505708,73,61,11,1,not_evaluated,not_evaluated
"If you see a good move, consider a better one",1.178082191780822,0.0528577027524667,73,62,9,2,not_evaluated,not_evaluated
Seventh seal my ass.,1.178082191780822,0.0491265634505708,73,61,11,1,not_evaluated,not_evaluated
Checkmate! He wins the game of life and death.,1.178082191780822,0.0491265634505708,73,61,11,1,not_evaluated,not_evaluated
Check mate!.  Now you can have my soul!,1.178082191780822,0.0450877115482454,73,60,13,0,not_evaluated,not_evaluated
"No, fuck YOU!",1.178082191780822,0.0528577027524667,73,62,9,2,not_evaluated,not_evaluated
"Didn't see that one comong did you, Mr. Smarty Pants?",1.178082191780822,0.0528577027524667,73,62,9,2,not_evaluated,not_evaluated
"Hey, you Washington Square hustlers aren't so scary after all!",1.178082191780822,0.0491265634505708,73,60,11,1,not_evaluated,not_evaluated
How many times do I have to tell you? I’m not your mate,1.178082191780822,0.0491265634505708,73,61,11,1,not_evaluated,not_evaluated
"I always knew that the King's Gambit was risky, but this is way over the top.",1.1777777777777778,0.0405264290941792,90,74,16,0,not_evaluated,not_evaluated
You cheated.,1.1777777777777778,0.0462792311453009,90,76,12,2,not_evaluated,not_evaluated
"Don't play chess with death they told me. You can't win they told me. Well, look who's immortal now!",1.1777777777777778,0.0434980384070691,90,75,14,1,not_evaluated,not_evaluated
Checkmate. Scythe doesn’t matter,1.1777777777777778,0.0462792311453009,90,76,12,2,not_evaluated,not_evaluated
"Relax, it’s a metaphorical death of the king.",1.1777777777777778,0.0462792311453009,90,76,12,2,not_evaluated,not_evaluated
See? It's just a matter of keeping the checks coming,1.1777777777777778,0.0462792311453009,90,76,12,2,not_evaluated,not_evaluated
You should eat more before a match.,1.1772151898734178,0.0432360791812641,79,65,14,0,not_evaluated,not_evaluated
"Look, how about two out of three?",1.1772151898734178,0.0501846433943169,79,67,10,2,not_evaluated,not_evaluated
"You didn’t see this coming, did you",1.1772151898734178,0.0501846433943169,79,67,10,2,not_evaluated,not_evaluated
How Netflix caused overpopulation,1.1772151898734178,0.0468393903439364,79,66,12,1,not_evaluated,not_evaluated
I didn’t lift my hand!,1.1772151898734178,0.0468393903439364,79,66,12,1,not_evaluated,not_evaluated
Maybe the next game is to the death?,1.1764705882352942,0.0448354307556679,85,71,13,1,not_evaluated,not_evaluated
You can’t take down the Queen’s Gambit… or the Queen.,1.1764705882352942,0.0415945165403851,85,70,15,0,not_evaluated,not_evaluated
"'What the Dickens?' you ask? Yes, the Dickens I said 'CHECKMATE!""",1.1764705882352942,0.0448354307556679,85,71,13,1,not_evaluated,not_evaluated
"Foolish mortal, you think I have never heard of the four move checkmate?",1.1764705882352942,0.0448354307556679,85,71,13,1,not_evaluated,not_evaluated
Play another ?,1.1764705882352942,0.0415945165403851,85,70,15,0,not_evaluated,not_evaluated
"Hah, you accepted my tax-evading gambit, checkmate!",1.1764705882352942,0.0465734405965753,68,56,12,0,not_evaluated,not_evaluated
It’ s only right for me to borrow it because you’re on borrowed time.,1.1764705882352942,0.0448354307556679,85,71,13,1,not_evaluated,not_evaluated
"Hey Nasdaq, I just shorted you!",1.1764705882352942,0.042745436441927,102,86,14,2,not_evaluated,not_evaluated
"Checkmate, Sucker! I saw your movie! ... You're not on that Swedish beach now!",1.1764705882352942,0.0448354307556679,85,71,13,1,not_evaluated,not_evaluated
"As it turns out, Death is a man of many hobbies.",1.1764705882352942,0.0552000769433473,68,58,8,2,not_evaluated,not_evaluated
Move of a lifetime... albeit a short one.,1.175824175824176,0.0484015726275719,91,78,10,3,not_evaluated,not_evaluated
Checkmate - you're done,1.1756756756756757,0.0445393058135202,74,61,13,0,not_evaluated,not_evaluated
Now that you have mad that move it is checkmate and the game is over,1.1756756756756757,0.0445393058135202,74,61,13,0,not_evaluated,not_evaluated
And “No Body” loses!,1.1756756756756757,0.0521940251009771,74,63,9,2,not_evaluated,not_evaluated
"Unfortunately for you, the game of chess is a matter of life or death to me!",1.1756756756756757,0.0485178627857396,74,62,11,1,not_evaluated,not_evaluated
Queen to Rook 5-now who's afraid?!,1.1756756756756757,0.0445393058135202,74,61,13,0,not_evaluated,not_evaluated
I don't play that way.,1.1756756756756757,0.0485178627857396,74,62,11,1,not_evaluated,not_evaluated
... and I live to play another day!,1.1756756756756757,0.0521940251009771,74,63,9,2,not_evaluated,not_evaluated
I knew you were just human,1.175257731958763,0.0463678823660262,97,83,11,3,not_evaluated,not_evaluated
"I predict you will die before you release the piece, therefore you lose.",1.175,0.0463032109229171,80,67,12,1,not_evaluated,not_evaluated
"Not your day, dude. But don't you have a note due in Moscow?",1.175,0.0427496391279461,80,66,14,0,not_evaluated,not_evaluated
Wow! You look great ?,1.175,0.0463032109229171,80,67,12,1,not_evaluated,not_evaluated
Ha! I'll always be three moves ahead.,1.175,0.0427496391279461,80,66,14,0,not_evaluated,not_evaluated
That's mate. See you later alligator.,1.175,0.0427496391279461,80,66,14,0,not_evaluated,not_evaluated
Wait! Just give me one more chance best of three hungry hungry hippos !,1.175,0.0496028531233303,80,68,10,2,not_evaluated,not_evaluated
Get this… some people are bored to death playing chess!,1.175,0.0463032109229171,80,67,12,1,not_evaluated,not_evaluated
"You forgot to say check! We have to do it over, you forgot to say check!",1.175,0.0463032109229171,80,67,12,1,not_evaluated,not_evaluated
The endgame is near.,1.175,0.0496028531233303,80,68,10,2,not_evaluated,not_evaluated
My job can't suck the life out of me any more because I quit. Ha!,1.1746031746031746,0.048212718510326,63,52,11,0,not_evaluated,not_evaluated
"You might foresee my death, but you didn't see that checkmate, eh?",1.1746031746031746,0.0532587926661243,63,53,9,1,not_evaluated,not_evaluated
Queen takes bishop.  Queen is double vaxxed and boosted so she cannot be taken by any of your unvaxxed pieces.  Check and mate!,1.1746031746031746,0.057866499516996,63,54,7,2,not_evaluated,not_evaluated
You took me out with that move. But now it,1.1744186046511629,0.0473421069773522,86,73,11,2,not_evaluated,not_evaluated
Dietary changes and a fitness regime may help your game.,1.1744186046511629,0.0443585085619157,86,72,13,1,not_evaluated,not_evaluated
You didn't have a ghost of a chance!,1.1744186046511629,0.0443585085619157,86,72,13,1,not_evaluated,not_evaluated
I checkmated you mate don't give me the finger.,1.1744186046511629,0.0473421069773522,86,73,11,2,not_evaluated,not_evaluated
"For the life of me, I can’t figure out how you win all the time.",1.1744186046511629,0.0411591966712185,86,71,15,0,not_evaluated,not_evaluated
"Really?  That's how it works?  ...Oh, I'ma be immortal!",1.1744186046511629,0.0473421069773522,86,73,11,2,not_evaluated,not_evaluated
Ha! I knew you'd jump on my sacrifice of a bishop,1.1744186046511629,0.0443585085619157,86,72,13,1,not_evaluated,not_evaluated
Better. Keep practicing the handshake.,1.1744186046511629,0.0443585085619157,86,72,13,1,not_evaluated,not_evaluated
Mate.  I get to play again!,1.1744186046511629,0.0443585085619157,86,72,13,1,not_evaluated,not_evaluated
Let’s bring in HR about our different interpretation of the word checkmate.,1.1744186046511629,0.0443585085619157,86,72,13,1,not_evaluated,not_evaluated
¡Phuc Me!???? You gotta be kiddin' Oldtimer!!!,1.173913043478261,0.0544542861813173,69,59,8,2,not_evaluated,not_evaluated
Ha ha! Said my bishop gets your rook! Not that your finger needs a look!,1.173913043478261,0.0544542861813173,69,59,8,2,not_evaluated,not_evaluated
Checkmate! Waddaya going to do now?,1.173913043478261,0.0503886080777318,69,58,10,1,not_evaluated,not_evaluated
"Checkmate, Matey Mate Mate I hope",1.173913043478261,0.0426339424213443,92,77,14,1,not_evaluated,not_evaluated
Carlsen: Double or quits is double or quits ! Now give me that robe Grim Reaper.,1.173913043478261,0.0426339424213443,92,77,14,1,not_evaluated,not_evaluated
We should play Clue next. I love a good murder mystery.,1.173913043478261,0.0503886080777318,69,58,10,1,not_evaluated,not_evaluated
Checkmate! You can't get out of that one.,1.173913043478261,0.0426339424213443,92,77,14,1,not_evaluated,not_evaluated
"Once you take your fingers off a piece, it's considered a move",1.1733333333333331,0.0479238635410032,75,63,11,1,not_evaluated,not_evaluated
"When you put it that way, I'd like to withdraw my move and request we play some Hide and Seek instead.",1.1733333333333331,0.0479238635410032,75,63,11,1,not_evaluated,not_evaluated
This is the chess game of life - checkmate!,1.1733333333333331,0.0440038218378396,75,62,13,0,not_evaluated,not_evaluated
Damn it Mr. McConell! I guess that’s another year on the planet!,1.1733333333333331,0.0515466493290985,75,64,9,2,not_evaluated,not_evaluated
"I'm sorry, this is a game of LIFE.  Try the guy over there who just upped his challenge settings on Wordle.",1.1733333333333331,0.0479238635410032,75,63,11,1,not_evaluated,not_evaluated
"You gotta work on endgames, buddy!",1.1733333333333331,0.0479238635410032,75,63,11,1,not_evaluated,not_evaluated
"Maté before mate, mate?",1.1728395061728396,0.0457790030067633,81,68,12,1,not_evaluated,not_evaluated
Checkmate loser. Now give me more orange hair.,1.1728395061728396,0.0457790030067633,81,68,12,1,not_evaluated,not_evaluated
You charlatan! You fool! You are death incarnate and yet you have never heard of the Immortal Game!? Have you never seen Blade Runner??,1.1728395061728396,0.0457790030067633,81,68,12,1,not_evaluated,not_evaluated
"Checkmate!  You can't have me, you old reaper!",1.1728395061728396,0.0457790030067633,81,68,12,1,not_evaluated,not_evaluated
Don't even think about it; I play a mean fiddle too.,1.1728395061728396,0.0422738115265775,81,67,14,0,not_evaluated,not_evaluated
You want to try another lifetime?,1.1728395061728396,0.0457790030067633,81,68,12,1,not_evaluated,not_evaluated
Not bad but I'm still the master of sudden death.,1.1724137931034482,0.0407327188426633,87,72,15,0,not_evaluated,not_evaluated
"Checkmate, ha! Now your moovve...Uh oh.",1.1720430107526882,0.0422144614552371,93,78,14,1,not_evaluated,not_evaluated
Let me get this straight... a deadly move is just a false alarm ?? No wonder I am always Employee of the Month.,1.1720430107526882,0.0393485281206186,93,76,16,0,not_evaluated,not_evaluated
"Now, Do I get my selfie?:",1.1720430107526882,0.0422144614552371,93,78,14,1,not_evaluated,not_evaluated
The deal was one game then you remove the piece of stuck bread from my toaster using my scythe.,1.171875,0.047531774564537,64,53,11,0,not_evaluated,not_evaluated
It's time to remake of that Bergman movie,1.171875,0.0570204619879343,64,55,7,2,not_evaluated,not_evaluated
"You win this one, but remember that we have another game to play in Samarra tonight.",1.171875,0.0524909643585037,64,54,9,1,not_evaluated,not_evaluated
". “Let’s go 2 out of 3, shall we, old chap?”",1.171875,0.0524909643585037,64,54,9,1,not_evaluated,not_evaluated
Checkmate!  Now give us back Betty White.”,1.1714285714285717,0.0497256596779289,70,59,10,1,not_evaluated,not_evaluated
Checkmate. HA! Now I don't have to give you my soul!,1.1714285714285717,0.0537282040026785,70,60,8,2,not_evaluated,not_evaluated
Remember Black Lives Matter,1.1714285714285717,0.0497256596779289,70,59,10,1,not_evaluated,not_evaluated
Swallowing that queen had led to the game but also the victory.,1.1714285714285717,0.0497256596779289,70,59,10,1,not_evaluated,not_evaluated
Yes way!  You forgot we're currently in the Seventh Seal franchise multiverse!,1.1714285714285717,0.0497256596779289,70,59,10,1,not_evaluated,not_evaluated
"Checkmate!!!"" / ""Sure! The winner takes it all",1.1714285714285717,0.0453713847645954,70,58,12,0,not_evaluated,not_evaluated
"I never loose. You will regret this.
-Grim Reaper, Chess Champ in Hell",1.1710526315789471,0.0414142864354837,76,65,10,1,not_evaluated,not_evaluated
Zugzwang Dabria!,1.1710526315789471,0.0434808201101534,76,63,13,0,not_evaluated,not_evaluated
"Chet had won, and officially gained permission to sleep with Death's wife. Little did he know, Death had no wife, but they did own a wig and a prosthesis that has been described, by some, as an inverted porcupine.",1.1710526315789471,0.0509149889857243,76,65,9,2,not_evaluated,not_evaluated
"Bad gamesmanship, Judge Kavanaugh, I trust that you won't sign that Mississippi opinion, or beer won't be all that'll be giving you a headache.",1.1710526315789471,0.0473440483105741,76,64,11,1,not_evaluated,not_evaluated
"On the board, yes.  But not in the game of life.",1.1710526315789471,0.0509149889857243,76,65,9,2,not_evaluated,not_evaluated
"Come on Kim,you may have passed the baby bar but that's not a legal move!",1.1710526315789471,0.0509149889857243,76,65,9,2,not_evaluated,not_evaluated
"Now who’s the reaper, boo-yah!",1.170731707317073,0.0484784385365808,82,70,10,2,not_evaluated,not_evaluated
"”Che, I mean let me check if that’s my move.",1.170731707317073,0.0452663769335774,82,69,12,1,not_evaluated,not_evaluated
Mate. Wanna go best 16 out of 31?,1.170731707317073,0.0452663769335774,82,69,12,1,not_evaluated,not_evaluated
"Now, about that soul...",1.170731707317073,0.0418082618442859,82,68,14,0,not_evaluated,not_evaluated
Ah hah- checkmate. Even without my glasses I still beat you!!,1.1704545454545454,0.0434340649874026,88,74,13,1,not_evaluated,not_evaluated
Shall we make the stakes on the rematch more....interesting?,1.1704545454545454,0.0434340649874026,88,74,13,1,not_evaluated,not_evaluated
You're dead now!,1.1704545454545454,0.0434340649874026,88,73,13,1,not_evaluated,not_evaluated
We're gonna have some great sex tonight!,1.1704545454545454,0.0434340649874026,88,74,13,1,not_evaluated,not_evaluated
"Check and mate! You didn’t really think you were going to win this one, did you?",1.1704545454545454,0.0403148233467071,88,73,15,0,not_evaluated,not_evaluated
"Darn, guess we got ourselves a dead position.",1.1704545454545454,0.0463438347699413,88,75,11,2,not_evaluated,not_evaluated
You're not getting out of my trap alive!,1.1702127659574468,0.0389706782884787,94,78,16,0,not_evaluated,not_evaluated
Roe vs Wade!,1.1702127659574468,0.0493339250808689,94,82,8,4,not_evaluated,not_evaluated
Ha! Checkmate. Just when you thought you had me dead in the water!,1.1702127659574468,0.0418030425408161,94,79,14,1,not_evaluated,not_evaluated
"Death, be not proud.  Checkmate!",1.1702127659574468,0.0444553142500922,94,80,12,2,not_evaluated,not_evaluated
You fool! I’ve been playing 4D chess the whole time!,1.1692307692307693,0.0468694523344382,65,54,11,0,not_evaluated,not_evaluated
"Ha! My king takes your king, and you get to go back to the slime from which you came!",1.1692307692307693,0.0517447078733604,65,55,9,1,not_evaluated,not_evaluated
"I guess when your death, you're sleeping too. Checkmate!",1.1690140845070425,0.0447929081990965,71,59,12,0,not_evaluated,not_evaluated
Ha! See? Some people can have a good year.,1.1690140845070425,0.0490797220026175,71,60,10,1,not_evaluated,not_evaluated
Haha! Chess Mate!!,1.1690140845070425,0.0490797220026175,71,60,10,1,not_evaluated,not_evaluated
It's dead mate,1.1690140845070425,0.0490797220026175,71,60,10,1,not_evaluated,not_evaluated
Checkmate!  Nobody outsmarts Elon Musk!,1.1690140845070425,0.0490797220026175,71,60,10,1,not_evaluated,not_evaluated
How do you like this purgatory gambit Mr. Reaper!,1.1690140845070425,0.0490797220026175,71,60,10,1,not_evaluated,not_evaluated
No need to go to that  finger at all! I won fair and square.,1.1690140845070425,0.0447929081990965,71,59,12,0,not_evaluated,not_evaluated
Best of 3 - we play Monopoly next.,1.1690140845070425,0.0530210674993983,71,61,8,2,not_evaluated,not_evaluated
That's just how my family is.,1.1690140845070425,0.0490797220026175,71,60,10,1,not_evaluated,not_evaluated
That's ten in a row. Maybe you should do something else now.,1.1690140845070425,0.0490797220026175,71,60,10,1,not_evaluated,not_evaluated
"Haha, checkmate!"" ""You think that's the end, with me?",1.1690140845070425,0.0490797220026175,71,60,10,1,not_evaluated,not_evaluated
Ugly hand expressions don't win even on earth when you can't play your chips!,1.1688311688311688,0.0467779231605511,77,65,11,1,not_evaluated,not_evaluated
"You are outta here, Fingers!",1.1688311688311688,0.0467779231605511,77,65,11,1,not_evaluated,not_evaluated
"Don't feel too bad, yesterday I also beat the head of the IRS.",1.1688311688311688,0.0429698800970655,77,64,13,0,not_evaluated,not_evaluated
You should've known that this stuff doesn't mean nothing no more since Y'all got whipped at it by that little calculator of yours...,1.1688311688311688,0.0502984850156807,77,66,9,2,not_evaluated,not_evaluated
I can’t possibly abort this!,1.1688311688311688,0.0535882551920744,77,67,7,3,not_evaluated,not_evaluated
You know I have never played before right?,1.1686746987951808,0.0509079395561651,83,72,8,3,not_evaluated,not_evaluated
"Sorry, that's not my King.",1.1686746987951808,0.0447649593913974,83,70,12,1,not_evaluated,not_evaluated
I've been played. You can just eat dirt,1.1686746987951808,0.0447649593913974,83,70,12,1,not_evaluated,not_evaluated
"Say, ‘it’s a man’s right to choose what a woman does with her body’ one more time.",1.1686746987951808,0.0447649593913974,83,70,12,1,not_evaluated,not_evaluated
I'm playing a different game.,1.1686746987951808,0.0447649593913974,83,70,12,1,not_evaluated,not_evaluated
is it sad to takea checkmate drowned grim reaper?,1.1686746987951808,0.0447649593913974,83,70,12,1,not_evaluated,not_evaluated
. Come on Kim you can't wear the same Balenciaga dress for eternity!,1.1686746987951808,0.0479349554040036,83,71,10,2,not_evaluated,not_evaluated
"So if I  win, I live another day? I see why you call this game the Arabian Knights.",1.1685393258426966,0.0399052601749081,89,74,15,0,not_evaluated,not_evaluated
Checkmate! Take a holiday GR!,1.1685393258426966,0.0458601681140994,89,76,11,2,not_evaluated,not_evaluated
"OK,now the readers think because I won the game I get some kind break from death; but we both know that ultimately you never play by the rules.",1.1685393258426966,0.0511261210075614,89,78,7,4,not_evaluated,not_evaluated
"Aaaand checkmate. I'll go get the papers to renew your car's extended warranty, and then you can drag me to Hell like we agreed.",1.1685393258426966,0.042985955898878,89,75,13,1,not_evaluated,not_evaluated
"Checkmate, ya Bergman caricature loser!",1.1666666666666667,0.0462250163521024,66,55,11,0,not_evaluated,not_evaluated
not today !!! I need to run-you did say best two out three ?,1.1666666666666667,0.042546882418053,90,76,13,1,not_evaluated,not_evaluated
Next time we play The Game of Life.,1.1666666666666667,0.0503383085237241,84,73,8,3,not_evaluated,not_evaluated
If only I could make the same wager with the IRS.,1.1666666666666667,0.0462250163521024,66,55,11,0,not_evaluated,not_evaluated
The Longest Inch,1.1666666666666667,0.0485185424782984,60,50,10,0,not_evaluated,not_evaluated
"Ah, HA!",1.1666666666666667,0.0442287410361896,72,60,12,0,not_evaluated,not_evaluated
i guess now I can still make my dinner date.,1.1666666666666667,0.0442743925959454,84,71,12,1,not_evaluated,not_evaluated
"Check mate!  I sentence you to a very long, unmarried life as a substitute teacher in a sleepy suburb.",1.1666666666666667,0.042546882418053,90,75,13,1,not_evaluated,not_evaluated
"Checkmate! Now what was that ""special prize"" you mentioned?",1.1666666666666667,0.0462250163521024,66,55,11,0,not_evaluated,not_evaluated
I told you you'd never beat a Britain at chess! My queen can't die!,1.1666666666666667,0.0484501583111509,72,61,10,1,not_evaluated,not_evaluated
"And they said, Never go up against a Sicilian Defense when death is on the line.",1.1666666666666667,0.0523321521352299,72,62,8,2,not_evaluated,not_evaluated
"Eat my shit, fucker!",1.1666666666666667,0.0553999374471945,66,57,7,2,not_evaluated,not_evaluated
"While you're picking your nose, I was setting up this mate!",1.1666666666666667,0.0424705992864687,78,65,13,0,not_evaluated,not_evaluated
Renewables vs. Dunkelflaute,1.1666666666666667,0.0496966042074553,78,67,9,2,not_evaluated,not_evaluated
No I didn't cheat! Everyone knows you can't cheat you.,1.1666666666666667,0.0462250163521024,78,66,11,1,not_evaluated,not_evaluated
"That’s check, Grim. Your chance of winning looks…er…um…grim.",1.1666666666666667,0.0462250163521024,78,66,11,1,not_evaluated,not_evaluated
Checkmate! Now you’re going to give me at least another 20 years. Right?,1.1666666666666667,0.0484501583111509,72,61,10,1,not_evaluated,not_evaluated
Give it up! There's no way you'll ever beat me.,1.1666666666666667,0.0409067244728179,84,70,14,0,not_evaluated,not_evaluated
And now you have to respect the deal: paying for my cryogenisation,1.1666666666666667,0.0442287410361896,72,60,12,0,not_evaluated,not_evaluated
"Come closer and listen up. I don't think you want to do that right now. You still want my support for this fall, don't you?",1.1666666666666667,0.0496966042074553,78,67,9,2,not_evaluated,not_evaluated
"Trick is, get them when they least expect you.",1.1666666666666667,0.0496966042074553,78,67,9,2,not_evaluated,not_evaluated
"After a series of inept wins, Brad's soaring confidence received a much-needed reality check when he called out for ANYONE in his Chess Meet-Up Group"" to try to beat him.",1.1666666666666667,0.0474034130879283,84,72,10,2,not_evaluated,not_evaluated
How often do you play chess here in Central Park?,1.1666666666666667,0.0442743925959454,84,71,12,1,not_evaluated,not_evaluated
Ha! Checkmate!! Now whatcha gonna do?!? Who’s your daddy?!?,1.1666666666666667,0.0484501583111509,72,61,10,1,not_evaluated,not_evaluated
And here I thought I needed all three Deathly Hallows in order to beat death.,1.1666666666666667,0.0503383085237241,84,73,8,3,not_evaluated,not_evaluated
I can't finish unless you look me in the eyes,1.1666666666666667,0.0484501583111509,72,61,10,1,not_evaluated,not_evaluated
"You may have cheated me this time, but you’re still going to lose your election.",1.1666666666666667,0.0559454238864459,72,63,6,3,not_evaluated,not_evaluated
Yeah I think climate change is a hoax,1.1666666666666667,0.0523321521352299,72,62,8,2,not_evaluated,not_evaluated
"Hah! Checkmate again! Sooo…do you just keep forgetting that the queen exISTS, or…?",1.1666666666666667,0.0462250163521024,66,55,11,0,not_evaluated,not_evaluated
"If you had castled sooner, you would’ve lived longer",1.1649484536082475,0.0406149369538584,97,82,14,1,not_evaluated,not_evaluated
It says it in the Bible to C7,1.1649484536082475,0.0431781164025053,97,83,12,2,not_evaluated,not_evaluated
"Look, my rook was there, now it's here, checkmate.  You can't cheat death, right?  Game over!",1.1647058823529413,0.0437943335152785,85,72,12,1,not_evaluated,not_evaluated
Check Mate! .......Possibly....,1.1647058823529413,0.0404701322363731,85,71,14,0,not_evaluated,not_evaluated
I call it Brett Versus The Grim Reaper Legendary Endgame Sacrifice.,1.1645569620253164,0.0456848771435583,79,67,11,1,not_evaluated,not_evaluated
Checkmate; go back to the to the film!,1.1645569620253164,0.0419825922829797,79,66,13,0,not_evaluated,not_evaluated
"Sorry mate, I have a zoom call to attend",1.1645569620253164,0.049108837742764,79,68,9,2,not_evaluated,not_evaluated
Mr.Grim Reaper you can want me all you want but here it is checkmate!,1.1645569620253164,0.0456848771435583,79,67,11,1,not_evaluated,not_evaluated
"‘Try winning, been playing since I was alive’",1.1645569620253164,0.049108837742764,79,67,9,2,not_evaluated,not_evaluated
I can’t help but notice my Bishop is making you squirm.,1.1645569620253164,0.0419825922829797,79,66,13,0,not_evaluated,not_evaluated
I feel I’ve seen this before in a Swedish film.,1.1645569620253164,0.0553246584633954,79,70,5,4,not_evaluated,not_evaluated
Sometimes life doesn’t imitate art!,1.1645569620253164,0.0419825922829797,79,66,13,0,not_evaluated,not_evaluated
There is no remorse like the remorse of chess; especially when you're cheating death.,1.1645569620253164,0.0456848771435583,79,67,11,1,not_evaluated,not_evaluated
"Don’t be embarrassed, you’ll die better next time.",1.1645569620253164,0.0523091568395843,79,69,7,3,not_evaluated,not_evaluated
My endgame's a lifesaver again!,1.1645569620253164,0.049108837742764,79,68,9,2,not_evaluated,not_evaluated
HA! Go FISH!,1.1645569620253164,0.0456848771435583,79,67,11,1,not_evaluated,not_evaluated
"Now, you know we talked about being a a sore loser.  Same Bat time, same Bat place next week!",1.1643835616438356,0.0478363626478469,73,62,10,1,not_evaluated,not_evaluated
That's not the sacrifice I had in mind.,1.1643835616438356,0.0436783709354086,73,61,12,0,not_evaluated,not_evaluated
"Best of 5, okay?",1.1643835616438356,0.0436783709354086,73,61,12,0,not_evaluated,not_evaluated
"I put in my 10,000 hours and more. Did you?",1.1643835616438356,0.0552209434814969,73,64,6,3,not_evaluated,not_evaluated
"Ha!  I did it!  I beat you again!  Oh, come on.  Really?  
Stop that.   So this is where we are now?  The Big D demonstrates his exemplary sportsmanship!  You know, you really 
should have moisturized...",1.1643835616438356,0.0478363626478469,73,62,10,1,not_evaluated,not_evaluated
"Checkmate asshole, what are you gonna do now!?!",1.1643835616438356,0.0436783709354086,73,61,12,0,not_evaluated,not_evaluated
This is so going on TikTok!,1.1643835616438356,0.0436783709354086,73,61,12,0,not_evaluated,not_evaluated
Eye for and eye MATE .,1.1643835616438356,0.0478363626478469,73,62,10,1,not_evaluated,not_evaluated
That’s why you don’t blunder the queen,1.1643835616438356,0.0478363626478469,73,62,10,1,not_evaluated,not_evaluated
..send more weapon!!!,1.1643835616438356,0.0478363626478469,73,61,10,1,not_evaluated,not_evaluated
"And they said you’re never supposed to talk about death, chess, or money",1.1643835616438356,0.0478363626478469,73,62,10,1,not_evaluated,not_evaluated
"No, no— reboots are killin' it. Trust me. We'll get one of the Chris-es to do it. Gold mine! Doesn't matter which. They'll love it.",1.164179104477612,0.0546234796151849,67,58,7,2,not_evaluated,not_evaluated
If only you played as unpredictably. Guess that's one benign tumor for me!,1.164179104477612,0.0455977681090133,67,56,11,0,not_evaluated,not_evaluated
"Death, you were so close to winning. But… checkmate! Life wins.",1.164179104477612,0.0503134225718837,67,57,9,1,not_evaluated,not_evaluated
Draw?,1.163265306122449,0.0451611359849898,98,85,10,3,not_evaluated,not_evaluated
Come see my gambit .,1.162790697674419,0.0400426076639686,86,72,14,0,not_evaluated,not_evaluated
"Rather than ""come this way"", let's call it a tie.",1.162790697674419,0.0433244531384763,86,73,12,1,not_evaluated,not_evaluated
Harold’s last chess game was successfully playing The Bongcloud Opening against death.,1.162790697674419,0.0433244531384763,86,73,12,1,not_evaluated,not_evaluated
Ryuk to King's 6 and checkmate!,1.1625,0.0485346998405016,80,69,9,2,not_evaluated,not_evaluated
"Hah!  Didn't see that comong, did you?
That, my friend, is the Bergman Knight Finish!",1.1625,0.0516920959606991,80,70,7,3,not_evaluated,not_evaluated
How about best of 7?,1.1625,0.0485346998405016,80,69,9,2,not_evaluated,not_evaluated
Ah ha! Now you know what it’s like to be totally boxed in.”,1.1625,0.0485346998405016,80,69,9,2,not_evaluated,not_evaluated
MMM- Let's see how your end game holds up!,1.1625,0.0485346998405016,80,69,9,2,not_evaluated,not_evaluated
Maybe you'd be happier playing checkers.,1.1625,0.045157074666159,80,68,11,1,not_evaluated,not_evaluated
"Checkmate, you stupid, bony bitch!",1.1625,0.0485346998405016,80,69,9,2,not_evaluated,not_evaluated
Sweetgreen after this?,1.1625,0.0415054899525656,80,67,13,0,not_evaluated,not_evaluated
so they said you cant' cheat death?!,1.162162162162162,0.0510062646406354,74,64,8,2,not_evaluated,not_evaluated
Checkmate!  I keep my soul and you recover my lost bitcoin password.,1.162162162162162,0.0431413089590404,74,62,12,0,not_evaluated,not_evaluated
Let me just get those bishops out of your way.,1.162162162162162,0.0510062646406354,74,64,8,2,not_evaluated,not_evaluated
"What if I move my bishop right here, huh? Does that make you mad? Does that make me a bad boy? Come on, Death! Spank me like it’s my time to go!",1.162162162162162,0.0472377580505781,74,63,10,1,not_evaluated,not_evaluated
Had he become a little too confident in the ability of his algorithm?,1.162162162162162,0.0431413089590404,74,62,12,0,not_evaluated,not_evaluated
I call this move the grim gambit,1.162162162162162,0.0510062646406354,74,64,8,2,not_evaluated,not_evaluated
You can’t move there,1.162162162162162,0.0431413089590404,74,62,12,0,not_evaluated,not_evaluated
"Checkmate! This ""every win is another year of life"" deal is working out pretty well for me.",1.162162162162162,0.0472377580505781,74,63,10,1,not_evaluated,not_evaluated
"Check Mate.""
""That's what you think.",1.161764705882353,0.0449870438750331,68,57,11,0,not_evaluated,not_evaluated
Checkmate! Like to see how you get out of this . . .,1.161764705882353,0.0538683324613161,68,59,7,2,not_evaluated,not_evaluated
Weep Reaper.Weep.,1.161764705882353,0.0496267637408336,68,58,9,1,not_evaluated,not_evaluated
"Well Death, that's the second time I've beat you this year.",1.161764705882353,0.0496267637408336,68,58,9,1,not_evaluated,not_evaluated
That was so easy.  What game are you playing?,1.161764705882353,0.0449870438750331,68,57,11,0,not_evaluated,not_evaluated
I can this forever!,1.161764705882353,0.0496267637408336,68,58,9,1,not_evaluated,not_evaluated
"Im just here for a good time!""",1.161764705882353,0.0449870438750331,68,57,11,0,not_evaluated,not_evaluated
"Your move, Death.",1.1612903225806452,0.0383456468849713,93,78,15,0,not_evaluated,not_evaluated
"Now Mr Smarty Pants,the scythe is on the other sandal",1.160919540229885,0.0458766614040881,87,75,10,2,not_evaluated,not_evaluated
"Looks like you'll be staying in my guest room until this tine next year. The neighbors will be thrilled,",1.160493827160494,0.0479737264882109,81,70,9,2,not_evaluated,not_evaluated
I TOLD you that I would kill you in chess! Checkmate!,1.160493827160494,0.0410389386138139,81,68,13,0,not_evaluated,not_evaluated
Kings to me!! Some would say I killed it you know.,1.160493827160494,0.0446411968685544,81,69,11,1,not_evaluated,not_evaluated
And then we swept the confetti into recycling bins….,1.160493827160494,0.0410389386138139,81,68,13,0,not_evaluated,not_evaluated
C’mon! You must know better than anyone else that kings aren’t immortal”,1.160493827160494,0.0446411968685544,81,69,11,1,not_evaluated,not_evaluated
"You're right, mortal, game's over",1.16,0.0466537948786224,75,64,10,1,not_evaluated,not_evaluated
Go ahead and take your king back with you,1.16,0.0538265482573172,75,66,6,3,not_evaluated,not_evaluated
"Ha, checkmate! Now you have to let me into the afterworld! Hopefully it's in a better state than this one...",1.16,0.0538265482573172,75,66,6,3,not_evaluated,not_evaluated
Checkmate! Now what do you want to do?,1.16,0.0503680150188285,75,65,8,2,not_evaluated,not_evaluated
"Checkmate!!  So, now that I won--let me tell ya just what I want you to do for me..",1.16,0.0426170883122746,75,63,12,0,not_evaluated,not_evaluated
I’ll take that as a complement “,1.16,0.0426170883122746,75,63,12,0,not_evaluated,not_evaluated
"Checkmate! Sudden death didn't work out for you this time, G.R.",1.16,0.0426170883122746,75,63,12,0,not_evaluated,not_evaluated
This one's for grandpa!,1.16,0.0426170883122746,75,63,12,0,not_evaluated,not_evaluated
Checkmate and sorry I can't stay. You can send me the money. I have a train to catch.,1.16,0.0426170883122746,75,63,12,0,not_evaluated,not_evaluated
"YOu may have my number, but I'm on your Antonius Block",1.16,0.0503680150188285,75,65,8,2,not_evaluated,not_evaluated
…check…mate! Who knew cheating death and cheating in chess go hand in hand,1.16,0.0466537948786224,75,64,10,1,not_evaluated,not_evaluated
”Not quite yet my good man. Not quite yet.,1.1594202898550725,0.0443922126579712,69,58,11,0,not_evaluated,not_evaluated
Check mate! A deal is a deal Mr. Reaper. Time to shake that money maker.,1.1594202898550725,0.0443922126579712,69,58,11,0,not_evaluated,not_evaluated
"Check me, New Yorker yuppie, and that'll be your only rook-ie mistake",1.1594202898550725,0.0489584109645736,69,59,9,1,not_evaluated,not_evaluated
"Checkmate! Hahaha!""
""Perhaps you would like to rethink that...",1.1594202898550725,0.0570038676160413,69,61,5,3,not_evaluated,not_evaluated
That's what Bobby Fischer said.,1.1594202898550725,0.0443922126579712,69,58,11,0,not_evaluated,not_evaluated
"Checkmate, you mother fucker!",1.1594202898550725,0.0489584109645736,69,59,9,1,not_evaluated,not_evaluated
You dare challenge an Ingmar Bergman connoisseur?,1.1594202898550725,0.0489584109645736,69,59,9,1,not_evaluated,not_evaluated
aha that's the end now look at you,1.1594202898550725,0.0443922126579712,69,58,11,0,not_evaluated,not_evaluated
Don’t make me tell you again: I always use the black pieces.,1.1594202898550725,0.0443922126579712,69,58,11,0,not_evaluated,not_evaluated
How do you like them bones!,1.1590909090909092,0.0424139784568489,88,75,12,1,not_evaluated,not_evaluated
You should have sacrificed a pawn!,1.1590909090909092,0.0424139784568489,88,75,12,1,not_evaluated,not_evaluated
"After cheating on his taxes for years, Bru created a diversion to escape Death by saying ""KING ME"" while playing chess.",1.1587301587301588,0.0464089284095582,63,53,10,0,not_evaluated,not_evaluated
"Take the knight,leave the Queen for me.",1.1585365853658536,0.0441368495254805,82,70,11,1,not_evaluated,not_evaluated
Think Queen's Gambit meets The Big Lebowski meets Top Gun Maverick!,1.1585365853658536,0.0405825992733657,82,69,13,0,not_evaluated,not_evaluated
"Sometimes, even drugs beat death.",1.1585365853658536,0.0441368495254805,82,70,11,1,not_evaluated,not_evaluated
"This is grim, but I shall be the Reaper.",1.1585365853658536,0.0405825992733657,82,69,13,0,not_evaluated,not_evaluated
I'm gonna role the dice on this whole vaccination thing,1.1585365853658536,0.0474254742547425,82,71,9,2,not_evaluated,not_evaluated
"Just who do
You think you are?",1.1578947368421053,0.0460839492511006,76,65,10,1,not_evaluated,not_evaluated
I've been dying to beat you!,1.1578947368421053,0.0460839492511006,76,65,10,1,not_evaluated,not_evaluated
"1) That's checkmate! AND I believe in reincarnation!

2)OK! So you're better than me at chess...BUT I'm sleeping with your former earthly wife, I'd say we're even!",1.1578947368421053,0.0421052631578947,76,64,12,0,not_evaluated,not_evaluated
"this time I won so I'll take you to earth with me ...""
""no please let me go back to hell nooooooooo",1.1578947368421053,0.0460839492511006,76,65,10,1,not_evaluated,not_evaluated
Do I still get nasal hair?,1.1573033707865168,0.0419727902171692,89,76,12,1,not_evaluated,not_evaluated
"Ha ha, I bet you AGAIN, Death!",1.1571428571428573,0.0524185823803322,70,61,7,2,not_evaluated,not_evaluated
I’ll have the last laugh,1.1566265060240963,0.0436436553063486,83,71,11,1,not_evaluated,not_evaluated
Oh yeah??,1.1566265060240963,0.0436436553063486,83,71,11,1,not_evaluated,not_evaluated
CHECKMATE BLM .. 990 form disclosures is a white man's game ♟️♟️,1.1566265060240963,0.0436436553063486,83,71,11,1,not_evaluated,not_evaluated
"Look mate,you should have checked that costume at the door",1.15625,0.0508789315395201,64,55,8,1,not_evaluated,not_evaluated
Check- but let's put a hold on the Mate.,1.15625,0.0555400524003616,64,56,6,2,not_evaluated,not_evaluated
You know what they say about cheating!,1.15625,0.0400879652282371,96,82,13,1,not_evaluated,not_evaluated
"You're about to beat yourself to death.""

Joel Bartow, Parkland, F",1.155844155844156,0.0455277215879749,77,66,10,1,not_evaluated,not_evaluated
"If it's speed chess, where's the time clock?",1.155844155844156,0.0455277215879749,77,66,10,1,not_evaluated,not_evaluated
"The last person to cheat me this much was Betty White, and look what happened to her” -Grim Reape",1.155844155844156,0.0455277215879749,77,66,10,1,not_evaluated,not_evaluated
You're not using your gray matter.,1.155844155844156,0.0455277215879749,77,66,10,1,not_evaluated,not_evaluated
"See, Roy?  Sudden death's not for losers!",1.155844155844156,0.0455277215879749,77,65,10,1,not_evaluated,not_evaluated
"Gotcha! Alright a deal's a deal, go ask RBG if it was worth it and report back. Daddy's gonna trend on twitter.",1.155844155844156,0.0455277215879749,77,66,10,1,not_evaluated,not_evaluated
Fine you win! I will see you tomorrow,1.1555555555555554,0.0415405916163694,90,77,12,1,not_evaluated,not_evaluated
"Check and Mate, you Harry Potter wannabe",1.1549295774647887,0.0476738049630548,71,61,9,1,not_evaluated,not_evaluated
OK for now - let's make it best out 10 of 19,1.1549295774647887,0.0432478576664078,71,60,11,0,not_evaluated,not_evaluated
"Checkmate, sucka! Who's laughing now?",1.1549295774647887,0.0517223952130692,71,62,7,2,not_evaluated,not_evaluated
"Appropriate, don't you think!  (In Bergman's Seventh Seal, Death quips this when he chooses black, in this highly metaphysical movie, but here the White Knight wins and extends his life, hence his rejoinder (caption) having beaten Death)",1.1549295774647887,0.0432478576664078,71,60,11,0,not_evaluated,not_evaluated
"Checkmate?  You ain’t seen nuthin’ yet, pal.",1.1549295774647887,0.0476738049630548,71,61,9,1,not_evaluated,not_evaluated
that's why they called me Sisyphus,1.1549295774647887,0.0476738049630548,71,61,9,1,not_evaluated,not_evaluated
"Wow! First, I dodged paying tax this year and now this?? Back to my megayacht to celebrate!!",1.1549295774647887,0.0476738049630548,71,61,9,1,not_evaluated,not_evaluated
Roe V Wade versus the GOP,1.1549295774647887,0.0432478576664078,71,60,11,0,not_evaluated,not_evaluated
AHA a deal’s a deal—YOU have to experience how hard life is here,1.1549295774647887,0.0517223952130692,71,62,7,2,not_evaluated,not_evaluated
"Checkmate."" 
""No, soulmate. I will suck your soul out if you win.",1.1547619047619049,0.0463654557243119,84,73,9,2,not_evaluated,not_evaluated
Ha! keep boasting; it will make the ending straightforward.,1.1547619047619049,0.0396992697569287,84,71,13,0,not_evaluated,not_evaluated
"Death,thou shalt die!",1.1547619047619049,0.0431612528997741,84,72,11,1,not_evaluated,not_evaluated
"Fine move, I’ll see you tonight at the final in Samarra",1.1547619047619049,0.0396992697569287,84,71,13,0,not_evaluated,not_evaluated
„Poets World Chess Championship: SEMI-FINALS”,1.1547619047619049,0.0396992697569287,84,71,13,0,not_evaluated,not_evaluated
Three good deeds you swore to deliver!!,1.1538461538461535,0.0380317871133111,91,77,14,0,not_evaluated,not_evaluated
Don't you remember what happened in The Seventh Seal?,1.1538461538461535,0.0485450073770014,78,68,8,2,not_evaluated,not_evaluated
"'You thought you had me at ""Death"" didn't you?",1.1538461538461535,0.0501477108092511,65,56,8,1,not_evaluated,not_evaluated
Your game hasn't improved in decades--being spooky just doesn't cut it!,1.1538461538461535,0.041117114140373,78,66,12,0,not_evaluated,not_evaluated
"Checkmate!  You never stood a chance, I was dead inside the whole time!",1.1538461538461535,0.0449846352461904,78,67,10,1,not_evaluated,not_evaluated
Checkmate! Now take off the cloak you big weirdo.,1.1538461538461535,0.0547317287336835,65,57,6,2,not_evaluated,not_evaluated
"Checkmate, now take me with you”",1.1538461538461535,0.0451001515367637,65,55,10,0,not_evaluated,not_evaluated
"Checkmate.. and I want my room back, and I wanna be called Bob.",1.152941176470588,0.045852895808718,85,74,9,2,not_evaluated,not_evaluated
"Take that, Justice Alito!",1.1527777777777777,0.0470562303987024,72,62,9,1,not_evaluated,not_evaluated
Best deal with the devil I ever made.,1.1527777777777777,0.0426972190266123,72,61,11,0,not_evaluated,not_evaluated
"Check out who you're checking, mate.",1.1521739130434785,0.0407020996930237,92,79,12,1,not_evaluated,not_evaluated
I'll trade for no taxes.,1.1518987341772151,0.0479661232117135,79,69,8,2,not_evaluated,not_evaluated
"But Mr. Putin, I bet you didn't think NATO would make THIS move!",1.1518987341772151,0.0479661232117135,79,69,8,2,not_evaluated,not_evaluated
Czechmate Putin!,1.1518987341772151,0.0479661232117135,79,69,8,2,not_evaluated,not_evaluated
"No, no, no—I'm the one who says checkmate.",1.1515151515151516,0.0494370369848235,66,57,8,1,not_evaluated,not_evaluated
"I don't have to worry about cheating death, Death.",1.1515151515151516,0.044472690042748,66,56,10,0,not_evaluated,not_evaluated
Bishop takes Sythe 2,1.1515151515151516,0.044472690042748,66,56,10,0,not_evaluated,not_evaluated
"Jeepers peepers, gambit reaper!",1.1515151515151516,0.044472690042748,66,56,10,0,not_evaluated,not_evaluated
"You snooze, you lose!",1.1515151515151516,0.0494370369848235,66,57,8,1,not_evaluated,not_evaluated
You won’t be smiling when I’m done with you.,1.1515151515151516,0.0494370369848235,66,57,8,1,not_evaluated,not_evaluated
Checkmat...AND sudden death.,1.1511627906976745,0.0388530567207153,86,73,13,0,not_evaluated,not_evaluated
Take your sudden death rules and  check.,1.1511627906976745,0.0388530567207153,86,73,13,0,not_evaluated,not_evaluated
"C'mon one more, you can take my brother too!",1.1511627906976745,0.0422274534842042,86,74,11,1,not_evaluated,not_evaluated
You lose big guy....and I'll bet that's a first...,1.1506849315068493,0.0464543149529128,73,63,9,1,not_evaluated,not_evaluated
The ultimate checkmate!,1.1506849315068493,0.0464543149529128,73,63,9,1,not_evaluated,not_evaluated
Ha Ha! I win. Nothing you can do about it.,1.1506849315068493,0.0464543149529128,73,63,9,1,not_evaluated,not_evaluated
MY investments just saved YOUR job!,1.1506849315068493,0.0464543149529128,73,63,9,1,not_evaluated,not_evaluated
See! Side by side It looks just like a bishop piece!,1.1506849315068493,0.0503837362801687,73,64,7,2,not_evaluated,not_evaluated
Bet you're sorry you took that poisoned pawn.,1.15,0.0439360870678698,80,69,10,1,not_evaluated,not_evaluated
"Stalemate, Oh, stale mate!!!",1.15,0.0439360870678698,80,69,10,1,not_evaluated,not_evaluated
So. That was fun. And you thought I said ‘fun-eral’. My bad!,1.15,0.0401736736014135,80,68,12,0,not_evaluated,not_evaluated
Double or eternal nothingness?,1.15,0.0401736736014135,80,68,12,0,not_evaluated,not_evaluated
And you thought I couldn't play speed chess!,1.15,0.0464867394979745,60,51,9,0,not_evaluated,not_evaluated
I can has cheezburger!,1.15,0.0439360870678698,80,69,10,1,not_evaluated,not_evaluated
You are cheating! My move!,1.15,0.0439360870678698,80,69,10,1,not_evaluated,not_evaluated
"Checkmate, now I get YOUR soul. ""You won't like it. I already claimed your 2 ex's"".   Arrrrg!",1.15,0.0401736736014135,80,68,12,0,not_evaluated,not_evaluated
Checkmate! Now take off the hood.,1.15,0.0439360870678698,80,69,10,1,not_evaluated,not_evaluated
That’s mate! You remember the agreement. Here’s the address.,1.15,0.0439360870678698,80,69,10,1,not_evaluated,not_evaluated
"Checkmate!  Best 2 out of 3, so now I get to pick the next round - distance peeing!",1.1494252873563218,0.0448608160649388,87,76,9,2,not_evaluated,not_evaluated
Post mortem time?,1.1494252873563218,0.0417754067801899,87,75,11,1,not_evaluated,not_evaluated
"You're future's looking grim, reaper. Deathmate!",1.1492537313432836,0.0438622248988999,67,57,10,0,not_evaluated,not_evaluated
"Checkmate in 2 moves, I believe, and there’s nothing you can do about it.",1.148936170212766,0.0398964766762762,94,81,12,1,not_evaluated,not_evaluated
Like I told you--you will keep on losing until you stop sacrificing your bishops.,1.148936170212766,0.036918129039477,94,80,14,0,not_evaluated,not_evaluated
"C’mon, let’s at least play 2 out of 3.",1.148648648648649,0.0497399101019883,74,65,7,2,not_evaluated,not_evaluated
"My dear, I decidedly dare to declare a deft death defying deed.",1.148648648648649,0.0458674766038889,74,64,9,1,not_evaluated,not_evaluated
"Listen, if you make this final move, win,  and kill me. Think of the overwhelming crushing guilt you'll feel.",1.148648648648649,0.0497399101019883,74,65,7,2,not_evaluated,not_evaluated
"Your king is dead, long live my king!",1.148648648648649,0.0458674766038889,74,64,9,1,not_evaluated,not_evaluated
I can see how you got here,1.148648648648649,0.0416364283177931,74,63,11,0,not_evaluated,not_evaluated
"What? Where?” “There, diagonally!",1.148648648648649,0.0458674766038889,74,64,9,1,not_evaluated,not_evaluated
Smart boy… now give daddy a kiss,1.148148148148148,0.0434297755539206,81,70,10,1,not_evaluated,not_evaluated
"Uh, check! I’ll be right back. I gotta go call my…uh…wife.”",1.1477272727272727,0.0443805993487705,88,77,9,2,not_evaluated,not_evaluated
Don't too excited... there's four knights not four horsemen.,1.1470588235294117,0.0524413041271576,68,60,6,2,not_evaluated,not_evaluated
"I WON. Please, please DIN’T EAT ME!",1.1470588235294117,0.043268085848675,68,58,10,0,not_evaluated,not_evaluated
"This is your last move, my friend!",1.1470588235294117,0.043268085848675,68,58,10,0,not_evaluated,not_evaluated
"Instead of you taking lives,I will!",1.1470588235294117,0.0480739931333218,68,59,8,1,not_evaluated,not_evaluated
your still coming with me,1.1470588235294117,0.043268085848675,68,58,10,0,not_evaluated,not_evaluated
"Ha, when you start with 4 queens I guess you can cheat death!",1.1470588235294117,0.043268085848675,68,58,10,0,not_evaluated,not_evaluated
"Now that I've got you in checkmate, there's nothing you can do!",1.1466666666666667,0.0452951614596046,75,65,9,1,not_evaluated,not_evaluated
And I did it without cheating!,1.1466666666666667,0.0411253120509898,75,64,11,0,not_evaluated,not_evaluated
Into Swedish cinema are we?,1.1466666666666667,0.0491122389228185,75,66,7,2,not_evaluated,not_evaluated
It's a Queen's Gambit; try to top that?,1.1466666666666667,0.0452951614596046,75,65,9,1,not_evaluated,not_evaluated
Check mate -- and you're dead!,1.1466666666666667,0.0452951614596046,75,65,9,1,not_evaluated,not_evaluated
Check!  See you again the next time the Mets win the Series!,1.1466666666666667,0.0411253120509898,75,64,11,0,not_evaluated,not_evaluated
"Well well Mr. Death, it's my day, I'll live a lot Longer, go away!!",1.1466666666666667,0.0411253120509898,75,64,11,0,not_evaluated,not_evaluated
So now you won’t come for my Monstera?,1.1466666666666667,0.0411253120509898,75,64,11,0,not_evaluated,not_evaluated
"Come here so that I can give you a little snip, if the government is controlling women’s bodies I need to even the playing field",1.1466666666666667,0.0452951614596046,75,65,9,1,not_evaluated,not_evaluated
Billy exclaimed joyously about his win and offered Mandy in return for the queen!,1.1466666666666667,0.0452951614596046,75,65,9,1,not_evaluated,not_evaluated
"Next time, stick to Twister.",1.146341463414634,0.0392720237024104,82,70,12,0,not_evaluated,not_evaluated
Want to give the fiddle another try?,1.146341463414634,0.0429349038421541,82,71,10,1,not_evaluated,not_evaluated
Think buddy... think REAL hard.,1.146341463414634,0.0463089633892549,82,72,8,2,not_evaluated,not_evaluated
"Aha! See, right there! I cheated and you didn’t catch it!",1.146341463414634,0.0429349038421541,82,71,10,1,not_evaluated,not_evaluated
"Checkmate!  Now I get to meet Morgan Freeman, Alanis Morissette, and Eric Clapton!",1.146341463414634,0.0429349038421541,82,71,10,1,not_evaluated,not_evaluated
Whaddya say after this we try parcheesi?,1.146341463414634,0.0463089633892549,82,72,8,2,not_evaluated,not_evaluated
"Eat your heart out, Max von Sydow!",1.146067415730337,0.043910490827793,89,78,9,2,not_evaluated,not_evaluated
Beat you at your own game with en passant!,1.1451612903225807,0.0506268176570016,62,54,7,1,not_evaluated,not_evaluated
Checkmate! I get the Cloak of Invisibility!,1.1451612903225807,0.0506268176570016,62,54,7,1,not_evaluated,not_evaluated
"Sorry dude, this is Seventh Seal re-mix 2022!",1.144927536231884,0.0474200647405741,69,60,8,1,not_evaluated,not_evaluated
"I don't know how to tell you this, but you moved my piece again.",1.144927536231884,0.0474200647405741,69,60,8,1,not_evaluated,not_evaluated
"Reap that one, Mr. Grim!",1.144927536231884,0.0474200647405741,69,60,8,1,not_evaluated,not_evaluated
"Legend of frontal lobe, checkmate!",1.144927536231884,0.0426896366873121,69,59,10,0,not_evaluated,not_evaluated
Seems like you are not taking this queen either,1.144927536231884,0.0426896366873121,69,59,10,0,not_evaluated,not_evaluated
Checkmate! What ya gonna do about that!!,1.144736842105263,0.0447368421052631,76,66,9,1,not_evaluated,not_evaluated
he loved to play chess to death,1.144736842105263,0.0485001261290494,76,67,7,2,not_evaluated,not_evaluated
"I play to win, not to not die.",1.144736842105263,0.0447368421052631,76,66,9,1,not_evaluated,not_evaluated
"I like to give them hope,” they surmised",1.144736842105263,0.0485001261290494,76,67,7,2,not_evaluated,not_evaluated
"Checkmate! Thought you had me, huh?",1.144578313253012,0.0388360256108036,83,71,12,0,not_evaluated,not_evaluated
"The winner lose first, you have won…loser",1.144578313253012,0.0424510923948176,83,72,10,1,not_evaluated,not_evaluated
Time for your holiday: checkmate!,1.1444444444444444,0.0434501769895963,90,79,9,2,not_evaluated,not_evaluated
"My firm is a financial contributor to both sides, so I really can’t lose.",1.1444444444444444,0.0404750539257196,90,78,11,1,not_evaluated,not_evaluated
Call it the Moderna move or Pfizer finish!,1.1443298969072164,0.035867054544928,97,83,14,0,not_evaluated,not_evaluated
William was delighted to discover that you can indeed cheat death.,1.1428571428571428,0.0421262731871135,70,60,10,0,not_evaluated,not_evaluated
Checkmate! I could see right through your defense.,1.1428571428571428,0.0421262731871135,70,60,10,0,not_evaluated,not_evaluated
"Let's see,Mate,if in the game of chess there are consequences to every move.",1.1428571428571428,0.0479030039081015,77,68,7,2,not_evaluated,not_evaluated
Checkmate!  You owe me your soul!,1.1428571428571428,0.0467835608690013,70,61,8,1,not_evaluated,not_evaluated
Ha! I guess you didn't know I go to the Beekman Theatre.,1.1428571428571428,0.0421262731871135,70,60,10,0,not_evaluated,not_evaluated
Woody Allen beat you at Gin and I beat you at Chess!,1.1428571428571428,0.0421262731871135,70,60,10,0,not_evaluated,not_evaluated
"Checkmate? How did I miss that? Okay, I'm afraid it's time for you to come with me.",1.1428571428571428,0.0479030039081015,77,68,7,2,not_evaluated,not_evaluated
"You can beat death in chess, sometimes.",1.1428571428571428,0.0467835608690013,70,61,8,1,not_evaluated,not_evaluated
Guess what? You’re the one who’s dead!,1.1428571428571428,0.0401393919249297,77,66,11,0,not_evaluated,not_evaluated
Checkmate!  Suck it Death.,1.1428571428571428,0.0384094898527046,84,72,12,0,not_evaluated,not_evaluated
"Hey Mate, i'm checking out, not you""",1.1428571428571428,0.0513464826748417,77,69,5,3,not_evaluated,not_evaluated
"In the game of chess, you either win or you die",1.1428571428571428,0.0400592618739701,91,79,11,1,not_evaluated,not_evaluated
Ha! And you didn’t see THAT one coming did ya?! Two can play this game!,1.1428571428571428,0.0419779780764853,84,73,10,1,not_evaluated,not_evaluated
"You may have beaten me this time, but you’re still going to die alone Carl.",1.1428571428571428,0.0471841613625583,56,48,8,0,not_evaluated,not_evaluated
Can I sell my soul for an extra pawn?,1.1428571428571428,0.0441920160635532,77,67,9,1,not_evaluated,not_evaluated
"That's three games in a row. I'm telling you, Frank, you should stick with Russian roulette.",1.1411764705882352,0.04151521329086,85,74,10,1,not_evaluated,not_evaluated
"Hey, you can't skip away the death's move.",1.1411764705882352,0.0447618697040631,85,75,8,2,not_evaluated,not_evaluated
Ha! You can try to understand The New York Times' effect on man!,1.141025641025641,0.0396637506001972,78,67,11,0,not_evaluated,not_evaluated
"Queen to F7. This will be your death, Death.",1.141025641025641,0.0396637506001972,78,67,11,0,not_evaluated,not_evaluated
"Checkmate! I win, you lose. Now, scram!",1.141025641025641,0.0473203315465489,78,69,7,2,not_evaluated,not_evaluated
"Chessmate, nerd! Lost to a first-timer. Now go get my dog.",1.1408450704225352,0.0503339937289218,71,63,6,2,not_evaluated,not_evaluated
"WHILE YOU'VE BEEN MOVING THE PIECES, I AM WINNING THE GAME",1.1408450704225352,0.0503339937289218,71,63,6,2,not_evaluated,not_evaluated
Do you really want to win that bad?,1.140625,0.0491353183961281,64,56,7,1,not_evaluated,not_evaluated
Sorry your Paleo diet didn't work out.  But no mercy.  Mate!,1.140625,0.0491353183961281,64,56,7,1,not_evaluated,not_evaluated
"If you every say anything bad about Shrek again, I want you out of my life. You hear me?",1.140625,0.0491353183961281,64,56,7,1,not_evaluated,not_evaluated
"You may win this match, but I assure you, I win the endgame.",1.140625,0.0539473007658458,64,57,5,2,not_evaluated,not_evaluated
"MVP-Bobby Fischer, ""The Match of the 21st Century!""",1.140625,0.0539473007658458,64,57,5,2,not_evaluated,not_evaluated
"Doesn't look like the Fickle Finger of Fate worked this time, does it?",1.1395348837209305,0.0375836165723556,86,74,12,0,not_evaluated,not_evaluated
This didn't work any better for you than last month when you dressed up as a 14-year old girl!,1.139240506329114,0.0431409501789205,79,68,9,1,not_evaluated,not_evaluated
Ha!  Taxes wins again!,1.139240506329114,0.0467515938462338,79,70,7,2,not_evaluated,not_evaluated
I was supposed to go in '72. Maybe we try checkers?,1.139240506329114,0.0431409501789205,79,69,9,1,not_evaluated,not_evaluated
"Hmmm, I'll override your Check with a Mate",1.1388888888888888,0.0410425346923557,72,62,10,0,not_evaluated,not_evaluated
"I didn't actually win, did I?

Kevin Browne; Elmhurst, I",1.1388888888888888,0.0455601356528104,72,63,8,1,not_evaluated,not_evaluated
"Checkmate, bitch! Aight, you know the stakes, 3 more years for my boy Henry Kissinger. Unless you wanna go double or nothing",1.1388888888888888,0.0496685239103373,72,64,6,2,not_evaluated,not_evaluated
"Good game! I'd love to keep playing on and on but I have some previous obligations """,1.1388888888888888,0.0455601356528104,72,63,8,1,not_evaluated,not_evaluated
Checkmate!  And they say life is too short for chess.,1.1388888888888888,0.0496685239103373,72,64,6,2,not_evaluated,not_evaluated
"Before I take you for that move, bro, I just wanted you to know that also got these threads at Bonobos.",1.1384615384615384,0.0431729698473916,65,56,9,0,not_evaluated,not_evaluated
"That is not the fool's mate, you fool.",1.137931034482759,0.0437863570798038,87,77,8,2,not_evaluated,not_evaluated
Death Confronts Man,1.1375,0.0426338176224378,80,70,9,1,not_evaluated,not_evaluated
"Sorry, Pal. You ain't no Anya Taylor-Joy!",1.1375,0.0426338176224378,80,70,9,1,not_evaluated,not_evaluated
Bet you didn’t see that one coming!,1.1375,0.0426338176224378,80,70,9,1,not_evaluated,not_evaluated
"If you say 'Knights belong at home' once more,
your 'seventh seal' will turn your lips from grin to grim.",1.1375,0.0461962996490608,80,71,7,2,not_evaluated,not_evaluated
Touché!  Looks like it’s someone else’s endgame now!,1.1375,0.0387451507786556,80,69,11,0,not_evaluated,not_evaluated
Not so fast.,1.1369863013698631,0.0449719534328588,73,64,8,1,not_evaluated,not_evaluated
vroom vroom bitches know they can't catch me,1.1369863013698631,0.0449719534328588,73,64,8,1,not_evaluated,not_evaluated
"Come here, my dear and see how I win.",1.1369863013698631,0.0449719534328588,73,64,8,1,not_evaluated,not_evaluated
Oo! Do I get to wear your cloak now?,1.1369863013698631,0.0449719534328588,73,64,8,1,not_evaluated,not_evaluated
What part of the whole chessboard is mine don't you understand?,1.1369863013698631,0.0449719534328588,73,64,8,1,not_evaluated,not_evaluated
"Now, if only I could beat taxes",1.1369863013698631,0.0449719534328588,73,64,8,1,not_evaluated,not_evaluated
"That’s check mate, but given the state of the world, I’ll play you two outta three.",1.1363636363636365,0.0477286602084924,66,58,7,1,not_evaluated,not_evaluated
Checkmate! Now you have to end COVID. That was our deal.,1.1363636363636365,0.0425655322896033,66,57,9,0,not_evaluated,not_evaluated
Not this time. Sore loser. Show some sportsmanship.,1.1363636363636365,0.0401857565789537,88,77,10,1,not_evaluated,not_evaluated
Perhaps you would prefer to play Russian roulette?,1.1358024691358024,0.0421383905330272,81,71,9,1,not_evaluated,not_evaluated
It's not over until I say it's over.,1.1358024691358024,0.0383014618703421,81,70,11,0,not_evaluated,not_evaluated
"I may be a sore loser but mysogeny, cannibals and classism is not life modelling, Peter. I mean, you've updated your wardrobe...",1.1358024691358024,0.0383014618703421,81,70,11,0,not_evaluated,not_evaluated
You can't have a do-over if I can't have a do-over.”,1.1355932203389831,0.051041903681298,59,52,6,1,not_evaluated,not_evaluated
"Ha!…
Check Mate
You MoFo!!!!",1.135135135135135,0.0443986698267628,74,65,8,1,not_evaluated,not_evaluated
Checkmate! Ha! Double or nothing!?,1.135135135135135,0.0443986698267628,74,65,8,1,not_evaluated,not_evaluated
"Come closer, and say that again...",1.1343283582089552,0.0470549318991947,67,59,7,1,not_evaluated,not_evaluated
What did you mean by death match?,1.1343283582089552,0.0419747850698996,67,58,9,0,not_evaluated,not_evaluated
"The nose knows, huh?!",1.1341463414634143,0.0378677198170247,82,71,11,0,not_evaluated,not_evaluated
I met Death today. We were playing chess.,1.1341463414634143,0.0451241891743813,82,73,7,2,not_evaluated,not_evaluated
"Last time I check.. Mate, the winner have to come with me",1.1341463414634143,0.0378677198170247,82,71,11,0,not_evaluated,not_evaluated
Check mate. Now you owe me a queen!,1.1341463414634143,0.0378677198170247,82,71,11,0,not_evaluated,not_evaluated
Queen to e7 Mate!  So I get to keep the scythe!,1.1333333333333333,0.0395165985575879,75,65,10,0,not_evaluated,not_evaluated
Pay up! Leave Ukraine.,1.1333333333333333,0.0477732381389652,75,67,6,2,not_evaluated,not_evaluated
So much for your bind on the dark squares.,1.1325301204819278,0.0446064988608805,83,74,7,2,not_evaluated,not_evaluated
Checkmate death. It would appear that you never spent the entirety of your teenage leisure years at the chess club…..sigh,1.1325301204819278,0.0411810803689678,83,73,9,1,not_evaluated,not_evaluated
"Checkmate!  Now, as we agreed, throw me your scythe.",1.1323529411764706,0.0414000577075105,68,59,9,0,not_evaluated,not_evaluated
"Who’s the master of fatal moves now, reaper!",1.1323529411764706,0.0463998528118308,68,60,7,1,not_evaluated,not_evaluated
"I wouldn't try to cheat death!""

Cal Bellamy, Munster, I",1.1323529411764706,0.0414000577075105,68,59,9,0,not_evaluated,not_evaluated
Well played Davey!!! Now let me see those high five!!!,1.1323529411764706,0.0414000577075105,68,59,9,0,not_evaluated,not_evaluated
You’re terrible. I killed you!,1.131578947368421,0.0390326236162929,76,66,10,0,not_evaluated,not_evaluated
1.  Hey there. Looks like you have a good diet plan. We could make a lot of money with that.,1.131578947368421,0.0390326236162929,76,66,10,0,not_evaluated,not_evaluated
"I mean, I heard you lost your sting, but checkmate in six moves? Yikes.",1.131578947368421,0.0471730865254342,76,68,6,2,not_evaluated,not_evaluated
This one! This is the piece I put in my butt.,1.131578947368421,0.043294605892116,76,67,8,1,not_evaluated,not_evaluated
Let me tell you a secret...,1.1304347826086956,0.040840714635988,69,60,9,0,not_evaluated,not_evaluated
The newspaper just bought chess. Checkmate; game over!,1.12987012987013,0.0385602534725039,77,67,10,0,not_evaluated,not_evaluated
"Checkmate dude! Remember out bet…looser goes, winner stays",1.12987012987013,0.0427627951322407,77,68,8,1,not_evaluated,not_evaluated
"You should have that the white queen, who speaks Swedish takes the black king, who doesn't!",1.12987012987013,0.0427627951322407,77,68,8,1,not_evaluated,not_evaluated
Once and for all you can’t claim i’ve cheated death.,1.1294117647058823,0.0436058077432412,85,76,7,2,not_evaluated,not_evaluated
"Not so hot without your little green pills, eh, Mr. Death?",1.1294117647058823,0.0402660455486082,85,75,9,1,not_evaluated,not_evaluated
I’m sorry let me kill that pesky fly in your soup!,1.1290322580645162,0.0486945984413825,62,55,6,1,not_evaluated,not_evaluated
so i won? yes. and your price is a special trip to heaven,1.1285714285714286,0.0402961530020089,70,61,9,0,not_evaluated,not_evaluated
"I beat you, Death! Now leave me and let me enjoy my Syphilis.",1.1285714285714286,0.0402961530020089,70,60,9,0,not_evaluated,not_evaluated
"Only two things are certain. Mike and taxes, baby! Checkmate.",1.1285714285714286,0.0402961530020089,70,61,9,0,not_evaluated,not_evaluated
"Ohhh snap, you look like yourself when you lose!",1.1285714285714286,0.0451426474822816,70,62,7,1,not_evaluated,not_evaluated
It’s right here Doc! Do you see it? Is it cancer?,1.1282051282051282,0.0422438190280981,78,69,8,1,not_evaluated,not_evaluated
Checkmate. I won. Whatcha gonna do about that?,1.1282051282051282,0.0422438190280981,78,69,8,1,not_evaluated,not_evaluated
No need to get excited yet.  We play again tomorrow.,1.1282051282051282,0.0380990802130231,78,68,10,0,not_evaluated,not_evaluated
"You may have beat me at chess, but I always win in the game of life.",1.1267605633802815,0.0488482125891461,71,64,5,2,not_evaluated,not_evaluated
Not so fast Grim Reaper...,1.1267605633802815,0.0397658006245487,71,62,9,0,not_evaluated,not_evaluated
Nice work. Too bad I live to cheat.,1.1265822784810129,0.0376487145651045,79,69,10,0,not_evaluated,not_evaluated
Checkmate! Didn't see that one without eyeballs!?,1.1265822784810129,0.0454594940364599,79,71,6,2,not_evaluated,not_evaluated
"Remember...If you win your life will be grim.""",1.1265822784810129,0.0376487145651045,79,69,10,0,not_evaluated,not_evaluated
"Ha! I studied Bergman's, 'The Seventh Seal'!",1.1265822784810129,0.0376487145651045,79,69,10,0,not_evaluated,not_evaluated
No one's going to beat me except for myself and my self hate (you little piece of),1.1265822784810129,0.0417372214363609,79,70,8,1,not_evaluated,not_evaluated
But you'll still take your mask off at the table right?,1.1265822784810129,0.0417372214363609,79,70,8,1,not_evaluated,not_evaluated
"Come a bit closer, Wade. I'll tell you how this one ends...",1.1265822784810129,0.0376487145651045,79,69,10,0,not_evaluated,not_evaluated
"So, we agreed, now I can put in a request.",1.125,0.0472455591261534,64,57,6,1,not_evaluated,not_evaluated
No antidote against the white pieces,1.125,0.0416666666666666,64,56,8,0,not_evaluated,not_evaluated
"I beat you in Monopoly and Chess, so now you want to try Life?",1.125,0.0472455591261534,64,57,6,1,not_evaluated,not_evaluated
You’ve got no skin in this game Mr. Eternity!,1.125,0.0439514421205464,72,64,7,1,not_evaluated,not_evaluated
"That’s checkmate - unless, of course, you’re willing to make a deal",1.125,0.0354567893081984,88,77,11,0,not_evaluated,not_evaluated
"Alieto, I am not afraid of you. And all the women you try to control, you will be destroyed. Check and mate. your privilege is over.",1.125,0.0372087848617242,80,70,10,0,not_evaluated,not_evaluated
"Ha, ha.......gotcha!",1.125,0.0439514421205464,72,64,7,1,not_evaluated,not_evaluated
You’ve captured my attention.,1.125,0.0392491141014224,72,63,9,0,not_evaluated,not_evaluated
"Is the queen here? Yes… oh, no… there’s your bishop… a few more dubloons, if you don’t want to lose…. There’s the queen… nope, sorry … where’s that bishop? Ante up…",1.1235955056179776,0.0350842584179685,89,78,11,0,not_evaluated,not_evaluated
"I say, you blighter, put that in your pipe and smoke it!",1.1235955056179776,0.0385521439566202,89,79,9,1,not_evaluated,not_evaluated
"What do you mean ‘Covid to my house, takes parents?’ You’re in check!",1.1235955056179776,0.0350842584179685,89,78,11,0,not_evaluated,not_evaluated
A dead man with no right hand wails many tales.,1.123456790123457,0.0407594420227633,81,72,8,1,not_evaluated,not_evaluated
Now watch me exhort my minions into realms of glee that chess rarely allows!,1.1232876712328768,0.0387455770513176,73,64,9,0,not_evaluated,not_evaluated
"Checkmate! Next wave coming for you, slacker",1.1232876712328768,0.0433789954337899,73,65,7,1,not_evaluated,not_evaluated
Now who owns who?,1.1228070175438596,0.0504998538336087,57,51,5,1,not_evaluated,not_evaluated
Gonna have to be low to get hit by a pitch,1.1219512195121952,0.0342258291065449,82,74,7,1,not_evaluated,not_evaluated
"For the last time, sit down and play
properly.",1.1219512195121952,0.0363588289024355,82,72,10,0,not_evaluated,not_evaluated
"I got your queen!”
“Well done. Now I get YOU.",1.1216216216216215,0.0382546984804765,74,65,9,0,not_evaluated,not_evaluated
"You're only allowed
one Queen. Not two!""",1.120481927710843,0.0359481389331235,83,73,10,0,not_evaluated,not_evaluated
Shouting 'Checkmate' does not a parable make.,1.120481927710843,0.0359481389331235,83,73,10,0,not_evaluated,not_evaluated
"I'm afraid that your Dark Knight has just been sent into a very dark oblivion.""",1.120481927710843,0.0398262106284982,83,74,8,1,not_evaluated,not_evaluated
I knew Netflix binging would come in handy!,1.120481927710843,0.0398262106284982,83,74,8,1,not_evaluated,not_evaluated
"Freddy, you really need to learn to play chess.",1.12,0.0377760112641213,75,66,9,0,not_evaluated,not_evaluated
GAME?  This arthritis is no GAME!,1.12,0.0422775045075674,75,67,7,1,not_evaluated,not_evaluated
Are you the same kind of double closer from the baseball cartoon a few years ago?,1.12,0.0377760112641213,75,66,9,0,not_evaluated,not_evaluated
That’s check!  Let’s see your next move.,1.12,0.0463437994530848,75,68,5,2,not_evaluated,not_evaluated
"... And checkmate, so are you gonna take me now?",1.1195652173913044,0.0340118557515545,92,81,11,0,not_evaluated,not_evaluated
It's Antonius Block to you!,1.1194029850746268,0.0452261419606484,67,60,6,1,not_evaluated,not_evaluated
"No, THIS is checkmate.",1.1194029850746268,0.0452261419606484,67,60,6,1,not_evaluated,not_evaluated
"Checkmate! Now, get your booster!!",1.1194029850746268,0.0452261419606484,67,60,6,1,not_evaluated,not_evaluated
"Good game, but you lost on time.

James Lotfi MD
Houston,Texas",1.119047619047619,0.039375364944759,84,75,8,1,not_evaluated,not_evaluated
"Check matey, Death-o-rama!",1.118421052631579,0.0373090707335732,76,67,9,0,not_evaluated,not_evaluated
"Do you have time for another match?""",1.118421052631579,0.0417473825764589,76,68,7,1,not_evaluated,not_evaluated
Don't kill me,1.118421052631579,0.0373090707335732,76,67,9,0,not_evaluated,not_evaluated
"You can't cheat death, my friend",1.118421052631579,0.0417473825764589,76,67,7,1,not_evaluated,not_evaluated
Chekov!,1.1176470588235294,0.0445906745286408,68,61,6,1,not_evaluated,not_evaluated
Checkmate!  You're finished!,1.1168831168831168,0.036853453360789,77,68,9,0,not_evaluated,not_evaluated
You really want to test me?,1.1168831168831168,0.036853453360789,77,68,9,0,not_evaluated,not_evaluated
And you can bet that those bitcoins will take care of your retirement in just a couple of centuries.,1.1166666666666667,0.0417935919902811,60,53,7,0,not_evaluated,not_evaluated
"A game to the death, how about a best two out of three?!",1.1166666666666667,0.0480798927085171,60,54,5,1,not_evaluated,not_evaluated
'I have stolen from the taxman and now have Death in check mate. The bankers inherit the earth',1.1162790697674418,0.0385034851982409,86,77,8,1,not_evaluated,not_evaluated
"Fell down a flight of stairs? C'mon Death, you're getting old. Now put me back in the game.",1.115942028985507,0.0439727492730052,69,62,6,1,not_evaluated,not_evaluated
Bet you didn’t see this addition to my skin care routine coming!,1.115942028985507,0.0388245440297892,69,61,8,0,not_evaluated,not_evaluated
I think you'll find that's checkmate.,1.1153846153846154,0.036408755532751,78,69,9,0,not_evaluated,not_evaluated
It should be obvious to you. I have been playing for hundreds of years. You can’t beat me.,1.1153846153846154,0.0446273250984673,78,71,5,2,not_evaluated,not_evaluated
"Cheating and then giving me the finger is a bit rich, don't you think?",1.1147540983606556,0.0411472144197086,61,54,7,0,not_evaluated,not_evaluated
Now you know what it feels like to run out of moves.,1.1147540983606556,0.0473237925565267,61,55,5,1,not_evaluated,not_evaluated
And you thought you were in control! ha! Take that ! You are a dead man.,1.1142857142857143,0.0433716527952698,70,63,6,1,not_evaluated,not_evaluated
Well played. But I still get to take you.,1.1139240506329111,0.0359745924087851,79,70,9,0,not_evaluated,not_evaluated
I knew you would check me in Samarra.,1.1139240506329111,0.0359745924087851,79,70,9,0,not_evaluated,not_evaluated
"But, little did Carl know that the fried liver attack always invokes a sacrifice",1.1136363636363635,0.0409902828336956,88,80,6,2,not_evaluated,not_evaluated
"Wow you're really bad at chess, I didn't even have to cheat death!",1.1126760563380282,0.037792698211264,71,63,8,0,not_evaluated,not_evaluated
"I cheated Death!  Still dead though?""",1.1125,0.0355505968544673,80,71,9,0,not_evaluated,not_evaluated
"Aha! You forgot, in chess, there is no sudden-death overtime!",1.1111111111111112,0.0458805362915469,63,57,5,1,not_evaluated,not_evaluated
"So, my friend, you win at chess, or any other game today! Tomorrow is game over!",1.1111111111111112,0.0399122893392832,63,56,7,0,not_evaluated,not_evaluated
And that's how souls of the damned are controlled!  #drstrange,1.1111111111111112,0.0466211865720382,72,66,4,2,not_evaluated,not_evaluated
I see you haven’t watched The Queen’s Gambit yet.,1.1111111111111112,0.0368702026886648,90,81,8,1,not_evaluated,not_evaluated
22nd Century plays the 21st,1.1095890410958904,0.0368139623209979,73,65,8,0,not_evaluated,not_evaluated
Checkmate. Deal’s a deal. We swap places until the Depp and Heard trial’s over. I can’t bear another day!,1.1076923076923078,0.038748926306942,65,58,7,0,not_evaluated,not_evaluated
"I’m a really good tax accountant, too.",1.106666666666667,0.0358843655048781,75,67,8,0,not_evaluated,not_evaluated
"Checkmate!”

“No! I believe you meant to say, inflation.",1.106666666666667,0.0405961580454117,75,68,6,1,not_evaluated,not_evaluated
Mindfulness: Fully focused on the present moment,1.1044776119402986,0.0432422329358218,67,60,5,1,not_evaluated,not_evaluated
"So, you really haven't watched the Queen's Gambit? You need to get out more Grim!""",1.1044776119402986,0.0376511178439935,67,60,7,0,not_evaluated,not_evaluated
Checkmate Dr. Bones! Curling up your middle phalanx means nothing is this world.,1.1044776119402986,0.0376511178439935,67,60,7,0,not_evaluated,not_evaluated
Protect the King if you wish - you still lose the game.,1.1044776119402986,0.0432422329358218,67,61,5,1,not_evaluated,not_evaluated
Fair play (?),1.1044776119402986,0.0376511178439935,67,60,7,0,not_evaluated,not_evaluated
I thought you said you know how to play!,1.103896103896104,0.0350003202036694,77,69,8,0,not_evaluated,not_evaluated
I win. You can't play the dead man's hand in chess.,1.103448275862069,0.0366845819952604,87,79,7,1,not_evaluated,not_evaluated
"You really should bone up on your chess techniques - Checkmate, again!",1.1014492753623188,0.0366135060042496,69,62,7,0,not_evaluated,not_evaluated
Ha!  Big deal...I watched that Bergman film!,1.1,0.0361157559257307,70,63,7,0,not_evaluated,not_evaluated
"Mate?  Mate back to you, mate.",1.1,0.0361157559257307,70,63,7,0,not_evaluated,not_evaluated
You might be good in endgames. But definitely lag in openings!,1.1,0.0390566732942471,60,54,6,0,not_evaluated,not_evaluated
"Sometimes, ""owning the libs"", doesn't turn out the way you think, does it Mitch?",1.0987654320987654,0.0333561878669291,81,73,8,0,not_evaluated,not_evaluated
I'm promoting my pawn to a Queen. What are you gonna do about it?,1.0985915492957747,0.0408901437281721,71,65,5,1,not_evaluated,not_evaluated
"You have something on your face, right there.",1.0985915492957747,0.0356312975793619,71,64,7,0,not_evaluated,not_evaluated
"I won, so you can wipe that creepy grin off your face.",1.098360655737705,0.0384460308182247,61,55,6,0,not_evaluated,not_evaluated
I am breaking your streak of good luck!,1.0975609756097562,0.0329689026032423,82,74,8,0,not_evaluated,not_evaluated
Please don't eat that skela-booger.,1.096774193548387,0.0378541092928044,62,56,6,0,not_evaluated,not_evaluated
"So, you’re saying this is not a pyramid scheme, btw I have COVID, check mate",1.095890410958904,0.0347001921314398,73,66,7,0,not_evaluated,not_evaluated
I'm glad you agreed to best two out of three.,1.0952380952380951,0.0372800648218481,63,57,6,0,not_evaluated,not_evaluated
What do you mean YOU win? Who do you think you are dealing with here?,1.0952380952380951,0.0372800648218481,63,57,6,0,not_evaluated,not_evaluated
"Checkmate! Mess with my goldfish, will you?",1.0952380952380951,0.0322205876812368,84,76,8,0,not_evaluated,not_evaluated
"Mate Death!""  ""I can't.  It would destroy the purpose of my existence.",1.09375,0.0367231032120626,64,58,6,0,not_evaluated,not_evaluated
"Look at me,do you really want to make that move mate?",1.0933333333333333,0.0387801998950999,75,69,5,1,not_evaluated,not_evaluated
"Congratulations! Well played!  Now, if you’d please come along with me.",1.0925925925925926,0.0398154242392375,54,49,5,0,not_evaluated,not_evaluated
"According to my fitbit my metrics are great and I've been taking a multivitamin every day for years, so yeah... checkmate",1.0909090909090908,0.0329761931868187,77,70,7,0,not_evaluated,not_evaluated
"To cheat or not to cheat (death), that is the question.",1.0895522388059702,0.0351474459891142,67,61,6,0,not_evaluated,not_evaluated
"Don't feel so lucky now, do ya, well do ya punk?",1.082191780821918,0.0323686001798123,73,67,6,0,not_evaluated,not_evaluated
"Here, take my queen. We'll call it even.",1.0819672131147542,0.0354138835978571,61,56,5,0,not_evaluated,not_evaluated
"Hate to quit while I’m ahead, but I just remembered that I parked at a meter!",1.0806451612903225,0.0348630856611412,62,57,5,0,not_evaluated,not_evaluated
"Checkmate!  Don't worry, I'm sure you'll find something to cheer you up soon.",1.0806451612903225,0.0348630856611412,62,57,5,0,not_evaluated,not_evaluated
"Mate! No skin off your-- well, you don't seem to have much now do you?",1.078125,0.0338112135937552,64,59,5,0,not_evaluated,not_evaluated
"Checkmate, bitch! Alright, you know the stakes: Three more years for my boy Henry Kissinger. Unless you wanna go double or nothing...",1.0754716981132075,0.0366311450337415,53,49,4,0,not_evaluated,not_evaluated
Ha! I got you with my dark square bishop !,1.0746268656716418,0.0323470050582337,67,62,5,0,not_evaluated,not_evaluated
"Because I could not stop for death —
With knight he took my king 
The move it held for just ourselves 
A bitter lasting sting.",1.0746268656716418,0.0323470050582337,67,62,5,0,not_evaluated,not_evaluated
"Hold on, I can’t see. Somebody’s sewn this hood shut!”",1.072463768115942,0.0314391967853124,69,64,5,0,not_evaluated,not_evaluated
this is a reach-in checkmate due to our significant differences in size formations..,1.069767441860465,0.027632024455163,86,80,6,0,not_evaluated,not_evaluated
Check! Things are looking grim for you!,1.0694444444444444,0.0301689873364169,72,67,5,0,not_evaluated,not_evaluated
"aha"" Said Frank. Then Grim said ""Oooooooooh Ouchie :(",1.064102564102564,0.0279129968745745,78,73,5,0,not_evaluated,not_evaluated
...And that's when Death unfriended me!,1.0410958904109588,0.0233948647624648,73,70,3,0,not_evaluated,not_evaluated
