caption,mean,precision,votes,not_funny,somewhat_funny,funny,llm_humor_labels,llm_sentiment
We will not negotiate with terriers.,1.7834912043301758,0.0172511168380987,2217,1023,651,543,unknown,negative
Re-treat!,1.689085209461385,0.0133132838743283,3509,1806,988,715,irony,neutral
"I have met the enemy, and he’s a good boy!",1.669182948490231,0.0161644454910023,2252,1158,681,413,sarcasm,positive
"Retreat, not re-treat!",1.6663095875736476,0.0184438470748003,1867,1008,474,385,irony,neutral
"I think we're in for a licking , guys!",1.6593574706782257,0.0170127128558936,1961,1004,621,336,irony,positive
Re-treat! Re-treat!,1.658749394086282,0.0165826662351484,2063,1057,653,353,unknown,neutral
The bones only buy us time. Catapult the squirrel.,1.642935377875137,0.0183751907891063,1826,1005,468,353,wit-surprise,neutral
Ok he’s sitting. Now what?,1.625,0.0228662019240492,1064,570,323,171,unknown,neutral
"Yes, I mean literally throw me a bone.",1.617174959871589,0.0213694461753955,1246,684,355,207,unknown,negative
On the count of three we S. T. O. R. M. the C. A. S. T. L. E.,1.6160977665402445,0.0158678954240347,2373,1339,606,428,unknown,neutral
"If we breach the wall, we will be in deep shit!",1.6159329140461216,0.0159373288354015,2385,1356,589,440,not_evaluated,not_evaluated
"Of course, I’ve asked him to lie down.",1.6100064143681847,0.0187825350173777,1559,851,465,243,not_evaluated,not_evaluated
Launch the squeaky toy!,1.5960945529290853,0.0165804437170284,1946,1072,588,286,not_evaluated,not_evaluated
Re-treat everyone!,1.5951821386603997,0.0179429883405193,1702,950,491,261,not_evaluated,not_evaluated
Launch the frisbee,1.594079277471149,0.0163139478529611,1993,1097,608,288,not_evaluated,not_evaluated
He's not going to roll over that easily.,1.593984962406015,0.0148133126002243,2261,1206,767,288,not_evaluated,not_evaluated
Enough snacks!  Release the giant squirrel!,1.5888441633122483,0.0177386663375465,1739,980,494,265,not_evaluated,not_evaluated
No one brought a tennis ball?,1.5854503464203231,0.0175017884149615,1732,967,516,249,not_evaluated,not_evaluated
Deploy the tennis balls!”,1.5786090005844535,0.0174329575282803,1711,957,518,236,not_evaluated,not_evaluated
"Forget the bones, get me a frisbee.",1.5779554540262708,0.0170722261517479,1751,972,546,233,not_evaluated,not_evaluated
All right guys...on three: Who's a good boy?,1.5769230769230769,0.0228326351720522,1014,573,297,144,not_evaluated,not_evaluated
"It's working. Now after me, ""Who's a good boy?""",1.576271186440678,0.0194952748756099,1357,759,414,184,not_evaluated,not_evaluated
It's working! Call in the belly-rubbers and the castle will be ours!,1.574287913779831,0.0198084120407763,1299,725,402,172,not_evaluated,not_evaluated
"Finnegan, get up here and rub his belly.",1.56737998843262,0.0171270228072934,1729,974,529,226,not_evaluated,not_evaluated
"Stand down, men.  As it turns out, he's a very good boy.",1.5654008438818563,0.0478823319122862,237,138,64,35,not_evaluated,not_evaluated
We're being forced to re-treat.,1.5638148667601683,0.018910727988179,1426,810,428,188,not_evaluated,not_evaluated
"This isn't working,we'll have to try the Trojan Cat!",1.563253012048193,0.018020986707372,1660,968,449,243,not_evaluated,not_evaluated
Aren't we just rewarding bad behavior?,1.5630603705917514,0.0175910513799511,1673,958,488,227,not_evaluated,not_evaluated
"Now, quick, the one with her medication!",1.558575445173383,0.0224857165321172,1067,627,284,156,not_evaluated,not_evaluated
Get ready to launch the tennis ball!,1.5585412667946257,0.0179130678512775,1563,889,475,199,not_evaluated,not_evaluated
He IS sitting!,1.555903866248694,0.0241199637196683,957,573,236,148,not_evaluated,not_evaluated
"Okay, plan B—prepare the Frisbee!",1.554054054054054,0.0187891712379244,1406,802,429,175,not_evaluated,not_evaluated
Fall back!  We’re dressed like his chew toy!,1.552648790058862,0.0184352083791201,1529,892,429,208,not_evaluated,not_evaluated
I thought we didn't have a dog in this fight!,1.5523809523809524,0.0222975362772579,1050,614,292,144,not_evaluated,not_evaluated
We’re also gonna need that big tennis ball.,1.548168249660787,0.0183247261624593,1474,848,444,182,not_evaluated,not_evaluated
How badly do we need that cannonball back?,1.5464006938421508,0.0218091012530349,1153,696,284,173,not_evaluated,not_evaluated
Release the squirrel!,1.54238683127572,0.0205609940181221,1215,717,337,161,not_evaluated,not_evaluated
"I said ""attack"", not ""a snack'""",1.5423855963990998,0.0200089080956286,1333,800,343,190,not_evaluated,not_evaluated
This is the last time we deliver to this address!,1.5389876880984952,0.0267427565764486,731,437,194,100,not_evaluated,not_evaluated
"Two more, then bring forth the Squirrel of Troy!",1.5369774919614148,0.0206174876440135,1244,750,320,174,not_evaluated,not_evaluated
This isn't working. Send over the mailman.,1.5357142857142858,0.0335430210957809,476,289,119,68,not_evaluated,not_evaluated
I'll know when I'm licked.,1.5319343065693432,0.0200173719522254,1096,617,375,104,not_evaluated,not_evaluated
"He's a service animal, we can't ask him to leave.",1.5314009661835748,0.0286773920323031,621,372,168,81,not_evaluated,not_evaluated
I have an idea - go get the catapult and a really big stick!,1.5284715284715285,0.0226919289131788,1001,605,263,133,not_evaluated,not_evaluated
Enough with the biscuits. Release the squirrel!,1.5263653483992468,0.0217443573312115,1062,637,291,134,not_evaluated,not_evaluated
"Biscuit squad fall back, belly rubbers advance!",1.5261682242990655,0.0223773349445803,1070,660,257,153,not_evaluated,not_evaluated
"The fact that you dyed treats three different colors for a colorblind animal really
makes me question the rest of this plan.",1.5256290773532153,0.0222909222653846,1073,661,260,152,not_evaluated,not_evaluated
Who cares if we're spoiling him. He's not our dog.,1.52555910543131,0.02930902026972,626,387,149,90,not_evaluated,not_evaluated
It's working. Storm the doggie-door!,1.5249376558603491,0.025324788265137,802,487,209,106,not_evaluated,not_evaluated
All it took was one. He said he’s on our side now.,1.5248407643312103,0.0251010438560633,785,469,220,96,not_evaluated,not_evaluated
Enough with the nick-nack patty wack! Throw me a bone already!,1.5237173281703775,0.0224578128925578,1033,632,261,140,not_evaluated,not_evaluated
Bring the squeeky one.,1.5235426008968609,0.0235959848693955,892,535,247,110,not_evaluated,not_evaluated
"I’ll feed him, but I’m not cleaning up after him!",1.5202913631633714,0.023508544472551,961,596,230,135,not_evaluated,not_evaluated
Better get the Cat-apult!,1.5194672131147542,0.0230053387390616,976,599,247,130,not_evaluated,not_evaluated
Forget the biscuits! Load the tennis ball catapult!,1.5186335403726707,0.0224819565940973,966,580,271,115,not_evaluated,not_evaluated
Hurry up - his dog breath is worse than his bite.,1.516793066088841,0.0226475221279486,923,549,271,103,not_evaluated,not_evaluated
We're gonna need a bigger biscuit.,1.5060975609756098,0.0251553294861981,820,515,195,110,not_evaluated,not_evaluated
He's not going to rollover!,1.5049382716049382,0.0242225714670725,810,492,227,91,not_evaluated,not_evaluated
It’s all good – he said he wants to be our best friend!,1.5042944785276071,0.0239248536307445,815,492,235,88,not_evaluated,not_evaluated
Get back!  He's already got a bone.  He's looking for a hydrant.,1.50375,0.0252642093130829,800,501,195,104,not_evaluated,not_evaluated
Pipe down. He thinks you’re squeaky toys.,1.5031605562579011,0.0251654290320471,791,492,200,99,not_evaluated,not_evaluated
"Ok, now put the tennis ball in the catapult.",1.49800796812749,0.0255013520842579,753,468,195,90,not_evaluated,not_evaluated
"No, he’s NOT a good boy!",1.497319034852547,0.0251126844207226,746,457,207,82,not_evaluated,not_evaluated
"""Stand back! He's lifting his leg again.""",1.4964664310954063,0.030704789809919,566,365,121,80,not_evaluated,not_evaluated
All together now Good Dog,1.4959785522788205,0.0246057835187874,746,451,220,75,not_evaluated,not_evaluated
Hand me the one with the Xanax!,1.495879120879121,0.0255680375507256,728,449,197,82,not_evaluated,not_evaluated
He's almost sedated. Bring in the mailman!,1.4952638700947225,0.0249952202707693,739,451,210,78,not_evaluated,not_evaluated
"Quick! What's French for ""Who's a good boy?""",1.492537313432836,0.0266140574812629,737,474,163,100,not_evaluated,not_evaluated
Can someone throw me a bone here?,1.492063492063492,0.0255618521447531,756,476,188,92,not_evaluated,not_evaluated
"I know feeding is a dangerous job, but at least we’re not on cleanup.",1.491304347826087,0.0254716278288325,690,419,203,68,not_evaluated,not_evaluated
Re-treat! Re-treat! Re-treat!,1.4908376963350785,0.0247449251877214,764,472,209,83,not_evaluated,not_evaluated
Pivot to belly rubs!,1.4891774891774892,0.0254728993584357,693,423,201,69,not_evaluated,not_evaluated
At least he lapped up the moat.,1.4884057971014493,0.0259607364603755,690,427,189,74,not_evaluated,not_evaluated
Fetch faster.”,1.4862385321100915,0.0292499165200983,654,437,116,101,not_evaluated,not_evaluated
Bring in Mr. Squeaky!,1.4861111111111112,0.026833290400103,648,403,175,70,not_evaluated,not_evaluated
Our treat-y negotiations are working!,1.4833597464342314,0.0278157489375751,631,401,155,75,not_evaluated,not_evaluated
He'll want to go for a walk and don't forget to bring a big bag.,1.481421647819063,0.0273684561326291,619,387,166,66,not_evaluated,not_evaluated
Hold your fire. He’s not rolling over.,1.4758842443729905,0.0309138816609826,622,433,82,107,not_evaluated,not_evaluated
OMG. He’s not housebroken.,1.4758190327613103,0.0271265593439416,641,407,163,71,not_evaluated,not_evaluated
Quick!  To the doggy door!,1.474631751227496,0.0274264765873776,611,385,162,64,not_evaluated,not_evaluated
Hold your fire - it turns out he's a good boy!,1.4744027303754266,0.0284830359614193,586,374,146,66,not_evaluated,not_evaluated
"OK, your turn.  First you, Nick, then you, Nack, then you, Patty, then you, Wack.",1.4690265486725664,0.0304111021917109,565,377,111,77,not_evaluated,not_evaluated
Hey ixnay on the dog bone disguise he just ate Rodney!,1.468864468864469,0.0307827500276758,546,363,110,73,not_evaluated,not_evaluated
Hurry! Try the doggie door!,1.4669117647058822,0.0288231749860482,544,345,144,55,not_evaluated,not_evaluated
We're going to need more positive reinforcements!,1.4606299212598426,0.0316630595864769,508,340,102,66,not_evaluated,not_evaluated
Ready the string ball.  The rear guard is a cat.,1.4572564612326044,0.0298395492443529,503,323,130,50,not_evaluated,not_evaluated
"I fed him so, someone else cleans after him.",1.45703125,0.0291984801940569,512,326,138,48,not_evaluated,not_evaluated
"Forget the bones, everybody into the Trojan cat!",1.4567669172932332,0.0298677187293929,532,349,123,60,not_evaluated,not_evaluated
And nobody thought to bring a rubber ball?,1.454736842105263,0.0303782390312734,475,304,126,45,not_evaluated,not_evaluated
"Forget the bones, grab the giant frisby!",1.4547206165703277,0.0289094203729085,519,331,140,48,not_evaluated,not_evaluated
Who brought the ball?,1.4509803921568627,0.0303505363881698,459,292,127,40,not_evaluated,not_evaluated
To hell with this — anybody got a tennis ball?,1.4506437768240343,0.0310836783029511,466,303,116,47,not_evaluated,not_evaluated
Next we'll need a very big stick.,1.4494845360824742,0.028450990367968,485,302,148,35,not_evaluated,not_evaluated
"I told him they all taste the same, but he insists on blue.",1.4476386036960986,0.0293882371896666,487,311,134,42,not_evaluated,not_evaluated
Perhaps we should have brought the cat-a-pult?,1.4469525959367946,0.032238351194287,443,292,104,47,not_evaluated,not_evaluated
Go back! He’s NOT a good boy!,1.4458598726114649,0.030680159700796,471,307,118,46,not_evaluated,not_evaluated
"Hold off on the treats, fall back. I said retreat, not re-treat!",1.4417582417582415,0.0315949483007718,455,301,107,47,not_evaluated,not_evaluated
Knights of the hound table,1.441108545034642,0.032431694264833,433,287,101,45,not_evaluated,not_evaluated
This is the last time we agree to dog-sit.,1.44097995545657,0.0315861233602631,449,296,108,45,not_evaluated,not_evaluated
Ready the red squeaky!,1.4394904458598723,0.0294523562218244,471,302,131,38,not_evaluated,not_evaluated
"Get ready to shout, ""Who's a good boy?""",1.4382978723404256,0.030250255804185,470,307,120,43,not_evaluated,not_evaluated
He wants to know who's a Good Boy! What should I tell him?!,1.4373464373464373,0.0332014574937146,407,270,96,41,not_evaluated,not_evaluated
He says he has a bone to pick.,1.4371859296482412,0.0326006980790478,398,259,104,35,not_evaluated,not_evaluated
ReT-R-E-A-T!!!!,1.4351851851851851,0.0321276858674663,432,287,102,43,not_evaluated,not_evaluated
"Men, the milkbones aren't working.  Time to break out the Frisbee!",1.4350961538461535,0.0319514732257985,416,272,107,37,not_evaluated,not_evaluated
I found your slipper.,1.435,0.0316930374302288,400,257,112,31,not_evaluated,not_evaluated
Bring up the giant tennis ball,1.4329113924050634,0.0335303284625346,395,263,93,39,not_evaluated,not_evaluated
It's working! One more and he'll roll over,1.431578947368421,0.0328294728214628,380,247,102,31,not_evaluated,not_evaluated
Send in the belly scratchers!,1.431372549019608,0.0320034895372745,408,267,106,35,not_evaluated,not_evaluated
Ready the tennis ball!,1.4308755760368663,0.0302909504367525,434,280,121,33,not_evaluated,not_evaluated
"Bowl of water, bowl of water.",1.4296875,0.032579065731863,384,250,103,31,not_evaluated,not_evaluated
"Run, he’s just the puppy",1.4282115869017633,0.0345075996473125,397,272,80,45,not_evaluated,not_evaluated
We need more T- R-E-A-T-S,1.4271356783919598,0.0325479761225853,398,263,100,35,not_evaluated,not_evaluated
Get the Trojan squirrel!,1.4242424242424243,0.033233070250922,429,296,84,49,not_evaluated,not_evaluated
"Oh, he’s a good boy.  Yes, he is!",1.4220963172804533,0.0347570354374984,353,236,85,32,not_evaluated,not_evaluated
"The treats aren't working, send in the Cat-A-Pult!",1.421487603305785,0.0358103305604974,363,250,73,40,not_evaluated,not_evaluated
Prepare to launch the slippers!,1.4201680672268908,0.0342371246322025,357,238,88,31,not_evaluated,not_evaluated
"It's OK, he's friendly!",1.418848167539267,0.0334640659465696,382,257,90,35,not_evaluated,not_evaluated
Just be glad they're not our bones.”,1.41871921182266,0.0376285514974347,406,303,36,67,not_evaluated,not_evaluated
Good news: he’s wagging his tail.,1.4168937329700273,0.0335524496870449,367,245,91,31,not_evaluated,not_evaluated
Keep 'em coming. He's bound to want to take a nap soon.,1.4168937329700273,0.0337736061690881,367,246,89,32,not_evaluated,not_evaluated
Roll out the giant wooden squirrel!,1.4142011834319526,0.0355570555727508,338,229,78,31,not_evaluated,not_evaluated
This isn't working.  Bring up the squirrel!,1.4102564102564104,0.0352816537445304,351,241,76,34,not_evaluated,not_evaluated
This isn't working. Let's revisit the fake horse idea.,1.410179640718563,0.0363308575682544,334,230,71,33,not_evaluated,not_evaluated
"He’s not castle broken, so watch your step.",1.4096385542168677,0.0359834552896948,332,227,74,31,not_evaluated,not_evaluated
Never mind. All he’s guarding are slippers.,1.4076086956521738,0.0327503046109504,368,246,94,28,not_evaluated,not_evaluated
Drop those and get the squirrel,1.4066852367688023,0.0333125210451713,359,241,90,28,not_evaluated,not_evaluated
He only likes the ones that taste like chicken!,1.4060773480662982,0.0314559285817437,362,236,105,21,not_evaluated,not_evaluated
"It's working, now get his squeaky toy!",1.4058823529411764,0.0335824762519153,340,226,90,24,not_evaluated,not_evaluated
"‘’Everybody yell, sit!”",1.405633802816901,0.0342697387615209,355,242,82,31,not_evaluated,not_evaluated
"Okay, I’m going in for the ear scratch.",1.4045584045584043,0.0338245498926328,351,237,86,28,not_evaluated,not_evaluated
Release the Trojan Squirrel!,1.4028571428571428,0.0357593657365567,350,245,69,36,not_evaluated,not_evaluated
"It’s no use, we’re licked!",1.402555910543131,0.0337563205796059,313,205,90,18,not_evaluated,not_evaluated
Quick! Re-treat!,1.4020356234096691,0.0316660966194669,393,265,98,30,not_evaluated,not_evaluated
He's the puppy!,1.4006734006734007,0.0368410752459573,297,202,71,24,not_evaluated,not_evaluated
This isn't working. Bring up the giant squirrel.,1.3994334277620395,0.0348232225234574,353,245,75,33,not_evaluated,not_evaluated
"I misunderstood, he only wants a treaty",1.3994169096209912,0.0367326911919361,343,244,61,38,not_evaluated,not_evaluated
"...three, four, five. Hey, weren't there 6 of us when we started?",1.3987915407854985,0.0354616068055403,331,228,74,29,not_evaluated,not_evaluated
I said RE-treat!!!,1.3978201634877383,0.033850999180994,367,254,80,33,not_evaluated,not_evaluated
He’s dyslexic…thinks he’s God!,1.396103896103896,0.0384339745995769,308,219,56,33,not_evaluated,not_evaluated
Enough with the biscuits. Get Frisbees quick!,1.394822006472492,0.0372181989700863,309,216,64,29,not_evaluated,not_evaluated
A milkbone!  My kingdom for a milkbone!,1.394648829431438,0.0372193829102766,299,207,66,26,not_evaluated,not_evaluated
Game of Bones,1.3941368078175895,0.0382314092510172,307,218,57,32,not_evaluated,not_evaluated
We need the heavy artillery! Send in the tennis balls.,1.3931888544891642,0.0346767768396677,323,220,79,24,not_evaluated,not_evaluated
“I said RE-TREAT you idiots”,1.3928571428571428,0.0381285591473932,308,219,57,32,not_evaluated,not_evaluated
All clear! He’s a good boy!,1.392330383480826,0.0343019695587872,339,233,79,27,not_evaluated,not_evaluated
Forget the biscuits. Get the blonde Cocker Spaniel !,1.392282958199357,0.0370218861056709,311,218,64,29,not_evaluated,not_evaluated
Enough treats! I’m going in to tickle his belly!,1.3916083916083917,0.0383917681714184,286,200,60,26,not_evaluated,not_evaluated
"Yes, more! He’s a VERY good boy!",1.391304347826087,0.0328398786804347,368,253,86,29,not_evaluated,not_evaluated
He's agreed to play dead.,1.3906810035842294,0.0348897430848116,279,184,81,14,not_evaluated,not_evaluated
When did Gulliver get a dog?,1.3898916967509023,0.0392687596323081,277,195,56,26,not_evaluated,not_evaluated
These vegan biscuits are useless. Run!,1.3894736842105264,0.0381445790182984,285,199,61,25,not_evaluated,not_evaluated
Bring forth the giant tennis ball,1.3875432525951557,0.0351089840308129,289,194,78,17,not_evaluated,not_evaluated
No! No! Get the tennis ball!,1.3856209150326797,0.0353302115919497,306,210,74,22,not_evaluated,not_evaluated
We can’t just keep rewarding him for bad behavior!,1.3848484848484848,0.0354089312791843,330,232,69,29,not_evaluated,not_evaluated
I need to put one on his nose.,1.3839285714285714,0.0417290608459042,224,155,52,17,not_evaluated,not_evaluated
He's demanding organic.,1.3823529411764706,0.0400501798400575,272,195,50,27,not_evaluated,not_evaluated
His demands have escalated - now he wants a squeaky toy!,1.3816254416961131,0.0372581799171576,283,197,64,22,not_evaluated,not_evaluated
Hurry up with the squeaky toy!,1.3813229571984436,0.0398788196247007,257,181,54,22,not_evaluated,not_evaluated
He's getting tired of these biscuits. Bring up the wet food!!!,1.380794701986755,0.0359081505346375,302,210,69,23,not_evaluated,not_evaluated
Now launch the tennis ball!,1.380281690140845,0.037151067010689,284,198,64,22,not_evaluated,not_evaluated
Throw me a bone!,1.3794326241134751,0.0402537177567385,282,206,45,31,not_evaluated,not_evaluated
Hand me a breath mint!,1.378839590443686,0.0360110744502411,293,203,69,21,not_evaluated,not_evaluated
Be grateful - the other village has a cat.,1.3783783783783785,0.04110774186908,259,187,46,26,not_evaluated,not_evaluated
He’s distracted! Use the doggie door!,1.3781818181818182,0.0361866962596156,275,188,70,17,not_evaluated,not_evaluated
"Now then, who’s going to take it for a walk?",1.3770491803278688,0.0388110669447404,244,168,60,16,not_evaluated,not_evaluated
"Okay, I got him to sit and his breath smells great, now what?",1.3758620689655172,0.0362334491645178,290,202,67,21,not_evaluated,not_evaluated
We're in luck.  He's a good boy.,1.3745454545454543,0.0382812242812674,275,195,57,23,not_evaluated,not_evaluated
One of you go tell the mailman that the front door is now safe!,1.374485596707819,0.0410142910358038,243,173,49,21,not_evaluated,not_evaluated
"He's friendly! When we go over the wall, be careful where you step!",1.3731884057971016,0.0360357007511778,276,190,69,17,not_evaluated,not_evaluated
"A wooden horse” I said. But,no, it had to be a giant puppy. OK I’ll  feed it, but you have to walk it",1.3724137931034484,0.035526501758915,290,201,70,19,not_evaluated,not_evaluated
"It's ok, he's a good boy!",1.3719298245614036,0.0355991879376448,285,197,70,18,not_evaluated,not_evaluated
I told you those Trojans had a better idea.,1.3717472118959109,0.0366480474520169,269,186,66,17,not_evaluated,not_evaluated
"No, no, no! Retreat! Not treat!",1.3706563706563706,0.0395299119121766,259,185,52,22,not_evaluated,not_evaluated
He wants meat! I’m outa here!,1.3702290076335877,0.0399408373013296,262,189,49,24,not_evaluated,not_evaluated
One more and I think I can get him to play dead!,1.3678571428571429,0.0356187919440128,280,194,69,17,not_evaluated,not_evaluated
He's distracted! Roll in the Trojan Squirrel!,1.3670886075949369,0.0407905000214283,237,169,49,19,not_evaluated,not_evaluated
"I said retreat, not re-treat!",1.3669064748201438,0.0364972063139961,278,195,64,19,not_evaluated,not_evaluated
"Seriously, we gotta stop with the treats or he's never going to leave the castle!",1.3668122270742358,0.0394330300314495,229,159,56,14,not_evaluated,not_evaluated
Forget the bones. Get some chew toys!,1.3653136531365313,0.0363787098187692,271,189,65,17,not_evaluated,not_evaluated
Hurry up before he licks me!,1.3651452282157677,0.0398534703574658,241,171,52,18,not_evaluated,not_evaluated
"I told you if you wanted a dog you’d have to be the ones to take care of it, yet here I am up the ladder every fucking day.",1.3650793650793651,0.0425304505160121,252,188,36,28,not_evaluated,not_evaluated
Ready the catapult and tennis ball!,1.3647058823529412,0.0387153507558257,255,181,55,19,not_evaluated,not_evaluated
No! Another chicken flavored!,1.3636363636363635,0.0419120100824629,209,147,48,14,not_evaluated,not_evaluated
He wants homework!,1.3625,0.041220589870703,240,174,45,21,not_evaluated,not_evaluated
This will only hold him for so long. Prepare thy tummy rubs.,1.3622047244094488,0.0399723624126012,254,184,48,22,not_evaluated,not_evaluated
Toss me another T-R-E-A-T!,1.362068965517241,0.0413394842428716,232,167,46,19,not_evaluated,not_evaluated
He's not rolling over!,1.3617886178861789,0.0370652304625764,246,170,63,13,not_evaluated,not_evaluated
If this doesn’t work we go in for the belly rub.,1.361344537815126,0.0401492556592457,238,170,50,18,not_evaluated,not_evaluated
I got him to sit!! Pass another and we’ll try ‘lie down.',1.3611111111111112,0.0393897692985362,252,181,51,20,not_evaluated,not_evaluated
One of you W-A-L-K around back.,1.360995850622407,0.0427271735415464,241,179,37,25,not_evaluated,not_evaluated
"Guys, that’s not what I meant when I said retreat.",1.3601694915254237,0.0399209445113773,236,168,51,17,not_evaluated,not_evaluated
Fire the tennis balls!,1.3596491228070176,0.041353550743428,228,164,46,18,not_evaluated,not_evaluated
"Ok, one of you sneak around to the drawbridge and drop off the mail.",1.359375,0.0404738893984654,256,188,44,24,not_evaluated,not_evaluated
"Throw me a bone, would ya?",1.358744394618834,0.0410199145107369,223,159,48,16,not_evaluated,not_evaluated
"He will sit, but he won't roll over.""",1.3580786026200873,0.0372988500779436,229,157,62,10,not_evaluated,not_evaluated
Not that one! That's the bone of contention!,1.3574007220216606,0.038550308796039,277,203,49,25,not_evaluated,not_evaluated
Hold the biscuits lads! 'Tis time to let fly the massive frisbee!,1.3571428571428572,0.0386081118941993,266,193,51,22,not_evaluated,not_evaluated
More bones! He’s a three knight dog!,1.3568773234200744,0.0386584555115693,269,196,50,23,not_evaluated,not_evaluated
Hurry up! Our defenses are crumbling!,1.3565891472868217,0.0382862528299235,258,185,54,19,not_evaluated,not_evaluated
"Okay, great! Now the one with the pill in it!  Quick!",1.3565573770491803,0.0398124160606784,244,176,49,19,not_evaluated,not_evaluated
Bring them ALL up! He’s a VERY good boy!,1.3552123552123552,0.0377688131114651,259,185,56,18,not_evaluated,not_evaluated
Plan B! - the 'Trojan Squirrel'!,1.354978354978355,0.042704490800984,231,171,38,22,not_evaluated,not_evaluated
He has threatened to bark in our general direction.,1.353982300884956,0.0415248716336702,226,164,44,18,not_evaluated,not_evaluated
"I can't remember where we are in the story. Is he very big, or are we very small?",1.3526970954356847,0.0401028990460079,241,175,47,19,not_evaluated,not_evaluated
Did anyone bring a tennis ball?,1.3516949152542372,0.0402411864128594,236,171,47,18,not_evaluated,not_evaluated
"Ok that’s enough. Nick, Nack, Paddy and Wack you can go.",1.351351351351351,0.0439097066878938,222,166,34,22,not_evaluated,not_evaluated
Looks like this castle is defended by a good boy !,1.3492822966507176,0.041119320263196,209,149,47,13,not_evaluated,not_evaluated
Enough! Bring ye olde tennis ball!,1.3487394957983194,0.0399567679913384,238,173,47,18,not_evaluated,not_evaluated
A few more biscuits and he’ll roll over and play dead!,1.3484162895927605,0.0385280234523221,221,155,55,11,not_evaluated,not_evaluated
Launch the tennis ball!,1.3476190476190475,0.0425930446583147,210,153,41,16,not_evaluated,not_evaluated
He likes them! We're in!,1.346613545816733,0.0376277894920082,251,180,55,16,not_evaluated,not_evaluated
"No,no, bring the stick!",1.3459915611814346,0.0377315474107834,237,168,56,13,not_evaluated,not_evaluated
"Launch the ball, NOW!",1.3455284552845528,0.0389913650978692,246,179,49,18,not_evaluated,not_evaluated
I think he wants to go out,1.345,0.0440405820161542,200,147,37,16,not_evaluated,not_evaluated
He'll sit but he won't play dead.,1.3448275862068966,0.0412759443153392,203,145,46,12,not_evaluated,not_evaluated
It's working.  Now use the laser pointer to distract the giant cat.,1.344186046511628,0.0407840546332318,215,155,46,14,not_evaluated,not_evaluated
"They call it the Hundred Years' War, but it feels more like Seven Hundred to me!",1.3438914027149322,0.0410336051827249,221,161,44,16,not_evaluated,not_evaluated
"Ok, now start running and yell, ""fetch""!",1.343612334801762,0.041697593319438,227,168,40,19,not_evaluated,not_evaluated
And I thought dragons had bad breath.,1.3435897435897437,0.0430097786185844,195,141,41,13,not_evaluated,not_evaluated
"Try throwing one and say ""fetch!""",1.3429951690821256,0.0434886823128763,207,153,37,17,not_evaluated,not_evaluated
He knows they’re dental bones! Retreat! Retreat!,1.3428571428571427,0.0399062132355468,245,181,44,20,not_evaluated,not_evaluated
This won't work. Get the Trojan Cat.,1.342741935483871,0.0403772321293389,248,185,41,22,not_evaluated,not_evaluated
Quick!  Bring my homework!,1.3422222222222222,0.0414635259703109,225,166,41,18,not_evaluated,not_evaluated
"""Enough with the complaints!  We could be the crew assigned  to 'w-a-l-k'  him.""",1.3397129186602872,0.0436637531963202,209,156,35,18,not_evaluated,not_evaluated
"I said retreat, not another treat!",1.3396946564885497,0.0380045345432629,262,193,49,20,not_evaluated,not_evaluated
Now he wants a belly rub!,1.3390557939914165,0.0403969207771835,233,172,43,18,not_evaluated,not_evaluated
"Stop! I said, 'Retreat,' not 'Re-treat.'",1.338095238095238,0.0450298597409515,210,160,29,21,not_evaluated,not_evaluated
"Come on, guys! Throw me a bone here!",1.337837837837838,0.0417851429205602,222,165,39,18,not_evaluated,not_evaluated
"He says he wants to meet our leader, outside, in a park, with a ball.",1.3377777777777775,0.0413868913974152,225,167,40,18,not_evaluated,not_evaluated
'The biscuit worked.  Now grab the leash!!!',1.3365853658536586,0.042001460245418,205,150,41,14,not_evaluated,not_evaluated
Bring up the frisbee!,1.3364928909952607,0.0400600442867772,211,152,47,12,not_evaluated,not_evaluated
Send that green one up here!  This breath is killing me.,1.3363636363636364,0.0400054715303796,220,160,46,14,not_evaluated,not_evaluated
"When I said, ""Re-treat!!!,"" this is not what I meant.",1.3362445414847162,0.0422290259028059,229,173,35,21,not_evaluated,not_evaluated
Can we keep him?,1.335135135135135,0.0488473549943278,185,143,22,20,not_evaluated,not_evaluated
Quick! Its mother is coming.,1.3333333333333333,0.0436159929788525,222,170,30,22,not_evaluated,not_evaluated
Stop! He just keeps getting bigger.,1.3333333333333333,0.0413079799354701,225,168,39,18,not_evaluated,not_evaluated
Toys! He wants toys!,1.3333333333333333,0.0422170626742929,207,153,39,15,not_evaluated,not_evaluated
I think he’s ready to show us where he buried the keys!,1.3333333333333333,0.0415033503671263,204,149,42,13,not_evaluated,not_evaluated
"See?! He’s sitting now! Remember: praise and reward, praise and reward!",1.3333333333333333,0.0425162148367706,201,148,39,14,not_evaluated,not_evaluated
Bad news. He hasn't had his night time walkies.,1.331877729257642,0.0378442326558216,229,165,52,12,not_evaluated,not_evaluated
Oy! I said “Retreat!”  Not “Re-treat”.,1.3317972350230414,0.0402963609191569,217,159,44,14,not_evaluated,not_evaluated
Bring on the peanut butter cannon!,1.3316831683168318,0.0429151827878881,202,150,37,15,not_evaluated,not_evaluated
"In unison, please: 'Who's a good boy?'",1.3316062176165804,0.0449216124478063,193,145,32,16,not_evaluated,not_evaluated
Run! His chew toys look just like us!,1.330316742081448,0.0402805050025323,221,163,43,15,not_evaluated,not_evaluated
It’s working – he’s distracted.  Send in the squeaky toys!,1.330188679245283,0.0414587986708646,212,157,40,15,not_evaluated,not_evaluated
"Ok… we’ve distracted him, now one of you go get the baseball!",1.3299492385786802,0.0418275218025228,197,144,41,12,not_evaluated,not_evaluated
Plan B! Release the giant squirrel!,1.3297297297297297,0.0449854678475655,185,138,33,14,not_evaluated,not_evaluated
"The treats are bad, but the boy is good.",1.3296703296703296,0.0427557571513869,182,132,40,10,not_evaluated,not_evaluated
Drop the bones and release the Squirrels !,1.3288888888888888,0.0407426646972359,225,168,40,17,not_evaluated,not_evaluated
"Stand down, he's agreed to a treaty!",1.3287037037037035,0.0398268315099104,216,158,45,13,not_evaluated,not_evaluated
"Yes, the vegan one.",1.3282828282828285,0.0428625091675707,198,147,37,14,not_evaluated,not_evaluated
He says we all must bow wow down to him!,1.3259668508287292,0.0456075405306704,181,136,31,14,not_evaluated,not_evaluated
I already told him he’s a good boy!!!,1.325,0.0436624213159998,200,151,33,16,not_evaluated,not_evaluated
"Now everyone loudly and in unison: ""Who's a good dog?""",1.3248730964467006,0.0441337898613573,197,149,32,16,not_evaluated,not_evaluated
It doesn't matter; they're color-blind.,1.324468085106383,0.0443686981405518,188,141,33,14,not_evaluated,not_evaluated
I vote we let him stay on the couch.,1.3244444444444443,0.0416227281556383,225,171,35,19,not_evaluated,not_evaluated
Stop firing!  He's a good boy.,1.3233830845771144,0.0434747308954298,201,152,33,16,not_evaluated,not_evaluated
I don't think he is going to surrender. He's not French.,1.3229166666666667,0.0443033033323107,192,145,32,15,not_evaluated,not_evaluated
Don't worry! He's a good boy!,1.3224299065420562,0.0393979572538076,214,157,45,12,not_evaluated,not_evaluated
He says he IS sitting!,1.3224043715846994,0.0424360805855366,183,134,39,10,not_evaluated,not_evaluated
Everybody all together:  whose a good boy?,1.3204419889502763,0.0481117881311717,181,141,22,18,not_evaluated,not_evaluated
He says there's too much saffron in the yellow ones.,1.3203883495145632,0.0409612099218038,206,153,40,13,not_evaluated,not_evaluated
I've got his attention. Now go and throw the ball.,1.32,0.0446988808556628,200,154,28,18,not_evaluated,not_evaluated
"I need the knick knack paddy whack, not another bone!",1.3197969543147208,0.0428368310212695,197,148,35,14,not_evaluated,not_evaluated
"He says,"" We have it all backwards. He is a dog not a god.""",1.3195020746887969,0.0395335747343354,241,183,39,19,not_evaluated,not_evaluated
It's not working! He still wants Taylor Swift tickets.,1.3193717277486912,0.0443930702327296,191,145,31,15,not_evaluated,not_evaluated
"After this, who's taking him for a run?",1.318918918918919,0.0413434014615631,185,135,41,9,not_evaluated,not_evaluated
He's demanding a belly rub.,1.318918918918919,0.0413434014615631,185,135,41,9,not_evaluated,not_evaluated
A few more biscuits and he'll  be ready for a nap!,1.318435754189944,0.0429767554248507,179,132,37,10,not_evaluated,not_evaluated
"No, he hasn’t eaten his dinner, yet!",1.3174603174603174,0.0407324795605558,189,138,42,9,not_evaluated,not_evaluated
He's asking us to re-treat!,1.317391304347826,0.0379437380864061,230,170,47,13,not_evaluated,not_evaluated
Who's going to walk him?,1.3169398907103824,0.0470142219605781,183,142,24,17,not_evaluated,not_evaluated
"Nick, Nack, Paddy and Whack, it’s your turn to give the dog a bone!",1.316831683168317,0.0448639834710065,202,157,26,19,not_evaluated,not_evaluated
Bring me a rolled-up newspaper!,1.3166666666666669,0.0427739282571461,180,133,37,10,not_evaluated,not_evaluated
We’re  gonna need a bigger baggie,1.3160621761658031,0.0433760564935211,193,146,33,14,not_evaluated,not_evaluated
Keep it coming or we're never getting that baseball back.,1.3157894736842106,0.0438512941081349,190,144,32,14,not_evaluated,not_evaluated
The chicken-flavored bones aren't instilling panic and fear. Let's try broccoli.,1.3155080213903745,0.0416665321386941,187,138,39,10,not_evaluated,not_evaluated
You guys must have misheard me: I said re-treat.,1.3153153153153154,0.0418499116599558,222,171,32,19,not_evaluated,not_evaluated
"Look, just be happy you’re not on cleanup duty.",1.3152709359605912,0.0435641587644294,203,156,30,17,not_evaluated,not_evaluated
"When the King said he loves people food, what did he mean exactly?",1.315217391304348,0.0467897282302956,184,143,24,17,not_evaluated,not_evaluated
He’s requesting a doggie bag.,1.3151515151515152,0.045333665333493,165,123,32,10,not_evaluated,not_evaluated
It works!! We've silenced the alarm!!,1.3141361256544504,0.0430165374969798,191,144,34,13,not_evaluated,not_evaluated
"So definitely, the seer did not say ""Beware of the fog.""",1.3131868131868132,0.0464737203145202,182,141,25,16,not_evaluated,not_evaluated
Quick! Get the Trojan cat!,1.3121387283236994,0.046789847685529,173,133,26,14,not_evaluated,not_evaluated
"It’s working, boys!  This should hold him til Gulliver gets here.",1.3112244897959184,0.0415601378504553,196,147,37,12,not_evaluated,not_evaluated
"The mighty beast demands to know ""Who's a good boy?""",1.3110047846889952,0.0414764459597487,209,159,35,15,not_evaluated,not_evaluated
"It's looking a bit ""ruff"" up here.",1.310734463276836,0.0438536008368927,177,133,33,11,not_evaluated,not_evaluated
He's a good boy! I repeat... he's a good boy!,1.3101604278074863,0.0455010298525876,187,145,26,16,not_evaluated,not_evaluated
Send for the squeaky mouse!,1.309782608695652,0.0419805442980306,184,137,37,10,not_evaluated,not_evaluated
let's try a slipper.,1.3095238095238095,0.0401866663997094,210,158,39,13,not_evaluated,not_evaluated
Prepare the Cat-apluts!,1.3091787439613527,0.0394050069190949,207,154,42,11,not_evaluated,not_evaluated
Now ! Throw the ball !,1.3089887640449438,0.0457713599623071,178,137,27,14,not_evaluated,not_evaluated
Says HE’S the good boy.,1.3081761006289307,0.045452098780404,159,119,31,9,not_evaluated,not_evaluated
Now catapult the enormous tennis ball!,1.3080357142857142,0.0378984109463164,224,167,45,12,not_evaluated,not_evaluated
Bring forth the giant squeaky toy.,1.3076923076923077,0.0392577414270388,182,132,44,6,not_evaluated,not_evaluated
Summon the tennis ball catapults!,1.3073170731707318,0.040806967758618,205,155,37,13,not_evaluated,not_evaluated
Watch out! The blue ones are Viagra.,1.306818181818182,0.043927263589059,176,133,32,11,not_evaluated,not_evaluated
If we run out of bones we'll use the peasants.,1.306532663316583,0.0403972167167892,199,149,39,11,not_evaluated,not_evaluated
It's time to launch the kibble.,1.3064516129032258,0.0394425918133464,186,136,43,7,not_evaluated,not_evaluated
His gums look good!,1.3055555555555556,0.0453260634864154,180,139,27,14,not_evaluated,not_evaluated
"Good dog...., Keep sending them up. ..., Who's a good do?. Yes you are ......
Quick hurry you idiots",1.305084745762712,0.0406694050227614,177,130,40,7,not_evaluated,not_evaluated
Now he demands to go for a walk.,1.305,0.0395943628290593,200,149,41,10,not_evaluated,not_evaluated
"Sir Knick, Knack, Paddy, Whack, you all know what to do!",1.3043478260869563,0.0440950045945313,161,120,33,8,not_evaluated,not_evaluated
Hold off! ‘Stay’ seems to work!,1.304093567251462,0.0423700727532543,171,127,36,8,not_evaluated,not_evaluated
Retreat! It doesn’t mean give him a treat again!,1.3036649214659686,0.0434104883988929,191,147,30,14,not_evaluated,not_evaluated
The guard takes bribes.  Repeat. The guard takes bribes.,1.303370786516854,0.0427643987689795,178,134,34,10,not_evaluated,not_evaluated
"Yo , Nick, Paddy, Knack... up here on the double!!",1.303225806451613,0.0487585241585723,155,120,23,12,not_evaluated,not_evaluated
It's three knights' dog.,1.303030303030303,0.0441928870481421,165,124,32,9,not_evaluated,not_evaluated
Knickknack paddy wack! I said KNICK KNACK PADDY WACK!!!!,1.3027027027027027,0.0437143840755784,185,142,30,13,not_evaluated,not_evaluated
He wants to know if we have anything grain-free?,1.3027027027027027,0.0402141186923786,185,137,40,8,not_evaluated,not_evaluated
"I'm afraid some will call this appeasement.""",1.302325581395349,0.0405151235996028,172,126,40,6,not_evaluated,not_evaluated
Hand me the one that's the breath freshener for crying out loud,1.3020833333333333,0.0438392466266641,192,149,28,15,not_evaluated,not_evaluated
"Ok we are going over the top, but watch where you step!!",1.301775147928994,0.0450452433151756,169,129,29,11,not_evaluated,not_evaluated
'Keepeth him distracted!' saith the royal neuterer.,1.3015873015873016,0.0423772650868111,189,144,33,12,not_evaluated,not_evaluated
"If you throw a few more, he might not notice the horse.",1.300970873786408,0.0387282455415802,206,154,42,10,not_evaluated,not_evaluated
Casualty report: Knickknack and Paddywhack are down!,1.3006134969325154,0.0461622439082127,163,125,27,11,not_evaluated,not_evaluated
"Hurry, he can’t bark while he is chewing!",1.2994350282485876,0.0428241676130987,177,134,33,10,not_evaluated,not_evaluated
"I said a fake, giant horse, not a real, giant dog!",1.2994011976047903,0.0445540553993377,167,127,30,10,not_evaluated,not_evaluated
Keep 'em coming.  I think he's warming to us.,1.2994011976047903,0.0411884010973522,167,123,38,6,not_evaluated,not_evaluated
He's got 'sit'. Now we work on 'stay',1.2988505747126438,0.044068764600178,174,133,30,11,not_evaluated,not_evaluated
It's okay - he's a lab.,1.2981366459627328,0.04479483986276,161,122,30,9,not_evaluated,not_evaluated
I told you a trojan puppy would never work!,1.2980132450331126,0.0477250236210016,151,116,25,10,not_evaluated,not_evaluated
We're in!  And you said a Trojan dog was a bad idea!,1.2980132450331126,0.0458375112557832,151,114,29,8,not_evaluated,not_evaluated
"Get back, we picked a bone with the wrong people!",1.2974683544303798,0.0462314318742746,158,121,27,10,not_evaluated,not_evaluated
Anyone got a ball?,1.2969696969696969,0.0396065670010847,165,120,41,4,not_evaluated,not_evaluated
"Wait, go back. It's a palindrome - it's a Dog, not a God!",1.296875,0.0418010893401855,192,147,33,12,not_evaluated,not_evaluated
He's color blind so just give me the biggest one.,1.2962962962962965,0.0422435270177775,189,145,32,12,not_evaluated,not_evaluated
You idiots! I asked for the magic bones that make him SMALLER!,1.2960893854748603,0.0466393894266803,179,142,21,16,not_evaluated,not_evaluated
Release the belly scratcher!!!!,1.294478527607362,0.0443185976790394,163,124,30,9,not_evaluated,not_evaluated
WHERE’S THE LEASH? GET THE LEASH!,1.2944444444444445,0.0414639180547172,180,136,35,9,not_evaluated,not_evaluated
Quickly! Re-treat! Re-treat!,1.2944444444444445,0.042205802289248,180,137,33,10,not_evaluated,not_evaluated
He said we must think out of the box.,1.2941176470588236,0.0462586773915911,153,117,27,9,not_evaluated,not_evaluated
I think the milk-bones worked!,1.2937062937062938,0.0463715099400987,143,108,28,7,not_evaluated,not_evaluated
"Okay, he sat for that one, now I'm trying play dead.",1.2935323383084578,0.0404211633770141,201,154,35,12,not_evaluated,not_evaluated
OK....plan B. Fetch the squirrel.,1.2934782608695652,0.0401026887482589,184,138,38,8,not_evaluated,not_evaluated
Bring me the big squeaky toy!,1.293103448275862,0.0439146965073043,174,134,29,11,not_evaluated,not_evaluated
Did anyone bring a ball?!,1.293103448275862,0.0407766783481383,174,130,37,7,not_evaluated,not_evaluated
Forget the horse-this seems to be working!,1.293103448275862,0.0431515909471872,174,133,31,10,not_evaluated,not_evaluated
Now let’s get him to play dead,1.293103448275862,0.0382546100874352,174,127,43,4,not_evaluated,not_evaluated
"Don’t worry, they never bite the band that feeds them.",1.292817679558011,0.0461802667216426,181,144,21,16,not_evaluated,not_evaluated
We're gonna need a bigger moat.,1.2926829268292683,0.0465602778770825,164,128,24,12,not_evaluated,not_evaluated
Unleash the squeaky toy!,1.2925170068027212,0.0465077946736154,147,112,27,8,not_evaluated,not_evaluated
We've got the wrong address!,1.2925170068027212,0.0465077946736154,147,112,27,8,not_evaluated,not_evaluated
We’re going to need a bigger bone,1.292207792207792,0.0459969816616986,154,118,27,9,not_evaluated,not_evaluated
Get Water!!  His mouth is dry as a bone.,1.292207792207792,0.0486864420086073,154,121,21,12,not_evaluated,not_evaluated
Operation ‘Who’s a good boy’ is working!!,1.2921348314606742,0.0453545631472156,178,140,24,14,not_evaluated,not_evaluated
Keep 'em coming. He says he'll show us the doggy door.,1.2916666666666667,0.0425134932761449,168,127,33,8,not_evaluated,not_evaluated
"Report to the King immediately: ""the Devil's Hellhound's tartar buildup is reduced and its breath is as fresh as the morning dew!""",1.2913907284768211,0.0465966715440644,151,116,26,9,not_evaluated,not_evaluated
"No, no! I said r̲e̲treat!",1.2912087912087913,0.0439275756272728,182,142,27,13,not_evaluated,not_evaluated
Turns out he’s NOT a good boy.,1.2911392405063291,0.048606973443311,158,125,20,13,not_evaluated,not_evaluated
Get back. He’s got fleas and they’re huge.,1.290909090909091,0.0463112177048431,165,129,24,12,not_evaluated,not_evaluated
I need the biggest plastic bag you can find!,1.2901234567901234,0.0407751166106082,162,120,37,5,not_evaluated,not_evaluated
Get back; he's not a good boy!,1.2899408284023668,0.0447248638649885,169,131,27,11,not_evaluated,not_evaluated
Bring up the scooper.,1.2894736842105263,0.0425708730953682,190,148,29,13,not_evaluated,not_evaluated
Toss me another.  He's a good boy.,1.289156626506024,0.0436222633451563,166,127,30,9,not_evaluated,not_evaluated
"Quick, who’s got the big plastic bag.",1.288770053475936,0.0423581856405193,187,145,30,12,not_evaluated,not_evaluated
"The Danes won't think he's so great, when he lets us in for a belly rub.",1.2883435582822085,0.0466429049612979,163,128,23,12,not_evaluated,not_evaluated
"Enough with the Milk-Bone, we need Snausages!",1.2881355932203389,0.0401849077233805,177,133,37,7,not_evaluated,not_evaluated
No no no. I said treaty!,1.2875,0.0446751904473773,160,123,28,9,not_evaluated,not_evaluated
Abort! He wants to shake!,1.2875,0.0472411017876722,160,126,22,12,not_evaluated,not_evaluated
No more bone treats. Release the squeaky toys!,1.2874251497005988,0.0408249436837227,167,125,36,6,not_evaluated,not_evaluated
It’s safe. He’s a good boy.”,1.2873563218390804,0.0406054209380436,174,131,36,7,not_evaluated,not_evaluated
Keep them coming until we can find a big leash.,1.2873563218390804,0.0406054209380436,174,131,36,7,not_evaluated,not_evaluated
Confirmed that this is indeed a good dog! Please keep them coming!,1.2873563218390804,0.0452486996264796,174,137,24,13,not_evaluated,not_evaluated
Who wants to walk him?,1.286624203821656,0.0487060693018596,157,125,19,13,not_evaluated,not_evaluated
Wrong house!,1.286549707602339,0.0450352704828204,171,134,25,12,not_evaluated,not_evaluated
Remember the Alpo!,1.2857142857142858,0.0499596078221444,140,110,20,10,not_evaluated,not_evaluated
I draw the line at bowwowing to him.,1.2857142857142858,0.0431712775153928,147,110,32,5,not_evaluated,not_evaluated
Be ready.  His loyalty is conditional.,1.2857142857142858,0.0419318383713788,154,115,34,5,not_evaluated,not_evaluated
Give me a bone with meat on it! HURRY!!,1.2857142857142858,0.0419318383713788,154,115,34,5,not_evaluated,not_evaluated
He's ready to give us the ball back..,1.2857142857142858,0.0472186401113043,133,101,26,6,not_evaluated,not_evaluated
"Stand back
A royal poop is coming!!!!!",1.284848484848485,0.0445110254045192,165,128,27,10,not_evaluated,not_evaluated
"Good news, we have more biscuits. Bad news, he’s the runt of the litter.",1.2848101265822784,0.041237579301138,158,118,35,5,not_evaluated,not_evaluated
"No! I said, ""retreat!""",1.2839506172839503,0.0450520371556324,162,126,26,10,not_evaluated,not_evaluated
"I have to come down, this dog breath is killing me.",1.2833333333333334,0.0411466620322931,180,138,33,9,not_evaluated,not_evaluated
Who wants to volunteer the belly rub.,1.2833333333333334,0.0433505194397035,180,141,27,12,not_evaluated,not_evaluated
I fed him; now one of you has to walk him!,1.2833333333333334,0.0440606489071927,180,142,25,13,not_evaluated,not_evaluated
I think we can end this war with treaties.,1.2826086956521738,0.0459845691774017,138,105,27,6,not_evaluated,not_evaluated
He says for another one he'll roll over.,1.2824858757062148,0.0383750022856048,177,132,40,5,not_evaluated,not_evaluated
Two more bones and then catapult the cat!,1.2824858757062148,0.0459853689155358,177,142,20,15,not_evaluated,not_evaluated
What does it mean when he offers you his bone?,1.2822085889570551,0.0448086664745597,163,127,26,10,not_evaluated,not_evaluated
It's worse than we thought! He's a REALLY good boy!,1.2822085889570551,0.0439553890801731,163,126,28,9,not_evaluated,not_evaluated
Turns out our hunting dog is just a gathering dog.,1.2818791946308723,0.0467330460219619,149,116,24,9,not_evaluated,not_evaluated
He says he likes the grey ones!,1.2816901408450705,0.046198181989001,142,109,26,7,not_evaluated,not_evaluated
Quick! Send up the one that freshens breath!,1.2810457516339868,0.0458620712418457,153,119,25,9,not_evaluated,not_evaluated
"We’ve got him chewing,boys.  
Roll in our “Trojan” tennis shoe.",1.2808988764044944,0.0450547732207779,178,142,22,14,not_evaluated,not_evaluated
He’s lifting his leg!,1.2808988764044944,0.040608530600883,178,136,34,8,not_evaluated,not_evaluated
"Hey Nick! Knack! Paddy!Whack!
Give this dog a bone!",1.2804878048780488,0.0470185305826425,164,131,20,13,not_evaluated,not_evaluated
"He's actually not a ""good boy"" after all!",1.28,0.0464584681381658,150,117,24,9,not_evaluated,not_evaluated
I'm not dyslexic; there is a dog!,1.28,0.0444906545750792,150,115,28,7,not_evaluated,not_evaluated
"OK, the bones are working! Forget the giant Frisbee!",1.2797619047619049,0.0412984257387419,168,128,33,7,not_evaluated,not_evaluated
Let’s go boys-it’s crunch time!,1.2797202797202798,0.0448308973520645,143,109,28,6,not_evaluated,not_evaluated
"OK, on three, everyone yell sit!",1.279503105590062,0.0433560838827112,161,124,29,8,not_evaluated,not_evaluated
I did tell her and she is sitting!,1.2792207792207793,0.0446593965087341,154,119,27,8,not_evaluated,not_evaluated
Is this is what the king meant when he said the crusades are about dogma?,1.2790697674418603,0.0406515057430291,172,131,34,7,not_evaluated,not_evaluated
The Curious Incident of the Dog in the Knight-Time,1.2787878787878788,0.0426296368909524,165,127,30,8,not_evaluated,not_evaluated
I got him to sit!  We're in!,1.2781065088757395,0.0410866908183084,169,129,33,7,not_evaluated,not_evaluated
I wouldn’t send a knight out on a dog like this!,1.2777777777777777,0.046542936304751,162,129,21,12,not_evaluated,not_evaluated
This isn't working!  Get the cat-a-pult!,1.2773722627737227,0.0482963593032787,137,107,22,8,not_evaluated,not_evaluated
Stay back! His dog breath is huge too!,1.2771084337349397,0.0432577255056857,166,129,28,9,not_evaluated,not_evaluated
He seems friendly. And well fed.,1.2768361581920904,0.0373402384577622,177,132,41,4,not_evaluated,not_evaluated
"Come on guys, throw me a bone!",1.2767295597484276,0.0445340047632272,159,124,26,9,not_evaluated,not_evaluated
Stop hounding me!,1.2767295597484276,0.043631022041102,159,123,28,8,not_evaluated,not_evaluated
"Next, a volunteer for the belly rub.",1.2763157894736843,0.0439800253516059,152,117,28,7,not_evaluated,not_evaluated
Quick!  Get a rolled-up newspaper!,1.276243093922652,0.040022954319153,181,139,34,8,not_evaluated,not_evaluated
Why are we helping him have strong teeth?,1.2761194029850746,0.0466493653371885,134,103,25,6,not_evaluated,not_evaluated
"I think we found our 'Alpha'""..",1.2756410256410255,0.042242474233167,156,119,31,6,not_evaluated,not_evaluated
"What's their word for ""sit""?",1.2756410256410255,0.0412518320005425,156,118,33,5,not_evaluated,not_evaluated
With a nic nac paddy whack ..,1.275,0.0433919535769032,160,124,28,8,not_evaluated,not_evaluated
"Just four left?!""",1.2745098039215683,0.0465855979072308,153,121,22,10,not_evaluated,not_evaluated
We’re going to need the whole bag.,1.2745098039215683,0.0474996552027453,153,122,20,11,not_evaluated,not_evaluated
He says he prefers 'people' food.,1.2741935483870968,0.0407058218912246,186,145,31,10,not_evaluated,not_evaluated
No worries!  It's Clifford!,1.2741935483870968,0.0516432182149564,124,98,18,8,not_evaluated,not_evaluated
Now run real fast in different directions.,1.2738853503184713,0.0448302958694674,157,123,25,9,not_evaluated,not_evaluated
Somebody get a plastic bag...a really big plastic bag,1.2732919254658386,0.0457745433943592,161,128,22,11,not_evaluated,not_evaluated
"Stop, he only wants chicken flavor.",1.2732919254658386,0.0466148964872268,161,129,20,12,not_evaluated,not_evaluated
He's rejected the peace treaty!,1.2727272727272727,0.0456756172310503,143,111,25,7,not_evaluated,not_evaluated
Watch out! He’s going to roll over!,1.2721518987341771,0.0427325289428187,158,122,29,7,not_evaluated,not_evaluated
Appeasing the gods?  I was certain the memo said appeasing the dogs!,1.2721518987341771,0.041778503740146,158,121,31,6,not_evaluated,not_evaluated
Quick! Another biscuit! He’s not a very good boy after all!,1.272108843537415,0.0478382006590289,147,117,20,10,not_evaluated,not_evaluated
Throw me a bone here.,1.272,0.0445421149026401,125,94,28,3,not_evaluated,not_evaluated
They’re eating out of our hands.,1.271523178807947,0.0408883418289619,151,114,33,4,not_evaluated,not_evaluated
Crunch time!,1.271523178807947,0.045971269302411,151,119,23,9,not_evaluated,not_evaluated
Go get the catapult! And a really big tennis ball!,1.2713178294573644,0.0501354004661881,129,102,19,8,not_evaluated,not_evaluated
The treats aren't going to do it. Someone get the vacuum cleaner.,1.271186440677966,0.0404547892501596,177,137,32,8,not_evaluated,not_evaluated
He's thirsty. Go fetch a lake.,1.271186440677966,0.0420118155290911,177,139,28,10,not_evaluated,not_evaluated
Now let's see if he'll go for a walk.,1.2710843373493976,0.0430666399990297,166,130,27,9,not_evaluated,not_evaluated
"Okay, I've got him distracted. Let the cat in the back door.",1.2705882352941176,0.0439729614959505,170,135,24,11,not_evaluated,not_evaluated
"He says he hasn't learned ""play dead"" yet!",1.2701149425287357,0.0408795554524274,174,135,31,8,not_evaluated,not_evaluated
Tell the mailman he can drop that package by the moat.,1.27007299270073,0.0445670572122642,137,105,27,5,not_evaluated,not_evaluated
He likes the quinoa one!,1.27007299270073,0.0480442422089116,137,108,21,8,not_evaluated,not_evaluated
"No, no, the EXPLODING dog treats!",1.269736842105263,0.0417155577724734,152,116,31,5,not_evaluated,not_evaluated
Quick! The leash!,1.2695035460992907,0.0470824931100542,141,111,22,8,not_evaluated,not_evaluated
Come on up.  He's acting like a dog with a bone!,1.2694610778443114,0.0436726793104323,167,132,25,10,not_evaluated,not_evaluated
"Now fetch the giant head scratcher, we’ve nearly got him.",1.2690058479532165,0.040476067493057,171,132,32,7,not_evaluated,not_evaluated
"Tennis ball,tennis ball!!!",1.2689655172413794,0.0451213481066448,145,113,25,7,not_evaluated,not_evaluated
He wants banana flavored.,1.26875,0.0440856397489644,160,126,25,9,not_evaluated,not_evaluated
No problem.  We're in.  It's a Labrador.,1.2684563758389262,0.0482139486392714,149,120,18,11,not_evaluated,not_evaluated
"Now, yell 'walkies!'",1.2684563758389262,0.0442922787528648,149,116,26,7,not_evaluated,not_evaluated
It's not working! Bring me that giant tennis ball!,1.2679738562091505,0.0425035014924906,153,118,29,6,not_evaluated,not_evaluated
"Every dog must have his day, but this is ridiculous!",1.267515923566879,0.0417857995772324,157,121,30,6,not_evaluated,not_evaluated
"Follow me, I can see the doggie door...",1.267515923566879,0.0397835947552809,157,119,34,4,not_evaluated,not_evaluated
Last one up does the neutering!,1.2674418604651163,0.0435167298930688,172,137,24,11,not_evaluated,not_evaluated
"Quickly now, fetch the squeaky toy!",1.2674418604651163,0.0419250148309766,172,135,28,9,not_evaluated,not_evaluated
Send up the chlorophyll. His breath is worse than his bite.,1.2674418604651163,0.0419250148309766,172,135,28,9,not_evaluated,not_evaluated
Whoever said it’s a dog-eat-dog world never climbed the Labrador of Success,1.2671232876712328,0.042690674709725,146,112,29,5,not_evaluated,not_evaluated
He's bad to the bone!,1.2670454545454546,0.0404715964358184,176,137,31,8,not_evaluated,not_evaluated
I think he just needs to go out.,1.2666666666666666,0.0525715909549718,120,96,16,8,not_evaluated,not_evaluated
We're going to need bigger bones.,1.266304347826087,0.0407633443455581,184,145,29,10,not_evaluated,not_evaluated
"He can't tell the difference when it's green, yellow or red!!",1.2662337662337662,0.0422624407079578,154,119,29,6,not_evaluated,not_evaluated
Quick! Get the giant stick!,1.2662337662337662,0.0451747850915142,154,122,23,9,not_evaluated,not_evaluated
I think it's time for the catapults!,1.2662337662337662,0.0451747850915142,154,122,23,9,not_evaluated,not_evaluated
"Okay, we've got his trust.  Signal the troops down by the tree line  to release the Giant Cat of Algiers and this guy will be out of here like a shot.  The castle will be ours.",1.2658227848101269,0.043451917541463,158,124,26,8,not_evaluated,not_evaluated
Throw the ball!,1.2657342657342658,0.0485696614290394,143,115,18,10,not_evaluated,not_evaluated
"Hurry it up, give a dog a bone.",1.2649006622516556,0.0447726528356281,151,119,24,8,not_evaluated,not_evaluated
Prepare the Scooper!,1.2647058823529411,0.04378865615352,170,136,23,11,not_evaluated,not_evaluated
He still refuses to give me his paw!,1.2647058823529411,0.0433299321410907,136,104,28,4,not_evaluated,not_evaluated
"This ladder's too slow, you're going to have to throw the dog a bone!",1.2644628099173554,0.0494718594933001,121,95,20,6,not_evaluated,not_evaluated
It's the dog that ate our homework!,1.2644628099173554,0.0494718594933001,121,95,20,6,not_evaluated,not_evaluated
He said no more vegan biscuits!,1.2641509433962264,0.0432101249062025,159,125,26,8,not_evaluated,not_evaluated
"He's not a husky, he's just big-boned!",1.2635658914728682,0.0510540305128662,129,104,16,9,not_evaluated,not_evaluated
These should be enough to get us unconditional love.,1.2635658914728682,0.0522267944891932,129,105,14,10,not_evaluated,not_evaluated
"Hurry! We need the Holy Tennis Ball,",1.2635135135135136,0.0443140259965886,148,116,25,7,not_evaluated,not_evaluated
Run for your lives! He's got gas!,1.2634730538922156,0.0426416445368977,167,132,26,9,not_evaluated,not_evaluated
We'll worry about walking him later.,1.263157894736842,0.0425528725599287,133,101,29,3,not_evaluated,not_evaluated
He wants to go for a walk!,1.263157894736842,0.0445112512801521,152,120,24,8,not_evaluated,not_evaluated
We need bigger biscuits!,1.263157894736842,0.0404066577133291,152,116,32,4,not_evaluated,not_evaluated
Pass me the one with the sedative!,1.263157894736842,0.0445112512801521,152,120,24,8,not_evaluated,not_evaluated
"Throw me a bone. No, really. THROW ME A BONE!",1.2628205128205128,0.0417881730285057,156,121,29,6,not_evaluated,not_evaluated
Let’s name him Gulliver.,1.2627737226277371,0.0430558677687934,137,105,28,4,not_evaluated,not_evaluated
"Back off, I smell gas",1.2627737226277371,0.0454806790102717,137,107,24,6,not_evaluated,not_evaluated
Why is training him always a battle?,1.2627737226277371,0.0466458397951108,137,108,22,7,not_evaluated,not_evaluated
A leash!  A leash!  My kingdom for a bloody leash!,1.2624113475177303,0.0446140604990962,141,110,25,6,not_evaluated,not_evaluated
Aye! We must feed the dogs of war! Let us give it green peace next!,1.2624113475177303,0.0457354514224003,141,111,23,7,not_evaluated,not_evaluated
The Leash!,1.2624113475177303,0.0478995382232248,141,113,19,9,not_evaluated,not_evaluated
We're in!,1.2622950819672132,0.0491125396521135,122,96,20,6,not_evaluated,not_evaluated
It's not working. It's just making his teeth and gums healthier!,1.2620689655172417,0.0415465967170754,145,111,30,4,not_evaluated,not_evaluated
Now we definitely have a dog in this fight!,1.2620689655172417,0.0426837807531658,145,112,28,5,not_evaluated,not_evaluated
"It's gonna be okay!  I asked him if he's a ""GOOD BOY!"" and he wagged his tail!",1.2620689655172417,0.0489552630782686,145,118,16,11,not_evaluated,not_evaluated
Get the leash and poo bags ready !!!,1.2615384615384615,0.0470397973501811,130,102,22,6,not_evaluated,not_evaluated
Somebody throw a ball!,1.2611464968152866,0.0434755923303353,157,124,25,8,not_evaluated,not_evaluated
Wait! Who brought the plastic bag?,1.2606060606060605,0.042896745774035,165,131,25,9,not_evaluated,not_evaluated
Because he’s a good boy and deserves all the treats!,1.2605633802816902,0.0454498128977138,142,112,23,7,not_evaluated,not_evaluated
This is not going to work. Get the vacuum.,1.2605633802816902,0.0496512434477262,142,116,15,11,not_evaluated,not_evaluated
Quick! He says he likes the yellow ones better!,1.2605633802816902,0.0431961254130865,142,110,27,5,not_evaluated,not_evaluated
"We're going to need the extra extra large
 poop bags!",1.2603550295857988,0.0430194781065071,169,135,24,10,not_evaluated,not_evaluated
"OK that's enough, he's sitting.",1.2602739726027397,0.0456463521890525,146,116,22,8,not_evaluated,not_evaluated
"He trusts me now, bring the frisbee!",1.2602739726027397,0.0424284048050164,146,113,28,5,not_evaluated,not_evaluated
any gluten free ?,1.2602739726027397,0.0456463521890525,146,116,22,8,not_evaluated,not_evaluated
He's keto – fall back!,1.2601626016260163,0.047371814556113,123,96,22,5,not_evaluated,not_evaluated
No more treats until he learns to sit.,1.259493670886076,0.0422883866692528,158,124,27,7,not_evaluated,not_evaluated
He's being a good boy!,1.2592592592592593,0.0445640550070256,135,105,25,5,not_evaluated,not_evaluated
Hurry! The squirrel is coming!,1.2592592592592593,0.0415883142355715,162,127,28,7,not_evaluated,not_evaluated
Bring forth the Royal pooper scooper next.,1.2592592592592593,0.0397017053632912,162,125,32,5,not_evaluated,not_evaluated
We’ll need a bigger bone!,1.2589928057553956,0.0437265861459816,139,108,26,5,not_evaluated,not_evaluated
How could you forget the tennis ball?,1.2589928057553956,0.0437265861459816,139,108,26,5,not_evaluated,not_evaluated
Throw me a frickin’ bone here!,1.2589928057553956,0.0460493557511131,139,110,22,7,not_evaluated,not_evaluated
Keep those biscuits coming. I've almost taught him Stay.,1.2587412587412588,0.0440638384269667,143,112,25,6,not_evaluated,not_evaluated
We need to cut back on the treats.,1.2586206896551724,0.0443522252917674,116,88,26,2,not_evaluated,not_evaluated
This isn't working. Get the giant tennis ball.,1.2585034013605445,0.0453693314328217,147,117,22,8,not_evaluated,not_evaluated
it's ok! He's wagging his tail!,1.2582781456953642,0.0455174576885816,151,121,21,9,not_evaluated,not_evaluated
Hurry up!  He's not gonna sit/stay forever!,1.2580645161290325,0.048408946898032,124,98,20,6,not_evaluated,not_evaluated
Puppies! There are eight puppies!,1.2580645161290325,0.0417853650266213,155,121,28,6,not_evaluated,not_evaluated
He is definitely a good boy!,1.2578125,0.0473797869493744,128,101,21,6,not_evaluated,not_evaluated
"This is the last time I offer to feed Gulliver's dog"".",1.2578125,0.0499089892052934,128,103,17,8,not_evaluated,not_evaluated
We are going to need a bigger biscuit.,1.2573529411764706,0.0478244833987176,136,109,19,8,not_evaluated,not_evaluated
"Hurry it up Nick,Nack,Paddy,Wack !",1.2571428571428571,0.0479502017410999,140,113,18,9,not_evaluated,not_evaluated
"Thank goodness! The last one had a Cat.  They're really finicky eaters, and a lot harder to please.",1.2571428571428571,0.0446194697218127,140,110,24,6,not_evaluated,not_evaluated
He says he needs to go outside .,1.2571428571428571,0.0446194697218127,140,110,24,6,not_evaluated,not_evaluated
Welcome to the Church of doG and the Ladder Day Saints!,1.2567567567567568,0.0461035765459407,148,119,20,9,not_evaluated,not_evaluated
I'm going to try a dominance move that TV guy does. Tell my wife I love her.,1.256578947368421,0.0452489247442633,152,122,21,9,not_evaluated,not_evaluated
"I think I've gained his trust,
Smartly now, load the squeaky toy into the catapult!",1.25625,0.0408699377070249,160,125,29,6,not_evaluated,not_evaluated
"Quick, another bone or its me..",1.255639097744361,0.0460988162405191,133,105,22,6,not_evaluated,not_evaluated
"Ok, that one worked for ""Sit.""  Hand up another and I'll try ""Roll over"".",1.255639097744361,0.0435575312164459,133,103,26,4,not_evaluated,not_evaluated
"Quick, get the huge cone!",1.255639097744361,0.0473183053936835,133,106,20,7,not_evaluated,not_evaluated
"It’s a dragondoodle, retreat!",1.255639097744361,0.0460988162405191,133,105,22,6,not_evaluated,not_evaluated
No! HE’S going to fetch them!,1.2554744525547443,0.0401654974246781,137,104,31,2,not_evaluated,not_evaluated
The intelligence was wrong! It ain't Clifford.,1.25531914893617,0.0465684180555605,141,113,20,8,not_evaluated,not_evaluated
Talk about a Great Dane!,1.2551724137931035,0.0467110937384278,145,117,19,9,not_evaluated,not_evaluated
"Hey Knick, Hey Knack, Hey Paddywhack, give this dog a bone, will ya!",1.2551724137931035,0.042412079833322,145,113,27,5,not_evaluated,not_evaluated
We're either going to be sued by the IP owners of Clifford or Monty Python for this.,1.2546583850931676,0.0434172153522462,161,129,23,9,not_evaluated,not_evaluated
Keep ‘em coming!  His tail has already wiped out half a squadron of defenders!,1.2540983606557377,0.0487778773444206,122,97,19,6,not_evaluated,not_evaluated
It's time for fetch. Is the catapult ready?,1.253968253968254,0.047724750407533,126,100,20,6,not_evaluated,not_evaluated
It took only one biscuit and the guard dog is ours!,1.2538461538461538,0.0492175369814075,130,105,17,8,not_evaluated,not_evaluated
Good news: He says his people will be open to biscuit diplomacy.,1.2538461538461538,0.0467316250280523,130,103,21,6,not_evaluated,not_evaluated
"If we don't obey, it's back to the crate.",1.2538461538461538,0.047990679950792,130,104,19,7,not_evaluated,not_evaluated
Hurry! He's giving me those puppy-dog-eyes again!,1.2536231884057971,0.0460678444523835,138,110,21,7,not_evaluated,not_evaluated
"It's not working, he's color-blind - get the Trojan Squirrel ready!",1.2536231884057971,0.0437112485167721,138,108,25,5,not_evaluated,not_evaluated
Bigger treats! He’s the runt of the litter!,1.2535211267605637,0.0417342311678877,142,110,28,4,not_evaluated,not_evaluated
Quick! Get the squeaky toy!,1.2533333333333334,0.0414358258747301,150,117,28,5,not_evaluated,not_evaluated
Tell my wife I knew about her lover.,1.2532467532467533,0.0407485434321498,154,120,29,5,not_evaluated,not_evaluated
"It worked! I said ""Sit!"" And he sat!",1.2521008403361344,0.0433901742388231,119,91,26,2,not_evaluated,not_evaluated
We are in luck. He is a good boy.,1.2518518518518518,0.0478602610755273,135,109,18,8,not_evaluated,not_evaluated
He is impervious to Flavor-Snacks!  Retreat!,1.2518518518518518,0.0429926890548086,135,105,26,4,not_evaluated,not_evaluated
"We've already TRIED knicking, knacking, and paddy whacking! !",1.2518518518518518,0.0466909656218854,135,108,20,7,not_evaluated,not_evaluated
At least he's not drooling.,1.2518518518518518,0.0403392448260546,135,103,30,2,not_evaluated,not_evaluated
Keep it up!  He's wagging his tail.,1.2517985611510791,0.0479955046680493,139,113,17,9,not_evaluated,not_evaluated
"Make haste, you fools!  Release the squirrels!",1.2517985611510791,0.0457716029785949,139,111,21,7,not_evaluated,not_evaluated
He is accepting our treaty,1.2517985611510791,0.0468967381998517,139,112,19,8,not_evaluated,not_evaluated
"Full stop on the whole ""Trojan bones"" idea.",1.2517482517482517,0.0426499954113912,143,112,26,5,not_evaluated,not_evaluated
We’re going to have to re-treat.,1.2516129032258063,0.0383941898654594,155,119,33,3,not_evaluated,not_evaluated
Bring up those yellow ones. You other two sneak in the back.,1.25,0.0457333076987753,128,101,22,5,not_evaluated,not_evaluated
"I'll feed him, but you have to walk him!",1.25,0.0491524809806648,120,96,18,6,not_evaluated,not_evaluated
abort! abort! It’s a DOG shrine not a GOD shrine !,1.25,0.0463833604000869,136,109,20,7,not_evaluated,not_evaluated
"The dyslexics come, bearing gifts for god.",1.25,0.0497216401475158,132,108,15,9,not_evaluated,not_evaluated
He wants a real bone!,1.25,0.0472243044685015,116,91,21,4,not_evaluated,not_evaluated
We need a catapult.,1.25,0.0470591853853618,128,102,20,6,not_evaluated,not_evaluated
"The Knick,-knack-paddy-wack didn’t work in the slightest, We’re ALL going to be rolling home, and not in a good way.",1.25,0.0402710378190821,168,133,28,7,not_evaluated,not_evaluated
A few more and we’re in!,1.25,0.0390434404721515,164,128,31,5,not_evaluated,not_evaluated
Our intel was all wrong.,1.25,0.0461005448552103,132,105,21,6,not_evaluated,not_evaluated
Worst Crusade yet.,1.25,0.0466909194780948,124,98,21,5,not_evaluated,not_evaluated
"All together now,  shout’Good Boy!’",1.2483660130718954,0.044745434598506,153,124,20,9,not_evaluated,not_evaluated
Run! It's not Clifford!,1.2483660130718954,0.044745434598506,153,124,20,9,not_evaluated,not_evaluated
After all these treats I hope you have a very large poop bag,1.2482758620689656,0.0443460729284147,145,116,22,7,not_evaluated,not_evaluated
"Search the realm!  The beast desires chewy, not crunchy!",1.2481751824817515,0.0448998478771998,137,109,22,6,not_evaluated,not_evaluated
Now the one with the tranquilizer,1.2481751824817515,0.0436881463607682,137,108,24,5,not_evaluated,not_evaluated
Stand back! He's about to burp!,1.2468354430379749,0.0437007599324043,158,128,21,9,not_evaluated,not_evaluated
Looks like we'll need a bigger bone!,1.2467532467532467,0.0425322002491421,154,123,24,7,not_evaluated,not_evaluated
Bark indeed worse than bite.,1.2465753424657535,0.0440741032660593,146,117,22,7,not_evaluated,not_evaluated
Bad news. He wants a real bone. Any volunteers?,1.2465753424657535,0.0407321328294822,146,114,28,4,not_evaluated,not_evaluated
"I thought it was “The Alamo”, but he keeps saying “The ALPO”?",1.2465753424657535,0.0429889900720836,146,116,24,6,not_evaluated,not_evaluated
Quick! Get in the cat!,1.2464788732394363,0.04490483140553,142,114,21,7,not_evaluated,not_evaluated
Operation knick knack paddy whack is a no-go!,1.2464788732394363,0.0437784623152986,142,113,23,6,not_evaluated,not_evaluated
"Men, you can advance now -- he's agreed to be a Very Good Boy.",1.2463768115942029,0.0434076792307048,138,109,24,5,not_evaluated,not_evaluated
Wait!  You guys said he likes CHEWY treats.,1.2462686567164178,0.0478895494988627,134,109,17,8,not_evaluated,not_evaluated
Not the human flavored ones!,1.2462686567164178,0.0467031915458674,134,108,19,7,not_evaluated,not_evaluated
Bring the newspapers!,1.2461538461538462,0.0464115247720679,130,104,20,6,not_evaluated,not_evaluated
"Say it louder - good dog, good dog!",1.246031746031746,0.0431851060987803,126,98,25,3,not_evaluated,not_evaluated
He sat! He sat! He sat!,1.2459016393442623,0.0455460709089005,122,96,22,4,not_evaluated,not_evaluated
Stop!  He doesn't live here.,1.2459016393442623,0.0455460709089005,122,96,22,4,not_evaluated,not_evaluated
Is the green one a breath mint?!,1.2456140350877194,0.0522159232485992,114,93,14,7,not_evaluated,not_evaluated
He asked for blue. PASS ME THE BLUE?!?!,1.2455089820359282,0.0402601971745774,167,133,27,7,not_evaluated,not_evaluated
Bad news.  He wants more meat on the bones.,1.2452830188679245,0.0434527829506556,159,129,21,9,not_evaluated,not_evaluated
Fire the rawhide bone cannons!,1.2447552447552448,0.041179286026284,143,112,27,4,not_evaluated,not_evaluated
Get butter. Everything’s better with butter.,1.2447552447552448,0.0435053986318202,143,114,23,6,not_evaluated,not_evaluated
One of us has to take him out!,1.2444444444444445,0.0399926287661771,135,104,29,2,not_evaluated,not_evaluated
He's assuredly not a good boy.,1.2444444444444445,0.0451845508297187,135,108,21,6,not_evaluated,not_evaluated
Any color! He can't taste the difference!,1.2444444444444445,0.0439441158082614,135,107,23,5,not_evaluated,not_evaluated
"Okay, I think he likes me.",1.2442748091603053,0.0473509691053158,131,106,18,7,not_evaluated,not_evaluated
She’s now demanding an emotional support serf.,1.2439024390243902,0.0480756759048246,123,99,18,6,not_evaluated,not_evaluated
He says he's open to a treaty.,1.24375,0.0458556620853196,160,133,15,12,not_evaluated,not_evaluated
Wow! You should see that tail wag!,1.2436974789915969,0.0491581117208466,119,96,17,6,not_evaluated,not_evaluated
We’re feeding right into him.,1.243421052631579,0.0396005571165139,152,119,29,4,not_evaluated,not_evaluated
I need four volunteers to take him for his walk.,1.2432432432432432,0.0413746393968558,148,117,26,5,not_evaluated,not_evaluated
Retreat! Back to Lilliput!,1.2430555555555556,0.0420974557736266,144,114,25,5,not_evaluated,not_evaluated
He wants it gluten-free,1.2430555555555556,0.045426545917423,144,117,19,8,not_evaluated,not_evaluated
He’s a very good boy.  Keep ‘em coming,1.2429906542056075,0.0511568195807617,107,86,16,5,not_evaluated,not_evaluated
"Even if this works, we'll be cleaning up poop for weeks!",1.2428571428571429,0.0451916423657645,140,113,20,7,not_evaluated,not_evaluated
"No bones, he wants to be walked",1.2426470588235294,0.0423908614435098,136,107,25,4,not_evaluated,not_evaluated
"So far so good.  Now, who's gonna take him for a walk?",1.2421875,0.049288857315448,128,105,15,8,not_evaluated,not_evaluated
A dyslexic's attempt to build an altar to God,1.2418300653594772,0.0454558229070642,153,126,17,10,not_evaluated,not_evaluated
It's too slow - bring up the dogapult!,1.2416666666666667,0.0458285584474835,120,95,21,4,not_evaluated,not_evaluated
Keep those offerings coming -- he reminded me that dog is God spelled backwards.,1.2416107382550337,0.0453246814319545,149,122,18,9,not_evaluated,not_evaluated
The dog biscuit didn't work. I'll let him smell my butt.,1.2413793103448276,0.0451433031877137,145,118,19,8,not_evaluated,not_evaluated
What part of re-treat don't you understand?!,1.2413793103448276,0.0483935169421984,116,93,18,5,not_evaluated,not_evaluated
Would it be to much to ask to throw me a bone?”,1.2413793103448276,0.0418397120073592,145,115,25,5,not_evaluated,not_evaluated
Told you it would work.,1.2413793103448276,0.0451894059163464,116,91,22,3,not_evaluated,not_evaluated
Put down the biscuits and start loading the tennis balls into the catapult!,1.2411347517730495,0.0413803241643798,141,111,26,4,not_evaluated,not_evaluated
A Connecticut Clifford in King Arthur’s court…,1.2410714285714286,0.0461614307502854,112,88,21,3,not_evaluated,not_evaluated
Dog breath!,1.2408759124087592,0.0457811681239504,137,111,19,7,not_evaluated,not_evaluated
"Ye yellows, stay!  Ye others, round to the front!",1.2406015037593985,0.0401500602020416,133,103,28,2,not_evaluated,not_evaluated
"I need four guys up here pronto to scratch his belly""",1.240506329113924,0.0385481703914117,158,124,30,4,not_evaluated,not_evaluated
"Quick, get me an incredibly large newspaper.",1.2403100775193798,0.0437121843745734,129,102,23,4,not_evaluated,not_evaluated
A few more treats and he’ll play dead,1.2403100775193798,0.0450763695721434,129,103,21,5,not_evaluated,not_evaluated
Where is the Cat-apult?,1.2403100775193798,0.046400464704701,129,104,19,6,not_evaluated,not_evaluated
He licked my face! Gaaaaa.....,1.2402597402597402,0.0422754806467772,154,124,23,7,not_evaluated,not_evaluated
I’m afraid he’s not really a good boy.,1.24,0.0450503074500306,150,123,18,9,not_evaluated,not_evaluated
Never give up! Bring forth the liver snap!,1.24,0.0431052724864259,125,98,24,3,not_evaluated,not_evaluated
"Whatever you do, don't put on those disguises!",1.24,0.0500322476653969,125,103,14,8,not_evaluated,not_evaluated
"Such a beast as this we shall henceforth call a ""rescue.""",1.24,0.0473831329728478,125,101,18,6,not_evaluated,not_evaluated
I call him Sir Pantsalot,1.2397260273972603,0.0415850279647756,146,116,25,5,not_evaluated,not_evaluated
Trojan Hound eats enemy out of house and home.,1.2395209580838322,0.040920069895061,167,135,24,8,not_evaluated,not_evaluated
It's crunch time.,1.2394366197183098,0.0434842245063639,142,114,22,6,not_evaluated,not_evaluated
Quick go to Chewy.com and order more dog biscuits!,1.2391304347826086,0.0364428429531199,138,105,33,0,not_evaluated,not_evaluated
"No one say, ""Shake!""",1.2391304347826086,0.0466301724732144,138,113,17,8,not_evaluated,not_evaluated
"It’s OK, I think he is friendly",1.238938053097345,0.0491301328743945,113,91,17,5,not_evaluated,not_evaluated
"This really seemed like a boneheaded  idea, but It' s actually a work of genius.",1.2388059701492538,0.0451671846393246,134,108,20,6,not_evaluated,not_evaluated
I have him eating out of my hand. What should I do now?,1.238709677419355,0.0378339712621,155,121,31,3,not_evaluated,not_evaluated
"Oh, No! This is just the DOG house!",1.238709677419355,0.0399872947645143,155,123,27,5,not_evaluated,not_evaluated
Faster! His bite is definitely worse than his bark!,1.2384615384615385,0.0447664663792732,130,104,21,5,not_evaluated,not_evaluated
It’s been decided! All of the colors taste alike!,1.2384615384615385,0.0447664663792732,130,104,21,5,not_evaluated,not_evaluated
Wait for my command.,1.2384615384615385,0.0447664663792732,130,104,21,5,not_evaluated,not_evaluated
Now release the red rubber ball!,1.2384615384615385,0.0405740651026737,130,101,27,2,not_evaluated,not_evaluated
"It's not a problem if I sound like a squeaky toy when I get nervous, is it?",1.238095238095238,0.0424456581474166,147,118,23,6,not_evaluated,not_evaluated
Now bringith up thy catapult and unleash thy royal tennis ball!,1.238095238095238,0.0413333513697087,147,117,25,5,not_evaluated,not_evaluated
It's okay! He's my best friend!,1.2377049180327868,0.0521236826602761,122,102,11,9,not_evaluated,not_evaluated
"He hates pink ones.""",1.2377049180327868,0.0508074334835493,122,101,13,8,not_evaluated,not_evaluated
The one with the most cbd!,1.237410071942446,0.044017245050598,139,112,21,6,not_evaluated,not_evaluated
They’ve intercepted our supply lines!,1.2372881355932204,0.0461120047099557,118,94,20,4,not_evaluated,not_evaluated
He likes them! Fido likes them,1.237037037037037,0.0436167633616693,135,108,22,5,not_evaluated,not_evaluated
"Prithee, be quick about it!  The Beast now stares at me and drools!",1.237037037037037,0.0423304113685931,135,107,24,4,not_evaluated,not_evaluated
Gulliver's dog,1.236842105263158,0.0425085254865832,152,123,22,7,not_evaluated,not_evaluated
STOP!  HE'S GETTING BIGGER!,1.236842105263158,0.0404066577133291,152,121,26,5,not_evaluated,not_evaluated
"Look, it isn’t Cerberus, it isn’t any hound of hell—he’s just a big doggie who likes bones…",1.236842105263158,0.0425085254865832,152,123,22,7,not_evaluated,not_evaluated
That’s enough dog biscuits!  Get the pooper scooper!,1.236842105263158,0.0454795543762856,152,126,16,10,not_evaluated,not_evaluated
"Bring the pool,he is thirsty",1.236641221374046,0.0470280098802241,131,107,17,7,not_evaluated,not_evaluated
You are on clean-up,1.236641221374046,0.0431197666622345,131,104,23,4,not_evaluated,not_evaluated
"Quick, before he finishes this one.",1.236641221374046,0.0444607027508771,131,105,21,5,not_evaluated,not_evaluated
HE BE-ITH A VERY GOOD BOY!,1.236641221374046,0.0417357696096436,131,103,25,3,not_evaluated,not_evaluated
Look out! Get back!  He's lifting his leg...,1.2364864864864864,0.045339404091624,148,122,17,9,not_evaluated,not_evaluated
"All together! ""Who's a goood boy?!",1.2358490566037736,0.0545369905748554,106,88,11,7,not_evaluated,not_evaluated
It’s ON fellas! The Milkbone Siege is ON!,1.2357142857142858,0.0425433873035449,140,112,23,5,not_evaluated,not_evaluated
I'm afraid this may be a pyramid scheme.,1.2357142857142858,0.048205958323152,140,117,13,10,not_evaluated,not_evaluated
He needs water!,1.2357142857142858,0.0448942050725597,140,114,19,7,not_evaluated,not_evaluated
"Okay, we need a volunteer to do a tummy rub!",1.2352941176470589,0.0486199980511132,102,81,18,3,not_evaluated,not_evaluated
"Nobody in the future would ever believe THIS, Joshua, so just say you used trumpets.",1.2352941176470589,0.0469497646956025,136,112,16,8,not_evaluated,not_evaluated
Give me the one with hemlock.,1.2352941176470589,0.0472967918513856,119,96,18,5,not_evaluated,not_evaluated
It's not working! Call back up! We need peanut butter.,1.2348484848484849,0.0454497260148399,132,107,19,6,not_evaluated,not_evaluated
MORE BISCUITS!!,1.2347826086956522,0.0514183790085221,115,95,13,7,not_evaluated,not_evaluated
"I said hark, not bark!",1.2347826086956522,0.0499128680659337,115,94,15,6,not_evaluated,not_evaluated
"Hurry, he will tell us where the doggie door is!",1.2344827586206897,0.041538645976075,145,116,24,5,not_evaluated,not_evaluated
Hurry Up! I 've got him distracted!!,1.234375,0.0436470597159808,128,102,22,4,not_evaluated,not_evaluated
Does anyone have 600 poop bags?,1.2340425531914894,0.0434554796368669,141,114,21,6,not_evaluated,not_evaluated
This is why we should only raid castles that don’t allow pets!,1.2340425531914894,0.039804865816744,141,111,27,3,not_evaluated,not_evaluated
Take over! His breath is awful!,1.2338709677419355,0.0430128015509903,124,98,23,3,not_evaluated,not_evaluated
"Go around the corner, there's a doggy door!",1.2338709677419355,0.0445110260590157,124,99,21,4,not_evaluated,not_evaluated
Enough of the fiber ones!,1.2338709677419355,0.0414604721837966,124,97,25,2,not_evaluated,not_evaluated
"He's distracted by the treats, send in the cat-apult!",1.233644859813084,0.050703809095611,107,87,15,5,not_evaluated,not_evaluated
Boy was that informant from SPCA right on.,1.2335766423357664,0.0477743975094204,137,114,14,9,not_evaluated,not_evaluated
"More Biscuits! 
I think I can get him to roll over!",1.2335766423357664,0.0442760255276012,137,111,20,6,not_evaluated,not_evaluated
"No, he only wants the gold, not the other colors.",1.2333333333333334,0.04168344181329,150,121,23,6,not_evaluated,not_evaluated
"Hold on, where's Frank",1.2333333333333334,0.0498363334397601,120,99,14,7,not_evaluated,not_evaluated
He only wants the wheat free bones.,1.2333333333333334,0.0469419650835052,120,97,18,5,not_evaluated,not_evaluated
The mead soaked biscuits aren’t working ! Catapult the cats!,1.2333333333333334,0.0454256762579498,120,96,20,4,not_evaluated,not_evaluated
Drop it!,1.2333333333333334,0.0498363334397601,120,99,14,7,not_evaluated,not_evaluated
We're gonna need a bigger a shovel.,1.2333333333333334,0.0454256762579498,120,96,20,4,not_evaluated,not_evaluated
Hey guys! He says he wants a blue one.,1.2327586206896552,0.0447511168784926,116,92,21,3,not_evaluated,not_evaluated
This dog needs to lighten up. Do any of you have a humerus?,1.2325581395348837,0.0433454830355524,129,103,22,4,not_evaluated,not_evaluated
'And he said that our army went to the dogs! That really takes the biscuit.',1.2325581395348837,0.0419250148309766,129,102,24,3,not_evaluated,not_evaluated
It's okay--he's a good boy!,1.232394366197183,0.0443214222296548,142,116,19,7,not_evaluated,not_evaluated
"Quick, throw me the Alpo.",1.232394366197183,0.0431798372807528,142,115,21,6,not_evaluated,not_evaluated
Don't worry.  The caption will explain everything if we're lucky.,1.2321428571428572,0.0507063093043918,112,92,14,6,not_evaluated,not_evaluated
Can’t we just use the catapult to throw his ball?,1.232,0.0496906559659115,125,104,13,8,not_evaluated,not_evaluated
He says he's full and wants a doggie bag.,1.232,0.0456296451457715,125,101,19,5,not_evaluated,not_evaluated
I think it's a Trojan Dog!,1.2318840579710144,0.0427672029454807,138,111,22,5,not_evaluated,not_evaluated
"Forget the bones, get the cat!",1.2318840579710144,0.0427672029454807,138,111,22,5,not_evaluated,not_evaluated
It’s okay; it’s colorblind,1.2318840579710144,0.0402176653000388,138,109,26,3,not_evaluated,not_evaluated
"Let's go, Nick! Nack! Paddy Whack!",1.2318840579710144,0.0463291832020696,138,114,16,8,not_evaluated,not_evaluated
Oh my God! It’s a pandemic puppy.,1.2318840579710144,0.0427672029454807,138,111,22,5,not_evaluated,not_evaluated
He only wants the yellow ones!,1.2318840579710144,0.0439865908042091,138,112,20,6,not_evaluated,not_evaluated
"Cease fire, he’s eating the ammo!",1.2318840579710144,0.0415120118156533,138,110,24,4,not_evaluated,not_evaluated
"He’ll lie down, but he won’t play dead.",1.2317880794701987,0.0403557126273038,151,121,25,5,not_evaluated,not_evaluated
She says they taste better thrown than hoisted.,1.2314049586776858,0.0435357593093088,121,96,22,3,not_evaluated,not_evaluated
These aren’t working.  Do we have any with cannabis?,1.2314049586776858,0.0508337247582532,121,101,12,8,not_evaluated,not_evaluated
He says we have to pray to him too.,1.2314049586776858,0.0480477416652847,121,99,16,6,not_evaluated,not_evaluated
Just throw me a bone.,1.2314049586776858,0.0480477416652847,121,99,16,6,not_evaluated,not_evaluated
Her Majesty prefers almond milk bones.”,1.2307692307692308,0.0440403856593546,143,117,19,7,not_evaluated,not_evaluated
Send for help!  He’s been a very good boy!,1.2307692307692308,0.0444115591684327,130,105,20,5,not_evaluated,not_evaluated
Quick! Does anyone have a large baggie?!??,1.2307692307692308,0.0470202909021725,130,107,16,7,not_evaluated,not_evaluated
"Hey, what happened to the supply chain!",1.2307692307692308,0.0533261997105835,104,86,12,6,not_evaluated,not_evaluated
"Come on, throw me a bone!",1.2302158273381294,0.0412460324851471,139,111,24,4,not_evaluated,not_evaluated
Bone Up!!,1.2301587301587302,0.0453034893539586,126,102,19,5,not_evaluated,not_evaluated
"Sure he’s an old one.  But Gulliver says we better teach him some new tricks, fast.",1.2295081967213115,0.0490899227779451,122,101,14,7,not_evaluated,not_evaluated
Bring in the catapult!,1.2295081967213115,0.0447590385027755,122,98,20,4,not_evaluated,not_evaluated
Clifford likes red bones!,1.2295081967213115,0.0476900149031296,122,100,16,6,not_evaluated,not_evaluated
We're gonna need some new tricks.,1.2291666666666667,0.036502533147508,144,112,31,1,not_evaluated,not_evaluated
He wants to know if these biscuits are grain-free!,1.2291666666666667,0.0469740438999113,144,121,13,10,not_evaluated,not_evaluated
Unfortunately his bark is as big as his bite.,1.2290076335877862,0.0441064285571671,131,106,20,5,not_evaluated,not_evaluated
"So, he's definitely food motivated.",1.2290076335877862,0.0454182436050183,131,107,18,6,not_evaluated,not_evaluated
He said he asked for home-baked.,1.228813559322034,0.0424018443677596,118,93,23,2,not_evaluated,not_evaluated
He says our donation will suffice!,1.228813559322034,0.0472494450837292,118,96,17,5,not_evaluated,not_evaluated
"He's got friends, hurry!!!",1.2283464566929134,0.0421117604974853,127,101,23,3,not_evaluated,not_evaluated
No more until he rolls over!,1.2281879194630871,0.0357866247536382,149,116,32,1,not_evaluated,not_evaluated
Give me another one and I’ll see if he can play dead!,1.2280701754385963,0.048314371408499,114,93,16,5,not_evaluated,not_evaluated
Keep them coming. The Game of Bones is ours!,1.2280701754385963,0.048314371408499,114,93,16,5,not_evaluated,not_evaluated
"Pick it up, Stanley, dogs don’t have a 5 second rule",1.2277227722772277,0.0505047554251756,101,82,15,4,not_evaluated,not_evaluated
We’re gonna need more time at this rate. Go get the giant tennis ball!,1.227642276422764,0.0459081480870937,123,100,18,5,not_evaluated,not_evaluated
"OK!  Together on my three! :  ""You are a very good dog!""",1.227642276422764,0.0444328486534649,123,99,20,4,not_evaluated,not_evaluated
We need to refill his water pond.,1.227642276422764,0.0459081480870937,123,100,18,5,not_evaluated,not_evaluated
"It wants something meaty.
Any volunteers?",1.227642276422764,0.0429068528109079,123,98,22,3,not_evaluated,not_evaluated
Whichevever of you was in charge of ordering just five bones needs to  resign immediately.,1.2275862068965515,0.0412273711137033,145,117,23,5,not_evaluated,not_evaluated
"Re-treat! I said, re-treat!",1.2275449101796407,0.0386227125463051,167,135,26,6,not_evaluated,not_evaluated
Sound the retreat!,1.2272727272727273,0.045106229628472,132,108,18,6,not_evaluated,not_evaluated
"Just the breath-freshening ones, and hurry!",1.2272727272727273,0.0477327333148498,110,89,17,4,not_evaluated,not_evaluated
You're gonna need bigger bones.,1.2272727272727273,0.0477327333148498,110,89,17,4,not_evaluated,not_evaluated
"One more, and I think he’ll lie down. Then we can rush in and seize the squeaky.",1.2269503546099292,0.0407239381870556,141,113,24,4,not_evaluated,not_evaluated
"Lose the red one, he’s vegetarian!",1.2265625,0.0432655173195371,128,103,21,4,not_evaluated,not_evaluated
Ready the sweet potato!,1.2265625,0.0460213861270295,128,105,17,6,not_evaluated,not_evaluated
He says he wants real bones!,1.2265625,0.0446647118538803,128,104,19,5,not_evaluated,not_evaluated
It’s a deal!  But hurry!,1.2265625,0.0432655173195371,128,103,21,4,not_evaluated,not_evaluated
Back to Petco for more. He’s only the taster.,1.2264150943396226,0.0506614272387744,106,87,14,5,not_evaluated,not_evaluated
Poop bags!,1.2264150943396226,0.0488557641486905,106,86,16,4,not_evaluated,not_evaluated
He says he wants a chew toy. Any volunteers?,1.2262773722627738,0.0401166995723454,137,109,25,3,not_evaluated,not_evaluated
"I repeat, he is NOT a good boy!",1.2260869565217392,0.0479334485960726,115,94,16,5,not_evaluated,not_evaluated
The rest will go in the TROJAN HYDRANT.,1.2260869565217392,0.0463147945371197,115,93,18,4,not_evaluated,not_evaluated
It’s working. More yellow ones!,1.2260869565217392,0.0428946335853586,115,91,22,2,not_evaluated,not_evaluated
Forget those for now and go find a really large plastic bag!,1.2260869565217392,0.0510169197120502,115,96,12,7,not_evaluated,not_evaluated
Cease! Now let’s see whose a good dog.,1.226027397260274,0.0421107565724367,146,119,21,6,not_evaluated,not_evaluated
Bring out the cat-apult!,1.2258064516129032,0.0455734071753567,124,101,18,5,not_evaluated,not_evaluated
Back off! He's already a good boy!,1.2258064516129032,0.0497023789395976,124,104,12,8,not_evaluated,not_evaluated
Which one of you guys was supposed to bring the kibble?,1.2258064516129032,0.0425989994536005,124,99,22,3,not_evaluated,not_evaluated
"I throw, he fetches, we storm!",1.2258064516129032,0.0469900604929633,124,102,16,6,not_evaluated,not_evaluated
He says he only wants essential cookies.,1.2258064516129032,0.0497023789395976,124,104,12,8,not_evaluated,not_evaluated
He’s treat motivated! Hurry I need another one to get him to play dead.,1.2258064516129032,0.0469900604929633,124,102,16,6,not_evaluated,not_evaluated
Hurry! Re-treat! Re-treat!,1.2255639097744362,0.0460523409628095,133,110,16,7,not_evaluated,not_evaluated
"Retreat, Retreat, she’s gluten-free!",1.2254901960784317,0.0460155003830178,102,81,19,2,not_evaluated,not_evaluated
"Quick, pass me the bone of contention!",1.2254901960784317,0.0460155003830178,102,81,19,2,not_evaluated,not_evaluated
"Behold the perils of an inbred King Charles Spaniel!""",1.2252252252252251,0.052277663340144,111,93,11,7,not_evaluated,not_evaluated
I think we should just try telling him to play dead.,1.2252252252252251,0.0455823806871118,111,89,19,3,not_evaluated,not_evaluated
Send up the green one! He says he's vegan!,1.2248062015503876,0.0482748787096168,129,108,13,8,not_evaluated,not_evaluated
Sir Knick-knack! Sir Paddiwack! Now’s your time!,1.2246376811594204,0.0460178973710701,138,115,15,8,not_evaluated,not_evaluated
Oh no! they have a LABRADOR!,1.2242990654205608,0.0502303128239235,107,88,14,5,not_evaluated,not_evaluated
Send the OatMilkBone with relaxing camomile! That ought to do what the TurmericBone couldn’t.,1.2242990654205608,0.0536260740022942,107,90,10,7,not_evaluated,not_evaluated
Get the squirrel!,1.2242990654205608,0.0465876897890301,107,86,18,3,not_evaluated,not_evaluated
He's wagging his tail -- the castle is ours!,1.2241379310344829,0.0459551422251557,116,94,18,4,not_evaluated,not_evaluated
Get the catapult so he can catch them in midair.,1.224,0.0437942403047589,125,101,20,4,not_evaluated,not_evaluated
More. Much more!,1.224,0.0466476151587624,125,103,16,6,not_evaluated,not_evaluated
His breath IS getting better…,1.2237762237762235,0.0376859197209811,143,113,28,2,not_evaluated,not_evaluated
"Keep 'em coming. If I can get him to roll over and play dead, victory will be ours!",1.2234042553191489,0.0548583486503517,94,78,11,5,not_evaluated,not_evaluated
"Enough with the bones, he wants edibles.",1.2233009708737863,0.0514995741388624,103,85,13,5,not_evaluated,not_evaluated
He's a free agent! He wants four years of treats and a no trade clause.,1.2233009708737863,0.0476599550806027,103,83,17,3,not_evaluated,not_evaluated
I’ll try scratching behind his ears,1.2232142857142858,0.0415083635580309,112,88,23,1,not_evaluated,not_evaluated
"King Dyslexia VIII  *may* have meant God, but he wrote Dog!",1.2231404958677683,0.0414735524371982,121,96,23,2,not_evaluated,not_evaluated
RE-TREAAAATTT!,1.223021582733813,0.0408990373370329,139,112,23,4,not_evaluated,not_evaluated
Now get the ball,1.223021582733813,0.0445592246202955,139,115,17,7,not_evaluated,not_evaluated
"Quickly lads, the dental chew. Give me the damn dental chew!",1.2222222222222223,0.0466295358876719,135,113,14,8,not_evaluated,not_evaluated
Gulliver returned later that year bringing his new pippy,1.2222222222222223,0.0502148509622744,117,98,12,7,not_evaluated,not_evaluated
"Knights Knick, Nack, Patty, amd Wack are next to give the dog a bone!",1.2222222222222223,0.0441949881555884,135,111,18,6,not_evaluated,not_evaluated
"OK, the next one won’t be a rescue.",1.2222222222222223,0.0386004629877583,117,91,26,0,not_evaluated,not_evaluated
He wants to go to Ye Olde Dog Park now,1.2213740458015268,0.0409661308854923,131,105,23,3,not_evaluated,not_evaluated
Great news! He’s a good boy!!,1.221311475409836,0.0458437806714516,122,100,17,5,not_evaluated,not_evaluated
Toss me another. He loves it!,1.221311475409836,0.0427865192845174,122,98,21,3,not_evaluated,not_evaluated
More yellow biscuits for the love of God.  More yellow ones keep him a Good Boy.,1.2211538461538465,0.047248273218307,104,84,17,3,not_evaluated,not_evaluated
"She only sees in grayscale, so give me whatever you got.",1.220472440944882,0.0445973610516346,127,104,18,5,not_evaluated,not_evaluated
Keep 'em coming -- He's thinking about coming over to our side..,1.220472440944882,0.0417007896671525,127,102,22,3,not_evaluated,not_evaluated
Send up the cats.,1.2203389830508475,0.0468253235518302,118,97,16,5,not_evaluated,not_evaluated
He's a good boy! He's a good boy!,1.220183486238532,0.0510804069984405,109,91,12,6,not_evaluated,not_evaluated
That's enough men. It's time for Kibbles and Bits.,1.220183486238532,0.0510804069984405,109,91,12,6,not_evaluated,not_evaluated
Catapult the rubber ball!,1.2196969696969695,0.0460244556020184,132,110,15,7,not_evaluated,not_evaluated
Get some more meat flavored up here.  The chicken will only hold him off for so long.,1.2196969696969695,0.0392421763978822,132,105,25,2,not_evaluated,not_evaluated
"How do you say ""Who's a good boy?"" in Old English?",1.2196969696969695,0.0434388037525702,132,108,19,5,not_evaluated,not_evaluated
We might have to use the f-l-e-a-s.,1.2195121951219512,0.0455051253033721,123,101,17,5,not_evaluated,not_evaluated
"He says we're good, boys.",1.2195121951219512,0.04694674057057,123,102,15,6,not_evaluated,not_evaluated
Hurry up! One more dog biscuit and we can scratch his belly!,1.219298245614035,0.0445069452700859,114,92,19,3,not_evaluated,not_evaluated
We are going to need a bigger leash.,1.2190476190476192,0.0468435013943775,105,85,17,3,not_evaluated,not_evaluated
They have a big fortification here; send up more pacifiers.,1.2190476190476192,0.0487592432881728,105,86,15,4,not_evaluated,not_evaluated
Kibble-catapult! Now!,1.218978102189781,0.0436073669763573,137,113,18,6,not_evaluated,not_evaluated
"This one makes him larger, we need to find the one that makes him small. The one that mother gave him didn't do anything at all.",1.21875,0.0442810847710841,128,105,18,5,not_evaluated,not_evaluated
Gotta be gluten free!,1.21875,0.0558096801167758,96,81,9,6,not_evaluated,not_evaluated
"Something more nutritious maybe ... what are we, barbarians?",1.21875,0.0495663762836737,96,78,15,3,not_evaluated,not_evaluated
He says BONE APPETIT !,1.21875,0.0558096801167758,96,81,9,6,not_evaluated,not_evaluated
Fall back! Our weapons are useless against this monstrosity!,1.21875,0.0442810847710841,128,105,18,5,not_evaluated,not_evaluated
Next time let's use the trebuchet!,1.2183098591549295,0.0413489903794991,142,116,21,5,not_evaluated,not_evaluated
He's armed to the teeth!,1.2181818181818185,0.0489792694684981,110,91,14,5,not_evaluated,not_evaluated
Hold your fire! I’m going in for a belly rub!,1.2181818181818185,0.0454462044056717,110,89,18,3,not_evaluated,not_evaluated
We must feed the dog of war!,1.218045112781955,0.0389810200070014,133,106,25,2,not_evaluated,not_evaluated
He's Gluten-free...Gluten-free!!,1.217741935483871,0.0466002354022453,124,103,15,6,not_evaluated,not_evaluated
"OK, just give me the yellow ones!",1.217741935483871,0.0436957807164682,124,101,19,4,not_evaluated,not_evaluated
"Okay, we need the biggest pooper scooper you ever saw, and a way bigger forklift.  ASAP.",1.2173913043478262,0.0505991692235176,115,97,11,7,not_evaluated,not_evaluated
Send another peace treaty!,1.2173913043478262,0.0474885809802391,115,95,15,5,not_evaluated,not_evaluated
Now let's see if we can get him to roll over,1.2173913043478262,0.0441594239197398,115,93,19,3,not_evaluated,not_evaluated
"He wants to know, 'Who's a good boy?'",1.2169811320754718,0.0519255756387405,106,89,11,6,not_evaluated,not_evaluated
"Yellow, yellow. we need more yellow.",1.2169811320754718,0.0483412491230858,106,87,15,4,not_evaluated,not_evaluated
Fall back and save yourselves.  We'll be licked in no time.,1.2169811320754718,0.0464454717648888,106,86,17,3,not_evaluated,not_evaluated
"He says ""milk bones are not a substitute for spending less than 3% of GDP on military budgets""!  I've been saying that for years!",1.2166666666666666,0.0445697346993128,120,98,18,4,not_evaluated,not_evaluated
Go back. He’s a puppy.,1.2166666666666666,0.0490574083945944,120,101,12,7,not_evaluated,not_evaluated
Load the giant oversized tennis ball in the catapult! I have an idea.,1.2166666666666666,0.0445697346993128,120,98,18,4,not_evaluated,not_evaluated
"More bones! Dear God, more bones!",1.2164179104477613,0.0415202361227385,134,109,21,4,not_evaluated,not_evaluated
The treats aren't cutting it.  Get the tug toy and a lot more men.,1.2162162162162162,0.0485757940234966,111,92,14,5,not_evaluated,not_evaluated
"Hurry, before I surrender to its cuteness.",1.2162162162162162,0.0412844657203228,111,88,22,1,not_evaluated,not_evaluated
"You're gonna need a bigger shovel.""",1.2162162162162162,0.0485757940234966,111,92,14,5,not_evaluated,not_evaluated
Apparently he has a bone to pick,1.2162162162162162,0.0485757940234966,111,92,14,5,not_evaluated,not_evaluated
He wants the pink one first!,1.216,0.0433797931255199,125,102,19,4,not_evaluated,not_evaluated
"Who came up with this boneheaded scheme, anyway?",1.2156862745098038,0.0454222643288111,102,82,18,2,not_evaluated,not_evaluated
Do I see volunteers for walkies? Anybody?,1.2156862745098038,0.0454222643288111,102,82,18,2,not_evaluated,not_evaluated
They are littered with reinforcements!,1.2155172413793105,0.043817179277241,116,94,19,3,not_evaluated,not_evaluated
"""Once more, go get a leash!""",1.2155172413793105,0.0454958265920638,116,95,17,4,not_evaluated,not_evaluated
I think we,1.2155172413793105,0.048679773132767,116,97,13,6,not_evaluated,not_evaluated
He's a good boy. A very good boy!,1.2155172413793105,0.0471147033820271,116,96,15,5,not_evaluated,not_evaluated
He'll let us invade if we also scratch his belly.,1.2153846153846153,0.0408388712265031,130,105,22,3,not_evaluated,not_evaluated
Stop! He's not a good boy!,1.2153846153846153,0.0450066123606909,130,108,16,6,not_evaluated,not_evaluated
Another treat – I’m all out of tricks.,1.2149532710280373,0.0440980404168743,107,86,19,2,not_evaluated,not_evaluated
"Rover, I told you to stop ordering from Costco.",1.2149532710280373,0.0531631064262056,107,91,9,7,not_evaluated,not_evaluated
He only wants gluten-free!,1.2149532710280373,0.0531631064262056,107,91,9,7,not_evaluated,not_evaluated
Well let’s hope his bark isn’t bigger than his bite.,1.2148760330578512,0.0410042858242527,121,97,22,2,not_evaluated,not_evaluated
Someone tipped him off! He knows about the pills.,1.2148760330578512,0.0472473876874144,121,101,14,6,not_evaluated,not_evaluated
We're going to need a bigger bag.,1.2148148148148148,0.0398798432790952,135,109,23,3,not_evaluated,not_evaluated
Get the catapult and tennis balls ready for phase 2.,1.2148148148148148,0.0462946378918003,135,114,13,8,not_evaluated,not_evaluated
"We found their weakness, “Good Boy” just didn’t work!",1.2148148148148148,0.0438414969920716,135,112,17,6,not_evaluated,not_evaluated
He'll be our friend any minute now.,1.2142857142857142,0.0486510652699821,98,80,15,3,not_evaluated,not_evaluated
Reassess …. Reassess!!,1.2142857142857142,0.0428785875134045,112,90,20,2,not_evaluated,not_evaluated
"Give me another one, hurry! He's a VERY good boy!",1.2142857142857142,0.0445180795905533,126,104,17,5,not_evaluated,not_evaluated
"Forget the biscuits, he wants raw hides!",1.213740458015267,0.0419820636529429,131,107,20,4,not_evaluated,not_evaluated
"Okay, we got a “Sit” who’s next for the “Jump”?",1.2136752136752136,0.0434800953289128,117,95,19,3,not_evaluated,not_evaluated
Our weapons of mass consumption don't seem to be working.,1.2135922330097086,0.0470942961235598,103,84,16,3,not_evaluated,not_evaluated
"He says we're lucky it's his cheat day, send up more cookies!",1.2134831460674158,0.0517120329268524,89,73,13,3,not_evaluated,not_evaluated
OK! I got him to sit.,1.2134831460674158,0.0491810098972631,89,72,15,2,not_evaluated,not_evaluated
"Ok, that’s enough! Bring up the catapult! Ready the cats!",1.213235294117647,0.0471497963262305,136,116,11,9,not_evaluated,not_evaluated
"Uh, guys, I think there's a flaw in the disguise-the-soldiers-as-dog-treats plan",1.213114754098361,0.0468916027497832,122,102,14,6,not_evaluated,not_evaluated
Somebody load the cat-apult.,1.213114754098361,0.0439073617366802,122,100,18,4,not_evaluated,not_evaluated
Have we got any squeeze toys?,1.213114754098361,0.0439073617366802,122,100,18,4,not_evaluated,not_evaluated
Send the water cannon-his bowl is empty!,1.212962962962963,0.0456689934409739,108,88,17,3,not_evaluated,not_evaluated
"No, I said 'retreat'. This one's just a puppy!",1.2127659574468086,0.0521168030379399,94,78,12,4,not_evaluated,not_evaluated
"Hurry, he can't 'Sit' forever!",1.2127659574468086,0.043653455512086,141,118,16,7,not_evaluated,not_evaluated
"All together, now, “With a knick knack,  paddy whack, give the dog a bone...”",1.2125984251968505,0.0441983706768021,127,105,17,5,not_evaluated,not_evaluated
It's not working.,1.2125984251968505,0.0455903536665036,127,106,15,6,not_evaluated,not_evaluated
"Back off back off, He says he wants meat!",1.2125984251968505,0.0412738078759186,127,103,21,3,not_evaluated,not_evaluated
We're gonna need bigger dog bones!,1.2123893805309736,0.046105139137321,113,93,16,4,not_evaluated,not_evaluated
Golden-haired Rapunzel is a bitch!,1.2123893805309736,0.0406398870100117,113,90,22,1,not_evaluated,not_evaluated
"After this, we take him for a walk",1.2123893805309736,0.0477881959040807,113,94,14,5,not_evaluated,not_evaluated
And you said he was fortress trained.,1.2123893805309736,0.044358269149919,113,92,18,3,not_evaluated,not_evaluated
What do we do about the poop moat on the other side?”,1.2123893805309736,0.044358269149919,113,92,18,3,not_evaluated,not_evaluated
Are you sure you still want him?,1.2123893805309736,0.0494139603822833,113,95,12,6,not_evaluated,not_evaluated
"Hurry, he’s gaining on us!",1.2121212121212122,0.041694258313364,132,108,20,4,not_evaluated,not_evaluated
Call off the Trojan Cat...!!!!,1.2121212121212122,0.0502984850156807,99,82,13,4,not_evaluated,not_evaluated
"Run for your lives! He knows they're the discount brand, RUN FOR YOUR LIVES!",1.2121212121212122,0.0482057520591343,99,81,15,3,not_evaluated,not_evaluated
Hurry before the beast changes it mind.,1.2118644067796611,0.0414353770360823,118,95,21,2,not_evaluated,not_evaluated
Sir Knick Knack! Sir Paddy Whack! Give this dog a bone!!,1.2118644067796611,0.0447953074932042,118,97,17,4,not_evaluated,not_evaluated
He says he needs to go out for a walk... NOW.,1.2118644067796611,0.0463840934486698,118,98,15,5,not_evaluated,not_evaluated
He's getting full.  Send up the Trojan biscuit,1.2116788321167884,0.0432555798021185,137,114,17,6,not_evaluated,not_evaluated
Operation Good Boy seems to be working.,1.2115384615384617,0.0424973682862138,104,83,20,1,not_evaluated,not_evaluated
Stand back! He's gonna lick!,1.2113821138211385,0.0435833821339135,123,101,18,4,not_evaluated,not_evaluated
The red meat one and be quick about it!,1.2113821138211385,0.0435833821339135,123,101,18,4,not_evaluated,not_evaluated
He keeps asking 'Who's a good knight? Who's a good knight?',1.2112676056338028,0.0445075227350532,142,120,14,8,not_evaluated,not_evaluated
Throwing this dog a bone is not working.,1.2112676056338028,0.0433708365050091,142,119,16,7,not_evaluated,not_evaluated
Stop trying to make 'fetch' happen!,1.211111111111111,0.0558543773734109,90,76,9,5,not_evaluated,not_evaluated
More pumpkin!,1.211009174311927,0.0471285474233102,109,90,15,4,not_evaluated,not_evaluated
He likes it! He likes it!,1.2109375,0.0424582120724805,128,105,19,4,not_evaluated,not_evaluated
"One must ask one’s self , why can’t he just dig his way out?",1.2105263157894737,0.0457368797131426,114,94,16,4,not_evaluated,not_evaluated
Clifford is way more intense in person.,1.2105263157894737,0.049396666362498,95,78,14,3,not_evaluated,not_evaluated
Not enough! Bring on the giant cat!,1.2105263157894737,0.0427637055891456,133,110,18,5,not_evaluated,not_evaluated
He's dyslexic; he thinks he's GOD.,1.2105263157894737,0.0490140077543597,114,96,12,6,not_evaluated,not_evaluated
"It's working, I think he likes me.",1.2105263157894737,0.0474037715906599,114,95,14,5,not_evaluated,not_evaluated
"On second thought, “bone costumes” probably wasn’t the way to go here.",1.2105263157894737,0.050573000220171,114,97,10,7,not_evaluated,not_evaluated
"OKAY, NOW WHAT?!",1.2105263157894737,0.0537397337097506,95,80,10,5,not_evaluated,not_evaluated
: „These multiplayer games get more and more realistic by each level.“,1.2105263157894737,0.049396666362498,95,78,14,3,not_evaluated,not_evaluated
Throw me a freakin’ bone!,1.210144927536232,0.0429683773304262,138,115,17,6,not_evaluated,not_evaluated
In a fortnight we'll be ready to invade Newfoundland.,1.2100840336134453,0.0411242616555534,119,96,21,2,not_evaluated,not_evaluated
Not the gluten free ones! Are you trying to get us all killed?!,1.2100840336134453,0.0490240161879937,119,101,11,7,not_evaluated,not_evaluated
The deal is that he'll let us in if we'll take his poop out.,1.2100840336134453,0.046027105672703,119,99,15,5,not_evaluated,not_evaluated
"Faster people, faster!",1.2100840336134453,0.0444529481959174,119,98,17,4,not_evaluated,not_evaluated
I think we're gonna need a bigger bone.,1.21,0.0477683805651623,100,82,15,3,not_evaluated,not_evaluated
Bring the entire box—she’s eating for thirteen!,1.2097902097902098,0.0395148691580853,143,117,22,4,not_evaluated,not_evaluated
Hide! The giant kitty behind him isn’t declawed.,1.2095238095238094,0.0518790472982919,105,89,10,6,not_evaluated,not_evaluated
I think we’re going to need a bigger bone!,1.2093023255813953,0.0462687456833849,129,109,13,7,not_evaluated,not_evaluated
It’s okay … he’s a good boy!,1.2093023255813953,0.0449407698655241,129,108,15,6,not_evaluated,not_evaluated
Someone help me scratch behind his ears.,1.209090909090909,0.0430207478417466,110,89,19,2,not_evaluated,not_evaluated
"He says it's called Mar-a-Lago, and we should take our gifts to the front gate.",1.209090909090909,0.0430207478417466,110,89,19,2,not_evaluated,not_evaluated
Quick! More yellows!,1.209090909090909,0.0467375233367023,110,91,15,4,not_evaluated,not_evaluated
How many times did I tell them my expertise is dragons,1.208955223880597,0.0424724416591581,134,111,18,5,not_evaluated,not_evaluated
He's a friendly dog.,1.2087912087912087,0.0530313877534179,91,76,11,4,not_evaluated,not_evaluated
"Tell him he's a good boy!""",1.208695652173913,0.0470254036121303,115,96,14,5,not_evaluated,not_evaluated
He wants us to re-treat!,1.208695652173913,0.0400145895855109,115,92,22,1,not_evaluated,not_evaluated
"Wait, are you saying ‘retreat’ or ‘re-treat’?",1.208695652173913,0.0453743681343006,115,95,16,4,not_evaluated,not_evaluated
bone appetit!,1.20863309352518,0.0426849141004352,139,116,17,6,not_evaluated,not_evaluated
Today he is a BAD dog!”,1.20863309352518,0.0426849141004352,139,116,17,6,not_evaluated,not_evaluated
"Quick, send for the vacuum cleaners.",1.2083333333333333,0.0552440094923904,96,82,8,6,not_evaluated,not_evaluated
"Quick, before he realizes he’s color blind.",1.2083333333333333,0.0511204860458823,96,80,12,4,not_evaluated,not_evaluated
It’s not working. Are we sure that merchant sold us the CBD-infused treats?,1.2083333333333333,0.0442200108177864,96,77,18,1,not_evaluated,not_evaluated
He says this is his final offer.,1.208,0.0414199577887979,125,102,20,3,not_evaluated,not_evaluated
"Guys,I got the order wrong! He says he’s gluten free!",1.208,0.0458553124230917,125,105,14,6,not_evaluated,not_evaluated
Who brought the pooper scooper?,1.207920792079208,0.0429524989375918,101,81,19,1,not_evaluated,not_evaluated
"He wants water, now !",1.207920792079208,0.0473387449025026,101,83,15,3,not_evaluated,not_evaluated
Our treaty is crumbling!,1.207920792079208,0.0473387449025026,101,83,15,3,not_evaluated,not_evaluated
Only yellow!!!,1.207920792079208,0.0451988602396567,101,82,17,2,not_evaluated,not_evaluated
No - he says the pink ones are just too salty!,1.2075471698113207,0.0496474201848481,106,89,12,5,not_evaluated,not_evaluated
I knew we'd have to deal with a security feed.,1.2075471698113207,0.0458854801911949,106,87,16,3,not_evaluated,not_evaluated
"The bones are not working.  Quick, get the flea bath!!!",1.2075471698113207,0.0531437237088744,106,91,8,7,not_evaluated,not_evaluated
…and what if he’s not hungry after this one?,1.2075471698113207,0.0478034707076139,106,88,14,4,not_evaluated,not_evaluated
Duke and Earl are approaching!,1.2075471698113207,0.0458854801911949,106,87,16,3,not_evaluated,not_evaluated
He wants to play fetch. Ready the catapult!,1.207207207207207,0.0480872758239628,111,93,13,5,not_evaluated,not_evaluated
"Go back,he needs a bowl of water.",1.207207207207207,0.0497612927883715,111,94,11,6,not_evaluated,not_evaluated
Hurry! I don’t like the way he’s looking at me.,1.207207207207207,0.0480872758239628,111,93,13,5,not_evaluated,not_evaluated
He's got a bone to pick with you guys.,1.207207207207207,0.0480872758239628,111,93,13,5,not_evaluated,not_evaluated
He's NOT a good boy!,1.206896551724138,0.0482330073227748,116,98,12,6,not_evaluated,not_evaluated
"Forget this, get the catapult.",1.206896551724138,0.0520572008568323,87,72,12,3,not_evaluated,not_evaluated
He only eats Pedigree,1.206896551724138,0.0450174735012565,116,96,16,4,not_evaluated,not_evaluated
"Ok, Ok - now where's the big water bowl?",1.206896551724138,0.0433202941235984,116,95,18,3,not_evaluated,not_evaluated
"Run, he needs to be let out.",1.206896551724138,0.0415538547607056,116,94,20,2,not_evaluated,not_evaluated
Where's the charcoal one? He's got terrible bad breath.,1.206896551724138,0.0466529522958364,116,97,14,5,not_evaluated,not_evaluated
"Now, ask him who’s a good boy!",1.206896551724138,0.0397089134577182,116,93,22,1,not_evaluated,not_evaluated
He says he is only wary of Greeks bearing gifts.,1.206611570247934,0.0468238528073232,121,102,13,6,not_evaluated,not_evaluated
"Who cares if they aren't gluten free, by God their working!",1.206611570247934,0.0405155402826378,121,98,21,2,not_evaluated,not_evaluated
Bring the vacuum cleaner!,1.2065217391304348,0.0547287178337301,92,78,9,5,not_evaluated,not_evaluated
"Good news, he’s a big hungry boy!",1.2065217391304348,0.0547287178337301,92,78,9,5,not_evaluated,not_evaluated
"The first step is to rescue the dog, then the maiden.",1.2065217391304348,0.0501741912664799,92,76,13,3,not_evaluated,not_evaluated
"While the beast devoureth the dog treats, load the trebuchet with the rubber ball.",1.2061855670103092,0.0462004455661469,97,79,16,2,not_evaluated,not_evaluated
Get back!  It's a dog breath trap!,1.2061855670103092,0.0484691427901599,97,80,14,3,not_evaluated,not_evaluated
We have no hope.  This God will devour everything.,1.2058823529411764,0.0469166460252739,102,84,15,3,not_evaluated,not_evaluated
Get some meat'on those bones!,1.205607476635514,0.0473943111512617,107,89,14,4,not_evaluated,not_evaluated
keep feeding the bones--The rest will storm the north wall,1.205607476635514,0.0414392748456961,107,86,20,1,not_evaluated,not_evaluated
He says his name is “Who” and “He’s a good boy.”,1.2053571428571428,0.0441901109260744,112,92,17,3,not_evaluated,not_evaluated
He likes it! Roll the wooden alpha dog up to the gate!,1.2053571428571428,0.0476918884655355,112,94,13,5,not_evaluated,not_evaluated
He's not that big. He's standing on his rear legs.,1.2053571428571428,0.0403858339261236,112,90,21,1,not_evaluated,not_evaluated
"He is being a good boy, we need more treats!",1.2053571428571428,0.0441901109260744,112,92,17,3,not_evaluated,not_evaluated
"Quick, get a log for him to fetch.",1.2053571428571428,0.0423307304777935,112,91,19,2,not_evaluated,not_evaluated
Hurry! Before he realizes I'm edible too!,1.2053571428571428,0.0423307304777935,112,91,19,2,not_evaluated,not_evaluated
Who said give me your paw?,1.205128205128205,0.0429848285055057,117,96,18,3,not_evaluated,not_evaluated
Yes. He's a rescue.,1.205128205128205,0.0394077536659002,117,94,22,1,not_evaluated,not_evaluated
Now he wants his tummy scratched.,1.205128205128205,0.0429848285055057,117,96,18,3,not_evaluated,not_evaluated
Bring the largedt frisbee we have.,1.205128205128205,0.0429848285055057,117,96,18,3,not_evaluated,not_evaluated
"Cat mint flavour, make it quick!",1.2049180327868851,0.0434561052513363,122,101,17,4,not_evaluated,not_evaluated
"No, I said ‘retreat’, not ‘re-treat’!",1.2049180327868851,0.0434561052513363,122,101,17,4,not_evaluated,not_evaluated
"Just a few more! Then, he’ll reveal where he hid the sock.",1.2049180327868851,0.0449879548379242,122,102,15,5,not_evaluated,not_evaluated
"Dammit Jim, I said no bones!",1.204724409448819,0.0437845086674015,127,106,16,5,not_evaluated,not_evaluated
My kingdom for a dog.,1.204724409448819,0.0437845086674015,127,106,16,5,not_evaluated,not_evaluated
This dog-sitting gig is not worth it!,1.204724409448819,0.0423331881895621,127,105,18,4,not_evaluated,not_evaluated
"Hurry,before he realizes that he’s a carnivore.",1.2045454545454546,0.0439999741914687,132,111,15,6,not_evaluated,not_evaluated
He’ll lose his appetite for soldiers after a few more biscuits.,1.2040816326530612,0.0480181247634725,98,81,14,3,not_evaluated,not_evaluated
We only had to feed the Minotaur once a year…,1.2040816326530612,0.0541933631819878,98,84,8,6,not_evaluated,not_evaluated
I told you the ramparts would be kennel-ated!,1.203883495145631,0.0504297603344327,103,87,11,5,not_evaluated,not_evaluated
"Hurry brave knights, before he starts marking his territory!",1.2037037037037035,0.0431521478914562,108,88,18,2,not_evaluated,not_evaluated
You were wrong! He loves treats way more than he loves us.,1.2035398230088497,0.0456019093854795,113,94,15,4,not_evaluated,not_evaluated
What will he do when we run out of treats?,1.2035398230088497,0.0380450113421091,113,90,23,0,not_evaluated,not_evaluated
If we don't walk him soon there is going to be a moat,1.2033898305084745,0.0474762489075179,118,100,12,6,not_evaluated,not_evaluated
He's NOT the Mesiah! He's a very naughty boy!,1.2033898305084745,0.0409210948503549,118,96,20,2,not_evaluated,not_evaluated
More fetching.”,1.2033898305084745,0.0426544318376878,118,97,18,3,not_evaluated,not_evaluated
Everything he eats is fortified.,1.2032520325203253,0.0415598651366522,123,101,19,3,not_evaluated,not_evaluated
It might have been easier if we went the classic route and just got a horse,1.2032520325203253,0.0431335416062896,123,102,17,4,not_evaluated,not_evaluated
Heard of a Trojan Dog?!,1.2032520325203253,0.0431335416062896,123,102,17,4,not_evaluated,not_evaluated
Ok…now let’s try the stick,1.203125,0.0434705289229671,128,107,16,5,not_evaluated,not_evaluated
"Quick,start throwing the tennis balls!",1.203125,0.0389947739659245,128,104,22,2,not_evaluated,not_evaluated
The bones are powerless against him! Get the TENNIS BALLS!,1.2030075187969924,0.0410049740191183,133,110,19,4,not_evaluated,not_evaluated
DON’T LET THE DOG OUT!!,1.2030075187969924,0.0410049740191183,133,110,19,4,not_evaluated,not_evaluated
We might be able to tame this beast,1.202020202020202,0.0430246796994966,99,80,18,1,not_evaluated,not_evaluated
"Forget the damsel, let's rescue him. He's such a good boy!",1.202020202020202,0.0453570956580135,99,81,16,2,not_evaluated,not_evaluated
"Merry Christmas,Clifford!",1.202020202020202,0.0517271236044297,99,84,10,5,not_evaluated,not_evaluated
Tell the mailman he’s clear to go!,1.2019230769230769,0.0460942950391723,104,86,15,3,not_evaluated,not_evaluated
Keep the bones coming. He’s the tower guard  dog.,1.2019230769230769,0.0418481904075439,104,84,19,1,not_evaluated,not_evaluated
I need to retreat.,1.2019230769230769,0.048076923076923,104,87,13,4,not_evaluated,not_evaluated
We’re a ten-man belly rub from victory.,1.2019230769230769,0.0460942950391723,104,86,15,3,not_evaluated,not_evaluated
Back off. It’s only Clifford.,1.2019230769230769,0.048076923076923,104,87,13,4,not_evaluated,not_evaluated
"Don't pretend to be busy.  One of you is taking him for a walk.""",1.201834862385321,0.0483850939298912,109,92,12,5,not_evaluated,not_evaluated
He thinks we're part of the doggie treats.,1.201834862385321,0.0465963802166744,109,91,14,4,not_evaluated,not_evaluated
"It likes banana flavor.
""86"" strawberry and dump kale",1.201834862385321,0.0501099988017551,109,93,10,6,not_evaluated,not_evaluated
When I yell “fetch” you guys take off running as fast as you can!,1.201834862385321,0.0427952487863065,109,89,18,2,not_evaluated,not_evaluated
Treats aren't working somebody bring in the vacuum cleaner!,1.201834862385321,0.0483850939298912,109,92,12,5,not_evaluated,not_evaluated
"No more bones. Quick, he wants a fire hydrant.",1.2017543859649122,0.043485439802693,114,94,17,3,not_evaluated,not_evaluated
We’re gonna need a lot more subscriptions to the New York Times!,1.2016806722689075,0.0455697632568291,119,100,14,5,not_evaluated,not_evaluated
Prepare the kibble cannon!,1.2016129032258065,0.0428156636400086,124,103,17,4,not_evaluated,not_evaluated
He's a REALLY GOOD BOY!,1.2016129032258065,0.0443205527548546,124,104,15,5,not_evaluated,not_evaluated
"I know you're hurrying, but I've got a bone to pick with you.",1.2016129032258065,0.0443205527548546,124,104,15,5,not_evaluated,not_evaluated
It’s the size of the poop bag I’m really worried about!,1.2016129032258065,0.0457759952383053,124,105,13,6,not_evaluated,not_evaluated
Bring more bones!,1.2014925373134329,0.0459074158010089,134,115,11,8,not_evaluated,not_evaluated
"Holy fucking shit this dog is a HUGE motherfucker! Remember when we left this morning and I was all like ""why do we need these enormous dog treats lol wtf?"" Well, fuck me.",1.2,0.0467426352442802,120,102,12,6,not_evaluated,not_evaluated
Did we bring a Trojan dog?,1.2,0.0403069455546308,120,98,20,2,not_evaluated,not_evaluated
Now put the rubber ball in the catapult!,1.2,0.0456936766731687,105,87,15,3,not_evaluated,not_evaluated
There’s no sign of Humpty Dumpty. I fear the worst.,1.2,0.0479783103622982,110,93,12,5,not_evaluated,not_evaluated
Oh my Dog!,1.2,0.044225259567136,130,110,14,6,not_evaluated,not_evaluated
"Take those back, it's already big-boned.",1.2,0.0412337690933842,150,127,16,7,not_evaluated,not_evaluated
See if he jumps out if we bury the bones,1.2,0.0471404520791031,100,83,14,3,not_evaluated,not_evaluated
"Let""s  first wait till he rolls over.",1.2,0.0479283693574423,90,74,14,2,not_evaluated,not_evaluated
I think we're ready for the Trojan Bone!,1.2,0.0523936831995583,85,71,11,3,not_evaluated,not_evaluated
He is already sitting. I need him DOWN!,1.2,0.0465433698652496,115,97,13,5,not_evaluated,not_evaluated
One more. I’ve almost got him stay!,1.2,0.0487239177075788,95,79,13,3,not_evaluated,not_evaluated
He says he needs you guys to Sit! and Stay!,1.2,0.0424440955969441,110,90,18,2,not_evaluated,not_evaluated
Pick up the 'Good Boy' chant! He's getting antsy.,1.2,0.0422091127056978,145,123,15,7,not_evaluated,not_evaluated
"Forget the bones, go get me the toy, I think he's ready to play ball.",1.2,0.0436435780471984,105,86,17,2,not_evaluated,not_evaluated
"He says he wants homework""",1.2,0.0497131358999496,115,99,9,7,not_evaluated,not_evaluated
He says we're very good boys,1.2,0.049236596391733,100,84,12,4,not_evaluated,not_evaluated
"It's ok, he is a rescue.",1.2,0.0479783103622982,110,93,12,5,not_evaluated,not_evaluated
"Okay, start rolling the pill in a ton of peanut butter.",1.2,0.0462072785806326,110,92,14,4,not_evaluated,not_evaluated
Save some for the House of Yorkie!,1.2,0.0448746028073419,115,96,15,4,not_evaluated,not_evaluated
Looks like the peanut butter flavor is working!,1.2,0.0417949931010161,135,113,17,5,not_evaluated,not_evaluated
Who wants to take him for a walk?,1.2,0.0504659932964838,90,75,12,3,not_evaluated,not_evaluated
He thinks he has a bone to pick.,1.2,0.0452486541139744,90,73,16,1,not_evaluated,not_evaluated
Idiots! Did none of you bring something for the cat?,1.2,0.0467426352442802,120,102,12,6,not_evaluated,not_evaluated
"I said, ""Retreat! Not dog treat!""",1.2,0.0497131358999496,115,99,9,7,not_evaluated,not_evaluated
Shout out who's the good boy!!!,1.2,0.0443656051737758,110,91,16,3,not_evaluated,not_evaluated
Go fetch backup!,1.2,0.0425023718503241,125,104,17,4,not_evaluated,not_evaluated
Who said these bones help his breath? I’m dying up here!,1.2,0.0420084025208403,120,99,18,3,not_evaluated,not_evaluated
Nick! Nack! Paddy! Wack! You know what to do!,1.198581560283688,0.0379567531812141,141,116,22,3,not_evaluated,not_evaluated
"Hurry, while he's being such a good boy!",1.1984126984126984,0.0390682614168915,126,103,21,2,not_evaluated,not_evaluated
We need more kibble- pass it on- no more bones- only more kibble!,1.1984126984126984,0.0390682614168915,126,103,21,2,not_evaluated,not_evaluated
"Okay, now assume belly rub formation!",1.1983471074380163,0.0463841824806686,121,103,12,6,not_evaluated,not_evaluated
Start up the Trojan Squirrel!,1.1983471074380163,0.0433129344507626,121,101,16,4,not_evaluated,not_evaluated
"Remember, he eats the green one last.",1.1982758620689655,0.0445194692955548,116,97,15,4,not_evaluated,not_evaluated
"Ok lads, I think we're ready to try ""shake a paw"" !",1.1982758620689655,0.0410138156161473,116,95,19,2,not_evaluated,not_evaluated
"He says he appreciates the gesture, but dogs are color blind",1.1982758620689655,0.0410138156161473,116,95,19,2,not_evaluated,not_evaluated
The knick-knack-paddy-whack didn't work either! Let's roll on home!,1.1982758620689655,0.0445194692955548,116,97,15,4,not_evaluated,not_evaluated
I've got a bone to pick.,1.1982758620689655,0.0445194692955548,116,97,15,4,not_evaluated,not_evaluated
"Hurry, bring the leash",1.1982758620689655,0.0391434290004603,116,94,21,1,not_evaluated,not_evaluated
At ease! Fire up the tennis ball trebuchet!,1.1982758620689655,0.0428025479250545,116,96,17,3,not_evaluated,not_evaluated
This isn't working. Deploy the Fire Hydrant!,1.1981981981981982,0.0420985541173891,111,91,18,2,not_evaluated,not_evaluated
"This dog subscribes to the New Yorker. No matter how anemic he seems, we must throw him a bone.”",1.1981981981981982,0.0440010047905148,111,92,16,3,not_evaluated,not_evaluated
Looks like “Who’s a good doggie?” isn’t going to work.,1.1981981981981982,0.0440010047905148,111,92,16,3,not_evaluated,not_evaluated
We must reinforce positive behavior at all costs!,1.1981981981981982,0.0475782381995722,111,94,12,5,not_evaluated,not_evaluated
Release the squirrels on the left flank!,1.1981981981981982,0.0458245413111257,111,93,14,4,not_evaluated,not_evaluated
"No, not that kind of retreat!",1.1981981981981982,0.0475782381995722,111,94,12,5,not_evaluated,not_evaluated
He says he needs to go out!,1.19811320754717,0.0411422953582,106,86,19,1,not_evaluated,not_evaluated
We can’t afford to keep feeding him. Can we give him back?,1.19811320754717,0.045299862096652,106,88,15,3,not_evaluated,not_evaluated
Forget the flavored ones. Give me one with a sedative!,1.19811320754717,0.0472416344477289,106,89,13,4,not_evaluated,not_evaluated
Looks like we're gonna need a bigger bone!,1.19811320754717,0.0491066853351966,106,90,11,5,not_evaluated,not_evaluated
He doesn't respond to sit.,1.19811320754717,0.0472416344477289,106,89,13,4,not_evaluated,not_evaluated
I thought you said it was a horse.,1.19811320754717,0.0432710409703594,106,87,17,2,not_evaluated,not_evaluated
Can one of you please hold the ladder steady?,1.19811320754717,0.045299862096652,106,88,15,3,not_evaluated,not_evaluated
Go back. He only does cheese flavored.,1.19811320754717,0.045299862096652,106,88,15,3,not_evaluated,not_evaluated
Bring forward The Cat!,1.198019801980198,0.0445434529869386,101,83,16,2,not_evaluated,not_evaluated
It's a fidodom,1.198019801980198,0.0526896423590101,101,87,8,6,not_evaluated,not_evaluated
Send the squeaky toy soldier- quick!,1.198019801980198,0.0467133707409324,101,84,14,3,not_evaluated,not_evaluated
It has to be gluten free- remember?,1.198019801980198,0.0467133707409324,101,84,14,3,not_evaluated,not_evaluated
I’m full you nitwits! Now go home to your wives and give her your best bone.,1.1979166666666667,0.045930419502466,96,79,15,2,not_evaluated,not_evaluated
The Dobermann betrayed us!  These are not repellents!,1.1978021978021978,0.0474496847317546,91,75,14,2,not_evaluated,not_evaluated
"He says he's a good boy, and he's sorry about barking at us at the front gate.",1.1978021978021978,0.0499567095127687,91,76,12,3,not_evaluated,not_evaluated
He wants a darker grey one.,1.197674418604651,0.0544083145298171,86,73,9,4,not_evaluated,not_evaluated
"Hold on, I see they have a cat, too.",1.1968503937007875,0.0403697602810491,127,105,19,3,not_evaluated,not_evaluated
Step right up to the World’s Biggest Dog and Bony Show!,1.1968503937007875,0.0433553491400442,127,107,15,5,not_evaluated,not_evaluated
"No, no, no! The milk bones with gravy.",1.1967213114754098,0.0379664357760268,122,99,22,1,not_evaluated,not_evaluated
"Just say ""down boy""",1.1967213114754098,0.0429871985152189,122,102,16,4,not_evaluated,not_evaluated
Maybe we shouldn’t hide in those.,1.1965811965811963,0.047388811088113,117,100,11,6,not_evaluated,not_evaluated
"Keep em' coming... got him to ""sit"" now working on ""fetch""",1.1965811965811963,0.0441698424684693,117,98,15,4,not_evaluated,not_evaluated
He says his home is HIS castle.,1.1965811965811963,0.0458076107215507,117,99,13,5,not_evaluated,not_evaluated
Trick or Treat!,1.1965811965811963,0.047388811088113,117,100,11,6,not_evaluated,not_evaluated
Keep the gold ones coming.,1.1964285714285714,0.0454480159611821,112,94,14,4,not_evaluated,not_evaluated
"Okay, once he's distracted fire the cat-apult",1.1964285714285714,0.0436422615584104,112,93,16,3,not_evaluated,not_evaluated
He said his name is Clifford and he used to be red,1.1964285714285714,0.0454480159611821,112,94,14,4,not_evaluated,not_evaluated
Now do I have a bone to pick with you.,1.1964285714285714,0.0436422615584104,112,93,16,3,not_evaluated,not_evaluated
Quick! More bones! Before he eats the White Castle!,1.1962616822429906,0.0504594519668658,107,92,9,6,not_evaluated,not_evaluated
"No, not just the biscuits, he wants the whole bag.",1.1962616822429906,0.0504594519668658,107,92,9,6,not_evaluated,not_evaluated
He’s willing to negotiate! Hold off on the T.R.E.A.T.S.!,1.1962616822429906,0.0468346539037722,107,90,13,4,not_evaluated,not_evaluated
Bring forth the Trojan squeaky toy!,1.1962616822429906,0.0449126826523529,107,89,15,3,not_evaluated,not_evaluated
"Look, there are hostile takeovers, and then there are totally rude takeovers.",1.1962616822429906,0.0468346539037722,107,90,13,4,not_evaluated,not_evaluated
"We need chocolate, you idiots. Who brought the peanut butter kind?",1.196078431372549,0.0441472969242536,102,84,16,2,not_evaluated,not_evaluated
"More ‼️ More‼️ More‼️
He’s Hugh",1.196078431372549,0.0483451956997591,102,86,12,4,not_evaluated,not_evaluated
It’s alright—he’s such a good boy!,1.196078431372549,0.0483451956997591,102,86,12,4,not_evaluated,not_evaluated
Release the Hounds !,1.196078431372549,0.0418908911931139,102,83,18,1,not_evaluated,not_evaluated
Enough! Now catapult over the giant squeaky toy!,1.196078431372549,0.0418908911931139,102,83,18,1,not_evaluated,not_evaluated
"He keeps spitting out the pill!  Tell the king we need a slice of cheese, now!",1.1958762886597938,0.0478021571932768,97,81,13,3,not_evaluated,not_evaluated
And you said to not bring the catapult.,1.1958762886597938,0.0478021571932768,97,81,13,3,not_evaluated,not_evaluated
"He says: “Your mother is a hamster, and your father smells of elderberries!”",1.1956521739130437,0.0494574733583754,92,77,12,3,not_evaluated,not_evaluated
"We’re running out of biscuits. Quick, what’s French for ‘play dead?",1.1956521739130437,0.0422305907126138,138,117,15,6,not_evaluated,not_evaluated
Faster! Clifford desperately needs some color.,1.1954887218045114,0.040585045143874,133,111,18,4,not_evaluated,not_evaluated
He says he's got a bone to pick with all of you!,1.1954022988505748,0.0512841783589433,87,73,11,3,not_evaluated,not_evaluated
He gladly accepts bribes.,1.1953125,0.0430427847341145,128,108,15,5,not_evaluated,not_evaluated
"Quick, get the CAT-a polt!",1.195121951219512,0.0426662635739663,123,103,16,4,not_evaluated,not_evaluated
Why did we take Gulliver's dogsitting job?,1.195121951219512,0.047119530041561,123,106,10,7,not_evaluated,not_evaluated
More of the YELLOW ONES,1.195121951219512,0.0410746883863817,123,102,18,3,not_evaluated,not_evaluated
Go fetch me the cat o'nine tails!,1.194915254237288,0.0421404606445338,118,98,17,3,not_evaluated,not_evaluated
We’re gonna need a bigger leash.,1.194915254237288,0.0385498290533833,118,96,21,1,not_evaluated,not_evaluated
He bit my finger!,1.194915254237288,0.0454482950903764,118,100,13,5,not_evaluated,not_evaluated
"It worked! She loves me. She really, really loves me.",1.194915254237288,0.0438255972575128,118,99,15,4,not_evaluated,not_evaluated
Get the vacuum cleaner!,1.194915254237288,0.050001411795614,118,103,7,8,not_evaluated,not_evaluated
Be wants to play fetch!,1.1946902654867255,0.0414237893283653,113,93,18,2,not_evaluated,not_evaluated
Forget the bones.Who’s going to walk him?,1.1946902654867255,0.0450775548151287,113,95,14,4,not_evaluated,not_evaluated
"Quick, someone go get the cat-apult!",1.1946902654867255,0.0414237893283653,113,93,18,2,not_evaluated,not_evaluated
"Quick, we need the bacon flavored one.",1.1946902654867255,0.0432892380992766,113,94,16,3,not_evaluated,not_evaluated
I need a volunteer to scratch his belly while I find the princess!,1.1944444444444444,0.0425444066528241,108,89,17,2,not_evaluated,not_evaluated
Only one per day,1.1944444444444444,0.0397615486072589,144,121,18,5,not_evaluated,not_evaluated
Who changed the brand?,1.1944444444444444,0.0464345460890626,108,91,13,4,not_evaluated,not_evaluated
Bigger!! I need the EXTRA large ones!,1.1944444444444444,0.0445319750737498,108,90,15,3,not_evaluated,not_evaluated
He only likes Triscuits.,1.1944444444444444,0.0425444066528241,108,89,17,2,not_evaluated,not_evaluated
"Oh man, he took a dump on the sofa!",1.1944444444444444,0.0385208469600853,144,120,20,4,not_evaluated,not_evaluated
Fetch me another.,1.1944444444444444,0.0445319750737498,108,90,15,3,not_evaluated,not_evaluated
He says Monty Python's bit was funnier.,1.1944444444444444,0.0500230707129591,108,93,9,6,not_evaluated,not_evaluated
She said organic!,1.1944444444444444,0.0482621729413989,108,92,11,5,not_evaluated,not_evaluated
It’s Clifford The Big Red Doge,1.1942446043165469,0.0366426749335775,139,114,23,2,not_evaluated,not_evaluated
Guillermo del Toro’s “The Cookie Monster”,1.194174757281553,0.051732321531425,103,89,8,6,not_evaluated,not_evaluated
"Dog-gone it,boys,we have to bone up on our tactics!",1.194174757281553,0.0458817051092486,103,86,14,3,not_evaluated,not_evaluated
"Quick, bring in the catapult with the giant tennis ball!",1.194174757281553,0.0415258479206979,103,84,18,1,not_evaluated,not_evaluated
Keep those biscuits coming! He always naps after eating....,1.194174757281553,0.0437580101767949,103,85,16,2,not_evaluated,not_evaluated
We are the Knights Who Say Woof!,1.1940298507462686,0.043001530535064,134,114,14,6,not_evaluated,not_evaluated
He says it's not organic.,1.1938775510204085,0.0495257612120043,98,83,11,4,not_evaluated,not_evaluated
Gift of the Danaans,1.1938775510204085,0.0401400956741416,98,79,19,0,not_evaluated,not_evaluated
Balls to the walls!,1.1938775510204085,0.0516061474957516,98,84,9,5,not_evaluated,not_evaluated
If his chain was 10 feet longer he would be having a real meal.,1.1938775510204085,0.0473540662235426,98,82,13,3,not_evaluated,not_evaluated
Four more and he’ll open the back gate.,1.193798449612403,0.0412931700632994,129,108,17,4,not_evaluated,not_evaluated
"Quick, more peanut butter flavor!",1.1935483870967742,0.0423500259626214,124,104,16,4,not_evaluated,not_evaluated
"I told you a million times, he ONLY wants the lemon-flavored ones!",1.1935483870967742,0.0489679950914336,93,78,12,3,not_evaluated,not_evaluated
I have no bone to pick with you!,1.1935483870967742,0.0465200005651126,93,77,14,2,not_evaluated,not_evaluated
"QUICK, HAND ME SOME WEE WEE PADS!",1.1935483870967742,0.0438708906063714,124,105,14,5,not_evaluated,not_evaluated
Halt!!! He is not vegetarian!!!,1.1935483870967742,0.0438708906063714,124,105,14,5,not_evaluated,not_evaluated
"Yep, he likes the lemon ones!",1.1935483870967742,0.043935820942387,93,76,16,1,not_evaluated,not_evaluated
"USPS Dog Bite Awareness Week Dec. 18-24, 1492",1.1935483870967742,0.0423500259626214,124,104,16,4,not_evaluated,not_evaluated
Keep ‘em coming…it’s a Lab!,1.1932773109243695,0.0418169295123723,119,99,17,3,not_evaluated,not_evaluated
He's asking again: 'Who's a good boy?!',1.1932773109243695,0.0434866122748136,119,100,15,4,not_evaluated,not_evaluated
"He's done eating, but now one of you needs to take him for a walk.",1.1932773109243695,0.0450945151923958,119,101,13,5,not_evaluated,not_evaluated
My kingdom for a chew toy!,1.1932773109243695,0.0450945151923958,119,101,13,5,not_evaluated,not_evaluated
"When we go back, we'll tell everyone he was scary!",1.1932773109243695,0.0418169295123723,119,99,17,3,not_evaluated,not_evaluated
That’s no dragon!,1.1929824561403508,0.0447130147115116,114,96,14,4,not_evaluated,not_evaluated
Keep them coming -- His tail's starting to wag!,1.1929824561403508,0.0391597688861529,114,93,20,1,not_evaluated,not_evaluated
"A few more, and I think I can get him to play dead.",1.1927710843373494,0.0468139518138114,83,68,14,1,not_evaluated,not_evaluated
"Enough bones already,get me a throwing stick.",1.1926605504587156,0.0421900144476552,109,90,17,2,not_evaluated,not_evaluated
"Nick, Nack, Patty, Wack; Give the dog a bone!!",1.1926605504587156,0.0441575812788796,109,91,15,3,not_evaluated,not_evaluated
Bring on the fire hydrants.,1.1926605504587156,0.0401260844561969,109,89,19,1,not_evaluated,not_evaluated
"C'mon, let's make Neville Chamberlain proud.",1.1926605504587156,0.0421900144476552,109,90,17,2,not_evaluated,not_evaluated
Biden's dog wants more bones! Get Tucker Carlson's head!,1.1926605504587156,0.0478506145730217,109,93,11,5,not_evaluated,not_evaluated
Fall back! The beast needs to go for walkies!,1.1923076923076923,0.0494120076932711,104,89,10,5,not_evaluated,not_evaluated
"They’re crunchier than peasants, but he misses the squeaks.",1.1923076923076923,0.0474851556477788,104,88,12,4,not_evaluated,not_evaluated
Now catapulters! Launch the ball now!,1.1923076923076923,0.043375419446059,104,86,16,2,not_evaluated,not_evaluated
"Hurry,he prefers the ones that taste like bacon.",1.1923076923076923,0.0411669833086595,104,85,18,1,not_evaluated,not_evaluated
In next week's episode of Game of Bones...,1.1923076923076923,0.0512664900462865,104,90,8,6,not_evaluated,not_evaluated
Tell the assault team to watch where they step.,1.1923076923076923,0.043375419446059,104,86,16,2,not_evaluated,not_evaluated
We must have heard wrong. I don't think he's such a good boy.,1.1923076923076923,0.0410014090630856,130,109,17,4,not_evaluated,not_evaluated
No not that one! The habanero.,1.192,0.0450032256908395,125,107,12,6,not_evaluated,not_evaluated
How did they get the Trojan Horse OUT of the city?,1.192,0.0450032256908395,125,107,12,6,not_evaluated,not_evaluated
This isn't working! Bring on the dog toys!,1.192,0.0371500879172319,125,102,22,1,not_evaluated,not_evaluated
It doesn''t matter: dogs have almost no color vision.,1.1919191919191918,0.0422924989603257,99,81,17,1,not_evaluated,not_evaluated
Fetchez le biscuit!,1.1919191919191918,0.0490620490620491,99,84,11,4,not_evaluated,not_evaluated
Where's the fresh bowl of water?!,1.1916666666666669,0.0397749856877567,120,99,19,2,not_evaluated,not_evaluated
He wants low-carb only!,1.1916666666666669,0.0414982591065,120,100,17,3,not_evaluated,not_evaluated
"It’s working, he’s distracted. Get those other yellow ones up here FAST!",1.1914893617021276,0.0435146473673218,94,77,16,1,not_evaluated,not_evaluated
We’re good. Floppy ears.,1.191304347826087,0.0388540113620054,115,94,20,1,not_evaluated,not_evaluated
I learned this trick from their king's letter carrier.,1.191304347826087,0.0443542568735967,115,97,14,4,not_evaluated,not_evaluated
"Hey guys, he’s wagging his tail. That’s a good thing…right?",1.191304347826087,0.0443542568735967,115,97,14,4,not_evaluated,not_evaluated
"Keep ‘em coming, guys! He’s rrreeeally hungry!",1.1910112359550562,0.0527013006721733,89,76,9,4,not_evaluated,not_evaluated
Give a dog a bone!!! Damnit!,1.190909090909091,0.0456542734561957,110,93,13,4,not_evaluated,not_evaluated
"after all, we are in Canine!",1.190909090909091,0.0474459519475152,110,94,11,5,not_evaluated,not_evaluated
Prepare the tennis ball cannons!,1.190909090909091,0.0418413831275622,110,91,17,2,not_evaluated,not_evaluated
"I don’t care what her majesty says, i am NOT picking up after him!!!",1.190909090909091,0.0437893481730463,110,92,15,3,not_evaluated,not_evaluated
No pinks or greens! She only wants the yellows! Why is that so hard to understand?,1.190909090909091,0.0456542734561957,110,93,13,4,not_evaluated,not_evaluated
Go Back!! We boned up on the wrong strategy!,1.190909090909091,0.0437893481730463,110,92,15,3,not_evaluated,not_evaluated
Cry havoc! The dog of war is a very good boy!,1.190909090909091,0.0456542734561957,110,93,13,4,not_evaluated,not_evaluated
"No more biscuits! Poop bag poop bag , on the double !",1.190909090909091,0.0474459519475152,110,94,11,5,not_evaluated,not_evaluated
"No, he wants bacon.",1.1908396946564883,0.0421312768400519,131,111,15,5,not_evaluated,not_evaluated
Didn't anybody bring the damn leash?,1.1908396946564883,0.0421312768400519,131,111,15,5,not_evaluated,not_evaluated
May I offer some feedback? At my old job we used a catapult.,1.1907894736842106,0.0381855286291404,152,128,19,5,not_evaluated,not_evaluated
Forget the bones. Just leave the package at the gate.,1.1904761904761905,0.0429993570427229,105,87,16,2,not_evaluated,not_evaluated
It’s raining dogs and catapults.,1.1904761904761905,0.0450787631733363,105,88,14,3,not_evaluated,not_evaluated
Of course he's a rescue.,1.1904761904761905,0.0429993570427229,105,87,16,2,not_evaluated,not_evaluated
He's a very good boy! Everybody over the wall!,1.1904761904761905,0.0450787631733363,105,88,14,3,not_evaluated,not_evaluated
"Stop, stop, ... they anticipated our Trojan strategy, stop!",1.1904761904761905,0.0450787631733363,105,88,14,3,not_evaluated,not_evaluated
Go back! The Trojan Bones aren't working!,1.1904761904761905,0.0450787631733363,105,88,14,3,not_evaluated,not_evaluated
"Nick, Nack, Paddy, and Whack, give the dog a bone!",1.1904761904761905,0.041731242476584,126,106,16,4,not_evaluated,not_evaluated
"Green breath mint, and hurry!",1.1904761904761905,0.0408141461130498,105,86,18,1,not_evaluated,not_evaluated
"The Green one.  The GREEN one, dammit!  She says she's vegan!",1.1904761904761905,0.0429993570427229,105,87,16,2,not_evaluated,not_evaluated
Quick! He wants the beef one!,1.1904761904761905,0.0521378597458005,84,71,10,3,not_evaluated,not_evaluated
"'Gluten Free,  It has to be Gluten Free.  How many times do I have to tell  you.",1.1904761904761905,0.0450787631733363,105,88,14,3,not_evaluated,not_evaluated
"I repeat, Operation Trojan Dog Treat is cancelled!",1.1900826446280992,0.041184342665912,121,101,17,3,not_evaluated,not_evaluated
I said knick knack paddy whack!,1.19,0.0442559132612339,100,83,15,2,not_evaluated,not_evaluated
THE RED ONE!THE RED ONE!!,1.19,0.0486068540704524,100,85,11,4,not_evaluated,not_evaluated
A dog named Gulliver.,1.19,0.0464823198711731,100,84,13,3,not_evaluated,not_evaluated
Quick! More of those edibles!,1.19,0.0419114024647906,100,82,17,1,not_evaluated,not_evaluated
"No, not the yellow ones!  They're making him grow even bigger!",1.1898734177215189,0.0542750438534441,79,67,9,3,not_evaluated,not_evaluated
"The dog bones aren’t working, let’s try the ball",1.1897810218978102,0.0351846730680564,137,112,24,1,not_evaluated,not_evaluated
Distracted?! He's not distracted! He's looking right at me!,1.1896551724137931,0.0404505975246002,116,96,18,2,not_evaluated,not_evaluated
"On second thought,cancel the Trojan Dog Treat!",1.1896551724137931,0.0440011467470986,116,98,14,4,not_evaluated,not_evaluated
The Chihuahuas were much more cooperative.,1.1894736842105262,0.0480172067938968,95,80,12,3,not_evaluated,not_evaluated
Don't give him any more of the ones with growth hormone in them!,1.1894736842105262,0.0480172067938968,95,80,12,3,not_evaluated,not_evaluated
We've reached the great mongrel empire.,1.1894736842105262,0.0480172067938968,95,80,12,3,not_evaluated,not_evaluated
"No bones about it, he is a big dog!",1.1894736842105262,0.0480172067938968,95,80,12,3,not_evaluated,not_evaluated
Did anyone bring a plastic bag?‘,1.1894736842105262,0.0480172067938968,95,80,12,3,not_evaluated,not_evaluated
Now the heartworm pill!,1.1894736842105262,0.0456255189839455,95,79,14,2,not_evaluated,not_evaluated
We’re gonna need a bigger box of biscuits.,1.1893939393939394,0.0389733144726907,132,110,19,3,not_evaluated,not_evaluated
Did we bring any projectiles that sqeak?,1.1891891891891893,0.0452737845030551,111,94,13,4,not_evaluated,not_evaluated
"Hold it, we've been worshiping an anagram!",1.1891891891891893,0.0470480151231615,111,95,11,5,not_evaluated,not_evaluated
he says where's the meat?,1.1891891891891893,0.043427127460021,111,93,15,3,not_evaluated,not_evaluated
"Omg his breath is awful,send up the green one!",1.188976377952756,0.042910433112614,127,108,14,5,not_evaluated,not_evaluated
"Ok.  No one else climb up. Just pass them to me, and I’ll toss them over the wall.",1.1888888888888889,0.0471257367823253,90,75,13,2,not_evaluated,not_evaluated
Next time all we'll have to do is ring a bell.,1.1888888888888889,0.04439760328148,90,74,15,1,not_evaluated,not_evaluated
We're going to need our largest shovel!,1.1888888888888889,0.0521556406110755,90,77,9,4,not_evaluated,not_evaluated
He said he’s an emotional support dog and that you’re doing a great job!,1.1886792452830188,0.04262966067122,106,88,16,2,not_evaluated,not_evaluated
At the pet store they assured us that he wouldn't get any bigger than fifteen or twenty pounds.,1.1886792452830188,0.0466548712095284,106,90,12,4,not_evaluated,not_evaluated
I think we need a bigger bone.,1.1886792452830188,0.0446876100083739,106,89,14,3,not_evaluated,not_evaluated
Can you toss a guy a bone?,1.1886792452830188,0.048542471371932,106,91,10,5,not_evaluated,not_evaluated
"Don't worry, he's friendly!",1.1886792452830188,0.04262966067122,106,88,16,2,not_evaluated,not_evaluated
No! Send them all back! He can't have gluten!,1.1886792452830188,0.0446876100083739,106,89,14,3,not_evaluated,not_evaluated
He's still begging--get Sir Pavlov up here quick.,1.188118811881188,0.0460582310875762,101,85,13,3,not_evaluated,not_evaluated
Any room in our military budget to hire a dog walker?,1.188118811881188,0.0460582310875762,101,85,13,3,not_evaluated,not_evaluated
"He doesn't get it when I say ""HEEL""",1.188118811881188,0.0481599465624368,101,86,11,4,not_evaluated,not_evaluated
"have no fear, boys, a visibly depressed woman who has somehow attached all significance in life to the plight of pitbulls assures me there are no bad dogs, there are only bad people",1.188118811881188,0.0481599465624368,101,86,11,4,not_evaluated,not_evaluated
Bring up the leash!,1.188118811881188,0.0460582310875762,101,85,13,3,not_evaluated,not_evaluated
Castle Bone Yard,1.188118811881188,0.0521096925423396,101,88,7,6,not_evaluated,not_evaluated
It's an Irish Setter. Quick! The green one!,1.188118811881188,0.0521096925423396,101,88,7,6,not_evaluated,not_evaluated
"He says that he can’t be bribed by dog biscuits, but if we wire a million dollars to his bank account he will let us in.",1.188118811881188,0.0481599465624368,101,86,11,4,not_evaluated,not_evaluated
Now he is demanding organic.,1.188118811881188,0.0481599465624368,101,86,11,4,not_evaluated,not_evaluated
Run this is just the puppy,1.188118811881188,0.0481599465624368,101,86,11,4,not_evaluated,not_evaluated
Keep it moving! I am not going back to clean-up duty!,1.188034188034188,0.0401361225160751,117,97,18,2,not_evaluated,not_evaluated
Change menu.  He identifies as human.,1.188034188034188,0.0436535538448001,117,99,14,4,not_evaluated,not_evaluated
"When I say three, catapult the squirrel!",1.188034188034188,0.0436535538448001,117,99,14,4,not_evaluated,not_evaluated
Lucky for me that they do not realize that a pat on the head would be just as satisfying as all these bones.,1.188034188034188,0.0453099876363765,117,100,12,5,not_evaluated,not_evaluated
See if there’s dog flap you can enter!,1.188034188034188,0.0436535538448001,117,99,14,4,not_evaluated,not_evaluated
Go back and tell the boys at The Round Table we found Barksalot!,1.188034188034188,0.0401361225160751,117,97,18,2,not_evaluated,not_evaluated
"Okay, this isn't going to work. Who fancies having a go at tickling his tummy?",1.1875,0.0430707754613461,112,94,15,3,not_evaluated,not_evaluated
"Roll over the Fetch-a-pult, men!",1.1875,0.0451908720017737,96,80,14,2,not_evaluated,not_evaluated
"I told you, aim for the head and not the mouth!",1.1875,0.0451908720017737,96,80,14,2,not_evaluated,not_evaluated
"Huh oh, wrong fairy tale.",1.1875,0.046656639619587,112,96,11,5,not_evaluated,not_evaluated
Hurry and get a larger basket for him!,1.1875,0.0451908720017737,96,80,14,2,not_evaluated,not_evaluated
Come people come! The puppies are adorable and about our size.,1.1875,0.0411608617252668,112,93,17,2,not_evaluated,not_evaluated
"Keep 'em coming boys, I almost have him eating out of the palm of my hand.",1.1875,0.0391579031242912,112,92,19,1,not_evaluated,not_evaluated
I don't think the Trojan Bones were a good idea!,1.1875,0.046656639619587,112,96,11,5,not_evaluated,not_evaluated
No; not Game of BONES!,1.1875,0.0451908720017737,96,80,14,2,not_evaluated,not_evaluated
It’s safe he’s domesticated,1.1875,0.0451908720017737,96,80,14,2,not_evaluated,not_evaluated
He doesn't believe they're organic and locally sourced.,1.1875,0.0475553693907926,96,81,12,3,not_evaluated,not_evaluated
Forget those. Bring more turkey liver!,1.1875,0.0451908720017737,96,80,14,2,not_evaluated,not_evaluated
After this we try the Trojan fire hydrant?,1.1875,0.0506094189962623,80,67,11,2,not_evaluated,not_evaluated
He wants one with CBT,1.1875,0.0425994667446569,128,109,14,5,not_evaluated,not_evaluated
"Cuteness incoming, brace, brace!!",1.1875,0.0425994667446569,128,109,14,5,not_evaluated,not_evaluated
Look out...he's gonna blow!,1.1875,0.0498077444129803,96,82,10,4,not_evaluated,not_evaluated
More treats! More treats! They’ve unleashed the dogs of war!,1.1869918699186992,0.0421809685262876,123,104,15,4,not_evaluated,not_evaluated
Hurry up! He's being a REALLY good boy!,1.1869158878504673,0.0422661732234986,107,89,16,2,not_evaluated,not_evaluated
Whose turn to walk him?,1.1869158878504673,0.0422661732234986,107,89,16,2,not_evaluated,not_evaluated
Where's the chocolate one?,1.1869158878504673,0.0443031053337568,107,90,14,3,not_evaluated,not_evaluated
"You know, he's color blind!",1.1869158878504673,0.0462504149761827,107,91,12,4,not_evaluated,not_evaluated
"Quick, give me the one with seconol!",1.1869158878504673,0.0401259723334355,107,88,18,1,not_evaluated,not_evaluated
They’re all the same flavor anyway.,1.1869158878504673,0.0443031053337568,107,90,14,3,not_evaluated,not_evaluated
Fetch the balls!,1.1868131868131868,0.0491989256860976,91,77,11,3,not_evaluated,not_evaluated
"We will soon be inside, I got him eating out my hands.",1.1868131868131868,0.0466511955309391,91,76,13,2,not_evaluated,not_evaluated
We’ll mount our attack when he poops!,1.1868131868131868,0.0516210667544404,91,78,9,4,not_evaluated,not_evaluated
You REALLY have to watch your step in there.,1.1864406779661016,0.0449526164852233,118,101,12,5,not_evaluated,not_evaluated
Let's bring him to heel.,1.1862745098039216,0.0477211049217531,102,87,11,4,not_evaluated,not_evaluated
We're gonna need the peanut butter Kong!!!,1.1862745098039216,0.045641722077372,102,86,13,3,not_evaluated,not_evaluated
"IT'S NOT WORKING, GET THE CAT!",1.1862745098039216,0.0434629696802136,102,85,15,2,not_evaluated,not_evaluated
Lies! His bark is way worse than his bite!,1.1862745098039216,0.0477211049217531,102,87,11,4,not_evaluated,not_evaluated
Hold up the chicken flavor and bring on the liver flavor.,1.1862745098039216,0.0477211049217531,102,87,11,4,not_evaluated,not_evaluated
"Oh no, never point the biscuit at him!  He’s a rescue dog and he’ll freak out.",1.1862745098039216,0.045641722077372,102,86,13,3,not_evaluated,not_evaluated
Enough with the biscuits.  Go back and get higher boots.,1.1862745098039216,0.0477211049217531,102,87,11,4,not_evaluated,not_evaluated
I’m thinking maybe we try the cat-apult,1.1862745098039216,0.045641722077372,102,86,13,3,not_evaluated,not_evaluated
Run away Swiftly...he knows we are Lilliputians!,1.1862745098039216,0.045641722077372,102,86,13,3,not_evaluated,not_evaluated
"Hurry up Nick,Nack,Paddy and Wack!!",1.1862745098039216,0.049713588843674,102,88,9,5,not_evaluated,not_evaluated
He says take 'em back!  Bones this color are not organic!,1.186046511627907,0.0482572560890765,86,72,12,2,not_evaluated,not_evaluated
Get the steak! His owner's coming!,1.1858407079646018,0.0408287111553859,113,94,17,2,not_evaluated,not_evaluated
"Hurry up, this dog must have his day.",1.1858407079646018,0.0445313292009128,113,96,13,4,not_evaluated,not_evaluated
Hold it. He's got his own stash!,1.1858407079646018,0.0427201529433709,113,95,15,3,not_evaluated,not_evaluated
He's looking for the one that will turn him RED!,1.1858407079646018,0.0388452808165273,113,93,19,1,not_evaluated,not_evaluated
"Don’t worry, men.  He’s never bitten anybody.",1.1858407079646018,0.0427201529433709,113,95,15,3,not_evaluated,not_evaluated
"She's a good girl, we're in!",1.1858407079646018,0.0408287111553859,113,94,17,2,not_evaluated,not_evaluated
"His name is ""Rex.""",1.1855670103092784,0.0471022342332398,97,82,12,3,not_evaluated,not_evaluated
"Yup, he's eating healthy after the holidays. Send up the veggie bone.",1.1855670103092784,0.0471022342332398,97,82,12,3,not_evaluated,not_evaluated
"Another round of the crunchy, osteoporosis ones!",1.1855670103092784,0.0493294749826652,97,83,10,4,not_evaluated,not_evaluated
"I'm not sure a caption would make this scenario any funnier, guys. What say we cut our losses and call it a day?",1.1855670103092784,0.051460409387876,97,84,8,5,not_evaluated,not_evaluated
Any of them.  Dogs are color-blind.,1.1855670103092784,0.0493294749826652,97,83,10,4,not_evaluated,not_evaluated
Plan B: The CATapult.,1.1855670103092784,0.0447643143302853,97,81,14,2,not_evaluated,not_evaluated
Faster before it eat us,1.1855670103092784,0.0447643143302853,97,81,14,2,not_evaluated,not_evaluated
He says we're all really good boys!,1.1851851851851851,0.0397903560959129,108,89,18,1,not_evaluated,not_evaluated
"Quick! Release the squirrel!""",1.1851851851851851,0.0500342818003937,81,68,11,2,not_evaluated,not_evaluated
More kibbles.,1.1851851851851851,0.043925083623096,108,91,14,3,not_evaluated,not_evaluated
"No strawberry, damnit!",1.1851851851851851,0.0512024807739704,108,95,6,7,not_evaluated,not_evaluated
...the scooperrr!,1.1851851851851851,0.0458528432905113,108,92,12,4,not_evaluated,not_evaluated
Red Rover prefers the yellow ones.,1.1851851851851851,0.0419087425815636,108,90,16,2,not_evaluated,not_evaluated
Good boy,1.1851851851851851,0.043925083623096,108,91,14,3,not_evaluated,not_evaluated
"Quick, the minty bone!",1.1851851851851851,0.0419087425815636,108,90,16,2,not_evaluated,not_evaluated
"He’s had enough of the veggie biscuits, bring up the bacon-flavored one.",1.184873949579832,0.0412840245309609,119,100,16,3,not_evaluated,not_evaluated
"Cat-apult? Seriously, this is no time for puns!",1.184873949579832,0.0376763981144493,119,98,20,1,not_evaluated,not_evaluated
"NO, not the green one!",1.184782608695652,0.0461859901084194,92,77,13,2,not_evaluated,not_evaluated
Close the floodgates - he's lifting his leg!,1.184782608695652,0.053383708301439,92,80,7,5,not_evaluated,not_evaluated
I said retreat not more treats!,1.184782608695652,0.0461859901084194,92,77,13,2,not_evaluated,not_evaluated
Trust the plan — there's no way he'll bite the hand that feeds him!,1.184782608695652,0.053383708301439,92,80,7,5,not_evaluated,not_evaluated
Good call on the boots.,1.184782608695652,0.0487035648134137,92,78,11,3,not_evaluated,not_evaluated
Look out! This is a T-Rex Dog!,1.184782608695652,0.0435230299847753,92,76,15,1,not_evaluated,not_evaluated
"Please do not yell ""Bad Dog"" when I am this close to him!!",1.1844660194174756,0.049261774320473,103,89,9,5,not_evaluated,not_evaluated
Give me the one with chicken bones,1.1844660194174756,0.0452325943430408,103,87,13,3,not_evaluated,not_evaluated
"Make haste, or I’m next!",1.1844660194174756,0.0408075087796715,103,85,17,1,not_evaluated,not_evaluated
Damn. The “ go fetch” strategy didn’t work.,1.1844660194174756,0.0430769100783996,103,86,15,2,not_evaluated,not_evaluated
"More bones! The beast’s breath is most foul, but its eyes beguile me.",1.1844660194174756,0.0452325943430408,103,87,13,3,not_evaluated,not_evaluated
"Retreat! Retreat my my friends! Our ""bones of contention"" are ineffective against this ""English Dog""!",1.1844660194174756,0.0472901152472866,103,88,11,4,not_evaluated,not_evaluated
Tell my wife I love her!,1.1844660194174756,0.0452325943430408,103,87,13,3,not_evaluated,not_evaluated
Can you just bring it to me and quit waiting for an idiom?,1.1844660194174756,0.0384042362728828,103,84,19,0,not_evaluated,not_evaluated
"I don’t know guys, seems like he prefers a raw diet.",1.1844660194174756,0.0452325943430408,103,87,13,3,not_evaluated,not_evaluated
"The tricks are not working, brings the treats!",1.1844660194174756,0.0430769100783996,103,86,15,2,not_evaluated,not_evaluated
With a knick-knack paddy whack...,1.1842105263157894,0.0441690684732445,114,97,13,4,not_evaluated,not_evaluated
More num-nums!,1.1842105263157894,0.0405018002012775,114,95,17,2,not_evaluated,not_evaluated
I told you we should’ve hidden in a big horse instead!,1.1842105263157894,0.0458929406872031,114,98,11,5,not_evaluated,not_evaluated
He likes the yellow ones best. Hurry!,1.1842105263157894,0.0423751249516645,114,96,15,3,not_evaluated,not_evaluated
Hurry up before he decides we might be tasty!,1.184,0.038326273309656,125,104,19,2,not_evaluated,not_evaluated
Stay back! This dog is bad to the bone.,1.184,0.038326273309656,125,104,19,2,not_evaluated,not_evaluated
Does anyone know what’s French for roll over?,1.184,0.0445537008346614,125,108,11,6,not_evaluated,not_evaluated
"Yep, he prefers chicken favor. Tell the boys in the commercial division we’re ready to go to market!",1.1839080459770115,0.0504688936943949,87,74,10,3,not_evaluated,not_evaluated
"Run for your lives, he's not house-trained!",1.1839080459770115,0.0530510832792138,87,75,8,4,not_evaluated,not_evaluated
Well today is THIS dog’s day.,1.1839080459770115,0.0530510832792138,87,75,8,4,not_evaluated,not_evaluated
He says he’s already got one!,1.1839080459770115,0.0530510832792138,87,75,8,4,not_evaluated,not_evaluated
"Leave the pink and green, this is a golden retriever.",1.1839080459770115,0.0448608160649388,87,72,14,1,not_evaluated,not_evaluated
I don’t care if he said that he doesn’t like the green ones. He’s colorblind!,1.1839080459770115,0.0530510832792138,87,75,8,4,not_evaluated,not_evaluated
These weapons are useless!,1.1839080459770115,0.0477472619568306,87,73,12,2,not_evaluated,not_evaluated
Not the green ones! He hates the green ones.,1.183673469387755,0.0443456261934477,98,82,14,2,not_evaluated,not_evaluated
"No bones about it, men! We don’t have a dog in this fight!",1.183673469387755,0.0443456261934477,98,82,14,2,not_evaluated,not_evaluated
"Easy on the treats men, this boys poops are mind-boggling.",1.183673469387755,0.0488602234331629,98,84,10,4,not_evaluated,not_evaluated
"Faster, guys!  This one's a munch monster.",1.183673469387755,0.0466575609972682,98,83,12,3,not_evaluated,not_evaluated
He IS sitting; just throw me the bones.,1.183673469387755,0.0466575609972682,98,83,12,3,not_evaluated,not_evaluated
He likes the tutti-frutti one!! Get me more tutti-frutti bones!!!,1.183673469387755,0.0466575609972682,98,83,12,3,not_evaluated,not_evaluated
"I just wished him ""bone appetit.""",1.183673469387755,0.0488602234331629,98,84,10,4,not_evaluated,not_evaluated
go fetch the leash,1.183673469387755,0.0488602234331629,98,84,10,4,not_evaluated,not_evaluated
His breath is awful!,1.183673469387755,0.0488602234331629,98,84,10,4,not_evaluated,not_evaluated
Almost makes me long for the days when we slayed dragons.,1.183673469387755,0.0443456261934477,98,82,14,2,not_evaluated,not_evaluated
But he identifies as a reindeer.,1.18348623853211,0.0435533846923308,109,92,14,3,not_evaluated,not_evaluated
Just the ones with a knick-knack paddy-whack!,1.18348623853211,0.0435533846923308,109,92,14,3,not_evaluated,not_evaluated
Wrong color! He said he needs blue today!,1.1829268292682926,0.0429562804448438,82,67,15,0,not_evaluated,not_evaluated
It’s OK!  He’s a good boy!!  A VERY good boy!!!,1.1829268292682926,0.0552240755347285,82,71,7,4,not_evaluated,not_evaluated
"Quick, now throw the tennis ball!",1.1827956989247312,0.0430983213285818,93,77,15,1,not_evaluated,not_evaluated
He likes the cheese flavored ones.,1.1827956989247312,0.0457298523071995,93,78,13,2,not_evaluated,not_evaluated
How Clifford got his color.,1.1826923076923077,0.0448306561303145,104,88,13,3,not_evaluated,not_evaluated
No more !  He's eating us out of house and home.,1.1826923076923077,0.0426975553362063,104,87,15,2,not_evaluated,not_evaluated
"He helped us take the city, but at what cost?",1.1826923076923077,0.0468667710266092,104,89,11,4,not_evaluated,not_evaluated
I’ve got him to sit now fetch more dog biscuits.,1.1826923076923077,0.0426975553362063,104,87,15,2,not_evaluated,not_evaluated
"Yell ""Sit!""",1.1826923076923077,0.0426975553362063,104,87,15,2,not_evaluated,not_evaluated
Give me the one that helps his bad breath!!,1.182608695652174,0.0438125970545452,115,98,13,4,not_evaluated,not_evaluated
Keep ‘em coming - he’s a VERY good boy.,1.182608695652174,0.0420355606524669,115,97,15,3,not_evaluated,not_evaluated
Dogs are color blind!,1.182608695652174,0.0420355606524669,115,97,15,3,not_evaluated,not_evaluated
"Attack, men! Rejoice that Dragon Castle cut its defense budget.",1.1825396825396826,0.0380489136332722,126,105,19,2,not_evaluated,not_evaluated
Quick. Tell the baker. This dog only likes the yellow treats.,1.181818181818182,0.0412114670670418,110,92,16,2,not_evaluated,not_evaluated
Great news- he's chipped!,1.181818181818182,0.0546137644714646,77,66,8,3,not_evaluated,not_evaluated
"When I asked for reinforcements,I didn't mean bring in the bones!",1.181818181818182,0.0412114670670418,110,92,16,2,not_evaluated,not_evaluated
Positive reinforcements!,1.181818181818182,0.0483997397727227,99,85,10,4,not_evaluated,not_evaluated
"I need a volunteer, and a very very big bag.",1.181818181818182,0.0412114670670418,110,92,16,2,not_evaluated,not_evaluated
Get me a ball!!,1.181818181818182,0.0391353976142449,110,91,18,1,not_evaluated,not_evaluated
And they're vegan!,1.181818181818182,0.0468913854774665,110,95,10,5,not_evaluated,not_evaluated
GOD is a DOG,1.181818181818182,0.0549186121136798,88,77,6,5,not_evaluated,not_evaluated
"All together: ""knick knack paddy wack . . . .""",1.181818181818182,0.0412114670670418,110,92,16,2,not_evaluated,not_evaluated
Our offer of a tummy rub and a scratch behind the ears has been rejected.,1.181818181818182,0.0389610389610389,99,81,18,0,not_evaluated,not_evaluated
"No go back, its a trick.",1.181818181818182,0.0483997397727227,99,85,10,4,not_evaluated,not_evaluated
Inform the King that treat negotiations are going well!,1.181818181818182,0.0412114670670418,110,92,16,2,not_evaluated,not_evaluated
"Be careful lads, he may start licking your face at a moments notice.",1.181818181818182,0.0524863881081477,88,76,8,4,not_evaluated,not_evaluated
"Send the yellow! No, the other yellow! The one with the worm pill!",1.1811023622047243,0.0360832731886286,127,105,21,1,not_evaluated,not_evaluated
Crossing a mote was easier than charming a watchdog!,1.1810344827586208,0.0398632180283953,116,97,17,2,not_evaluated,not_evaluated
‘Quick ! Get the Attack Frisbees while he’s distracted.”,1.1810344827586208,0.0398632180283953,116,97,17,2,not_evaluated,not_evaluated
Now go get something for the cat.,1.180952380952381,0.0444357221512696,105,89,13,3,not_evaluated,not_evaluated
Stop! Stop! If he poops we’re dead.,1.180952380952381,0.0444357221512696,105,89,13,3,not_evaluated,not_evaluated
His bark is worse than his bite.,1.180952380952381,0.0423247353205504,105,88,15,2,not_evaluated,not_evaluated
"Bring me the pink one, quick!",1.180851063829787,0.0452825238703954,94,79,13,2,not_evaluated,not_evaluated
"Sir Loin, get up here!",1.180851063829787,0.0452825238703954,94,79,13,2,not_evaluated,not_evaluated
"Hey Mikey,he likes it,he likes it",1.180851063829787,0.0477418848337401,94,80,11,3,not_evaluated,not_evaluated
"Ok, when these are finished, get up here and scratch his belly.",1.180722891566265,0.0458202364458721,83,69,13,1,not_evaluated,not_evaluated
Come on guys! He won't sit and stay much longer!,1.180722891566265,0.0489219013145031,83,70,11,2,not_evaluated,not_evaluated
Keep 'em coming! He is going to wag the wall down any minute.,1.180722891566265,0.0518383139048361,83,71,9,3,not_evaluated,not_evaluated
A little more challenging now; he wants canned food!,1.180327868852459,0.0419940471046359,122,104,14,4,not_evaluated,not_evaluated
"We tried carrot, now for stick.
Bring the trebuchet of angry cats.",1.180327868852459,0.0403486926100771,122,103,16,3,not_evaluated,not_evaluated
The peanut butter biscuit! He wants the peanut butter biscuit!,1.180327868852459,0.0403486926100771,122,103,16,3,not_evaluated,not_evaluated
"Our troops are at the gate!  Keep singing!  ""With a knick-knack paddywhack...""",1.18018018018018,0.0446997411953551,111,95,12,4,not_evaluated,not_evaluated
He's too good--re-treat! Re-treat!,1.18018018018018,0.0428283399063232,111,94,14,3,not_evaluated,not_evaluated
Save the retreat strategy for now...,1.18018018018018,0.0408713412470327,111,93,16,2,not_evaluated,not_evaluated
WE NEED MORE FIBER-QUICK,1.18018018018018,0.0408713412470327,111,93,16,2,not_evaluated,not_evaluated
His defense is weakening!,1.18018018018018,0.0388158005396157,111,92,18,1,not_evaluated,not_evaluated
Fire the tennis ball catapult!,1.18018018018018,0.046495881825511,111,96,10,5,not_evaluated,not_evaluated
It's a very good boy!,1.18018018018018,0.0408713412470327,111,93,16,2,not_evaluated,not_evaluated
It’s a BOY!!!,1.18018018018018,0.046495881825511,111,96,10,5,not_evaluated,not_evaluated
Keep feeding him milk bones until he forgets about eating the king,1.18018018018018,0.046495881825511,111,96,10,5,not_evaluated,not_evaluated
We must feed the beast to gain entry,1.18,0.0435310176190437,100,84,14,2,not_evaluated,not_evaluated
He says he only wants the ones with sprinkles because they make him feel special.,1.18,0.045792681696639,100,85,12,3,not_evaluated,not_evaluated
"Hey everyone, there really is a Clifford",1.18,0.050010099990003,100,87,8,5,not_evaluated,not_evaluated
THAT'S A NEGATIVE ON OPERATION TROJAN BONE. RETREAT!,1.18,0.050010099990003,100,87,8,5,not_evaluated,not_evaluated
I didn't fart. The dog did.,1.1797752808988764,0.0467585613820085,89,75,12,2,not_evaluated,not_evaluated
Its working they're lower the drawbridge so he can bury it!,1.1797752808988764,0.0467585613820085,89,75,12,2,not_evaluated,not_evaluated
I dare one of you to mention how we should have brought a catapult. Try me!,1.1797752808988764,0.0494138207127139,89,76,10,3,not_evaluated,not_evaluated
There are doodles are far as the eye can see on the other side of this wall!,1.1797752808988764,0.0467585613820085,89,75,12,2,not_evaluated,not_evaluated
"Get that spinach one out of here, are you mad?",1.1794871794871795,0.0413723194953115,117,99,15,3,not_evaluated,not_evaluated
"I think we are going to need a bigger bone!

 Caption by Edgar A. Goetzl",1.1794871794871795,0.0473879481538609,78,65,12,1,not_evaluated,not_evaluated
Bring a toy!,1.1794871794871795,0.0395513160854907,117,98,17,2,not_evaluated,not_evaluated
"Bring more blue and yellows, he doesn’t see red or green.",1.1794871794871795,0.0507800941632973,78,66,10,2,not_evaluated,not_evaluated
Let's try the cat-apult.,1.179245283018868,0.0440476133204858,106,90,13,3,not_evaluated,not_evaluated
Methinks the beast likes the cheddar-flavored ones best!,1.179245283018868,0.0397593158969909,106,88,17,1,not_evaluated,not_evaluated
Quick! Before I give in to the cute!,1.179245283018868,0.0460422279928784,106,91,11,4,not_evaluated,not_evaluated
We need reinforcements. Re-treat!,1.179245283018868,0.0397593158969909,106,88,17,1,not_evaluated,not_evaluated
"Keep those mastodon bones coming, I'm almost in!",1.179245283018868,0.0419582854739547,106,89,15,2,not_evaluated,not_evaluated
A slipper! A slipper! My kingdom for a slipper!,1.1789473684210523,0.0422729025594385,95,79,15,1,not_evaluated,not_evaluated
"Hey, boneheads! Would you throw me a bone?",1.1789473684210523,0.0517962832038527,95,83,7,5,not_evaluated,not_evaluated
He chose not to sign the first treaty,1.1789473684210523,0.0517962832038527,95,83,7,5,not_evaluated,not_evaluated
Hurry up! I can't make him sit much longer!,1.1789473684210523,0.0422729025594385,95,79,15,1,not_evaluated,not_evaluated
Hold on a second … then what?,1.1788617886178865,0.0432464404105566,123,106,12,5,not_evaluated,not_evaluated
Arm and deploy chicken flavored!,1.1785714285714286,0.0405367099985996,112,94,16,2,not_evaluated,not_evaluated
"This isn't working, bring out the catapult!",1.1785714285714286,0.0424746985673321,112,95,14,3,not_evaluated,not_evaluated
Prepare the catapult and the tennis ball.,1.1785714285714286,0.0424746985673321,112,95,14,3,not_evaluated,not_evaluated
Pretend to throw one so I can sneak over the wall.,1.1785714285714286,0.0478197187466761,112,98,8,6,not_evaluated,not_evaluated
"I know we’ve had our differences, Roger, but just this once, throw me a bone!",1.1785714285714286,0.0405367099985996,112,94,16,2,not_evaluated,not_evaluated
Only the ones that taste like chicken.,1.1785714285714286,0.0483838468873621,84,71,11,2,not_evaluated,not_evaluated
Put down the bones and get me a cat!,1.1782178217821782,0.0431346948728553,101,85,14,2,not_evaluated,not_evaluated
We should've used the dog-a-pult.,1.1782178217821782,0.0453720365837212,101,86,12,3,not_evaluated,not_evaluated
"Quick, the shock collar.",1.1782178217821782,0.049544538626522,101,88,8,5,not_evaluated,not_evaluated
"He says, ""send the catsup now!""",1.1782178217821782,0.0431346948728553,101,85,14,2,not_evaluated,not_evaluated
"No, no, no! He only like the yellow ones!",1.1782178217821782,0.040774772835592,101,84,16,1,not_evaluated,not_evaluated
He wants you to go fetch some more.,1.1779661016949152,0.0410484002384124,118,100,15,3,not_evaluated,not_evaluated
"Never mind the Knick, knack, paddy whack- just give him the bones before he eats me!",1.1779661016949152,0.0444375996811407,118,102,11,5,not_evaluated,not_evaluated
"With a nick nack patty wack, give a dog a bone...",1.1777777777777778,0.0434980384070691,90,75,14,1,not_evaluated,not_evaluated
He says he wants the other gray one,1.1777777777777778,0.0489025063318591,90,77,10,3,not_evaluated,not_evaluated
"No milk bones for him, he's lactose intolerant.",1.1777777777777778,0.0489025063318591,90,77,10,3,not_evaluated,not_evaluated
"In my day, they were shaped like Flintstones.",1.1777777777777778,0.0434980384070691,90,75,14,1,not_evaluated,not_evaluated
"Quick,  the green one,  his breath is really bad!",1.1777777777777778,0.0489025063318591,90,77,10,3,not_evaluated,not_evaluated
Yellow’s a go! Knick-knack! Paddywhack! Hup two!,1.1777777777777778,0.0462792311453009,90,76,12,2,not_evaluated,not_evaluated
"No worries Men, He's a Good Dog",1.1777777777777778,0.0489025063318591,90,77,10,3,not_evaluated,not_evaluated
Put in your ear plugs! His bark is worse than his bite!,1.1777777777777778,0.0489025063318591,90,77,10,3,not_evaluated,not_evaluated
He promises the last shift didn't give him treats!,1.1777777777777778,0.0405264290941792,90,74,16,0,not_evaluated,not_evaluated
Run! I think he's full.,1.1775700934579438,0.0456406503793667,107,92,11,4,not_evaluated,not_evaluated
For Pete's sake no eye contact!,1.1775700934579438,0.0456406503793667,107,92,11,4,not_evaluated,not_evaluated
He likes the banana!,1.1775700934579438,0.0436661565035947,107,91,13,3,not_evaluated,not_evaluated
Treat him just like every other purebred!,1.1775700934579438,0.0436661565035947,107,91,13,3,not_evaluated,not_evaluated
New guy! Forget the pink one. It's useless!,1.1775700934579438,0.0436661565035947,107,91,13,3,not_evaluated,not_evaluated
Stop complaining. You know it’s the biscuits or us.,1.1775700934579438,0.0436661565035947,107,91,13,3,not_evaluated,not_evaluated
Keep saying Good doggy!,1.1775700934579438,0.0436661565035947,107,91,13,3,not_evaluated,not_evaluated
Bring the cone!,1.1772151898734178,0.0562817761114641,79,69,6,4,not_evaluated,not_evaluated
"Okay, now giant tennis ball!",1.1770833333333333,0.0491033453380909,96,83,9,4,not_evaluated,not_evaluated
He says to get real. He made his bones when we were still wet behind the ears.,1.1770833333333333,0.0418717540419518,96,80,15,1,not_evaluated,not_evaluated
"Trust me guys, you don't want to be on the later shift.""",1.1770833333333333,0.0491033453380909,96,83,9,4,not_evaluated,not_evaluated
Just send one up - they’re all yellow to him anyway!,1.1770833333333333,0.0418717540419518,96,80,15,1,not_evaluated,not_evaluated
Next we’ll black out the security cameras.,1.1770833333333333,0.0418717540419518,96,80,15,1,not_evaluated,not_evaluated
Hold off! No more yellow ones…she’s going to blow. Run for it,1.1770833333333333,0.0468170938630088,96,82,11,3,not_evaluated,not_evaluated
He said he wants year aged bones instead. Does he mean regular years or dog years?,1.176991150442478,0.0421267886691334,113,96,14,3,not_evaluated,not_evaluated
"Screw the biscuits, cue the squirrel",1.176991150442478,0.0402074434735505,113,95,16,2,not_evaluated,not_evaluated
He’s a carnivore and not an omnivore. No kale dog biscuits!,1.176991150442478,0.0421267886691334,113,96,14,3,not_evaluated,not_evaluated
He prefers tablescraps.,1.176991150442478,0.0402074434735505,113,95,16,2,not_evaluated,not_evaluated
And I’m gonna need some 50  gallon poop bags.,1.1764705882352942,0.0404108311699465,102,85,16,1,not_evaluated,not_evaluated
"No, not another treat - retreat!",1.1764705882352942,0.0559523371300789,85,75,5,5,not_evaluated,not_evaluated
See if you can find a really big leash.,1.1764705882352942,0.042745436441927,102,86,14,2,not_evaluated,not_evaluated
OK men. Re-treat!,1.1764705882352942,0.0379328118530781,102,84,18,0,not_evaluated,not_evaluated
When they let him out onto the patio we make our move!,1.1764705882352942,0.0415945165403851,85,70,15,0,not_evaluated,not_evaluated
She seems to prefer vegan!,1.1764705882352942,0.0407294596033356,119,101,15,3,not_evaluated,not_evaluated
We're gonna need a bigger cookie!,1.1764705882352942,0.042745436441927,102,86,14,2,not_evaluated,not_evaluated
It's time for the Trojan toilet.,1.1764705882352942,0.0449589746032504,102,87,12,3,not_evaluated,not_evaluated
"No, the spray bottle. Go get the spray bottle!",1.1764705882352942,0.0506995063159608,85,73,9,3,not_evaluated,not_evaluated
He wants more of the blue ones ! More of the blue … oh …,1.1764705882352942,0.0404108311699465,102,85,16,1,not_evaluated,not_evaluated
He says it's 10 bones a day or he quits building the fort!,1.176,0.0440878887619249,125,109,10,6,not_evaluated,not_evaluated
No more treats. He wants to shake.,1.176,0.0425994093552875,125,108,12,5,not_evaluated,not_evaluated
"Hold up, I think he needs to take a walk.",1.1759259259259258,0.0452459600703005,108,93,11,4,not_evaluated,not_evaluated
"Well,this one sees color and it appears the yellow one is his _least_ favorite!",1.1759259259259258,0.0471197110476225,108,94,9,5,not_evaluated,not_evaluated
Stop! We're barking up the wrong tree here...,1.175824175824176,0.0484015726275719,91,78,10,3,not_evaluated,not_evaluated
"Run, the cat's coming.",1.175824175824176,0.0484015726275719,91,78,10,3,not_evaluated,not_evaluated
He's asking if these are grain free.,1.175824175824176,0.0484015726275719,91,78,10,3,not_evaluated,not_evaluated
Nothing with Kale!,1.1755725190839694,0.0412387688663018,131,113,13,5,not_evaluated,not_evaluated
"Men, forthwith to Petco.",1.1754385964912282,0.047028804320496,114,100,8,6,not_evaluated,not_evaluated
I think after these he’ll finally let us rub his belly!,1.1754385964912282,0.0436027252080136,114,98,12,4,not_evaluated,not_evaluated
Retreat!  Deploy the vacuum cleaner!,1.1754385964912282,0.047028804320496,114,100,8,6,not_evaluated,not_evaluated
"Hey Knick-Knack, and you Paddy-Wack, give the dog a bone!",1.1754385964912282,0.0398834157929782,114,96,16,2,not_evaluated,not_evaluated
"Quick, a non-vegan one.",1.1754385964912282,0.0398834157929782,114,96,16,2,not_evaluated,not_evaluated
He claims he said “brisket”!,1.175257731958763,0.0463678823660262,97,83,11,3,not_evaluated,not_evaluated
"No, you idiots, I didn't say 'we need to make sacrifices to the dog'. You got that backwards.",1.175257731958763,0.0463678823660262,97,83,11,3,not_evaluated,not_evaluated
OK - now the belly scratcher.,1.175257731958763,0.0463678823660262,97,83,11,3,not_evaluated,not_evaluated
Let's try a frisbee instead,1.175257731958763,0.0463678823660262,97,83,11,3,not_evaluated,not_evaluated
"Guys, make sure they are the grain free cookies!",1.175257731958763,0.0507891108379981,97,85,7,5,not_evaluated,not_evaluated
Put the rest away. He's a good boy.,1.175257731958763,0.043990952283478,97,82,13,2,not_evaluated,not_evaluated
Okay that should do it.  I’m going to try to deliver the castle’s mail now.,1.175257731958763,0.0463678823660262,97,83,11,3,not_evaluated,not_evaluated
He likes em!  Go get the big tennis ball!,1.175257731958763,0.0486287687219412,97,84,9,4,not_evaluated,not_evaluated
You all said I was crazy to listen to the soothsayer! Ha!,1.175257731958763,0.0486287687219412,97,84,9,4,not_evaluated,not_evaluated
"Quick, somebody invent the vacuum cleaner!",1.175,0.0404153852059402,120,102,15,3,not_evaluated,not_evaluated
Wrong wall!,1.175,0.0556179326330972,80,70,6,4,not_evaluated,not_evaluated
His territory has been sufficiently marked.,1.175,0.0463032109229171,80,67,12,1,not_evaluated,not_evaluated
No more.  He needs to poop.,1.174757281553398,0.0400532304914372,103,86,16,1,not_evaluated,not_evaluated
"Hurry, just hand me anything. He's color blind.",1.174757281553398,0.0400532304914372,103,86,16,1,not_evaluated,not_evaluated
"He appears to be a good boy, but keep ‘em comin.’",1.174757281553398,0.0423630579856997,103,87,14,2,not_evaluated,not_evaluated
"Giveth a dog a bone they said, it didn't work, now we must re-treat!",1.174757281553398,0.0466407922327535,103,89,10,4,not_evaluated,not_evaluated
"Quick, the breath freshener.",1.1746031746031746,0.0391648774940727,126,107,16,3,not_evaluated,not_evaluated
Are these dental chews? His breath is killer.,1.1744186046511629,0.0411591966712185,86,71,15,0,not_evaluated,not_evaluated
Enough!  Now bring me the red ones for his friend Clifford!,1.1744186046511629,0.0528059723467912,86,75,7,4,not_evaluated,not_evaluated
Operation Good Boy complete! Commence operation W.A.L.K.,1.1743119266055049,0.0408955904707798,109,92,15,2,not_evaluated,not_evaluated
Plan B! Spot remover!,1.1743119266055049,0.0429225347021963,109,93,13,3,not_evaluated,not_evaluated
"Quick, throw me the one that freshens breath, too!",1.1743119266055049,0.0448579831308626,109,94,11,4,not_evaluated,not_evaluated
"Forget the ""treats""!   Find me a bitch in heat!",1.1743119266055049,0.0448579831308626,109,94,11,4,not_evaluated,not_evaluated
He like our offer better with a little more meat on the bone.,1.1743119266055049,0.0408955904707798,109,92,15,2,not_evaluated,not_evaluated
Quick! Throw me the T-R-E-A-T!,1.1743119266055049,0.0408955904707798,109,92,15,2,not_evaluated,not_evaluated
It's the only way I can get him to sit.,1.173913043478261,0.0453491410020727,92,78,12,2,not_evaluated,not_evaluated
Three more bones and he'll be hopelessly addicted. Then we've got him where we want him.,1.173913043478261,0.0503421063932034,92,80,8,4,not_evaluated,not_evaluated
He wants some puddle water to wash it down!,1.173913043478261,0.0426339424213443,92,77,14,1,not_evaluated,not_evaluated
ROY….G……VIB….,1.173913043478261,0.0503421063932034,92,80,8,4,not_evaluated,not_evaluated
"No, not those, they’re not gluten free.",1.173913043478261,0.0479107100016816,92,79,10,3,not_evaluated,not_evaluated
Abort the Trojan Bone plan!,1.173913043478261,0.039564504901339,115,97,16,2,not_evaluated,not_evaluated
Bring me the Trojan Ball!,1.173913043478261,0.0453491410020727,92,78,12,2,not_evaluated,not_evaluated
"Once more a cheddar biscuit, dear friends!",1.173913043478261,0.0414476217578862,115,98,14,3,not_evaluated,not_evaluated
"Remember to chant ""good boy"" when I signal.",1.173913043478261,0.0453491410020727,92,78,12,2,not_evaluated,not_evaluated
"Yes, I know the Trojans built a horse.  We're more organic.",1.173913043478261,0.0426339424213443,92,77,14,1,not_evaluated,not_evaluated
Maybe I should try to get him to play dead?,1.1735537190082646,0.0365104723842465,121,101,19,1,not_evaluated,not_evaluated
"Quick, send up a squeaky toy!""",1.173469387755102,0.0435764626949689,98,83,13,2,not_evaluated,not_evaluated
"Nick-knack, paddy-whack….HURRY!",1.173469387755102,0.0459271329034463,98,84,11,3,not_evaluated,not_evaluated
These aren't working. Bring the stuffed toys.,1.173469387755102,0.0459271329034463,98,84,11,3,not_evaluated,not_evaluated
This Trojan Puppy ruse isn’t working.,1.173469387755102,0.0435764626949689,98,83,13,2,not_evaluated,not_evaluated
No! No! The poisoned pink one!,1.173469387755102,0.0435764626949689,98,83,13,2,not_evaluated,not_evaluated
It's a good thing we built this wall.,1.173469387755102,0.0435764626949689,98,83,13,2,not_evaluated,not_evaluated
Quick! He likes the liver flavor one.,1.173469387755102,0.0435764626949689,98,83,13,2,not_evaluated,not_evaluated
Liver!!!,1.173469387755102,0.0384463422129649,98,81,17,0,not_evaluated,not_evaluated
"Good news, he likes the edibles.",1.173469387755102,0.0410915400694743,98,82,15,1,not_evaluated,not_evaluated
I thought you said he was potty trained!,1.173469387755102,0.0459271329034463,98,84,11,3,not_evaluated,not_evaluated
Bring the wet food cannon!,1.173469387755102,0.0410915400694743,98,82,15,1,not_evaluated,not_evaluated
Water! Water! It needs water!!,1.173469387755102,0.0384463422129649,98,81,17,0,not_evaluated,not_evaluated
"Okay, not the chicken. Send up the beef flavor!",1.173469387755102,0.0435764626949689,98,83,13,2,not_evaluated,not_evaluated
Glifford the big white dog's love language is food.,1.173469387755102,0.0410915400694743,98,82,15,1,not_evaluated,not_evaluated
Did anyone bring a shovel?,1.1730769230769231,0.0462207008952147,104,90,10,4,not_evaluated,not_evaluated
Nooo!! Funny bones pleeeeze...,1.1730769230769231,0.041987381395756,104,88,14,2,not_evaluated,not_evaluated
"Instruct DaVinci to commence development of a giant pooper-scooper, ASAP!",1.1730769230769231,0.0462207008952147,104,90,10,4,not_evaluated,not_evaluated
"He's sitting! Reinforce, reinforce and heavy on the praise!",1.1728395061728396,0.0520864768141456,81,70,8,3,not_evaluated,not_evaluated
Hurry up - the big one’s almost here!,1.1728395061728396,0.0490342644647789,81,69,10,2,not_evaluated,not_evaluated
I’m going to need a bigger bone,1.1727272727272726,0.0405530797648443,110,93,15,2,not_evaluated,not_evaluated
"Don't come up this ladder with your giant bones, a humongous dog just took mine",1.1727272727272726,0.044476551363606,110,95,11,4,not_evaluated,not_evaluated
Beats having to take him on walks,1.1727272727272726,0.0425600511020212,110,94,13,3,not_evaluated,not_evaluated
Fetch!,1.1724137931034482,0.0429005720335338,116,100,12,4,not_evaluated,not_evaluated
Tell the king—she is in heat!,1.1724137931034482,0.0496092632821862,87,75,9,3,not_evaluated,not_evaluated
"Cry ‘“Havoc!”, and let slip the dogs of war.",1.1724137931034482,0.0468377070002293,87,74,11,2,not_evaluated,not_evaluated
Sir Barkselot would like the chicken flavored bone next,1.1724137931034482,0.0496092632821862,87,75,9,3,not_evaluated,not_evaluated
I said NOT the human flavor one!!,1.1724137931034482,0.0522339660543137,87,76,7,4,not_evaluated,not_evaluated
Keep 'em coming. We can't plunder until he's full!,1.1720430107526882,0.0498329512275307,93,81,8,4,not_evaluated,not_evaluated
He likes Soylent Yellow best.,1.1720430107526882,0.0474296208855697,93,80,10,3,not_evaluated,not_evaluated
"Ok, his tail is wagging. Storm the gate while he's being a good boy..",1.1720430107526882,0.0474296208855697,93,80,10,3,not_evaluated,not_evaluated
Snack attack!,1.1720430107526882,0.0448978267475418,93,79,12,2,not_evaluated,not_evaluated
"The bows and arrows, NOT the bones and marrows!",1.1720430107526882,0.0474296208855697,93,80,10,3,not_evaluated,not_evaluated
"Give me the pink one, you idiot! This is a female!",1.1720430107526882,0.0393485281206186,93,77,16,0,not_evaluated,not_evaluated
That's it - send up the yellow ones!,1.1720430107526882,0.0422144614552371,93,78,14,1,not_evaluated,not_evaluated
Hurry!!! I don't think he'll stay a good boy for long!,1.1720430107526882,0.0393485281206186,93,77,16,0,not_evaluated,not_evaluated
We’re gonna need a wagonload of pooper scoopers.,1.1720430107526882,0.0474296208855697,93,80,10,3,not_evaluated,not_evaluated
Forget the bones. Get the pooper scooper.,1.1720430107526882,0.0448978267475418,93,79,12,2,not_evaluated,not_evaluated
Forget the catapult! More treats! More treats!,1.1720430107526882,0.0422144614552371,93,78,14,1,not_evaluated,not_evaluated
He wants another lemon one!,1.1720430107526882,0.0474296208855697,93,80,10,3,not_evaluated,not_evaluated
He’s grown up now and doesn’t want to be called “ good boy”,1.1720430107526882,0.0474296208855697,93,80,10,3,not_evaluated,not_evaluated
Good news is he likes it! Bad news is Percival didn't let go in time. Who's next?,1.1720430107526882,0.0521255898646917,93,82,6,5,not_evaluated,not_evaluated
Retreat!  RETREAT!  RETREAT!!!!,1.1720430107526882,0.0498329512275307,93,81,8,4,not_evaluated,not_evaluated
Quick! The fifty-pound tennis ball!,1.1720430107526882,0.0448978267475418,93,79,12,2,not_evaluated,not_evaluated
He knows they're not really Milkbone! Run away!,1.1720430107526882,0.0521255898646917,93,82,6,5,not_evaluated,not_evaluated
"Hurry up, while he's still a good boy!",1.1717171717171715,0.0477064220918226,99,86,9,4,not_evaluated,not_evaluated
Good thing we left the Trojan cat home !,1.1717171717171715,0.0498201342038443,99,87,7,5,not_evaluated,not_evaluated
He says he prefers Snausages!,1.1717171717171715,0.0380963312624648,99,82,17,0,not_evaluated,not_evaluated
Release the Crackers!,1.1717171717171715,0.0454946111700849,99,85,11,3,not_evaluated,not_evaluated
He says to Bow! Wow!,1.1717171717171715,0.0454946111700849,99,85,11,3,not_evaluated,not_evaluated
"Okay, Nick, you’re up next. Knack, you are on deck, and Paddywack is in the hole.",1.1717171717171715,0.0477064220918226,99,86,9,4,not_evaluated,not_evaluated
"That's not what I meant by ""throw me a bone.""",1.1717171717171715,0.0431696256901921,99,84,13,2,not_evaluated,not_evaluated
Never mind; it’s the Trojans!,1.1717171717171715,0.0431696256901921,99,84,13,2,not_evaluated,not_evaluated
Now he wants you all to roll over,1.1717171717171715,0.0431696256901921,99,84,13,2,not_evaluated,not_evaluated
I'll feed. You shovel.,1.1714285714285717,0.0437633137400876,105,90,12,3,not_evaluated,not_evaluated
He's the alpha dog on Pluto.,1.1714285714285717,0.0393564132412111,105,88,16,1,not_evaluated,not_evaluated
"Hurry, he’s begging for more!",1.1714285714285717,0.0393564132412111,105,88,16,1,not_evaluated,not_evaluated
Release Thy Clifford!!!,1.1714285714285717,0.0458080540152441,105,91,10,4,not_evaluated,not_evaluated
"It’s the yellow, he likes the yellow.",1.1714285714285717,0.0458080540152441,105,91,10,4,not_evaluated,not_evaluated
"Why yes, he IS a good boy!",1.1714285714285717,0.0393564132412111,105,88,16,1,not_evaluated,not_evaluated
"My God,it's a Laestrygonian therapy dog!",1.1714285714285717,0.0458080540152441,105,91,10,4,not_evaluated,not_evaluated
Am I supposed to tell him he’s a good boy?,1.1711711711711712,0.0402161927323149,111,94,15,2,not_evaluated,not_evaluated
When you come over the top watch out for his tail!,1.1711711711711712,0.0422035818584496,111,95,13,3,not_evaluated,not_evaluated
Fetch me the Kong!,1.1711711711711712,0.0402161927323149,111,94,15,2,not_evaluated,not_evaluated
"Hurry up with those treats.  We should've expected this, deciding to raid the greatest Dane in the country.",1.1711711711711712,0.0422035818584496,111,95,13,3,not_evaluated,not_evaluated
You think this is bad? I transferred in from the cleanup crew,1.1711711711711712,0.0402161927323149,111,94,15,2,not_evaluated,not_evaluated
Quick! He has a bone to pick— and it'd better not be mine!,1.170940170940171,0.0389415635464339,117,99,16,2,not_evaluated,not_evaluated
No more biscuits! Bring on the squeaky toy!,1.170940170940171,0.0425578406888368,117,101,12,4,not_evaluated,not_evaluated
"He'll let us in one at a time - on all fours, with collars",1.170731707317073,0.0484784385365808,82,70,10,2,not_evaluated,not_evaluated
He's ready for the cat muffins!,1.170731707317073,0.0418082618442859,82,68,14,0,not_evaluated,not_evaluated
Run! He knows we're stealing his biscuits!,1.170731707317073,0.0418082618442859,82,68,14,0,not_evaluated,not_evaluated
The one that says ‘Bad Motherfucker!’,1.1705426356589148,0.0398702337431026,129,111,14,4,not_evaluated,not_evaluated
"Bring the blue one, quick!",1.1704545454545454,0.0516741430590875,88,77,7,4,not_evaluated,not_evaluated
As I told George - hiding inside the treat is a terrible idea!,1.1704545454545454,0.0541428673118145,88,78,5,5,not_evaluated,not_evaluated
The king is preparing his dog of war,1.1704545454545454,0.0434340649874026,88,74,13,1,not_evaluated,not_evaluated
Trouble!  He hates the pumpkin spice.,1.1704545454545454,0.0463438347699413,88,75,11,2,not_evaluated,not_evaluated
Last of the treats... which one of you can squeak?,1.1704545454545454,0.0490814021910268,88,76,9,3,not_evaluated,not_evaluated
Prepare ye for belly rub!,1.1702127659574468,0.0444553142500922,94,80,12,2,not_evaluated,not_evaluated
"No no, you fools, he only likes the YELLOW ones!",1.1702127659574468,0.0444553142500922,94,80,12,2,not_evaluated,not_evaluated
He only likes the orange ones!,1.1702127659574468,0.0389706782884787,94,78,16,0,not_evaluated,not_evaluated
"Quick, more yellow ones!",1.1702127659574468,0.0469580191711663,94,81,10,3,not_evaluated,not_evaluated
"You guys no more catnip, just the real stuff!",1.1702127659574468,0.0444553142500922,94,80,12,2,not_evaluated,not_evaluated
We were clearly expected. But if we wait until after dinner they’ll have to walk him and then we’ll be able to climb the wall.,1.1702127659574468,0.0418030425408161,94,79,14,1,not_evaluated,not_evaluated
Let's teach this ancient dog a new trick.,1.17,0.0403394686042432,100,84,15,1,not_evaluated,not_evaluated
Bring up the kibble!,1.17,0.0450700913168936,100,86,11,3,not_evaluated,not_evaluated
"He likes the pink ones, quick a backup bone meal!",1.17,0.047258156262526,100,87,9,4,not_evaluated,not_evaluated
"No, no, no!! I said props from Game of THRones!",1.17,0.0450700913168936,100,86,11,3,not_evaluated,not_evaluated
Break out the Kibble!,1.17,0.0450700913168936,100,86,11,3,not_evaluated,not_evaluated
Now we only have 4 bones!,1.17,0.0427702341505506,100,85,13,2,not_evaluated,not_evaluated
He’s a good boy once you get through the walls!,1.17,0.0450700913168936,100,86,11,3,not_evaluated,not_evaluated
"He says the lemon's a little bland, but for three strawberry biscuits, he'll bite off the king's head and throw it over the wall.",1.169811320754717,0.0454026571711878,106,92,10,4,not_evaluated,not_evaluated
This is the last time I dog sit for King Charles Spaniel.,1.169811320754717,0.0473402133235748,106,93,8,5,not_evaluated,not_evaluated
Add more Xanax!,1.169811320754717,0.0366418231115179,106,88,18,0,not_evaluated,not_evaluated
Hurry lads…the enemy’s mail-ship is almost in range!,1.1694915254237288,0.0346859103680746,118,98,20,0,not_evaluated,not_evaluated
"NO! Forget the biscuits, he wants a leg of lamb! Medium-Rare!",1.1688311688311688,0.0502984850156807,77,66,9,2,not_evaluated,not_evaluated
Give him the red one,1.1688311688311688,0.0535882551920744,77,67,7,3,not_evaluated,not_evaluated
I told you he'd prefer dry biscuits!,1.1686746987951808,0.0509079395561651,83,72,8,3,not_evaluated,not_evaluated
Sorry I was skeptical about the vegan dog treats!,1.1685393258426966,0.0458601681140994,89,76,11,2,not_evaluated,not_evaluated
This dyslexia thing has got to end!,1.1685393258426966,0.0399052601749081,89,74,15,0,not_evaluated,not_evaluated
"No, we need the ones made from the other side of the mushroom!",1.1685393258426966,0.0485645718025665,89,77,9,3,not_evaluated,not_evaluated
"Throw me a bone, will you?!",1.1685393258426966,0.0458601681140994,89,76,11,2,not_evaluated,not_evaluated
A good boy 'tis he! Maketh  haste  and  hail  Yorick  for  the  squeaky  toys!,1.1685393258426966,0.0458601681140994,89,76,11,2,not_evaluated,not_evaluated
"Not Lime, you idiot!  Chicken or Beef!",1.1685393258426966,0.0485645718025665,89,77,9,3,not_evaluated,not_evaluated
top dawg is taking bribes y’all,1.1685393258426966,0.042985955898878,89,75,13,1,not_evaluated,not_evaluated
Did they mention my pension for this?,1.1685393258426966,0.042985955898878,89,75,13,1,not_evaluated,not_evaluated
HURRY UP with the biscuits!!!,1.168421052631579,0.0440213517849932,95,81,12,2,not_evaluated,not_evaluated
I gave a dog a bone; I'm ready to roll... any naysayers?,1.168421052631579,0.0440213517849932,95,81,12,2,not_evaluated,not_evaluated
"OK, back up, and try to avoid the fire hydrant.",1.168421052631579,0.0464956296732457,95,82,10,3,not_evaluated,not_evaluated
"He says:

I’m paddywhack, from Ballyhack,
Not long ago turned soldier;
In storm and sack, in front attack,
None other can be bolder.",1.168421052631579,0.0464956296732457,95,82,10,3,not_evaluated,not_evaluated
A bone! A bone! My kingdom for a bone!,1.168421052631579,0.0464956296732457,95,82,10,3,not_evaluated,not_evaluated
"What does the yellow bone mean, again?",1.1683168316831682,0.0446533555793255,101,87,11,3,not_evaluated,not_evaluated
Come follow me my comrades!  What?  What are you looking at?,1.1683168316831682,0.0423780882357083,101,86,13,2,not_evaluated,not_evaluated
Each treat will buy us two seconds!  How much time do we need?,1.1683168316831682,0.0446533555793255,101,87,11,3,not_evaluated,not_evaluated
We're gonna need a bigger doggie bag.,1.1683168316831682,0.0446533555793255,101,87,11,3,not_evaluated,not_evaluated
I think we may be overfeeding him.,1.1683168316831682,0.0399735232439334,101,85,15,1,not_evaluated,not_evaluated
Tail wagging confirmed: keep the yellow ones coming!,1.1683168316831682,0.0446533555793255,101,87,11,3,not_evaluated,not_evaluated
Who's a good monster?,1.1683168316831682,0.0446533555793255,101,87,11,3,not_evaluated,not_evaluated
"Now bring the giant leash, I’m sure this will work!",1.1683168316831682,0.0488872352302119,101,89,7,5,not_evaluated,not_evaluated
"The green, the green! Hurry, he says the Kingdom for ten green biscuits!",1.1683168316831682,0.0423780882357083,101,86,13,2,not_evaluated,not_evaluated
It's asking some kind of riddle; does anyone know who's a good boy?,1.1683168316831682,0.0468181798714332,101,88,9,4,not_evaluated,not_evaluated
"Someone hold the ladder, for safety",1.1683168316831682,0.0399735232439334,101,85,15,1,not_evaluated,not_evaluated
Retreat! He's not a good boy!,1.1682242990654206,0.0430006198534205,107,92,12,3,not_evaluated,not_evaluated
Does this tunic make my butt look fat?,1.1682242990654206,0.0450043225816536,107,93,10,4,not_evaluated,not_evaluated
It's working! Bring up the biscuit reserves!,1.1682242990654206,0.0408988699663355,107,91,14,2,not_evaluated,not_evaluated
He likes the peanut butter ones! Someone go back and get more of the Peanut Butter ones!,1.1682242990654206,0.0386830947736613,107,90,16,1,not_evaluated,not_evaluated
'Tis true the tales! The beast doth exhale a fiery breath!,1.1682242990654206,0.0408988699663355,107,91,14,2,not_evaluated,not_evaluated
"No, the pink one. It's always cherry after lemon.",1.1680672268907564,0.0383377142624041,119,101,16,2,not_evaluated,not_evaluated
I told you feeding Buckley at the table would create a monster,1.1680672268907564,0.041888423716586,119,103,12,4,not_evaluated,not_evaluated
OMG! Wait till you see his master!,1.168,0.038914297894799,125,107,15,3,not_evaluated,not_evaluated
Flea! It is Dogzilla!,1.1666666666666667,0.042546882418053,90,76,13,1,not_evaluated,not_evaluated
Turns out he's the runt of the litter!,1.1666666666666667,0.0505895332446111,90,79,7,4,not_evaluated,not_evaluated
Let's hurry up and invade now. You don't want to be on the inside when these treats come out the other end.,1.1666666666666667,0.0484336950642408,102,90,7,5,not_evaluated,not_evaluated
"No more treats—
throw the sticks and stones.",1.1666666666666667,0.0409067244728179,84,70,14,0,not_evaluated,not_evaluated
She wants a blue one…..,1.1666666666666667,0.0460421876210901,96,83,10,3,not_evaluated,not_evaluated
Go back! He’s going to HURL!,1.1666666666666667,0.042546882418053,90,76,13,1,not_evaluated,not_evaluated
"Hey, you guys! Look at my butt!",1.1666666666666667,0.0453863976719122,90,77,11,2,not_evaluated,not_evaluated
The production team couldn’t afford dragons.,1.1666666666666667,0.0410034943597201,96,81,14,1,not_evaluated,not_evaluated
The rumors were true: he is a good boy!,1.1666666666666667,0.0463862668988459,102,89,9,4,not_evaluated,not_evaluated
"Red rover,red rover,let Charlton come over!",1.1666666666666667,0.0465121310154956,108,95,8,5,not_evaluated,not_evaluated
We’re going to have to switch to tennis balls!,1.1666666666666667,0.0409067244728179,84,70,14,0,not_evaluated,not_evaluated
Bring the leash; he's ready to go for a walk!,1.1666666666666667,0.0383548858098911,108,91,16,1,not_evaluated,not_evaluated
Remember — don’t say W-A-L-K  unless you want to be dragged for about ten miles.,1.1666666666666667,0.0529998940003179,90,80,5,5,not_evaluated,not_evaluated
He says colors are meaningless to him.,1.1666666666666667,0.0474034130879283,84,72,10,2,not_evaluated,not_evaluated
were going to need a bigger cracker,1.1666666666666667,0.0405483357490538,108,92,14,2,not_evaluated,not_evaluated
Retreat! She's a BIG ole Dawg!,1.1666666666666667,0.0442441939246956,102,88,11,3,not_evaluated,not_evaluated
"It’s not working, his breath is still bad!",1.1666666666666667,0.0419929950739545,102,87,13,2,not_evaluated,not_evaluated
"Bring more! He was stationed at Camp Lejeune between 1953 and 1988, he's owed SIGNIFICANT compensation!",1.1666666666666667,0.0500950982098952,108,97,4,7,not_evaluated,not_evaluated
"No, no! It ISN'T a Goldendoodle! More yellow biscuits!",1.1666666666666667,0.0505895332446111,90,79,7,4,not_evaluated,not_evaluated
Keep 'em coming men...and look out for the DROOL!,1.1666666666666667,0.0496966042074553,78,67,9,2,not_evaluated,not_evaluated
Keep them coming. One isn't going to be enough!,1.1666666666666667,0.039503788594998,90,75,15,0,not_evaluated,not_evaluated
"You know what,guys? He kind of looks like Colin Farrell!",1.1666666666666667,0.0480584330140953,90,78,9,3,not_evaluated,not_evaluated
thrown to the dogs,1.1666666666666667,0.0410034943597201,96,81,14,1,not_evaluated,not_evaluated
He says he has a bone to pick with you.,1.1666666666666667,0.0419929950739545,102,87,13,2,not_evaluated,not_evaluated
"Retreat! He doesn't know ""play dead""!",1.1666666666666667,0.0453863976719122,90,77,11,2,not_evaluated,not_evaluated
It's not working! He won't roll over!,1.1666666666666667,0.0463862668988459,102,89,9,4,not_evaluated,not_evaluated
Do we have any grey poupon?,1.1666666666666667,0.046482658940254,114,101,7,6,not_evaluated,not_evaluated
He is also requesting some dental floss and some tums,1.1666666666666667,0.0419929950739545,102,87,13,2,not_evaluated,not_evaluated
Get ready--the old man should come rolling home any minute.,1.1666666666666667,0.0496966042074553,78,67,9,2,not_evaluated,not_evaluated
he ain't nothin but a hound dog.,1.1666666666666667,0.0474034130879283,84,72,10,2,not_evaluated,not_evaluated
"I need a volunteer belly scratcher, stat!",1.1666666666666667,0.0435956969817163,96,82,12,2,not_evaluated,not_evaluated
He is about to run out of excuses for being stuck.,1.1666666666666667,0.042546882418053,90,76,13,1,not_evaluated,not_evaluated
He stopped growling--now's our chance!,1.1666666666666667,0.039503788594998,90,75,15,0,not_evaluated,not_evaluated
It's working.  We've neutralized their doggie breath weapon.,1.1666666666666667,0.0496966042074553,78,67,9,2,not_evaluated,not_evaluated
Don't tell me that you brought the catapult but forgot the dogapult!,1.1666666666666667,0.0480584330140953,90,78,9,3,not_evaluated,not_evaluated
Maybe that witch we met wasn’t so wicked after all.,1.1666666666666667,0.0360281417639263,108,90,18,0,not_evaluated,not_evaluated
Lord Very Good Boy demands more treats,1.1666666666666667,0.0480584330140953,90,78,9,3,not_evaluated,not_evaluated
Fetch the rake! He wants a belly rub.,1.1652173913043478,0.0444140335272361,115,101,9,5,not_evaluated,not_evaluated
"They are going to be so surprised when they open the gate to
 have him attack us.",1.1652173913043478,0.0444140335272361,115,101,9,5,not_evaluated,not_evaluated
"Okay, men! The dog's happy. Now get the nip for the cat!",1.165137614678899,0.0357288117600854,109,91,18,0,not_evaluated,not_evaluated
Forget the bone idea. It's not going to work!,1.165137614678899,0.0402036978448828,109,93,14,2,not_evaluated,not_evaluated
Hurry.  Need more food before we can keep him as our pet.,1.1650485436893203,0.045962199390622,103,90,9,4,not_evaluated,not_evaluated
Dogs are color blind you idiots!,1.1650485436893203,0.045962199390622,103,90,9,4,not_evaluated,not_evaluated
I told you not to get the generic brand. This is a dog with taste.,1.1650485436893203,0.0438424037174484,103,89,11,3,not_evaluated,not_evaluated
Watch out! He's gonna be sick. Who gave him the fish one?,1.1650485436893203,0.0416147684677468,103,88,13,2,not_evaluated,not_evaluated
It's working! Bring forth the knick-knacks and the paddy whacks!,1.1650485436893203,0.0367566883223319,103,86,17,0,not_evaluated,not_evaluated
What time is walkies?,1.1650485436893203,0.0416147684677468,103,88,13,2,not_evaluated,not_evaluated
No pink; he allergic to strawberries.,1.1650485436893203,0.0438424037174484,103,89,11,3,not_evaluated,not_evaluated
Get the catapult!,1.1649484536082475,0.0478947074390596,97,85,8,4,not_evaluated,not_evaluated
"Nick, Nack, Paddy, get the pink one!",1.1649484536082475,0.0455974381777168,97,84,10,3,not_evaluated,not_evaluated
Don’t forget the big squeeze toy.,1.1649484536082475,0.0478947074390596,97,85,8,4,not_evaluated,not_evaluated
"If this doesn't work, we'll try the catapult.",1.1649484536082475,0.0455974381777168,97,84,10,3,not_evaluated,not_evaluated
You’re going to need bigger biscuits,1.1649484536082475,0.0431781164025053,97,83,12,2,not_evaluated,not_evaluated
"He’s bored, bring up the strawberry.",1.1649484536082475,0.0431781164025053,97,83,12,2,not_evaluated,not_evaluated
"He is asking for fair trade and sustainable treats. Pass me the ""green"" one",1.1649484536082475,0.0406149369538584,97,82,14,1,not_evaluated,not_evaluated
"Dog-gone it, guys, I think we’re barking up the wrong tree here!",1.164835164835165,0.042116578320307,91,77,13,1,not_evaluated,not_evaluated
Bring in the cats!,1.164835164835165,0.042116578320307,91,77,13,1,not_evaluated,not_evaluated
"Change of plan, his contract calls for sirloin",1.164835164835165,0.042116578320307,91,77,13,1,not_evaluated,not_evaluated
Not the nicknack Paddywack! Get the dog a bone!,1.164835164835165,0.042116578320307,91,77,13,1,not_evaluated,not_evaluated
Darn It’s a Trojan dog!,1.164835164835165,0.0449222262762077,91,78,11,2,not_evaluated,not_evaluated
When King Arthur's side hustle as dog sitter goes horribly wrong.,1.164835164835165,0.0475626603315147,91,79,9,3,not_evaluated,not_evaluated
That gro-pup is working wonders.,1.164835164835165,0.042116578320307,91,77,13,1,not_evaluated,not_evaluated
Quick - A new pair of pants!,1.164835164835165,0.050064028024234,91,80,7,4,not_evaluated,not_evaluated
Do you have any hot sauce?,1.164835164835165,0.0475626603315147,91,79,9,3,not_evaluated,not_evaluated
"Hurry! No, No, not the green one, he wants the pink one",1.1647058823529413,0.0437943335152785,85,72,12,1,not_evaluated,not_evaluated
Please tell me you remembered the poop bags?,1.1647058823529413,0.0497811986364662,85,74,8,3,not_evaluated,not_evaluated
"Quick, before the tide comes in, and this whole castle melts!",1.1647058823529413,0.0468834266331438,85,73,10,2,not_evaluated,not_evaluated
Go get a big mirror and we'll make it see its tail.,1.1645569620253164,0.0456848771435583,79,67,11,1,not_evaluated,not_evaluated
I see we got the Costco variety box.,1.1645569620253164,0.0419825922829797,79,66,13,0,not_evaluated,not_evaluated
"Not to kink shame, but this ""puppy play"" is getting out of hand!",1.1645569620253164,0.049108837742764,79,68,9,2,not_evaluated,not_evaluated
He says he’ll consider ‘lie down’.,1.1645569620253164,0.049108837742764,79,68,9,2,not_evaluated,not_evaluated
"From the looks of it, we’re gonna need a front end loader STAT!",1.1639344262295082,0.037465887004401,122,104,16,2,not_evaluated,not_evaluated
"Quick, bring the mail!",1.1637931034482758,0.0386115190439946,116,99,15,2,not_evaluated,not_evaluated
"No. No. No.
If he sees a treat, he will give me his paw!",1.1637931034482758,0.0405064740549708,116,100,13,3,not_evaluated,not_evaluated
We don't need them.  He ate the other dogs.,1.1637931034482758,0.0405064740549708,116,100,13,3,not_evaluated,not_evaluated
Load the tre’ bruchetta!,1.1636363636363636,0.0398648105955026,110,94,14,2,not_evaluated,not_evaluated
The bones aren't working! It just keeps eating them!,1.1636363636363636,0.0398648105955026,110,94,14,2,not_evaluated,not_evaluated
He only likes a non-monochrome bone.,1.1636363636363636,0.0419047586224778,110,95,12,3,not_evaluated,not_evaluated
"Down, boys!",1.1636363636363636,0.0419047586224778,110,95,12,3,not_evaluated,not_evaluated
"He will need to go out for a walk soon, you know.",1.1634615384615383,0.0412432286136088,104,89,13,2,not_evaluated,not_evaluated
Bone-apart for the Emperor!,1.1634615384615383,0.0434477894013091,104,90,11,3,not_evaluated,not_evaluated
"I need a big doggie bag, stat!",1.1634615384615383,0.0412432286136088,104,89,13,2,not_evaluated,not_evaluated
"It's okay, the king says he's a good boy.",1.1634615384615383,0.0434477894013091,104,90,11,3,not_evaluated,not_evaluated
Come back here in a few hours and we’ll finally have some new ammo for that trebuchet,1.1634615384615383,0.0434477894013091,104,90,11,3,not_evaluated,not_evaluated
"He likes it, Mikey likes it!",1.1634615384615383,0.0434477894013091,104,90,11,3,not_evaluated,not_evaluated
I guess try grapes?,1.1634615384615383,0.0434477894013091,104,90,11,3,not_evaluated,not_evaluated
Who’s going in with the giant garbage bag?,1.163265306122449,0.0451611359849898,98,85,10,3,not_evaluated,not_evaluated
"They definitely said peace treats, right?",1.163265306122449,0.0451611359849898,98,85,10,3,not_evaluated,not_evaluated
He's not red!,1.163265306122449,0.0427683851428825,98,84,12,2,not_evaluated,not_evaluated
Forget those! Get our twenty foot cat!,1.163265306122449,0.0427683851428825,98,84,12,2,not_evaluated,not_evaluated
Looks like Humpty Dumpty gained some weight.,1.163265306122449,0.0474333388997606,98,86,8,4,not_evaluated,not_evaluated
It's getting harder to adopt a rescue dog these days.,1.163265306122449,0.0402335846278346,98,83,14,1,not_evaluated,not_evaluated
Hurry up!  He’s part of a litter!,1.1630434782608696,0.041694787522042,92,78,13,1,not_evaluated,not_evaluated
"He wants bacon-flavored marrow, a chew toy, and our first born.""",1.1630434782608696,0.041694787522042,92,78,13,1,not_evaluated,not_evaluated
Heel! Heel!,1.1630434782608696,0.0444673683699362,92,79,11,2,not_evaluated,not_evaluated
It's modern woof-fare!,1.1630434782608696,0.0470769412025354,92,80,9,3,not_evaluated,not_evaluated
Quick more yellow ones;  I think I found his weakness!,1.1630434782608696,0.0444673683699362,92,79,11,2,not_evaluated,not_evaluated
"Lets hurry up and feed him, the next crew can take him for walkies.",1.1630434782608696,0.041694787522042,92,78,13,1,not_evaluated,not_evaluated
Quick! We need the catapult!,1.1630434782608696,0.041694787522042,92,78,13,1,not_evaluated,not_evaluated
"Everyone, on the count of three: ""who's a good boy?""",1.1630434782608696,0.0470769412025354,92,80,9,3,not_evaluated,not_evaluated
Quick! Get the mailman,1.1630434782608696,0.0470769412025354,92,80,9,3,not_evaluated,not_evaluated
He prefers purple.,1.1630434782608696,0.0470769412025354,92,80,9,3,not_evaluated,not_evaluated
Fall back! Don’t re-treat!,1.1630434782608696,0.041694787522042,92,78,13,1,not_evaluated,not_evaluated
Now she wants only raw.,1.1630434782608696,0.0470769412025354,92,80,9,3,not_evaluated,not_evaluated
No! No Greenies!,1.1630434782608696,0.0444673683699362,92,79,11,2,not_evaluated,not_evaluated
Could somebody please throw me a bone?,1.1630434782608696,0.041694787522042,92,78,13,1,not_evaluated,not_evaluated
Quick! Bring the credit card offers!,1.1630434782608696,0.0387242012605665,92,77,15,0,not_evaluated,not_evaluated
I’ve got a bone to pick with you guys!,1.1630434782608696,0.0444673683699362,92,79,11,2,not_evaluated,not_evaluated
"Keep those gluten free, yellow biscuits coming!",1.1630434782608696,0.0470769412025354,92,80,9,3,not_evaluated,not_evaluated
We should have built a moat.,1.162790697674419,0.0361526319887163,129,110,17,2,not_evaluated,not_evaluated
We need more. Break out the kibble!,1.162790697674419,0.0377906976744185,129,111,15,3,not_evaluated,not_evaluated
More chicken flavor!,1.162790697674419,0.0433244531384763,86,73,12,1,not_evaluated,not_evaluated
Quick! Get the vegan treats!,1.162790697674419,0.0463746272326316,86,74,10,2,not_evaluated,not_evaluated
"No....No more.
Says he's trying to quit.",1.162790697674419,0.0519403665119968,86,76,6,4,not_evaluated,not_evaluated
All we’re doing is maintaining his dental health!,1.162790697674419,0.0433244531384763,86,73,12,1,not_evaluated,not_evaluated
How many times must he repeat GLUTEN FREE?!,1.162790697674419,0.0492362047906117,86,75,8,3,not_evaluated,not_evaluated
"I'll bring the bone, I said. You'll bring the treat, ball, stick and leash you said.",1.162790697674419,0.0463746272326316,86,74,10,2,not_evaluated,not_evaluated
Get me a newspaper!,1.1625,0.045157074666159,80,68,11,1,not_evaluated,not_evaluated
Enough with the treats. I'm going to tell him to roll over and play dead.,1.1625,0.045157074666159,80,68,11,1,not_evaluated,not_evaluated
WHO LET THE DOGS OUT?,1.162162162162162,0.0395315330246961,111,95,14,2,not_evaluated,not_evaluated
Enough with the food - get the giant scooper!,1.162162162162162,0.0395315330246961,111,95,14,2,not_evaluated,not_evaluated
"Don’t throw me a bone, he’ll fetch me too!",1.162162162162162,0.0395315330246961,111,95,14,2,not_evaluated,not_evaluated
Come on Demeter you need to throw me a bone here. Trojan horses are so passé .,1.162162162162162,0.0415516818803139,111,96,12,3,not_evaluated,not_evaluated
Canine King Kong needs to be stopped. Bring on the CBD chew bones!,1.162162162162162,0.0470950396377718,111,99,6,6,not_evaluated,not_evaluated
She wants the pink one.,1.161904761904762,0.0408782018356128,105,90,13,2,not_evaluated,not_evaluated
Clifford only really likes the red ones,1.161904761904762,0.0385730113183157,105,89,15,1,not_evaluated,not_evaluated
"Let’s slow down, I’m on scooping duty tomorrow.",1.161904761904762,0.0408782018356128,105,90,13,2,not_evaluated,not_evaluated
Abort operation Trojan squeaky toy!,1.161904761904762,0.0430601621973638,105,91,11,3,not_evaluated,not_evaluated
"He's letting us back in if we promise to ask ""who's a good sir?"" from now on!",1.161904761904762,0.045136767181683,105,92,9,4,not_evaluated,not_evaluated
And you thought killing dragons was hard work.,1.161904761904762,0.0361210052325891,105,88,17,0,not_evaluated,not_evaluated
He likes the peanut butter!,1.1616161616161615,0.0447330447330447,99,86,10,3,not_evaluated,not_evaluated
BAD IDEA! RETREAT! RETREAT!,1.1616161616161615,0.0423662864528231,99,85,12,2,not_evaluated,not_evaluated
He's going nowhere! Bring the cat!,1.1616161616161615,0.0447330447330447,99,86,10,3,not_evaluated,not_evaluated
"Quick, find some virgins!",1.1616161616161615,0.0447330447330447,99,86,10,3,not_evaluated,not_evaluated
They’re called breasts and we all have them.,1.1616161616161615,0.0447330447330447,99,86,10,3,not_evaluated,not_evaluated
"She doesn't want to be rescued, but she does want to go for a W-A-L-K.",1.1616161616161615,0.0423662864528231,99,85,12,2,not_evaluated,not_evaluated
"Quick, he wants Putin!",1.1616161616161615,0.0447330447330447,99,86,10,3,not_evaluated,not_evaluated
"Are you telling me everyone brought giant treats, and no one brought giant bags.",1.1616161616161615,0.0447330447330447,99,86,10,3,not_evaluated,not_evaluated
He’s up for adoption.,1.1616161616161615,0.0447330447330447,99,86,10,3,not_evaluated,not_evaluated
Enough is never enough!,1.1616161616161615,0.0423662864528231,99,85,12,2,not_evaluated,not_evaluated
You won’t have to worry about rabies.,1.1612903225806452,0.0440215494550122,93,80,11,2,not_evaluated,not_evaluated
Launch the catapult!,1.1612903225806452,0.0412812636158766,93,79,13,1,not_evaluated,not_evaluated
Back up! We're supposed to talk him for a walk first!,1.1612903225806452,0.0466009753880396,93,81,9,3,not_evaluated,not_evaluated
"Good news is he's friendly, 
bad news is they don't clean up after him.",1.1612903225806452,0.0466009753880396,93,81,9,3,not_evaluated,not_evaluated
Dog gone it. Bring me another.,1.1612903225806452,0.0412812636158766,93,79,13,1,not_evaluated,not_evaluated
He wants all the town's cats next! Gather up all the damn cats!,1.1612903225806452,0.0440215494550122,93,80,11,2,not_evaluated,not_evaluated
"Kevin, come! She wants the Princess Barbie bone!",1.1612903225806452,0.0466009753880396,93,81,9,3,not_evaluated,not_evaluated
Wait. Does a catapult launch what I think it launches?,1.1612903225806452,0.0490449283597526,93,82,7,4,not_evaluated,not_evaluated
Never let him see the treat before he obeys the command.,1.1612903225806452,0.0412812636158766,93,79,13,1,not_evaluated,not_evaluated
Cancel the Trojan fire hydrant plan!,1.1612903225806452,0.0412812636158766,93,79,13,1,not_evaluated,not_evaluated
Bring him those treats or he's going to open up a can of Woof-Ass on us!,1.1612903225806452,0.0412812636158766,93,79,13,1,not_evaluated,not_evaluated
We’re gonna need a bigger bone.,1.160919540229885,0.0513739668928653,87,77,6,4,not_evaluated,not_evaluated
"NO!!!
He Hates That Brand!",1.160919540229885,0.0458766614040881,87,75,10,2,not_evaluated,not_evaluated
This isn’t working! Gimme the giant rolled up newspaper!,1.160919540229885,0.0458766614040881,87,75,10,2,not_evaluated,not_evaluated
Quiet!  He likes squeaky toys.,1.160919540229885,0.0428644357856652,87,74,12,1,not_evaluated,not_evaluated
Naming this dog Gulliver was a bad idea.,1.160919540229885,0.0428644357856652,87,74,12,1,not_evaluated,not_evaluated
"Come hell or high walls, keep the treats coming!",1.160919540229885,0.0428644357856652,87,74,12,1,not_evaluated,not_evaluated
"Supply chain, hauberk chain, get more biscuits now!",1.1607142857142858,0.0370952447037164,112,95,16,1,not_evaluated,not_evaluated
"Doggone it, hurry up with the dog treats.",1.1607142857142858,0.0370952447037164,112,95,16,1,not_evaluated,not_evaluated
Not a good boy! I repeat not a good boy!,1.160493827160494,0.0446411968685544,81,69,11,1,not_evaluated,not_evaluated
Repeat after me: “Good boy.  Good boy!”,1.160377358490566,0.0426793398171661,106,92,11,3,not_evaluated,not_evaluated
"Just give me the yellow ones. You guys with the red and green, Google it.",1.160377358490566,0.0426793398171661,106,92,11,3,not_evaluated,not_evaluated
We need more than just us to take him for a walk.,1.160377358490566,0.0405195203317115,106,91,13,2,not_evaluated,not_evaluated
Not the treats. The traitors!,1.160377358490566,0.0405195203317115,106,91,13,2,not_evaluated,not_evaluated
He prefers the 'cheese'.,1.160377358490566,0.0405195203317115,106,91,13,2,not_evaluated,not_evaluated
"Quick! Gimme the green chlorophyll bone.  
His halitosis is killing me.",1.160377358490566,0.0426793398171661,106,92,11,3,not_evaluated,not_evaluated
We’re gonna need a bigger poop scoop!,1.160377358490566,0.0358112061969107,106,89,17,0,not_evaluated,not_evaluated
I think we'd better get off the porch.,1.160377358490566,0.0405195203317115,106,91,13,2,not_evaluated,not_evaluated
He’s commanding us to retreat!,1.160377358490566,0.0405195203317115,106,91,13,2,not_evaluated,not_evaluated
Faster! Good boys.,1.16,0.041971611377408,100,86,12,2,not_evaluated,not_evaluated
It's working!  It's working!!,1.16,0.0443129367525598,100,87,10,3,not_evaluated,not_evaluated
"I remember “Build the Wall”.... I don’t remember hearing we had to 
“Feed the Wall”.",1.16,0.0394917201397452,100,85,14,1,not_evaluated,not_evaluated
He wants the cinnamony black!,1.16,0.0394917201397452,100,85,14,1,not_evaluated,not_evaluated
"Quick, Knick, Knack, Paddy and Whack!  For the love of God, give the dog a bone!",1.16,0.0443129367525598,100,87,10,3,not_evaluated,not_evaluated
He wants avocado toast!,1.16,0.041971611377408,100,86,12,2,not_evaluated,not_evaluated
"Oh no! Don't look now, but this one's a puppy!",1.16,0.0486587789373795,100,89,6,5,not_evaluated,not_evaluated
"'Pause the siege, bring up the hot chocolate.""",1.16,0.0503680150188285,75,65,8,2,not_evaluated,not_evaluated
Get back! He’s allergic to chicken!,1.16,0.0394917201397452,100,85,14,1,not_evaluated,not_evaluated
Bring in the booties while we’ve got him distracted!!,1.16,0.0368452949177471,100,84,16,0,not_evaluated,not_evaluated
"I don't think it's working, but his teeth are definitely getting whiter by the minute.",1.1595744680851063,0.0485506984988107,94,83,7,4,not_evaluated,not_evaluated
This old man’s goin rolling home!,1.1595744680851063,0.0435845055714996,94,81,11,2,not_evaluated,not_evaluated
He wants a patty whack!,1.1595744680851063,0.0435845055714996,94,81,11,2,not_evaluated,not_evaluated
"Quickly, deploy the giant human leg!",1.1595744680851063,0.0435845055714996,94,81,11,2,not_evaluated,not_evaluated
This is why we don’t dine with the in-laws.,1.1595744680851063,0.0379743061437827,94,79,15,0,not_evaluated,not_evaluated
"Once more unto the breach, dear friends, and be sure to bring the dog biscuits!",1.1595744680851063,0.0435845055714996,94,81,11,2,not_evaluated,not_evaluated
Quickly! Send up another before he licks me!,1.1595744680851063,0.0435845055714996,94,81,11,2,not_evaluated,not_evaluated
We're encountering dogged resistance!,1.1595744680851063,0.0408757694301515,94,80,13,1,not_evaluated,not_evaluated
He has a bone to pick with you,1.1595744680851063,0.0408757694301515,94,80,13,1,not_evaluated,not_evaluated
"Siege, boy, siege! Good dog.",1.1595744680851063,0.0408757694301515,94,80,13,1,not_evaluated,not_evaluated
Come on now- he's ready to lick balls!,1.1595744680851063,0.0435845055714996,94,81,11,2,not_evaluated,not_evaluated
I told you he would eat us out of house and home!,1.1595744680851063,0.0408757694301515,94,80,13,1,not_evaluated,not_evaluated
Oh No! He's EATI,1.15929203539823,0.0367930017973584,113,96,16,1,not_evaluated,not_evaluated
Not the treats....the bag!,1.1590909090909092,0.0453891902152016,88,76,10,2,not_evaluated,not_evaluated
"You guys, he's such a good boy. Isn't he.",1.1590909090909092,0.0481810295473795,88,77,8,3,not_evaluated,not_evaluated
He'll only eat them if they're vegan and gluten free and baked by gender neutral peasants.,1.1590909090909092,0.0424139784568489,88,75,12,1,not_evaluated,not_evaluated
Get five more out of that big bag and we'll run for the Starship.,1.1590909090909092,0.0453891902152016,88,76,10,2,not_evaluated,not_evaluated
"Great job guys, now follow me and beware of his minefield!",1.1590909090909092,0.0424139784568489,88,75,12,1,not_evaluated,not_evaluated
His name is Sir Clifford The Red,1.1590909090909092,0.0453891902152016,88,76,10,2,not_evaluated,not_evaluated
This isn't working.  Let's try the Trojan Cat.,1.1590909090909092,0.0424139784568489,88,75,12,1,not_evaluated,not_evaluated
"Quickly, before he jumps on the gigantic mailman!",1.1590909090909092,0.0481810295473795,88,77,8,3,not_evaluated,not_evaluated
"For God’s sake, everybody keep yelling, ‘That’s a good boy, that’s a good boy!’",1.1590909090909092,0.0453891902152016,88,76,10,2,not_evaluated,not_evaluated
"Hey,Knick! Knack! Paddy! Whack!  Hurry,  it’s working!",1.1590909090909092,0.0453891902152016,88,76,10,2,not_evaluated,not_evaluated
Throw them farther!! Throw them farther!!,1.1590909090909092,0.0424139784568489,88,75,12,1,not_evaluated,not_evaluated
He's sitting. Quick -- next is play dead!,1.158878504672897,0.0423051461900302,107,93,11,3,not_evaluated,not_evaluated
"Good news is they work, bad news is we look similar.",1.158878504672897,0.0401670219322352,107,92,13,2,not_evaluated,not_evaluated
No No quick use the catapult!!!,1.158878504672897,0.0401670219322352,107,92,13,2,not_evaluated,not_evaluated
"We’re in! No bark, all bite.",1.158878504672897,0.0481532202861376,107,96,5,6,not_evaluated,not_evaluated
Got any more Oranges?,1.1585365853658536,0.0474254742547425,82,71,9,2,not_evaluated,not_evaluated
Kublai Khan’s troops vanquishing the Tartar.,1.1585365853658536,0.0505003933701469,82,72,7,3,not_evaluated,not_evaluated
Still not the worst King Charles I’ve worked for!,1.1585365853658536,0.0505003933701469,82,72,7,3,not_evaluated,not_evaluated
Change of plans - he's a bad dog,1.1584158415841583,0.0415841584158416,101,87,12,2,not_evaluated,not_evaluated
If I don't survive this I need one of you to make it look like I used my standing desk without a chair.,1.1584158415841583,0.0391308373175634,101,86,14,1,not_evaluated,not_evaluated
"Oh, my Dog!  I just saw what happens to His sacred treat offerings!",1.1584158415841583,0.0439005926285057,101,88,10,3,not_evaluated,not_evaluated
It's worse than we thought.  It doesn't look like he's potty trained.,1.1584158415841583,0.0482006393847053,101,90,6,5,not_evaluated,not_evaluated
Bones away!,1.1584158415841583,0.0461007791161299,101,89,8,4,not_evaluated,not_evaluated
He prefers the yellow ones.,1.1584158415841583,0.0415841584158416,101,87,12,2,not_evaluated,not_evaluated
"Make haste, Lord Barkley demands another!",1.1584158415841583,0.0461007791161299,101,89,8,4,not_evaluated,not_evaluated
No green! He's not colorblind.,1.1584158415841583,0.0391308373175634,101,86,14,1,not_evaluated,not_evaluated
"He wants to know ""Where's the beef?""",1.1578947368421053,0.0460839492511006,76,65,10,1,not_evaluated,not_evaluated
It could be worse. You could be picking up after him when he goes for a walk.,1.1578947368421053,0.0404780766113642,95,81,13,1,not_evaluated,not_evaluated
"'There be no Dragon,' he sayeth'--'tis only a Scottie, he sayeth.'",1.1578947368421053,0.0456771607876676,95,83,9,3,not_evaluated,not_evaluated
"Cease the calming biscuits, and let the neutering begin!",1.1578947368421053,0.0456771607876676,95,83,9,3,not_evaluated,not_evaluated
He prefers the gluten-free ones,1.1578947368421053,0.0456771607876676,95,83,9,3,not_evaluated,not_evaluated
He says he will open the gate for three more biscuits.,1.1578947368421053,0.0456771607876676,95,83,9,3,not_evaluated,not_evaluated
"Quick, get the Snausages!",1.1578947368421053,0.0423992222666355,114,100,10,4,not_evaluated,not_evaluated
Two more and he'll be BEGGING to surrender!,1.1578947368421053,0.0431559828052723,95,82,11,2,not_evaluated,not_evaluated
"My God, Gulliver only had to deal with Glumdalclitch!",1.1578947368421053,0.0385640150731949,114,98,14,2,not_evaluated,not_evaluated
The catnip-flavored ones aren't working!,1.1578947368421053,0.0405270114083259,114,99,12,3,not_evaluated,not_evaluated
"In this case, man's best friend is the dog biscuit.",1.1578947368421053,0.0480662790670957,95,84,7,4,not_evaluated,not_evaluated
Our weapons are no match!,1.1578947368421053,0.0456771607876676,95,83,9,3,not_evaluated,not_evaluated
No sense in lobbing dog bone missiles... he eats them up!,1.1578947368421053,0.0456771607876676,95,83,9,3,not_evaluated,not_evaluated
"Knack, Paddy, Whack, now you guys give him a bone too!",1.1578947368421053,0.0431559828052723,95,82,11,2,not_evaluated,not_evaluated
"OK, let's break out the Frisbee!",1.1574074074074074,0.0398205498699017,108,93,13,2,not_evaluated,not_evaluated
Quick!  Toss in the tennis ball!,1.1574074074074074,0.0375846501302476,108,92,15,1,not_evaluated,not_evaluated
He says the mint chip flavor is his favorite!,1.1574074074074074,0.0398205498699017,108,93,13,2,not_evaluated,not_evaluated
A lot of crackers in the wall here,1.1574074074074074,0.0375846501302476,108,92,15,1,not_evaluated,not_evaluated
hurry- his breath is unbearable!,1.1573033707865168,0.0449118885544538,89,77,10,2,not_evaluated,not_evaluated
He doesn't seem to like the orange one -- next color!,1.1573033707865168,0.0388117572869526,89,75,14,0,not_evaluated,not_evaluated
Go back it’s a Trojan dog!,1.1573033707865168,0.0449118885544538,89,77,10,2,not_evaluated,not_evaluated
It’s the only way to save the royal carpeting!,1.1573033707865168,0.0449118885544538,89,77,10,2,not_evaluated,not_evaluated
"No, no, no, RED, you idiot!",1.1573033707865168,0.0419727902171692,89,76,12,1,not_evaluated,not_evaluated
"We have nothing to fear, he’s bonevolent!!",1.1573033707865168,0.0419727902171692,89,76,12,1,not_evaluated,not_evaluated
He is a bone-afide connoisseur of the yellow ones.,1.1570247933884297,0.040669778924189,121,106,11,4,not_evaluated,not_evaluated
It's not working. Prepare the cat catapult.,1.156862745098039,0.0434958008340934,102,89,10,3,not_evaluated,not_evaluated
The treats are breaking his teeth as we planned!,1.156862745098039,0.0412037331977846,102,88,12,2,not_evaluated,not_evaluated
"I said taint the bones with something strong, not paint!",1.156862745098039,0.0387764176874208,102,87,14,1,not_evaluated,not_evaluated
The biscuits aren't working. I think he's clicker trained!,1.156862745098039,0.0434958008340934,102,89,10,3,not_evaluated,not_evaluated
"And to think, we thought just a belly rub would do!",1.156862745098039,0.0361866481993624,102,86,16,0,not_evaluated,not_evaluated
He’s no Great Dane. He’s going to roll over.,1.156862745098039,0.0412037331977846,102,88,12,2,not_evaluated,not_evaluated
Knick! Knack! Paddy! Whack! Stop! Don't give him one more bone!,1.156862745098039,0.0412037331977846,102,88,12,2,not_evaluated,not_evaluated
Hold your fire. He has to play dead first.,1.156862745098039,0.0387764176874208,102,87,14,1,not_evaluated,not_evaluated
We should be rolling home in no time...,1.156862745098039,0.0412037331977846,102,88,12,2,not_evaluated,not_evaluated
Forget about the treats. Let's catapult the cats!,1.156862745098039,0.0412037331977846,102,88,12,2,not_evaluated,not_evaluated
Not mint! He likes the chicken ones!,1.156862745098039,0.0387764176874208,102,87,14,1,not_evaluated,not_evaluated
He wants the mint green one for his bad breath.,1.156862745098039,0.0412037331977846,102,88,12,2,not_evaluated,not_evaluated
Stop! He's not being a good boy!,1.1566265060240963,0.0499247971356927,83,73,7,3,not_evaluated,not_evaluated
He only wants the yellow flavor!,1.1566265060240963,0.0436436553063486,83,71,11,1,not_evaluated,not_evaluated
Oh NO!  Now he wants blueberry flaxseed biscuits!,1.1566265060240963,0.046889519178274,83,72,9,2,not_evaluated,not_evaluated
Now it’s time for the chicken bones!,1.1565217391304348,0.0420513368063916,115,101,10,4,not_evaluated,not_evaluated
Says his name is Clifford and the corgis moved out last year,1.1565217391304348,0.0382518538715596,115,99,14,2,not_evaluated,not_evaluated
FLETCHER!    HE'S ASKING IF THESE ARE ORGANIC??,1.1565217391304348,0.036202886947237,115,98,16,1,not_evaluated,not_evaluated
He’ll shake on it!,1.15625,0.0452287679178686,96,84,9,3,not_evaluated,not_evaluated
Prepare the Pooper Scooper.,1.15625,0.0452287679178686,96,84,9,3,not_evaluated,not_evaluated
A couple more and I will have him playing dead.,1.15625,0.0427357368224111,96,83,11,2,not_evaluated,not_evaluated
This moat is bone dry !,1.15625,0.0475913825496008,96,85,7,4,not_evaluated,not_evaluated
Remember…the castle is NOT a punishment; it’s his safe place.,1.15625,0.0427357368224111,96,83,11,2,not_evaluated,not_evaluated
"I thought he said ""re-treat.""",1.15625,0.0452287679178686,96,84,9,3,not_evaluated,not_evaluated
She wants another orange.,1.15625,0.0475913825496008,96,85,7,4,not_evaluated,not_evaluated
feed him and he'll sleep,1.15625,0.0427357368224111,96,83,11,2,not_evaluated,not_evaluated
"Hey, we can't get in yet.",1.15625,0.0427357368224111,96,83,11,2,not_evaluated,not_evaluated
Now he wants the Holy Gruel,1.15625,0.0427357368224111,96,83,11,2,not_evaluated,not_evaluated
He’s not being a good boy!,1.1559633027522935,0.039479952560728,109,94,13,2,not_evaluated,not_evaluated
Maybe fleas would work better.,1.1559633027522935,0.039479952560728,109,94,13,2,not_evaluated,not_evaluated
The one with fentanyl,1.155844155844156,0.0556602545086426,77,69,4,4,not_evaluated,not_evaluated
Tell Mother Hubbard we've taken care of the problem.,1.155844155844156,0.0491379378143853,77,67,8,2,not_evaluated,not_evaluated
Give me the ones with the breath freshener.,1.1555555555555554,0.0415405916163694,90,77,12,1,not_evaluated,not_evaluated
"Quick, quick another one before he notices the breach!",1.1555555555555554,0.0415405916163694,90,77,12,1,not_evaluated,not_evaluated
Where's the beef?,1.1555555555555554,0.0444444444444444,90,78,10,2,not_evaluated,not_evaluated
That's enough.  Now we need a large biodegradable bag.,1.1555555555555554,0.0497462000784981,90,80,6,4,not_evaluated,not_evaluated
"Oh my God! Guys, he makes the cutest nom-nom noises!",1.1555555555555554,0.0444444444444444,90,78,10,2,not_evaluated,not_evaluated
I think he's figured out what Bob Barker sent us to do!,1.1555555555555554,0.0444444444444444,90,78,10,2,not_evaluated,not_evaluated
Less fiber!,1.1555555555555554,0.0471698689007362,90,79,8,3,not_evaluated,not_evaluated
It's no good! Retreat! We'll try the Trojan Squirrel tonight.,1.1555555555555554,0.0471698689007362,90,79,8,3,not_evaluated,not_evaluated
Unleash the tennis ball!,1.1555555555555554,0.0444444444444444,90,78,10,2,not_evaluated,not_evaluated
Whose turn is it to take him for a walk?,1.1555555555555554,0.0415405916163694,90,77,12,1,not_evaluated,not_evaluated
Whose idea was it to just throw him a bone and he’ll go away,1.1555555555555554,0.0471698689007362,90,79,8,3,not_evaluated,not_evaluated
Now do you understand why the Trojans used wood?!,1.1555555555555554,0.0444444444444444,90,78,10,2,not_evaluated,not_evaluated
Methinks he doth sitteth and stayeth.,1.1555555555555554,0.0471698689007362,90,79,8,3,not_evaluated,not_evaluated
Am I getting paid overtime for this?,1.1555555555555554,0.0415405916163694,90,77,12,1,not_evaluated,not_evaluated
"Don’t tell me it’s just a puppy.
Did you forget the little bunny from Monty Python?",1.1555555555555554,0.0471698689007362,90,79,8,3,not_evaluated,not_evaluated
"He says it's ""tasty,"" but that it will take five more to get us over the wall . . .",1.1555555555555554,0.0415405916163694,90,77,12,1,not_evaluated,not_evaluated
Saying “who’s a good boy” seems to be making him question his life choices.,1.1553398058252426,0.0430983573837256,103,90,10,3,not_evaluated,not_evaluated
"Quick, another bone! He'll be too busy to stop us from invading.",1.1553398058252426,0.0408301481760203,103,89,12,2,not_evaluated,not_evaluated
He says he’ll be our best friend!,1.1553398058252426,0.0430983573837256,103,90,10,3,not_evaluated,not_evaluated
"Alright y’all can go, he let me pet him.",1.1553398058252426,0.038428291543812,103,88,14,1,not_evaluated,not_evaluated
"Turn back, they have counter measures!",1.1553398058252426,0.0430983573837256,103,90,10,3,not_evaluated,not_evaluated
'I did say we shouldn't let her start eating before us',1.1553398058252426,0.038428291543812,103,88,14,1,not_evaluated,not_evaluated
He says he prefers the mint ones.,1.1551724137931034,0.0398713227795268,116,101,12,3,not_evaluated,not_evaluated
Did he specify 'choose me' or 'chews me'?,1.1547619047619049,0.0463654557243119,84,73,9,2,not_evaluated,not_evaluated
We need more help! He's the runt of the litter!,1.1547619047619049,0.0431612528997741,84,72,11,1,not_evaluated,not_evaluated
More yellow! Quickly!,1.1547619047619049,0.0463654557243119,84,73,9,2,not_evaluated,not_evaluated
Enough with the treats! Someone get me a giant pooper scooper!,1.1547619047619049,0.0463654557243119,84,73,9,2,not_evaluated,not_evaluated
"Hurry, fill the catapult with kibbles and aim for 
his head",1.1547619047619049,0.0431612528997741,84,72,11,1,not_evaluated,not_evaluated
YOU GUYS WERE TOTALLY RIGHT! IT LOOKS JUST LIKE A GIANT LIPSTICK!,1.1547619047619049,0.0463654557243119,84,73,9,2,not_evaluated,not_evaluated
Wouldn't you agree that he's a good boy?,1.1547619047619049,0.0396992697569287,84,71,13,0,not_evaluated,not_evaluated
Another one and she’ll play dead!,1.154639175257732,0.0471257324807645,97,86,7,4,not_evaluated,not_evaluated
"Just go home, fellas!  Adding color was a nice try, but King Dog has already figured out that this joke doesn't need a caption.",1.154639175257732,0.0471257324807645,97,86,7,4,not_evaluated,not_evaluated
"Unfortunately for Neville, everyone else in the infantry thought RETREAT was hyphenated.",1.154639175257732,0.051481918441851,97,88,3,6,not_evaluated,not_evaluated
Quick! Does anyone know who’s a good dog?!,1.154639175257732,0.0397052233961902,97,83,13,1,not_evaluated,not_evaluated
"No, not the ""good for the teeth"" one!",1.154639175257732,0.0423235324287065,97,84,11,2,not_evaluated,not_evaluated
Clifforde Ye Big Olde Red Dog hath demanded more treatsies!,1.154639175257732,0.0423235324287065,97,84,11,2,not_evaluated,not_evaluated
Hold everything! Wants to know if they’re gluten-free!,1.154639175257732,0.0423235324287065,97,84,11,2,not_evaluated,not_evaluated
He says keep them coming or he'll spill the beans about what's inside the Big Horse.,1.154639175257732,0.0397052233961902,97,83,13,1,not_evaluated,not_evaluated
Keep them coming! The enemy will learn their lesson in a few hours!,1.154639175257732,0.0397052233961902,97,83,13,1,not_evaluated,not_evaluated
Send in the peanut butter catapult!,1.154639175257732,0.0423235324287065,97,84,11,2,not_evaluated,not_evaluated
As long as nothing more chewable and meaty comes along we’ll be fine.,1.1545454545454543,0.0369531038294412,110,94,15,1,not_evaluated,not_evaluated
Someone go get a giant turkey!,1.1545454545454543,0.0391450833952655,110,95,13,2,not_evaluated,not_evaluated
"No, for God's sake -- no more yellow!  Get me that pink one, stat -- she's about to blow...",1.1545454545454543,0.0412206650287828,110,96,11,3,not_evaluated,not_evaluated
It worked!  Bone appétit!,1.1538461538461535,0.041117114140373,91,78,12,1,not_evaluated,not_evaluated
Somebody call Bunyan and tell him his dog broke loose again!,1.1538461538461535,0.041117114140373,91,78,12,1,not_evaluated,not_evaluated
"its working, send up a rubber ball.",1.1538461538461535,0.0380317871133111,91,77,14,0,not_evaluated,not_evaluated
We're going to need the dogapult!,1.1538461538461535,0.0466799481965538,91,80,8,3,not_evaluated,not_evaluated
"Prithee makest thou all due speed, yay 'fore this most ravenous hound dothest finisheth yon crust and spyest mine own most mortal of coils upon which to sup. Post haste! I beggeth ye!",1.1538461538461535,0.038086294966923,104,89,14,1,not_evaluated,not_evaluated
He says he really needs to be let out into the yard,1.1538461538461535,0.0427080655038329,104,91,10,3,not_evaluated,not_evaluated
Why is no one live-streaming this?!,1.1538461538461535,0.0466799481965538,91,80,8,3,not_evaluated,not_evaluated
"Yellow ones to sedate, green one to shoot and if nothing works, fire the pink one!!",1.1538461538461535,0.041117114140373,91,78,12,1,not_evaluated,not_evaluated
This is working too well -- new plan,1.1538461538461535,0.0404632223345296,104,90,12,2,not_evaluated,not_evaluated
"OK, he's done.  Bring on the poop bags!!",1.1538461538461535,0.0404632223345296,104,90,12,2,not_evaluated,not_evaluated
Fetch me some more of those peace treaties!,1.1538461538461535,0.043986558394954,91,79,10,2,not_evaluated,not_evaluated
Shhhhhh! The rest of his litter is sleeping.,1.1538461538461535,0.0427080655038329,104,91,10,3,not_evaluated,not_evaluated
"No more dog biscuits, guys—he just wants somebody to scratch behind his ears!",1.1538461538461535,0.043986558394954,91,79,10,2,not_evaluated,not_evaluated
Bring up the tin can of pennies!,1.1538461538461535,0.041117114140373,91,78,12,1,not_evaluated,not_evaluated
"No, no.  We need something wet!",1.1538461538461535,0.043986558394954,91,79,10,2,not_evaluated,not_evaluated
"Guys, the fact that a dyslexic wrote that we must retake  the City of God does not change the mission.",1.1538461538461535,0.0353220779457283,130,112,16,2,not_evaluated,not_evaluated
"Well,  obviously he's got a bone to pick...",1.1538461538461535,0.043986558394954,91,79,10,2,not_evaluated,not_evaluated
No more yellow ones until he's willing to negotiate!,1.1538461538461535,0.0427080655038329,104,91,10,3,not_evaluated,not_evaluated
Quick! Load the big tennis ball in the catapult!,1.1538461538461535,0.0466799481965538,91,80,8,3,not_evaluated,not_evaluated
On the count of three! All chant—GOOD BOY GOOD BOY GOOD BOY!,1.1538461538461535,0.0449846352461904,78,67,10,1,not_evaluated,not_evaluated
"Hurry, he likes the chicken flavored ones!",1.1538461538461535,0.0427080655038329,104,91,10,3,not_evaluated,not_evaluated
He's not a good boy... he's not a good boy!,1.1538461538461535,0.043986558394954,91,79,10,2,not_evaluated,not_evaluated
He says border walls only foster distrust...but the biscuits are helping.,1.1538461538461535,0.0448406663249532,104,92,8,4,not_evaluated,not_evaluated
This isn’t going to work!!!! Run away!! Run away!!,1.1538461538461535,0.0380317871133111,91,77,14,0,not_evaluated,not_evaluated
Hurry! The SSRIs are wearing off!,1.1538461538461535,0.043986558394954,91,79,10,2,not_evaluated,not_evaluated
"F*ck the treats, bring in the rawhide bone!",1.1538461538461535,0.0427080655038329,104,91,10,3,not_evaluated,not_evaluated
Quick. The catapult.,1.1531531531531531,0.0408713412470327,111,97,11,3,not_evaluated,not_evaluated
He'll let us back in if we promise to stay off the furniture.,1.153061224489796,0.0419191431527499,98,85,11,2,not_evaluated,not_evaluated
Belay the biscuits.,1.153061224489796,0.0419191431527499,98,85,11,2,not_evaluated,not_evaluated
Get a leash! He needs a walkie!,1.153061224489796,0.0466690629229938,98,87,7,4,not_evaluated,not_evaluated
I think he's ready for the ball.,1.153061224489796,0.0365571838523037,98,83,15,0,not_evaluated,not_evaluated
Somebody go find  cat!,1.153061224489796,0.0443577276061967,98,86,9,3,not_evaluated,not_evaluated
He likes tutti-frutti!,1.153061224489796,0.0419191431527499,98,85,11,2,not_evaluated,not_evaluated
Knock off that meowing!,1.153061224489796,0.0443577276061967,98,86,9,3,not_evaluated,not_evaluated
I know he is a glutton but he is the King’s best friend.,1.153061224489796,0.0393296469210688,98,84,13,1,not_evaluated,not_evaluated
Go Back! He isn't such a good boy and he isn't going to let us in.,1.153061224489796,0.0419191431527499,98,85,11,2,not_evaluated,not_evaluated
You haven’t heard of the Trojan dog? Really?,1.153061224489796,0.0419191431527499,98,85,11,2,not_evaluated,not_evaluated
Stop! She says we can use the front gate.,1.152941176470588,0.0426892961903475,85,73,11,1,not_evaluated,not_evaluated
"We've found it, the large dog park!",1.152941176470588,0.045852895808718,85,74,9,2,not_evaluated,not_evaluated
He now says he wants me also in addition to the biscuit!,1.152941176470588,0.0516014742394149,85,76,5,4,not_evaluated,not_evaluated
"Quick, more  bones—It’s really a dog eat dog world in there.",1.152941176470588,0.045852895808718,85,74,9,2,not_evaluated,not_evaluated
"Now, who's a good boy?",1.152941176470588,0.045852895808718,85,74,9,2,not_evaluated,not_evaluated
Quick! We’re gonna need the giant tennis ball!,1.152941176470588,0.0426892961903475,85,73,11,1,not_evaluated,not_evaluated
"Two more should be enough: one to 'lie down' and another to 'bang, bang, play dead.'",1.152941176470588,0.0426892961903475,85,73,11,1,not_evaluated,not_evaluated
We have a winner: Maple wasabi venison spice!,1.152941176470588,0.045852895808718,85,74,9,2,not_evaluated,not_evaluated
"He says if we rub his belly, we can have the castle.",1.152941176470588,0.0426892961903475,85,73,11,1,not_evaluated,not_evaluated
Send up the pistachio bone.,1.152941176470588,0.0516014742394149,85,76,5,4,not_evaluated,not_evaluated
Hold on! Did anyone add the tranquilizer?,1.152941176470588,0.0392716687245308,85,72,13,0,not_evaluated,not_evaluated
You’re not gonna believe what’s up here!,1.152941176470588,0.045852895808718,85,74,9,2,not_evaluated,not_evaluated
It's no use! They have a Labrador!,1.152941176470588,0.045852895808718,85,74,9,2,not_evaluated,not_evaluated
"How do say ""good dog"" in french !?",1.152542372881356,0.0332400229047769,118,100,18,0,not_evaluated,not_evaluated
I think we've bitten off more than we can chew.,1.1523809523809525,0.0377502695838623,105,90,14,1,not_evaluated,not_evaluated
"One too many, he's gonna blow!",1.1523809523809525,0.0423247353205504,105,92,10,3,not_evaluated,not_evaluated
Now we just have to teach him to lie down.,1.1523809523809525,0.0401027809111097,105,91,12,2,not_evaluated,not_evaluated
Walls breached. Get the giant steaks!,1.1523809523809525,0.0377502695838623,105,90,14,1,not_evaluated,not_evaluated
"It's a female.  Go get that big red dog, Clifford. Maybe we can distract her.",1.1523809523809525,0.0401027809111097,105,91,12,2,not_evaluated,not_evaluated
Maybe we should give immigration reform another shot?,1.1523809523809525,0.0401027809111097,105,91,12,2,not_evaluated,not_evaluated
"News flash, guys. He is not colorblind.",1.1523809523809525,0.0401027809111097,105,91,12,2,not_evaluated,not_evaluated
Forget the treats! Get me a giant scoop and a Hefty poop bag,1.1521739130434785,0.0407020996930237,92,79,12,1,not_evaluated,not_evaluated
He seems to prefer the goose patè.,1.1521739130434785,0.0407020996930237,92,79,12,1,not_evaluated,not_evaluated
The bones aren’t working! Go fetch the sacrificial Shih Tzu!,1.1521739130434785,0.0487168918255152,92,82,6,4,not_evaluated,not_evaluated
"We're almost out of cookies, someone grab a giant tennis ball.",1.1521739130434785,0.043537942793157,92,80,10,2,not_evaluated,not_evaluated
Get back! Looks like he's gonna hurl,1.1521739130434785,0.0487168918255152,92,82,6,4,not_evaluated,not_evaluated
He says his name is Gulliver,1.1521739130434785,0.043537942793157,92,80,10,2,not_evaluated,not_evaluated
"Come hither fellow knights. 
At last, our biscuits are working at a siege!",1.1521739130434785,0.043537942793157,92,80,10,2,not_evaluated,not_evaluated
They/them request no pink bones. Genderless bribing only.,1.1521739130434785,0.043537942793157,92,80,10,2,not_evaluated,not_evaluated
More treats! Fast! RE-TREAT!,1.1521739130434785,0.043537942793157,92,80,10,2,not_evaluated,not_evaluated
"I I fi I have told you once, I have told you a thousand times- not the protein plus biscuits!",1.1521739130434785,0.0462000433538712,92,81,8,3,not_evaluated,not_evaluated
Now he wants a bitch -- and make sure it's a virgin!,1.1518987341772151,0.0444542352441043,79,68,10,1,not_evaluated,not_evaluated
Watch out below for the crumbs and slobber!,1.1515151515151516,0.0415223508511923,99,86,11,2,not_evaluated,not_evaluated
If the Viagra doesn't keep him busy the laxative will.,1.1515151515151516,0.0439345955198796,99,87,9,3,not_evaluated,not_evaluated
"Forget the biscuits, go get the big cats!",1.1515151515151516,0.0462211179741614,99,88,7,4,not_evaluated,not_evaluated
"He says “No, you lay down.”",1.1515151515151516,0.0462211179741614,99,88,7,4,not_evaluated,not_evaluated
Go get something for the giant cat!,1.1515151515151516,0.0415223508511923,99,86,11,2,not_evaluated,not_evaluated
Send up he bones. He's nice.,1.1515151515151516,0.0439345955198796,99,87,9,3,not_evaluated,not_evaluated
He's worried we bring fleas.,1.1515151515151516,0.0462211179741614,99,88,7,4,not_evaluated,not_evaluated
I think this should be a part of the treaty.,1.1515151515151516,0.0415223508511923,99,86,11,2,not_evaluated,not_evaluated
I think he likes the yellow ones,1.1515151515151516,0.0389610389610389,99,85,13,1,not_evaluated,not_evaluated
"It’s gonna be okay guys, I just checked and he’s been fixed",1.1515151515151516,0.0439345955198796,99,87,9,3,not_evaluated,not_evaluated
"Go, back; go, back! Our siege is doomed! She’s eating our weapons!",1.1512605042016806,0.0407147637848513,119,105,10,4,not_evaluated,not_evaluated
I guess our mailman spoiled him.,1.1511627906976745,0.0482737345789162,86,76,7,3,not_evaluated,not_evaluated
Run! His figured out these are plant based treats.,1.1511627906976745,0.0453514678811848,86,75,9,2,not_evaluated,not_evaluated
Whoa! He doesn't like pink ones!,1.1511627906976745,0.0453514678811848,86,75,9,2,not_evaluated,not_evaluated
"Knick knack paddywhack, give the dog a bone.",1.1511627906976745,0.0482737345789162,86,76,7,3,not_evaluated,not_evaluated
He only wants yellow!,1.1511627906976745,0.0482737345789162,86,76,7,3,not_evaluated,not_evaluated
What happens when the cupboard goes bare?,1.1511627906976745,0.0453514678811848,86,75,9,2,not_evaluated,not_evaluated
We are gunna need a BIG bag!,1.1511627906976745,0.0453514678811848,86,75,9,2,not_evaluated,not_evaluated
Great news! He's hypoallergenic!,1.1511627906976745,0.0422274534842042,86,74,11,1,not_evaluated,not_evaluated
I don't know if his name is Clifford or not! But some big red bones might be nice.,1.1511627906976745,0.0388530567207153,86,73,13,0,not_evaluated,not_evaluated
our tax dollars are really going to the dogs,1.1511627906976745,0.0422274534842042,86,74,11,1,not_evaluated,not_evaluated
"He’s a good boy, bring out the Belly Rubber!",1.150943396226415,0.0419481835632572,106,93,10,3,not_evaluated,not_evaluated
"Quick! Give me more!! 
While we distract him, Jean Claude will sneak around and deliver their mail!!",1.150943396226415,0.0419481835632572,106,93,10,3,not_evaluated,not_evaluated
He’s getting thirsty.Bring a bowl of water then we can make our move.,1.150943396226415,0.0419481835632572,106,93,10,3,not_evaluated,not_evaluated
This battle is turning into a real dogfight.,1.150943396226415,0.0349366075385868,106,90,16,0,not_evaluated,not_evaluated
Quick! This isn’t working. Bring on the chew toy!,1.150943396226415,0.0374200623412415,106,91,14,1,not_evaluated,not_evaluated
Hurry! We are weakening his defenses and he's about to become a good boy!,1.150943396226415,0.039748655133722,106,92,12,2,not_evaluated,not_evaluated
Retreat! Retreat! He's not a good boy!,1.150943396226415,0.039748655133722,106,92,12,2,not_evaluated,not_evaluated
He’s chewing at a much faster rate than we expected! Gather the troops and the treats!,1.150943396226415,0.039748655133722,106,92,12,2,not_evaluated,not_evaluated
"We thought the Children’s Crusade was bad, but this is ridiculous.",1.150943396226415,0.0440379906850197,106,94,8,4,not_evaluated,not_evaluated
He's a good boy with an unending appetite. Ready the bones!,1.150943396226415,0.0374200623412415,106,91,14,1,not_evaluated,not_evaluated
Yellow only!,1.1505376344086022,0.0372821286938999,93,79,14,0,not_evaluated,not_evaluated
"He says his name is Rupert and he is Clifford's cousin and he's here to stay. So keep the bones coming, knights.",1.1505376344086022,0.0402953001061551,93,80,12,1,not_evaluated,not_evaluated
"Whomever hath sayeth, 'Happiness shall be a peckish puppy"" hath told porkies!",1.1505376344086022,0.0402953001061551,93,80,12,1,not_evaluated,not_evaluated
Keep sending up the biscuits... he's almost ready for a nap.,1.1505376344086022,0.0402953001061551,93,80,12,1,not_evaluated,not_evaluated
"Stop guys!  He said no!  He's NOT a ""good boy""!",1.1505376344086022,0.0402953001061551,93,80,12,1,not_evaluated,not_evaluated
We might need to try lighting them on fire!,1.1505376344086022,0.0430983213285818,93,81,10,2,not_evaluated,not_evaluated
Faster! Faster! His diet starts on the first of the year!,1.1505376344086022,0.0402953001061551,93,80,12,1,not_evaluated,not_evaluated
When we get to a full wag we attack!,1.1505376344086022,0.0430983213285818,93,81,10,2,not_evaluated,not_evaluated
He is French,1.1504424778761062,0.0381734491703773,113,98,13,2,not_evaluated,not_evaluated
We're going to need a lot more bones!,1.1504424778761062,0.0401900489481967,113,99,11,3,not_evaluated,not_evaluated
He only likes the yellow ones! Everyone else back off slowly!,1.1504424778761062,0.0381734491703773,113,98,13,2,not_evaluated,not_evaluated
Keep ‘‘em coming we’ve got a serious foodie up here!,1.15,0.0474007958059564,80,70,8,2,not_evaluated,not_evaluated
Who's got the longest leg?,1.15,0.0401736736014135,80,68,12,0,not_evaluated,not_evaluated
"Hey guys, he only wants the yellow ones and then he'll let us in.",1.15,0.0474007958059564,80,70,8,2,not_evaluated,not_evaluated
He said that he prefers kibbles !,1.15,0.0358870281282637,100,85,15,0,not_evaluated,not_evaluated
Retreat! He just ate the dog whisperer!,1.15,0.0411329453348431,100,87,11,2,not_evaluated,not_evaluated
"Cease the calming morsels, and let the neutering begin!",1.15,0.0401736736014135,80,68,12,0,not_evaluated,not_evaluated
He wants to know if we have any ketchup.,1.15,0.0385992097056273,100,86,13,1,not_evaluated,not_evaluated
"Men-at-arms, we are in luck! It be a Labrador mix with an easygoing disposition easily subdued by doggy treats...",1.15,0.0401736736014135,80,68,12,0,not_evaluated,not_evaluated
Next time we’ll bring the ball!,1.15,0.0439360870678698,80,69,10,1,not_evaluated,not_evaluated
So good news and bad news about the Trojan dog biscuit plan guys.,1.15,0.050628955541671,80,71,6,3,not_evaluated,not_evaluated
He says they're not made of milk or bones and he has no idea where they got the name.,1.15,0.0536632726866619,80,72,4,4,not_evaluated,not_evaluated
He promised he just wants one more treat,1.15,0.0358870281282637,100,85,15,0,not_evaluated,not_evaluated
Your bones are too big!,1.15,0.0411329453348431,100,87,11,2,not_evaluated,not_evaluated
It is the will of Dog! It is the will of Dog!,1.15,0.0457816513022367,100,89,7,4,not_evaluated,not_evaluated
Uh oh.  He's asking if these are gluten free...,1.15,0.0439360870678698,80,69,10,1,not_evaluated,not_evaluated
"As a guard dog, he’s definitely doing his job!",1.1495327102803738,0.0436472820023871,107,95,8,4,not_evaluated,not_evaluated
He likes it.  Give me another and you guy run around back.,1.1495327102803738,0.0415782332830623,107,94,10,3,not_evaluated,not_evaluated
We're going to need more bones!,1.1495327102803738,0.0370955252885093,107,92,14,1,not_evaluated,not_evaluated
Bone my ass this time!,1.1495327102803738,0.0370955252885093,107,92,14,1,not_evaluated,not_evaluated
Don't give him anymore! he's on a diet,1.1495327102803738,0.0370955252885093,107,92,14,1,not_evaluated,not_evaluated
more orange ones for God's sake,1.1494252873563218,0.0448608160649388,87,76,9,2,not_evaluated,not_evaluated
He wants the blue one!  Who forgot the blue one!?,1.1494252873563218,0.0504688936943949,87,78,5,4,not_evaluated,not_evaluated
Have the catapult release the ball.,1.1494252873563218,0.0448608160649388,87,76,9,2,not_evaluated,not_evaluated
Quick! Who's a good boy?,1.1494252873563218,0.0477472619568306,87,77,7,3,not_evaluated,not_evaluated
"Chicken is not working, try the basil flavor!",1.1494252873563218,0.0417754067801899,87,75,11,1,not_evaluated,not_evaluated
"Green one next, he wants to know if it tastes like Birkenstocks",1.1494252873563218,0.0417754067801899,87,75,11,1,not_evaluated,not_evaluated
"Hurry, we must offer the vegan one next!",1.1494252873563218,0.0417754067801899,87,75,11,1,not_evaluated,not_evaluated
He prefers a Milk-Bone rather than an organic pumpkin flavor.,1.1494252873563218,0.0417754067801899,87,75,11,1,not_evaluated,not_evaluated
"Don’t just stand there! Tell him, ‘he’s a good boy!’",1.1494252873563218,0.0417754067801899,87,75,11,1,not_evaluated,not_evaluated
"No! No more! Bring the lettuce! For God's sake, bring the lettuce!",1.1494252873563218,0.0477472619568306,87,77,7,3,not_evaluated,not_evaluated
Stop! He needs gluten free!,1.1494252873563218,0.0417754067801899,87,75,11,1,not_evaluated,not_evaluated
Quick! The green!,1.149122807017544,0.0378601192027208,114,99,13,2,not_evaluated,not_evaluated
We’re in luck!  It’s not a meat eater.,1.149122807017544,0.0357509892299394,114,98,15,1,not_evaluated,not_evaluated
Quick! Stop the other men from battering down the gates,1.148936170212766,0.0398964766762762,94,81,12,1,not_evaluated,not_evaluated
"Drop the bones, bring on the poop bags!",1.148936170212766,0.0452690849254874,94,83,8,3,not_evaluated,not_evaluated
"Nick Nack, Paddy Whack,
give a dog a bone…",1.148936170212766,0.036918129039477,94,80,14,0,not_evaluated,not_evaluated
It prefers knight-flavored,1.148936170212766,0.0398964766762762,94,81,12,1,not_evaluated,not_evaluated
It is not clear if we are here for him or he is here for us anymore.,1.148936170212766,0.0426674284505853,94,82,10,2,not_evaluated,not_evaluated
Keep brnging the yellow ones!,1.148936170212766,0.0398964766762762,94,81,12,1,not_evaluated,not_evaluated
I don't think you put the sedative in this one!,1.148936170212766,0.0452690849254874,94,83,8,3,not_evaluated,not_evaluated
No more biscuits till we find a shovel!,1.148936170212766,0.036918129039477,94,80,14,0,not_evaluated,not_evaluated
Guys I’m not sure we’re the vets the owner had in mind”,1.148936170212766,0.0426674284505853,94,82,10,2,not_evaluated,not_evaluated
"No, you fools! I said STONES, not BONES!",1.148936170212766,0.0398964766762762,94,81,12,1,not_evaluated,not_evaluated
animal instinct is as ancient as it can be.,1.148936170212766,0.0477291383684658,94,84,6,4,not_evaluated,not_evaluated
He says he doesn’t like the yellow ones…,1.148936170212766,0.0398964766762762,94,81,12,1,not_evaluated,not_evaluated
Get me more chicken and we're in.,1.148936170212766,0.036918129039477,94,80,14,0,not_evaluated,not_evaluated
We need a red one followed by a green one,1.148936170212766,0.036918129039477,94,80,14,0,not_evaluated,not_evaluated
He wants one of you for a chew toy.,1.148936170212766,0.0426674284505853,94,82,10,2,not_evaluated,not_evaluated
"Let’s go people, the networks need Clifford Bigger and Redder !!”",1.148936170212766,0.0398964766762762,94,81,12,1,not_evaluated,not_evaluated
Now wheel in the pooper scooper!,1.148936170212766,0.0426674284505853,94,82,10,2,not_evaluated,not_evaluated
I think the guy who wrote the memo that told us to bring offerings to dog was dyslexic.,1.148936170212766,0.0452690849254874,94,83,8,3,not_evaluated,not_evaluated
"Enough with the bones, he wants a girlfriend""",1.148648648648649,0.0458674766038889,74,64,9,1,not_evaluated,not_evaluated
I'm kind of a cat person.,1.148648648648649,0.0458674766038889,74,64,9,1,not_evaluated,not_evaluated
It's the Fall Season so he's digging the Pumpkin Spice biscuits.,1.1485148514851484,0.0382439760709465,101,87,13,1,not_evaluated,not_evaluated
Can you believe they didn't get a rescue?,1.1485148514851484,0.0431119624892619,101,89,9,3,not_evaluated,not_evaluated
"We'll need to go to plan B, bring out the peanut butter!",1.1485148514851484,0.0431119624892619,101,89,9,3,not_evaluated,not_evaluated
Bring on the growth horbone,1.1485148514851484,0.0431119624892619,101,89,9,3,not_evaluated,not_evaluated
It's not Clifford,1.1485148514851484,0.0382439760709465,101,87,13,1,not_evaluated,not_evaluated
Go get the T-bones.,1.148148148148148,0.0434297755539206,81,70,10,1,not_evaluated,not_evaluated
These drugged bones don't seem to be working! What next?,1.148148148148148,0.0434297755539206,81,70,10,1,not_evaluated,not_evaluated
It's just one dog. The other four are lions.,1.148148148148148,0.0500342818003937,81,72,6,3,not_evaluated,not_evaluated
Knick knack patty whack keep the bones coming.,1.148148148148148,0.0468485579284204,81,71,8,2,not_evaluated,not_evaluated
"Hurry, get more T-R-E-A-T-S! And run, don’t W-A-L-K!",1.148148148148148,0.0500342818003937,81,72,6,3,not_evaluated,not_evaluated
It looks like he's a good boy! Come on!,1.148148148148148,0.0367765153714786,108,93,14,1,not_evaluated,not_evaluated
"Not another yellow one, you idiot. The green one with the sleepy stuff. Hurry",1.148148148148148,0.0468485579284204,81,71,8,2,not_evaluated,not_evaluated
Throw me another bone.,1.148148148148148,0.0367765153714786,108,93,14,1,not_evaluated,not_evaluated
Do I have your attention?,1.148148148148148,0.0412147135853814,108,95,10,3,not_evaluated,not_evaluated
What are we even doing?!?!,1.148148148148148,0.0468485579284204,81,71,8,2,not_evaluated,not_evaluated
Hurry and get the mayo!!,1.148148148148148,0.0367765153714786,108,93,14,1,not_evaluated,not_evaluated
Is the treat-y still valid if he doesn’t shake?,1.148148148148148,0.0468485579284204,81,71,8,2,not_evaluated,not_evaluated
He says they need salt!,1.1477272727272727,0.0413328510836402,88,76,11,1,not_evaluated,not_evaluated
"No,not the green one! Do YOU want to clean that up?!",1.1477272727272727,0.0443805993487705,88,77,9,2,not_evaluated,not_evaluated
Game of Bones? I'm not setting one foot on this wall until you get my agent on the phone!,1.1477272727272727,0.0472320930979117,88,78,7,3,not_evaluated,not_evaluated
I think it's enough for lifetime loyalty,1.1477272727272727,0.0443805993487705,88,77,9,2,not_evaluated,not_evaluated
More biscuits! He's a very good boy.,1.1477272727272727,0.0443805993487705,88,77,9,2,not_evaluated,not_evaluated
He wants fries with that!,1.1477272727272727,0.0443805993487705,88,77,9,2,not_evaluated,not_evaluated
"No!  His Castle Contract Rider reads only YELLOW treats.""",1.1477272727272727,0.0413328510836402,88,76,11,1,not_evaluated,not_evaluated
It's not working. Call out the catapults!,1.1477272727272727,0.0413328510836402,88,76,11,1,not_evaluated,not_evaluated
No No he says he wants spaghetti.,1.1477272727272727,0.0443805993487705,88,77,9,2,not_evaluated,not_evaluated
"This is not what I meant by ""Retreat""!",1.1473684210526316,0.0422450088562631,95,83,10,2,not_evaluated,not_evaluated
"Well, the giant dog has become friendly, but now we’ve got to cross the moat of giant dog droppings.",1.1473684210526316,0.0365610782362717,95,81,14,0,not_evaluated,not_evaluated
Nick! Nick! Paddy! Wack! Give the dog a bone!,1.1473684210526316,0.0395053997262686,95,82,12,1,not_evaluated,not_evaluated
Trading our swords for giant dog bones was a great idea.,1.1473684210526316,0.0422450088562631,95,83,10,2,not_evaluated,not_evaluated
"Bring in the heavy artilleries boys, he just rolled over!",1.1473684210526316,0.0448174624337348,95,84,8,3,not_evaluated,not_evaluated
"More bones, hurry before he sees the open exit and confuses us for edibles.",1.1473684210526316,0.0395053997262686,95,82,12,1,not_evaluated,not_evaluated
No more bone cookies! He's tired of being stereotyped!,1.1473684210526316,0.0448174624337348,95,84,8,3,not_evaluated,not_evaluated
"Okay, we got him to sit. Maybe the green one will make him roll over.",1.1473684210526316,0.0448174624337348,95,84,8,3,not_evaluated,not_evaluated
I can’t tell if these CBD-infused treats are working!,1.1473684210526316,0.0448174624337348,95,84,8,3,not_evaluated,not_evaluated
He wants cherry Garcia flavor. Or he eats us.,1.1473684210526316,0.0422450088562631,95,83,10,2,not_evaluated,not_evaluated
"Bring it up, Mikey likes it.",1.1473684210526316,0.0495634267425709,95,86,4,5,not_evaluated,not_evaluated
At the bottom of the water slide we'll put a big doggie bowl,1.1473684210526316,0.0395053997262686,95,82,12,1,not_evaluated,not_evaluated
Dinner time at barkingham palace,1.1473684210526316,0.0395053997262686,95,82,12,1,not_evaluated,not_evaluated
"Ho men start bringing me more, quick",1.1473684210526316,0.0395053997262686,95,82,12,1,not_evaluated,not_evaluated
Hail to the chief.,1.1473684210526316,0.0395053997262686,95,82,12,1,not_evaluated,not_evaluated
"Quickly, call Gulliver!",1.1470588235294117,0.0427120285146335,102,90,9,3,not_evaluated,not_evaluated
I bet they think I'm distracted.,1.1470588235294117,0.0403754915644375,102,89,11,2,not_evaluated,not_evaluated
No! Not another yellow. Bring up the green one.,1.1470588235294117,0.0403754915644375,102,89,11,2,not_evaluated,not_evaluated
He's colorblind so just bring the cheap stuff!,1.1470588235294117,0.0403754915644375,102,89,11,2,not_evaluated,not_evaluated
"All HAIL Liege Clifford! Where are the red treats, minions?",1.1470588235294117,0.0403754915644375,102,89,11,2,not_evaluated,not_evaluated
"Save the pink one for last. Anyway, he's colorblind.",1.1470588235294117,0.0403754915644375,102,89,11,2,not_evaluated,not_evaluated
Keep that food coming. Fido is looking at me strangely.,1.146788990825688,0.0408574593758023,109,96,10,3,not_evaluated,not_evaluated
No more! We're running low on bags!,1.146788990825688,0.0428862058470186,109,97,8,4,not_evaluated,not_evaluated
"Quick, give me the one with the Fentanyl!",1.1466666666666667,0.0526533225197837,75,67,5,3,not_evaluated,not_evaluated
Tell the Dog Walkers Guild to prepare the leash!,1.1466666666666667,0.0452951614596046,75,65,9,1,not_evaluated,not_evaluated
Must not anger Vesuvius!,1.1466666666666667,0.0411253120509898,75,64,11,0,not_evaluated,not_evaluated
I was wrong!  His bite is worse than his bark!!,1.1466666666666667,0.0491122389228185,75,66,7,2,not_evaluated,not_evaluated
I don’t think we’ll get our space frisbee back this way.,1.146551724137931,0.0372485278274388,116,101,13,2,not_evaluated,not_evaluated
I hope he likes the other colors,1.146551724137931,0.0372485278274388,116,101,13,2,not_evaluated,not_evaluated
Cancel the bone suits!  The beasty has developed a taste for them!,1.146341463414634,0.0463089633892549,82,72,8,2,not_evaluated,not_evaluated
Not a parapet. Just one. But he’s big!,1.146341463414634,0.0429349038421541,82,71,10,1,not_evaluated,not_evaluated
"Keep the milk bones coming, he is showing signs of getting filled up.",1.146067415730337,0.0408994937600029,89,77,11,1,not_evaluated,not_evaluated
Sit! Sit! Roll over!,1.146067415730337,0.0467278698385757,89,79,7,3,not_evaluated,not_evaluated
He’s going to need a walk around the moat!,1.146067415730337,0.0376484524902597,89,76,13,0,not_evaluated,not_evaluated
"Quick,get the biggest vacuum we have!",1.146067415730337,0.0408994937600029,89,77,11,1,not_evaluated,not_evaluated
Back off!  They are going to eat our lunch?,1.146067415730337,0.0408994937600029,89,77,11,1,not_evaluated,not_evaluated
We'll need more supplies than ever. He deserves the world!,1.146067415730337,0.0376484524902597,89,76,13,0,not_evaluated,not_evaluated
I said Trojan HORSE not Trojan DOG!,1.146067415730337,0.0467278698385757,89,79,7,3,not_evaluated,not_evaluated
His tail is not wagging!,1.1458333333333333,0.0418308170068669,96,84,10,2,not_evaluated,not_evaluated
He prefers Alpo.,1.1458333333333333,0.0443747168675589,96,85,8,3,not_evaluated,not_evaluated
Do you think we could go back to the trojan horse idea?,1.1458333333333333,0.0443747168675589,96,85,8,3,not_evaluated,not_evaluated
The Trojan Horse attempt messed up. Rovers Bite,1.1458333333333333,0.046780484635049,96,86,6,4,not_evaluated,not_evaluated
Flee!,1.1458333333333333,0.0391218481905949,96,83,12,1,not_evaluated,not_evaluated
Now he's insisting on something for his pet cat.,1.1458333333333333,0.0418308170068669,96,84,10,2,not_evaluated,not_evaluated
"Let’s go, Nick, Knack, Patty, and Whack!",1.1458333333333333,0.0391218481905949,96,83,12,1,not_evaluated,not_evaluated
It wants one with lots of cinnamon.,1.1458333333333333,0.0391218481905949,96,83,12,1,not_evaluated,not_evaluated
"Ok, one more and then we go for the W.A.L.K.",1.1458333333333333,0.0418308170068669,96,84,10,2,not_evaluated,not_evaluated
We’re gonna need a bigger Milk-Bone!,1.1458333333333333,0.0418308170068669,96,84,10,2,not_evaluated,not_evaluated
"KEEP THEM COMING, HE'S ALMOST  FULL !",1.1458333333333333,0.046780484635049,96,86,6,4,not_evaluated,not_evaluated
"Quickly, throw me another before the cat comes!",1.1458333333333333,0.0418308170068669,96,84,10,2,not_evaluated,not_evaluated
"Careful, she's in heat.",1.145631067961165,0.0375525952386118,103,89,13,1,not_evaluated,not_evaluated
hurry up with the pink one!,1.145631067961165,0.0423194072188415,103,91,9,3,not_evaluated,not_evaluated
"Give me 'libertreats', or give me death!",1.145631067961165,0.0423194072188415,103,91,9,3,not_evaluated,not_evaluated
Charge,1.145631067961165,0.0423194072188415,103,91,9,3,not_evaluated,not_evaluated
"Look, if you want that ball back we need to distract him with something? It’s either your prize oversized treats or one of us!",1.145631067961165,0.0375525952386118,103,89,13,1,not_evaluated,not_evaluated
"Good news guys, he’s Vegan!",1.145631067961165,0.0445117921056173,103,92,7,4,not_evaluated,not_evaluated
"Quick, who knows doggie Heimlich?",1.1454545454545455,0.0405063111184865,110,97,10,3,not_evaluated,not_evaluated
"His price has gone up; after each treat, a belly rub!",1.1454545454545455,0.0405063111184865,110,97,10,3,not_evaluated,not_evaluated
Please don't tell me we're out of the gluten-free ones!,1.1454545454545455,0.0361545280378816,110,95,14,1,not_evaluated,not_evaluated
Not that one - it gives him the zoomies!,1.1454545454545455,0.0425154902573221,110,98,8,4,not_evaluated,not_evaluated
I don't think he understands when the treats are gone.,1.1452991452991452,0.0388930180504621,117,103,11,3,not_evaluated,not_evaluated
"No, no! No more wheat biscuits. He's allergic!!",1.144736842105263,0.0406264427259979,76,65,11,0,not_evaluated,not_evaluated
How do you say ‘good boy’ in French?,1.144578313253012,0.0388360256108036,83,71,12,0,not_evaluated,not_evaluated
Bad news. He's Saxon intolerant!,1.144578313253012,0.0488857030843788,83,74,6,3,not_evaluated,not_evaluated
"Keep 'em, coming boys. The castle watch is in love with milk bones!",1.144578313253012,0.0424510923948176,83,72,10,1,not_evaluated,not_evaluated
It's no good; he's vegan,1.144578313253012,0.0457815858810471,83,73,8,2,not_evaluated,not_evaluated
"We'll need a lot more.  I just heard, the cat's NOT coming !",1.144578313253012,0.0424510923948176,83,72,10,1,not_evaluated,not_evaluated
"That's ok, I already gave him his treat.",1.144578313253012,0.0388360256108036,83,71,12,0,not_evaluated,not_evaluated
"Hurry up, It's a dog eat bone world here.",1.1444444444444444,0.0404750539257196,90,78,11,1,not_evaluated,not_evaluated
Worm pills to the front!,1.1444444444444444,0.0372631466754028,90,77,13,0,not_evaluated,not_evaluated
He's a French dog. He said he'll surrender if we bring croissants!,1.1444444444444444,0.0434501769895963,90,79,9,2,not_evaluated,not_evaluated
Enough with the cookies!  He wants to know if any of you know how to do a Belly Rub?,1.1444444444444444,0.0372631466754028,90,77,13,0,not_evaluated,not_evaluated
Hurry! He only needs eight more to beat the Doberman!,1.1444444444444444,0.0372631466754028,90,77,13,0,not_evaluated,not_evaluated
Try the Himars!,1.1444444444444444,0.0404750539257196,90,78,11,1,not_evaluated,not_evaluated
Quick! More bones!,1.1444444444444444,0.0404750539257196,90,78,11,1,not_evaluated,not_evaluated
"Still no wagging! At once, go get the peanut butter!",1.1444444444444444,0.0404750539257196,90,78,11,1,not_evaluated,not_evaluated
What do you mean you've forgotten which one is laced with the tranquilizer?,1.1444444444444444,0.0434501769895963,90,79,9,2,not_evaluated,not_evaluated
Quick -someone grab Clifford's lead,1.1444444444444444,0.0372631466754028,90,77,13,0,not_evaluated,not_evaluated
Bring out the Doggie Bag!,1.1444444444444444,0.048859939221226,90,81,5,4,not_evaluated,not_evaluated
He wants more salsa.,1.1444444444444444,0.0462342488915368,90,80,7,3,not_evaluated,not_evaluated
Tastes like Greeks.,1.1444444444444444,0.0434501769895963,90,79,9,2,not_evaluated,not_evaluated
More!  He's the King's Best Friend.,1.1443298969072164,0.0387456092226106,97,84,12,1,not_evaluated,not_evaluated
Crunch time!  Someone better find a purple treat--he's rejecting the colors we brought ...,1.1443298969072164,0.0414246166709319,97,85,10,2,not_evaluated,not_evaluated
Tell Leonardo we don’t need him.,1.1443298969072164,0.035867054544928,97,83,14,0,not_evaluated,not_evaluated
"How it was long ago, before the dogs got let out.",1.1443298969072164,0.0439405905585719,97,86,8,3,not_evaluated,not_evaluated
It's working.  Let's bone up our defenses.,1.1443298969072164,0.0414246166709319,97,85,10,2,not_evaluated,not_evaluated
"Hurry up, he wants to bone up on things!",1.1443298969072164,0.035867054544928,97,83,14,0,not_evaluated,not_evaluated
We need a large collar and leash.,1.1443298969072164,0.0387456092226106,97,84,12,1,not_evaluated,not_evaluated
More!  You've got to get more!,1.1443298969072164,0.035867054544928,97,83,14,0,not_evaluated,not_evaluated
"No longer ""Ivar the boneless""",1.1443298969072164,0.035867054544928,97,83,14,0,not_evaluated,not_evaluated
Move back guys! I think he's about to launch a projectile!,1.1443298969072164,0.0414246166709319,97,85,10,2,not_evaluated,not_evaluated
"Get this dog water, not bones.  Drinking comes before food.",1.1442307692307692,0.0372161129719919,104,90,13,1,not_evaluated,not_evaluated
Plan B: Load the treat buckets!,1.1441441441441442,0.0380672426454619,111,97,12,2,not_evaluated,not_evaluated
Don't let him know we're leaving,1.1428571428571428,0.0479030039081015,77,68,7,2,not_evaluated,not_evaluated
Bring more treats! The monster indeed is a good boy!,1.1428571428571428,0.0383764778226668,98,85,12,1,not_evaluated,not_evaluated
Get ready for lots of donuts when his master shows up.,1.1428571428571428,0.0400592618739701,91,79,11,1,not_evaluated,not_evaluated
He says no more lime or strawberry! He only wants the ones that taste like pee!,1.1428571428571428,0.0392898765693818,105,92,11,2,not_evaluated,not_evaluated
He’s better trained!”,1.1428571428571428,0.0415553195630528,105,93,9,3,not_evaluated,not_evaluated
I have no idea why only the oversized dog biscuits are in color .,1.1428571428571428,0.0415553195630528,105,93,9,3,not_evaluated,not_evaluated
"Quick, throw the chocolate one!",1.1428571428571428,0.0429993570427229,91,80,9,2,not_evaluated,not_evaluated
Quick!  Bring up the breath mint bones!,1.1428571428571428,0.0435148356485836,98,87,8,3,not_evaluated,not_evaluated
He says the biscuits are just an appetizer. He's ready for some meat!,1.1428571428571428,0.0429993570427229,91,80,9,2,not_evaluated,not_evaluated
He said he would prefer a squirrel.,1.1428571428571428,0.043703486899075,105,94,7,4,not_evaluated,not_evaluated
Melatonin flavor now!,1.1428571428571428,0.0419779780764853,84,73,10,1,not_evaluated,not_evaluated
This dog bones,1.1428571428571428,0.0483308815218553,84,75,6,3,not_evaluated,not_evaluated
Red!  No.  Blue!,1.1428571428571428,0.0441920160635532,77,67,9,1,not_evaluated,not_evaluated
"My dream is to be the artist, but ya gotta start somewhere.",1.1428571428571428,0.0410261804924421,98,86,10,2,not_evaluated,not_evaluated
"He just keeps saying 'Fetch!'""",1.1428571428571428,0.0429993570427229,91,80,9,2,not_evaluated,not_evaluated
He’s such a good boy! Victory shall be ours!,1.1428571428571428,0.0368855556781658,105,91,13,1,not_evaluated,not_evaluated
We need more treats!!,1.1428571428571428,0.0435148356485836,98,87,8,3,not_evaluated,not_evaluated
"Move it! We'll never have a better chance if getting rid of these MRE's!""",1.1428571428571428,0.0435148356485836,98,87,8,3,not_evaluated,not_evaluated
"I said PALEO, not pink and yellow!",1.1428571428571428,0.0435148356485836,98,87,8,3,not_evaluated,not_evaluated
Go find Clifford,1.1428571428571428,0.043703486899075,105,94,7,4,not_evaluated,not_evaluated
No more giant biscuits unless someone brought the giant pooper scooper!,1.1428571428571428,0.043703486899075,105,94,7,4,not_evaluated,not_evaluated
"Bone Up, guys!",1.1428571428571428,0.0410261804924421,98,86,10,2,not_evaluated,not_evaluated
Everyone up on the wall. He craves attention.,1.1428571428571428,0.0483308815218553,84,75,6,3,not_evaluated,not_evaluated
He wants a dozen ribeye steaks before he will open the gates.,1.1428571428571428,0.0383764778226668,98,85,12,1,not_evaluated,not_evaluated
"Hey! Get more yellow ones!""",1.1428571428571428,0.0429993570427229,91,80,9,2,not_evaluated,not_evaluated
He said they taste “rough.”,1.1428571428571428,0.0452660178946055,84,74,8,2,not_evaluated,not_evaluated
C’mon guys. He says he wants more chicken flavour.,1.1428571428571428,0.0429993570427229,91,80,9,2,not_evaluated,not_evaluated
He only wants the banana flavored ones!!!,1.1428571428571428,0.0410261804924421,98,86,10,2,not_evaluated,not_evaluated
The neighbors didn’t like him pooping in their yard!!,1.1428571428571428,0.0441920160635532,77,67,9,1,not_evaluated,not_evaluated
She's got a whole litter in there!,1.1428571428571428,0.0410261804924421,98,86,10,2,not_evaluated,not_evaluated
"Hold it, he does'nt like yellow bones",1.1428571428571428,0.0435148356485836,98,87,8,3,not_evaluated,not_evaluated
It’s no good boys. Bring on the rolling old men.,1.1428571428571428,0.0384094898527046,84,72,12,0,not_evaluated,not_evaluated
"Forget the trojan horse, keep bringing dog biscuits!",1.1428571428571428,0.0429993570427229,91,80,9,2,not_evaluated,not_evaluated
Send the messenger! It's time for the cats to scale the back wall!,1.1428571428571428,0.0419779780764853,84,73,10,1,not_evaluated,not_evaluated
Fall back. We may have to wait for afternoon walkies!”,1.1428571428571428,0.0410261804924421,98,86,10,2,not_evaluated,not_evaluated
I said blue you idiots!,1.1428571428571428,0.0512126531369395,84,76,4,4,not_evaluated,not_evaluated
Stop! He's a bad dog--he ate Santa!,1.1428571428571428,0.0392898765693818,105,92,11,2,not_evaluated,not_evaluated
You there -- with the pink. The hell are you doing?,1.1428571428571428,0.0483308815218553,84,75,6,3,not_evaluated,not_evaluated
I don’t like the look of this. Do we still have the Trojan Horse in storage?,1.1428571428571428,0.0392898765693818,105,92,11,2,not_evaluated,not_evaluated
NOT the meat-flavored one!,1.1428571428571428,0.0400592618739701,91,79,11,1,not_evaluated,not_evaluated
Ah! The Duke of Doggie doth request a dollop of moat quaff to sate his biscuity thirst!,1.1428571428571428,0.0429993570427229,91,80,9,2,not_evaluated,not_evaluated
One more and he'll calm down for sure,1.1428571428571428,0.0457509010871677,91,81,7,3,not_evaluated,not_evaluated
Bone Brigade Coming!,1.1428571428571428,0.0392898765693818,105,92,11,2,not_evaluated,not_evaluated
"We just call it ""Game of Bones""",1.1428571428571428,0.0483460980275353,91,82,5,4,not_evaluated,not_evaluated
"Retreat, he knows why we're here!",1.1428571428571428,0.0400592618739701,91,79,11,1,not_evaluated,not_evaluated
"Hold your fire, men. Mikey likes it.",1.1428571428571428,0.0400592618739701,91,79,11,1,not_evaluated,not_evaluated
The brown bones !,1.1428571428571428,0.0368855556781658,105,91,13,1,not_evaluated,not_evaluated
"Terry,I said it likes the yellow ones - YELLOW!
It won't be suchagoodboy forever!",1.1428571428571428,0.0384094898527046,84,72,12,0,not_evaluated,not_evaluated
It was a bit over-the-top for a kindergarten birthday party…,1.1428571428571428,0.0368855556781658,91,78,13,0,not_evaluated,not_evaluated
Don't run for your lives...he will think we are playing fetch,1.1428571428571428,0.0400592618739701,91,79,11,1,not_evaluated,not_evaluated
It's my turn to take Sparky for a rampage.,1.1415929203539823,0.0352596846250204,113,98,14,1,not_evaluated,not_evaluated
"Quick, someone get the leash for the     W-A-L-K, we’re losing him!",1.1415929203539823,0.0352596846250204,113,98,14,1,not_evaluated,not_evaluated
Tis nothing to fear my men! For the owner hath not donned the “beware of dog” sign out front!,1.1415094339622642,0.0365607698405773,106,92,13,1,not_evaluated,not_evaluated
"He is! He is! He’s a very good boy, isn’t he?",1.1414141414141414,0.0406352895824782,99,87,10,2,not_evaluated,not_evaluated
This explains why they requested doggy treats for tribute.,1.1414141414141414,0.0406352895824782,99,87,10,2,not_evaluated,not_evaluated
No more bones! It's not working! No more bones!,1.1414141414141414,0.0380142564857705,99,86,12,1,not_evaluated,not_evaluated
Now where is that really big frisbee?,1.1414141414141414,0.0430972136307881,99,88,8,3,not_evaluated,not_evaluated
Does anyone have a poop bag?,1.1414141414141414,0.0430972136307881,99,88,8,3,not_evaluated,not_evaluated
His tail stopped wagging! We've gotta pick up the pace...,1.1414141414141414,0.0380142564857705,99,86,12,1,not_evaluated,not_evaluated
"Boys, which treat comes with the sleeping dose?",1.1414141414141414,0.0406352895824782,99,87,10,2,not_evaluated,not_evaluated
The Trojan Rawr,1.1414141414141414,0.0406352895824782,99,87,10,2,not_evaluated,not_evaluated
"Now, load the kibble cannon!",1.141304347826087,0.0452775106604047,92,82,7,3,not_evaluated,not_evaluated
"Quick, bring-up the one laced with Benadryl.",1.141304347826087,0.0478429149910667,92,83,5,4,not_evaluated,not_evaluated
Turns out his life is quite conditional,1.141304347826087,0.0452775106604047,92,82,7,3,not_evaluated,not_evaluated
Only two more castles and I’ll be a three-dog knight.,1.141304347826087,0.0452775106604047,92,82,7,3,not_evaluated,not_evaluated
Quick before he just steps over the wall.,1.141304347826087,0.0425577422846148,92,81,9,2,not_evaluated,not_evaluated
He says keep it coming or he's going to take a shit that will wipe out all intelligent life as we know it.,1.141304347826087,0.0425577422846148,92,81,9,2,not_evaluated,not_evaluated
He only like plain Milkbones. Get those other flavors out of here!,1.141304347826087,0.0396518585330413,92,80,11,1,not_evaluated,not_evaluated
Hopefully we can get it to play dead.,1.141304347826087,0.0365154534667852,92,79,13,0,not_evaluated,not_evaluated
Taste test is over. He's good with salted caramel.,1.141304347826087,0.0396518585330413,92,80,11,1,not_evaluated,not_evaluated
I'm starting to think that appeasing him with treats our size is not a good idea.,1.141304347826087,0.0425577422846148,92,81,9,2,not_evaluated,not_evaluated
He says the pink ones will stunt his growth.,1.141304347826087,0.0396518585330413,92,80,11,1,not_evaluated,not_evaluated
It's not so ruff; at least we don't have to pick up after him like those poor saps at the other fortress attending to that big red dog.,1.141304347826087,0.0425577422846148,92,81,9,2,not_evaluated,not_evaluated
"Knick-Knack, Paddy-Whack, give a dog a bone before the old man comes rolling home!",1.141304347826087,0.0396518585330413,92,80,11,1,not_evaluated,not_evaluated
Top Dog! And still you beg for treats…,1.141304347826087,0.0396518585330413,92,80,11,1,not_evaluated,not_evaluated
He wants to know if you have anything vegan?,1.141304347826087,0.0425577422846148,92,81,9,2,not_evaluated,not_evaluated
Prepayre the trebuchet!! 'Tis a Marm'O'duykke!!,1.1411764705882352,0.0447618697040631,85,75,8,2,not_evaluated,not_evaluated
Fetch the trebuchet!,1.1411764705882352,0.0447618697040631,85,75,8,2,not_evaluated,not_evaluated
Their defenses are showing dogged determination.,1.1411764705882352,0.04151521329086,85,74,10,1,not_evaluated,not_evaluated
"Yo this dog big af”
“Dayum, fr",1.1411764705882352,0.0506344652291241,85,77,4,4,not_evaluated,not_evaluated
This hood makes me look like a sausage!,1.1411764705882352,0.04151521329086,85,74,10,1,not_evaluated,not_evaluated
"He's a Labrador, Keep the treats coming!",1.1411764705882352,0.04151521329086,85,74,10,1,not_evaluated,not_evaluated
Looks like we need more bricks.,1.1411764705882352,0.04151521329086,85,74,10,1,not_evaluated,not_evaluated
"Wait, he’s slowing down. Get the squeaky toy!",1.1411764705882352,0.0477884612037409,85,76,6,3,not_evaluated,not_evaluated
Fetch more! Fido’s getting restless!,1.1411764705882352,0.04151521329086,85,74,10,1,not_evaluated,not_evaluated
Throw the dog a colorful bone.,1.141025641025641,0.0473203315465489,78,69,7,2,not_evaluated,not_evaluated
If we only had something to deliver Amazon’s.,1.141025641025641,0.0473203315465489,78,69,7,2,not_evaluated,not_evaluated
Calming colors only.,1.141025641025641,0.0507170002136921,78,70,5,3,not_evaluated,not_evaluated
You idiots.  Where's the trebuchet?,1.141025641025641,0.0473203315465489,78,69,7,2,not_evaluated,not_evaluated
"We need more treats, he’s been a good boy!",1.141025641025641,0.0473203315465489,78,69,7,2,not_evaluated,not_evaluated
Watch your fingers when you give it to him!,1.1408450704225352,0.046163800079517,71,62,8,1,not_evaluated,not_evaluated
"Turns out, size actually doesn’t matter.",1.1403508771929824,0.0371245485372136,114,100,12,2,not_evaluated,not_evaluated
"Oh my gosh, a giant dog, for our giant dog bones!",1.1401869158878504,0.0362416071333881,107,93,13,1,not_evaluated,not_evaluated
He destroyed our peace offering... He wants war!,1.1401869158878504,0.0362416071333881,107,93,13,1,not_evaluated,not_evaluated
"Shoot me the milk bones, he's just a puppy!",1.1401869158878504,0.0385977956736652,107,94,11,2,not_evaluated,not_evaluated
Just humor him till he stops competing with that cat.,1.1401869158878504,0.0385977956736652,107,94,11,2,not_evaluated,not_evaluated
He likes the chicken flavor! Send up another one!,1.1401869158878504,0.0429239014696511,107,96,7,4,not_evaluated,not_evaluated
He wants his squeaky kitty and he wants it now!,1.14,0.0402517331328978,100,88,10,2,not_evaluated,not_evaluated
"Bad teeth, soak those in the moat.",1.14,0.0348735088019777,100,86,14,0,not_evaluated,not_evaluated
We're gonna need a bigger dog biscuit!,1.14,0.0449915817041635,100,90,6,4,not_evaluated,not_evaluated
"Hey, Exeter! Do you still have those French tennis balls?",1.14,0.042687494916219,100,89,8,3,not_evaluated,not_evaluated
Oh No! He wants me to eat a yellow one too!,1.14,0.0402517331328978,100,88,10,2,not_evaluated,not_evaluated
Just a few more and we’re in!,1.14,0.0376587548676509,100,87,12,1,not_evaluated,not_evaluated
"Oh my god!"" He suspects the real reason we call these dog bones",1.14,0.0376587548676509,100,87,12,1,not_evaluated,not_evaluated
Satisfy him and we shall win!!,1.14,0.0348735088019777,100,86,14,0,not_evaluated,not_evaluated
"Hurry up, lads!  This puppy isn’t going to floss itself.",1.14,0.0402517331328978,100,88,10,2,not_evaluated,not_evaluated
All we have to do is keep throwing him a bone.,1.1397849462365592,0.0361526225884641,93,80,13,0,not_evaluated,not_evaluated
Quick! The dastardly fiends let the dog out.,1.1397849462365592,0.0361526225884641,93,80,13,0,not_evaluated,not_evaluated
"Halt, he said he feels like an imposter who does not deserve all these rewards",1.1397849462365592,0.0392525949552448,93,81,11,1,not_evaluated,not_evaluated
Idiots. The order was for a sneak attack!,1.1397849462365592,0.0361526225884641,93,80,13,0,not_evaluated,not_evaluated
"Uh oh, he’s got that look that says it’s time for a walk!",1.1397849462365592,0.044813774580074,93,83,7,3,not_evaluated,not_evaluated
Did anyone bring an industrial-size poop bag?,1.1397849462365592,0.0361526225884641,93,80,13,0,not_evaluated,not_evaluated
"Oh God, there's a Labradoodle in there too!",1.1397849462365592,0.0421250555063978,93,82,9,2,not_evaluated,not_evaluated
Saddle the horses! We're going to need to make another trip to Costco.,1.1397849462365592,0.044813774580074,93,83,7,3,not_evaluated,not_evaluated
"He says he wants real bones next time, not cartoon bones!",1.1397849462365592,0.0361526225884641,93,80,13,0,not_evaluated,not_evaluated
It can see color!,1.1397849462365592,0.0421250555063978,93,82,9,2,not_evaluated,not_evaluated
"He likes it, so let me feed him, and you go around and capture the castle.",1.1397849462365592,0.0392525949552448,93,81,11,1,not_evaluated,not_evaluated
We should’ve gone with peanut butter!,1.1397849462365592,0.0361526225884641,93,80,13,0,not_evaluated,not_evaluated
He bites!,1.1397849462365592,0.0361526225884641,93,80,13,0,not_evaluated,not_evaluated
"Honestly, the bite looks worse than the bark!",1.1397849462365592,0.0392525949552448,93,81,11,1,not_evaluated,not_evaluated
Leave it! Good boy…,1.1397849462365592,0.0392525949552448,93,81,11,1,not_evaluated,not_evaluated
' Keep it going guys! We won't be able to keep him in the dog house for long! ',1.1397849462365592,0.0392525949552448,93,81,11,1,not_evaluated,not_evaluated
"Hey, throw me a bone here guys!",1.1395348837209305,0.0410624651704613,86,75,10,1,not_evaluated,not_evaluated
It's not a guard dog -- it's a Chow Chow!,1.1395348837209305,0.0410624651704613,86,75,10,1,not_evaluated,not_evaluated
Change of plans…he doesn’t like cinnamon.,1.1395348837209305,0.0442687684162645,86,76,8,2,not_evaluated,not_evaluated
He just ate Murphy! Get me a giant pair of tongs!,1.1395348837209305,0.0472580328442728,86,77,6,3,not_evaluated,not_evaluated
"She's growling, '...only that pink one...'",1.1395348837209305,0.0500691469822273,86,78,4,4,not_evaluated,not_evaluated
The tail is wagging! The wall will be down before you can say 'good boy!',1.1395348837209305,0.0442687684162645,86,76,8,2,not_evaluated,not_evaluated
"He told me to fetch, or else!",1.1395348837209305,0.0410624651704613,86,75,10,1,not_evaluated,not_evaluated
"Tim, it's neither a rifle nor a telescope and, by gum, Steve, lift with your legs!",1.1395348837209305,0.0410624651704613,86,75,10,1,not_evaluated,not_evaluated
Get rid of the real bones - he's vegan.,1.1395348837209305,0.0442687684162645,86,76,8,2,not_evaluated,not_evaluated
He says he’s ready to sign the treaty.,1.1395348837209305,0.0410624651704613,86,75,10,1,not_evaluated,not_evaluated
"The bigger the dog, the bigger the bone.",1.1395348837209305,0.0442687684162645,86,76,8,2,not_evaluated,not_evaluated
"Oh no,he likes the yellow ones too!",1.1395348837209305,0.0410624651704613,86,75,10,1,not_evaluated,not_evaluated
Their defences are too strong! These weapons are useless!,1.1395348837209305,0.0472580328442728,86,77,6,3,not_evaluated,not_evaluated
We need to pull out the big scones.,1.139240506329114,0.0391991280198551,79,68,11,0,not_evaluated,not_evaluated
"He is sitting and staying, a few more and we may be able to get him to play dead!",1.139240506329114,0.0391991280198551,79,68,11,0,not_evaluated,not_evaluated
HE'S DRY!!...LOAD UP THE GRAVY VAT LAUNCHER!,1.139240506329114,0.0467515938462338,79,70,7,2,not_evaluated,not_evaluated
You fell for that dog?,1.139240506329114,0.0391991280198551,79,68,11,0,not_evaluated,not_evaluated
We don't want him warning the others!,1.1391304347826088,0.0346871305888515,115,100,14,1,not_evaluated,not_evaluated
"Nick, Zach, Patty, Jack! Give the dog a bone!",1.1388888888888888,0.0382607632488486,108,95,11,2,not_evaluated,not_evaluated
"Ok, He said he’ll let us storm the gates if we throw a cannon-ball for him",1.1386138613861383,0.0422854584238864,101,90,8,3,not_evaluated,not_evaluated
Toss Me a Bone!,1.1386138613861383,0.0422854584238864,101,90,8,3,not_evaluated,not_evaluated
Not those ones! He bit Ulrich’s head off when it wasn’t orange.,1.1386138613861383,0.037309789468152,101,88,12,1,not_evaluated,not_evaluated
Hurry up with those biscuits so that he won't bark or eat us.,1.1386138613861383,0.0398753080506975,101,89,10,2,not_evaluated,not_evaluated
"Comrades, the beast shan't stayeth a good boy forever!",1.1386138613861383,0.0422854584238864,101,90,8,3,not_evaluated,not_evaluated
"It looks hungry - run away, run away!",1.1386138613861383,0.0422854584238864,101,90,8,3,not_evaluated,not_evaluated
A bone for the big doggy.,1.1386138613861383,0.0422854584238864,101,90,8,3,not_evaluated,not_evaluated
THIS MOTHERFUCKER!!!,1.1382978723404256,0.0388612318344454,94,82,11,1,not_evaluated,not_evaluated
STOP! He’ll jump out if you throw them up.,1.1382978723404256,0.0388612318344454,94,82,11,1,not_evaluated,not_evaluated
"No more bones, this bread is vegetarian and he is now very annoyed",1.1382978723404256,0.041701030432061,94,83,9,2,not_evaluated,not_evaluated
It's o.k.  He knows he's a good boy!,1.1382978723404256,0.0388612318344454,94,82,11,1,not_evaluated,not_evaluated
He's wagging his tail - make ready the chew toy!,1.1382978723404256,0.041701030432061,94,83,9,2,not_evaluated,not_evaluated
Gulliver’s puppy likes the yellow!,1.1382978723404256,0.0388612318344454,94,82,11,1,not_evaluated,not_evaluated
It's just until Gulliver gets back.,1.1382978723404256,0.041701030432061,94,83,9,2,not_evaluated,not_evaluated
Superszize them ... and fast!,1.1382978723404256,0.041701030432061,94,83,9,2,not_evaluated,not_evaluated
He says he’d like a real chicken … and a belly rub.,1.1382978723404256,0.041701030432061,94,83,9,2,not_evaluated,not_evaluated
It's working! Bring on the Trojan Cat!,1.137931034482759,0.0467392048785815,87,78,6,3,not_evaluated,not_evaluated
Who forgot the coffee,1.137931034482759,0.0437863570798038,87,77,8,2,not_evaluated,not_evaluated
Anything to keep him from marking his territory!,1.137931034482759,0.0406194148155552,87,76,10,1,not_evaluated,not_evaluated
This isn't working...we should have brought the giant tennis ball!,1.137931034482759,0.0406194148155552,87,76,10,1,not_evaluated,not_evaluated
Send in the peanut butter!,1.137931034482759,0.0437863570798038,87,77,8,2,not_evaluated,not_evaluated
Anyone bring a poop scoop bag?,1.137931034482759,0.0406194148155552,87,76,10,1,not_evaluated,not_evaluated
OK.  Now the one with the rohypnol.,1.137931034482759,0.0406194148155552,87,76,10,1,not_evaluated,not_evaluated
"Courage, men! At least he's not hurling cows and ducks at us!",1.137931034482759,0.0406194148155552,87,76,10,1,not_evaluated,not_evaluated
"Well, I don't think he looks like a good boy.",1.137931034482759,0.0406194148155552,87,76,10,1,not_evaluated,not_evaluated
Quickly! More treats! more treats!,1.137931034482759,0.0371837148977373,87,75,12,0,not_evaluated,not_evaluated
"No! The red one, the RED one!",1.137931034482759,0.0437863570798038,87,77,8,2,not_evaluated,not_evaluated
Hold on… kibbles and bits.,1.137931034482759,0.0467392048785815,87,78,6,3,not_evaluated,not_evaluated
"Better make them bigger, and all yellow",1.137931034482759,0.0406194148155552,87,76,10,1,not_evaluated,not_evaluated
There’s a special package waiting for one of you over this wall.  Bring a shovel.,1.137931034482759,0.0406194148155552,87,76,10,1,not_evaluated,not_evaluated
This isn’t working go back and get a bunch of tennis balls!”,1.137931034482759,0.0437863570798038,87,77,8,2,not_evaluated,not_evaluated
They are bad to the bone,1.137931034482759,0.0365214437104468,116,102,12,2,not_evaluated,not_evaluated
Piece of bone to convince they all need me,1.137931034482759,0.0406194148155552,87,76,10,1,not_evaluated,not_evaluated
He says your taxes have been increased by five dogbones each.,1.1376146788990826,0.0379295309992641,109,96,11,2,not_evaluated,not_evaluated
"Quick,before he has a meltdown!",1.1376146788990826,0.0379295309992641,109,96,11,2,not_evaluated,not_evaluated
Distracting him with a bone isn't working - bring up the cat!,1.1375,0.0426338176224378,80,70,9,1,not_evaluated,not_evaluated
Back-up!  Bone-shaped stone is not a weapon,1.1375,0.0387451507786556,80,69,11,0,not_evaluated,not_evaluated
"Get up here fast, while he's still looking at the biscuits and not us!",1.1375,0.0387451507786556,80,69,11,0,not_evaluated,not_evaluated
"Here's the pitch: Clifford the Big, Red Dog vs. Monty Python's Flying Circus!",1.1375,0.0495030685661843,80,72,5,3,not_evaluated,not_evaluated
There is a large dog up here!  How fortuitous that we came with large milkbones.,1.1375,0.0461962996490608,80,71,7,2,not_evaluated,not_evaluated
"All right! It’s Milk Bone Offensive!
Yellow good! 
Drop the fricking magenta Percy!",1.1375,0.0387451507786556,80,69,11,0,not_evaluated,not_evaluated
I think our intelligence was wrong. He is a good boy.,1.1375,0.0426338176224378,80,70,9,1,not_evaluated,not_evaluated
"Hey Sparky, I think they're handing out the next round of stimulus checks!",1.1372549019607845,0.0395058186117996,102,90,10,2,not_evaluated,not_evaluated
Courage men! It looks like he's still hungry!,1.1372549019607845,0.0395058186117996,102,90,10,2,not_evaluated,not_evaluated
He says he wants chew toys!,1.1372549019607845,0.0395058186117996,102,90,10,2,not_evaluated,not_evaluated
It’s not an African Swallow!,1.1372549019607845,0.0462938536577277,102,93,4,5,not_evaluated,not_evaluated
"Yes,this is Clifford the big red dog.",1.1372549019607845,0.0418908911931139,102,91,8,3,not_evaluated,not_evaluated
Wait till you see his best friend!,1.1372549019607845,0.0418908911931139,102,91,8,3,not_evaluated,not_evaluated
He says he now wants his squeaky toy.,1.1370967741935485,0.0349865610918789,124,109,13,2,not_evaluated,not_evaluated
"Okay, now bring up the grappling hooks, siege towers, and jumbo squeaky toy.",1.1369863013698631,0.0449719534328588,73,64,8,1,not_evaluated,not_evaluated
Give him the one with the Vitamin A,1.136842105263158,0.0384775390503995,95,83,11,1,not_evaluated,not_evaluated
It's working--throw the next one!,1.136842105263158,0.0384775390503995,95,83,11,1,not_evaluated,not_evaluated
"Once more into the pooch, dear friends!",1.136842105263158,0.0384775390503995,95,83,11,1,not_evaluated,not_evaluated
"Have you guys noticed how stupid these caption contest cartoons have become? What's that? Oh, yeah, toss up another... it's working. But these contest cartoons... wow! What a joke!",1.136842105263158,0.048748104315029,95,87,3,5,not_evaluated,not_evaluated
Alright now one of you grab the cannonball we lost.,1.136842105263158,0.0384775390503995,95,83,11,1,not_evaluated,not_evaluated
Squeak! Squeak! Squeak!,1.136842105263158,0.0439141132535086,95,85,7,3,not_evaluated,not_evaluated
"We’ve breached the kennel walls, now  the king demands a treat-y!",1.136842105263158,0.0354479455771634,95,82,13,0,not_evaluated,not_evaluated
I don’t think we’ve brought enough treats,1.136842105263158,0.0354479455771634,95,82,13,0,not_evaluated,not_evaluated
"He likes the CBD ones, but now he wants pizza.",1.136842105263158,0.0384775390503995,95,83,11,1,not_evaluated,not_evaluated
Keep 'em coming; the cat brigade is on the way!,1.136842105263158,0.0384775390503995,95,83,11,1,not_evaluated,not_evaluated
"Forget it guys, he doesn't want to ruin his dinner.",1.136842105263158,0.0384775390503995,95,83,11,1,not_evaluated,not_evaluated
Send in the gluten-free!!!,1.136842105263158,0.0463941107100402,95,86,5,4,not_evaluated,not_evaluated
I'm going in while we still have the bone advantage.,1.136842105263158,0.0354479455771634,95,82,13,0,not_evaluated,not_evaluated
Quick. He only likes the red ones.,1.136842105263158,0.0412854111897714,95,84,9,2,not_evaluated,not_evaluated
"Those inflatables won’t protect you!”
Eflor Rolfe, London U.",1.1363636363636365,0.0433142938494515,88,78,8,2,not_evaluated,not_evaluated
Not another bone! Launch the ball.,1.1363636363636365,0.0401857565789537,88,77,10,1,not_evaluated,not_evaluated
Take those away! He only likes the orange ones!,1.1363636363636365,0.0433142938494515,88,78,8,2,not_evaluated,not_evaluated
Nine more bones before this old man stops rolling home.,1.1363636363636365,0.0462316025196006,88,79,6,3,not_evaluated,not_evaluated
I think I just figured out why the moat smells so foul.,1.1363636363636365,0.0401857565789537,88,77,10,1,not_evaluated,not_evaluated
"Just as I suspected, we're going to need more biscuits.",1.1363636363636365,0.0433142938494515,88,78,8,2,not_evaluated,not_evaluated
HE WANTS KETCHUP,1.1363636363636365,0.0462316025196006,88,79,6,3,not_evaluated,not_evaluated
Dog biscuits aren't working!  Find some bully sticks!,1.135922330097087,0.0366307657585941,103,90,12,1,not_evaluated,not_evaluated
"Enough with the Dog Biscuits, now he wants a REALLY BIGMac!",1.135922330097087,0.0391430761330858,103,91,10,2,not_evaluated,not_evaluated
The Royal Courtyard needs large cleanup satchels.,1.135922330097087,0.0391430761330858,103,91,10,2,not_evaluated,not_evaluated
"Hey, we should start eating these!",1.135922330097087,0.0366307657585941,103,90,12,1,not_evaluated,not_evaluated
"He is indeed a good boy, sire!",1.135922330097087,0.0366307657585941,103,90,12,1,not_evaluated,not_evaluated
"Yes, I mean RIGHT NOW!",1.135922330097087,0.0366307657585941,103,90,12,1,not_evaluated,not_evaluated
He doesn't like the chicken flavor!  Give me the fish one!,1.1358024691358024,0.0421383905330272,81,71,9,1,not_evaluated,not_evaluated
Not treats! Trebuchets!,1.1358024691358024,0.0421383905330272,81,71,9,1,not_evaluated,not_evaluated
OK.  Sneak around the back while I've got him distracted.,1.1358024691358024,0.0456539804619767,81,72,7,2,not_evaluated,not_evaluated
The beast must be fed. Onward,1.1358024691358024,0.0456539804619767,81,72,7,2,not_evaluated,not_evaluated
We need to rethink our weapons doctrine!,1.1358024691358024,0.0456539804619767,81,72,7,2,not_evaluated,not_evaluated
We may need the dogapult!,1.1354166666666667,0.0351057039983016,96,83,13,0,not_evaluated,not_evaluated
His bite is worst than his chew.,1.1354166666666667,0.045930419502466,96,87,5,4,not_evaluated,not_evaluated
Quick! Give me the green one and then run like hell!,1.1354166666666667,0.0434776401160237,96,86,7,3,not_evaluated,not_evaluated
"He doesn’t want to start a fight!
He says he just wanted a bone to pick!",1.1354166666666667,0.0434776401160237,96,86,7,3,not_evaluated,not_evaluated
"Hurry hurry..
More yellow!!",1.1354166666666667,0.0408779518132262,96,85,9,2,not_evaluated,not_evaluated
Quick!  Get some Alpo!,1.1354166666666667,0.0351057039983016,96,83,13,0,not_evaluated,not_evaluated
"Make no bones about it, he's gluten free!",1.1354166666666667,0.0351057039983016,96,83,13,0,not_evaluated,not_evaluated
He wants the pink one next.,1.1354166666666667,0.0351057039983016,96,83,13,0,not_evaluated,not_evaluated
Quick! The green one!,1.1354166666666667,0.0408779518132262,96,85,9,2,not_evaluated,not_evaluated
Throw the dog a bone!,1.1354166666666667,0.0434776401160237,96,86,7,3,not_evaluated,not_evaluated
No one gets a coffee break today!,1.1354166666666667,0.0351057039983016,96,83,13,0,not_evaluated,not_evaluated
"Knick knack, paddy whack...",1.135135135135135,0.0520740662544903,74,67,4,3,not_evaluated,not_evaluated
Keep the doggie biscuits coming lest he unleash his fearsome breath!,1.135135135135135,0.035018391064899,111,97,13,1,not_evaluated,not_evaluated
He said he just wants more grey ones!,1.135135135135135,0.0400126059566273,74,64,10,0,not_evaluated,not_evaluated
"Turn back, men! We're running out of positive reinforcements!",1.135135135135135,0.0443986698267628,74,65,8,1,not_evaluated,not_evaluated
Eureka - I’ve proved it!  Giant dogs aren’t color-blind!,1.135135135135135,0.0443986698267628,74,65,8,1,not_evaluated,not_evaluated
"Hold up on the treats, he has to go for a walk.",1.1348314606741574,0.0397611973935687,89,78,10,1,not_evaluated,not_evaluated
Hurry! Throw me the bone of contention!,1.1348314606741574,0.0397611973935687,89,78,10,1,not_evaluated,not_evaluated
"Nope, nope. Take those back, he's being a bad dog.",1.1348314606741574,0.042852251202049,89,79,8,2,not_evaluated,not_evaluated
"Hurry up, he's extra hungry  and  getting bigger every minute!!",1.1348314606741574,0.042852251202049,89,79,8,2,not_evaluated,not_evaluated
We are going  to need a few more.,1.1348314606741574,0.0397611973935687,89,78,10,1,not_evaluated,not_evaluated
Enough with the yellow--he wants a purple one now.,1.1348314606741574,0.0397611973935687,89,78,10,1,not_evaluated,not_evaluated
Hurry thoust up! Before its hunger’s eyes fall on me! Or thee!,1.1348314606741574,0.0397611973935687,89,78,10,1,not_evaluated,not_evaluated
More peanut butter! ASAP!,1.1348314606741574,0.0397611973935687,89,78,10,1,not_evaluated,not_evaluated
"OK!"" If this doesn't work we'll just have to try real bones",1.1348314606741574,0.0364086556090328,89,77,12,0,not_evaluated,not_evaluated
I told you we just need to slip the guard a LITTLE bribe.,1.1348314606741574,0.0364086556090328,89,77,12,0,not_evaluated,not_evaluated
This dog's bite is MUCH bigger than its bark. Treats  won't do it !,1.1348314606741574,0.0364086556090328,89,77,12,0,not_evaluated,not_evaluated
"Bones , more bones . His kingdom for the bones .",1.1348314606741574,0.0397611973935687,89,78,10,1,not_evaluated,not_evaluated
"He said, ""I'll have two more of the yellow ones"".",1.1348314606741574,0.042852251202049,89,79,8,2,not_evaluated,not_evaluated
Fetch  th' tennys ball!,1.1348314606741574,0.0364086556090328,89,77,12,0,not_evaluated,not_evaluated
Prepare thee to Catapult the Roast Oxen.,1.1348314606741574,0.0457348668741551,89,80,6,3,not_evaluated,not_evaluated
Pharaoh  Phydo confused by slave outfits!,1.1348314606741574,0.042852251202049,89,79,8,2,not_evaluated,not_evaluated
"Retreat, retreat, he's gonna barf!",1.1348314606741574,0.0397611973935687,89,78,10,1,not_evaluated,not_evaluated
The gender dog has chosen yellow!,1.1348314606741574,0.042852251202049,89,79,8,2,not_evaluated,not_evaluated
"OK we threw the dog a bone, now what's step two?",1.1346153846153846,0.0363003720421446,104,91,12,1,not_evaluated,not_evaluated
Quick!  We're going to need some toilet water!,1.1346153846153846,0.0363003720421446,104,91,12,1,not_evaluated,not_evaluated
He's a good dog as long as we don't run out of treats.,1.1343283582089552,0.0470549318991947,67,59,7,1,not_evaluated,not_evaluated
"Make it snappy, or he’s comin’ over the wall!!!",1.1343283582089552,0.0419747850698996,67,58,9,0,not_evaluated,not_evaluated
More bones! He's already taken five bites out of the brick!,1.1341463414634143,0.0378677198170247,82,71,11,0,not_evaluated,not_evaluated
Try the blue pill!,1.1341463414634143,0.0416542714063398,82,72,9,1,not_evaluated,not_evaluated
Hoist those biscuits you lay-abouts! Do you think Gulliver'll tread lightly if his dog's not been fed?,1.1341463414634143,0.0378677198170247,82,71,11,0,not_evaluated,not_evaluated
Some of you need to distract the dragon on the tower!,1.1341463414634143,0.0451241891743813,82,73,7,2,not_evaluated,not_evaluated
Don't think you can butter my boss up that easily.,1.1341463414634143,0.0483456985769953,82,74,5,3,not_evaluated,not_evaluated
It doesn't work: He still doesn't let us in!,1.1341463414634143,0.0378677198170247,82,71,11,0,not_evaluated,not_evaluated
Go green...go green !,1.1341463414634143,0.0378677198170247,82,71,11,0,not_evaluated,not_evaluated
Go to Plan B! He’s eaten Aethelred!,1.1341463414634143,0.0483456985769953,82,74,5,3,not_evaluated,not_evaluated
When they said this castle had gone to the dogs...,1.134020618556701,0.0404784157710987,97,86,9,2,not_evaluated,not_evaluated
Careful! One false move and he'll lick you to death.,1.134020618556701,0.0377322873814394,97,85,11,1,not_evaluated,not_evaluated
He’s a good boy. He just ended feudalism.,1.134020618556701,0.0404784157710987,97,86,9,2,not_evaluated,not_evaluated
Men!  What's with the variety?  The hound is color blind!,1.134020618556701,0.0404784157710987,97,86,9,2,not_evaluated,not_evaluated
"Feed him the chocolate, I heard it makes them sick!",1.134020618556701,0.0430497244548713,97,87,7,3,not_evaluated,not_evaluated
So glad we didn't use the catapult!,1.134020618556701,0.0377322873814394,97,85,11,1,not_evaluated,not_evaluated
He says he is a dog not a god.,1.1339285714285714,0.0369691854759662,112,99,11,2,not_evaluated,not_evaluated
Keep 'em coming! I think we're wearing him down!,1.1333333333333333,0.0477732381389652,75,67,6,2,not_evaluated,not_evaluated
So this is the Boxer Rebellion …,1.1333333333333333,0.0514066400637373,75,68,4,3,not_evaluated,not_evaluated
This isn’t working…get the catapult.,1.1333333333333333,0.0393454561398319,90,79,10,1,not_evaluated,not_evaluated
Keep those bones coming for Top Dog.,1.1333333333333333,0.0360329991634627,90,78,12,0,not_evaluated,not_evaluated
Paint the prisoner green!,1.1333333333333333,0.0438397299480952,75,66,8,1,not_evaluated,not_evaluated
"Hurry, we can't let this puppy go beyond this ""Beyond Meat"" biscuit.",1.1333333333333333,0.0393454561398319,90,79,10,1,not_evaluated,not_evaluated
He only likes the bacon flavered ones.,1.1333333333333333,0.0452486541139744,90,81,6,3,not_evaluated,not_evaluated
"Back off, this is my section!",1.1333333333333333,0.0452486541139744,90,81,6,3,not_evaluated,not_evaluated
He's changed his mind. He says he's no longer a vegan.,1.1333333333333333,0.0393454561398319,90,79,10,1,not_evaluated,not_evaluated
"I specifically told you,no artificial food colors!",1.1333333333333333,0.0393454561398319,90,79,10,1,not_evaluated,not_evaluated
Hurry before he eats me..,1.1333333333333333,0.0479283693574423,90,82,4,4,not_evaluated,not_evaluated
He says ‘more bones or I eat the soft ones!”,1.1333333333333333,0.0395165985575879,75,65,10,0,not_evaluated,not_evaluated
"Nick, Nack, Patty, Wack, give a dog a bone!",1.1333333333333333,0.0384371106798036,105,93,10,2,not_evaluated,not_evaluated
His bark is worse than his fight!,1.1333333333333333,0.0360329991634627,90,78,12,0,not_evaluated,not_evaluated
We screwed up. He started salivating without my having a bone.,1.1333333333333333,0.0393454561398319,90,79,10,1,not_evaluated,not_evaluated
"No, no. He’s had plenty of treats. Bring him a really big bowl of water.",1.1333333333333333,0.0452486541139744,90,81,6,3,not_evaluated,not_evaluated
"Hurry up with those, I think we've found their leader!!",1.1333333333333333,0.0359758432043127,105,92,12,1,not_evaluated,not_evaluated
Where's the nearest Costco?,1.1333333333333333,0.0333333333333333,105,91,14,0,not_evaluated,not_evaluated
Never mind the damned Knick Knack! Just hand be another bone!,1.1333333333333333,0.0393454561398319,90,79,10,1,not_evaluated,not_evaluated
I told you to bring the chocolate ones!!!,1.1333333333333333,0.0438397299480952,75,66,8,1,not_evaluated,not_evaluated
"He's almost full, but he wants a green one next!",1.1333333333333333,0.0393454561398319,90,79,10,1,not_evaluated,not_evaluated
I think its time to try the Trojan Dalmatian,1.1326530612244898,0.0400865755227735,98,87,9,2,not_evaluated,not_evaluated
What's that new trick you mentioned?,1.1326530612244898,0.0344404800444682,98,85,13,0,not_evaluated,not_evaluated
"Quick, throw those as far as you can away from the castle.",1.1326530612244898,0.0373703104271054,98,86,11,1,not_evaluated,not_evaluated
"This isn't the Ark Of The Covenant, it's the Bark of The Covenant!",1.1326530612244898,0.0400865755227735,98,87,9,2,not_evaluated,not_evaluated
"You guys can believe 'Dog' is just 'God' spelled 
backward if you want to, but as for me, I'm outta here!",1.1326530612244898,0.0400865755227735,98,87,9,2,not_evaluated,not_evaluated
He's sitting! Do we have enough biscuits to get him to play dead,1.1326530612244898,0.0400865755227735,98,87,9,2,not_evaluated,not_evaluated
He says he's  thirsty,1.1326530612244898,0.0400865755227735,98,87,9,2,not_evaluated,not_evaluated
Forget it! He only likes the chocolate-flavored ones!,1.1326530612244898,0.0400865755227735,98,87,9,2,not_evaluated,not_evaluated
Quick! Drop the shields and run!,1.1325301204819278,0.0411810803689678,83,73,9,1,not_evaluated,not_evaluated
"Knick knack, paddy whack,
give this dog another bone",1.1325301204819278,0.0411810803689678,83,73,9,1,not_evaluated,not_evaluated
"Lance, I see you quiet quitting.",1.1325301204819278,0.0411810803689678,83,73,9,1,not_evaluated,not_evaluated
"It's big, but it's not Trojan.",1.1325301204819278,0.0411810803689678,83,73,9,1,not_evaluated,not_evaluated
Go back! Get the Breath Mints!,1.1325301204819278,0.0446064988608805,83,74,7,2,not_evaluated,not_evaluated
Would someone throw me a freaking bone here?,1.1325301204819278,0.0411810803689678,83,73,9,1,not_evaluated,not_evaluated
Nick! Knack! Paddywhack! Another bone!,1.1325301204819278,0.0374435978517695,83,72,11,0,not_evaluated,not_evaluated
When he said “Bargain” I didn’t know he meant this!,1.1325301204819278,0.0446064988608805,83,74,7,2,not_evaluated,not_evaluated
He won’t beg.,1.1325301204819278,0.0446064988608805,83,74,7,2,not_evaluated,not_evaluated
"Guys, you’re not going to believe it, but these new swords are finally about to pay off.",1.1325301204819278,0.0411810803689678,83,73,9,1,not_evaluated,not_evaluated
It works! I told you they would help his breath.,1.1325301204819278,0.0411810803689678,83,73,9,1,not_evaluated,not_evaluated
"Beef. He likes the beef flavor. Forget the 
vegetables, but pass me the fruit flavor.",1.1323529411764706,0.0414000577075105,68,59,9,0,not_evaluated,not_evaluated
It's not working. What are the chances one of you guys could catch a squirrel?,1.1320754716981132,0.0403833198780009,106,95,8,3,not_evaluated,not_evaluated
He wants belly rubs! Quickly! Get up here quickly!,1.1320754716981132,0.0380935428262033,106,94,10,2,not_evaluated,not_evaluated
"OK, who forgot the poo bags?""",1.1318681318681318,0.0419569848008098,91,81,8,2,not_evaluated,not_evaluated
No! Not the veggie flavor!,1.1318681318681318,0.0419569848008098,91,81,8,2,not_evaluated,not_evaluated
He's ready to challenge Sir Clifford the Big and Red!,1.1318681318681318,0.0447726346977216,91,82,6,3,not_evaluated,not_evaluated
"It's all okay!  He's a good doggy, a very good doggy.",1.1318681318681318,0.03893826305031,91,80,10,1,not_evaluated,not_evaluated
Quick ! Get his leash,1.1318681318681318,0.03893826305031,91,80,10,1,not_evaluated,not_evaluated
More cheese-flavored!,1.1318681318681318,0.0447726346977216,91,82,6,3,not_evaluated,not_evaluated
"Verily, Cedric! Yon turds are the measure of two fulsome heifers! Hie thee to his Lordship and implore him as to the urgent wisdom ye low-cal fodder!",1.1318681318681318,0.0447726346977216,91,82,6,3,not_evaluated,not_evaluated
Wait - sometimes a good boy only wants one....,1.1318681318681318,0.03893826305031,91,80,10,1,not_evaluated,not_evaluated
What do you mean he only likes the yellow ones? He’s colorblind.,1.1318681318681318,0.0419569848008098,91,81,8,2,not_evaluated,not_evaluated
Don't give the dog any more bones!,1.1318681318681318,0.0447726346977216,91,82,6,3,not_evaluated,not_evaluated
"Forget the doggie bones, we're going to need a bigger collar",1.1318681318681318,0.0419569848008098,91,81,8,2,not_evaluated,not_evaluated
"Great, but we need a new trick.",1.1318681318681318,0.03893826305031,91,80,10,1,not_evaluated,not_evaluated
"The lemon bone is too tart, throw me the mint or the cherry.",1.1318681318681318,0.0356649419623094,91,79,12,0,not_evaluated,not_evaluated
He's color-blind but one of you still has to walk him after this.,1.1318681318681318,0.03893826305031,91,80,10,1,not_evaluated,not_evaluated
‘Play dead’ didn’t work!,1.1318681318681318,0.03893826305031,91,80,10,1,not_evaluated,not_evaluated
Keep 'em coming. He's a good dog.,1.1318681318681318,0.0356649419623094,91,79,12,0,not_evaluated,not_evaluated
GIVE THE DOG A BONE.,1.1318681318681318,0.0447726346977216,91,82,6,3,not_evaluated,not_evaluated
Drop your milk bones men! This good boy need not be slain!,1.131578947368421,0.0471730865254342,76,68,6,2,not_evaluated,not_evaluated
Not working either! Roll in the Trojan Horse instead!,1.1313131313131313,0.0370151669217335,99,87,11,1,not_evaluated,not_evaluated
Looks like we won't be needing that catapult after all.,1.1313131313131313,0.0422185825059965,99,89,7,3,not_evaluated,not_evaluated
Not those bones.  He's grain free!,1.1313131313131313,0.0422185825059965,99,89,7,3,not_evaluated,not_evaluated
The weekly New Yorker cartoon caption contest has never been a bigger dog!,1.1313131313131313,0.0397022120986943,99,88,9,2,not_evaluated,not_evaluated
You should see its paws -- this is going to be a big dog!,1.1313131313131313,0.0397022120986943,99,88,9,2,not_evaluated,not_evaluated
Only the yellow ones!,1.130952380952381,0.0370287831508128,84,73,11,0,not_evaluated,not_evaluated
It’s time! Launch the bully sticks!!,1.130952380952381,0.0441005016629023,84,75,7,2,not_evaluated,not_evaluated
Storm the drawbridge before he gets the zoomies.,1.130952380952381,0.0407184542225608,84,74,9,1,not_evaluated,not_evaluated
Did anyone bring him some water?,1.130952380952381,0.0407184542225608,84,74,9,1,not_evaluated,not_evaluated
"Hey, Nick, Nack and Paddy, and you too,Wack. Let's give a dog a bone.",1.130952380952381,0.0441005016629023,84,75,7,2,not_evaluated,not_evaluated
"Nick, Nack and Paddywack, it's your turn! This old man's gotta roll on home.",1.130952380952381,0.0407184542225608,84,74,9,1,not_evaluated,not_evaluated
"Hurry, his stomach is growling.",1.130952380952381,0.0407184542225608,84,74,9,1,not_evaluated,not_evaluated
He's a good boy. HE'S A VERY GOOD BOY!,1.130952380952381,0.0472410412624924,84,76,5,3,not_evaluated,not_evaluated
He's really mad! He somehow figured out that the bones contain artificial colours!,1.130952380952381,0.0441005016629023,84,75,7,2,not_evaluated,not_evaluated
"Quick, hand me one that can improve his doggy breath.",1.130952380952381,0.0407184542225608,84,74,9,1,not_evaluated,not_evaluated
"OMG, those aren't battering rams!",1.130952380952381,0.0501854332671282,84,77,3,4,not_evaluated,not_evaluated
Drop them.  Get the big bag.,1.130952380952381,0.0407184542225608,84,74,9,1,not_evaluated,not_evaluated
I told you it was a bona fide plan,1.130952380952381,0.0441005016629023,84,75,7,2,not_evaluated,not_evaluated
More Biscuits! It's a bone-a-fide Canine monster!,1.130952380952381,0.0472410412624924,84,76,5,3,not_evaluated,not_evaluated
Y’all this ain’t it,1.130952380952381,0.0407184542225608,84,74,9,1,not_evaluated,not_evaluated
I need another biscuit! Stat!!,1.130952380952381,0.0441005016629023,84,75,7,2,not_evaluated,not_evaluated
Now pass me a liver treat for the defender.,1.1308411214953271,0.0327543346434573,107,93,14,0,not_evaluated,not_evaluated
Canis vult!,1.1304347826086956,0.0385393591490399,92,81,10,1,not_evaluated,not_evaluated
Back to Birdwell Island you go.,1.1304347826086956,0.0385393591490399,92,81,10,1,not_evaluated,not_evaluated
"I’m not sure, and he’s not sure - he’s chewing on it.",1.1304347826086956,0.0415231712042572,92,82,8,2,not_evaluated,not_evaluated
No more treats. Bring the fetch toy!,1.1304347826086956,0.0353042583887457,92,80,12,0,not_evaluated,not_evaluated
He’s a good boy! Keep the treats coming.,1.1304347826086956,0.0457626641650565,69,61,7,1,not_evaluated,not_evaluated
Apparently we lost a lot of men for nothing.,1.1304347826086956,0.031542445656957,115,100,15,0,not_evaluated,not_evaluated
Quick before his mom comes!,1.1304347826086956,0.0385393591490399,92,81,10,1,not_evaluated,not_evaluated
He's holding out for more orange!,1.1304347826086956,0.0353042583887457,92,80,12,0,not_evaluated,not_evaluated
Whose bright idea was it to hire pedigree for our artillery,1.1304347826086956,0.0385393591490399,92,81,10,1,not_evaluated,not_evaluated
It's always the ssame - if you give a dog a bone he wants another,1.1304347826086956,0.0353042583887457,92,80,12,0,not_evaluated,not_evaluated
I’m dog we trust.,1.1304347826086956,0.0415231712042572,92,82,8,2,not_evaluated,not_evaluated
He needs more positive reinforcement!,1.1304347826086956,0.0353042583887457,92,80,12,0,not_evaluated,not_evaluated
Am I gluten free!?,1.1304347826086956,0.0415231712042572,92,82,8,2,not_evaluated,not_evaluated
HE WONT SIGN THE TREATIES,1.1304347826086956,0.0415231712042572,92,82,8,2,not_evaluated,not_evaluated
MORE!!   I need MORE Biscuits NOW!!,1.1304347826086956,0.0415231712042572,92,82,8,2,not_evaluated,not_evaluated
Bring more of the cheddar ones!,1.1304347826086956,0.0502043712338805,69,62,5,2,not_evaluated,not_evaluated
He prefers the purple ones!,1.13,0.0366666666666667,100,88,11,1,not_evaluated,not_evaluated
Go back! Hurry! He only wants Snausages.,1.13,0.0366666666666667,100,88,11,1,not_evaluated,not_evaluated
No more treats!  It'll just encourage bad behavior.,1.13,0.0418148878808116,100,90,7,3,not_evaluated,not_evaluated
Guys!  He likes the chicken flavored biscuits.  Throw him all you got.,1.13,0.0393251147037697,100,89,9,2,not_evaluated,not_evaluated
"It’s OK, you can back off, he’s definitely a ‘Good Boy’.",1.13,0.0393251147037697,100,89,9,2,not_evaluated,not_evaluated
Hand me the crunchy one.,1.13,0.0418148878808116,100,90,7,3,not_evaluated,not_evaluated
Tell King Gulliver the Brobdognagian Fortress is impenetrable!,1.13,0.0366666666666667,100,88,11,1,not_evaluated,not_evaluated
Is that aiI we have,1.12987012987013,0.0465877682142021,77,69,6,2,not_evaluated,not_evaluated
We’re good.  All he’s gonna do is watch!,1.12987012987013,0.0465877682142021,77,69,6,2,not_evaluated,not_evaluated
Over the parapet and into the Bonaparte!,1.1296296296296295,0.0374244192594116,108,96,10,2,not_evaluated,not_evaluated
It’s no good! He wants a human smeared with gravy!,1.1294117647058823,0.0436058077432412,85,76,7,2,not_evaluated,not_evaluated
"Quick,  keep them coming I think he is about ready to speak.",1.1294117647058823,0.0436058077432412,85,76,7,2,not_evaluated,not_evaluated
Are they gluten-free?  They have to be gluten-free!,1.1294117647058823,0.0436058077432412,85,76,7,2,not_evaluated,not_evaluated
Even if we distract him the dog breath will be fatal.,1.1294117647058823,0.0436058077432412,85,76,7,2,not_evaluated,not_evaluated
We've breached the wall! More treats!,1.1294117647058823,0.0402660455486082,85,75,9,1,not_evaluated,not_evaluated
Hold the bone!!!!!!,1.1294117647058823,0.0402660455486082,85,75,9,1,not_evaluated,not_evaluated
Clifford is greatful for the tribute. All will be protected.,1.1294117647058823,0.0402660455486082,85,75,9,1,not_evaluated,not_evaluated
Get the catapult. He’s ready to play fetch.,1.1294117647058823,0.0402660455486082,85,75,9,1,not_evaluated,not_evaluated
Stand down with those ! He only likes Pumpkin Spice!,1.1294117647058823,0.0366229761120619,85,74,11,0,not_evaluated,not_evaluated
I need ‘The Blues!’,1.1294117647058823,0.0467073710859265,85,77,5,3,not_evaluated,not_evaluated
"Not the young puppy snacks, get the ones formulated for the middle ages.",1.1294117647058823,0.0402660455486082,85,75,9,1,not_evaluated,not_evaluated
Run! He's lifting his hind leg!,1.1294117647058823,0.0436058077432412,85,76,7,2,not_evaluated,not_evaluated
"If you want to live, get those other five boxes up here on the double!",1.1294117647058823,0.0436058077432412,85,76,7,2,not_evaluated,not_evaluated
"You fools, I said Abby, not dog show.",1.1290322580645162,0.0410981972432648,93,83,8,2,not_evaluated,not_evaluated
"Quick, hand me the new candy-colored ones!",1.1290322580645162,0.0349507315410297,93,81,12,0,not_evaluated,not_evaluated
No more beef flavored ones he only likes the chicken flavored ones.,1.1290322580645162,0.0349507315410297,93,81,12,0,not_evaluated,not_evaluated
The old man rolled straight past his home.,1.1290322580645162,0.0438499248271065,93,84,6,3,not_evaluated,not_evaluated
"Christmas, The Year 2345.",1.1290322580645162,0.0381484957232879,93,82,10,1,not_evaluated,not_evaluated
"Tell him it's an English biscuit, Saxon flavored.",1.1290322580645162,0.0381484957232879,93,82,10,1,not_evaluated,not_evaluated
"Quickly, men! The beast is being a very good boy!",1.1290322580645162,0.0410981972432648,93,83,8,2,not_evaluated,not_evaluated
I think he's food-motivated!,1.1290322580645162,0.0410981972432648,93,83,8,2,not_evaluated,not_evaluated
He’s in a calm-submissive state! Reward! Reward!,1.1290322580645162,0.0381484957232879,93,82,10,1,not_evaluated,not_evaluated
Bone appetit - they're willing to give up Clifford's hiding place for just five more!,1.1290322580645162,0.0410981972432648,93,83,8,2,not_evaluated,not_evaluated
"Wait, are these gluten free? Because if not....oh boy.",1.1290322580645162,0.0410981972432648,93,83,8,2,not_evaluated,not_evaluated
Trojan Bone is a no go!,1.1287128712871286,0.0334881871787876,101,88,13,0,not_evaluated,not_evaluated
"Captain, we need more treats!",1.1287128712871286,0.0334881871787876,101,88,13,0,not_evaluated,not_evaluated
That was my bone! It was made for me!,1.1287128712871286,0.0363246263917706,101,89,11,1,not_evaluated,not_evaluated
Should we try the giant wooden cat instead?,1.1287128712871286,0.0363246263917706,101,89,11,1,not_evaluated,not_evaluated
Roll out the poop catapult!,1.1287128712871286,0.0363246263917706,101,89,11,1,not_evaluated,not_evaluated
It's no good! He knows they're Impossible Biscuits.,1.1285714285714286,0.0451426474822816,70,62,7,1,not_evaluated,not_evaluated
"If we run out of treats, we're in big trouble.",1.1282051282051282,0.0422438190280981,78,69,8,1,not_evaluated,not_evaluated
Let's smack him with the wet stuff.,1.1282051282051282,0.0380990802130231,78,68,10,0,not_evaluated,not_evaluated
I think you misheard me. I said RE-treat.,1.1282051282051282,0.0422438190280981,78,69,8,1,not_evaluated,not_evaluated
Deploy the spray bottle!,1.1282051282051282,0.0422438190280981,78,69,8,1,not_evaluated,not_evaluated
Which one of you told him he wasn't a good boy?,1.1282051282051282,0.0460167423779545,78,70,6,2,not_evaluated,not_evaluated
"Toss me another edible, they're working like a charm.",1.1282051282051282,0.0422438190280981,78,69,8,1,not_evaluated,not_evaluated
"All together now:
Knick knack, paddy wack",1.1282051282051282,0.0422438190280981,78,69,8,1,not_evaluated,not_evaluated
"Never mind those. Go get Rapunzel. Apparently, he's something called a rescue dog?",1.1282051282051282,0.0380990802130231,78,68,10,0,not_evaluated,not_evaluated
"Halt positive reinforcements!  
Repeat, Halt positive reinforcements!!",1.127906976744186,0.0362258896767862,86,75,11,0,not_evaluated,not_evaluated
Inform the King that the treat negotiations are going well!,1.127906976744186,0.0398235218695207,86,76,9,1,not_evaluated,not_evaluated
Increase the dose!,1.127906976744186,0.0398235218695207,86,76,9,1,not_evaluated,not_evaluated
He wants all the biscuits and a belly rub.,1.127906976744186,0.0461855877577325,86,78,5,3,not_evaluated,not_evaluated
"You were right Abe, she is gluten free!",1.127906976744186,0.0362258896767862,86,75,11,0,not_evaluated,not_evaluated
Red biscuits only!,1.127906976744186,0.0431220443080996,86,77,7,2,not_evaluated,not_evaluated
I said NO growth hormones!!!,1.127906976744186,0.0362258896767862,86,75,11,0,not_evaluated,not_evaluated
No more! This one's bite is worse than his bark!,1.127906976744186,0.0398235218695207,86,76,9,1,not_evaluated,not_evaluated
Hurry he doesn’t know his own strength,1.127906976744186,0.0461855877577325,86,78,5,3,not_evaluated,not_evaluated
"Bones, he'll fall",1.127906976744186,0.0398235218695207,86,76,9,1,not_evaluated,not_evaluated
He’s a good boy!,1.127659574468085,0.0377654338256094,94,83,10,1,not_evaluated,not_evaluated
Goddamit.  I said the one's  WITHOUT fibre.,1.127659574468085,0.0406817968069462,94,84,8,2,not_evaluated,not_evaluated
I told him I already had one; he wants more!,1.127659574468085,0.034604152823488,94,82,12,0,not_evaluated,not_evaluated
"Medieval Gender Reveal:
""More yellow! It must twins!!""",1.127659574468085,0.034604152823488,94,82,12,0,not_evaluated,not_evaluated
We’ve got enough milkbones! Where’s Mr. Scruffleface?,1.127659574468085,0.0406817968069462,94,84,8,2,not_evaluated,not_evaluated
"It's not working -- quick, wheel in the first rubber chew toy!",1.127659574468085,0.0434026403672268,94,85,6,3,not_evaluated,not_evaluated
He wants a peanut butter treat right now!,1.127659574468085,0.0406817968069462,94,84,8,2,not_evaluated,not_evaluated
Quick!  Load the cannon with tennis balls!,1.127659574468085,0.0406817968069462,94,84,8,2,not_evaluated,not_evaluated
I hate when I draw the short bone!,1.127659574468085,0.0406817968069462,94,84,8,2,not_evaluated,not_evaluated
We weren't prepared for THIS good of a boy!,1.127659574468085,0.0406817968069462,94,84,8,2,not_evaluated,not_evaluated
"Quick, someone gram this!",1.127659574468085,0.0377654338256094,94,83,10,1,not_evaluated,not_evaluated
Quick! Dig a moat!! He's starting to drool!!!,1.127659574468085,0.0377654338256094,94,83,10,1,not_evaluated,not_evaluated
"No good. Let’s try a fake
horse with men inside it.",1.127659574468085,0.0377654338256094,94,83,10,1,not_evaluated,not_evaluated
"If we ever do get past him, we'll need some big bags to clean this place up.",1.127659574468085,0.0377654338256094,94,83,10,1,not_evaluated,not_evaluated
C'mon men! Only 40 or 50 more oxycobones and he'll be asleep!,1.127659574468085,0.0377654338256094,94,83,10,1,not_evaluated,not_evaluated
Arthur! That pooper scooper won't be big enough!,1.127659574468085,0.0406817968069462,94,84,8,2,not_evaluated,not_evaluated
"Keep them coming! Send for reinforcements!
 This won't hold him for long!",1.1274509803921569,0.0410301455707197,102,92,7,3,not_evaluated,not_evaluated
"Break them in half! He's a big dog, but not particularly a good dog.",1.1274509803921569,0.0410301455707197,102,92,7,3,not_evaluated,not_evaluated
"Oh oh, I think he's about to get the zoomies!",1.1274509803921569,0.0433313963116739,102,93,5,4,not_evaluated,not_evaluated
"Ralph, put on the squirrel costume and run away so we can finally get past Fido here.",1.1274509803921569,0.0331822492194207,102,89,13,0,not_evaluated,not_evaluated
"We can’t keep this up, bring out the giant bell!",1.1274509803921569,0.0385919134636979,102,91,9,2,not_evaluated,not_evaluated
Appease the hound,1.1274509803921569,0.0385919134636979,102,91,9,2,not_evaluated,not_evaluated
Indeed all bite no bark! All balls to the wall!,1.1274509803921569,0.0359888694463253,102,90,11,1,not_evaluated,not_evaluated
Did they give you siege biscuits or sea biscuits??,1.1265822784810129,0.0376487145651045,79,69,10,0,not_evaluated,not_evaluated
We're gonna need some bigger biscuits.,1.1265822784810129,0.0417372214363609,79,70,8,1,not_evaluated,not_evaluated
You guys know what Wagyu is?,1.1265822784810129,0.0376487145651045,79,69,10,0,not_evaluated,not_evaluated
I can’t get over this!,1.1265822784810129,0.0417372214363609,79,70,8,1,not_evaluated,not_evaluated
He's learned to sit....now is our chance!,1.1265822784810129,0.0417372214363609,79,70,8,1,not_evaluated,not_evaluated
Can you throw me a bone here?,1.1265822784810129,0.0417372214363609,79,70,8,1,not_evaluated,not_evaluated
"Forget it guys, he's going to take us for all we've got.",1.1265822784810129,0.0417372214363609,79,70,8,1,not_evaluated,not_evaluated
Quick- toss me the cat!,1.1265822784810129,0.0454594940364599,79,71,6,2,not_evaluated,not_evaluated
Which one of you geniuses suggested that I do my own stunts,1.1265822784810129,0.0417372214363609,79,70,8,1,not_evaluated,not_evaluated
I taught him to sit keep the yellow ones coming,1.1265822784810129,0.0376487145651045,79,69,10,0,not_evaluated,not_evaluated
Sacre Bow Wow! Ce n’est pas un Bone Idea!,1.1265822784810129,0.0376487145651045,79,69,10,0,not_evaluated,not_evaluated
"Quick, hand me the ass flavored milkbone!",1.1264367816091954,0.0456752998115035,87,79,5,3,not_evaluated,not_evaluated
He doesn’t like the yellow ones!,1.1264367816091954,0.0358372486916187,87,76,11,0,not_evaluated,not_evaluated
"A couple more, and I think I can get him to lay down.",1.1264367816091954,0.042648854691642,87,78,7,2,not_evaluated,not_evaluated
"For God, Harry, St. George and my dog Murray..",1.1264367816091954,0.0393905648619928,87,77,9,1,not_evaluated,not_evaluated
Gimme the greenie for his breath or I'll have to surrender.,1.1264367816091954,0.0393905648619928,87,77,9,1,not_evaluated,not_evaluated
Quick!! She thinks I'm her chew toy!!,1.1264367816091954,0.042648854691642,87,78,7,2,not_evaluated,not_evaluated
"No more beef sticks, he’s getting a taste for blood!",1.1264367816091954,0.0358372486916187,87,76,11,0,not_evaluated,not_evaluated
He wants to know if we have other treats.,1.1264367816091954,0.0358372486916187,87,76,11,0,not_evaluated,not_evaluated
This isn’t working. What if we ask it to play dead?,1.1264367816091954,0.0393905648619928,87,77,9,1,not_evaluated,not_evaluated
"For the love of God, get rid of the pink one.",1.1264367816091954,0.0456752998115035,87,79,5,3,not_evaluated,not_evaluated
Hurry up! I'm next!,1.1264367816091954,0.042648854691642,87,78,7,2,not_evaluated,not_evaluated
"Quick, a bully stick!",1.1264367816091954,0.042648854691642,87,78,7,2,not_evaluated,not_evaluated
"He says, ""More orange biscuits and your father smelt of elderberries.""",1.1264367816091954,0.0456752998115035,87,79,5,3,not_evaluated,not_evaluated
No pink ones. It gives him the runs!,1.1264367816091954,0.042648854691642,87,78,7,2,not_evaluated,not_evaluated
Go see if the Natural History Museum is still open. We need a dinosaur!,1.1264367816091954,0.0456752998115035,87,79,5,3,not_evaluated,not_evaluated
"Yellow - yellow- green - pink is the NIP to get in! Hurry up, mates!",1.1264367816091954,0.0358372486916187,87,76,11,0,not_evaluated,not_evaluated
He says the yellow ones are terrible!,1.1264367816091954,0.0393905648619928,87,77,9,1,not_evaluated,not_evaluated
"Faster, damnit! He won't be a good boy much longer!",1.1264367816091954,0.042648854691642,87,78,7,2,not_evaluated,not_evaluated
This camouflage isn't working. Let's all use one big horse instead.,1.1263157894736842,0.0373899438042335,95,84,10,1,not_evaluated,not_evaluated
Go back.  He likes bones and skinny people.,1.1263157894736842,0.0342643215597544,95,83,12,0,not_evaluated,not_evaluated
He says no pinks. Show him the green.,1.1263157894736842,0.0373899438042335,95,84,10,1,not_evaluated,not_evaluated
We're screwed. There's a huge cat right behind him.,1.1263157894736842,0.0373899438042335,95,84,10,1,not_evaluated,not_evaluated
"Quick, another NyQuil bone!",1.1263157894736842,0.0373899438042335,95,84,10,1,not_evaluated,not_evaluated
"From now on, royalty can only own Corgis!",1.1263157894736842,0.0342643215597544,95,83,12,0,not_evaluated,not_evaluated
He said he’s Irish.  Send it up!!!,1.1263157894736842,0.0373899438042335,95,84,10,1,not_evaluated,not_evaluated
"Quick, what's the hand sign for down.",1.1263157894736842,0.0342643215597544,95,83,12,0,not_evaluated,not_evaluated
They’ve got a Laaadyyy!!!,1.1263157894736842,0.0373899438042335,95,84,10,1,not_evaluated,not_evaluated
Let Santa know we have a winning recipe,1.1263157894736842,0.042964359987677,95,86,6,3,not_evaluated,not_evaluated
No more chicken. They're making him gassy.,1.1263157894736842,0.0342643215597544,95,83,12,0,not_evaluated,not_evaluated
He wants the blue ones!,1.1263157894736842,0.0373899438042335,95,84,10,1,not_evaluated,not_evaluated
Send for more yellows!,1.1263157894736842,0.042964359987677,95,86,6,3,not_evaluated,not_evaluated
« Fetchez la vache! »,1.1263157894736842,0.0402737142987485,95,85,8,2,not_evaluated,not_evaluated
"I said throw me some more milk bones, not square stones!",1.1262135922330097,0.0356592255060897,103,91,11,1,not_evaluated,not_evaluated
"Go back, he eat's these things for lunch.",1.1262135922330097,0.0328818027880863,103,90,13,0,not_evaluated,not_evaluated
"A few more men, then it's doggie nap time.",1.1262135922330097,0.0356592255060897,103,91,11,1,not_evaluated,not_evaluated
We're going to need a bigger packet of dog biscuits,1.1262135922330097,0.0356592255060897,103,91,11,1,not_evaluated,not_evaluated
"Best I can tell,he says they all taste the same.",1.1262135922330097,0.0328818027880863,103,90,13,0,not_evaluated,not_evaluated
She’s just burying them. Let’s try the giant snausages.,1.125,0.0421858974984934,88,79,7,2,not_evaluated,not_evaluated
He's already stoned. Go kidnap the princess.,1.125,0.0412425674163067,80,71,8,1,not_evaluated,not_evaluated
He only seems to be getting hungrier.,1.125,0.0354567893081984,88,77,11,0,not_evaluated,not_evaluated
Hurry up! This dog eats up ammo faster than the Russian army.,1.125,0.0439514421205464,72,64,7,1,not_evaluated,not_evaluated
"It looks like we'll have to re-treat""",1.125,0.0421858974984934,88,79,7,2,not_evaluated,not_evaluated
Get your bones moving man!,1.125,0.0412425674163067,80,71,8,1,not_evaluated,not_evaluated
Hold the biscuits; I think we have a mad dog here!,1.125,0.0354567893081984,88,77,11,0,not_evaluated,not_evaluated
Let’s skip the Trojan cat.,1.125,0.0451761327207974,88,80,5,3,not_evaluated,not_evaluated
She likes the yellow ones.,1.125,0.0378854351783863,104,93,9,2,not_evaluated,not_evaluated
"It’s a normal day in New York, the worst city in the world.",1.125,0.0421858974984934,88,79,7,2,not_evaluated,not_evaluated
He says to keep fetching…,1.125,0.0421858974984934,88,79,7,2,not_evaluated,not_evaluated
Leave the bones- take the cannoli!,1.125,0.0372087848617242,80,70,10,0,not_evaluated,not_evaluated
He says he is thirsty and asks if we can bring him a toilet,1.125,0.0372087848617242,80,70,10,0,not_evaluated,not_evaluated
No more vegan biscuits or he'll eat us all!,1.125,0.0483100482249156,80,73,4,3,not_evaluated,not_evaluated
No meat or vegetables.... He likes the salmon!,1.125,0.0449155325393247,80,72,6,2,not_evaluated,not_evaluated
"Cut them in half, they are too big !",1.125,0.0389668696189427,88,78,9,1,not_evaluated,not_evaluated
Ye be wary of thine ears! His bite be thusly vile!,1.125,0.0412425674163067,80,71,8,1,not_evaluated,not_evaluated
No more dog bones”. He wants a Big Whopper with cheese”,1.125,0.0339310446269148,96,84,12,0,not_evaluated,not_evaluated
Keep ‘em coming. He hath been a goodly boy.,1.125,0.0412425674163067,80,71,8,1,not_evaluated,not_evaluated
"Ok, two more and he promised to bark the next time the dragon comes.",1.125,0.0389668696189427,88,78,9,1,not_evaluated,not_evaluated
We need to escalate the assault. Bring in the catapult!,1.125,0.0481971531441952,72,65,5,2,not_evaluated,not_evaluated
"Remember: nobody say ""fetc—""",1.125,0.0370218048599432,96,85,10,1,not_evaluated,not_evaluated
"Quick, more chicken!",1.125,0.0439514421205464,72,64,7,1,not_evaluated,not_evaluated
See? I told you. Big and red.,1.125,0.0398737041256735,96,86,8,2,not_evaluated,not_evaluated
Do we have any for bad breath? How about tarter control?,1.125,0.0370218048599432,96,85,10,1,not_evaluated,not_evaluated
"Gimme the pink one now.  It has an antihistamine in it.""",1.125,0.0451761327207974,88,80,5,3,not_evaluated,not_evaluated
"Hand me my waders - he's not castlebroken.""",1.125,0.0389668696189427,88,78,9,1,not_evaluated,not_evaluated
Add Sprinkles!,1.125,0.0483100482249156,80,73,4,3,not_evaluated,not_evaluated
"I've heard of boning up on the enemy, but this...?",1.125,0.0421858974984934,88,79,7,2,not_evaluated,not_evaluated
He loves it! Bring 'm them. On!,1.125,0.0412425674163067,80,71,8,1,not_evaluated,not_evaluated
"No, for God's sake.  Only Pantone 122!",1.125,0.0449155325393247,80,72,6,2,not_evaluated,not_evaluated
Did anyone bring a poop bag?,1.125,0.0398737041256735,96,86,8,2,not_evaluated,not_evaluated
"He wants the pink one. Come on, Gary - it's been six years since they put you on the rack!",1.125,0.0354567893081984,88,77,11,0,not_evaluated,not_evaluated
And remember to say “SIT” first.,1.125,0.0421858974984934,88,79,7,2,not_evaluated,not_evaluated
He wants to know if we have any im blue?,1.125,0.0421858974984934,88,79,7,2,not_evaluated,not_evaluated
He loves the treats but would prefer a really big fire hydrant,1.125,0.0412425674163067,80,71,8,1,not_evaluated,not_evaluated
Take them away! Take them away! Find something else!,1.125,0.0339310446269148,96,84,12,0,not_evaluated,not_evaluated
"Hurry, I don’t want to be eaten next and he looks really hungry!",1.125,0.0421858974984934,88,79,7,2,not_evaluated,not_evaluated
"He’s a she, and she already has one!",1.125,0.0339310446269148,96,84,12,0,not_evaluated,not_evaluated
We need more! We must feed the beast!,1.125,0.0421858974984934,88,79,7,2,not_evaluated,not_evaluated
He's out of control and still hungry -- bring in the giant slippers.,1.1238095238095238,0.035017625324641,105,93,11,1,not_evaluated,not_evaluated
"We're good to go, guys. A sign says it’s a 'No Poop Zone.'",1.1238095238095238,0.035017625324641,105,93,11,1,not_evaluated,not_evaluated
Was it supposed to be “Nice doggy” or “Good doggy”?,1.1238095238095238,0.0375417669606416,105,94,9,2,not_evaluated,not_evaluated
Re: treat...he would like another one.,1.1238095238095238,0.0322968094434536,105,92,13,0,not_evaluated,not_evaluated
"No,No he just wants a walk.",1.1238095238095238,0.0375417669606416,105,94,9,2,not_evaluated,not_evaluated
Now do you believe me?!i,1.1238095238095238,0.035017625324641,105,93,11,1,not_evaluated,not_evaluated
Somebody call his B.A. sponsor!,1.1237113402061856,0.033604136109292,97,85,12,0,not_evaluated,not_evaluated
Who here can get him a pup cup?,1.1237113402061856,0.0366608046277523,97,86,10,1,not_evaluated,not_evaluated
2023 National Dog Bone Contest..winner gets to take dog home,1.1237113402061856,0.033604136109292,97,85,12,0,not_evaluated,not_evaluated
"I suggested a horse, but no, it HAD to be a Trojan dog.",1.1237113402061856,0.0366608046277523,97,86,10,1,not_evaluated,not_evaluated
At least we’re not on back end detail this time!,1.1237113402061856,0.033604136109292,97,85,12,0,not_evaluated,not_evaluated
He demands… AAAANOTHER DOGBISQUIT!,1.1237113402061856,0.033604136109292,97,85,12,0,not_evaluated,not_evaluated
He trusts us now. Get the cannon for a game of catch.,1.1235955056179776,0.0417328457999828,89,80,7,2,not_evaluated,not_evaluated
"BE PATIENT. ALTHOUGH DOING IT DOGGY STYLE IS MORE INVOLVED, THE END RESULT  MAKES IT MUCH BETTER.",1.1235955056179776,0.0417328457999828,89,80,7,2,not_evaluated,not_evaluated
Hurry. We need more tranquilizer in the treats!,1.1235955056179776,0.0350842584179685,89,78,11,0,not_evaluated,not_evaluated
"Bring more Tea Biscuits, I repeat Tea Biscuits!",1.1235955056179776,0.0385521439566202,89,79,9,1,not_evaluated,not_evaluated
Where is Richard with the poop bags?,1.1235955056179776,0.0446877279963786,89,81,5,3,not_evaluated,not_evaluated
Let's try dipping them in poison first.,1.1235955056179776,0.0385521439566202,89,79,9,1,not_evaluated,not_evaluated
"The other RETREAT, you fools!",1.1235955056179776,0.0385521439566202,89,79,9,1,not_evaluated,not_evaluated
"Okay Nick, you're first! Knack, Paddy, and Whack, be ready!",1.1235955056179776,0.0385521439566202,89,79,9,1,not_evaluated,not_evaluated
She’s demanding a new whistleblower.,1.1235955056179776,0.0417328457999828,89,80,7,2,not_evaluated,not_evaluated
"He says he's sick of chicken, got any other flavors?",1.1235955056179776,0.0385521439566202,89,79,9,1,not_evaluated,not_evaluated
Careful! He’s got a bone to pick with us.,1.1235955056179776,0.0350842584179685,89,78,11,0,not_evaluated,not_evaluated
Hurry! He's going to shake!,1.123456790123457,0.0477348516769905,81,74,4,3,not_evaluated,not_evaluated
Quick! Let’s try the pink one!!!,1.123456790123457,0.0443843901536976,81,73,6,2,not_evaluated,not_evaluated
Do not say walk!,1.123456790123457,0.0407594420227633,81,72,8,1,not_evaluated,not_evaluated
"No, not re-treat! RETREAT, he is a bad boy!",1.123456790123457,0.0443843901536976,81,73,6,2,not_evaluated,not_evaluated
He needs a toothpick.,1.123456790123457,0.0367789360734968,81,71,10,0,not_evaluated,not_evaluated
He says you gave him a lemon!,1.123456790123457,0.0443843901536976,81,73,6,2,not_evaluated,not_evaluated
Go buy the brownies from those teenagers in the van!,1.123456790123457,0.0443843901536976,81,73,6,2,not_evaluated,not_evaluated
He prefers the peanut butter!,1.123456790123457,0.0443843901536976,81,73,6,2,not_evaluated,not_evaluated
"Okay, time to roll out the squeaky toy!",1.123456790123457,0.0407594420227633,81,72,8,1,not_evaluated,not_evaluated
"Weird, his name is Dragon.",1.123456790123457,0.0477348516769905,81,74,4,3,not_evaluated,not_evaluated
Back off! No one can be more loyal to our royal than me!,1.123456790123457,0.0443843901536976,81,73,6,2,not_evaluated,not_evaluated
What? No! Retreat does not mean bring him another biscuit. Are you even listening Sir Render?,1.1232876712328768,0.0475631658812777,73,66,5,2,not_evaluated,not_evaluated
Back off!  He has Kennel Cough!,1.1232876712328768,0.051407900681268,73,67,3,3,not_evaluated,not_evaluated
Just throw him a bone in the negotiations and maybe he'll agree to sit and be a good boy.,1.123076923076923,0.0410656855847358,65,57,8,0,not_evaluated,not_evaluated
You won’t believe the size of her backyard!,1.123076923076923,0.0410656855847358,65,57,8,0,not_evaluated,not_evaluated
"A horse, a horse, my kingdom for a horse!",1.1226415094339623,0.0347053576385443,106,94,11,1,not_evaluated,not_evaluated
"He says, Triscuits, not biscuits!",1.1224489795918366,0.039096965568884,98,88,8,2,not_evaluated,not_evaluated
Watch where you step when we get in!,1.1224489795918366,0.0363067387817978,98,87,10,1,not_evaluated,not_evaluated
A biscuit! A biscuit! My kingdom for another biscuit!,1.1224489795918366,0.0332834169706912,98,86,12,0,not_evaluated,not_evaluated
Come not between a giant dog and a small bone,1.1224489795918366,0.0332834169706912,98,86,12,0,not_evaluated,not_evaluated
No! More ORANGE ones.,1.1224489795918366,0.039096965568884,98,88,8,2,not_evaluated,not_evaluated
It’s time to bring in the troops!,1.1224489795918366,0.0332834169706912,98,86,12,0,not_evaluated,not_evaluated
Tell Arthur we don't need excalibur for this beast,1.1224489795918366,0.0363067387817978,98,87,10,1,not_evaluated,not_evaluated
Do we get paid for this?,1.1224489795918366,0.0417009130885561,98,89,6,3,not_evaluated,not_evaluated
try the liver flavour!,1.1224489795918366,0.0363067387817978,98,87,10,1,not_evaluated,not_evaluated
Fetch the ball-ista!,1.1224489795918366,0.039096965568884,98,88,8,2,not_evaluated,not_evaluated
Where's the blue raspberry?!,1.1222222222222222,0.0381461077637357,90,80,9,1,not_evaluated,not_evaluated
"No, he doesn't like the doggie treats! Quick! Bring me a giant can of Alpo!",1.1222222222222222,0.0381461077637357,90,80,9,1,not_evaluated,not_evaluated
Forget the Milkbone’s lads!  It time to bring out the big Alpo!!,1.1222222222222222,0.0412893863802777,90,81,7,2,not_evaluated,not_evaluated
Whose bone-headed plan was this?,1.1222222222222222,0.0442097423403167,90,82,5,3,not_evaluated,not_evaluated
"Don't worry, it's only a foster!",1.1222222222222222,0.0381461077637357,90,80,9,1,not_evaluated,not_evaluated
"Go back to the ship, he’s going carb-free after this one",1.1222222222222222,0.0347194131198269,90,79,11,0,not_evaluated,not_evaluated
You fools!  Make haste to breach the doggie door.,1.1222222222222222,0.0381461077637357,90,80,9,1,not_evaluated,not_evaluated
"By the way, that reminds me: I've got a bone to pick with you, Darryl.",1.1222222222222222,0.0381461077637357,90,80,9,1,not_evaluated,not_evaluated
"No, no! He only wants the peanut butter flavor today. Hurry!",1.1222222222222222,0.0381461077637357,90,80,9,1,not_evaluated,not_evaluated
"'Come on Nick, Knack, Paddy, Whack.... '",1.1222222222222222,0.0381461077637357,90,80,9,1,not_evaluated,not_evaluated
"I,m going to need a long leash.",1.1222222222222222,0.0442097423403167,90,82,5,3,not_evaluated,not_evaluated
I earned my bone. Don't know what you are trying to do.,1.1222222222222222,0.0381461077637357,90,80,9,1,not_evaluated,not_evaluated
Never mind the trojan Horse. What we need is a trojan chuckwagon.,1.1222222222222222,0.0381461077637357,90,80,9,1,not_evaluated,not_evaluated
What do you mean we’re out of blueberry?!?,1.1222222222222222,0.0381461077637357,90,80,9,1,not_evaluated,not_evaluated
"Send up a mint, Harry! His breath is worse than yours!",1.1219512195121952,0.0402874491797248,82,73,8,1,not_evaluated,not_evaluated
"After we feed him, who is taking him for his walk?",1.1219512195121952,0.0402874491797248,82,73,8,1,not_evaluated,not_evaluated
Maybe he'll be more friendly if we give him the big red one.,1.1219512195121952,0.0363588289024355,82,72,10,0,not_evaluated,not_evaluated
"He is 
demanding all the colors of the rainbow now",1.1219512195121952,0.0438656207486141,82,74,6,2,not_evaluated,not_evaluated
Hold off. He just needed to know he was a good boy. We need to save those for him to stay.,1.1219512195121952,0.0471731576843609,82,75,4,3,not_evaluated,not_evaluated
Quick! More of the peanut butter and artisanal barley ones!,1.1219512195121952,0.0402874491797248,82,73,8,1,not_evaluated,not_evaluated
"Knick knack, Paddy Whack, get over here!",1.1219512195121952,0.0438656207486141,82,74,6,2,not_evaluated,not_evaluated
Enough with the treats - we need plastic bags!,1.1219512195121952,0.0363588289024355,82,72,10,0,not_evaluated,not_evaluated
"Don't be fools, get him more bones now!",1.1219512195121952,0.0402874491797248,82,73,8,1,not_evaluated,not_evaluated
Run for your lives! We got bad intel. This is NOT Clifford.,1.1219512195121952,0.0363588289024355,82,72,10,0,not_evaluated,not_evaluated
"Hey Mikey, he likes it!!!!!",1.1219512195121952,0.0471731576843609,82,75,4,3,not_evaluated,not_evaluated
Retreat! He's a biscuit eater.,1.1219512195121952,0.0471731576843609,82,75,4,3,not_evaluated,not_evaluated
He's not distracted AND he's getting more interested.,1.1219512195121952,0.0363588289024355,82,72,10,0,not_evaluated,not_evaluated
"He asked for ketchup ,you dopes !",1.1219512195121952,0.0402874491797248,82,73,8,1,not_evaluated,not_evaluated
He said he prefers bones to biscuits.,1.1219512195121952,0.0363588289024355,82,72,10,0,not_evaluated,not_evaluated
Give him nick nack and paddy whack and no one gets hurt rolling home,1.1219512195121952,0.0363588289024355,82,72,10,0,not_evaluated,not_evaluated
Hurry up! Don’t make me beg!,1.1219512195121952,0.0402874491797248,82,73,8,1,not_evaluated,not_evaluated
"He said,",1.1219512195121952,0.0402874491797248,82,73,8,1,not_evaluated,not_evaluated
"Ohhh… the Beagle calls, we re-treat! I’ve always thought it was, ‘the bugle calls, we retreat,’ lols.",1.1219512195121952,0.0402874491797248,82,73,8,1,not_evaluated,not_evaluated
"Damn the bones, full speed ahead!",1.1219512195121952,0.0363588289024355,82,72,10,0,not_evaluated,not_evaluated
Go ahead and throw the dog a bone.,1.1216216216216215,0.0469455903117995,74,67,5,2,not_evaluated,not_evaluated
He wants a bigger bribe.,1.1216216216216215,0.0469455903117995,74,67,5,2,not_evaluated,not_evaluated
"Get up here with that bone!  I too have ACROPHOBIA Henry, as well as cynophobia!",1.1216216216216215,0.0382546984804765,74,65,9,0,not_evaluated,not_evaluated
Any volunteers to scratch behind his ears?,1.1216216216216215,0.0428212003892668,74,66,7,1,not_evaluated,not_evaluated
I did tell you they had a dogged defense.,1.1216216216216215,0.0382546984804765,74,65,9,0,not_evaluated,not_evaluated
...the Kraken seems to like the Peanut-Butter ones....Hhhhhuurryyyyy!!!,1.1216216216216215,0.0382546984804765,74,65,9,0,not_evaluated,not_evaluated
This will add some interest to my dream journal,1.1216216216216215,0.0428212003892668,74,66,7,1,not_evaluated,not_evaluated
"Hurry up!  Follow me closely, she’s eating these bones quickly!",1.1216216216216215,0.0428212003892668,74,66,7,1,not_evaluated,not_evaluated
"Hurry, men!  Think there's pups!",1.121212121212121,0.0329687147439996,99,87,12,0,not_evaluated,not_evaluated
Pass me the next treat for Clifford the old good boy,1.121212121212121,0.0387197918181782,99,89,8,2,not_evaluated,not_evaluated
Let's keep the variety going! Give me the green bone.,1.121212121212121,0.035959410661983,99,88,10,1,not_evaluated,not_evaluated
More yellow so he pees.,1.120879120879121,0.0377484923897091,91,81,9,1,not_evaluated,not_evaluated
And then you just rub his tummy and he'll let you in,1.120879120879121,0.0437418468528298,91,83,5,3,not_evaluated,not_evaluated
Biscuits aren't working. Bring the retainer!,1.120879120879121,0.0377484923897091,91,81,9,1,not_evaluated,not_evaluated
"No, I said ""stones,"" not ""bones!""",1.120879120879121,0.0377484923897091,91,81,9,1,not_evaluated,not_evaluated
Not the green one! He hasn’t been spayed!,1.120879120879121,0.0408552190288606,91,82,7,2,not_evaluated,not_evaluated
It's no use!  Get the cat-apult!,1.120879120879121,0.0408552190288606,91,82,7,2,not_evaluated,not_evaluated
Thank the Lord...he likes the colored bone chewies more that the white knight chewies.,1.120879120879121,0.0408552190288606,91,82,7,2,not_evaluated,not_evaluated
He likes the mango flavoured ones,1.120879120879121,0.0408552190288606,91,82,7,2,not_evaluated,not_evaluated
I am too young to die,1.120879120879121,0.0377484923897091,91,81,9,1,not_evaluated,not_evaluated
"I thought you said the guard dog was a cattle dog, not a castle dog!",1.120879120879121,0.0343620202184866,91,80,11,0,not_evaluated,not_evaluated
I think that he would prefer a cat-apult,1.120879120879121,0.0408552190288606,91,82,7,2,not_evaluated,not_evaluated
"Hasten, men! More reinforcements before the formidable beast rains down hot drool upon us!",1.120879120879121,0.0377484923897091,91,81,9,1,not_evaluated,not_evaluated
This guy doesn’t even know he’s gluten intolerant. Keep’em coming boys!,1.120879120879121,0.0377484923897091,91,81,9,1,not_evaluated,not_evaluated
Stop complaining. At least our shift doesn’t have to do cleanup duty”.,1.120879120879121,0.0408552190288606,91,82,7,2,not_evaluated,not_evaluated
"Hurry lads, we're in!  Just watch your step going over...",1.120481927710843,0.0359481389331235,83,73,10,0,not_evaluated,not_evaluated
"Do those contain artificial food color additives, fellas? I only do plant-based dyes.",1.120481927710843,0.0398262106284982,83,74,8,1,not_evaluated,not_evaluated
"Quick, men--load the catapult with poop bags!",1.120481927710843,0.0398262106284982,83,74,8,1,not_evaluated,not_evaluated
"Hurry, he's actually a really good boy.",1.120481927710843,0.0359481389331235,83,73,10,0,not_evaluated,not_evaluated
GO BACK! GO BACK and get the whole bag.,1.120481927710843,0.0359481389331235,83,73,10,0,not_evaluated,not_evaluated
Don't come up.  First he eats the elf then he eats the bone.,1.120481927710843,0.0398262106284982,83,74,8,1,not_evaluated,not_evaluated
Serious doggy breath!,1.120481927710843,0.0466244975690484,83,76,4,3,not_evaluated,not_evaluated
"I didn't say, ""Treats"" - I said, ""Retreat!""",1.120481927710843,0.0398262106284982,83,74,8,1,not_evaluated,not_evaluated
We have to feed him until he’s full up.,1.120481927710843,0.0433587985684088,83,75,6,2,not_evaluated,not_evaluated
Put on your high boots!,1.120481927710843,0.0433587985684088,83,75,6,2,not_evaluated,not_evaluated
"Hurry, if we can get past him we'll have health insurance.",1.120481927710843,0.0398262106284982,83,74,8,1,not_evaluated,not_evaluated
"I will come down there and slap whoever keeps yelling, “Get him! Get him!”.",1.120481927710843,0.0398262106284982,83,74,8,1,not_evaluated,not_evaluated
"Quinn, Mac, Paddy, & Zac - give the dog a bone!",1.120481927710843,0.0433587985684088,83,75,6,2,not_evaluated,not_evaluated
He wants you to go fetch.,1.120481927710843,0.0398262106284982,83,74,8,1,not_evaluated,not_evaluated
I told you.  A Trojan horse would have been a lot easier!,1.120481927710843,0.0359481389331235,83,73,10,0,not_evaluated,not_evaluated
Lemon only.  No mint or raspberry!,1.120481927710843,0.0398262106284982,83,74,8,1,not_evaluated,not_evaluated
was that one the pumpkin spice?,1.120481927710843,0.0398262106284982,83,74,8,1,not_evaluated,not_evaluated
He says he needs a nice piece of steak!,1.120481927710843,0.0433587985684088,83,75,6,2,not_evaluated,not_evaluated
Beware of Dog,1.120481927710843,0.0398262106284982,83,74,8,1,not_evaluated,not_evaluated
Stop crying havoc! STOP CRYING HAVOC!,1.120481927710843,0.0359481389331235,83,73,10,0,not_evaluated,not_evaluated
The biscuits are only making him stronger! I told you we should have tried reasoned diplomacy!”,1.1203703703703705,0.0340971485674085,108,96,11,1,not_evaluated,not_evaluated
Catapult the T-Bone!,1.1203703703703705,0.0388427093993757,108,98,7,3,not_evaluated,not_evaluated
Peanut butter!,1.1203703703703705,0.0365470355426557,108,97,9,2,not_evaluated,not_evaluated
He says beef flavor only!,1.1203703703703705,0.0314570385430625,108,95,13,0,not_evaluated,not_evaluated
"Go back! Sorry, my mistake! My dyslexia again. Not who I thought he was.",1.12,0.0383497988352881,100,90,8,2,not_evaluated,not_evaluated
"It's the orange one!  For pity's sake, go get more orange Trix!",1.12,0.0422775045075674,75,67,7,1,not_evaluated,not_evaluated
"We keep feeding it! When the beast defecates, this siege will be no more!",1.12,0.0326598632371089,100,88,12,0,not_evaluated,not_evaluated
Bring more! He's eating them really fast.,1.12,0.0383497988352881,100,90,8,2,not_evaluated,not_evaluated
He says five more and the Grail is ours.,1.12,0.0377760112641213,75,66,9,0,not_evaluated,not_evaluated
Quick! Hand me the one that’s loaded with dynamite!,1.12,0.0377760112641213,75,66,9,0,not_evaluated,not_evaluated
Do you guys realize how high this pyramid will need to be at this angle?,1.12,0.0377760112641213,75,66,9,0,not_evaluated,not_evaluated
He's like a dog with a bone!,1.12,0.0422775045075674,75,67,7,1,not_evaluated,not_evaluated
"Hurry! He's almost finished this one, and I don't want to be next.",1.12,0.0377760112641213,75,66,9,0,not_evaluated,not_evaluated
Whose got the dump truck?,1.12,0.0356186309210063,100,89,10,1,not_evaluated,not_evaluated
Bring up the fortifies ones!,1.12,0.0408989886516435,100,91,6,3,not_evaluated,not_evaluated
"Give the dog a bone ain’t working boys, bring out the rolling old men!",1.12,0.0422775045075674,75,67,7,1,not_evaluated,not_evaluated
"No, No, give me the pink one. Do I look like I care about political correctness? She's a bitch",1.12,0.0383497988352881,100,90,8,2,not_evaluated,not_evaluated
Guess we all got our own bones to pick!,1.12,0.0422775045075674,75,67,7,1,not_evaluated,not_evaluated
Not the crumbling wall I had in mind.,1.1195652173913044,0.0340118557515545,92,81,11,0,not_evaluated,not_evaluated
"More bones, foot soldiers, more bones, for this impatient Royal Canine.",1.1195652173913044,0.0373590400693583,92,82,9,1,not_evaluated,not_evaluated
We won't need the cat.,1.1195652173913044,0.0404300558760842,92,83,7,2,not_evaluated,not_evaluated
Are there any blue ones? The blue flavor is better!,1.1195652173913044,0.0340118557515545,92,81,11,0,not_evaluated,not_evaluated
"He says unless we start feeding him real meat, he will eat us for breakfast tomorrow.",1.1195652173913044,0.0373590400693583,92,82,9,1,not_evaluated,not_evaluated
"Beware, that dog ate my boner when I went  up there to negotiate",1.1195652173913044,0.0404300558760842,92,83,7,2,not_evaluated,not_evaluated
He wants to know if there's any chance you have one in blue.,1.1195652173913044,0.0404300558760842,92,83,7,2,not_evaluated,not_evaluated
This still beats cleaning up after the golden goose.,1.1195652173913044,0.0340118557515545,92,81,11,0,not_evaluated,not_evaluated
Where's the blue one? He won't lie down!,1.1195652173913044,0.0373590400693583,92,82,9,1,not_evaluated,not_evaluated
"He's thirsty, start digging a moat",1.1195652173913044,0.0432837262880942,92,84,5,3,not_evaluated,not_evaluated
"Stop with the biscuits! Get me some breath mints.

B. Watt,  North Vancouver",1.1195652173913044,0.0340118557515545,92,81,11,0,not_evaluated,not_evaluated
Enough biscuits! Bring the giant chicken and the giant sleeping pill!,1.1195652173913044,0.0404300558760842,92,83,7,2,not_evaluated,not_evaluated
Spot wants to know if he can invite The Cookie Monster over for a chocolate chip dog bone,1.1194029850746268,0.0499768741621394,67,61,4,2,not_evaluated,not_evaluated
Follow me -- we're going into the belly of the beast!,1.1192660550458715,0.0338009268737803,109,97,11,1,not_evaluated,not_evaluated
Quick! Release the squirrels and stow the treats! Who's a good boy!,1.119047619047619,0.0355465558372129,84,74,10,0,not_evaluated,not_evaluated
Storm the ...who's a good boy?,1.119047619047619,0.039375364944759,84,75,8,1,not_evaluated,not_evaluated
Crazy Horse never demands food.,1.119047619047619,0.0355465558372129,84,74,10,0,not_evaluated,not_evaluated
Hurry up guys before he thinks about eating us!,1.119047619047619,0.0428635170882864,84,76,6,2,not_evaluated,not_evaluated
Play dead? He won't even give me a paw.,1.119047619047619,0.039375364944759,84,75,8,1,not_evaluated,not_evaluated
"No more biscuits,unless you want to clean up after him!",1.119047619047619,0.039375364944759,84,75,8,1,not_evaluated,not_evaluated
Don't tell me we are out of orange one?!?,1.119047619047619,0.0428635170882864,84,76,6,2,not_evaluated,not_evaluated
Stop the treats. I just looked over the wall and we are going to need gigantic scoops.,1.119047619047619,0.039375364944759,84,75,8,1,not_evaluated,not_evaluated
He’s a good doggie. But not the chicken flavour — he wants the liver flavour. And hurry.,1.119047619047619,0.0355465558372129,84,74,10,0,not_evaluated,not_evaluated
C'mon! His breath is fresh and minty now!,1.119047619047619,0.0428635170882864,84,76,6,2,not_evaluated,not_evaluated
We are really lucky. This is the only dog eat  Dog Bone castle in the area!,1.119047619047619,0.039375364944759,84,75,8,1,not_evaluated,not_evaluated
"There you go,Mr. Trump,be a good boy now.",1.119047619047619,0.0428635170882864,84,76,6,2,not_evaluated,not_evaluated
And now where the hell are the nail clippers??,1.119047619047619,0.039375364944759,84,75,8,1,not_evaluated,not_evaluated
Quick more milky bones! Or I’m Alpo.,1.119047619047619,0.0428635170882864,84,76,6,2,not_evaluated,not_evaluated
Only one of them was dumb enough to become high-hanging fruit.,1.119047619047619,0.039375364944759,84,75,8,1,not_evaluated,not_evaluated
"NO, NO!!! She wants the PINK one next.",1.119047619047619,0.039375364944759,84,75,8,1,not_evaluated,not_evaluated
Retreat! His old man is rolling home!,1.119047619047619,0.0355465558372129,84,74,10,0,not_evaluated,not_evaluated
Give the dog a bone --- not five bones !,1.119047619047619,0.0428635170882864,84,76,6,2,not_evaluated,not_evaluated
His Royal,1.119047619047619,0.039375364944759,84,75,8,1,not_evaluated,not_evaluated
"Hurry up the chlordiazepoxide will kick in soon, we have no time to waste",1.119047619047619,0.0460884240327513,84,77,4,3,not_evaluated,not_evaluated
"He already has a bone!
And he is a lot taller than we thought!",1.118811881188119,0.0323567022541943,101,89,12,0,not_evaluated,not_evaluated
C'mon guys...don't be a bunch of sniff asses!,1.118811881188119,0.0323567022541943,101,89,12,0,not_evaluated,not_evaluated
He wants to be our friend!,1.118811881188119,0.0352842171905058,101,90,10,1,not_evaluated,not_evaluated
"The king ordered the red bone! Fast,please.",1.118811881188119,0.0352842171905058,101,90,10,1,not_evaluated,not_evaluated
We'll clean up after *they* clean up after.,1.118421052631579,0.0373090707335732,76,67,9,0,not_evaluated,not_evaluated
I'll keep him busy while you lower the drawbridge!,1.118421052631579,0.0373090707335732,76,67,9,0,not_evaluated,not_evaluated
Now throw the cannonball!,1.118421052631579,0.0417473825764589,76,68,7,1,not_evaluated,not_evaluated
Gluttony was ultimately the undoing of the Marmaduke of York,1.118421052631579,0.0494428795475156,76,70,3,3,not_evaluated,not_evaluated
Tell Santa to send up a few more. He says he's been a 'Good doggie! What a good doggie!' this year.,1.118279569892473,0.0428350783555476,93,85,5,3,not_evaluated,not_evaluated
Red Rover has asked us all to come over the wall!,1.118279569892473,0.0369775033815525,93,83,9,1,not_evaluated,not_evaluated
"BLUE!!, BLUE!!, BLUE!!....Get A Blue NOW!!!",1.118279569892473,0.0400136207687996,93,84,7,2,not_evaluated,not_evaluated
We’re going to need a catapault.,1.118279569892473,0.0428350783555476,93,85,5,3,not_evaluated,not_evaluated
"The Trojan dog strategy isn’t working, commence withdrawal!",1.118279569892473,0.0400136207687996,93,84,7,2,not_evaluated,not_evaluated
He will only eat gluten free vegan biscuits.,1.118279569892473,0.0369775033815525,93,83,9,1,not_evaluated,not_evaluated
Vegetarian!,1.118279569892473,0.0400136207687996,93,84,7,2,not_evaluated,not_evaluated
I said we need to STONE the dog!,1.118279569892473,0.0369775033815525,93,83,9,1,not_evaluated,not_evaluated
It looks like we won the arms race!,1.118279569892473,0.0369775033815525,93,83,9,1,not_evaluated,not_evaluated
I just need to tell you about your car is extended warranty.,1.118279569892473,0.0400136207687996,93,84,7,2,not_evaluated,not_evaluated
"Stop singing, ""knick knack paddy whack, give a dog a bone"" or this will never end!",1.118279569892473,0.0336687045434798,93,82,11,0,not_evaluated,not_evaluated
"I know we've been doing this seven years, but today feels -I don't know- likè the paradigm has shifted.",1.118279569892473,0.0336687045434798,93,82,11,0,not_evaluated,not_evaluated
It’s time for dessert!,1.118279569892473,0.0428350783555476,93,85,5,3,not_evaluated,not_evaluated
Enough bones already. They just make ‘em bigger.,1.118279569892473,0.0369775033815525,93,83,9,1,not_evaluated,not_evaluated
Take those treats over to the drawbridge while I distract him with kibbles and a tennis ball.,1.118279569892473,0.0369775033815525,93,83,9,1,not_evaluated,not_evaluated
I see why they subscribed to the super-deluxe Bark Box.,1.118279569892473,0.0336687045434798,93,82,11,0,not_evaluated,not_evaluated
Clifford was less whimsical in the first draft,1.118279569892473,0.0400136207687996,93,84,7,2,not_evaluated,not_evaluated
"Quick, give me another yellow!",1.118279569892473,0.0369775033815525,93,83,9,1,not_evaluated,not_evaluated
"Please, Reggie - he only eats the YELLOW treats now!!",1.118279569892473,0.0369775033815525,93,83,9,1,not_evaluated,not_evaluated
"Yep, I rescued him from the shelter. He was minutes from getting put down with a trebuchet",1.118279569892473,0.0336687045434798,93,82,11,0,not_evaluated,not_evaluated
Who said loyalty can’t be bought? It’s 2022 for fuck sake!,1.118279569892473,0.0336687045434798,93,82,11,0,not_evaluated,not_evaluated
Go back! Go back! Ask the scientists what a Snausage is!!,1.1176470588235294,0.0492677360723378,68,62,4,2,not_evaluated,not_evaluated
Ok we got him to sit. No one say “Shake Paw” for Christ’s sake.,1.1176470588235294,0.0376305535552347,102,92,8,2,not_evaluated,not_evaluated
"Oh my god! It really is a big dog! I can’t believe we’re, like, totally prepared for this!",1.1176470588235294,0.0389345666193704,85,76,8,1,not_evaluated,not_evaluated
Quick!  A bigger one!,1.1176470588235294,0.0423793879457469,85,77,6,2,not_evaluated,not_evaluated
"Next time hand it to me, don't throw it!",1.1176470588235294,0.0389345666193704,85,76,8,1,not_evaluated,not_evaluated
bring me a bully stick!,1.1176470588235294,0.0351537826274821,85,75,10,0,not_evaluated,not_evaluated
To battle this hairy beast we need more biscuits !,1.1176470588235294,0.0389345666193704,85,76,8,1,not_evaluated,not_evaluated
What? No blue ones?,1.1176470588235294,0.0423793879457469,85,77,6,2,not_evaluated,not_evaluated
"Quick, more ochre-colored ones",1.1176470588235294,0.0351537826274821,85,75,10,0,not_evaluated,not_evaluated
"Hurry along now! We would rather make him barf,than bark!",1.1176470588235294,0.0389345666193704,85,76,8,1,not_evaluated,not_evaluated
So much for the Trojan Cookie idea.,1.1176470588235294,0.0376305535552347,102,92,8,2,not_evaluated,not_evaluated
Forget Plan A. Run back and bring up the royal catapult.,1.1176470588235294,0.0320590773314452,102,90,12,0,not_evaluated,not_evaluated
"He feels he is a very, very good boy.",1.1176470588235294,0.0389345666193704,85,76,8,1,not_evaluated,not_evaluated
I keep telling you appeasement doesn't work!,1.1176470588235294,0.0349559937651397,102,91,10,1,not_evaluated,not_evaluated
"🎶 “Revved up like a deuce, another boner in the knight” 🎶",1.1176470588235294,0.0389345666193704,85,76,8,1,not_evaluated,not_evaluated
"Quick - fetch the giant squirrel! It's our only chance!""",1.1170212765957446,0.0366036447395417,94,84,9,1,not_evaluated,not_evaluated
"No, only the poop flavored ones!",1.1170212765957446,0.0396056486832844,94,85,7,2,not_evaluated,not_evaluated
It's OK... he says he's got a green card.,1.1170212765957446,0.0366036447395417,94,84,9,1,not_evaluated,not_evaluated
His bite is worse than his bark!,1.1170212765957446,0.0396056486832844,94,85,7,2,not_evaluated,not_evaluated
He chews red ones the longest!,1.1170212765957446,0.0396056486832844,94,85,7,2,not_evaluated,not_evaluated
"Let the record show: I said ""wooden horse,"" and you said, ""No, giant dog.""",1.1170212765957446,0.0333323597846508,94,83,11,0,not_evaluated,not_evaluated
Abort! Abort! He’s drooling a moat.,1.1170212765957446,0.0366036447395417,94,84,9,1,not_evaluated,not_evaluated
Keep the bones coming and we'll have no trouble laying siege to this Trojan fortress!,1.1170212765957446,0.0333323597846508,94,83,11,0,not_evaluated,not_evaluated
Where are the other two?,1.1170212765957446,0.0396056486832844,94,85,7,2,not_evaluated,not_evaluated
They aren’t working…call in Sir Bellyrub!,1.1168831168831168,0.0451852190869129,77,70,5,2,not_evaluated,not_evaluated
We're gonna need more bones!,1.1168831168831168,0.036853453360789,77,68,9,0,not_evaluated,not_evaluated
"OMG, I finally see it! We're all just really, really tiny. And besieging the Castle of the Baskervilles!",1.1168831168831168,0.0412303350007502,77,69,7,1,not_evaluated,not_evaluated
Ten more and he said he'd open the drawbridge!,1.1168831168831168,0.036853453360789,77,68,9,0,not_evaluated,not_evaluated
"He's American, gents! He wants a scone!",1.1168831168831168,0.0451852190869129,77,70,5,2,not_evaluated,not_evaluated
The colorful archeologist will not be happy!,1.1168831168831168,0.0412303350007502,77,69,7,1,not_evaluated,not_evaluated
Hurry! They’re invading from the other side!,1.1168831168831168,0.036853453360789,77,68,9,0,not_evaluated,not_evaluated
Bring the Kibbles and he’ll let us in.”,1.1168831168831168,0.0451852190869129,77,70,5,2,not_evaluated,not_evaluated
Bring up the wet food spray hose!!!,1.1168831168831168,0.0412303350007502,77,69,7,1,not_evaluated,not_evaluated
Don't pick up that cinnamon flavored one!  What were you thinking?,1.116504854368932,0.031766839486404,103,91,12,0,not_evaluated,not_evaluated
"Oof-way, oof-way, off-way.",1.116504854368932,0.0372809188346275,103,93,8,2,not_evaluated,not_evaluated
Do not follow me - It's this thing they call Biden and he wants what you have.,1.1162790697674418,0.0385034851982409,86,77,8,1,not_evaluated,not_evaluated
The biscuit has assuaged him! Bring forth the giant belly rubbing machine!,1.1162790697674418,0.0419060399420975,86,78,6,2,not_evaluated,not_evaluated
"Orange, more orange""",1.1162790697674418,0.0385034851982409,86,77,8,1,not_evaluated,not_evaluated
Run! I just saw two more coming.,1.1162790697674418,0.0419060399420975,86,78,6,2,not_evaluated,not_evaluated
Hide the Green - It's her attack color..,1.1162790697674418,0.0347695349579722,86,76,10,0,not_evaluated,not_evaluated
"Keep it coming! He didn't like that big wooden dog we gave him as a present last year.""",1.1162790697674418,0.0385034851982409,86,77,8,1,not_evaluated,not_evaluated
He says he's a good boy.,1.1162790697674418,0.0347695349579722,86,76,10,0,not_evaluated,not_evaluated
"Guys, where's our driver? We gotta let the big dog eat",1.1162790697674418,0.0385034851982409,86,77,8,1,not_evaluated,not_evaluated
"No, no! He wants the pink one!",1.1162790697674418,0.0419060399420975,86,78,6,2,not_evaluated,not_evaluated
No more treats!  Let's try to find a ball and see if he will jump down to retrieve it.,1.1162790697674418,0.0347695349579722,86,76,10,0,not_evaluated,not_evaluated
It's not working.  Bring up the Cat o'Pult.,1.1162790697674418,0.0419060399420975,86,78,6,2,not_evaluated,not_evaluated
There's also a snake!,1.1162790697674418,0.0450523472734349,86,79,4,3,not_evaluated,not_evaluated
The bones aren’t working! We need a Hail Mary!,1.1162790697674418,0.0385034851982409,86,77,8,1,not_evaluated,not_evaluated
He likes it! Hey Mikey!,1.1162790697674418,0.0385034851982409,86,77,8,1,not_evaluated,not_evaluated
"He said ‘Ruff’, pass me the one made with the more delicate purée",1.1162790697674418,0.0347695349579722,86,76,10,0,not_evaluated,not_evaluated
He recommends removing the  tip suggestion from our delivery app.,1.1162790697674418,0.0347695349579722,86,76,10,0,not_evaluated,not_evaluated
Keep 'em coming boys. He's bound to take a long nap after eating all of these!,1.1162790697674418,0.0347695349579722,86,76,10,0,not_evaluated,not_evaluated
"Okay, Ralph. Yes, I see now that we should have just used a rope and pulley.",1.1162790697674418,0.0450523472734349,86,79,4,3,not_evaluated,not_evaluated
"Don’t worry. 
We’re safe!
He’s a good boy!",1.1162790697674418,0.0347695349579722,86,76,10,0,not_evaluated,not_evaluated
Abort Project Trojan Biscuit! Turns out he's a good boy!,1.1162790697674418,0.0419060399420975,86,78,6,2,not_evaluated,not_evaluated
"It is not a junkyard, he is friendly.",1.1162790697674418,0.0385034851982409,86,77,8,1,not_evaluated,not_evaluated
"He's in the dog house now, and much like a dog with a bone - won't do any other color but yellow. Get on the dog and bone and order up some Alpo.",1.1162790697674418,0.0419060399420975,86,78,6,2,not_evaluated,not_evaluated
Just keep 'em coming until he shakes hands and rolls over!,1.1162790697674418,0.0347695349579722,86,76,10,0,not_evaluated,not_evaluated
You tell ME how he got so high in the Great Chain of Being.,1.1162790697674418,0.0419060399420975,86,78,6,2,not_evaluated,not_evaluated
Sometimes puppies are so needy,1.1162790697674418,0.0385034851982409,86,77,8,1,not_evaluated,not_evaluated
"More bones, more bones!!!",1.1162790697674418,0.0385034851982409,86,77,8,1,not_evaluated,not_evaluated
Banana it is! Send up another banana flavored one!,1.1162790697674418,0.0347695349579722,86,76,10,0,not_evaluated,not_evaluated
No! No! No! I said HORSE!!!,1.115942028985507,0.0388245440297892,69,61,8,0,not_evaluated,not_evaluated
"His mouth is dry, get the bell!",1.115942028985507,0.0388245440297892,69,61,8,0,not_evaluated,not_evaluated
"Keep em' comin boys, the beast's hungry!",1.115942028985507,0.0439727492730052,69,62,6,1,not_evaluated,not_evaluated
The cats took back their catapult!,1.115942028985507,0.0439727492730052,69,62,6,1,not_evaluated,not_evaluated
"Forget the biscuits! Have the new guy bring up the pooper-scooper!""",1.1157894736842104,0.0330026226340413,95,84,11,0,not_evaluated,not_evaluated
Enough with the food - fetch the Royal Doggie Waste Bag.,1.1157894736842104,0.0362372359108475,95,85,9,1,not_evaluated,not_evaluated
It’s George Washington’s First Dog.,1.1157894736842104,0.0362372359108475,95,85,9,1,not_evaluated,not_evaluated
"Nick, Nack, Paddy, Whack give this dog a bone!",1.1157894736842104,0.0419650521020215,95,87,5,3,not_evaluated,not_evaluated
She says too much yellow food. Throw me the roasted kale one.”,1.1157894736842104,0.0362372359108475,95,85,9,1,not_evaluated,not_evaluated
He's had one too many - he's going to blow!!,1.1157894736842104,0.0419650521020215,95,87,5,3,not_evaluated,not_evaluated
Get the mega frisbee - it's our only hope,1.1157894736842104,0.0392058851729163,95,86,7,2,not_evaluated,not_evaluated
I've got a bone to pick with whoever told us come here!,1.1157894736842104,0.0362372359108475,95,85,9,1,not_evaluated,not_evaluated
Hey new guy.  Check that invoice again.  He says he ordered 10 treats but I only count the 5.,1.1157894736842104,0.0362372359108475,95,85,9,1,not_evaluated,not_evaluated
"Kibbles & bits, kibbles & bits!",1.1157894736842104,0.0362372359108475,95,85,9,1,not_evaluated,not_evaluated
Grab more yellow & blue treats! It's all they can see!,1.1153846153846154,0.0343174465448484,104,93,10,1,not_evaluated,not_evaluated
Quick! He only likes the blue ones!,1.1153846153846154,0.0314798449801206,104,92,12,0,not_evaluated,not_evaluated
The Bone Armor isn't working. Stand Down!,1.1153846153846154,0.0343174465448484,104,93,10,1,not_evaluated,not_evaluated
"Hurry, hurry, keep him fed to prevent another attack--all flavors welcome!",1.1153846153846154,0.0446273250984673,78,71,5,2,not_evaluated,not_evaluated
It seems there's  nothing that will appease.,1.1153846153846154,0.0343174465448484,104,93,10,1,not_evaluated,not_evaluated
Okay! He says anyone but cats can enter.,1.1153846153846154,0.0369376993699478,104,94,8,2,not_evaluated,not_evaluated
Can you guys help and throw me a bone over here?,1.1153846153846154,0.0446273250984673,78,71,5,2,not_evaluated,not_evaluated
She's asking for the kale Caesar salad-flavored bone.,1.1153846153846154,0.0407258862695947,78,70,7,1,not_evaluated,not_evaluated
"Okay, now the L-E-T-H-A-L one.",1.1153846153846154,0.0446273250984673,78,71,5,2,not_evaluated,not_evaluated
Havoc here says keep slipping him the biscuits and there'll be no problem with the D-O-W.,1.1153846153846154,0.0446273250984673,78,71,5,2,not_evaluated,not_evaluated
Now let's see if he'll chase the giant tennis ball.,1.1153846153846154,0.0407258862695947,78,70,7,1,not_evaluated,not_evaluated
The guard's taking the bribe!,1.1153846153846154,0.0407258862695947,78,70,7,1,not_evaluated,not_evaluated
You were right Richard. We should have gone with the rolled up newspapers.,1.1153846153846154,0.0407258862695947,78,70,7,1,not_evaluated,not_evaluated
"Just the green or red ones.   He’s an Irish Setter, not a Golden Retriever.",1.1153846153846154,0.036408755532751,78,69,9,0,not_evaluated,not_evaluated
"In the literal sense, not the idiom.",1.1153846153846154,0.036408755532751,78,69,9,0,not_evaluated,not_evaluated
Go back! We need more hemlock on the bones!,1.1153846153846154,0.048214090040616,78,72,3,3,not_evaluated,not_evaluated
Halt! We’re just reinforcing the enemy’s bad behavior,1.1150442477876106,0.0371899580785853,113,103,7,3,not_evaluated,not_evaluated
“Every dog must have his bones!”,1.1149425287356325,0.0380818044768951,87,78,8,1,not_evaluated,not_evaluated
I think he's had more than enough gummies to eat!,1.1149425287356325,0.0380818044768951,87,78,8,1,not_evaluated,not_evaluated
Hold it for now! Let me find out if he's accepting any more offerings.,1.1149425287356325,0.0343935404669908,87,77,10,0,not_evaluated,not_evaluated
Run! Dogs DO know it's not bacon.,1.1149425287356325,0.0414431181087814,87,79,6,2,not_evaluated,not_evaluated
"You’re right, old yellow is his favourite!",1.1149425287356325,0.0380818044768951,87,78,8,1,not_evaluated,not_evaluated
Now he wants a cheeseburger!,1.1149425287356325,0.0414431181087814,87,79,6,2,not_evaluated,not_evaluated
He wants more ammo!,1.1149425287356325,0.0445515459321036,87,80,4,3,not_evaluated,not_evaluated
"We are the knights who say ""Milk Bone""? Really?",1.1149425287356325,0.0414431181087814,87,79,6,2,not_evaluated,not_evaluated
Right that's me finished for the day. If anyone aks I'm working from home this afternoon!,1.1149425287356325,0.0343935404669908,87,77,10,0,not_evaluated,not_evaluated
"Calling Room of One's Own, Sylvia Plath, or Steven King can you read (me)?",1.1149425287356325,0.0343935404669908,87,77,10,0,not_evaluated,not_evaluated
"Quick, throw a tree -- maybe he'll fetch it.",1.1149425287356325,0.0414431181087814,87,79,6,2,not_evaluated,not_evaluated
You said the dog would not be here.,1.1149425287356325,0.0380818044768951,87,78,8,1,not_evaluated,not_evaluated
Toss me up another yellow! He likes those!,1.1149425287356325,0.0380818044768951,87,78,8,1,not_evaluated,not_evaluated
He likes yellow! Only bring the yellow ones!,1.1149425287356325,0.0343935404669908,87,77,10,0,not_evaluated,not_evaluated
Always spell the word treat!,1.1149425287356325,0.0380818044768951,87,78,8,1,not_evaluated,not_evaluated
"My god, siege warfare is ruff!",1.1149425287356325,0.0343935404669908,87,77,10,0,not_evaluated,not_evaluated
"Hurry up, soldiers! Fido won't feed himself!",1.1149425287356325,0.0414431181087814,87,79,6,2,not_evaluated,not_evaluated
"Too many treats!, the other two heads are sleeping.",1.1149425287356325,0.0414431181087814,87,79,6,2,not_evaluated,not_evaluated
"Paws are best explained, interpreted, and applied by... ""Who's a good boy?""",1.1149425287356325,0.0380818044768951,87,78,8,1,not_evaluated,not_evaluated
Forget the bones. He says he wants cat poop.,1.1149425287356325,0.0343935404669908,87,77,10,0,not_evaluated,not_evaluated
"Son of a female, he's color blind. Abort! Abort!",1.1145833333333333,0.0358780575647551,96,86,9,1,not_evaluated,not_evaluated
"He says we can come up, just stop with the ""Good puppy!"" stuff!",1.1145833333333333,0.0415431282626616,96,88,5,3,not_evaluated,not_evaluated
Hurry! We’ve ‘woken’ the beast,1.1145833333333333,0.0388140858482319,96,87,7,2,not_evaluated,not_evaluated
"One at a time,see you on the other side!",1.1145833333333333,0.0326793018439171,96,85,11,0,not_evaluated,not_evaluated
"Remember, our job is to train him to do his business in the fort next door!",1.1145833333333333,0.0388140858482319,96,87,7,2,not_evaluated,not_evaluated
"I told you he doesn't like the vegetable ones, send up the smoked salmon & herring.",1.1142857142857143,0.0479080258531039,70,64,4,2,not_evaluated,not_evaluated
I think making the battering rams bone shaped was a mistake.,1.1142857142857143,0.0433716527952698,70,63,6,1,not_evaluated,not_evaluated
This is not working. Go get the Catapult.,1.1142857142857143,0.0433716527952698,70,63,6,1,not_evaluated,not_evaluated
Ok…time to draw straws to take him for a walk…,1.1142857142857143,0.031197955091381,105,93,12,0,not_evaluated,not_evaluated
"No, no, no!  I said 'get a T-bone'!",1.1142857142857143,0.0383017178628478,70,62,8,0,not_evaluated,not_evaluated
"Ready the cat-apult, lads. He’s distracted.",1.1140350877192982,0.0347072211744115,114,103,9,2,not_evaluated,not_evaluated
Use the special door in the back,1.1139240506329111,0.0402335835316881,79,71,7,1,not_evaluated,not_evaluated
No use.  We will need to build a giant flea which we can hide inside until they roll it inside the castle.,1.1139240506329111,0.0402335835316881,79,71,7,1,not_evaluated,not_evaluated
"Yes, they seem to respond better to the rainbow colored ones; but this would be so much easier without this wall.",1.1139240506329111,0.0440830033984124,79,72,5,2,not_evaluated,not_evaluated
He's going to the vet today! We're going to need more treats!,1.1139240506329111,0.0359745924087851,79,70,9,0,not_evaluated,not_evaluated
"This isn't working, bring out the cannon and our largest tennis balls.",1.1139240506329111,0.0359745924087851,79,70,9,0,not_evaluated,not_evaluated
send mr. gulliver that his dog has accepted the dinner.,1.1139240506329111,0.0440830033984124,79,72,5,2,not_evaluated,not_evaluated
Don’t complain. You don’t want to be assigned to cleanup duty again,1.1139240506329111,0.0440830033984124,79,72,5,2,not_evaluated,not_evaluated
"And here we are, the Age of Pandering!",1.1139240506329111,0.0476222756013144,79,73,3,3,not_evaluated,not_evaluated
Do not disrupt this supply chain!,1.1139240506329111,0.0440830033984124,79,72,5,2,not_evaluated,not_evaluated
"No more bones, MEAT!  You get it?  MEAT!",1.1139240506329111,0.0359745924087851,79,70,9,0,not_evaluated,not_evaluated
"He says if we know what's good for us, we won't bring any more of those liver flavored ones.",1.1139240506329111,0.0359745924087851,79,70,9,0,not_evaluated,not_evaluated
No! Not the chicken. The salmon!,1.1139240506329111,0.0359745924087851,79,70,9,0,not_evaluated,not_evaluated
Quick -give me the pink one!,1.1139240506329111,0.0359745924087851,79,70,9,0,not_evaluated,not_evaluated
"RainBones©️ product devt. test note #3:
Smaller treat size may negate need for large, expensive test animal.",1.1139240506329111,0.0359745924087851,79,70,9,0,not_evaluated,not_evaluated
We’d better try the cat-apults.,1.1139240506329111,0.0359745924087851,79,70,9,0,not_evaluated,not_evaluated
The 'Good Boy' demands ten more in recognition of his sovereignty. Then we can enter our home.,1.1136363636363635,0.0376692217457787,88,79,8,1,not_evaluated,not_evaluated
He says with bountiful gifts he’ll play fetch with us!,1.1136363636363635,0.0340255381600195,88,78,10,0,not_evaluated,not_evaluated
Hurry! Remember what happened to Lefty.,1.1136363636363635,0.0376692217457787,88,79,8,1,not_evaluated,not_evaluated
Faster with your sacrifices oh citizens of Dyslexia.,1.1136363636363635,0.0340255381600195,88,78,10,0,not_evaluated,not_evaluated
So we keep feeding and feeding him and eventually they'll be driven to open the gates.,1.1136363636363635,0.0376692217457787,88,79,8,1,not_evaluated,not_evaluated
Get it up here  fast to keep him from barking and alerting the enemy!,1.1136363636363635,0.0409902828336956,88,80,6,2,not_evaluated,not_evaluated
He doesn't like it. Nigel—quick—take off your socks!,1.1136363636363635,0.0376692217457787,88,79,8,1,not_evaluated,not_evaluated
Hold on! The yellow ones don't work.,1.1136363636363635,0.0376692217457787,88,79,8,1,not_evaluated,not_evaluated
"Halt, no more treats! We need a garbage can sized baggie!",1.1136363636363635,0.0340255381600195,88,78,10,0,not_evaluated,not_evaluated
No more liver flavor! Only the chicken ones will calm her down!,1.1136363636363635,0.0376692217457787,88,79,8,1,not_evaluated,not_evaluated
I told the dog “No we are not minions”.,1.1136363636363635,0.0409902828336956,88,80,6,2,not_evaluated,not_evaluated
"No, the pink one, the pink one...he's getting indigestion!",1.1136363636363635,0.0340255381600195,88,78,10,0,not_evaluated,not_evaluated
Strawberry asap or he’s coming  after protein!,1.1136363636363635,0.0340255381600195,88,78,10,0,not_evaluated,not_evaluated
Back!...Get Back!  The beast doth not seem to fear these spooky skeleton shapes at all!,1.11340206185567,0.0384300158871908,97,88,7,2,not_evaluated,not_evaluated
The treats are futile! Get me a squeaky tennis ball!,1.11340206185567,0.0355258988455933,97,87,9,1,not_evaluated,not_evaluated
He only wants lemon!,1.11340206185567,0.0323622134052188,97,86,11,0,not_evaluated,not_evaluated
He said his name is Clifford and he has a book deal,1.11340206185567,0.0384300158871908,97,88,7,2,not_evaluated,not_evaluated
"Let slip this dog of war, for I have just seen his owner!",1.11340206185567,0.0355258988455933,97,87,9,1,not_evaluated,not_evaluated
"Bring me the giant pellets, the giant hamster is hungry too!",1.1126760563380282,0.0472558674868078,71,65,4,2,not_evaluated,not_evaluated
"Knights, more tribute for King Teddy",1.1126760563380282,0.0427867096772959,71,64,6,1,not_evaluated,not_evaluated
WWMPD; What Would Monty Python Do?,1.1126760563380282,0.037792698211264,71,63,8,0,not_evaluated,not_evaluated
He wants the red one.,1.1126760563380282,0.0472558674868078,71,65,4,2,not_evaluated,not_evaluated
I thought Clifford was a big RED dog?,1.1125,0.0435517660849008,80,73,5,2,not_evaluated,not_evaluated
"Keep the yellow ones coming, they're his favorite flavor!",1.1125,0.0397529952696824,80,72,7,1,not_evaluated,not_evaluated
"That darn bone of contention &
Æthelred the Unready",1.1125,0.0397529952696824,80,72,7,1,not_evaluated,not_evaluated
"Nooooooooooooooo, you drop the PINK bone",1.1125,0.0397529952696824,80,72,7,1,not_evaluated,not_evaluated
Just be glad we're not taking care of the other end.,1.1125,0.0397529952696824,80,72,7,1,not_evaluated,not_evaluated
"He says he wants what we eat; not the stone hard, dry dog biscuits.",1.1125,0.0397529952696824,80,72,7,1,not_evaluated,not_evaluated
"He says it's the veggie kind, and he says the hell with it.",1.1125,0.0470447874404429,80,74,3,3,not_evaluated,not_evaluated
I ran into a similar problem with a large red example named Clifford.,1.1123595505617978,0.0372654470826449,89,80,8,1,not_evaluated,not_evaluated
More biscuits! He's a good boy!,1.1123595505617978,0.0372654470826449,89,80,8,1,not_evaluated,not_evaluated
No more yellow ones!,1.1123595505617978,0.040547209043072,89,81,6,2,not_evaluated,not_evaluated
"Whaddya MEAN, you forgot the plastic baggies??",1.1123595505617978,0.0372654470826449,89,80,8,1,not_evaluated,not_evaluated
Your not going to believe this.  I found Ghost!,1.1123595505617978,0.040547209043072,89,81,6,2,not_evaluated,not_evaluated
Stay back.  He loves the lemon flavored bones.,1.1123595505617978,0.0336652778297793,89,79,10,0,not_evaluated,not_evaluated
"Phew, he really needs a walk!",1.1123595505617978,0.040547209043072,89,81,6,2,not_evaluated,not_evaluated
He's asking for someone named Thurber.,1.1123595505617978,0.040547209043072,89,81,6,2,not_evaluated,not_evaluated
It’s not Tut!,1.1123595505617978,0.040547209043072,89,81,6,2,not_evaluated,not_evaluated
This dog is going to eat us out of fortress and castle!,1.1123595505617978,0.0372654470826449,89,80,8,1,not_evaluated,not_evaluated
He said he likes the green ones better”,1.1122448979591837,0.03205118021233,98,87,11,0,not_evaluated,not_evaluated
I thought the problem was if you give a mouse a cookie,1.1122448979591837,0.0351805569701229,98,88,9,1,not_evaluated,not_evaluated
I told you not to add the Grow Big Powder.,1.1122448979591837,0.0351805569701229,98,88,9,1,not_evaluated,not_evaluated
"You four, bring the giant leash.",1.1122448979591837,0.03205118021233,98,87,11,0,not_evaluated,not_evaluated
"Ok, sneak in and neuter him.",1.1111111111111112,0.0348418368474736,99,89,9,1,not_evaluated,not_evaluated
"Send up liver bones
  -he’s liver intolerant!",1.1111111111111112,0.0379769959458146,108,99,6,3,not_evaluated,not_evaluated
Mikey likes it!,1.1111111111111112,0.0401135854348693,90,82,6,2,not_evaluated,not_evaluated
Go back.  It eats those things.,1.1111111111111112,0.0333125195109271,90,80,10,0,not_evaluated,not_evaluated
He's going for it! Someone run and tell em to bring up the Creative Chaos Cat-a-puts  .  .,1.1111111111111112,0.0333125195109271,90,80,10,0,not_evaluated,not_evaluated
"I said a ball you idiots,not a milk bone.",1.1111111111111112,0.0368702026886648,90,81,8,1,not_evaluated,not_evaluated
"Knick-Knack, Paddywhack, hurry up!",1.1111111111111112,0.0333125195109271,90,80,10,0,not_evaluated,not_evaluated
"Retreat!  I was wrong, it's not a trojan dog.",1.1111111111111112,0.0351364184463153,81,72,9,0,not_evaluated,not_evaluated
"So far so good, men. Now I need one volunteer to rub his belly.”",1.1111111111111112,0.0368702026886648,90,81,8,1,not_evaluated,not_evaluated
"The chicken flavor isn't working, we need to try the bacon!",1.1111111111111112,0.0376841698620507,99,90,7,2,not_evaluated,not_evaluated
He wants to quit twitter!,1.1111111111111112,0.0401135854348693,90,82,6,2,not_evaluated,not_evaluated
"Ok after this he’s gonna need a long W-A-L-K.

You’re going to end up at that yellow castle shaped like a fire hydrant. He seems to like that one….Also the red one.",1.1111111111111112,0.0368702026886648,90,81,8,1,not_evaluated,not_evaluated
The brute's terrible hunger is no more. He's just nervous eating. The day is ours!,1.1111111111111112,0.0392837100659193,81,73,7,1,not_evaluated,not_evaluated
"STOP! That's enough... 
He's now to fat to escape",1.1111111111111112,0.0368702026886648,90,81,8,1,not_evaluated,not_evaluated
My kingdom for a pooper scooper!,1.1111111111111112,0.0466211865720382,72,66,4,2,not_evaluated,not_evaluated
Where did you get those extinct dog treats?,1.1111111111111112,0.0392837100659193,81,73,7,1,not_evaluated,not_evaluated
That's the wrong retreat!,1.1111111111111112,0.0333125195109271,90,80,10,0,not_evaluated,not_evaluated
He says they already have a Holy Grail...send up more biscuits.,1.1111111111111112,0.0368702026886648,90,81,8,1,not_evaluated,not_evaluated
"No, I said make no bones about it, we need arrows,
arrows, you idiots, arrows.”",1.1111111111111112,0.0368702026886648,90,81,8,1,not_evaluated,not_evaluated
I've got a bone to pick with you!,1.1111111111111112,0.0392837100659193,81,73,7,1,not_evaluated,not_evaluated
"I don't think we need to ""beware of dog"" as long as we keep giving him the super-size biscuits.",1.1111111111111112,0.0333125195109271,90,80,10,0,not_evaluated,not_evaluated
What do you mean you've never heard of Chewy.com?  Don't you know how much time that would save us?,1.1111111111111112,0.0368702026886648,90,81,8,1,not_evaluated,not_evaluated
He wants scones not bones.,1.1111111111111112,0.0368702026886648,90,81,8,1,not_evaluated,not_evaluated
Where is Josh ?,1.1111111111111112,0.0392837100659193,81,73,7,1,not_evaluated,not_evaluated
He seems to find the news inadequate and I fear he wants to eat the messenger!,1.1111111111111112,0.0401135854348693,90,82,6,2,not_evaluated,not_evaluated
"Knick knack, paddy whack,
don't give this dog another hor-bone.",1.1111111111111112,0.0368702026886648,90,81,8,1,not_evaluated,not_evaluated
Oh NO! I think I just gave him Maurice!,1.1111111111111112,0.0401135854348693,90,82,6,2,not_evaluated,not_evaluated
"Only vegan offerings for chivalry pass, Knights",1.1111111111111112,0.0368702026886648,90,81,8,1,not_evaluated,not_evaluated
"Bring the poop sacks! Like, a lot of them!",1.1111111111111112,0.0317460317460317,99,88,11,0,not_evaluated,not_evaluated
Armor the bone cannon,1.1111111111111112,0.0333125195109271,90,80,10,0,not_evaluated,not_evaluated
"Hey, let's can the jokes about
A Dog's Breakfast, okay?",1.11,0.0314466037735219,100,89,11,0,not_evaluated,not_evaluated
That’s too many! You remember what happened last time he got the zoomies?!,1.11,0.0345095507201859,100,90,9,1,not_evaluated,not_evaluated
Brutus has a bone to pick with each and every one of you!,1.11,0.0314466037735219,100,89,11,0,not_evaluated,not_evaluated
"Hurry, get the poop bag.",1.11,0.0314466037735219,100,89,11,0,not_evaluated,not_evaluated
Forget the biscuits he wants Alpo.,1.11,0.042390679364333,100,93,3,4,not_evaluated,not_evaluated
We obviously need more primary colors.,1.10989010989011,0.0364832222651684,91,82,8,1,not_evaluated,not_evaluated
He says he's misunderstood -- he just wants kibble!,1.10989010989011,0.0396891137599458,91,83,6,2,not_evaluated,not_evaluated
I am terrier-fied he will not like the pink or green.,1.10989010989011,0.0329670329670329,91,81,10,0,not_evaluated,not_evaluated
The blue one! The blue one!,1.10989010989011,0.0329670329670329,91,81,10,0,not_evaluated,not_evaluated
Quick! Two more treats and he'll be trained to fetch the princess,1.10989010989011,0.0329670329670329,91,81,10,0,not_evaluated,not_evaluated
"Let’s not get him mad, people. He likes green next, then red, THEN yellow!",1.10989010989011,0.0396891137599458,91,83,6,2,not_evaluated,not_evaluated
Loud stomach growl. Anybody got a gluten free biscuit?,1.10989010989011,0.0364832222651684,91,82,8,1,not_evaluated,not_evaluated
"No, not the mint!  He's got his eyes on the strawberry flavored one!",1.10989010989011,0.0364832222651684,91,82,8,1,not_evaluated,not_evaluated
Quick! Look up how to say 'nice doggie' in Ruritanian!,1.10989010989011,0.0329670329670329,91,81,10,0,not_evaluated,not_evaluated
"No, no!  The green one.  He's vegan.",1.10989010989011,0.0329670329670329,91,81,10,0,not_evaluated,not_evaluated
Keep them coming. I think he has a hollow leg.,1.10989010989011,0.0364832222651684,91,82,8,1,not_evaluated,not_evaluated
"Hey Knick-Knack , Paddy-Whack, gimme another bone.",1.10989010989011,0.0396891137599458,91,83,6,2,not_evaluated,not_evaluated
We're one short ... which one of you is ready to take one for the team?,1.10989010989011,0.0329670329670329,91,81,10,0,not_evaluated,not_evaluated
"He says no to the banana flavor, bring on the cherry cheesecake!",1.10989010989011,0.0329670329670329,91,81,10,0,not_evaluated,not_evaluated
"He says, ""Stay! Stay! Retreat! Retreat!""",1.10989010989011,0.0396891137599458,91,83,6,2,not_evaluated,not_evaluated
"Quick, the deodorant dog biscuit!  His breath is worse than his bite.",1.10989010989011,0.0329670329670329,91,81,10,0,not_evaluated,not_evaluated
FEED BLM or we will destroy your community,1.10989010989011,0.0364832222651684,91,82,8,1,not_evaluated,not_evaluated
So much for farting in our general direction...,1.10989010989011,0.0396891137599458,91,83,6,2,not_evaluated,not_evaluated
A catapult you fools!  We need a catapult! He wants to chase the bones.,1.1097560975609757,0.0388253354522883,82,74,7,1,not_evaluated,not_evaluated
He says he doesn't care for pastels!,1.1097560975609757,0.0388253354522883,82,74,7,1,not_evaluated,not_evaluated
Whoaaaa shit! Wait til you see this giant puppy!,1.1097560975609757,0.0459307622132202,82,76,3,3,not_evaluated,not_evaluated
"Come on everyone. ""AREN'T YOU A GOOD DOG?""",1.1097560975609757,0.0425267068468162,82,75,5,2,not_evaluated,not_evaluated
Now get me some water from the moat and put it in a large bowl.,1.1097560975609757,0.0347317225419411,82,73,9,0,not_evaluated,not_evaluated
Easy on the mustard!,1.1097560975609757,0.0347317225419411,82,73,9,0,not_evaluated,not_evaluated
"Okay, Blue...you're next.",1.1097560975609757,0.0425267068468162,82,75,5,2,not_evaluated,not_evaluated
Good thing we didn’t bring the catapult!,1.1097560975609757,0.0347317225419411,82,73,9,0,not_evaluated,not_evaluated
Quickly!  Bring the Royal tummy scratcher!,1.1097560975609757,0.0388253354522883,82,74,7,1,not_evaluated,not_evaluated
Quick! Shape your weapons into dog nail clippers and shampoo bottles! It's our only hope!,1.1097560975609757,0.0347317225419411,82,73,9,0,not_evaluated,not_evaluated
"Stop with the mouldy liver treats, they're stalling peace negotiations.",1.1097560975609757,0.0388253354522883,82,74,7,1,not_evaluated,not_evaluated
Load the cannon balls with peanut butter!,1.1097560975609757,0.0388253354522883,82,74,7,1,not_evaluated,not_evaluated
Nick Nack Paddy Wack give a dog a bone. These aliens want to go home.,1.1097560975609757,0.0388253354522883,82,74,7,1,not_evaluated,not_evaluated
Wallace Stevens was a racist!,1.1097560975609757,0.0425267068468162,82,75,5,2,not_evaluated,not_evaluated
Run! She is on a raw meat diet.,1.1097560975609757,0.0347317225419411,82,73,9,0,not_evaluated,not_evaluated
"'Stand down the Trojan Cat. I repeat, stand down...'",1.1097560975609757,0.0425267068468162,82,75,5,2,not_evaluated,not_evaluated
"Keep 'em coming, lads. This Gulliver dog's a regular chowhound.",1.1095890410958904,0.0460032915059586,73,67,4,2,not_evaluated,not_evaluated
I just got a brainstorm for something I’m calling an ‘elevator’.,1.1095890410958904,0.0460032915059586,73,67,4,2,not_evaluated,not_evaluated
"God Dog need more bones, now!",1.1095890410958904,0.0416627570568371,73,66,6,1,not_evaluated,not_evaluated
We're good!  Arya Stark told us it would be much more difficult to get past The Hound.,1.1095890410958904,0.0460032915059586,73,67,4,2,not_evaluated,not_evaluated
Just a few more and he won't cry when we leave.,1.1095890410958904,0.0368139623209979,73,65,8,0,not_evaluated,not_evaluated
Never mind the biscuits; we need to build a higher wall!,1.1090909090909091,0.0373104428884577,110,101,6,3,not_evaluated,not_evaluated
Fall back! These treats are giving him bad gas!,1.108910891089109,0.0341835178250139,101,91,9,1,not_evaluated,not_evaluated
sing now nick nack paddy whack give a dog a bone,1.108910891089109,0.0369666429754345,101,92,7,2,not_evaluated,not_evaluated
"Throw me a bone, dammit.",1.108910891089109,0.0341835178250139,101,91,9,1,not_evaluated,not_evaluated
"Yeccch — for God’s sake, bring the mint!",1.108910891089109,0.0311527380644599,101,90,11,0,not_evaluated,not_evaluated
I’m feeding. One of you has to pick up after it.,1.108695652173913,0.0361042504281703,92,83,8,1,not_evaluated,not_evaluated
Bring more giant dog biscuits for the giant dog!,1.108695652173913,0.0422054497127891,92,85,4,3,not_evaluated,not_evaluated
Get the Cat-spilt that may distract him!,1.108695652173913,0.0392735081475974,92,84,6,2,not_evaluated,not_evaluated
One more as he hath been a good boy.,1.108695652173913,0.0392735081475974,92,84,6,2,not_evaluated,not_evaluated
It's too dry. He want's our Queen !,1.108695652173913,0.0392735081475974,92,84,6,2,not_evaluated,not_evaluated
Methinks our Giant God of the Westminster will need many more doggie bone sacrifices before his appetite is sated.,1.108695652173913,0.0326285972076745,92,82,10,0,not_evaluated,not_evaluated
Are they gluten free?,1.108695652173913,0.0392735081475974,92,84,6,2,not_evaluated,not_evaluated
The bite‘s as bad as the bark!,1.108695652173913,0.0326285972076745,92,82,10,0,not_evaluated,not_evaluated
It’s time to bring out the trojan dog.,1.108695652173913,0.0326285972076745,92,82,10,0,not_evaluated,not_evaluated
"No, no no...Clifford wants the red bone...bring the RED bone.",1.108695652173913,0.0392735081475974,92,84,6,2,not_evaluated,not_evaluated
He needs fluids! Get a water dish up here now!,1.108695652173913,0.0326285972076745,92,82,10,0,not_evaluated,not_evaluated
"Believe it, or not- he insists on  All Yellow cookies!!  jk fuller.  genoa, nv",1.108695652173913,0.0326285972076745,92,82,10,0,not_evaluated,not_evaluated
The bone sacrifice lasted for 30 days and 30 nights.,1.108695652173913,0.0392735081475974,92,84,6,2,not_evaluated,not_evaluated
"Th colour does not matter. He just keeps saying: ""I can't see a thing. I'll open this one.""",1.108695652173913,0.0361042504281703,92,83,8,1,not_evaluated,not_evaluated
He says he’s gluten intolerant,1.108695652173913,0.0361042504281703,92,83,8,1,not_evaluated,not_evaluated
We need more T-R-E-A-T now!,1.108695652173913,0.0326285972076745,92,82,10,0,not_evaluated,not_evaluated
I think we are barking up the wrong tree.,1.108433734939759,0.0420320190306631,83,76,5,2,not_evaluated,not_evaluated
No more pink! He finds it emasculating.,1.108433734939759,0.0420320190306631,83,76,5,2,not_evaluated,not_evaluated
"Now, wheel in the Trojan Cat through the front!",1.108433734939759,0.0383774968376479,83,75,7,1,not_evaluated,not_evaluated
Hurry up before he farts in your general direction!,1.108433734939759,0.0383774968376479,83,75,7,1,not_evaluated,not_evaluated
"This is no Humpty Dumpty, run for your lives.",1.108433734939759,0.0383774968376479,83,75,7,1,not_evaluated,not_evaluated
Hurry! If we stop feeding him he’s going to taunt us a second time.,1.108433734939759,0.0343361894107853,83,74,9,0,not_evaluated,not_evaluated
He's not Clifford & were not Emily Elizabeth!,1.108433734939759,0.0383774968376479,83,75,7,1,not_evaluated,not_evaluated
"Quick, throw me another one!",1.108433734939759,0.0383774968376479,83,75,7,1,not_evaluated,not_evaluated
Watch out--he doesn't like the yellow ones1,1.108433734939759,0.0343361894107853,83,74,9,0,not_evaluated,not_evaluated
"Sorry
He only eats gluten free",1.108433734939759,0.0383774968376479,83,75,7,1,not_evaluated,not_evaluated
Hand me the pink one with the knock-out drops.,1.108433734939759,0.0383774968376479,83,75,7,1,not_evaluated,not_evaluated
"He only wants the teeth cleaning kind, or else!",1.108433734939759,0.0383774968376479,83,75,7,1,not_evaluated,not_evaluated
She says enough with the blue treats already.,1.108433734939759,0.0420320190306631,83,76,5,2,not_evaluated,not_evaluated
"He says his name is Clifford, and he wants us to take a message back to Emily Elizabeth!",1.108108108108108,0.0454015266057147,74,68,4,2,not_evaluated,not_evaluated
I can hear what you're muttering about - but I tell you it's Clifford,1.108108108108108,0.0363432541778838,74,66,8,0,not_evaluated,not_evaluated
Keep the bones coming so he doesn't get ruff.,1.108108108108108,0.0363432541778838,74,66,8,0,not_evaluated,not_evaluated
Run away! The Trojan Bone ploy is not going to work!,1.108108108108108,0.0411225652310728,74,67,6,1,not_evaluated,not_evaluated
"Let’s go! Let’s go! Let’s go! He appears willing to sit, but I don’t know if he’s willing to stay!",1.108108108108108,0.0369858448504839,111,102,6,3,not_evaluated,not_evaluated
It's all a misunderstanding! Clifford just wants to go home!,1.108108108108108,0.0411225652310728,74,67,6,1,not_evaluated,not_evaluated
"Ix-nay on the one-bays, they're not working as weapons after all. He's just eating them.",1.108108108108108,0.0411225652310728,74,67,6,1,not_evaluated,not_evaluated
More yellow ones! More yellow ones!,1.107843137254902,0.0338635640722446,102,92,9,1,not_evaluated,not_evaluated
"Verily, methinks he's a good boy!",1.107843137254902,0.0338635640722446,102,92,9,1,not_evaluated,not_evaluated
"Quick, before he sees the army of vets approaching",1.107843137254902,0.0338635640722446,102,92,9,1,not_evaluated,not_evaluated
Quick! Bring some large sheets of papyrus!,1.10752688172043,0.03229700003364,93,83,10,0,not_evaluated,not_evaluated
"Hurry, we need to feed the beast.",1.10752688172043,0.0357330421580577,93,84,8,1,not_evaluated,not_evaluated
It's no use - we need the catapulut.,1.10752688172043,0.0357330421580577,93,84,8,1,not_evaluated,not_evaluated
"Spinach, potato, tomato and more, the dog will be angry at you four.",1.10752688172043,0.0357330421580577,93,84,8,1,not_evaluated,not_evaluated
Send up the green one...the breath mint!,1.10752688172043,0.0357330421580577,93,84,8,1,not_evaluated,not_evaluated
' Try singing  knick knack paddy whack give the dog a bone' to see what happens.,1.10752688172043,0.0357330421580577,93,84,8,1,not_evaluated,not_evaluated
We need the BIG bones.,1.10752688172043,0.0388664944723102,93,85,6,2,not_evaluated,not_evaluated
Trojan Bone was a bad idea! Remove the bone suits!,1.10752688172043,0.03229700003364,93,83,10,0,not_evaluated,not_evaluated
A few more treats and we can storm the Canine Castle.,1.10752688172043,0.0357330421580577,93,84,8,1,not_evaluated,not_evaluated
"Hey, boys, would you rather have him eat the cat?",1.10752688172043,0.0357330421580577,93,84,8,1,not_evaluated,not_evaluated
He does not care for the chicken and carrot variety; lose the mint and asparagus and bring on the salmon with wintergreen or he will do something in the corner.,1.10752688172043,0.0357330421580577,93,84,8,1,not_evaluated,not_evaluated
"I see more of them, load up the dogapult!",1.10752688172043,0.03229700003364,93,83,10,0,not_evaluated,not_evaluated
"Okay, maybe we shouldn’t breach the castle inside of these.",1.10752688172043,0.03229700003364,93,83,10,0,not_evaluated,not_evaluated
I told you dog biscuits would be the Lilliputian secret weapon!,1.1071428571428572,0.0415486814087917,84,77,5,2,not_evaluated,not_evaluated
Chicken works... prepare the catapult!,1.1071428571428572,0.0339495134209541,84,75,9,0,not_evaluated,not_evaluated
"While he’s busy, bring up the Trojan Squirrel.",1.1071428571428572,0.0379398365068223,84,76,7,1,not_evaluated,not_evaluated
He rather go for a walk,1.1071428571428572,0.0339495134209541,84,75,9,0,not_evaluated,not_evaluated
Tribute accepted.,1.1071428571428572,0.0379398365068223,84,76,7,1,not_evaluated,not_evaluated
He says he wants to try lemon-lime next!,1.1071428571428572,0.0448681920680357,84,78,3,3,not_evaluated,not_evaluated
"Jack, fetch a pail of water!",1.1071428571428572,0.0339495134209541,84,75,9,0,not_evaluated,not_evaluated
"Quick! The chew toy!""",1.1071428571428572,0.0379398365068223,84,76,7,1,not_evaluated,not_evaluated
"Hey, Nick, Knack, Paddy and Whack,
Give this dawg a bone; as he says all of us can finally go back home.",1.1071428571428572,0.0415486814087917,84,77,5,2,not_evaluated,not_evaluated
Quick - unleash the leash!,1.1071428571428572,0.0339495134209541,84,75,9,0,not_evaluated,not_evaluated
You there! He would like to pick a bone with you too.,1.1071428571428572,0.0379398365068223,84,76,7,1,not_evaluated,not_evaluated
Get a very large Pooper Scooper !!!!!,1.1071428571428572,0.0379398365068223,84,76,7,1,not_evaluated,not_evaluated
"The Mistress has left the mongrel alone
once again this poor dog has no bone
danger and need be in his eyes
for the treats and ourselves be of the same size",1.1071428571428572,0.0415486814087917,84,77,5,2,not_evaluated,not_evaluated
Who forgot to poison them!?,1.1071428571428572,0.0415486814087917,84,77,5,2,not_evaluated,not_evaluated
He says they're bone-dry!,1.1071428571428572,0.0339495134209541,84,75,9,0,not_evaluated,not_evaluated
He says “For I the LORD your Dog am a jealous Dog”.,1.1071428571428572,0.0339495134209541,84,75,9,0,not_evaluated,not_evaluated
It’s a deal! For the five biscuits he’ll fake sleep during tonight’s invasion.,1.1071428571428572,0.0366668338093099,112,103,6,3,not_evaluated,not_evaluated
He said they don't taste like the bones of the conquested,1.1071428571428572,0.0379398365068223,84,76,7,1,not_evaluated,not_evaluated
Bring more! If he eats enough they'll have to lower the drawbridge to cart out the poop.,1.1071428571428572,0.0379398365068223,84,76,7,1,not_evaluated,not_evaluated
Bring out the Tennis Ball Slinger!,1.1071428571428572,0.0339495134209541,84,75,9,0,not_evaluated,not_evaluated
"Victory shall be nigh, my beloved brothers, he's defenseless against our lamb & rice!",1.1071428571428572,0.0415486814087917,84,77,5,2,not_evaluated,not_evaluated
"No, you idiots! Those are giant dog biscuits!",1.1067961165048543,0.0362758572364821,103,94,7,2,not_evaluated,not_evaluated
Quick! Send another one!,1.1067961165048543,0.0335495217423746,103,93,9,1,not_evaluated,not_evaluated
It's only a matter of time before we run out of Milkbones--get ready to make a personal sacrifice for your king.,1.106666666666667,0.0358843655048781,75,67,8,0,not_evaluated,not_evaluated
Faster;   it's threatening to pee on the ice wall.,1.106666666666667,0.0405961580454117,75,68,6,1,not_evaluated,not_evaluated
Hurry up!,1.106666666666667,0.0405961580454117,75,68,6,1,not_evaluated,not_evaluated
"C’mon, throw me a bone over here!",1.106666666666667,0.0405961580454117,75,68,6,1,not_evaluated,not_evaluated
No! Don't throw the green one! He'll think it's my head!!,1.106666666666667,0.04481526981296,75,69,4,2,not_evaluated,not_evaluated
It's time for the Trojan chuck wagon!,1.106666666666667,0.0405961580454117,75,68,6,1,not_evaluated,not_evaluated
I can’t wait for the dogapult to be ready for use,1.106666666666667,0.0405961580454117,75,68,6,1,not_evaluated,not_evaluated
Any of you guys willing to be a chew toy?,1.106666666666667,0.0405961580454117,75,68,6,1,not_evaluated,not_evaluated
Get the mace! He doesn’t like chainmail men!,1.106666666666667,0.0358843655048781,75,67,8,0,not_evaluated,not_evaluated
"No, you fools!  Get the giant bowl of water!",1.106666666666667,0.0358843655048781,75,67,8,0,not_evaluated,not_evaluated
"Apparently Mother Hubbard's cupboard is bare!""",1.106666666666667,0.0405961580454117,75,68,6,1,not_evaluated,not_evaluated
He said he still needs to eat us when the treats are gone.,1.106666666666667,0.0358843655048781,75,67,8,0,not_evaluated,not_evaluated
"Sires, I dareth, nay, double dog dareth thee!",1.1063829787234043,0.0319720376083791,94,84,10,0,not_evaluated,not_evaluated
He's about to barf!,1.1063829787234043,0.03536936228202,94,85,8,1,not_evaluated,not_evaluated
"He says he has enough bones and is offended that you'd offer such cheap gifts to a giant when you just brought someone tiny  gold, frankincense, and myrrh.""",1.1063829787234043,0.03536936228202,94,85,8,1,not_evaluated,not_evaluated
Bring up the giant crossbow-wow and the cat-apult.,1.1063829787234043,0.03536936228202,94,85,8,1,not_evaluated,not_evaluated
"OK, Stan was right. We should have brought swords!",1.1063829787234043,0.041334646327834,94,87,4,3,not_evaluated,not_evaluated
Stop…it’s a boneyard!,1.1063829787234043,0.03536936228202,94,85,8,1,not_evaluated,not_evaluated
Retreat! This one won't stop until Tump feeds him.,1.1063829787234043,0.03536936228202,94,85,8,1,not_evaluated,not_evaluated
"These beings keep coming to feed me, I think I'll stay.",1.1063829787234043,0.0384678097588354,94,86,6,2,not_evaluated,not_evaluated
Hide the Shock Collar!,1.1063829787234043,0.03536936228202,94,85,8,1,not_evaluated,not_evaluated
"Maybe we shouldn’t feed him any more dog treats, lest he get any bigger!",1.1063829787234043,0.03536936228202,94,85,8,1,not_evaluated,not_evaluated
"No, no -- not the green one!  Quick! Let's try the pink.",1.1063829787234043,0.0319720376083791,94,84,10,0,not_evaluated,not_evaluated
Bones are not enough! Bring midgets.,1.1063829787234043,0.03536936228202,94,85,8,1,not_evaluated,not_evaluated
SIT!  I mean STAY! I mean RETREAT!,1.1063829787234043,0.041334646327834,94,87,4,3,not_evaluated,not_evaluated
He's got a bone to pick and it's not what you're carrying!,1.106194690265487,0.0317096894088091,113,102,10,1,not_evaluated,not_evaluated
"I'm telling you, he's the runt of the litter!",1.106060606060606,0.0438730308268501,66,60,5,1,not_evaluated,not_evaluated
Lord Punster set us up again!,1.1058823529411763,0.0375120126857039,85,77,7,1,not_evaluated,not_evaluated
Savory Gravy! Savory Gravy! Savory Gravy!,1.1058823529411763,0.0375120126857039,85,77,7,1,not_evaluated,not_evaluated
Stay back! This guard dog can't be bribed.,1.1058823529411763,0.0335714022780473,85,76,9,0,not_evaluated,not_evaluated
"Quick, give him more of our yellow fuel rods. We can worry about getting back to Galaxy Nebu 13 once he falls asleep.",1.1058823529411763,0.0410763087503044,85,78,5,2,not_evaluated,not_evaluated
Egad - what have we unleashed?,1.1058823529411763,0.0375120126857039,85,77,7,1,not_evaluated,not_evaluated
"Forget the kale bone, send up the beef.",1.1058823529411763,0.0410763087503044,85,78,5,2,not_evaluated,not_evaluated
"Get the L-E-A-S-H, maybe he'll go W-A-L-K-I-E-S!",1.1058823529411763,0.0375120126857039,85,77,7,1,not_evaluated,not_evaluated
``Back off! I think he broke a tooth.'',1.1058823529411763,0.0375120126857039,85,77,7,1,not_evaluated,not_evaluated
Be swift!—ze's starting to eye me as wholesome and delicious.,1.1058823529411763,0.0375120126857039,85,77,7,1,not_evaluated,not_evaluated
Fido finds these new colors a big deal.,1.1058823529411763,0.0375120126857039,85,77,7,1,not_evaluated,not_evaluated
"He wants the other, other greyish-blueish-yellowish-bones!",1.1058823529411763,0.0375120126857039,85,77,7,1,not_evaluated,not_evaluated
Be a good boy and hand me a pink one!,1.1058823529411763,0.0335714022780473,85,76,9,0,not_evaluated,not_evaluated
"Enough! Now he wants a belly rub.""",1.1058823529411763,0.0375120126857039,85,77,7,1,not_evaluated,not_evaluated
Send  up another one quick. I think I can get him to lie down.,1.1058823529411763,0.0410763087503044,85,78,5,2,not_evaluated,not_evaluated
Bring the Royal pooper scooper.,1.1058823529411763,0.0335714022780473,85,76,9,0,not_evaluated,not_evaluated
What do you mean thou forgeteth the poop bag?,1.1058823529411763,0.0335714022780473,85,76,9,0,not_evaluated,not_evaluated
Quick more bones so he'll be a good dog and lose interest in us!,1.1058823529411763,0.0335714022780473,85,76,9,0,not_evaluated,not_evaluated
She said Yes!,1.1058823529411763,0.0375120126857039,85,77,7,1,not_evaluated,not_evaluated
Tell Lancelot that Beowulf is NOT a conspiracy theory!,1.1058823529411763,0.0375120126857039,85,77,7,1,not_evaluated,not_evaluated
Welcome to the off-Broadway production of A Curious Incident of the Dog in the Knight-Time,1.1058823529411763,0.0335714022780473,85,76,9,0,not_evaluated,not_evaluated
He says that my bone is the best bone. So all of you can put your tails down and run home now.,1.1057692307692308,0.0332412291990669,104,94,9,1,not_evaluated,not_evaluated
She's had it with fruit flavors. Let's try licorice.,1.1057692307692308,0.0359400308298561,104,95,7,2,not_evaluated,not_evaluated
"No more biscuits, men!  Now he says he wants a giant chew toy!",1.105263157894737,0.031653514053981,95,85,10,0,not_evaluated,not_evaluated
More of the chicken flavor.  It makes his coat shinier.,1.105263157894737,0.0354368594328493,76,68,8,0,not_evaluated,not_evaluated
No more growth hormone bones for the Queen's Corgi!,1.105263157894737,0.040083016346652,76,69,6,1,not_evaluated,not_evaluated
He’s sick of lemon! Grab the watermelon! The pink one!,1.105263157894737,0.0350129849869881,95,86,8,1,not_evaluated,not_evaluated
Wait! I got a better idea… get Clifford the Cat.,1.105263157894737,0.0350129849869881,95,86,8,1,not_evaluated,not_evaluated
Quick someone invent electricity so we can put a shock collar on it,1.105263157894737,0.0350129849869881,95,86,8,1,not_evaluated,not_evaluated
"Come,boys,we are at DefCon D!",1.105263157894737,0.0380772016229205,95,87,6,2,not_evaluated,not_evaluated
Let’s try The Chainmail Man!,1.105263157894737,0.0350129849869881,95,86,8,1,not_evaluated,not_evaluated
I told you we'd be glad that we conquered that Purina factory before we got here!,1.105263157894737,0.031653514053981,95,85,10,0,not_evaluated,not_evaluated
Hurry! He prefers vitamin-fortified biscuits.,1.105263157894737,0.0354368594328493,76,68,8,0,not_evaluated,not_evaluated
"Send up the holiday peppermint bark and breath mint bones.""  
Joan Moir, Tiburon, California",1.105263157894737,0.0442439305716437,76,70,4,2,not_evaluated,not_evaluated
He knows they are Soylent Yellow!  Give me the red one!  Not the green one!,1.105263157894737,0.0354368594328493,76,68,8,0,not_evaluated,not_evaluated
Not the red one- save that for Clifford.,1.105263157894737,0.040083016346652,76,69,6,1,not_evaluated,not_evaluated
"Okay, let's go again with ""sit,""  and then ""down,""  and does ""stay"" come before or after ""play dead?""",1.105263157894737,0.0354368594328493,76,68,8,0,not_evaluated,not_evaluated
Who's idea was the Trojan puppy?,1.1047619047619048,0.0329385306173865,105,95,9,1,not_evaluated,not_evaluated
What if they have a cat?,1.1046511627906976,0.040614533015286,86,79,5,2,not_evaluated,not_evaluated
"No, no...he wants his de-worming meds.",1.1046511627906976,0.040614533015286,86,79,5,2,not_evaluated,not_evaluated
Hand me the Trojan bone!,1.1046511627906976,0.0370936986674589,86,78,7,1,not_evaluated,not_evaluated
"We're not just feeding a service dog—we're on an odyssey, men.",1.1046511627906976,0.0332015763121984,86,77,9,0,not_evaluated,not_evaluated
Now quick! Load the biggie tennis ball into the catapult!,1.1046511627906976,0.0370936986674589,86,78,7,1,not_evaluated,not_evaluated
"Hold back
She has a toothache",1.1046511627906976,0.0370936986674589,86,78,7,1,not_evaluated,not_evaluated
Faster!  Apparently he’s been a very good boy!,1.1046511627906976,0.0332015763121984,86,77,9,0,not_evaluated,not_evaluated
The old Gods have returned! They live - though not in ways knowable to man. Through some horrible process of magic or nature the never-lived now live again! Bring me the impossible fossils of their rotten memory!,1.1046511627906976,0.0332015763121984,86,77,9,0,not_evaluated,not_evaluated
I’m not walking him!,1.1046511627906976,0.0332015763121984,86,77,9,0,not_evaluated,not_evaluated
"I said non-fungible, not indigestible.",1.1046511627906976,0.0370936986674589,86,78,7,1,not_evaluated,not_evaluated
Don't incite another riot Mr. President!,1.1046511627906976,0.0332015763121984,86,77,9,0,not_evaluated,not_evaluated
PU! He definitely needs the green one.,1.1046511627906976,0.0332015763121984,86,77,9,0,not_evaluated,not_evaluated
He says he doesn’t like the green ones!,1.1046511627906976,0.0332015763121984,86,77,9,0,not_evaluated,not_evaluated
No more yellow ones! They stain his teeth!,1.1046511627906976,0.0332015763121984,86,77,9,0,not_evaluated,not_evaluated
It's a dog eat log world,1.1046511627906976,0.0370936986674589,86,78,7,1,not_evaluated,not_evaluated
his name is Muffins and he says we're his new best friends and we can have his whole kingdom for just one milkbone!,1.1046511627906976,0.0370936986674589,86,78,7,1,not_evaluated,not_evaluated
"While we still haven't broken through his defenses, that tartar buildup is another story!",1.1041666666666667,0.0346636933610211,96,87,8,1,not_evaluated,not_evaluated
More Dog Bone! We Need More Dog Bone!,1.1041666666666667,0.0313412410700799,96,86,10,0,not_evaluated,not_evaluated
"Men, we are in luck, he likes the yellow ones!",1.1041666666666667,0.0346636933610211,96,87,8,1,not_evaluated,not_evaluated
Quick! Get the one with the tranquilizer in it!,1.1041666666666667,0.0346636933610211,96,87,8,1,not_evaluated,not_evaluated
No!  No!  The Trojan dog biscuits are not going to work!,1.103896103896104,0.0350003202036694,77,69,8,0,not_evaluated,not_evaluated
You're going to need a bigger biscuit.,1.103896103896104,0.0395826466272485,77,70,6,1,not_evaluated,not_evaluated
Lord Baskerville said only two then get in there with the bag and the rake.,1.103896103896104,0.0350003202036694,77,69,8,0,not_evaluated,not_evaluated
"All together now, loud and clear,  ""Goood boy-goood boy.""",1.103896103896104,0.0395826466272485,77,70,6,1,not_evaluated,not_evaluated
"Retreat doesn't mean treat again!""",1.103896103896104,0.0395826466272485,77,70,6,1,not_evaluated,not_evaluated
Take them all back he says he only likes the orange ones.,1.103896103896104,0.0395826466272485,77,70,6,1,not_evaluated,not_evaluated
Now give me the one with the Fentanyl!,1.103896103896104,0.0395826466272485,77,70,6,1,not_evaluated,not_evaluated
"I think he hates them, go fire the tennis balls!",1.103896103896104,0.0395826466272485,77,70,6,1,not_evaluated,not_evaluated
"Go back, he prefers gluten free!",1.103448275862069,0.0401630024092935,87,80,5,2,not_evaluated,not_evaluated
Hurry Congressmen!!! This far right dog is really hungry.,1.103448275862069,0.0328397678098528,87,78,9,0,not_evaluated,not_evaluated
The bacon flavor seems to be working!,1.103448275862069,0.0366845819952604,87,79,7,1,not_evaluated,not_evaluated
"I *know* he’s a good boy! Just pass  me up another treat, quick!",1.103448275862069,0.0328397678098528,87,78,9,0,not_evaluated,not_evaluated
Hold your fire. I think the enemy is surrendering.,1.103448275862069,0.0366845819952604,87,79,7,1,not_evaluated,not_evaluated
Hold off on biscuits!! He says the people are much chewier!!,1.103448275862069,0.0366845819952604,87,79,7,1,not_evaluated,not_evaluated
"We need something with real meat flavor, quick!",1.103448275862069,0.0366845819952604,87,79,7,1,not_evaluated,not_evaluated
Do we have anymore blue ones?  He wants BLUE ones!,1.103448275862069,0.0366845819952604,87,79,7,1,not_evaluated,not_evaluated
"He said ""more toilet water""!",1.103448275862069,0.0433632905680698,87,81,3,3,not_evaluated,not_evaluated
Fido can't see any difference in the colors - he wants different scents for his bones,1.103448275862069,0.0366845819952604,87,79,7,1,not_evaluated,not_evaluated
Call Trump and ask him what to do next,1.103448275862069,0.0401630024092935,87,80,5,2,not_evaluated,not_evaluated
Aww! What a good ploy!,1.103448275862069,0.0366845819952604,87,79,7,1,not_evaluated,not_evaluated
Fetch me Sir Guy of Frisbee and Lord Tummy Rub!,1.1030927835051547,0.037319255376243,97,89,6,2,not_evaluated,not_evaluated
Give me another one before he bites my head off!,1.1030927835051547,0.0310350375742069,97,87,10,0,not_evaluated,not_evaluated
"So long as the bones keep coming, I think we're safe.",1.1030927835051547,0.0310350375742069,97,87,10,0,not_evaluated,not_evaluated
Beat it with the appetizers!  He thinks we're the main course.,1.1030927835051547,0.037319255376243,97,89,6,2,not_evaluated,not_evaluated
"No, not the green one. He only likes yellow.",1.1030927835051547,0.0343212789612339,97,88,8,1,not_evaluated,not_evaluated
"We've tamed the beast! Now, let's give it pets!",1.1030927835051547,0.0310350375742069,97,87,10,0,not_evaluated,not_evaluated
Ready the trebuchet pooper scooper!,1.1030927835051547,0.0343212789612339,97,88,8,1,not_evaluated,not_evaluated
"For the last time, fetch the grey bone.",1.1030927835051547,0.037319255376243,97,89,6,2,not_evaluated,not_evaluated
Boners! Aim higher! ...to the head!,1.1030927835051547,0.0400936834693402,97,90,4,3,not_evaluated,not_evaluated
We must satiate the beast!,1.1029411764705883,0.0474998538991003,68,63,3,2,not_evaluated,not_evaluated
Knick Knack and Paddy Whack! You know what to do!,1.1025641025641026,0.0390945794678847,78,71,6,1,not_evaluated,not_evaluated
Doylent yellow is people.,1.1025641025641026,0.0431437883915064,78,72,4,2,not_evaluated,not_evaluated
We have to remember not to be coercive; just treats and no moats whatsoever!,1.1025641025641026,0.0390945794678847,78,71,6,1,not_evaluated,not_evaluated
"Monseiur - it's an English Lab! Rapide, give me the bland one!!",1.1025641025641026,0.0390945794678847,78,71,6,1,not_evaluated,not_evaluated
"Hurry, hurry! He's almost ready to capitulate!",1.1025641025641026,0.0390945794678847,78,71,6,1,not_evaluated,not_evaluated
Are we absolutely sure it doesn't breathe fire?,1.1025641025641026,0.0390945794678847,78,71,6,1,not_evaluated,not_evaluated
"The GREEN one, you idiot!   That is the one that has the arsenic!!",1.1025641025641026,0.0431437883915064,78,72,4,2,not_evaluated,not_evaluated
Throw this dog another bone!,1.1025641025641026,0.0345743519211918,78,70,8,0,not_evaluated,not_evaluated
"Hurry, I'm next in the food chain!",1.1025641025641026,0.0390945794678847,78,71,6,1,not_evaluated,not_evaluated
"Now that we've taught him to sit and stay, we should be able to pillage the other corner of the castle.",1.1025641025641026,0.0431437883915064,78,72,4,2,not_evaluated,not_evaluated
"Stop.
 No more,no more.""",1.1025641025641026,0.0390945794678847,78,71,6,1,not_evaluated,not_evaluated
"Quick! We need the ""all natural, vegan, organic serf flavored ""  biscuit!",1.1025641025641026,0.0390945794678847,78,71,6,1,not_evaluated,not_evaluated
"Do NOT shout, ""Roll over, Rover!""",1.1025641025641026,0.0345743519211918,78,70,8,0,not_evaluated,not_evaluated
"Start your stand up comedy career as the court fool, they said. It’ll give you a platform, they said.",1.1025641025641026,0.0431437883915064,78,72,4,2,not_evaluated,not_evaluated
The red bones! He needs the red bones,1.1025641025641026,0.0345743519211918,78,70,8,0,not_evaluated,not_evaluated
‘I’ll make no bones about it ..he’s huge’,1.1025641025641026,0.0345743519211918,78,70,8,0,not_evaluated,not_evaluated
"« Hurry-up lads, it seems we have a bone of contention here! »",1.1025641025641026,0.0345743519211918,78,70,8,0,not_evaluated,not_evaluated
Forget green and pink. He likes the yellow ones!,1.1022727272727273,0.0362843636973534,88,80,7,1,not_evaluated,not_evaluated
The Earthling behind this wall of sand loves those things,1.1022727272727273,0.0362843636973534,88,80,7,1,not_evaluated,not_evaluated
Leave the hot oil bones behind!,1.1022727272727273,0.0362843636973534,88,80,7,1,not_evaluated,not_evaluated
Let the big dog eat!,1.1022727272727273,0.0362843636973534,88,80,7,1,not_evaluated,not_evaluated
"More ammo, we are getting hounded up here.",1.1022727272727273,0.0324857203870887,88,79,9,0,not_evaluated,not_evaluated
This isn’t working. Prepare the kibblepaults!,1.1022727272727273,0.0362843636973534,88,80,7,1,not_evaluated,not_evaluated
Good news! We have resolved the bone he had to to pick with us.,1.1022727272727273,0.0362843636973534,88,80,7,1,not_evaluated,not_evaluated
"Don't quibble, dammit! He's already gotten enough cheese! Give me the pink liver one NOW!",1.1022727272727273,0.0362843636973534,88,80,7,1,not_evaluated,not_evaluated
The Great One says to enjoy the bones.,1.1022727272727273,0.0397213804993674,88,81,5,2,not_evaluated,not_evaluated
Not a good boy.,1.1022727272727273,0.0362843636973534,88,80,7,1,not_evaluated,not_evaluated
Forget it.  This humane approach isn’t working.,1.1022727272727273,0.0324857203870887,88,79,9,0,not_evaluated,not_evaluated
He says our charm offensive has won him over.,1.1022727272727273,0.0397213804993674,88,81,5,2,not_evaluated,not_evaluated
"Wait a minute, whats the old saying about the bigger the dog the bigger the...?",1.1022727272727273,0.0324857203870887,88,79,9,0,not_evaluated,not_evaluated
She wants to know if they have glutton,1.1022727272727273,0.0362843636973534,88,80,7,1,not_evaluated,not_evaluated
I'd feel safer if we used a helicopter.,1.1022727272727273,0.0362843636973534,88,80,7,1,not_evaluated,not_evaluated
beware the Greeks bearing bones,1.1022727272727273,0.0362843636973534,88,80,7,1,not_evaluated,not_evaluated
All he wants is a candy cane striped and flavored treat.  Why can't you deliver on his ONE wish?,1.1022727272727273,0.0324857203870887,88,79,9,0,not_evaluated,not_evaluated
We need to fire the translator -- it really was just a dog barking all along.,1.1020408163265305,0.0339855414065058,98,89,8,1,not_evaluated,not_evaluated
Prepare the trebuchet! It's Clifford the big red dog!,1.1020408163265305,0.0339855414065058,98,89,8,1,not_evaluated,not_evaluated
God is pleased. fellow dyslexics.,1.1020408163265305,0.0339855414065058,98,89,8,1,not_evaluated,not_evaluated
Forget it guys. Our Trojan cat idea probably won’t work.,1.1020408163265305,0.0339855414065058,98,89,8,1,not_evaluated,not_evaluated
"The last words of Cesar Milan of the Lilliputians, moments before his grisly demise in the jaws of Oreo: ""It's all about confidence.""",1.1020408163265305,0.036951460869878,98,90,6,2,not_evaluated,not_evaluated
"THIS OLD MAN, HE PLAYED SEVEN...",1.1020408163265305,0.0339855414065058,98,89,8,1,not_evaluated,not_evaluated
He's trying to pay with something called paper currency.,1.1020408163265305,0.0339855414065058,98,89,8,1,not_evaluated,not_evaluated
I think we’re gonna need a stronger tranquilizer!,1.1020408163265305,0.0307347293622136,98,88,10,0,not_evaluated,not_evaluated
"We brought bones to a dog fight, retreat!” “Re-treat?",1.1014492753623188,0.0420333948358774,69,63,5,1,not_evaluated,not_evaluated
Who let the dogs of war out?,1.1014492753623188,0.0420333948358774,69,63,5,1,not_evaluated,not_evaluated
"More, more ... he still won't shake!",1.1012658227848102,0.0426139448876036,79,73,4,2,not_evaluated,not_evaluated
Would one of you please get me a ball so I can play fetch!,1.1012658227848102,0.034158577388959,79,71,8,0,not_evaluated,not_evaluated
"Ok, he likes the one with dried sumac berries! Let's try the one with organic beetroot powder next.",1.1012658227848102,0.0386183680916298,79,72,6,1,not_evaluated,not_evaluated
It's not working.....he's into wet food!,1.1012658227848102,0.034158577388959,79,71,8,0,not_evaluated,not_evaluated
Hurry! He likes beet!,1.1012658227848102,0.0386183680916298,79,72,6,1,not_evaluated,not_evaluated
We need to keep feeding the best to keep him calm.,1.1012658227848102,0.0426139448876036,79,73,4,2,not_evaluated,not_evaluated
Keep them coming- but no pinks!It doesn’t like pinks!,1.1012658227848102,0.0386183680916298,79,72,6,1,not_evaluated,not_evaluated
"All you have to do is say ""sit"" and you can walk right around him.",1.1012658227848102,0.034158577388959,79,71,8,0,not_evaluated,not_evaluated
"Go back! That ""How to Serve People with Biscuits""  book is a cookbook!",1.1012658227848102,0.0426139448876036,79,73,4,2,not_evaluated,not_evaluated
We’ve got his attention now bring the ball.,1.1012658227848102,0.0386183680916298,79,72,6,1,not_evaluated,not_evaluated
"""Hurry with the red one! He's had it with the vegan options"".",1.1012658227848102,0.0426139448876036,79,73,4,2,not_evaluated,not_evaluated
He just ate my weapon!,1.1012658227848102,0.0386183680916298,79,72,6,1,not_evaluated,not_evaluated
"Good heavens, look at the size of that squirrel! Quick, men, before he jumps the walls!",1.1012658227848102,0.0426139448876036,79,73,4,2,not_evaluated,not_evaluated
Which one of you said that his height is worse than his bite?,1.1012658227848102,0.034158577388959,79,71,8,0,not_evaluated,not_evaluated
We're also going to need a helluva poop bag!,1.1012658227848102,0.0386183680916298,79,72,6,1,not_evaluated,not_evaluated
"She hates red,Tyler! Read the room!",1.101123595505618,0.035892757570611,89,81,7,1,not_evaluated,not_evaluated
Well need more reinforcements!  She's feeling peckish!,1.101123595505618,0.0321391884015368,89,80,9,0,not_evaluated,not_evaluated
He's sick of dragon bones! Go find a fair maiden and bring some unicorn liver!,1.101123595505618,0.0392893453869599,89,82,5,2,not_evaluated,not_evaluated
"Thee  believes the tail is wagging the dog""",1.101123595505618,0.035892757570611,89,81,7,1,not_evaluated,not_evaluated
What do you mean they couldn’t find a round table?!,1.101123595505618,0.0321391884015368,89,80,9,0,not_evaluated,not_evaluated
Aren't bones supposed to last a while!?,1.101123595505618,0.0321391884015368,89,80,9,0,not_evaluated,not_evaluated
"It’s worse than we feared, this castle’s “got that dawg in it.”",1.101123595505618,0.0321391884015368,89,80,9,0,not_evaluated,not_evaluated
Cease Fire!,1.101123595505618,0.0392893453869599,89,82,5,2,not_evaluated,not_evaluated
She knows sit and stay. The rest is up to you.,1.101123595505618,0.0321391884015368,89,80,9,0,not_evaluated,not_evaluated
He doesn't understand when we run out of treats!,1.101123595505618,0.0321391884015368,89,80,9,0,not_evaluated,not_evaluated
Hurry. We need to keep re-treating!,1.101123595505618,0.0392893453869599,89,82,5,2,not_evaluated,not_evaluated
"It's working! He doesn't like the vegan ones, stick to chicken!",1.101123595505618,0.0321391884015368,89,80,9,0,not_evaluated,not_evaluated
Keep 'em coming!  Santa needs a few more minutes!,1.101123595505618,0.035892757570611,89,81,7,1,not_evaluated,not_evaluated
"When will they learn? It’s not just a plague puppy, it’s a 20-ton commitment",1.101123595505618,0.035892757570611,89,81,7,1,not_evaluated,not_evaluated
"So far,appeasement works.",1.101010101010101,0.0304401487874877,99,89,10,0,not_evaluated,not_evaluated
Anyone know if he's named King?,1.1,0.0337526370277806,80,72,8,0,not_evaluated,not_evaluated
He eats the red ones last,1.1,0.0355094895090524,90,82,7,1,not_evaluated,not_evaluated
"When I say NickNackPaddyWhack, give the dog a bone.",1.1,0.0388665889335664,90,83,5,2,not_evaluated,not_evaluated
"He likes it, I think his name is Mikey",1.1,0.0337526370277806,80,72,8,0,not_evaluated,not_evaluated
"He says his name is Jacob, and he thinks he is dreaming",1.1,0.0381535870205101,80,73,6,1,not_evaluated,not_evaluated
"Okay, he likes the yellow ones. Put the sleeping powder on those, tout suite!",1.1,0.0381535870205101,80,73,6,1,not_evaluated,not_evaluated
Red Rover Red Rover! Red Rover Red Rover!!,1.1,0.0381535870205101,80,73,6,1,not_evaluated,not_evaluated
"Faster, Faster!",1.1,0.0381535870205101,80,73,6,1,not_evaluated,not_evaluated
Four more 'sit good boy' with treats then I need a volunteer for bite inhibition,1.1,0.0337526370277806,80,72,8,0,not_evaluated,not_evaluated
He's angry that there aren't blue bones like what he gets in his M & M bag!,1.1,0.0420969345526984,80,74,4,2,not_evaluated,not_evaluated
No! Drop the green one! He gets mad if he thinks we are trying to feed him vegan!,1.1,0.0355094895090524,90,82,7,1,not_evaluated,not_evaluated
Who Let the Dogs Out? We are not the Baha Men army!!,1.1,0.0317999364001907,90,81,9,0,not_evaluated,not_evaluated
"Hurry!  The more we feed him, the sooner we'll find out where they hid the secret doggie door.",1.1,0.0317999364001907,90,81,9,0,not_evaluated,not_evaluated
He wants to know how this European biscuit came to have coconut as an ingredient.,1.1,0.0333333333333332,100,91,8,1,not_evaluated,not_evaluated
Just curious... what are we putting in these biscuits?,1.1,0.0317999364001907,90,81,9,0,not_evaluated,not_evaluated
Oh no! He is eating the bone Babe Ruth signed!,1.1,0.0362371537669738,100,92,6,2,not_evaluated,not_evaluated
It’s alive! We’re going to need a ton of alpo.,1.1,0.0388665889335664,90,83,5,2,not_evaluated,not_evaluated
We could call ourselves Elon Musk and the ALPOrithms.,1.1,0.0414539081515265,70,64,5,1,not_evaluated,not_evaluated
If the dog marks us as territory we'll surely drown.,1.1,0.0317999364001907,90,81,9,0,not_evaluated,not_evaluated
These are NOT all gluten free!! PLEASE make sure BEFORE you hand them up!!! C’mon guys!!!,1.1,0.0355094895090524,90,82,7,1,not_evaluated,not_evaluated
He’s agreed to our terms. Send me another bone and I will get him to shake on it.,1.1,0.0333333333333332,100,91,8,1,not_evaluated,not_evaluated
Hold it! 'Good dog' isn't working. We need to try 'Fetch.',1.1,0.0419559247957682,90,84,3,3,not_evaluated,not_evaluated
"She says she’s made her last biscuit, we’re on our own now.",1.1,0.0317999364001907,90,81,9,0,not_evaluated,not_evaluated
"It's a trap!  Quick, get a Hefty poo bag, or we're doomed!",1.1,0.0337526370277806,80,72,8,0,not_evaluated,not_evaluated
He doesn't have a bone to pick with any of you!,1.1,0.0381535870205101,80,73,6,1,not_evaluated,not_evaluated
Quick! Bring the charcoal biscuit!,1.1,0.0420969345526984,80,74,4,2,not_evaluated,not_evaluated
"Hold up, he wants to know what happened to the treat truck idea?",1.1,0.0381535870205101,80,73,6,1,not_evaluated,not_evaluated
The most loyal defense just got treated!,1.1,0.0381535870205101,80,73,6,1,not_evaluated,not_evaluated
Ok...who said that building a wall would solve this?,1.1,0.0337526370277806,80,72,8,0,not_evaluated,not_evaluated
"""Didn't know he'd get this big!"" he said",1.1,0.0333333333333332,100,91,8,1,not_evaluated,not_evaluated
„I guess we can leave it at that - nothing but dog turds to plunder in here“,1.1,0.0355094895090524,90,82,7,1,not_evaluated,not_evaluated
"We’re going to need more ammo.”
Ellen Sullivan
Plum Island, M",1.099009900990099,0.0330164990109565,101,92,8,1,not_evaluated,not_evaluated
throw me the peanut butter ones!!! he’s allergic to the peanut butter ones!!,1.099009900990099,0.0330164990109565,101,92,8,1,not_evaluated,not_evaluated
Send up some raw meat and a couple of cats.,1.098901098901099,0.0351342968740858,91,83,7,1,not_evaluated,not_evaluated
No more biscuits! Bring the big T-bone!,1.098901098901099,0.0351342968740858,91,83,7,1,not_evaluated,not_evaluated
You wouldn't think it would matter but he prefers the yellow ones.,1.098901098901099,0.0351342968740858,91,83,7,1,not_evaluated,not_evaluated
test,1.098901098901099,0.0351342968740858,91,83,7,1,not_evaluated,not_evaluated
"We can overpower him, no bones about it!",1.098901098901099,0.0314677386006073,91,82,9,0,not_evaluated,not_evaluated
He wants real bones. Abort!,1.098901098901099,0.0351342968740858,91,83,7,1,not_evaluated,not_evaluated
We should have used the CATapult,1.098901098901099,0.0314677386006073,91,82,9,0,not_evaluated,not_evaluated
He says they've already got one!,1.0987654320987654,0.0333561878669291,81,73,8,0,not_evaluated,not_evaluated
He is the leader!,1.0987654320987654,0.0333561878669291,81,73,8,0,not_evaluated,not_evaluated
"He says if you're red, you're exempt from taxes!",1.0987654320987654,0.0376998308261789,81,74,6,1,not_evaluated,not_evaluated
It’s working! We can storm his dog bed now!!,1.0987654320987654,0.0333561878669291,81,73,8,0,not_evaluated,not_evaluated
"Hurry up, guys! We have to feed our Trojan dog.",1.0987654320987654,0.0376998308261789,81,74,6,1,not_evaluated,not_evaluated
We're gonna need a bigger boat. I mean bone. And earth tones may work better than pastels.,1.0987654320987654,0.0376998308261789,81,74,6,1,not_evaluated,not_evaluated
Look at the size of these things!  How did I know they were dog biscuits?,1.0987654320987654,0.0333561878669291,81,73,8,0,not_evaluated,not_evaluated
"He's saying that it's not nutritious, and that our choice of food shows we don't really care about him.",1.0987654320987654,0.0376998308261789,81,74,6,1,not_evaluated,not_evaluated
"Orange, he likes orange flavor!!",1.0987654320987654,0.0333561878669291,81,73,8,0,not_evaluated,not_evaluated
"It's OK, chaps, he's such a good boy!",1.0985915492957747,0.0408901437281721,71,65,5,1,not_evaluated,not_evaluated
We must continue our quest!,1.0985915492957747,0.0356312975793619,71,64,7,0,not_evaluated,not_evaluated
"No more yellows! 
He wants blue. 
Blues of ANY hue.",1.0985915492957747,0.0356312975793619,71,64,7,0,not_evaluated,not_evaluated
Trust me this is our meal ticket too!,1.0985915492957747,0.0356312975793619,71,64,7,0,not_evaluated,not_evaluated
Enough! I don't want to hear anything else about how our spikey hoods look like condoms! Just bring me the next bone!,1.0980392156862746,0.0327056132601767,102,93,8,1,not_evaluated,not_evaluated
More paprika!,1.0980392156862746,0.0295891885316131,102,92,10,0,not_evaluated,not_evaluated
They're not not exploding!,1.0978260869565215,0.0347669279034979,92,84,7,1,not_evaluated,not_evaluated
"The bones aren't big enough, she says!",1.0978260869565215,0.0380477439421366,92,85,5,2,not_evaluated,not_evaluated
Hurry up! Throw away the pink and greens and get more yellows!,1.0978260869565215,0.0347669279034979,92,84,7,1,not_evaluated,not_evaluated
He thinks he’s a big dog.,1.0978260869565215,0.0311423784031929,92,83,9,0,not_evaluated,not_evaluated
"He ate the chocolate. Now, run!",1.0978260869565215,0.0311423784031929,92,83,9,0,not_evaluated,not_evaluated
Even Dogzilla forgot where he put the keys to the castle.,1.0978260869565215,0.0380477439421366,92,85,5,2,not_evaluated,not_evaluated
"Yes, new puppy owners, this is exactly what you’ll be doing every day for the next 11 to 16 years! You’re doing great, now keep the treat-o’s coming!!",1.0978260869565215,0.0347669279034979,92,84,7,1,not_evaluated,not_evaluated
"recule, recule! j’ai dit ‘wee wee’, pas ‘oui oui’!",1.0978260869565215,0.0380477439421366,92,85,5,2,not_evaluated,not_evaluated
"He likes the liver flavor. Forget the chicken, vegetarian and beef flavor. 
Give me liver or give me death!",1.0975609756097562,0.0372567129671206,82,75,6,1,not_evaluated,not_evaluated
"What happened was he ate St. Peter, guys.",1.0975609756097562,0.0372567129671206,82,75,6,1,not_evaluated,not_evaluated
"Quit saying ""Good Boy!""",1.0975609756097562,0.0329689026032423,82,74,8,0,not_evaluated,not_evaluated
Does anybody have a really big plastic bag?!,1.0975609756097562,0.0372567129671206,82,75,6,1,not_evaluated,not_evaluated
Why are your dinosaur femurs different colors?,1.0975609756097562,0.0372567129671206,82,75,6,1,not_evaluated,not_evaluated
Quick! Another bone of a giant Englishman!,1.0975609756097562,0.0372567129671206,82,75,6,1,not_evaluated,not_evaluated
"Sir Knick, Sir Knack, Sir Paddy, Sir Whack! We needn't fret, let us start rolling home!",1.0975609756097562,0.0329689026032423,82,74,8,0,not_evaluated,not_evaluated
The reports were wrong! It's NOT King Charles!,1.0975609756097562,0.0329689026032423,82,74,8,0,not_evaluated,not_evaluated
I told him five treats were all h'd get!,1.0975609756097562,0.0372567129671206,82,75,6,1,not_evaluated,not_evaluated
"Ok quick, check to see if this old man is rolling home this time.",1.0975609756097562,0.0372567129671206,82,75,6,1,not_evaluated,not_evaluated
Fetch the Privy Council!,1.0975609756097562,0.0410995959027184,82,76,4,2,not_evaluated,not_evaluated
He’s from Myanmar.,1.0975609756097562,0.0410995959027184,82,76,4,2,not_evaluated,not_evaluated
Give me another treat before he has a chance to speak,1.0975609756097562,0.0372567129671206,82,75,6,1,not_evaluated,not_evaluated
"Quick, get me the butt-scented biscuit!",1.0975609756097562,0.0446126765126133,82,77,2,3,not_evaluated,not_evaluated
Fools! You should never pull the Bon-aparte!,1.0975609756097562,0.0372567129671206,82,75,6,1,not_evaluated,not_evaluated
He wants to know what we did with the rest of the giant chicken,1.0975609756097562,0.0372567129671206,82,75,6,1,not_evaluated,not_evaluated
He needs a belly rub next!,1.0975609756097562,0.0372567129671206,82,75,6,1,not_evaluated,not_evaluated
"Hey, this is a bone-eating sphinx!",1.0975609756097562,0.0410995959027184,82,76,4,2,not_evaluated,not_evaluated
More bones. My god I said MORE BONES.,1.0975609756097562,0.0410995959027184,82,76,4,2,not_evaluated,not_evaluated
Next?! Double dog dare ya!,1.0975609756097562,0.0329689026032423,82,74,8,0,not_evaluated,not_evaluated
"Bad news boys, he only likes human food.",1.0972222222222223,0.0351596082531163,72,65,7,0,not_evaluated,not_evaluated
More of the lemon-flaovored!!,1.0970873786407769,0.0324005106588894,103,94,8,1,not_evaluated,not_evaluated
"If you dangle them we can get a nice waterslide going
Frank",1.096774193548387,0.0308236479324487,93,84,9,0,not_evaluated,not_evaluated
"Keep going, he’s getting suspicious!",1.096774193548387,0.0308236479324487,93,84,9,0,not_evaluated,not_evaluated
He's done eating...who wants to walk and pick up after him?...,1.096774193548387,0.0344071411564538,93,85,7,1,not_evaluated,not_evaluated
Nick -nack paddy whack!  And hurry!,1.096774193548387,0.0344071411564538,93,85,7,1,not_evaluated,not_evaluated
"She doesn't like the yellow, send up some pink!",1.096774193548387,0.0344071411564538,93,85,7,1,not_evaluated,not_evaluated
"We’re going to need more! More treats, carrots and ice cubes!",1.096774193548387,0.037651101620759,93,86,5,2,not_evaluated,not_evaluated
"Just as I suspected, he’s a good boy. Now storm the gates!",1.096774193548387,0.0344071411564538,93,85,7,1,not_evaluated,not_evaluated
"It’s hard work, but way better than the cleanup!",1.096774193548387,0.0308236479324487,93,84,9,0,not_evaluated,not_evaluated
Hurry! Sir Wags-a-Lot demands sacrifice!,1.0963855421686748,0.0325904687229191,83,75,8,0,not_evaluated,not_evaluated
We need to use the rawhide battering ram!,1.0963855421686748,0.0325904687229191,83,75,8,0,not_evaluated,not_evaluated
Guys! I'm gonna need some more of that peanis butter! I mean peanut butter! and why isn't anyone holding the ladder?,1.0963855421686748,0.0368238647055129,83,76,6,1,not_evaluated,not_evaluated
I asked him how he won us over.  He says his name is Clifford and this wasn't his first rodeo.,1.0963855421686748,0.0368238647055129,83,76,6,1,not_evaluated,not_evaluated
"ok, but don't forget what the vet said about overfeeding",1.0963855421686748,0.0325904687229191,83,75,8,0,not_evaluated,not_evaluated
He says he was called Gulliver in his past life.,1.0963855421686748,0.0325904687229191,83,75,8,0,not_evaluated,not_evaluated
BRING UP THE RESERVES!! QUICK!,1.0963855421686748,0.0368238647055129,83,76,6,1,not_evaluated,not_evaluated
She should have stuck with corgies!,1.0963855421686748,0.0368238647055129,83,76,6,1,not_evaluated,not_evaluated
C'mon. Are you a man or a mouse?,1.0963855421686748,0.0368238647055129,83,76,6,1,not_evaluated,not_evaluated
When you get up here watch your fingers!,1.0963855421686748,0.0368238647055129,83,76,6,1,not_evaluated,not_evaluated
"No! No! NO! The funny bone and hurry, he’s growing!!",1.0963855421686748,0.0325904687229191,83,75,8,0,not_evaluated,not_evaluated
Quick! Tell him he's a good boy!,1.0963855421686748,0.0368238647055129,83,76,6,1,not_evaluated,not_evaluated
"Okay, now…who wants to try shaking hands?",1.0963855421686748,0.0325904687229191,83,75,8,0,not_evaluated,not_evaluated
Do we have any pumpkin or sweet potato?,1.0963855421686748,0.0325904687229191,83,75,8,0,not_evaluated,not_evaluated
If we get inside believe me watch where you walk!,1.0963855421686748,0.0368238647055129,83,76,6,1,not_evaluated,not_evaluated
He has a bone to pick with you. Green.,1.0963855421686748,0.0368238647055129,83,76,6,1,not_evaluated,not_evaluated
"Just don't stand there, throw me a bone!",1.0963855421686748,0.0325904687229191,83,75,8,0,not_evaluated,not_evaluated
"Hurry, he’s hungry and I’m next!",1.0963855421686748,0.0325904687229191,83,75,8,0,not_evaluated,not_evaluated
"Moativated or not, app says - even dethroned kings deserve tax free bones!",1.0963855421686748,0.0368238647055129,83,76,6,1,not_evaluated,not_evaluated
We should have got a goldfish instead,1.0963855421686748,0.0368238647055129,83,76,6,1,not_evaluated,not_evaluated
One of you get up here now! He smells my cat.,1.0961538461538465,0.0348881461613371,104,96,6,2,not_evaluated,not_evaluated
"Quick, before he eats us!!!",1.0961538461538465,0.0290477150186138,104,94,10,0,not_evaluated,not_evaluated
"No obstacle is too great for us, the Knights of the Hound Table!",1.095890410958904,0.0398072962880426,73,67,5,1,not_evaluated,not_evaluated
"Retreat, it's a bad dog!",1.095890410958904,0.0398072962880426,73,67,5,1,not_evaluated,not_evaluated
"Knick-knack paddy-whack got us this far, so let's just keep following the instructions!",1.095890410958904,0.0347001921314398,73,66,7,0,not_evaluated,not_evaluated
"Okay, wheel out the giant fire hydrant.",1.095890410958904,0.0443298809108392,73,68,3,2,not_evaluated,not_evaluated
Not the pink one! They are spayed!,1.095890410958904,0.0398072962880426,73,67,5,1,not_evaluated,not_evaluated
"Yo, Trevor, he's got his eye on you! Remember the 5-second rule ! Pick up that biscuit, Now!",1.095890410958904,0.0398072962880426,73,67,5,1,not_evaluated,not_evaluated
It's the Trojan Beagle and he's hungry,1.0957446808510638,0.0340547049919846,94,86,7,1,not_evaluated,not_evaluated
He likes them but they give him Gas!,1.0957446808510638,0.0340547049919846,94,86,7,1,not_evaluated,not_evaluated
"Quick, more liver!",1.0957446808510638,0.0340547049919846,94,86,7,1,not_evaluated,not_evaluated
"It is settled, he prefers the spicy yellow ones the best!",1.0957446808510638,0.0305113476052096,94,85,9,0,not_evaluated,not_evaluated
"He seems immune to our weapons, with an unending appetite! Bring forth the nuggets!",1.0957446808510638,0.0340547049919846,94,86,7,1,not_evaluated,not_evaluated
What doth thou mean we forgot to puteth in the sleeping pills?,1.0952380952380951,0.0401483466137025,84,78,4,2,not_evaluated,not_evaluated
"No, the villagers are mistaken, he isn’t King Kong, he’s a dog!  Tell them to bring him a Kong preferably stuffed with a virgin, -not this
 Milk Bone crud.",1.0952380952380951,0.0401483466137025,84,78,4,2,not_evaluated,not_evaluated
It’s not gluten-free.,1.0952380952380951,0.0322205876812368,84,76,8,0,not_evaluated,not_evaluated
Alpo! Alpo! I distinctly directed Alpo.,1.0952380952380951,0.0322205876812368,84,76,8,0,not_evaluated,not_evaluated
Hurry up. I need two for his asshole.,1.0952380952380951,0.0401483466137025,84,78,4,2,not_evaluated,not_evaluated
I don't see how this is better than the Trojan Horse.,1.0952380952380951,0.0364009340974807,84,77,6,1,not_evaluated,not_evaluated
hold up! he says he's on a high-protein fido-diet..,1.0952380952380951,0.0364009340974807,84,77,6,1,not_evaluated,not_evaluated
"Hoist that bale, lift that barge...and for God's Sake, more biscuits before it becomes a dog's day afternoon!",1.0952380952380951,0.0364009340974807,84,77,6,1,not_evaluated,not_evaluated
He's demanding we retrieve immediately!,1.0952380952380951,0.0322205876812368,84,76,8,0,not_evaluated,not_evaluated
"The plan worked, he’s distracted, time to... oh look over there, a squirrel!",1.0952380952380951,0.0322205876812368,84,76,8,0,not_evaluated,not_evaluated
"Call the dentist, he just bit down on a piece of human.",1.0952380952380951,0.0322205876812368,84,76,8,0,not_evaluated,not_evaluated
Your turn! he says green ones are his favorites,1.0952380952380951,0.0364009340974807,84,77,6,1,not_evaluated,not_evaluated
Ineffective -- ineffective! Load up the catapults with canned food!,1.0952380952380951,0.0345664130207723,105,97,6,2,not_evaluated,not_evaluated
"She is colorblind, she smells the color out.",1.0952380952380951,0.0322205876812368,84,76,8,0,not_evaluated,not_evaluated
I have the situation underground control. When he was a puppy he wouldn’t let on the sofa except when he was digesting.,1.0952380952380951,0.0322205876812368,84,76,8,0,not_evaluated,not_evaluated
Dem bones gonna rise again,1.0947368421052632,0.0398026604999293,95,89,3,3,not_evaluated,not_evaluated
Forget those; wheel in the peanut butter cannon!,1.0947368421052632,0.0302052857240613,95,86,9,0,not_evaluated,not_evaluated
"Oh, come on, they are not that heavy. Can you imagine if we had to build this pyramid on our own?",1.0947368421052632,0.0302052857240613,95,86,9,0,not_evaluated,not_evaluated
000000000000000000000000000000,1.0947368421052632,0.0368820771803751,95,88,5,2,not_evaluated,not_evaluated
We’re gonna need a jumbo size pooper scooper.”,1.0947368421052632,0.0337093970786436,95,87,7,1,not_evaluated,not_evaluated
Need another one lickety-split!,1.0947368421052632,0.0368820771803751,95,88,5,2,not_evaluated,not_evaluated
"Despite their best efforts, the knights knew that they would only be able to satiate the strange wolf-like beast's hunger temporarily.",1.0947368421052632,0.0337093970786436,95,87,7,1,not_evaluated,not_evaluated
The ORANGE ones! He wants the ORANGE ONES!,1.0945945945945943,0.0392870511441644,74,68,5,1,not_evaluated,not_evaluated
We need sleeping powder cookies!,1.0945945945945943,0.034252578598678,74,67,7,0,not_evaluated,not_evaluated
Come on! Throw the dog a bone!,1.0945945945945943,0.034252578598678,74,67,7,0,not_evaluated,not_evaluated
Send up the one with the poison in it.,1.0941176470588236,0.0318589741358272,85,77,8,0,not_evaluated,not_evaluated
"Mixed metaphors be damned: I cry Havoc, Paddywhack, give this dog-of-war his bones.",1.0941176470588236,0.0396890201771618,85,79,4,2,not_evaluated,not_evaluated
"It's Clifford, the big red dog's cousin! Let's throw him a bone.",1.0941176470588236,0.0318589741358272,85,77,8,0,not_evaluated,not_evaluated
"For all the ""boners"" we have in this macho outfit, I don't think we can succeed with this invasion.",1.0941176470588236,0.0318589741358272,85,77,8,0,not_evaluated,not_evaluated
Hurry it up! Clifford's got a tape worm.,1.0941176470588236,0.0396890201771618,85,79,4,2,not_evaluated,not_evaluated
"Keep them coming, the others are successfully scaling the other wall.",1.0941176470588236,0.0318589741358272,85,77,8,0,not_evaluated,not_evaluated
Back off! A Frisbee's coming.,1.0941176470588236,0.0359875850510316,85,78,6,1,not_evaluated,not_evaluated
He’s barking up the wall for these treats,1.0941176470588236,0.0359875850510316,85,78,6,1,not_evaluated,not_evaluated
"Come on, fast! Tell him he's a good boy!",1.0941176470588236,0.0318589741358272,85,77,8,0,not_evaluated,not_evaluated
I thought he was red.,1.0941176470588236,0.0318589741358272,85,77,8,0,not_evaluated,not_evaluated
Run - he's about to go wee-wee!,1.0941176470588236,0.0359875850510316,85,78,6,1,not_evaluated,not_evaluated
"Lay down your bones, he's a friend!",1.0941176470588236,0.0318589741358272,85,77,8,0,not_evaluated,not_evaluated
He really is bad to the biscuit.”,1.09375,0.0299052780942551,96,87,9,0,not_evaluated,not_evaluated
"His terms are bacon, not peanut butter!",1.09375,0.0333710039331868,96,88,7,1,not_evaluated,not_evaluated
Hand me the drool tool!,1.09375,0.0333710039331868,96,88,7,1,not_evaluated,not_evaluated
"Hurry up,we don't want the old man to come rolling down the road.",1.0933333333333333,0.0431771266327932,75,70,3,2,not_evaluated,not_evaluated
I’m telling you Richard III’s service canine LOVES Ye Olde pastel Bones of Milk!,1.0933333333333333,0.0338163206683332,75,68,7,0,not_evaluated,not_evaluated
"Quick, the toilet water now and we're in!",1.0933333333333333,0.0338163206683332,75,68,7,0,not_evaluated,not_evaluated
"Since he ate up everyone in the castle, I don't think the biscuits are going to satisfy him.",1.0933333333333333,0.0387801998950999,75,69,5,1,not_evaluated,not_evaluated
Good thing we brought the dog biscuits,1.0933333333333333,0.0387801998950999,75,69,5,1,not_evaluated,not_evaluated
Quick! He thinks I'm the next treat!,1.0930232558139534,0.0355834964464631,86,79,6,1,not_evaluated,not_evaluated
"Back off, the viagra supplement is having a different effect on him",1.0930232558139534,0.0355834964464631,86,79,6,1,not_evaluated,not_evaluated
Wait! We can starve him out.,1.0930232558139534,0.0315053552295152,86,78,8,0,not_evaluated,not_evaluated
More dog bone!,1.0930232558139534,0.0355834964464631,86,79,6,1,not_evaluated,not_evaluated
Nick! Knack! Paddy! Wack! Make haste!,1.0930232558139534,0.0355834964464631,86,79,6,1,not_evaluated,not_evaluated
I works! Follow me and don’t forget your bones! Just don’t let the scent rub off on you.,1.0930232558139534,0.0315053552295152,86,78,8,0,not_evaluated,not_evaluated
"Dang, I think he needs to go out!",1.0930232558139534,0.0315053552295152,86,78,8,0,not_evaluated,not_evaluated
"For God's sake, no more beef!  It gives him the farts!",1.0930232558139534,0.0355834964464631,86,79,6,1,not_evaluated,not_evaluated
"Give me the pink one quick!
 He hates  yellow",1.0930232558139534,0.0392400691968422,86,80,4,2,not_evaluated,not_evaluated
Hurry up. The doggy breath is fierce.,1.0930232558139534,0.0355834964464631,86,79,6,1,not_evaluated,not_evaluated
It's the dog you lost Martin,1.0930232558139534,0.0315053552295152,86,78,8,0,not_evaluated,not_evaluated
Keep it coming. We need to keep him off the front gate for our guys to get in.,1.092783505154639,0.0296111476625672,97,88,9,0,not_evaluated,not_evaluated
Hear ye! King Poochie desires his catapult for fetch!,1.092783505154639,0.0330393204863048,97,89,7,1,not_evaluated,not_evaluated
Skip the pink one. It looks gray to Dog.,1.092783505154639,0.0330393204863048,97,89,7,1,not_evaluated,not_evaluated
"This one's worthless, it's just a bit-bone.",1.092783505154639,0.0330393204863048,97,89,7,1,not_evaluated,not_evaluated
He's tired of chicken flavor. We can all sneak by with the beef,1.092783505154639,0.0296111476625672,97,88,9,0,not_evaluated,not_evaluated
Okay. NOW it's working. It's a good thing we switched to kosher.,1.0921052631578947,0.0333909935274987,76,69,7,0,not_evaluated,not_evaluated
We flrgot the squeaky toy,1.0921052631578947,0.0382862330575354,76,70,5,1,not_evaluated,not_evaluated
Everything we have been told is a lie! A lie! They are NOT color blind,1.0921052631578947,0.0333909935274987,76,69,7,0,not_evaluated,not_evaluated
Take them back! He wants yellow M&Ms!,1.0921052631578947,0.0333909935274987,76,69,7,0,not_evaluated,not_evaluated
"OMG! He dislikes the gluten free dog cookie, throw up the pink salmon delight one.",1.0921052631578947,0.0382862330575354,76,70,5,1,not_evaluated,not_evaluated
"Quick, before this old man comes rolling home!",1.0921052631578947,0.0426229144324784,76,71,3,2,not_evaluated,not_evaluated
Fido was a  huge fan of Deep Purple .,1.0921052631578947,0.0333909935274987,76,69,7,0,not_evaluated,not_evaluated
Halt! From now on he only wants organic duck treats!,1.0921052631578947,0.0333909935274987,76,69,7,0,not_evaluated,not_evaluated
"NO, NO, more of the yellow ones, just the yellow ones!",1.0921052631578947,0.0333909935274987,76,69,7,0,not_evaluated,not_evaluated
"Hey, kids! You can’t all tell Miss Johnson the dog ate your homework!",1.091954022988506,0.0351883613144799,87,80,6,1,not_evaluated,not_evaluated
Hurry--get more bacon-flavored and he'll let us in.,1.091954022988506,0.0351883613144799,87,80,6,1,not_evaluated,not_evaluated
NO MORE WITH PEANUT BUTTER! HE'S ALLERGIC!,1.091954022988506,0.0351883613144799,87,80,6,1,not_evaluated,not_evaluated
"Hurry, he's definitely not a good boy!",1.091954022988506,0.0388011466114124,87,81,4,2,not_evaluated,not_evaluated
"Quick, more treats. He's the big dog in this castle and we need to keep him happy.",1.091954022988506,0.0311594699190543,87,79,8,0,not_evaluated,not_evaluated
"The chicken, the chicken. I don't think this is the time to try to get him on a vegan diet.",1.091954022988506,0.0388011466114124,87,81,4,2,not_evaluated,not_evaluated
No more lemon biscuits!!!,1.091954022988506,0.0388011466114124,87,81,4,2,not_evaluated,not_evaluated
No Way! It's Bully Max or nothing!,1.091954022988506,0.0388011466114124,87,81,4,2,not_evaluated,not_evaluated
"Enjoy it while it lasts, boys. Next week we're on pooper scooper duty.",1.091954022988506,0.0351883613144799,87,80,6,1,not_evaluated,not_evaluated
We need a new rescue plan.,1.091954022988506,0.0311594699190543,87,79,8,0,not_evaluated,not_evaluated
Keep the Milk-Bone Original Dog Treats Biscuits for Large Dogs coming. He’s not into the other kinds.,1.091954022988506,0.0311594699190543,87,79,8,0,not_evaluated,not_evaluated
One more should hold him to the end of off-leash hours.,1.091954022988506,0.0311594699190543,87,79,8,0,not_evaluated,not_evaluated
"He is in control now, tell others to go from behind",1.091954022988506,0.0311594699190543,87,79,8,0,not_evaluated,not_evaluated
Will those keep him from growing any more????,1.0918367346938775,0.029322724176663,98,89,9,0,not_evaluated,not_evaluated
Hurry up! You are as slow as a fat dog!,1.0918367346938775,0.029322724176663,98,89,9,0,not_evaluated,not_evaluated
The great siege of Caynyne proved to be the ultimate testing ground for Sir Alabasters’ questionably gourmet confections.,1.0918367346938775,0.0357855980052069,98,91,5,2,not_evaluated,not_evaluated
He wants the green one next! This can't be good.,1.0909090909090908,0.0308210683464004,88,80,8,0,not_evaluated,not_evaluated
Make no bones about it: he’s a doggone pushover.,1.0909090909090908,0.0308210683464004,88,80,8,0,not_evaluated,not_evaluated
He only likes the yellow ones!,1.0909090909090908,0.0308210683464004,88,80,8,0,not_evaluated,not_evaluated
Who’s the wise guy who made the Pumpkin Spice dog biscuits?,1.0909090909090908,0.0348018860676716,88,81,6,1,not_evaluated,not_evaluated
More bones! He doesn't know how to cook and is very food motivated!,1.0909090909090908,0.0378046666002046,77,71,5,1,not_evaluated,not_evaluated
He doesn't eat grains! Retreat!!!,1.0909090909090908,0.0308210683464004,88,80,8,0,not_evaluated,not_evaluated
I can't go over because he has left a giant you know what down there.,1.0909090909090908,0.0308210683464004,88,80,8,0,not_evaluated,not_evaluated
Rex appetitus!,1.0909090909090908,0.0420827318078432,77,72,3,2,not_evaluated,not_evaluated
Thou art gonna needeth a bigger bone,1.0909090909090908,0.0323953020499908,99,91,7,1,not_evaluated,not_evaluated
Forget the bride. We're being played. This is just the pet!,1.0909090909090908,0.0348018860676716,88,81,6,1,not_evaluated,not_evaluated
I don’t think we understand how a siege is meant to work.,1.0909090909090908,0.0329761931868187,77,70,7,0,not_evaluated,not_evaluated
"He says when we get serious, bring some supersized, truffle-flavored ones.",1.0909090909090908,0.0308210683464004,88,80,8,0,not_evaluated,not_evaluated
"Bring forth the pink chewy bone, sirrah!  The Tartars are in full retreat!",1.0909090909090908,0.0308210683464004,88,80,8,0,not_evaluated,not_evaluated
C'mon -- I think he's weakening!,1.0909090909090908,0.0308210683464004,88,80,8,0,not_evaluated,not_evaluated
No bones about it: hurry up.,1.0909090909090908,0.0420827318078432,77,72,3,2,not_evaluated,not_evaluated
His shots are due. Does the vet have his armor on?,1.0909090909090908,0.0329761931868187,77,70,7,0,not_evaluated,not_evaluated
"'Eave 'o, lads!  And who in 'ell art ol' Muva Ubbart?",1.0909090909090908,0.0308210683464004,88,80,8,0,not_evaluated,not_evaluated
Vegan only!,1.0909090909090908,0.0308210683464004,88,80,8,0,not_evaluated,not_evaluated
He can taste the saltpeter!,1.0909090909090908,0.0348018860676716,88,81,6,1,not_evaluated,not_evaluated
Since when did they start using Clifford as a defense mechanism???,1.0909090909090908,0.0348018860676716,88,81,6,1,not_evaluated,not_evaluated
I need the faux oxtail-flavored one -- fast!,1.0909090909090908,0.0308210683464004,88,80,8,0,not_evaluated,not_evaluated
"He’ll only agree if we give him the red biscuit…

Lauren Keyson, NYC",1.0909090909090908,0.0304140307856909,110,101,8,1,not_evaluated,not_evaluated
Who's got the pooper-scooper!,1.0909090909090908,0.0308210683464004,88,80,8,0,not_evaluated,not_evaluated
His vet just texted! No treats allowed!,1.0909090909090908,0.0420827318078432,77,72,3,2,not_evaluated,not_evaluated
I told you not to play with the catapult near the neighbor's fence.,1.0909090909090908,0.0308210683464004,88,80,8,0,not_evaluated,not_evaluated
"I gave it to him, but we cannot get home.",1.0909090909090908,0.0329761931868187,77,70,7,0,not_evaluated,not_evaluated
Halt! Halt! Trojan bones aren't going to work.,1.0909090909090908,0.0348018860676716,88,81,6,1,not_evaluated,not_evaluated
We may have taken the Elf on the Shelf theme a little too far this time,1.0909090909090908,0.0308210683464004,88,80,8,0,not_evaluated,not_evaluated
"Follow ME, minions!",1.0898876404494382,0.0344237897813664,89,82,6,1,not_evaluated,not_evaluated
Save the pink one for the lady of the castle.,1.0898876404494382,0.0344237897813664,89,82,6,1,not_evaluated,not_evaluated
Forget the snack bones in assorted colors. He wants a bitch in heat. Preferably a playful labradoodle.,1.0898876404494382,0.0304899112494367,89,81,8,0,not_evaluated,not_evaluated
He said NO Christmas bones. Turn back now.,1.0898876404494382,0.0304899112494367,89,81,8,0,not_evaluated,not_evaluated
We must distract him! Deploy the cat-apults!,1.0897435897435896,0.0373350403784312,78,72,5,1,not_evaluated,not_evaluated
"Back, back you fools! Goudard has taken the rampart and the fort, alas!",1.0897435897435896,0.0415560533864733,78,73,3,2,not_evaluated,not_evaluated
"This is a stupid thing to do.
But hurry up.",1.0897435897435896,0.0325715352272311,78,71,7,0,not_evaluated,not_evaluated
Hurry!  He wants the pink one.,1.0897435897435896,0.0373350403784312,78,72,5,1,not_evaluated,not_evaluated
"Hold off, he's transitioning! Catnip, please!",1.0897435897435896,0.0325715352272311,78,71,7,0,not_evaluated,not_evaluated
"Ok, we're gonna need the catapult AND the ballista!",1.0897435897435896,0.0325715352272311,78,71,7,0,not_evaluated,not_evaluated
This job was supposed to be a treat.,1.0897435897435896,0.0453861862912026,78,74,1,3,not_evaluated,not_evaluated
History apparently repeats itself.,1.0897435897435896,0.0373350403784312,78,72,5,1,not_evaluated,not_evaluated
"Hey Nick, HeyNack, Hey Paddy and you Wack",1.0897435897435896,0.0373350403784312,78,72,5,1,not_evaluated,not_evaluated
We’ll never get him to surrender- he’s been a really good boy,1.0897435897435896,0.0415560533864733,78,73,3,2,not_evaluated,not_evaluated
"We should've used a catapult to distract him with a ball.""",1.0895522388059702,0.0351474459891142,67,61,6,0,not_evaluated,not_evaluated
"Once more unto the chops, dear friends, once more!",1.0891089108910892,0.0284900882573032,101,92,9,0,not_evaluated,not_evaluated
"Ok, time for the green, ex-lax one!",1.0888888888888888,0.0340538035202145,90,83,6,1,not_evaluated,not_evaluated
"Quick, toss me the green one!
He says he's going vegan! ?",1.0888888888888888,0.0340538035202145,90,83,6,1,not_evaluated,not_evaluated
Hurry! He’s a very good boy! Yes he is!,1.0888888888888888,0.0340538035202145,90,83,6,1,not_evaluated,not_evaluated
He says they need more salt,1.0888888888888888,0.0340538035202145,90,83,6,1,not_evaluated,not_evaluated
"Oh, fuck!",1.0888888888888888,0.0375413029120021,90,84,4,2,not_evaluated,not_evaluated
Hold up a sec — he says he’ll really get medieval on us if we switch from cheeseburger-flavored to veggie.,1.0888888888888888,0.0301657694093163,90,82,8,0,not_evaluated,not_evaluated
Feed the beatsy,1.0888888888888888,0.0340538035202145,90,83,6,1,not_evaluated,not_evaluated
Keep them coming...his bite is worse than his bark.,1.0888888888888888,0.0301657694093163,90,82,8,0,not_evaluated,not_evaluated
He wants the one with Kale in it.,1.0886075949367089,0.0321766536355565,79,72,7,0,not_evaluated,not_evaluated
Buddy only likes the yellow ones!,1.0886075949367089,0.0368769166824679,79,73,5,1,not_evaluated,not_evaluated
Just  make sure they are gluten free!,1.0886075949367089,0.0321766536355565,79,72,7,0,not_evaluated,not_evaluated
"If we don't keep him happy, he'll pour boiling gravy train on us.",1.0886075949367089,0.0368769166824679,79,73,5,1,not_evaluated,not_evaluated
"Hurry, he wants more mango, not the lemon, lime or strawberry.",1.0886075949367089,0.0410423796682014,79,74,3,2,not_evaluated,not_evaluated
"Hold it!  Use the yellow ones, I don't think he has the holiday spirit at all!",1.0886075949367089,0.0368769166824679,79,73,5,1,not_evaluated,not_evaluated
It looks like we will need the whole box.,1.0886075949367089,0.0368769166824679,79,73,5,1,not_evaluated,not_evaluated
A few more treats in primary colors and the castle will be ou… Oh Bloody Hell!,1.0886075949367089,0.0368769166824679,79,73,5,1,not_evaluated,not_evaluated
He says he meant life-size bones of his size.,1.0886075949367089,0.0321766536355565,79,72,7,0,not_evaluated,not_evaluated
This new fortified dog food really works!,1.0886075949367089,0.0448223925471622,79,75,1,3,not_evaluated,not_evaluated
I didn't see Ralph come down the ladder.,1.0886075949367089,0.0368769166824679,79,73,5,1,not_evaluated,not_evaluated
Did you say release the hound?,1.0886075949367089,0.0321766536355565,79,72,7,0,not_evaluated,not_evaluated
He chose ORANGE! It's gonna be a boy with control issues who likes My Little Ponies.,1.088235294117647,0.0314749106631962,102,94,7,1,not_evaluated,not_evaluated
He's happier than a dog with two tails.,1.088235294117647,0.0314749106631962,102,94,7,1,not_evaluated,not_evaluated
"Hurry, he says he's tired of Milk Bones he wants Kibble and Bits.",1.088235294117647,0.034651748677552,68,62,6,0,not_evaluated,not_evaluated
"Quick, let's try a vegetable one!",1.0879120879120878,0.0298484231318145,91,83,8,0,not_evaluated,not_evaluated
More bacon flavored!,1.0879120879120878,0.0336916697071558,91,84,6,1,not_evaluated,not_evaluated
A BLUE ONE!  For God's sake we need a BLUE ONE!,1.0879120879120878,0.0336916697071558,91,84,6,1,not_evaluated,not_evaluated
He says he only likes the orange bones.,1.0879120879120878,0.0298484231318145,91,83,8,0,not_evaluated,not_evaluated
Spread the word. He’s finally bitten the biscuit.,1.0879120879120878,0.0298484231318145,91,83,8,0,not_evaluated,not_evaluated
"Sir Pattycake,Sir Pattycake,I am starting to question your orders",1.0879120879120878,0.0298484231318145,91,83,8,0,not_evaluated,not_evaluated
Hurry up he has bad breath.,1.0879120879120878,0.0336916697071558,91,84,6,1,not_evaluated,not_evaluated
"Not that one, he has a protein sensitivity!",1.0879120879120878,0.0336916697071558,91,84,6,1,not_evaluated,not_evaluated
Come on boys!! This bitch can't get enough of our biscuits and our ass!!!,1.0879120879120878,0.0298484231318145,91,83,8,0,not_evaluated,not_evaluated
"Boys, enough with the treats, do we have any milk??",1.0879120879120878,0.0336916697071558,91,84,6,1,not_evaluated,not_evaluated
Prepare the catapult!,1.0875,0.0364298788901276,80,74,5,1,not_evaluated,not_evaluated
"Throw me a bone, people! This attack's going to the dogs.",1.0875,0.0364298788901276,80,74,5,1,not_evaluated,not_evaluated
I promised my mom that I would always adopt a rescue dog but this one is something else!,1.0875,0.0317911997217285,80,73,7,0,not_evaluated,not_evaluated
"'Hurry, get a bone up here before he eats me.'",1.0875,0.0364298788901276,80,74,5,1,not_evaluated,not_evaluated
Who let the dog out? WHO? WHO? Who let the dog out? WHO? WHO?,1.0875,0.0405412354541878,80,75,3,2,not_evaluated,not_evaluated
That’s it. If we take more he could turn mean.,1.0875,0.0364298788901276,80,74,5,1,not_evaluated,not_evaluated
He’s making a mess! Get the broom!,1.0875,0.0317911997217285,80,73,7,0,not_evaluated,not_evaluated
Of course I need more!  He's a very good boy!,1.0875,0.0364298788901276,80,74,5,1,not_evaluated,not_evaluated
It’s a Mastadoodle!,1.0875,0.0364298788901276,80,74,5,1,not_evaluated,not_evaluated
Me and my other personas feeding my addiction,1.0875,0.0405412354541878,80,75,3,2,not_evaluated,not_evaluated
Deus vult! It's another oversized hound. Bring out the oversized hound treats!,1.0875,0.0364298788901276,80,74,5,1,not_evaluated,not_evaluated
He prefers the turmeric. It should be safe to storm.,1.0875,0.0317911997217285,80,73,7,0,not_evaluated,not_evaluated
"Cheese Flavor, Only Cheese Flavor!!",1.0875,0.0364298788901276,80,74,5,1,not_evaluated,not_evaluated
"Even during the first plagues, man sought the irresponsibility of pet ownership to sooth his boredom”
 
#humansarethewors",1.0875,0.0317911997217285,80,73,7,0,not_evaluated,not_evaluated
Fetch” may have been a better diversionary tactic. But he loves the chicken flavor,1.0875,0.0317911997217285,80,73,7,0,not_evaluated,not_evaluated
Bring 'em back... He's a good boy!,1.0869565217391304,0.0367458371621094,92,86,4,2,not_evaluated,not_evaluated
The chicken ones - he likes the chicken ones!,1.0869565217391304,0.0333371415317044,92,85,6,1,not_evaluated,not_evaluated
"How do you say ""SIT"" in Greek?",1.0869565217391304,0.0295376617602938,92,84,8,0,not_evaluated,not_evaluated
He likes the ones that smell like ass! Praise Him!,1.0869565217391304,0.0295376617602938,92,84,8,0,not_evaluated,not_evaluated
"Enough with your singing..”give a dog a bone,,,”",1.0869565217391304,0.0333371415317044,92,85,6,1,not_evaluated,not_evaluated
"Put that green one down; he's been neutered!""",1.0869565217391304,0.0333371415317044,92,85,6,1,not_evaluated,not_evaluated
He still wants to chase after The Lady of the Lake.,1.0869565217391304,0.0295376617602938,92,84,8,0,not_evaluated,not_evaluated
He left one in Alfred’s shoe! Put those away and help me rub his nose in it.,1.0869565217391304,0.0341697933910163,69,63,6,0,not_evaluated,not_evaluated
"Hurry,this monster may eat me next!",1.0865384615384617,0.0308897704253361,104,96,7,1,not_evaluated,not_evaluated
"Come on, guys, Gulliver is getting restive...",1.0865384615384617,0.0277032745274608,104,95,9,0,not_evaluated,not_evaluated
Quick! The chicken flavor!,1.0864197530864197,0.0400521683889094,81,76,3,2,not_evaluated,not_evaluated
"We’ve got ‘em licked now, men!",1.0864197530864197,0.0359935302150944,81,75,5,1,not_evaluated,not_evaluated
Smelly Dog Rescue,1.0864197530864197,0.0359935302150944,81,75,5,1,not_evaluated,not_evaluated
"Return to the palace, quickly. She prefers the Milk Bone brand.",1.0864197530864197,0.0314148411111098,81,74,7,0,not_evaluated,not_evaluated
He says he prefers the pink bone to pick!,1.0864197530864197,0.0359935302150944,81,75,5,1,not_evaluated,not_evaluated
More yellows!,1.0864197530864197,0.0359935302150944,81,75,5,1,not_evaluated,not_evaluated
"Give me the green one. He's got, 'doggy breath!""",1.0864197530864197,0.0314148411111098,81,74,7,0,not_evaluated,not_evaluated
We're changing tactics: Bring on the peanut butter tennis balls!,1.0864197530864197,0.0359935302150944,81,75,5,1,not_evaluated,not_evaluated
Cat-a-pult forward!,1.0864197530864197,0.0359935302150944,81,75,5,1,not_evaluated,not_evaluated
"Oh, this is nothing. Wait until we have to scoop his poop.",1.0864197530864197,0.0359935302150944,81,75,5,1,not_evaluated,not_evaluated
Wait! He doesn't like chicken flavor.,1.0864197530864197,0.0314148411111098,81,74,7,0,not_evaluated,not_evaluated
"What did you expect?  Send up the one that's vegan, with no sugar, no gluten, and no artificial color!",1.0864197530864197,0.0314148411111098,81,74,7,0,not_evaluated,not_evaluated
"Red rover, red rover, send that boner right over",1.0864197530864197,0.0314148411111098,81,74,7,0,not_evaluated,not_evaluated
He didn’t say it but I’m sure it’s fine if we come over!,1.0864197530864197,0.0314148411111098,81,74,7,0,not_evaluated,not_evaluated
Sit and stay have worked!  What does it mean to heel?,1.086021505376344,0.029233283218071,93,85,8,0,not_evaluated,not_evaluated
Quick! Before his drool floods the keep!,1.086021505376344,0.0329899823947291,93,86,6,1,not_evaluated,not_evaluated
I said trebuchets! Not tasty bones!,1.086021505376344,0.029233283218071,93,85,8,0,not_evaluated,not_evaluated
Does the queen know this rook has a dog?,1.086021505376344,0.0329899823947291,93,86,6,1,not_evaluated,not_evaluated
Just a few more and we can invade!,1.086021505376344,0.0329899823947291,93,86,6,1,not_evaluated,not_evaluated
"OK, next bring me the giant paper bag and a match",1.086021505376344,0.036360597204957,93,87,4,2,not_evaluated,not_evaluated
Knick Nack! Paddy Whack! Give the dog the bones!,1.086021505376344,0.029233283218071,93,85,8,0,not_evaluated,not_evaluated
Quick!  Switch to the unusually large catnip.,1.0857142857142856,0.0337010185496908,70,64,6,0,not_evaluated,not_evaluated
Use the dogapult!,1.0853658536585369,0.0355674925431075,82,76,5,1,not_evaluated,not_evaluated
The Trojan bones with fleas are working!,1.0853658536585369,0.0310472608059338,82,75,7,0,not_evaluated,not_evaluated
"Quick, the pink Pepto one.",1.0853658536585369,0.0355674925431075,82,76,5,1,not_evaluated,not_evaluated
Thank god he's color-blind.,1.0853658536585369,0.0310472608059338,82,75,7,0,not_evaluated,not_evaluated
It’s worse than we feared! She has puppies! We didn’t bring enough biscuits!,1.0853658536585369,0.0310472608059338,82,75,7,0,not_evaluated,not_evaluated
Enough is enough! He hasn't cleaned up his crap in week's!,1.0853658536585369,0.0310472608059338,82,75,7,0,not_evaluated,not_evaluated
"Inflation is really getting out of hand, isn’t it?",1.0853658536585369,0.0310472608059338,82,75,7,0,not_evaluated,not_evaluated
"Quick, keep passing up those chew bones, this should distract him long enough to take the castle.",1.0853658536585369,0.0355674925431075,82,76,5,1,not_evaluated,not_evaluated
When can we pester him for one more great essay?,1.0853658536585369,0.0310472608059338,82,75,7,0,not_evaluated,not_evaluated
I am so glad we got that Costco membership!,1.0853658536585369,0.0310472608059338,82,75,7,0,not_evaluated,not_evaluated
We need more reinforcements!,1.0851063829787233,0.0289350935781512,94,86,8,0,not_evaluated,not_evaluated
At least he forgot about the boiling oil,1.0851063829787233,0.0289350935781512,94,86,8,0,not_evaluated,not_evaluated
"It wants Chicken! It wants Liver! New snacks, now snacks please deliver!",1.0851063829787233,0.0289350935781512,94,86,8,0,not_evaluated,not_evaluated
Quick the Dog of Troy is distracted,1.0851063829787233,0.0359833411342903,94,88,4,2,not_evaluated,not_evaluated
"Okay, but toss it to me gently.",1.0845070422535212,0.0332448926395538,71,65,6,0,not_evaluated,not_evaluated
"Don’t give him more bones. It’s a scam.
His ears aren’t long enough to climb up.",1.0845070422535212,0.0332448926395538,71,65,6,0,not_evaluated,not_evaluated
He said he really likes the bones but he thinks we should lay off the mushrooms.,1.0845070422535212,0.0437041400837325,71,67,2,2,not_evaluated,not_evaluated
"No,no.  I said bombs not bones.",1.0845070422535212,0.0332448926395538,71,65,6,0,not_evaluated,not_evaluated
More yellow biscuits! Apparently they are made from colli four.,1.0843373493975903,0.0306881563104382,83,76,7,0,not_evaluated,not_evaluated
She's still a good girl!,1.0843373493975903,0.0306881563104382,83,76,7,0,not_evaluated,not_evaluated
"The yellow ones smell of elderberry, let's try green",1.0843373493975903,0.0351514053489222,83,77,5,1,not_evaluated,not_evaluated
I've got it! Let's name him Stay...that way he'll never get out.,1.0843373493975903,0.0351514053489222,83,77,5,1,not_evaluated,not_evaluated
he’s hungry,1.0843373493975903,0.0306881563104382,83,76,7,0,not_evaluated,not_evaluated
We’re going to need more.,1.0843373493975903,0.039108562467503,83,78,3,2,not_evaluated,not_evaluated
Quick! I need a shorter ladder!,1.0843373493975903,0.039108562467503,83,78,3,2,not_evaluated,not_evaluated
He's huge! Find a T-Rex gravesite fast!,1.0843373493975903,0.0306881563104382,83,76,7,0,not_evaluated,not_evaluated
Trojan dog?,1.0843373493975903,0.0351514053489222,83,77,5,1,not_evaluated,not_evaluated
We're either going to need bigger bones or a bigger dentist.,1.0843373493975903,0.0306881563104382,83,76,7,0,not_evaluated,not_evaluated
I'll have what she's having,1.0843373493975903,0.0351514053489222,83,77,5,1,not_evaluated,not_evaluated
"Great, now stick one of those up my ass!",1.0843373493975903,0.039108562467503,83,78,3,2,not_evaluated,not_evaluated
"I can't believe he ate the whole thing, bring on the reserves & prepare the prisoners.",1.0842105263157895,0.0323168728001061,95,88,6,1,not_evaluated,not_evaluated
Quick!  More bones so he doesn’t treat me like a chew toy and shake me to death!!,1.0842105263157895,0.0323168728001061,95,88,6,1,not_evaluated,not_evaluated
Appeasement has worked at times in the past.,1.0841121495327102,0.0300516669268527,107,99,7,1,not_evaluated,not_evaluated
Quick!  Someone get me the fentanyl biscuit!,1.0833333333333333,0.02835654364078,96,88,8,0,not_evaluated,not_evaluated
He said to hold up a giant green dog treat if you liked the Harry and Meghan doc!,1.0833333333333333,0.0328009122358735,72,66,6,0,not_evaluated,not_evaluated
"No, no, not big enough! Get the big ball to distract him.",1.0833333333333333,0.0328009122358735,72,66,6,0,not_evaluated,not_evaluated
Our enemy found the ONE thing who would consume our building material.,1.0833333333333333,0.0328009122358735,72,66,6,0,not_evaluated,not_evaluated
He's not responding to 'Good Puppy.... more chicken flavor....,1.0833333333333333,0.0328009122358735,72,66,6,0,not_evaluated,not_evaluated
Is it too late to let you all know that I am severely allergic to dogs?,1.0833333333333333,0.0347449246876021,84,78,5,1,not_evaluated,not_evaluated
Someone go invent a rolled up newspaper!,1.0833333333333333,0.02835654364078,96,88,8,0,not_evaluated,not_evaluated
"Once more unto the teeth, dear friends!",1.0833333333333333,0.0303372388147352,84,77,7,0,not_evaluated,not_evaluated
Make no bones about it; he's holding the fort.,1.0833333333333333,0.02835654364078,96,88,8,0,not_evaluated,not_evaluated
"Nope, it's not a Trojan Dog.""",1.0833333333333333,0.0347449246876021,84,78,5,1,not_evaluated,not_evaluated
I need a really big bag. STAT!,1.0833333333333333,0.0303372388147352,84,77,7,0,not_evaluated,not_evaluated
"Retreat retreat !! 
He has to pee",1.0833333333333333,0.0383032133147434,72,67,4,1,not_evaluated,not_evaluated
"It has forgotten to end the free 30-day period, go on feeding!",1.0833333333333333,0.0328009122358735,72,66,6,0,not_evaluated,not_evaluated
He says he's 'so done' with not eating carbs.,1.0833333333333333,0.0303372388147352,84,77,7,0,not_evaluated,not_evaluated
I knew we should have brought the giant fire hydrant.,1.0833333333333333,0.0328009122358735,72,66,6,0,not_evaluated,not_evaluated
A couple more and they'll have to take him for a walk out back!,1.0833333333333333,0.0303372388147352,84,77,7,0,not_evaluated,not_evaluated
Take it back!  Now he wants Keto.,1.0833333333333333,0.0303372388147352,84,77,7,0,not_evaluated,not_evaluated
"And then, it's over the hill men!",1.0833333333333333,0.0328009122358735,72,66,6,0,not_evaluated,not_evaluated
He only eats gluten free bones!,1.0833333333333333,0.0303372388147352,84,77,7,0,not_evaluated,not_evaluated
We got the good job. The other squad has to scoop the poop.,1.0833333333333333,0.0303372388147352,84,77,7,0,not_evaluated,not_evaluated
Hurry up. More treats. Make sure he's too full his main course!,1.0825688073394495,0.0295177007860759,109,101,7,1,not_evaluated,not_evaluated
I see it coming!  Who's gonna pet the kitty?,1.0824742268041236,0.0316706333181559,97,90,6,1,not_evaluated,not_evaluated
More bones!,1.0824742268041236,0.0280758327119728,97,89,8,0,not_evaluated,not_evaluated
"Do not tarry, he shall dispose of us like vile fleas and feed us to the wildebeest Amazon!",1.0823529411764703,0.0299942324328987,85,78,7,0,not_evaluated,not_evaluated
"Who, is man enough to teach him to play dead?",1.0823529411764703,0.0299942324328987,85,78,7,0,not_evaluated,not_evaluated
We are going to need the steak.  Get the steak!!!,1.0823529411764703,0.0299942324328987,85,78,7,0,not_evaluated,not_evaluated
Run. He only likes the grape flavored ones.,1.0823529411764703,0.034347722254273,85,79,5,1,not_evaluated,not_evaluated
Run! We had it backwards!! It was 'Give a DOG a bone...a DOG!',1.0823529411764703,0.0299942324328987,85,78,7,0,not_evaluated,not_evaluated
He says he won’t behave while we do dinner AND theater if we leave only these lousy dog biscuits!,1.0823529411764703,0.0299942324328987,85,78,7,0,not_evaluated,not_evaluated
It's terrible - more dental treats!,1.0823529411764703,0.0299942324328987,85,78,7,0,not_evaluated,not_evaluated
Make sure they are gluten free,1.0823529411764703,0.0299942324328987,85,78,7,0,not_evaluated,not_evaluated
You're barking up the wrong ladder!,1.0823529411764703,0.0299942324328987,85,78,7,0,not_evaluated,not_evaluated
Hurry he has a poop ? run yet,1.0823529411764703,0.0299942324328987,85,78,7,0,not_evaluated,not_evaluated
Get a blue one!,1.082191780821918,0.0377921126877781,73,68,4,1,not_evaluated,not_evaluated
Deploy the Royal Chuckit!,1.082191780821918,0.0323686001798123,73,67,6,0,not_evaluated,not_evaluated
"Hey, do any of you guys have a napkin?",1.082191780821918,0.0323686001798123,73,67,6,0,not_evaluated,not_evaluated
Which ones are gluten free?!,1.082191780821918,0.0323686001798123,73,67,6,0,not_evaluated,not_evaluated
"Hurry! And bring my sword.""",1.082191780821918,0.0323686001798123,73,67,6,0,not_evaluated,not_evaluated
"'E says they're not biscuits, they're cookies!",1.0819672131147542,0.0354138835978571,61,56,5,0,not_evaluated,not_evaluated
He has a bone! He picked with me,1.0816326530612246,0.0313570929973506,98,91,6,1,not_evaluated,not_evaluated
"Forget those! We need the the catapult with big orange and blue ball - NOW!""",1.0816326530612246,0.027800608725704,98,90,8,0,not_evaluated,not_evaluated
He’s in heat. Run for your lives!,1.0816326530612246,0.027800608725704,98,90,8,0,not_evaluated,not_evaluated
One more complaint and you’re all on pooper scooper duty!,1.0816326530612246,0.0313570929973506,98,91,6,1,not_evaluated,not_evaluated
Find a bigger bye bye bone.,1.0813953488372092,0.0339594845069942,86,80,5,1,not_evaluated,not_evaluated
We're in luck. It's dog bone and movie night.,1.0813953488372092,0.029658873491137,86,79,7,0,not_evaluated,not_evaluated
We're going to need a massive poop bag.,1.0813953488372092,0.029658873491137,86,79,7,0,not_evaluated,not_evaluated
"My God, it's name is INFLATION!",1.0813953488372092,0.029658873491137,86,79,7,0,not_evaluated,not_evaluated
"The beast giveth me the evil eye! Quickly, another offering!",1.0813953488372092,0.029658873491137,86,79,7,0,not_evaluated,not_evaluated
He’s prowling and snarling up here. I don’t like it one bit!,1.0813953488372092,0.029658873491137,86,79,7,0,not_evaluated,not_evaluated
We'll keep feeding him - what goes in has to come out... And they'll be swamped.,1.0813953488372092,0.0339594845069942,86,80,5,1,not_evaluated,not_evaluated
Run! He says is name is NOT Clifford!,1.0810810810810811,0.0319475038945644,74,68,6,0,not_evaluated,not_evaluated
"Quick, now climb inside the giant roll of bags!",1.0810810810810811,0.0319475038945644,74,68,6,0,not_evaluated,not_evaluated
"Bring the catapult, so we can play fetch",1.0810810810810811,0.0319475038945644,74,68,6,0,not_evaluated,not_evaluated
Hey Mikey! He likes them.,1.0810810810810811,0.0319475038945644,74,68,6,0,not_evaluated,not_evaluated
"Remember, don't break out the ""cat""apult, whatever you do.",1.0810810810810811,0.0372944533682796,74,69,4,1,not_evaluated,not_evaluated
"He said, “Good Fetch, Milo!”",1.0810810810810811,0.0372944533682796,74,69,4,1,not_evaluated,not_evaluated
"Bob, he said your wife is cheating on you!",1.0810810810810811,0.0319475038945644,74,68,6,0,not_evaluated,not_evaluated
"It's working, he's getting delusional already!",1.0808080808080809,0.0310496894536074,99,92,6,1,not_evaluated,not_evaluated
Keep 'em comin! This one's got a tapeworm!,1.0804597701149423,0.0335799118478696,87,81,5,1,not_evaluated,not_evaluated
"My God, men, send word right away!  We are going to need more than just the royal poop bag!",1.0804597701149423,0.0373486102294667,87,82,3,2,not_evaluated,not_evaluated
Come on up-he's a good boy.,1.0804597701149423,0.0293309098622725,87,80,7,0,not_evaluated,not_evaluated
"Alan pondered life on the outside as the urine popsicle crumbled in his mouth. Was the dog who had framed him, for homicidal diarrhea, still at large? Did it matter?",1.0804597701149423,0.0335799118478696,87,81,5,1,not_evaluated,not_evaluated
"Don't bother... he's says he's full.  Uh, I'm getting down now.",1.0804597701149423,0.0373486102294667,87,82,3,2,not_evaluated,not_evaluated
"NO,NO - we need more ‘Brown’ - she likes the ‘Brown’ biscuits!",1.0804597701149423,0.0293309098622725,87,80,7,0,not_evaluated,not_evaluated
He wants to know if we have any gluten free ones?,1.0804597701149423,0.0293309098622725,87,80,7,0,not_evaluated,not_evaluated
Give us only ORANGE bones! For that treat is most schewed.,1.0804597701149423,0.0335799118478696,87,81,5,1,not_evaluated,not_evaluated
Call in the reserves! I told you - one is not enough. One is NEVER enough!,1.0804597701149423,0.0335799118478696,87,81,5,1,not_evaluated,not_evaluated
"He's a good boy! Quick, give me the treats.",1.08,0.0315371938287887,75,69,6,0,not_evaluated,not_evaluated
"Ok, men, time to bone up on your climbing skills!",1.08,0.0315371938287887,75,69,6,0,not_evaluated,not_evaluated
"No, the pink one is a laxative!",1.08,0.027265992434429,100,92,8,0,not_evaluated,not_evaluated
"We're too late.  Someone taught him to play Fetch and now he won't stop bringing home dog bones.
Steve Weiss
Chicago, Illinois",1.08,0.0315371938287887,75,69,6,0,not_evaluated,not_evaluated
Hurry before it thinks my bones are tasty too.,1.08,0.0315371938287887,75,69,6,0,not_evaluated,not_evaluated
You fools! He hates the dental treats!,1.08,0.0368097127801203,75,70,4,1,not_evaluated,not_evaluated
Stupid dog!,1.08,0.0368097127801203,75,70,4,1,not_evaluated,not_evaluated
I stand before you because I want to be handed the Red Biscuit.,1.08,0.027265992434429,100,92,8,0,not_evaluated,not_evaluated
"Don't worry about buckets of flaming oil, we're dealing with a game of bones!",1.0795454545454546,0.0332087178579478,88,82,5,1,not_evaluated,not_evaluated
"I don't think coloring the bones matter, we just need lots of bones, go hurry.",1.0795454545454546,0.0332087178579478,88,82,5,1,not_evaluated,not_evaluated
He just said he'd rather chew on me than have another yellow one!,1.0795454545454546,0.0332087178579478,88,82,5,1,not_evaluated,not_evaluated
Who said the dog was a chihuahua?,1.0795454545454546,0.0290101003430714,88,81,7,0,not_evaluated,not_evaluated
Refill the food - we need to fill the breach!,1.0795454545454546,0.0332087178579478,88,82,5,1,not_evaluated,not_evaluated
Whew! We should have brought bags.,1.0795454545454546,0.0290101003430714,88,81,7,0,not_evaluated,not_evaluated
I didn't know the Trojan dog needed so much food.,1.0795454545454546,0.0290101003430714,88,81,7,0,not_evaluated,not_evaluated
"Hurry with the reinforcements!
Dogzilla is hungry.",1.0789473684210529,0.0311372620163137,76,70,6,0,not_evaluated,not_evaluated
Stop the bones! He just muttered something about Velma...Fred...even Shaggy!!!!!,1.0789473684210529,0.0311372620163137,76,70,6,0,not_evaluated,not_evaluated
"wait … they’ve got a cat too.  Ernie, in my transparent mesh backpack in that Trojan Horse thingy there should be some small …",1.0789473684210529,0.0363373950477333,76,71,4,1,not_evaluated,not_evaluated
Let's slow down. I'm not sure we have enough bones to negotiate a prison swap.,1.0789473684210529,0.0363373950477333,76,71,4,1,not_evaluated,not_evaluated
"He's distracted, now load the catapult and release the ball!",1.0789473684210529,0.0311372620163137,76,70,6,0,not_evaluated,not_evaluated
He has a bone to pick with you guys.,1.0789473684210529,0.0363373950477333,76,71,4,1,not_evaluated,not_evaluated
Get me the Busy Bee! What?!?! You left it in the boat?!?!,1.0789473684210529,0.0311372620163137,76,70,6,0,not_evaluated,not_evaluated
"Pictured is your mother eating her snacks, circa 2022",1.0789473684210529,0.0363373950477333,76,71,4,1,not_evaluated,not_evaluated
Add some ex -Lax or we'll be here for ever.,1.0789473684210529,0.0311372620163137,76,70,6,0,not_evaluated,not_evaluated
Retreat! We didn’t think this through!,1.0789473684210529,0.0363373950477333,76,71,4,1,not_evaluated,not_evaluated
Bones for dogs are a BFD.,1.0789473684210529,0.0311372620163137,76,70,6,0,not_evaluated,not_evaluated
"Hey, this dog is NOT RED!",1.0789473684210529,0.0311372620163137,76,70,6,0,not_evaluated,not_evaluated
No more! It's time to Starve the Beast!,1.0786516853932584,0.0286962140712566,89,82,7,0,not_evaluated,not_evaluated
"Alright, now hand me the poison one.",1.0786516853932584,0.0286962140712566,89,82,7,0,not_evaluated,not_evaluated
Who is the wise guy who said “throw your dog a bone” to get into this please?,1.0786516853932584,0.0328456285818458,89,83,5,1,not_evaluated,not_evaluated
"Quick,more treats for Gulliver’s dog!",1.0786516853932584,0.0365266742511516,89,84,3,2,not_evaluated,not_evaluated
I can’t tell if he’s going to give it back or not…,1.0786516853932584,0.0328456285818458,89,83,5,1,not_evaluated,not_evaluated
Stop!!! The Lord Dog's telling me that He'll eat us if we keep bringing him these fake vegan bones.,1.0784313725490196,0.0332252407069641,102,96,4,2,not_evaluated,not_evaluated
Retreat! They’re going on a walk!,1.0784313725490196,0.0267514952573852,102,94,8,0,not_evaluated,not_evaluated
He seems to like the yellow ones.,1.0784313725490196,0.0267514952573852,102,94,8,0,not_evaluated,not_evaluated
it’s over! he knows we took his balls!,1.0784313725490196,0.0332252407069641,102,96,4,2,not_evaluated,not_evaluated
I loveth Cliff’rd the Big R’d Dog!,1.077922077922078,0.030747320742153,77,71,6,0,not_evaluated,not_evaluated
"No-No! He needs to wash it down!  Beaujolais, Beaujolais!",1.077922077922078,0.0358770293151352,77,72,4,1,not_evaluated,not_evaluated
It’s another “plz fix” from the man upstairs.,1.077922077922078,0.0358770293151352,77,72,4,1,not_evaluated,not_evaluated
"No, no, he craves more orange.  Hand me the red and yellow.  I'll explain it to him.",1.077922077922078,0.030747320742153,77,71,6,0,not_evaluated,not_evaluated
Quickly! Another taert for the god!,1.077922077922078,0.030747320742153,77,71,6,0,not_evaluated,not_evaluated
Keep them coming! He is signalling prosecution for the referrals!!,1.077922077922078,0.030747320742153,77,71,6,0,not_evaluated,not_evaluated
"No green bisquets, it's a rider in his contract",1.077922077922078,0.0358770293151352,77,72,4,1,not_evaluated,not_evaluated
"Forget the dog bisquits, Poochie needs a poop bucket.",1.077922077922078,0.030747320742153,77,71,6,0,not_evaluated,not_evaluated
"Quick, load the Canine Balls !!!",1.077922077922078,0.0358770293151352,77,72,4,1,not_evaluated,not_evaluated
"Soon Rex shall favor us, and prove a valuable ally in our fight against  the tyrant Gulliver.",1.0777777777777775,0.0283890299792981,90,83,7,0,not_evaluated,not_evaluated
Someone get the treat-buchet!!!,1.0777777777777775,0.0283890299792981,90,83,7,0,not_evaluated,not_evaluated
the next crew gets  to  bag his poops”,1.0777777777777775,0.0324903818583718,90,84,5,1,not_evaluated,not_evaluated
I'd say let's go straight to the anti-freeze flavor.,1.0777777777777775,0.0361291129622655,90,85,3,2,not_evaluated,not_evaluated
"Our weapon was ineffective, pass me the chamomile",1.0777777777777775,0.0283890299792981,90,83,7,0,not_evaluated,not_evaluated
We're going to run out of biscuits. Let's teach him to lie down.,1.0777777777777775,0.0283890299792981,90,83,7,0,not_evaluated,not_evaluated
Whatever you do don’t say jump,1.0777777777777775,0.0283890299792981,90,83,7,0,not_evaluated,not_evaluated
"Hold the treats. If we take him for a walk, he'll let us in!",1.0777777777777775,0.0283890299792981,90,83,7,0,not_evaluated,not_evaluated
Bring in the reimbonements !,1.0777777777777775,0.0283890299792981,90,83,7,0,not_evaluated,not_evaluated
"I know we're having some teething troubles right now, but one day us and Rex will all look back on this and laugh!",1.0777777777777775,0.0324903818583718,90,84,5,1,not_evaluated,not_evaluated
"If these psychedelic biscuits don’t work, we”ll move on to the super-sonic dog whistles.",1.0777777777777775,0.0324903818583718,90,84,5,1,not_evaluated,not_evaluated
He wants the tennis ball trebuchet!,1.0777777777777775,0.0283890299792981,90,83,7,0,not_evaluated,not_evaluated
"No color but yellow and must be gluten free.""

from Judy Ungar, 20 W. Palisade Ave., Apt. 3208, Englewood, NJ 
07631
jsbu@hotmail.com
(201) 408-297",1.0777777777777775,0.0361291129622655,90,85,3,2,not_evaluated,not_evaluated
"He won't continue building the pyramids ,if we don't feed him""",1.0777777777777775,0.0324903818583718,90,84,5,1,not_evaluated,not_evaluated
Retreat! Retreat! The breath freshening isn’t working!,1.0777777777777775,0.0324903818583718,90,84,5,1,not_evaluated,not_evaluated
It’s working! He’s a good boy!,1.0777777777777775,0.0283890299792981,90,83,7,0,not_evaluated,not_evaluated
He doesn’t like the green dental bones. Leave those down there.,1.0769230769230769,0.0280883362823162,91,84,7,0,not_evaluated,not_evaluated
He's the ultimate frisbee dog!,1.0769230769230769,0.0333086693763245,65,60,5,0,not_evaluated,not_evaluated
aight squaaaaad let’s keep giving this big ass dog treats so it’ll give us rides to the strip club,1.0769230769230769,0.0398777718333225,65,61,3,1,not_evaluated,not_evaluated
This is worse than losing everything in crypto!,1.0769230769230769,0.0280883362823162,91,84,7,0,not_evaluated,not_evaluated
"Hey Nick, Nack, Paddy, Whack .... give him another one",1.0769230769230769,0.0280883362823162,91,84,7,0,not_evaluated,not_evaluated
"For the tenth time, bring out the fish, he does NOT identify as a dog!",1.0769230769230769,0.0303670013058355,78,72,6,0,not_evaluated,not_evaluated
Mother Hubbard beat us to it!,1.0769230769230769,0.0357401052531881,91,86,3,2,not_evaluated,not_evaluated
"We'll be ready for those invaders next time!  Unless, of course, they bring treats.",1.0769230769230769,0.0303670013058355,78,72,6,0,not_evaluated,not_evaluated
No chicken bones!! You're not supposed to feed them chicken bones.,1.0769230769230769,0.032142726693744,91,85,5,1,not_evaluated,not_evaluated
"Quick, get those biscuits up here, eventually he will have to go potty",1.0769230769230769,0.032142726693744,91,85,5,1,not_evaluated,not_evaluated
"Hurry, throw me another bone.",1.076086956521739,0.02779392999765,92,85,7,0,not_evaluated,not_evaluated
"He says if you don't keep paying tribute, he'll eat your firstborn.",1.076086956521739,0.0318024226742812,92,86,5,1,not_evaluated,not_evaluated
Call Gargantua! We found Pantagruel.,1.076086956521739,0.0318024226742812,92,86,5,1,not_evaluated,not_evaluated
I knew the bones of our ancestors had to be good for something.,1.0759493670886076,0.0393560297598684,79,75,2,2,not_evaluated,not_evaluated
Enough with the bones! He says he wants to eat one of you.,1.0759493670886076,0.0299959528739033,79,73,6,0,not_evaluated,not_evaluated
Who's manning the kibbles catapult?,1.0759493670886076,0.0299959528739033,79,73,6,0,not_evaluated,not_evaluated
"Aw, he wants to play fetch; hurry with the bones, we have a castle to raid.",1.0759493670886076,0.0349903863030481,79,74,4,1,not_evaluated,not_evaluated
"Yes, knick knack paddy whack is a completely bigoted trope, but good god, give this dog a bone!",1.0759493670886076,0.0393560297598684,79,75,2,2,not_evaluated,not_evaluated
No holy grails here. Just a dog whose bite is clearly worse than his bark!,1.0759493670886076,0.0299959528739033,79,73,6,0,not_evaluated,not_evaluated
"The plan is working, but she keeps getting bigger!",1.0759493670886076,0.0299959528739033,79,73,6,0,not_evaluated,not_evaluated
"Keep’em coming! He promises that for every dog treat, he’ll release three human hostages.",1.0759493670886076,0.0299959528739033,79,73,6,0,not_evaluated,not_evaluated
"The giant Milk-Bones won’t hold him, men! Run and get the giant Kong.",1.0759493670886076,0.0349903863030481,79,74,4,1,not_evaluated,not_evaluated
Humans! Maybe our Ego has grown enough!,1.0759493670886076,0.0349903863030481,79,74,4,1,not_evaluated,not_evaluated
"„Enough, that‘ll do! Now let’s put him into the hideous Christmas-themed dog costume he hates.“",1.0759493670886076,0.0299959528739033,79,73,6,0,not_evaluated,not_evaluated
I heard them say that his name is Dracarys!,1.0757575757575757,0.032820810816617,66,61,5,0,not_evaluated,not_evaluated
Another yellow! He seems to be slowing down!,1.0757575757575757,0.0392862073616254,66,62,3,1,not_evaluated,not_evaluated
"He says ""Roll over! Play dead!""",1.075268817204301,0.0314692394157015,93,87,5,1,not_evaluated,not_evaluated
Stay back!  We're in dog-eat-dog territory and I'm wearing Milkbone underpants!!,1.075268817204301,0.0314692394157015,93,87,5,1,not_evaluated,not_evaluated
He's not eating the gluten-free! Toss me something else!,1.075268817204301,0.0314692394157015,93,87,5,1,not_evaluated,not_evaluated
He’ll be going out for a walk in 20 minutes.,1.075268817204301,0.0275056164938392,93,86,7,0,not_evaluated,not_evaluated
"Nix the beef and veggie flavored ones, and pass up more of the chicken, stat!",1.075,0.0296338414142011,80,74,6,0,not_evaluated,not_evaluated
STOP !!!  Go get the bones that don't have vitamins !!!,1.075,0.0296338414142011,80,74,6,0,not_evaluated,not_evaluated
"Change of plans — he’s bone dry, so now he needs the wet stuff…",1.075,0.0296338414142011,80,74,6,0,not_evaluated,not_evaluated
Easy on the mustard and hold the mayo.,1.075,0.0296338414142011,80,74,6,0,not_evaluated,not_evaluated
Anger can better any medicine under the sun.,1.075,0.0296338414142011,80,74,6,0,not_evaluated,not_evaluated
He wants blue! Bring me blue!,1.075,0.0296338414142011,80,74,6,0,not_evaluated,not_evaluated
He's going for it. Bring more woofies.,1.075,0.0296338414142011,80,74,6,0,not_evaluated,not_evaluated
The rawhide-chew battering rams are ineffective!  Try the catapult and the milk-bone boulders!,1.075,0.0296338414142011,80,74,6,0,not_evaluated,not_evaluated
"He says he wants real bones, ""Or else ...""",1.075,0.0296338414142011,80,74,6,0,not_evaluated,not_evaluated
"This isn't working, go find a female in heat.",1.075,0.0296338414142011,80,74,6,0,not_evaluated,not_evaluated
"Clifford grew like the imaginary GDP, workers couldn't keep up with the treats. Clifford will eat his friends one day, along with the workers, his masters & the insane; he'll eat economists who claimed, there's infinite resources & growth for always.",1.075,0.0388725603654697,80,76,2,2,not_evaluated,not_evaluated
Ive got this!,1.075,0.0296338414142011,80,74,6,0,not_evaluated,not_evaluated
"Keep them coming, do not stop the treats!",1.075,0.0296338414142011,80,74,6,0,not_evaluated,not_evaluated
"Keep'em coming, soldiers! We need to conquer the labradorinth!",1.075,0.0296338414142011,80,74,6,0,not_evaluated,not_evaluated
Boners ready!!,1.075,0.0345632789700942,80,75,4,1,not_evaluated,not_evaluated
Get his leash. It's time to take him for his run.,1.074468085106383,0.0311429560464014,94,88,5,1,not_evaluated,not_evaluated
A really big plastic bag - QUICK!,1.074468085106383,0.0272232090669509,94,87,7,0,not_evaluated,not_evaluated
"The bribes are working, but he has one more request before he lets us in - he can see the giant squirrel from the other castle and wants us to bring them over.",1.074468085106383,0.0311429560464014,94,88,5,1,not_evaluated,not_evaluated
"Courge, Comrades, he's a bone-crusher.",1.074468085106383,0.0311429560464014,94,88,5,1,not_evaluated,not_evaluated
"No more kale treats, he won't touch 'em!",1.0740740740740742,0.0341464609529365,81,76,4,1,not_evaluated,not_evaluated
He prefers the yellow ones.  A half dozen more will get us in the castle.,1.0740740740740742,0.0341464609529365,81,76,4,1,not_evaluated,not_evaluated
"Red rover, red rover, let Rover come over.",1.0740740740740742,0.0292803487052627,81,75,6,0,not_evaluated,not_evaluated
Ixnay more bones.,1.0740740740740742,0.0292803487052627,81,75,6,0,not_evaluated,not_evaluated
"Hold your biscuit! I repeat, hold your biscuit! I think he'll let us pass if we just feed him and give him a gentle scratch behind the ears.",1.0740740740740742,0.0292803487052627,81,75,6,0,not_evaluated,not_evaluated
"Our new battle cry should be ""All Hail Cesar Millan""",1.0740740740740742,0.0292803487052627,81,75,6,0,not_evaluated,not_evaluated
He wants the kind with meat on them.,1.0740740740740742,0.0292803487052627,81,75,6,0,not_evaluated,not_evaluated
"Quick, pass me the matcha flavored one, he is not a fan of lemons!",1.0740740740740742,0.0292803487052627,81,75,6,0,not_evaluated,not_evaluated
the holy grail reimagined.,1.0740740740740742,0.0384008173209772,81,77,2,2,not_evaluated,not_evaluated
"I'm sorry, I forgot to like your Facebook posts. Okay, I said it. Now let go.",1.0740740740740742,0.0292803487052627,81,75,6,0,not_evaluated,not_evaluated
Looks like in an alternate time where the Cats lost.,1.0740740740740742,0.0341464609529365,81,76,4,1,not_evaluated,not_evaluated
"I think that he is wondering when the cleaners are to come to pick up his pen, as they have different treats.",1.0740740740740742,0.0292803487052627,81,75,6,0,not_evaluated,not_evaluated
"For god’s sake, put the laudanum on the beef flavored, not the peanut butter!",1.0740740740740742,0.0341464609529365,81,76,4,1,not_evaluated,not_evaluated
"Sit! I said 'Sit!' OK, now play dead.",1.0740740740740742,0.0341464609529365,81,76,4,1,not_evaluated,not_evaluated
No More!  The Trojan Bone was a terrible idea!,1.0740740740740742,0.0292803487052627,81,75,6,0,not_evaluated,not_evaluated
Looks like now he wants some meat for his bones,1.0740740740740742,0.0341464609529365,81,76,4,1,not_evaluated,not_evaluated
"Knack, Paddy, Whack, now you you guys give him a bone too!",1.0740740740740742,0.0292803487052627,81,75,6,0,not_evaluated,not_evaluated
"If we don’t pay tribute, then we become the chew toys!",1.0740740740740742,0.0384008173209772,81,77,2,2,not_evaluated,not_evaluated
"WAIT I THINK HE LIKES THESE, PLAN B!!",1.0740740740740742,0.0341464609529365,81,76,4,1,not_evaluated,not_evaluated
Doest any of you volunteer to be the wet food?,1.0736842105263158,0.0269465285423427,95,88,7,0,not_evaluated,not_evaluated
"For these ""jaws,"" we are going to need ""a bigger bone.""",1.0735294117647058,0.031886654994214,68,63,5,0,not_evaluated,not_evaluated
Need more fiber!,1.073394495412844,0.0282771284539861,109,102,6,1,not_evaluated,not_evaluated
No more! He's eating and not burying. We'll never dig up the foundation this way!,1.0731707317073171,0.028935171414719,82,76,6,0,not_evaluated,not_evaluated
Go find a very large cow. King Charles prefers t-bones.,1.0731707317073171,0.028935171414719,82,76,6,0,not_evaluated,not_evaluated
More biscuits! If he drools we are doomed!,1.0731707317073171,0.0337395653062025,82,77,4,1,not_evaluated,not_evaluated
"He's definitely full, he just doesn't know he's full yet.",1.0731707317073171,0.0337395653062025,82,77,4,1,not_evaluated,not_evaluated
"No, no, not the yellow ones!  He wants a pink one, then green, don't ask why!",1.0731707317073171,0.0337395653062025,82,77,4,1,not_evaluated,not_evaluated
To get in we'll need more then the bare bones.,1.0731707317073171,0.037940379403794,82,78,2,2,not_evaluated,not_evaluated
It's Friday.  He wants Chinese food.,1.0731707317073171,0.028935171414719,82,76,6,0,not_evaluated,not_evaluated
Lassie never had it this good !,1.0731707317073171,0.028935171414719,82,76,6,0,not_evaluated,not_evaluated
maybe I need to play an instrument for Fluffy to go asleep. So I can enter the Kingdom! {Harry Potter intended},1.0731707317073171,0.028935171414719,82,76,6,0,not_evaluated,not_evaluated
It was only after the Greek's original plan to infiltrate Troy by hiding in large bones did they resort to Plan B-- hiding in a large horse.,1.072463768115942,0.0376122394176568,69,65,3,1,not_evaluated,not_evaluated
"I thought we were being led by a dictator, not a dog-tator.",1.072463768115942,0.0314391967853124,69,64,5,0,not_evaluated,not_evaluated
We need more ARRF-tillery.,1.072463768115942,0.0314391967853124,69,64,5,0,not_evaluated,not_evaluated
"Hurry, we must feed this desperate earth creature before it jumps out and eats us!",1.072463768115942,0.0314391967853124,69,64,5,0,not_evaluated,not_evaluated
It’s a giant in a dog suit!,1.072289156626506,0.0333422423059191,83,78,4,1,not_evaluated,not_evaluated
Now he wants a drink...,1.072289156626506,0.0285980202412033,83,77,6,0,not_evaluated,not_evaluated
No more! He needs something to drink.,1.072289156626506,0.0285980202412033,83,77,6,0,not_evaluated,not_evaluated
Keep the biscuits coming!  Eventually he will tire and fall asleep.,1.072289156626506,0.0374908453126489,83,79,2,2,not_evaluated,not_evaluated
"OK-We staggered him with the Mellow Yellow. Now, let’s put a bow on it with that Greeny Dreamy.",1.072289156626506,0.0285980202412033,83,77,6,0,not_evaluated,not_evaluated
"Barbiturates, quick!",1.0721649484536082,0.0302034292633109,97,91,5,1,not_evaluated,not_evaluated
"Rapunzel,  Rapunzel
Let down your tongue",1.0721649484536082,0.0264096669225762,97,90,7,0,not_evaluated,not_evaluated
It's not working. Can one of you give him your leg?,1.0714285714285714,0.0329541584522866,84,79,4,1,not_evaluated,not_evaluated
He says he’s not full yet.  Bring more!,1.0714285714285714,0.0329541584522866,84,79,4,1,not_evaluated,not_evaluated
I want to get off Mr. Bones’ Wild Ride.,1.0714285714285714,0.0282686191147277,84,78,6,0,not_evaluated,not_evaluated
"Now, load the squeaky toy in the trebuchet!",1.0714285714285714,0.0282686191147277,84,78,6,0,not_evaluated,not_evaluated
You won't believe the power of this pooch.,1.0714285714285714,0.0329541584522866,84,79,4,1,not_evaluated,not_evaluated
"Yes, it’s working much better then the gummies.",1.0714285714285714,0.0261491618623927,98,91,7,0,not_evaluated,not_evaluated
No more nick nack paddy whack give the dog a bone!,1.0714285714285714,0.0261491618623927,98,91,7,0,not_evaluated,not_evaluated
Where's your dog?,1.0714285714285714,0.0370518325045237,84,80,2,2,not_evaluated,not_evaluated
Quick! Get the chew toy!,1.0714285714285714,0.0299027106100838,98,92,5,1,not_evaluated,not_evaluated
Ok he seems to like late cretaceous,1.0714285714285714,0.0261491618623927,98,91,7,0,not_evaluated,not_evaluated
He thinks the prophet had dyslexia. He's not a god.,1.0714285714285714,0.0329541584522866,84,79,4,1,not_evaluated,not_evaluated
We really are the little people.,1.0714285714285714,0.0261491618623927,98,91,7,0,not_evaluated,not_evaluated
"A couple more,I think he",1.0714285714285714,0.0423014351617129,70,67,1,2,not_evaluated,not_evaluated
Our holiday ornaments are middle-aged and mostly under attack,1.0714285714285714,0.0370854788534861,70,66,3,1,not_evaluated,not_evaluated
"For God's sake, can't you keep up with the boneses?",1.0707070707070707,0.029607914182804,99,93,5,1,not_evaluated,not_evaluated
No bones about it. Hurry or I'm next!,1.0705882352941176,0.027946704450951,85,79,6,0,not_evaluated,not_evaluated
"You imbecile’s, I said attack him with arrows and stones, NOT  marrow bones.",1.0705882352941176,0.0325749955408551,85,80,4,1,not_evaluated,not_evaluated
I know what you're thinking and I'm NOT going to say it.,1.0705882352941176,0.027946704450951,85,79,6,0,not_evaluated,not_evaluated
He wants a blue one…preferably with some sort of sprinkles…,1.0705882352941176,0.027946704450951,85,79,6,0,not_evaluated,not_evaluated
RETREAT... what's not clear about that?,1.0705882352941176,0.027946704450951,85,79,6,0,not_evaluated,not_evaluated
When Clifford gets mad,1.0705882352941176,0.027946704450951,85,79,6,0,not_evaluated,not_evaluated
"No red biscuits, per his contract.",1.0705882352941176,0.027946704450951,85,79,6,0,not_evaluated,not_evaluated
Pumpkin Spice! The winner is Pumpkin Spice,1.0705882352941176,0.027946704450951,85,79,6,0,not_evaluated,not_evaluated
He's asking if it's locally-sourced and gluten free?,1.0705882352941176,0.027946704450951,85,79,6,0,not_evaluated,not_evaluated
Just remember the bones are color-coded.,1.0704225352112675,0.0305808534277075,71,66,5,0,not_evaluated,not_evaluated
"Quick, more super-sized treats for the Sphog.",1.0704225352112675,0.0305808534277075,71,66,5,0,not_evaluated,not_evaluated
This one's just a beagle. A great dane is coming!,1.069767441860465,0.027632024455163,86,80,6,0,not_evaluated,not_evaluated
NO!!! Not the green ones! Nobody likes the green ones!,1.069767441860465,0.032204449796701,86,81,4,1,not_evaluated,not_evaluated
Go tell the queen to rent a bigger barbecue.,1.069767441860465,0.027632024455163,86,80,6,0,not_evaluated,not_evaluated
"Oh no, change of plans, let’s switch to cinder block",1.069767441860465,0.032204449796701,86,81,4,1,not_evaluated,not_evaluated
Yellow doth not make him mellow!,1.069767441860465,0.027632024455163,86,80,6,0,not_evaluated,not_evaluated
More of the liver-and-carrot version; I think were close to a treaty.,1.069767441860465,0.027632024455163,86,80,6,0,not_evaluated,not_evaluated
Il a tres bon appetit,1.069767441860465,0.027632024455163,86,80,6,0,not_evaluated,not_evaluated
The Biden solution to the border crisis.,1.069767441860465,0.032204449796701,86,81,4,1,not_evaluated,not_evaluated
Stop leaving gummy bears on your bed!,1.0694444444444444,0.0360749789138421,72,68,3,1,not_evaluated,not_evaluated
"If Steve Bannon and I had organized that, we would have won. Not to mention, it would have been armed” -MT",1.0694444444444444,0.0301689873364169,72,67,5,0,not_evaluated,not_evaluated
The tranq bone isn't working bring another!!!!,1.0689655172413792,0.0273243384721745,87,81,6,0,not_evaluated,not_evaluated
It's time to let the big dog eat!,1.0689655172413792,0.0273243384721745,87,81,6,0,not_evaluated,not_evaluated
Bring up the bones!,1.0689655172413792,0.0318422310666808,87,82,4,1,not_evaluated,not_evaluated
The margin for error is thin boys!,1.0689655172413792,0.0318422310666808,87,82,4,1,not_evaluated,not_evaluated
The yellow ones are softer on his canines.,1.068627450980392,0.0287573610188439,102,96,5,1,not_evaluated,not_evaluated
"Sir Sleepsalot wants a chew toy. You there, Liam.",1.0684931506849316,0.0297680475123408,73,68,5,0,not_evaluated,not_evaluated
Quickly!!!! Grab the POOPER-SCOOPER!!!!!,1.0684931506849316,0.0297680475123408,73,68,5,0,not_evaluated,not_evaluated
"If you think this is so easy, why don't one of you give it a try.",1.0684931506849316,0.0297680475123408,73,68,5,0,not_evaluated,not_evaluated
"His name is Leon, it must be the red bone.",1.0684931506849316,0.0297680475123408,73,68,5,0,not_evaluated,not_evaluated
He says he'd like to thank the chef personally.,1.0684931506849316,0.0355900850870317,73,69,3,1,not_evaluated,not_evaluated
This is just like the goldfish.,1.068181818181818,0.0270234163786311,88,82,6,0,not_evaluated,not_evaluated
I'm reevaluating the Trojan Dog Biscuit idea.,1.068181818181818,0.0314880620652745,88,83,4,1,not_evaluated,not_evaluated
"The dog is eating the biscuits. Good thing we have more! Hand me another one, maybe if we feed it enough we will pacify the mutt so that we can sneak past it and enter the castle.",1.068181818181818,0.0270234163786311,88,82,6,0,not_evaluated,not_evaluated
"The beast demand more!"" Clifford the medieval Dog.",1.0675675675675675,0.0293776057149327,74,69,5,0,not_evaluated,not_evaluated
Meat biscuits aren't working! Pass up the veggie or berry ones!,1.0675675675675675,0.0293776057149327,74,69,5,0,not_evaluated,not_evaluated
"Throw it, quick, QUICK, the bacon one... NO, NOT THE PEANUT BUTTER!",1.0675675675675675,0.0293776057149327,74,69,5,0,not_evaluated,not_evaluated
Hurry! Go tell St. George to forget the fire-breathing dragon.,1.0675675675675675,0.035118043289563,74,70,3,1,not_evaluated,not_evaluated
They're too dry.  Soak them in boiling oil.,1.0675675675675675,0.035118043289563,74,70,3,1,not_evaluated,not_evaluated
Hold off on the biscuits. Maybe we should fill the moat with milk instead!,1.0674157303370786,0.0267290380145649,89,83,6,0,not_evaluated,not_evaluated
It isn’t working! Deploy the belly rubs!!,1.0673076923076923,0.0246878309836788,104,97,7,0,not_evaluated,not_evaluated
Stop! No more! He's on a restricted diet!,1.0666666666666669,0.0346583496606691,75,71,3,1,not_evaluated,not_evaluated
Prepare the Trojan poop bag!,1.0666666666666669,0.02644099265127,90,84,6,0,not_evaluated,not_evaluated
"No, no! Get the dogapult",1.0666666666666669,0.0289972557467226,75,70,5,0,not_evaluated,not_evaluated
"OK, bring up a Holiday bone!",1.0666666666666669,0.0289972557467226,75,70,5,0,not_evaluated,not_evaluated
He asks how a swallow could've carried these treats to this region.,1.0666666666666669,0.0346583496606691,75,71,3,1,not_evaluated,not_evaluated
"OUR LEADER
needs 
YOU
to climb up and offer yourself as her next
munchee.
So empowering!!!",1.0666666666666669,0.02644099265127,90,84,6,0,not_evaluated,not_evaluated
The bones are too small. He wants a person!,1.0666666666666669,0.0289972557467226,75,70,5,0,not_evaluated,not_evaluated
This new siege approach is more valuable than we had imagined,1.0666666666666669,0.02644099265127,90,84,6,0,not_evaluated,not_evaluated
Too slow!  Fire up the trebucet!,1.0666666666666669,0.02644099265127,90,84,6,0,not_evaluated,not_evaluated
Make haste he prefers the cheddar cheese,1.0666666666666669,0.0308028242621004,90,85,4,1,not_evaluated,not_evaluated
We've almost bought his obedience!,1.0666666666666669,0.02644099265127,90,84,6,0,not_evaluated,not_evaluated
Quick! The beast is taking our baits fast..,1.0666666666666669,0.0308028242621004,90,85,4,1,not_evaluated,not_evaluated
It's not working! We need the top shelf treats!,1.0666666666666669,0.0289972557467226,75,70,5,0,not_evaluated,not_evaluated
sprinkle that one with sleeping dust!,1.0666666666666669,0.02644099265127,90,84,6,0,not_evaluated,not_evaluated
He is confusing us with treats now retreat.,1.0666666666666669,0.0346583496606691,75,71,3,1,not_evaluated,not_evaluated
He said  your best bet is on Thursdays when they drain the moat,1.0657894736842106,0.0342105263157894,76,72,3,1,not_evaluated,not_evaluated
"Enough honey gold, hand me the night shade.",1.0657894736842106,0.0286266120562819,76,71,5,0,not_evaluated,not_evaluated
Forget it; he says he's really a meat and potatoes guy!,1.0657894736842106,0.0286266120562819,76,71,5,0,not_evaluated,not_evaluated
"Nick-Nack, Paddy-Whack your turn, I’m rolling home.",1.0657894736842106,0.0342105263157894,76,72,3,1,not_evaluated,not_evaluated
I miss the shelf,1.0657894736842106,0.0286266120562819,76,71,5,0,not_evaluated,not_evaluated
"His teeth are fine, we need a funny bone.",1.0654205607476634,0.027443303435184,107,101,5,1,not_evaluated,not_evaluated
"FASTER, It’s a beagle!",1.065217391304348,0.0301467497948493,92,87,4,1,not_evaluated,not_evaluated
No no — raspberry gives him the runs!,1.065217391304348,0.0301467497948493,92,87,4,1,not_evaluated,not_evaluated
He’s got that look in his eye. The zoomies can’t be far off. Keep the bones coming!,1.0649350649350648,0.0282653084458446,77,72,5,0,not_evaluated,not_evaluated
It's confirmed. He only likes yellow bones.,1.0649350649350648,0.0282653084458446,77,72,5,0,not_evaluated,not_evaluated
he seems to be hungry for a bit more than just treats...,1.0649350649350648,0.0282653084458446,77,72,5,0,not_evaluated,not_evaluated
"If we don't keep feeding him, he'll lick us to death.",1.0649350649350648,0.0337741196953669,77,73,3,1,not_evaluated,not_evaluated
We're going to need reinforcements.,1.0649350649350648,0.0337741196953669,77,73,3,1,not_evaluated,not_evaluated
No..No...NO..get the giant bone.,1.0649350649350648,0.0282653084458446,77,72,5,0,not_evaluated,not_evaluated
"More biscuits, more biscuits, keep feeding the beast. We still haven't found the right man to break the news to him, all his Doggie Diners,  across America, no longer exist!",1.0649350649350648,0.0282653084458446,77,72,5,0,not_evaluated,not_evaluated
Get him all the treat. He might show us where he hid Mr. Claus,1.0649350649350648,0.0282653084458446,77,72,5,0,not_evaluated,not_evaluated
"This man climbs eleven, he climbs his way to heaven with a knick knack paddy wack, give a dog a bone...",1.064516129032258,0.0298290736623642,93,88,4,1,not_evaluated,not_evaluated
"If he likes it,you live. If he dislikes it, you won’t be seen again! Make it great!",1.064516129032258,0.0256128784961426,93,87,6,0,not_evaluated,not_evaluated
aw nuts I think I left my stove on,1.064102564102564,0.0279129968745745,78,73,5,0,not_evaluated,not_evaluated
"Dogs don't see in color. Just bring the basic, cheaper biscuits.",1.064102564102564,0.0279129968745745,78,73,5,0,not_evaluated,not_evaluated
"He's distraught. No fruit.
It must be certified meat.
Nothing else will do!",1.064102564102564,0.0333486990378986,78,74,3,1,not_evaluated,not_evaluated
"«The biscuits are not working,bring the pig ears!",1.064102564102564,0.0279129968745745,78,73,5,0,not_evaluated,not_evaluated
He wants the pink one for dessert. Hurry!,1.064102564102564,0.0279129968745745,78,73,5,0,not_evaluated,not_evaluated
He' s color blind! Get the giant stick and we'll offer walkies.,1.064102564102564,0.0279129968745745,78,73,5,0,not_evaluated,not_evaluated
"We excavated these bones from under the refrigerator, sofa, washing machine, and China cabinet, respectively”",1.064102564102564,0.0333486990378986,78,74,3,1,not_evaluated,not_evaluated
He says the elevator is the way to go,1.064102564102564,0.0279129968745745,78,73,5,0,not_evaluated,not_evaluated
Anybody got any soy sauce?,1.0638297872340423,0.0253482296672881,94,88,6,0,not_evaluated,not_evaluated
"FORGET THE BISCUITS, MEGA PUP WANTS LOVE.",1.0638297872340423,0.0253482296672881,94,88,6,0,not_evaluated,not_evaluated
The chicken bones you idiots.,1.0632911392405062,0.0275693463493436,79,74,5,0,not_evaluated,not_evaluated
"Great Caesar’s Ghost! Call for Brutus right now.
Marc Antony’s dogs are not placated.",1.0632911392405062,0.0275693463493436,79,74,5,0,not_evaluated,not_evaluated
More super size! More super size!,1.0632911392405062,0.0275693463493436,79,74,5,0,not_evaluated,not_evaluated
Do NOT give him the ones with gluten!,1.0632911392405062,0.0275693463493436,79,74,5,0,not_evaluated,not_evaluated
"Enough with the pastels, already. This boy's hankering for dark chocolate.",1.063157894736842,0.0292133761712211,95,90,4,1,not_evaluated,not_evaluated
Hurry! He doesn't like salmon-flavored; give me the lamb.,1.063157894736842,0.0250889852642108,95,89,6,0,not_evaluated,not_evaluated
More Treats,1.0625,0.0289149539408851,96,91,4,1,not_evaluated,not_evaluated
He said he only eats the tan ones so take those pink and  green ones back!,1.0625,0.0272340418956621,80,75,5,0,not_evaluated,not_evaluated
"The pink, the pink, the pink!",1.0625,0.0325291981791315,80,76,3,1,not_evaluated,not_evaluated
The beast chews on our bone bludgeons. Bring on the cat-apults!!,1.0625,0.0325291981791315,80,76,3,1,not_evaluated,not_evaluated
Hurry with the knick knack and paddy whack.  Not another bone.,1.0625,0.0272340418956621,80,75,5,0,not_evaluated,not_evaluated
Hurry up! Look at them their eyes!,1.0625,0.0272340418956621,80,75,5,0,not_evaluated,not_evaluated
It working!  If we give him the green one he's agreed to play dead.,1.0625,0.0272340418956621,80,75,5,0,not_evaluated,not_evaluated
Keep 'em coming!,1.0625,0.0248349816949695,96,90,6,0,not_evaluated,not_evaluated
"We might have better luck if we stop feeding him.""

Thomas Frizzell (Crockett, TX",1.0625,0.0325291981791315,80,76,3,1,not_evaluated,not_evaluated
Stand back. He needs to be walked.,1.0617283950617284,0.0269067836021029,81,76,5,0,not_evaluated,not_evaluated
Just be glad his majesty doesn’t have us on cleanup duty.,1.0617283950617284,0.0269067836021029,81,76,5,0,not_evaluated,not_evaluated
"Didn’t I say we needed the ones for extra, EXTRA large dogs?",1.0617283950617284,0.0269067836021029,81,76,5,0,not_evaluated,not_evaluated
He said he wants the green one next!,1.0617283950617284,0.0321343582341243,81,77,3,1,not_evaluated,not_evaluated
One of us will have to take him for a walk after this.,1.0617283950617284,0.0269067836021029,81,76,5,0,not_evaluated,not_evaluated
What do you mean the castle walls are also made of dog biscuits?,1.0617283950617284,0.0321343582341243,81,77,3,1,not_evaluated,not_evaluated
"Hurry, we need the catapult!",1.0615384615384615,0.0371905377034879,65,62,2,1,not_evaluated,not_evaluated
His tail's not wagging.  Gimme the green one.,1.0615384615384615,0.0300394218304102,65,61,4,0,not_evaluated,not_evaluated
"TAKE HEED…He only likes the chicken flavored mil-bones…TAKE HEED I SAY!!!

REN Horner",1.0615384615384615,0.0300394218304102,65,61,4,0,not_evaluated,not_evaluated
Quick with more yellows !  He’s got that craven look.,1.0609756097560976,0.0265872857321796,82,77,5,0,not_evaluated,not_evaluated
"Keep feeding him, otherwise Winston is coming",1.0609756097560976,0.0265872857321796,82,77,5,0,not_evaluated,not_evaluated
It WAS NOT spelled backwards,1.0609756097560976,0.0265872857321796,82,77,5,0,not_evaluated,not_evaluated
Stay back he's about to belch!,1.0609756097560976,0.0361816529073677,82,79,1,2,not_evaluated,not_evaluated
Quick! Get the kids out of the bone disguises!,1.0609756097560976,0.0317489824223847,82,78,3,1,not_evaluated,not_evaluated
"Keep them coming,he has a pharocious appetite",1.0609756097560976,0.0317489824223847,82,78,3,1,not_evaluated,not_evaluated
"If we squeeze Galen, can we make him squeak?",1.0609756097560976,0.0265872857321796,82,77,5,0,not_evaluated,not_evaluated
Um- we’re gonna need us some bigger bones up here.,1.0609756097560976,0.0265872857321796,82,77,5,0,not_evaluated,not_evaluated
"Guys, I'm serious, STOP saying what you're carrying! Just stop talking about it and this will end!",1.0602409638554218,0.0262752758982036,83,78,5,0,not_evaluated,not_evaluated
This is taking too long. Get the squeaky toy catapult!,1.0602409638554218,0.0262752758982036,83,78,5,0,not_evaluated,not_evaluated
"She loves me! She really, really loves me!",1.0602409638554218,0.0262752758982036,83,78,5,0,not_evaluated,not_evaluated
He's been a really good boy today! We're gonna need back-up! Let's move!!,1.0602409638554218,0.0262752758982036,83,78,5,0,not_evaluated,not_evaluated
The pink one next,1.0602409638554218,0.0262752758982036,83,78,5,0,not_evaluated,not_evaluated
Just drop the treats and run!  Rover has eaten all his other food.,1.0602409638554218,0.0313727347197701,83,79,3,1,not_evaluated,not_evaluated
Think of all underdogs who won,1.0602409638554218,0.0262752758982036,83,78,5,0,not_evaluated,not_evaluated
"Dog is confused and angry with dinosaur bones, intellectual retreat!",1.0602409638554218,0.0313727347197701,83,79,3,1,not_evaluated,not_evaluated
Wait until I say “good boy”.,1.0602409638554218,0.0262752758982036,83,78,5,0,not_evaluated,not_evaluated
"OK, one more and then go long with one of the yellow ones.",1.0602409638554218,0.0262752758982036,83,78,5,0,not_evaluated,not_evaluated
"Inflation Dog is growing rapidly. Quick, give me more of your financial security. I need your children's future, now!",1.0602409638554218,0.0262752758982036,83,78,5,0,not_evaluated,not_evaluated
Watch out -- he's gonna fart in your general direction!,1.06,0.0238683256575942,100,94,6,0,not_evaluated,not_evaluated
Get more of the yellow ones! He seems to like them better!,1.0597014925373134,0.0291644304751759,67,63,4,0,not_evaluated,not_evaluated
Remember! Only what's on their color spectrum.,1.0595238095238095,0.0259704942921405,84,79,5,0,not_evaluated,not_evaluated
I think we need to switch to the rolled up newspaper!,1.0595238095238095,0.0259704942921405,84,79,5,0,not_evaluated,not_evaluated
Quick ! Another dose of drawing room outrage to assuage the Conscience !,1.0595238095238095,0.0259704942921405,84,79,5,0,not_evaluated,not_evaluated
He said he wanted his soup bone.,1.0595238095238095,0.0259704942921405,84,79,5,0,not_evaluated,not_evaluated
More yellow for the lab post haste!,1.0595238095238095,0.0259704942921405,84,79,5,0,not_evaluated,not_evaluated
Don’t feed until you see the pinks of his gums!,1.0595238095238095,0.0259704942921405,84,79,5,0,not_evaluated,not_evaluated
The pastel milk bones are the best feed to satiate the urgent needs of dog beast's voracious  appetite,1.0595238095238095,0.0259704942921405,84,79,5,0,not_evaluated,not_evaluated
Hurry! He still doesn’t know he’s a good boy!,1.0594059405940597,0.0236382898738877,101,95,6,0,not_evaluated,not_evaluated
"I said, ""Bon-afide!""",1.0588235294117647,0.030646357191278,85,81,3,1,not_evaluated,not_evaluated
He's really not a goody boy!,1.0588235294117647,0.0256726929689402,85,80,5,0,not_evaluated,not_evaluated
"Run, he's awake and digging a mass grave!",1.0588235294117647,0.0256726929689402,85,80,5,0,not_evaluated,not_evaluated
He wants the CBD or else............,1.0588235294117647,0.0256726929689402,85,80,5,0,not_evaluated,not_evaluated
"""No more of the chocolate-flavored ones.""",1.0588235294117647,0.0272449768168032,102,97,4,1,not_evaluated,not_evaluated
"I told you before, in war, giving a dog bone is useless.  He's not moving. He just wants more.",1.0588235294117647,0.0256726929689402,85,80,5,0,not_evaluated,not_evaluated
"Get the scoopers, troopers.  Our boy is ready!",1.0588235294117647,0.0256726929689402,85,80,5,0,not_evaluated,not_evaluated
Back off! He only likes Milk Bones m8awadt77whwzx6l by Nancy Hughes palm springs ca,1.0588235294117647,0.0256726929689402,85,80,5,0,not_evaluated,not_evaluated
Keep the Maxi size coming!,1.058139534883721,0.0253816351782208,86,81,5,0,not_evaluated,not_evaluated
Those damn Trojans.,1.058139534883721,0.0253816351782208,86,81,5,0,not_evaluated,not_evaluated
Hand me the green one. Maybe he’s not vegetarian.,1.0579710144927537,0.0283389090172116,69,65,4,0,not_evaluated,not_evaluated
So are we really MUNCHERS....not Munchkins?,1.0579710144927537,0.0283389090172116,69,65,4,0,not_evaluated,not_evaluated
Come! He wants one of you next.,1.057471264367816,0.0250970947405482,87,82,5,0,not_evaluated,not_evaluated
The first war of attrition.,1.057471264367816,0.0250970947405482,87,82,5,0,not_evaluated,not_evaluated
There’s no way he’ll remember this spot in a week,1.057471264367816,0.0250970947405482,87,82,5,0,not_evaluated,not_evaluated
No more Doggone Treats.  They're not what we thought.,1.057471264367816,0.0250970947405482,87,82,5,0,not_evaluated,not_evaluated
He says for me to change places with whoever's been eating the orange flavored ones.,1.0571428571428572,0.0345675100015575,70,67,2,1,not_evaluated,not_evaluated
Too pedestrian...catapult the trenta puppuccino.,1.0571428571428572,0.0279434083955329,70,66,4,0,not_evaluated,not_evaluated
Change of plans!,1.056818181818182,0.0296177076499951,88,84,3,1,not_evaluated,not_evaluated
"Quick!
Throw me the mint biscuit!",1.056818181818182,0.0248188554648853,88,83,5,0,not_evaluated,not_evaluated
"Oh my gosh, guys. The Hound of Death is a good boy. He's a GOOD BOY!",1.056338028169014,0.0275587825646099,71,67,4,0,not_evaluated,not_evaluated
"The first historical example of a military being ""boned.""",1.056338028169014,0.0340866687044213,71,68,2,1,not_evaluated,not_evaluated
"Tomorrow, he says he wants White Castle.",1.056338028169014,0.0275587825646099,71,67,4,0,not_evaluated,not_evaluated
You’ll never make it. He only likes the orange ones.,1.056338028169014,0.0275587825646099,71,67,4,0,not_evaluated,not_evaluated
Stop! Stop! The biscuits are us!,1.0561797752808988,0.0245467106040815,89,84,5,0,not_evaluated,not_evaluated
It's not working....get the chicken bones!,1.0561797752808988,0.0245467106040815,89,84,5,0,not_evaluated,not_evaluated
"Single color, taste, pattern,  or scent no longer acceptable  !!",1.0561797752808988,0.0245467106040815,89,84,5,0,not_evaluated,not_evaluated
"Hurry up with those bones, or this old man is comes rolling home.",1.0555555555555556,0.0271845896182162,72,68,4,0,not_evaluated,not_evaluated
Run away!  He’s a bad boy. Yes he is!  A really baad boy!,1.0555555555555556,0.0271845896182162,72,68,4,0,not_evaluated,not_evaluated
Can we try the catapult?,1.0555555555555556,0.0336190157416914,72,69,2,1,not_evaluated,not_evaluated
He requests the Key Lime bone for dessert!,1.0555555555555556,0.0271845896182162,72,68,4,0,not_evaluated,not_evaluated
He only likes the tan ones.,1.0555555555555556,0.0242804623455389,90,85,5,0,not_evaluated,not_evaluated
Hurty! It's Nick-Nack Paddiwak!,1.054945054945055,0.0240199213344395,91,86,5,0,not_evaluated,not_evaluated
"No more bones, we need a giant pooper scooper.",1.0547945205479452,0.0268204112430838,73,69,4,0,not_evaluated,not_evaluated
When it’s this big men it’s only the jumbo biscuits of the dog that will provide the cure the next morning!,1.0547945205479452,0.0268204112430838,73,69,4,0,not_evaluated,not_evaluated
Try the pink one. She’s definitely a female.,1.0547945205479452,0.0268204112430838,73,69,4,0,not_evaluated,not_evaluated
Hurry - let's keep him distracted.,1.0547945205479452,0.0268204112430838,73,69,4,0,not_evaluated,not_evaluated
"The red one, gimme the red one!",1.0547945205479452,0.0268204112430838,73,69,4,0,not_evaluated,not_evaluated
Grab a extra large poop bag.,1.0543478260869563,0.023764906227132,92,87,5,0,not_evaluated,not_evaluated
He ones wants the bacon-flavored ones!,1.0543478260869563,0.023764906227132,92,87,5,0,not_evaluated,not_evaluated
Keep em coming! He requires five biscuits per Ogre!,1.054054054054054,0.0264658511672144,74,70,4,0,not_evaluated,not_evaluated
That's enough. I don't know what we'll do if he has to go.,1.053763440860215,0.0235152432724811,93,88,5,0,not_evaluated,not_evaluated
Keep sending up the white phosphorus milkbones boys this cretin will fall down in agonizing pain in no time and we can finally break out our esteemed prophet Dr. Malachi Z. York.,1.0533333333333332,0.0322899774332941,75,72,2,1,not_evaluated,not_evaluated
Hurry up! He needs more!,1.0533333333333332,0.0261205337288939,75,71,4,0,not_evaluated,not_evaluated
"When this dog sits around the house, he sits AROUND the house!",1.0533333333333332,0.0322899774332941,75,72,2,1,not_evaluated,not_evaluated
oh no! these aren’t working! we left the peanut butter back in the village!,1.053191489361702,0.0232707659191606,94,89,5,0,not_evaluated,not_evaluated
He says what he really wants is a can of Alpo....OPENED!,1.0526315789473684,0.0257841025556124,76,72,4,0,not_evaluated,not_evaluated
Doggone it! Why did we have to immortalize our fallen comrades in these tasty bone-shaped treats?,1.0526315789473684,0.0257841025556124,76,72,4,0,not_evaluated,not_evaluated
"He likes it!  Quick, give me more and he'll let us in the doggie door.",1.0526315789473684,0.031870003727342,76,73,2,1,not_evaluated,not_evaluated
Well now I’m not picking up after him!,1.0526315789473684,0.023031314447036,95,90,5,0,not_evaluated,not_evaluated
"Hurry…he says if he doesn’t get more dog biscuits soon, he’s going to use the castle as a giant litter box!",1.0520833333333333,0.022796735620934,96,91,5,0,not_evaluated,not_evaluated
"Hurry! 
He wants a Protein Bar!
NOW!",1.051948051948052,0.0314608105888313,77,74,2,1,not_evaluated,not_evaluated
"He's a realllly good boy, isn't he guys?",1.051282051282051,0.0310619883248524,78,75,2,1,not_evaluated,not_evaluated
WTF!,1.051282051282051,0.0251365627262945,78,74,4,0,not_evaluated,not_evaluated
"The yellows are a stimulant, quick try the green for sleeping before he barks!",1.051282051282051,0.0310619883248524,78,75,2,1,not_evaluated,not_evaluated
... and the bad news is what it's buried under.  No more treats!,1.051282051282051,0.0251365627262945,78,74,4,0,not_evaluated,not_evaluated
Bring up another yellow discuit before he finishes.,1.0506329113924051,0.0248248272326815,79,75,4,0,not_evaluated,not_evaluated
"Forget the treats, we need the biggest steak tartare you can find.",1.0506329113924051,0.0248248272326815,79,75,4,0,not_evaluated,not_evaluated
I'll need a large doggie bag and a shovel.,1.0506329113924051,0.0248248272326815,79,75,4,0,not_evaluated,not_evaluated
He said he wants Milk-Bones not Cow Bones,1.05,0.0245207223136841,80,76,4,0,not_evaluated,not_evaluated
He wants to know if they're gluten-free.,1.05,0.0245207223136841,80,76,4,0,not_evaluated,not_evaluated
I wish we'd brought more than just a skeleton crew.,1.05,0.0302939188449982,80,77,2,1,not_evaluated,not_evaluated
"Hurry with the pink one, he likes those best.",1.05,0.0302939188449982,80,77,2,1,not_evaluated,not_evaluated
"Tell me, O Muse, who’s a good boy??",1.05,0.0245207223136841,80,76,4,0,not_evaluated,not_evaluated
This one's a real bitch to climb so I hope you brought the ones with protein!,1.0493827160493827,0.0299239497371378,81,78,2,1,not_evaluated,not_evaluated
Heave-ho! We are going to need bigger bones to keep Clifford occupied.,1.0493827160493827,0.0242239714448747,81,77,4,0,not_evaluated,not_evaluated
The Biscuit Brigade was no match for the giant red rocket,1.0493827160493827,0.0242239714448747,81,77,4,0,not_evaluated,not_evaluated
"First Mission Complete!
Quick: Who has the leash??",1.048780487804878,0.0295629054597173,82,79,2,1,not_evaluated,not_evaluated
"No,you numbskulls,no green or pink!",1.048780487804878,0.0239343112908613,82,78,4,0,not_evaluated,not_evaluated
He preferes catnip!,1.048780487804878,0.0239343112908613,82,78,4,0,not_evaluated,not_evaluated
"What do you mean you thought he was ""collar"" blind?",1.048780487804878,0.0239343112908613,82,78,4,0,not_evaluated,not_evaluated
‘Her name is Marie Antoinette!’,1.0481927710843373,0.0236514909290143,83,79,4,0,not_evaluated,not_evaluated
"We’ll need all our feed savings bones, it’s got a hefty X-large appetite.",1.0481927710843373,0.0236514909290143,83,79,4,0,not_evaluated,not_evaluated
This explains the rainbow on the bottom of my shoe.,1.0481927710843373,0.0236514909290143,83,79,4,0,not_evaluated,not_evaluated
No!  Those are turning her teeth yellow!  Send the others!!,1.0481927710843373,0.0292104670184438,83,80,2,1,not_evaluated,not_evaluated
No more biscuits! He’d rather eat his own poop!,1.0481927710843373,0.0236514909290143,83,79,4,0,not_evaluated,not_evaluated
"Oh crimininnies, I told you he only likes the salmon flavor.",1.0476190476190477,0.0233752711273245,84,80,4,0,not_evaluated,not_evaluated
I say we catapult his food over the wall.,1.0476190476190477,0.0270458016308125,63,60,3,0,not_evaluated,not_evaluated
Forget the biscuits. Get some POWs up here!,1.0470588235294118,0.0231054236720462,85,81,4,0,not_evaluated,not_evaluated
Run for your lives! It's a giant Wiener Dog!,1.0465116279069768,0.0228417307411674,86,82,4,0,not_evaluated,not_evaluated
"No, no, our spy said is has to be only the orange ones.",1.0465116279069768,0.0228417307411674,86,82,4,0,not_evaluated,not_evaluated
Really? You guys all have cats? Where’s the stick?,1.0465116279069768,0.0228417307411674,86,82,4,0,not_evaluated,not_evaluated
Quick while it's distracted bring the rolled up newspaper.,1.0459770114942528,0.0225839843201116,87,83,4,0,not_evaluated,not_evaluated
Its working - he likes the lemon bones!,1.0459770114942528,0.0225839843201116,87,83,4,0,not_evaluated,not_evaluated
STOP IT! THOSE TREATS ARE SPIKED!,1.0454545454545454,0.0223319856563871,88,84,4,0,not_evaluated,not_evaluated
Top Dog is now vegan! Go back and make a soy based rainbow flavor mindful bone!,1.0449438202247192,0.0220855447501936,89,85,4,0,not_evaluated,not_evaluated
"A dog is a man's BEST Friend.""....I said, ""MORE""....You think Zelinksky's  DOG is any different than HI",1.0441176470588236,0.0250882859853723,68,65,3,0,not_evaluated,not_evaluated
Better call in the calvary! This man-to-man offense is not going to work!,1.043956043956044,0.0216086171483554,91,87,4,0,not_evaluated,not_evaluated
"Nick! Nack! Paddy! Whack! Hurry it up!
Give this dog a bone or we're all going to be rolling home.",1.0434782608695652,0.0247302808258487,69,66,3,0,not_evaluated,not_evaluated
Am I being sacrificed?,1.0434782608695652,0.0247302808258487,69,66,3,0,not_evaluated,not_evaluated
We’ll have to work a lot faster!  There are three more like this guy—and they’re making a pyramid!,1.042857142857143,0.0243823433868205,70,67,3,0,not_evaluated,not_evaluated
Hurry up guys. A few more of the butterscotch flavored bones and I think we're in!,1.042857142857143,0.0317581067442797,70,68,1,1,not_evaluated,not_evaluated
Hurry! Get an açaí flavor bone !,1.0425531914893618,0.0209306117803388,94,90,4,0,not_evaluated,not_evaluated
More treats!  Bring more treats!  I think we’re winning!,1.0422535211267605,0.0240440551248123,71,68,3,0,not_evaluated,not_evaluated
Better give me the one with the SNM in it.,1.0416666666666667,0.0237150203652309,72,69,3,0,not_evaluated,not_evaluated
Hurry and create a trail to the large pet carrier spacing them about 40 feet apart.,1.041237113402062,0.0202938347268344,97,93,4,0,not_evaluated,not_evaluated
"Oh, oh!  He wants a blue one! NOW!",1.0410958904109588,0.0233948647624648,73,70,3,0,not_evaluated,not_evaluated
"Stop with the reduced fat, grain free, natural organic crap! 
Get a real bone!",1.0410958904109588,0.0233948647624648,73,70,3,0,not_evaluated,not_evaluated
You are doing it all wrong! She won't stop being a threat until you bring her a blue bone.,1.0410958904109588,0.0233948647624648,73,70,3,0,not_evaluated,not_evaluated
He likes the yellow bones.  Give me another yellow one.,1.0405405405405406,0.0300511053611686,74,72,1,1,not_evaluated,not_evaluated
"He wants a knick-knack, Paddy, or he'll whack us with the bones",1.0405405405405406,0.0230832338826794,74,71,3,0,not_evaluated,not_evaluated
Somebody else will have to bring up the last one.,1.04,0.0296526437148406,75,73,1,1,not_evaluated,not_evaluated
Stop! He says he's vegan.,1.04,0.0227797918980599,75,72,3,0,not_evaluated,not_evaluated
"More, more, he's not friendly yet!",1.0394736842105263,0.0224842203824145,76,73,3,0,not_evaluated,not_evaluated
Bring the trebuchet here now!  He's through eating.  He wants to chase a rock.,1.0394736842105263,0.0224842203824145,76,73,3,0,not_evaluated,not_evaluated
Don’t you have any filet mignon Bonz? The castle can be ours! She granted him make up heat!,1.0394736842105263,0.0224842203824145,76,73,3,0,not_evaluated,not_evaluated
I guess it’s safest to cross the road here.,1.0389610389610389,0.0221962171990835,77,74,3,0,not_evaluated,not_evaluated
We can jump down into a fresh one!,1.0384615384615383,0.0219154954730072,78,75,3,0,not_evaluated,not_evaluated
Relax!  He says he’s a good boy.,1.0384615384615383,0.0219154954730072,78,75,3,0,not_evaluated,not_evaluated
Hurry... HURRY!!!!  or we'll be next!,1.0384615384615383,0.0219154954730072,78,75,3,0,not_evaluated,not_evaluated
"Twas the knight before Christmas, when all through the doghouse some creatures were stirring.....",1.0384615384615383,0.0285182270631912,78,76,1,1,not_evaluated,not_evaluated
None of that green staff thanks,1.0379746835443038,0.021641782639623,79,76,3,0,not_evaluated,not_evaluated
Wait! Wait! Give a dog a bone and you feed him for a minute. Teach him how to dig for bones and you get him off our back!,1.0379746835443038,0.021641782639623,79,76,3,0,not_evaluated,not_evaluated
A Little Knight Mastiff,1.0379746835443038,0.021641782639623,79,76,3,0,not_evaluated,not_evaluated
Keep them coming until he needs a nap!,1.0379746835443038,0.021641782639623,79,76,3,0,not_evaluated,not_evaluated
"Today’s lesson is the Friendly Takeover. It’s all about how we T-R-E-A-T them. Nobody gets hurt, and the fortress will be shared happily ever after.
Edith Birdsall, Houston, TX",1.0375,0.021374819563973,80,77,3,0,not_evaluated,not_evaluated
If his mouth is full of bones he can't keep doing the same bit about Elon Musk dying in a house fire!,1.037037037037037,0.0211143597240581,81,78,3,0,not_evaluated,not_evaluated
Keep it up! If we keep feeding him he’ll pretty much ha,1.037037037037037,0.0211143597240581,81,78,3,0,not_evaluated,not_evaluated
"He doesn't want the same color twice in a row, so next up is green followed by yellow followed by red and last of all another yellow.",1.0365853658536586,0.0208601684530361,82,79,3,0,not_evaluated,not_evaluated
Let's see if he'll play fetch with the catapult.,1.036144578313253,0.0206120222353807,83,80,3,0,not_evaluated,not_evaluated
...and don't forget the extra-large poopy bags for the dog turrets!,1.036144578313253,0.0206120222353807,83,80,3,0,not_evaluated,not_evaluated
"Guys, I don't think this how the Wooden Horse was made ....",1.036144578313253,0.0206120222353807,83,80,3,0,not_evaluated,not_evaluated
"Jesus, I thought you were joking!",1.0357142857142858,0.0203697080525724,84,81,3,0,not_evaluated,not_evaluated
He swears if we bring him more yellow doggie treats he won't attack the village again.----How do you know that?--I speak dog.,1.0357142857142858,0.0203697080525724,84,81,3,0,not_evaluated,not_evaluated
He's bored with bones..wants a doughnut..one of 'dem filled with jelly. he says!,1.0357142857142858,0.0203697080525724,84,81,3,0,not_evaluated,not_evaluated
This is Marianne's Castle!,1.0357142857142858,0.0203697080525724,84,81,3,0,not_evaluated,not_evaluated
And sometimes the dog gets  boned.,1.0357142857142858,0.0203697080525724,84,81,3,0,not_evaluated,not_evaluated
Surely there’s a different color we could have used for the most phallic dog treat.,1.035294117647059,0.020133022774304,85,82,3,0,not_evaluated,not_evaluated
These dog biscuit grenades were not a good idea.,1.035294117647059,0.020133022774304,85,82,3,0,not_evaluated,not_evaluated
"Max's Travels"" Chapter 1: A Voyage to Lillipu",1.035294117647059,0.020133022774304,85,82,3,0,not_evaluated,not_evaluated
Hurry! He still thinks the bones are real!,1.0348837209302326,0.019901772591551,86,83,3,0,not_evaluated,not_evaluated
Best to bring the feast to the beast!,1.0340909090909092,0.0194548457481291,88,85,3,0,not_evaluated,not_evaluated
"Beam me up, Scotty!  I have no idea what I am supposed to do.",1.0337078651685394,0.0192388234952372,89,86,3,0,not_evaluated,not_evaluated
Master says this batch could use more salt.,1.03125,0.0219210117003813,64,62,2,0,not_evaluated,not_evaluated
"Ok, He's distracted.  Bring up the  huge Cat -a -pult",1.0307692307692309,0.0215864849236958,65,63,2,0,not_evaluated,not_evaluated
test test test test,1.0298507462686568,0.0209471482169324,67,65,2,0,not_evaluated,not_evaluated
We're gonna need a LOT of biscuits for this one...,1.0285714285714285,0.020056117661801,70,68,2,0,not_evaluated,not_evaluated
Somebody get me the giant tic tac !,1.0277777777777777,0.0195030415972058,72,70,2,0,not_evaluated,not_evaluated
He doesn't like these.  Get him Pedigree and only chocolate flavored if we're going to win this!,1.027027027027027,0.0189796454912644,74,72,2,0,not_evaluated,not_evaluated
We can blow the wall to bits if we feed him blue bones.  He says they make him fart!,1.027027027027027,0.0189796454912644,74,72,2,0,not_evaluated,not_evaluated
"More yellow ones, damn it. And tell the knights to take off all of their gold.  Silver and steel only, morons.",1.0266666666666666,0.0187283408435117,75,73,2,0,not_evaluated,not_evaluated
Not too much or the poop scoop crew gets mad.,1.0263157894736843,0.0184836030751802,76,74,2,0,not_evaluated,not_evaluated
What we need is a huge stuffed horse for him to play with!,1.0263157894736843,0.0184836030751802,76,74,2,0,not_evaluated,not_evaluated
No!  The red one - it has the sedative!,1.0253164556962024,0.0177863145197277,79,77,2,0,not_evaluated,not_evaluated
More chicken flavored! Forget the kale and strawberry!,1.0253164556962024,0.0177863145197277,79,77,2,0,not_evaluated,not_evaluated
"You fools, go back to the original baker, for 
God's sake.",1.025,0.0175654292232632,80,78,2,0,not_evaluated,not_evaluated
"MAYBE NOT SERVE HUMAN-SIZED TREATS, I DON'T THINK THIS DOG SEES COLORS!",1.025,0.0175654292232632,80,78,2,0,not_evaluated,not_evaluated
"Ok I am doing the paddywhack now and far as I can tell, me old man a'int rolling home!",1.0246913580246917,0.0173499621266112,81,79,2,0,not_evaluated,not_evaluated
"The dog is ravenous, and wants to devour everything in sight, including all of you.""


myoken@umassd.ed",1.0246913580246917,0.0173499621266112,81,79,2,0,not_evaluated,not_evaluated
"You were right, the bone shape sold it!",1.024390243902439,0.0171397163152757,82,80,2,0,not_evaluated,not_evaluated
Quickly! I need another bone of contention!,1.0238095238095235,0.0167341474653302,84,82,2,0,not_evaluated,not_evaluated
"Quick, we must stop feeding the dog.
Those super duper CBD vitamins worked too well!",1.0238095238095235,0.0167341474653302,84,82,2,0,not_evaluated,not_evaluated
"HEY GUYS, I KNOW IT'S PROBABLY BAD TIMING WITH THE WHOLE US FATTENING THIS DOG SO WE CAN KILL IT AND BUILD A BIG DONE BONE FACTORY AND SELL INEDIBLE NOVELTY DOG BISCUIT…. but
ummm, WHY DO WE NEED TO WEAR THESE POINTY NIPPLES
ON OUR HEADS, AGAIN?",1.0238095238095235,0.0167341474653302,84,82,2,0,not_evaluated,not_evaluated
He wants to know which one of you has the poopie bags.,1.0235294117647058,0.0165384755396364,85,83,2,0,not_evaluated,not_evaluated
I’m sick of these same stale bones. I want a wide ladder and find my way home.,1.011904761904762,0.0119762626191325,84,83,1,0,not_evaluated,not_evaluated
