caption,mean,precision,votes,not_funny,somewhat_funny,funny,llm_humor_labels,llm_sentiment
I absolutely love what you’ve done with your air.,1.6439220183486238,0.0186902401442081,1744,952,461,331,unknown,positive
Who does your air?,1.6424809830310123,0.0191509228263709,1709,950,420,339,unknown,neutral
I couldn't help but notice you waving to me from across the room.,1.6210855949895615,0.0243020040132183,958,521,279,158,sarcasm,positive
I'd love to hook you up with my leaf blower.,1.6193640246796392,0.016748507732693,2107,1176,557,374,sarcasm,positive
"Yeah, after work I collapse, too.",1.6124314442413163,0.0222819990135596,1094,591,336,167,unknown,negative
You aren't the only giant windbag here.,1.6038403233956544,0.0177651818925573,1979,1165,433,381,unknown,negative
You look fabulous! Who does your air?,1.6006568144499178,0.0140526061709915,3045,1766,729,550,sarcasm,positive
I saw you waving from across the room.,1.5943827563683868,0.0185163193934632,1531,838,476,217,sarcasm,neutral
Didn't you sell me a Buick in 2008?,1.5933993399339934,0.0193355450285342,1515,862,407,246,unknown,neutral
So you finally left the dealership?,1.591,0.0235430090106017,1000,565,279,156,sarcasm,neutral
My son wants to meet you - he's a big fan.,1.583206106870229,0.0208915314790247,1310,761,334,215,not_evaluated,not_evaluated
Let me guess—you're in marketing.,1.5661764705882353,0.022925434733983,952,534,297,121,not_evaluated,not_evaluated
Never forget -- you're nothing without your fans.,1.5641316685584563,0.0247426794562827,881,513,239,129,not_evaluated,not_evaluated
Still selling cars Bob?,1.559768299104792,0.0173579161996725,1899,1145,445,309,not_evaluated,not_evaluated
You seem to have an inflated sense of yourself.,1.5585916973200211,0.016846374621184,1903,1119,505,279,not_evaluated,not_evaluated
But don't you get a little deflated after the holidays?,1.5564588979223126,0.0219002732279003,1107,648,302,157,not_evaluated,not_evaluated
"Would you stop working, Roger? It's a party!",1.551863857374392,0.020238013616853,1234,712,363,159,not_evaluated,not_evaluated
Remember me? We met at that Honda dealership!,1.5444444444444445,0.0177871260851286,1620,952,454,214,not_evaluated,not_evaluated
Auto sales? I'd never have guessed.,1.537159676232524,0.0191086301733405,1359,797,394,168,not_evaluated,not_evaluated
"All this talk about inflation, right?",1.536834427425237,0.0188429131553118,1371,798,410,163,not_evaluated,not_evaluated
So are you into cars or mattresses?,1.527150701647346,0.0174398515465176,1639,979,456,204,not_evaluated,not_evaluated
Let me guess: Another spineless Republican.,1.525019245573518,0.0205772808476375,1299,812,292,195,not_evaluated,not_evaluated
Maybe don’t tell them we met through our dealer.,1.5217391304347827,0.0164896837107138,1656,958,532,166,not_evaluated,not_evaluated
Are we connecting here or are you just going through the motions?,1.518141311266709,0.0175101507821511,1571,939,450,182,not_evaluated,not_evaluated
You’ve got quite a fanbase.,1.5178826895565094,0.0270320877289769,699,428,180,91,not_evaluated,not_evaluated
There’s a certain air about you.,1.5168067226890756,0.0183023131749419,1428,853,412,163,not_evaluated,not_evaluated
"If I could dance like that, then I wouldn't need to drink.",1.5100671140939597,0.0189180873135296,1341,811,376,154,not_evaluated,not_evaluated
I love how you dance like everyone is watching.,1.5095729013254786,0.0189158826710064,1358,826,372,160,not_evaluated,not_evaluated
Can I get you another sea breeze?,1.5082319255547605,0.0218039580667881,1397,976,132,289,not_evaluated,not_evaluated
How's the inflation treating you?,1.5067114093959733,0.0201067382873252,1192,726,328,138,not_evaluated,not_evaluated
Do you find that you do your best work under pressure?,1.5054401582591497,0.021607049037225,1011,612,287,112,not_evaluated,not_evaluated
"The problem is, you just don't seem very stable.",1.5031847133757965,0.0191819407326745,1256,757,366,133,not_evaluated,not_evaluated
"You were brilliant at the car wash Grand Opening in Soho last month.""",1.500818330605565,0.0198431309347649,1222,751,330,141,not_evaluated,not_evaluated
So you think inflation is a good thing?,1.497532894736842,0.0200509793793597,1216,756,315,145,not_evaluated,not_evaluated
You’re a good listener.  Most of the people I meet at these parties are filled with hot air.,1.49535192563081,0.0253620102249327,753,468,197,88,not_evaluated,not_evaluated
"So,you consider yourself  gender fluid?",1.4946524064171125,0.0209961165616478,1122,704,281,137,not_evaluated,not_evaluated
I'm trying to follow but you're all over the place.,1.489051094890511,0.0214228026957013,959,581,287,91,not_evaluated,not_evaluated
I'll let you circulate a bit.,1.4878048780487805,0.0236263225281529,820,505,230,85,not_evaluated,not_evaluated
It's OK...we all feel empty inside sometimes.,1.4878048780487805,0.0208457230658191,1025,625,300,100,not_evaluated,not_evaluated
You  seemed  so different at the gas station.,1.4856870229007633,0.0206034007271742,1048,641,305,102,not_evaluated,not_evaluated
"Wednesday is perfect.  Thank you for being so flexible.""",1.484504132231405,0.0212771247165211,968,590,287,91,not_evaluated,not_evaluated
It seems like you’re just going through the motions with me.,1.4839537869062902,0.023494792555858,779,472,237,70,not_evaluated,not_evaluated
I'm also in sales,1.4838308457711442,0.0236396656121954,804,495,229,80,not_evaluated,not_evaluated
I think it's wonderful to find someone who dances like there's no one watching.,1.4817987152034262,0.0316934123071483,467,293,123,51,not_evaluated,not_evaluated
I was hoping I'd meet another extrovert.,1.4790748898678414,0.0259035820736276,908,636,109,163,not_evaluated,not_evaluated
Shall we find a seat? You look a bit winded.,1.4774774774774777,0.0222388876312642,888,548,256,84,not_evaluated,not_evaluated
I didn't recognize you until you waved.,1.4758698092031426,0.0220693642104504,891,549,260,82,not_evaluated,not_evaluated
Don't you remember? We talked for an hour outside the car dealer.,1.4753157290470724,0.02363273702696,871,560,208,103,not_evaluated,not_evaluated
I saw you waving at me from across the room!,1.4710743801652892,0.0239505700927613,847,548,199,100,not_evaluated,not_evaluated
Didn't I see you out front earlier?,1.4632258064516128,0.023971793581798,775,492,207,76,not_evaluated,not_evaluated
Let me guess:  You’re in sales.,1.462962962962963,0.0311580765161302,486,315,117,54,not_evaluated,not_evaluated
I knew you’d get pumped up for this party.,1.4612452350698857,0.0259192481284137,787,534,143,110,not_evaluated,not_evaluated
But enough about me. What keeps you up at night?,1.4593908629441623,0.0350155703664549,394,259,89,46,not_evaluated,not_evaluated
I couldn’t help noticing you.,1.4592696629213484,0.0258707468162121,712,466,165,81,not_evaluated,not_evaluated
You really do dance like nobody’s watching,1.4585492227979275,0.024513627851882,772,501,188,83,not_evaluated,not_evaluated
I understand you're in advertising.,1.4583333333333333,0.0253529405859154,720,467,176,77,not_evaluated,not_evaluated
I couldn't help noticing you accross the room.,1.4576043068640645,0.0244070238694787,743,475,196,72,not_evaluated,not_evaluated
"Yes, I’m familiar with your work.",1.456772334293948,0.0238775565955322,694,428,215,51,not_evaluated,not_evaluated
You're the only one I know in favour of inflation.,1.4564643799472297,0.0266020031421054,758,521,128,109,not_evaluated,not_evaluated
"You can't help but draw attention to yourself, can you?",1.4553314121037464,0.0257992360202448,694,452,168,74,not_evaluated,not_evaluated
"If this last more than four hours, you should consult your physician.",1.4510385756676558,0.0265142330994444,674,446,152,76,not_evaluated,not_evaluated
I'm sorry ... what did you say your pronouns were?,1.4451612903225806,0.0270655379071575,620,408,148,64,not_evaluated,not_evaluated
Turns out they're also full of hot air.,1.4442748091603053,0.0294575159313413,655,469,81,105,not_evaluated,not_evaluated
"I don’t date co-workers, but I could give you some wiggle room.",1.4433811802232854,0.0258727258751182,627,403,170,54,not_evaluated,not_evaluated
"So, what do you do in your down time?",1.443298969072165,0.0412815260303373,291,198,57,36,not_evaluated,not_evaluated
It’s a work function so don’t get carried away.,1.442962962962963,0.0284622201481987,675,479,94,102,not_evaluated,not_evaluated
You're at the wrong address.  #12 is the bouncy house.,1.4420401854714064,0.0295747267074395,647,464,80,103,not_evaluated,not_evaluated
"Sorry, I just can't be involved with someone who is so easily swayed.",1.4409317803660566,0.0279723874525851,601,403,131,67,not_evaluated,not_evaluated
I heard marketing ordered a male dancer. I suppose you want blown in the car lot.,1.438423645320197,0.0327005260913502,609,465,21,123,not_evaluated,not_evaluated
"Aside from being naked and eight feet tall, I don't think anyone noticed.",1.4371681415929205,0.0276157446235976,565,370,143,52,not_evaluated,not_evaluated
I’m glad you’re off the streets.,1.4365733113673806,0.0261380125388044,607,393,163,51,not_evaluated,not_evaluated
I don't think I've seen you since Presidents Day.,1.4361525704809286,0.0263629939273251,603,392,159,52,not_evaluated,not_evaluated
"Wow, people are not normally this excited to meet me!",1.4355108877721945,0.0270717394026363,597,394,146,57,not_evaluated,not_evaluated
What a coincidence: I too am in advertising.,1.4298401420959148,0.0275400027922988,563,372,140,51,not_evaluated,not_evaluated
Everyone else here is so rigid!,1.427734375,0.029346775425479,512,343,119,50,not_evaluated,not_evaluated
Enough with the self-promotion.,1.4228456913827656,0.0286361985504805,499,329,129,41,not_evaluated,not_evaluated
I find myself oddly attracted to you even though I know you are full of hot air.,1.4209486166007903,0.0296958811842354,506,344,111,51,not_evaluated,not_evaluated
I guess inflation doesn't bother you.,1.4177215189873418,0.0299635031950117,474,319,112,43,not_evaluated,not_evaluated
"Trust me, you're not the only one here who is full of hot air.",1.4175152749490836,0.0296430801675228,491,332,113,46,not_evaluated,not_evaluated
I’ve been looking for someone who’s spontaneous yet grounded.,1.4173076923076924,0.0288382480149938,520,352,119,49,not_evaluated,not_evaluated
I see you're also in sales.,1.4161735700197238,0.0285554164851865,507,339,125,43,not_evaluated,not_evaluated
Undulate here often?,1.4154488517745305,0.0297265013255561,479,323,113,43,not_evaluated,not_evaluated
"So, I suppose it all depends on which way the wind blows?",1.4133611691022965,0.0292696426467452,479,321,118,40,not_evaluated,not_evaluated
You have quite an air about you.,1.412573673870334,0.0289933630903246,509,346,116,47,not_evaluated,not_evaluated
Everyone's here.  You can stop now.,1.4096638655462186,0.0302660725021935,476,327,103,46,not_evaluated,not_evaluated
But have you considered marketing?,1.40958605664488,0.0293425323393043,459,306,118,35,not_evaluated,not_evaluated
I feel like I see you everywhere!,1.4089935760171306,0.0299250385312178,467,317,109,41,not_evaluated,not_evaluated
"I’d offer to get you a drink, but it looks like you’re already three sheets to the wind.",1.4085778781038374,0.0326745331881386,443,313,79,51,not_evaluated,not_evaluated
How can I respect your opinion when it’s obvious you go whichever way the wind is blowing?,1.4085106382978725,0.0423837324134319,235,160,54,21,not_evaluated,not_evaluated
I have never met a non spinary.,1.4076433121019107,0.0322145316510074,471,337,76,58,not_evaluated,not_evaluated
I really shouldn’t dance with an overactive bladder.,1.4071729957805907,0.0352392819826004,474,363,29,82,not_evaluated,not_evaluated
We're all here because of you.,1.4058956916099774,0.0321324074084686,441,309,85,47,not_evaluated,not_evaluated
Amazing what an inflated sense of self can do!,1.4018264840182648,0.0304333883552544,438,298,104,36,not_evaluated,not_evaluated
And thus The Elaine Dance was born.,1.401002506265664,0.0328952840898667,399,277,84,38,not_evaluated,not_evaluated
I think I'll have what you're having.,1.4005102040816326,0.0310867478014662,392,262,103,27,not_evaluated,not_evaluated
You always seem to know just which way the wind is blowing.,1.3981900452488687,0.031214275979162,442,308,92,42,not_evaluated,not_evaluated
I give up! What are your pronouns?,1.3945945945945946,0.0491390609878213,185,131,35,19,not_evaluated,not_evaluated
"Look, when your profile said you worked in advertising…",1.392764857881137,0.032757992285473,387,269,84,34,not_evaluated,not_evaluated
You must tell me. Who does your air?,1.389920424403183,0.0359971688109143,377,277,53,47,not_evaluated,not_evaluated
"so, what do you identify as?",1.3894736842105264,0.0345942713088989,380,273,66,41,not_evaluated,not_evaluated
‘’Do you come inside often?’,1.3893333333333333,0.0319488599082272,375,256,92,27,not_evaluated,not_evaluated
I’m sorry. At this point in my life I need someone more stable.,1.3888888888888888,0.0405410546055111,234,160,57,17,not_evaluated,not_evaluated
Didn’t you wear that same outfit last year?,1.3888888888888888,0.0330684322045018,378,264,81,33,not_evaluated,not_evaluated
You are way cooler than the rest of these windbags!,1.3883248730964468,0.0327015100608583,394,277,81,36,not_evaluated,not_evaluated
We've never met. Are you in Advertising?,1.387434554973822,0.0332245637667689,382,269,78,35,not_evaluated,not_evaluated
The car lot let you go!?? But you're all electric.,1.3857142857142857,0.0319804191305496,350,236,93,21,not_evaluated,not_evaluated
It's an honor to meet the head of sales.,1.3841961852861036,0.0328362231524862,367,255,83,29,not_evaluated,not_evaluated
I appreciate you. The others here are just so stiff.,1.38,0.0331779705873695,350,243,81,26,not_evaluated,not_evaluated
Your job must be so exhausting.,1.38,0.0326807452377061,350,241,85,24,not_evaluated,not_evaluated
Did you come straight from work?,1.3797101449275362,0.034007915945219,345,242,75,28,not_evaluated,not_evaluated
I also heard you should dance like no one is watching.,1.3788300835654597,0.0344442263583392,359,257,68,34,not_evaluated,not_evaluated
I see you're feeling the effects of inflation.,1.3787465940054495,0.0347662797577703,367,266,63,38,not_evaluated,not_evaluated
Epic flail.,1.3784530386740332,0.0370256646963184,362,272,43,47,not_evaluated,not_evaluated
Something about you caught my attention,1.3779761904761905,0.03332405127644,336,232,81,23,not_evaluated,not_evaluated
Looks like you got your second wind.,1.3779527559055118,0.0397849357212783,254,179,54,21,not_evaluated,not_evaluated
It’s so nice to spend time with you away from work.,1.3771929824561404,0.0344418878044343,342,242,71,29,not_evaluated,not_evaluated
I told you that you'd fit right in; everyone here is full of hot air.,1.3769633507853405,0.0320731629901428,382,268,84,30,not_evaluated,not_evaluated
"What a coincidence! I’m in marketing, too!",1.3760445682451254,0.0339613661311909,359,256,71,32,not_evaluated,not_evaluated
"Darling, I'm serious -- give me the keys.",1.3753846153846154,0.0364892205814635,325,235,58,32,not_evaluated,not_evaluated
You're the only person I know who likes inflation.,1.375366568914956,0.0371432288749683,341,253,48,40,not_evaluated,not_evaluated
"So, just bend, then snap?",1.3733681462140992,0.0313298838952772,383,267,89,27,not_evaluated,not_evaluated
I can show you a two-bedroom ranch with vaulted ceilings.,1.3726708074534162,0.0356383845798771,322,230,64,28,not_evaluated,not_evaluated
"And then I told the car dealer, you either allow me to work remotely or I'm gone",1.3725490196078431,0.0328862848277484,357,251,79,27,not_evaluated,not_evaluated
I love it - you really dance like no one is watching!,1.3723723723723724,0.0345309949310562,333,236,70,27,not_evaluated,not_evaluated
"You started in sales, you say?",1.3722397476340693,0.0334489567182337,317,218,80,19,not_evaluated,not_evaluated
I first noticed you in the parking lot.,1.3722222222222222,0.0319734470631755,360,250,86,24,not_evaluated,not_evaluated
I know your type. It all depends on which way the wind is blowing.,1.372093023255814,0.0344916607976641,344,246,68,30,not_evaluated,not_evaluated
I bet that face has launched a thousand dealerships.”,1.3704735376044568,0.0343591748670942,359,260,65,34,not_evaluated,not_evaluated
I am your second biggest fan!,1.3696275071633237,0.0341111597290518,349,250,69,30,not_evaluated,not_evaluated
You really know how to sell yourself.,1.3693693693693694,0.0342339485954709,333,236,71,26,not_evaluated,not_evaluated
So do you lean left or right of center?,1.3670886075949369,0.0328502856153324,316,217,82,17,not_evaluated,not_evaluated
I saw you from across the room.,1.3644578313253013,0.0352955245691853,332,241,61,30,not_evaluated,not_evaluated
Let’s go to my place. I have high ceilings.,1.3639240506329111,0.0328091292324669,316,218,81,17,not_evaluated,not_evaluated
Not working the streets anymore? Good for you!,1.3628048780487805,0.0355861502704865,328,239,59,30,not_evaluated,not_evaluated
"I feel exactly the same. I don’t really want to meet someone, I just want the attention.",1.3624595469255665,0.0354205911568454,309,221,64,24,not_evaluated,not_evaluated
"And yet, you’re the one in here least full of hot air.",1.3624595469255665,0.0345191906848387,309,218,70,21,not_evaluated,not_evaluated
Are you really making fun of me for talking with my hands?,1.361963190184049,0.0324096513160269,326,226,82,18,not_evaluated,not_evaluated
"Thanks, but I don’t date airheads.",1.3615635179153094,0.0361648570939666,307,222,59,26,not_evaluated,not_evaluated
This is why we aren't invited more,1.3612903225806452,0.0370562422400689,310,228,52,30,not_evaluated,not_evaluated
So how do you know the deceased?,1.3598726114649682,0.0361355393119297,314,229,57,28,not_evaluated,not_evaluated
"Okay, you have my attention.",1.3597359735973598,0.035572013723096,303,217,63,23,not_evaluated,not_evaluated
I think we met at a car dealership.,1.3594771241830066,0.0344022623932219,306,216,70,20,not_evaluated,not_evaluated
"Just grow a spine, will you please?",1.3573883161512028,0.0349074267286172,291,205,68,18,not_evaluated,not_evaluated
I’m sorry Steve. There has been a mistake. You are not actually a finalist.,1.3573573573573574,0.0380988461052922,333,256,35,42,not_evaluated,not_evaluated
It's about time you were promoted from the parking lot.,1.3555555555555556,0.0333754325864308,315,222,74,19,not_evaluated,not_evaluated
"I'm sorry, I probably shouldn't be complaining about inflation.",1.3554817275747508,0.0383726922716676,301,226,43,32,not_evaluated,not_evaluated
You promised you wouldn't draw attention to yourself.,1.3553459119496856,0.0346236453475167,318,229,65,24,not_evaluated,not_evaluated
What an amazing coincidence! I also majored in Dance with a minor in Advertising.,1.3551724137931034,0.0375888941809631,290,213,51,26,not_evaluated,not_evaluated
My eyes are down here,1.354515050167224,0.036147035971063,299,217,58,24,not_evaluated,not_evaluated
"So, you're in advertising?",1.3541666666666667,0.0340958668044061,336,244,65,27,not_evaluated,not_evaluated
It's nice to see you outside of work.,1.353896103896104,0.0322633071024471,308,213,81,14,not_evaluated,not_evaluated
Dance like no one is watching,1.3536977491961415,0.0345512593061279,311,223,66,22,not_evaluated,not_evaluated
"You've really nailed the whole ""gender fluidity"" thing",1.3535031847133758,0.0354858464631824,314,229,59,26,not_evaluated,not_evaluated
So you said you work in outdoor advertising?,1.3519736842105263,0.0359942191015048,304,222,57,25,not_evaluated,not_evaluated
I would love to set you up with my balloon arch.,1.3519163763066202,0.0365171357861766,287,208,57,22,not_evaluated,not_evaluated
"You look great!  The last time I saw you, you seemed so deflated.",1.3509933774834435,0.0339533745410148,302,214,70,18,not_evaluated,not_evaluated
"It’s always all about you, isn’t it?",1.350943396226415,0.0382511979862515,265,193,51,21,not_evaluated,not_evaluated
I’ve seen you around the neighborhood.,1.3506944444444444,0.0357399014741751,288,207,61,20,not_evaluated,not_evaluated
So you’re a contestant  on “Dancing with the Cars?”,1.350515463917526,0.0383705655979468,291,222,38,31,not_evaluated,not_evaluated
Well someone's got their second wind!,1.3493150684931507,0.0357121783618833,292,211,60,21,not_evaluated,not_evaluated
I met you at Coachella?,1.3487544483985765,0.0356189487153527,281,201,62,18,not_evaluated,not_evaluated
You promised to change after work.,1.3473684210526315,0.0327117470158901,285,197,77,11,not_evaluated,not_evaluated
Haven't I seen you around town?,1.3470790378006874,0.0326469836027644,291,202,77,12,not_evaluated,not_evaluated
what pronouns do you prefer?,1.3464285714285715,0.0377619589998893,280,207,49,24,not_evaluated,not_evaluated
"That's so funny! My therapist says I need to be my own cheerleader, too.",1.3462897526501767,0.0343315203162495,283,202,65,16,not_evaluated,not_evaluated
"Well....all I can tell you is, the little blue pill worked for me.",1.3461538461538465,0.0358452571335668,286,207,59,20,not_evaluated,not_evaluated
I hear you have a lot of friends in the used car business.,1.345514950166113,0.0349127127323153,301,218,62,21,not_evaluated,not_evaluated
"Why, yes, I AM in the market for a used car!",1.3452380952380951,0.0379226192504834,252,182,53,17,not_evaluated,not_evaluated
I also work in the automotive sector.,1.3443708609271523,0.0328652397643794,302,213,74,15,not_evaluated,not_evaluated
So what are doing with that double major of business and theater?,1.344,0.0389451266728748,250,183,48,19,not_evaluated,not_evaluated
You had me at 0% APR.,1.343558282208589,0.0471728705570441,163,118,34,11,not_evaluated,not_evaluated
You can stop now Earl. They all know it's you.,1.3435374149659864,0.0361066889191564,294,216,55,23,not_evaluated,not_evaluated
So Joan tells me you’re in advertising.,1.3426573426573427,0.0371377453052782,286,212,50,24,not_evaluated,not_evaluated
I heard you go whichever way the wind blows,1.3423076923076922,0.0378621245046023,260,190,51,19,not_evaluated,not_evaluated
Why did you wave me over?,1.3419117647058822,0.0374175538736481,272,200,51,21,not_evaluated,not_evaluated
You're spineless and a good dancer? This might work.,1.3416370106761566,0.0347850628436943,281,201,64,16,not_evaluated,not_evaluated
Beth tells me you're in advertising.,1.3402061855670102,0.0356610399685984,291,213,57,21,not_evaluated,not_evaluated
Let's try this again. The bathroom is which way?,1.34,0.0384645040561964,250,183,49,18,not_evaluated,not_evaluated
"So tell me, what’s your current stance on inflation?",1.3397683397683398,0.0398472860186572,259,195,40,24,not_evaluated,not_evaluated
"It really is nice to let your hair down, and then back up again, and then down again.",1.339622641509434,0.0357541399411249,265,190,60,15,not_evaluated,not_evaluated
I’ve seen you around town.,1.3394160583941606,0.0333976358807351,274,192,71,11,not_evaluated,not_evaluated
I couldn't help but notice you.,1.3383458646616542,0.0372003795570591,266,195,52,19,not_evaluated,not_evaluated
I just LOVE how you throw caution to the wind at these functions!,1.3377926421404682,0.0362186153573265,299,223,51,25,not_evaluated,not_evaluated
I take it the divorce is final?,1.337552742616034,0.0398891272060595,237,175,44,18,not_evaluated,not_evaluated
It would never work between us. I'm just not a fan.,1.3371212121212122,0.0381392988918536,264,196,47,21,not_evaluated,not_evaluated
Elaine? From Seinfeld?,1.336996336996337,0.0386623766899372,273,206,42,25,not_evaluated,not_evaluated
We agreed you wouldn’t make a scene.,1.3361702127659574,0.037768870796296,235,169,53,13,not_evaluated,not_evaluated
"I bet when the party is over,you just want to collapse.",1.336,0.0396320425310218,250,187,42,21,not_evaluated,not_evaluated
And what do you do now that you've been laid off from the Tesla dealership.,1.3359375,0.0389643374449574,256,191,44,21,not_evaluated,not_evaluated
Everyone else at this party is so stiff,1.3359375,0.0377664908062508,256,188,50,18,not_evaluated,not_evaluated
Of course you fit in everyone here is full of hot air,1.335820895522388,0.0388095175045,268,202,42,24,not_evaluated,not_evaluated
"Trust me, you are not the only date here who was rented for the night.",1.3357142857142856,0.0382748263094377,280,212,42,26,not_evaluated,not_evaluated
I'm in sales too!,1.3347639484978542,0.0403221662456561,233,173,42,18,not_evaluated,not_evaluated
This would make a great New Yorker cartoon!,1.334728033472803,0.04259888141116,239,184,30,25,not_evaluated,not_evaluated
You look so familiar! Do you work at the car lot down the street?,1.334710743801653,0.0370105669734237,242,174,55,13,not_evaluated,not_evaluated
Everyone else seems so stiff.,1.3346613545816732,0.0382669270860334,251,185,48,18,not_evaluated,not_evaluated
Hey man - my eyes are down here!,1.3346303501945525,0.0376419552709565,257,189,50,18,not_evaluated,not_evaluated
No wonder we've never met. I have a Tesla.,1.3345724907063197,0.0353108743312319,269,196,57,16,not_evaluated,not_evaluated
So what's your take on inflation?,1.3333333333333333,0.0380770247640073,264,197,46,21,not_evaluated,not_evaluated
So you work in advertising?,1.3333333333333333,0.0393618866806877,252,189,42,21,not_evaluated,not_evaluated
"""what say we ditch this place and stand outside a car wash?""",1.3333333333333333,0.0396376245128745,273,210,35,28,not_evaluated,not_evaluated
"I couldn't help but notice your ""come hither "" flail from across the room.",1.3333333333333333,0.0399034166360258,240,179,42,19,not_evaluated,not_evaluated
I’d love to take you out but do you take a firm position on anything?,1.3333333333333333,0.0365844440641207,246,177,56,13,not_evaluated,not_evaluated
You’re in advertising? What’s that like?,1.3333333333333333,0.0359497584243478,243,173,59,11,not_evaluated,not_evaluated
"It’s inspiring how no matter which way the wind blows, you always rise to the occasion.",1.33206106870229,0.0386424541043162,262,197,43,22,not_evaluated,not_evaluated
I think we've met before at a car wash.,1.332046332046332,0.0369928600221236,259,190,52,17,not_evaluated,not_evaluated
They/them.  And yours?,1.332046332046332,0.0404702860752435,259,199,34,26,not_evaluated,not_evaluated
Couldn't you forget work just for a while?,1.331858407079646,0.0386880775501139,226,164,49,13,not_evaluated,not_evaluated
I understand you made a fortune in the used car business.,1.330708661417323,0.0382908952063733,254,189,46,19,not_evaluated,not_evaluated
How much longer can you keep this up?,1.330708661417323,0.0344396476274133,254,180,64,10,not_evaluated,not_evaluated
"Hey, it'sme, Paula.  Remember me? We met at the car dealership.",1.3306451612903225,0.0372260128751302,248,181,52,15,not_evaluated,not_evaluated
How have you been keeping up with inflation?,1.3306122448979592,0.0397003682594277,245,184,41,20,not_evaluated,not_evaluated
Did you wave me over?,1.329588014981273,0.0341847807126759,267,191,64,12,not_evaluated,not_evaluated
"So, how long have you been a Republican politician?",1.3291139240506329,0.0427729724767698,237,184,28,25,not_evaluated,not_evaluated
You're looking very gender fluid.,1.3284671532846717,0.0355317571281001,274,201,56,17,not_evaluated,not_evaluated
Are you heteroflexible?,1.3281853281853282,0.0377259531330353,259,193,47,19,not_evaluated,not_evaluated
"No, don’t tell me. Sales?",1.328,0.0369747553084598,250,183,52,15,not_evaluated,not_evaluated
I sorta stumbled into advertising. How about you?,1.3279352226720649,0.0368337308014676,247,180,53,14,not_evaluated,not_evaluated
A thin plastic shell full of hot air and gyrating for attention... so you're in politics?,1.3278688524590163,0.0410206942760546,244,187,34,23,not_evaluated,not_evaluated
So good to meet someone so happy without alcohol.,1.3270676691729324,0.0362337254463868,266,196,53,17,not_evaluated,not_evaluated
I guess I didn't understand the theme of the MET Gala this year.,1.3268482490272373,0.0379081122437272,257,192,46,19,not_evaluated,not_evaluated
So do you get inside much?,1.326530612244898,0.0374580284847722,245,180,50,15,not_evaluated,not_evaluated
"So you're in advertising, you say?",1.3262032085561497,0.0432631931069877,187,138,37,12,not_evaluated,not_evaluated
You MUST give me your chiropractor’s number.,1.326086956521739,0.0400643772483709,230,172,41,17,not_evaluated,not_evaluated
I just don’t see “whichever way the wind blows” as a responsible stance.,1.3248945147679323,0.0378154264637123,237,174,49,14,not_evaluated,not_evaluated
Your pronouns are?,1.324,0.0398301615245064,250,191,37,22,not_evaluated,not_evaluated
I'd say your competition is pretty stiff.,1.324,0.0368990808649036,250,184,51,15,not_evaluated,not_evaluated
I too suffer from inflation and uncontrollable flailing.,1.3237704918032789,0.0396941800354177,244,185,39,20,not_evaluated,not_evaluated
But should I lease or buy?,1.323404255319149,0.0375222008831464,235,172,50,13,not_evaluated,not_evaluated
What’s it like to be  an heir to a used car lot?,1.3232758620689655,0.0397677403691895,232,174,41,17,not_evaluated,not_evaluated
Stop it. This is a wake.,1.3232758620689655,0.0406953459223995,232,176,37,19,not_evaluated,not_evaluated
Love that you can enjoy these things without a drink in your hand.,1.3227091633466137,0.0363385054232724,251,184,53,14,not_evaluated,not_evaluated
I didn’t know you guys could live indoors.,1.3220338983050848,0.0364106838208276,236,171,54,11,not_evaluated,not_evaluated
"'As a matter of fact, I have seen your work.'",1.3220338983050848,0.0354064096305807,236,169,58,9,not_evaluated,not_evaluated
So how’s inflation working out for you?,1.3215686274509804,0.0403840167115548,255,198,32,25,not_evaluated,not_evaluated
"I don't mean to be forward, but something about you really caught my eye.",1.3214285714285714,0.0353328137801918,252,183,57,12,not_evaluated,not_evaluated
"So, your pronouns are whee, whoo, and whoosh?",1.3209876543209875,0.0397597970458324,243,185,38,20,not_evaluated,not_evaluated
I love that you are both free spirited and well grounded.,1.3209302325581396,0.0381191733223186,215,156,49,10,not_evaluated,not_evaluated
So I hear you work in advertising?,1.3208333333333333,0.0364708461293025,240,175,53,12,not_evaluated,not_evaluated
You really seem like the outdoors type.,1.320754716981132,0.0384665023940474,212,154,48,10,not_evaluated,not_evaluated
Really? I'm also in car sales!,1.3203125,0.037893033264381,256,193,44,19,not_evaluated,not_evaluated
\You make it look so easy to be gender fluid.,1.3195020746887969,0.0377437537193894,241,179,47,15,not_evaluated,not_evaluated
I know what you mean. I feel empty inside too.,1.319047619047619,0.0398286971938539,210,155,43,12,not_evaluated,not_evaluated
I'm guessing you have more pronouns than most.,1.3187772925764192,0.0409908630674284,229,175,35,19,not_evaluated,not_evaluated
"we met at your car wash, remember?",1.3187772925764192,0.0400454755769837,229,173,39,17,not_evaluated,not_evaluated
"So, you're in retail?""",1.3174603174603174,0.0361377607307806,252,186,52,14,not_evaluated,not_evaluated
You must have a lot of fans,1.3169642857142858,0.0401429659304199,224,169,39,16,not_evaluated,not_evaluated
So how are you holding up?,1.3160377358490567,0.0422436648751109,212,162,33,17,not_evaluated,not_evaluated
I admire the way you go with the flow.,1.316017316017316,0.0373029009182367,231,170,49,12,not_evaluated,not_evaluated
Thanks for getting us all together.,1.3142857142857145,0.0424948612703308,210,161,32,17,not_evaluated,not_evaluated
"Forget the dancing, you're not going to sell anything if  you don't mingle.",1.3141592920353982,0.0388362394662482,226,169,43,14,not_evaluated,not_evaluated
"No, I think it was at a supermarket opening.",1.3139013452914798,0.0381433172863817,223,165,46,12,not_evaluated,not_evaluated
"Look behind you, but don’t make it obvious.",1.3137254901960784,0.0455499595766117,204,161,22,21,not_evaluated,not_evaluated
Soooo. Does this mean you're 'out' now?,1.3133640552995391,0.0414912447143044,217,166,34,17,not_evaluated,not_evaluated
"So tell me, what pronouns do you identify yourself with?",1.3130841121495327,0.0418997773332105,214,164,33,17,not_evaluated,not_evaluated
"Okay, I have to admit you got my attention.",1.3127962085308056,0.0395630188246394,211,157,42,12,not_evaluated,not_evaluated
Watch out for pricks,1.3125,0.0432898707946222,208,161,29,18,not_evaluated,not_evaluated
What do you say we duck out and go to the used-car lot?,1.312,0.0379524115461544,250,190,42,18,not_evaluated,not_evaluated
I don't know how you do it. My biggest fear is flailing.,1.311965811965812,0.0397680667489162,234,179,37,18,not_evaluated,not_evaluated
Do I know you? I saw you waving from across the room.,1.3116279069767445,0.0390389131021845,215,160,43,12,not_evaluated,not_evaluated
I love how you go with the flow.,1.3114035087719298,0.0395337496307318,228,173,39,16,not_evaluated,not_evaluated
"Can I get you a cocktail? You look
a bit deflated.",1.3114035087719298,0.0385438923117379,228,171,43,14,not_evaluated,not_evaluated
"You're full of hot air, but at least you can dance",1.3113207547169812,0.0399669088141459,212,159,40,13,not_evaluated,not_evaluated
"Sorry, I thought you were waving at me.",1.3112033195020747,0.0371112284247791,241,180,47,14,not_evaluated,not_evaluated
I get mood swings myself!,1.3112033195020747,0.0371112284247791,241,180,47,14,not_evaluated,not_evaluated
I see the rate of inflation doesn’t seem to be a problem for you.,1.3111111111111111,0.0388888888888888,225,169,42,14,not_evaluated,not_evaluated
I couldn't help notice you waving to me from across the room.,1.3105022831050228,0.0401303447760112,219,166,38,15,not_evaluated,not_evaluated
I haven't seen you since my free car wash with oil change!,1.3103448275862069,0.0393356389349114,203,150,43,10,not_evaluated,not_evaluated
"That's so interesting Kyle.....so the more pressure you're under, the better you dance?",1.3101851851851851,0.0383267583937196,216,160,45,11,not_evaluated,not_evaluated
"Finally, the only one who moves like Jagger.",1.3096446700507614,0.0413788038221525,197,148,37,12,not_evaluated,not_evaluated
You sure are flexible. Do you do yoga?,1.3087557603686637,0.0408753230022264,217,166,35,16,not_evaluated,not_evaluated
I wish someone would inflate my ego.,1.308695652173913,0.0415849392326425,230,180,29,21,not_evaluated,not_evaluated
I'm sold.,1.3083700440528634,0.0375702782306596,227,169,46,12,not_evaluated,not_evaluated
"Seriously,we need to get going! They are forecasting high winds.",1.3076923076923077,0.0372976004354444,234,175,46,13,not_evaluated,not_evaluated
Are you in advertising too?,1.3069767441860465,0.0377995993729038,215,159,46,10,not_evaluated,not_evaluated
You're sucking all of the air out of this party.,1.3066037735849056,0.0387219694988205,212,158,43,11,not_evaluated,not_evaluated
Did you ever see that Seinfeld episode where Elaine danced?,1.306532663316583,0.0410206528859784,199,150,37,12,not_evaluated,not_evaluated
So what are your thoughts about all the inflation?,1.3063063063063065,0.0386186758878677,222,167,42,13,not_evaluated,not_evaluated
I love how you rise to the occasion.,1.3055555555555556,0.040248469612633,180,132,41,7,not_evaluated,not_evaluated
"F.Y.I, no one is paying attention.",1.3053097345132745,0.0376114870626984,226,169,45,12,not_evaluated,not_evaluated
"Yes, you caught my eye from across the room, and, no, I’m not interested in a used car.",1.305263157894737,0.0423136031887825,190,144,34,12,not_evaluated,not_evaluated
I get it...you don't want to feel tied down,1.3051643192488265,0.0385666197981427,213,159,43,11,not_evaluated,not_evaluated
"Normally I don’t applaud being desperate for attention, but you seem so…committed.",1.3051643192488265,0.0402524144692002,213,162,37,14,not_evaluated,not_evaluated
"I gotta confess, I used to think you were too straight and just full of hot air, but I really like the way you go with the flow.",1.3047210300429184,0.0368401963599026,233,174,47,12,not_evaluated,not_evaluated
How long have you been in advertising?,1.3036649214659686,0.041462461336182,191,146,33,12,not_evaluated,not_evaluated
"…wow, I’m in sales, too!",1.3035714285714286,0.0372622569620387,224,167,46,11,not_evaluated,not_evaluated
I don’t quite understand why inflation makes you giddy…,1.303191489361702,0.0425727426925478,188,143,33,12,not_evaluated,not_evaluated
They’re just trying to have a good time. No one’s “looking to buy a mattress.”,1.3028846153846154,0.0402975362253749,208,158,37,13,not_evaluated,not_evaluated
Stop it! The donors want to see that you are not exclusively motivated by your base!,1.301980198019802,0.0398816064483323,202,152,39,11,not_evaluated,not_evaluated
Can you keep this up all night?,1.3014354066985645,0.0389671496375332,209,157,41,11,not_evaluated,not_evaluated
Seems like you’ve really blown up since you got back to town!,1.300970873786408,0.0387282455415802,206,154,42,10,not_evaluated,not_evaluated
"Interesting, I'm also in advertising.",1.3009259259259258,0.0392214869564974,216,167,35,14,not_evaluated,not_evaluated
"For an extrovert, you're actually a really good listener.",1.3004926108374384,0.038464768012555,203,151,43,9,not_evaluated,not_evaluated
Do you undulate here often?,1.3004926108374384,0.0397125305003664,203,153,39,11,not_evaluated,not_evaluated
"Oh, I’m also in sales!",1.3,0.0370044919160363,210,155,47,8,not_evaluated,not_evaluated
"So, what do you do?",1.299492385786802,0.041133438146169,197,150,35,12,not_evaluated,not_evaluated
"To be frank, I think your outfit is a bit overblown.",1.2990196078431373,0.0376683906972628,204,151,45,8,not_evaluated,not_evaluated
I need to be right upfront with you. I don't give blow jobs.,1.2985781990521328,0.0430682760737598,211,167,25,19,not_evaluated,not_evaluated
I admire your serene sense of absolutely no fixed positions.,1.2985074626865671,0.0393003336480228,201,151,40,10,not_evaluated,not_evaluated
Bubbly goes straight to my head too!,1.2984293193717278,0.0439160277382499,191,149,27,15,not_evaluated,not_evaluated
"Sure, but when he says, ""You put your left foot out,"" what are you gonna do?",1.298342541436464,0.0449710031268533,181,141,26,14,not_evaluated,not_evaluated
You're perfect for this position that just opened up at FOX News.,1.297560975609756,0.043421565387415,205,162,25,18,not_evaluated,not_evaluated
"You've got the moves, but you seem to have an inflated ego.",1.2972972972972974,0.0407943484746246,185,139,37,9,not_evaluated,not_evaluated
You're missing the point. The answer is not blowing in the wind.,1.296875,0.0418010893401855,192,147,33,12,not_evaluated,not_evaluated
You have an uncanny ability to keep up with inflation.,1.2964824120603016,0.0420007280472701,199,154,31,14,not_evaluated,not_evaluated
You don't have to keep selling yourself.,1.2964824120603016,0.0401470375284984,199,151,37,11,not_evaluated,not_evaluated
I saw you waving from the other side of the room.,1.296116504854369,0.04040315808957,206,158,35,13,not_evaluated,not_evaluated
It's ironic that the one guest who can't drink is having the most fun.,1.2959183673469388,0.0418179049149726,196,151,32,13,not_evaluated,not_evaluated
I just think you need to stand up for yourself.,1.2959183673469388,0.0392354772680149,196,147,40,9,not_evaluated,not_evaluated
I've been trying to reach you concerning my vehicle's extended warranty.,1.2955665024630545,0.0425570329649255,203,159,28,16,not_evaluated,not_evaluated
You've got to start standing up for yourself.,1.2954545454545454,0.043632305006058,176,135,30,11,not_evaluated,not_evaluated
Oh you’d rather hang out in the parking lot?,1.2953367875647668,0.0389320002723656,193,144,41,8,not_evaluated,not_evaluated
So you wiggle for a living?,1.2952380952380953,0.0362566099583177,210,157,45,8,not_evaluated,not_evaluated
"I get what you're saying, but basically, you're full of hot air.",1.2950819672131149,0.0431682207097273,183,144,26,13,not_evaluated,not_evaluated
Do you find it hard to unplug?,1.2950819672131149,0.0424669994097372,183,140,32,11,not_evaluated,not_evaluated
What antidepressants are you on?,1.295,0.0430014023377735,200,157,27,16,not_evaluated,not_evaluated
"So,  all of your family works in the used car business?",1.294930875576037,0.040034447096535,217,168,34,15,not_evaluated,not_evaluated
Inflation looks good on you.,1.2944444444444445,0.0443570680520191,180,140,27,13,not_evaluated,not_evaluated
OK ... you have my attention.  Now what?,1.2944162436548223,0.0434583936228357,197,155,26,16,not_evaluated,not_evaluated
"So, how long have you been in sales?",1.294392523364486,0.0364177587007715,214,162,43,9,not_evaluated,not_evaluated
"Never bend over backwards for a company that doesn’t respect you, Sam.",1.2941176470588236,0.0418175450374841,187,143,33,11,not_evaluated,not_evaluated
They’re all jealous cause you have the best dance moves.,1.2938144329896908,0.037357201833206,194,143,45,6,not_evaluated,not_evaluated
So... what bathroom do you use?,1.2935779816513762,0.040400012613869,218,170,32,16,not_evaluated,not_evaluated
I am so jealous of an extrovert.,1.2935323383084578,0.0404211633770141,201,154,35,12,not_evaluated,not_evaluated
"I'd love to stay and chat, but I'm suddenly overcome with a desire to go buy tires.",1.2934782608695652,0.0443238630118719,184,144,26,14,not_evaluated,not_evaluated
"Yes, dance like nobody’s watching. But that’s the third tray of hors d'oeuvres you’ve knocked over.",1.292929292929293,0.0420620682107933,198,154,30,14,not_evaluated,not_evaluated
You dance like everybody’s watching.,1.2925531914893618,0.0467724884407169,188,152,17,19,not_evaluated,not_evaluated
I haven't seen you since the grand opening at Tire King.,1.292079207920792,0.0420426102087595,202,158,29,15,not_evaluated,not_evaluated
Finally! A woman with no strings attached.,1.292079207920792,0.0402468023765699,202,155,35,12,not_evaluated,not_evaluated
And then he told me to grow a spine. Can you believe it?,1.2914572864321607,0.040016581186842,199,152,36,11,not_evaluated,not_evaluated
"Sure, you're erect now but what happens if I bring you home?",1.2914572864321607,0.0424777841794731,199,156,28,15,not_evaluated,not_evaluated
"I don't generally approach salesmen, but there's a certain air about you.",1.2914572864321607,0.040016581186842,199,152,36,11,not_evaluated,not_evaluated
"I didn't hire you to stand out, I hired you to stand outSIDE.",1.2914285714285714,0.0444403782642251,175,136,27,12,not_evaluated,not_evaluated
I adored your work on the Subaru used car lot,1.2910798122065728,0.0382172748224311,213,162,40,11,not_evaluated,not_evaluated
"I get it! You're gay! I'm gay, too! But you're just making a spectacle of yourself!",1.2908163265306123,0.0390974407613966,196,148,39,9,not_evaluated,not_evaluated
I told you there was more to life than selling mattresses!,1.2908163265306123,0.0416884200842356,196,152,31,13,not_evaluated,not_evaluated
"Darling, I just adore inflated egos!",1.2906976744186047,0.0434257857395515,172,132,30,10,not_evaluated,not_evaluated
"Usually I can't stand spinelessness, but you make it look so charming!",1.29064039408867,0.0400738894522488,203,156,35,12,not_evaluated,not_evaluated
"""I was wondering which pronouns you prefer?""",1.2905027932960893,0.0444291075906264,179,140,26,13,not_evaluated,not_evaluated
Tell me about your fan base.,1.2903225806451613,0.04584527908953,186,149,20,17,not_evaluated,not_evaluated
"I've never seen you drink, but you always look so relaxed.",1.2903225806451613,0.0374742304735307,186,137,44,5,not_evaluated,not_evaluated
I never know what to do with my hands at a party either.,1.2901554404145077,0.0421233485531324,193,150,30,13,not_evaluated,not_evaluated
"You seem to like it, but I hate it when they blow air up my ass!",1.2901554404145077,0.0433857260585292,193,152,26,15,not_evaluated,not_evaluated
You don't look anything like your yearbook photo.,1.2897727272727273,0.046368649461598,176,140,21,15,not_evaluated,not_evaluated
One drink and you are three sheets to the wind,1.2894736842105263,0.0405610016948701,190,145,35,10,not_evaluated,not_evaluated
Are you serious? How can you be in favor of higher inflation!?,1.2894736842105263,0.0419116265917352,190,147,31,12,not_evaluated,not_evaluated
What line of business are you in front of?,1.2893401015228427,0.0408737365367424,197,152,33,12,not_evaluated,not_evaluated
"My parents made me switch from Dance to Marketing, too.",1.2893401015228427,0.0402351210981321,197,151,35,11,not_evaluated,not_evaluated
I hear that you're a huge fan.,1.288770053475936,0.0430315802292259,187,146,28,13,not_evaluated,not_evaluated
I agree. Leaving the car dealership was the right career move.,1.288659793814433,0.0393021260353937,194,147,38,9,not_evaluated,not_evaluated
Somehow I can't take my eyes off of you.,1.2881355932203389,0.0475062118318685,177,143,17,17,not_evaluated,not_evaluated
No way-I'm also in advertising.,1.2880434782608696,0.0441834443400143,184,145,25,14,not_evaluated,not_evaluated
"Wow, I thought I was genderfluid.",1.2880434782608696,0.0435060940846747,184,144,27,13,not_evaluated,not_evaluated
"It's a cocktail party, not a dance-off, Elaine",1.2880434782608696,0.0414076155891261,184,141,33,10,not_evaluated,not_evaluated
"My motto is, ""Dance like no one is watching, but also like you are trying to get the attention of anyone who drives past.""",1.287958115183246,0.0396881976875065,191,145,37,9,not_evaluated,not_evaluated
You have a very over inflated opinion of yourself.,1.2878787878787878,0.0413182352216828,198,154,31,13,not_evaluated,not_evaluated
Lauren tells me you’re in sales.,1.2878048780487803,0.0420708314489092,205,162,27,16,not_evaluated,not_evaluated
"It's a great disguise, Elaine, but we all know it's you.",1.2873563218390804,0.0437557228460098,174,135,28,11,not_evaluated,not_evaluated
Are you always this full of yourself?,1.287292817679558,0.0460405156537753,181,145,20,16,not_evaluated,not_evaluated
So you say you're in marketing?,1.2872340425531914,0.0428296288876439,188,147,28,13,not_evaluated,not_evaluated
What do you do when you're not selling cars?,1.2871287128712872,0.0394991470532806,202,155,36,11,not_evaluated,not_evaluated
You must have quite a fan base.,1.2865168539325842,0.0444992453484856,178,140,25,13,not_evaluated,not_evaluated
I couldn't do it without my fans.,1.2864583333333333,0.0408664848107621,192,148,33,11,not_evaluated,not_evaluated
"I appreciate your come on, but I already have a new car.",1.28643216080402,0.0411355264623836,199,155,31,13,not_evaluated,not_evaluated
To be honest I think you have an inflated sense of yourself.,1.2857142857142858,0.0423717273566151,182,141,30,11,not_evaluated,not_evaluated
You look just like a guy I work with at the dealership.,1.2857142857142858,0.0402763868348819,196,151,34,11,not_evaluated,not_evaluated
"Every time you drink, this happens.",1.2849740932642486,0.0393321928774326,193,147,37,9,not_evaluated,not_evaluated
Didn't we meet at the used car dealer?,1.2849740932642486,0.0400124201054634,193,148,35,10,not_evaluated,not_evaluated
Didn’t we meet at a Mattress Discounter grand opening?,1.284848484848485,0.0428183573078998,165,129,27,9,not_evaluated,not_evaluated
"I want you to know that I see you, even if they’re pretending not to notice.",1.2847682119205297,0.0424185842104635,151,113,33,5,not_evaluated,not_evaluated
I can't be with someone who blindly follows whichever way the wind blows.,1.2843137254901962,0.0385397655729189,204,156,38,10,not_evaluated,not_evaluated
I never know if you're having a good time.,1.2842105263157897,0.0417697577062649,190,148,30,12,not_evaluated,not_evaluated
Didn’t I see you at the Lexus dealership?,1.284153005464481,0.0407195400004032,183,140,34,9,not_evaluated,not_evaluated
"C’mon Gary, this is a funeral",1.284153005464481,0.0414503338734629,183,141,32,10,not_evaluated,not_evaluated
"You're not one much for conversation, but you have got some moves.",1.2835820895522387,0.0362536053775854,201,150,45,6,not_evaluated,not_evaluated
I think we're gonna go with the D.J. after all.,1.2835051546391754,0.0430549207763363,194,154,25,15,not_evaluated,not_evaluated
Sorry to be so forward but there's this great pool noodle I'd love to set you up with.,1.283236994219653,0.0422520153709247,173,133,31,9,not_evaluated,not_evaluated
I'm surprised to see you. I thought you had a mattress sale?!,1.2828282828282829,0.041802690188298,198,156,28,14,not_evaluated,not_evaluated
Saw you wave from across the room.,1.2826086956521738,0.0433593050765521,184,145,26,13,not_evaluated,not_evaluated
"Let's get out of here,my place has high ceilings",1.2823529411764707,0.0466217081353529,170,136,20,14,not_evaluated,not_evaluated
I'm here if you want to vent,1.2823529411764707,0.0427260511642094,170,131,30,9,not_evaluated,not_evaluated
So are all those cars parked out front yours?,1.2821782178217822,0.0393646406919337,202,156,35,11,not_evaluated,not_evaluated
Didn't we meet at the Kwik Wash in Williamsburg?,1.281767955801105,0.0438444969133052,181,143,25,13,not_evaluated,not_evaluated
Have I seen any of your grand reopenings?”,1.2815533980582523,0.038829031042913,206,159,36,11,not_evaluated,not_evaluated
And so your pronouns are…?,1.2814070351758795,0.0403782701590128,199,155,32,12,not_evaluated,not_evaluated
Have you noticed how many  people at these things are full of hot air?,1.28125,0.0400467726648802,192,148,34,10,not_evaluated,not_evaluated
Can’t you be serious for just one minute?!?,1.28125,0.0379490636963229,192,145,40,7,not_evaluated,not_evaluated
"Frankly, I think you're full of hot air.",1.28125,0.042681240447807,160,122,31,7,not_evaluated,not_evaluated
Would you mind sharing your chiropractor's number?,1.28125,0.0453600853478837,160,125,25,10,not_evaluated,not_evaluated
I wish I could dance like no one was watching.,1.281081081081081,0.043151341827587,185,146,26,13,not_evaluated,not_evaluated
You feeling the inflation too?,1.281081081081081,0.043151341827587,185,146,26,13,not_evaluated,not_evaluated
We met at the car wash opening.,1.28021978021978,0.0422159520445799,182,142,29,11,not_evaluated,not_evaluated
....Congrats on the surgery.,1.28,0.0414316656022041,200,158,28,14,not_evaluated,not_evaluated
I am so sick of hearing about inflation.,1.2793296089385475,0.0419360415960152,179,139,30,10,not_evaluated,not_evaluated
"So, you dance?",1.2790697674418603,0.0406515057430291,172,131,34,7,not_evaluated,not_evaluated
I too have uncontrollable flatulence.,1.2790697674418603,0.0446379009273205,172,136,24,12,not_evaluated,not_evaluated
"Funny thing is, you’re a much better dancer than my ex.",1.2790697674418603,0.0422911791179228,172,133,30,9,not_evaluated,not_evaluated
You seem to be enjoying inflation.,1.2787878787878788,0.0467636086234949,165,132,20,13,not_evaluated,not_evaluated
What do you do for fun when you're unplugged?,1.2781065088757395,0.0410866908183084,169,129,33,7,not_evaluated,not_evaluated
But does it have pockets?,1.2780748663101604,0.0420631553473401,187,147,28,12,not_evaluated,not_evaluated
Can you just act normal for once?,1.277456647398844,0.045158858717457,173,138,22,13,not_evaluated,not_evaluated
Just how much attention do you need…?,1.2771739130434785,0.0388661350824596,184,140,37,7,not_evaluated,not_evaluated
"I mean, I'm no economist, but maybe this whole inflation thing isn't so bad",1.2771739130434785,0.04109459879322,184,143,31,10,not_evaluated,not_evaluated
I love your inflated sense of elegance!,1.2769230769230768,0.0427219999481596,195,156,24,15,not_evaluated,not_evaluated
I'm in advertising too!,1.2768361581920904,0.0421841370708137,177,138,29,10,not_evaluated,not_evaluated
"Hey, I’m not the one with the inflated ego here.",1.2768361581920904,0.0436795614811407,177,140,25,12,not_evaluated,not_evaluated
"When you said you were a good dancer, I thought you were just full of hot air.""- Ashley Robert",1.2767295597484276,0.043631022041102,159,123,28,8,not_evaluated,not_evaluated
I certainly wish MY job would allow me that kind of flexibility,1.2765957446808511,0.0404832782161566,188,146,32,10,not_evaluated,not_evaluated
So how are things in sales?,1.276243093922652,0.0415284430341793,181,141,30,10,not_evaluated,not_evaluated
"Dahling, I'm so happy that they finally allowed you off of that ghastly corner!",1.2760416666666667,0.041240113200732,192,151,29,12,not_evaluated,not_evaluated
"I wasn't sure you were flailing at me, but this is my year of taking chances.",1.2758620689655171,0.0410636198115025,174,138,26,10,not_evaluated,not_evaluated
How about coming back to my dealership?,1.2758620689655171,0.0426509367790929,174,136,28,10,not_evaluated,not_evaluated
Would it be possible to stand still for a moment?,1.2756756756756755,0.0408993133795177,185,144,31,10,not_evaluated,not_evaluated
I told you to wait in the car.,1.2756756756756755,0.0430001983095133,185,147,25,13,not_evaluated,not_evaluated
"So, you work in marketing too?",1.2755102040816326,0.0399903340556903,196,153,32,11,not_evaluated,not_evaluated
So you were saying you work in advertising?,1.2755102040816326,0.0399903340556903,196,153,32,11,not_evaluated,not_evaluated
"So, you’re in marketing?",1.2751322751322751,0.0388731290833164,189,145,36,8,not_evaluated,not_evaluated
Something tells me you're in sales.,1.275,0.0400611969053277,200,157,31,12,not_evaluated,not_evaluated
Still selling cars?,1.2741935483870968,0.0399855135902029,186,144,33,9,not_evaluated,not_evaluated
"Come on baby, let's do the twist.",1.2741935483870968,0.0414136037384807,186,146,29,11,not_evaluated,not_evaluated
So how did you meet our Host?,1.274074074074074,0.0508953875972722,135,108,17,10,not_evaluated,not_evaluated
"You look familiar. You work at the dealership, right?",1.2737430167597763,0.0417684643359086,179,140,29,10,not_evaluated,not_evaluated
I almost didn't recognize you outside the dealership.,1.2732558139534884,0.0412955635233833,172,133,31,8,not_evaluated,not_evaluated
"I think you'll do well here. The boss likes people who know which way the wind is blowing""",1.2732558139534884,0.0421108421041202,172,134,29,9,not_evaluated,not_evaluated
So I hear you're moving.,1.273170731707317,0.0411173563407612,205,164,26,15,not_evaluated,not_evaluated
It's great to talk to someone who isn't here just to network.,1.2727272727272727,0.0373249554888309,176,132,40,4,not_evaluated,not_evaluated
May I get you a compressor?,1.2727272727272727,0.0432969058017503,165,129,27,9,not_evaluated,not_evaluated
This is a Mensa gathering. You'll find Michelin Man's bachelor party down the hall.,1.2727272727272727,0.0422227745636593,176,138,28,10,not_evaluated,not_evaluated
I kinda like your air do.,1.2727272727272727,0.042984854969962,176,139,26,11,not_evaluated,not_evaluated
"Calm down, it's a waltz.""",1.272222222222222,0.03925956181637,180,138,35,7,not_evaluated,not_evaluated
I bet you feel right at home among all these windbags,1.2721518987341771,0.0436657152115053,158,125,24,9,not_evaluated,not_evaluated
So glad I met you. You're nothing like these other stiffs,1.2721518987341771,0.0436657152115053,158,123,27,8,not_evaluated,not_evaluated
Did you see the way the used car salesman was looking at you?,1.2721518987341771,0.0436657152115053,158,123,27,8,not_evaluated,not_evaluated
I thought you did a good job at the tire store opening.,1.271604938271605,0.040152201956884,162,123,34,5,not_evaluated,not_evaluated
"''You're so full of yourself.""",1.2710843373493976,0.0430666399990297,166,130,27,9,not_evaluated,not_evaluated
This is the swankiest Jiffy Lube I’ve ever been to,1.2710843373493976,0.0463337121469579,166,134,19,13,not_evaluated,not_evaluated
My lot or yours?,1.270967741935484,0.046951184143182,155,124,20,11,not_evaluated,not_evaluated
Do you ever get deflated?,1.270718232044199,0.0390710134940501,181,139,35,7,not_evaluated,not_evaluated
"Sorry, I only know how to slow dance.",1.270718232044199,0.0413606837234026,181,142,29,10,not_evaluated,not_evaluated
I wish I had your air..,1.2705882352941176,0.0439729614959505,170,135,24,11,not_evaluated,not_evaluated
"You may not be the most qualified, but management loves your positive attitude.",1.270440251572327,0.0452201706298907,159,128,20,11,not_evaluated,not_evaluated
It’s nice to see you so happy. You seemed a bit deflated earlier.,1.2702702702702702,0.0414508070276778,185,146,28,11,not_evaluated,not_evaluated
'Carlotta'--What a perfect name!,1.2701149425287357,0.0440102388792563,174,139,23,12,not_evaluated,not_evaluated
My therapist says I should talk with people who bring me joy.,1.2701149425287357,0.0416842754770113,174,136,29,9,not_evaluated,not_evaluated
You're comfortable with this level of inflation?,1.2701149425287357,0.0408795554524274,174,135,31,8,not_evaluated,not_evaluated
I also swing both ways.,1.2699386503067485,0.0452729104766743,163,130,22,11,not_evaluated,not_evaluated
I can't believe you learned these dance moves at a used car lot!,1.2692307692307692,0.0440110305093969,182,147,21,14,not_evaluated,not_evaluated
"This always happens when you
drink.",1.2692307692307692,0.0448747488097771,156,123,24,9,not_evaluated,not_evaluated
We have been trying to reach you about your car's extended warranty.,1.2690058479532165,0.0445231320520527,171,137,22,12,not_evaluated,not_evaluated
You have the most optimism and flexibility in this company.,1.2685714285714285,0.0422585453925128,175,138,27,10,not_evaluated,not_evaluated
"Sorry, I don't date guys that dance like Elaine.",1.2685714285714285,0.0398590055535219,175,135,33,7,not_evaluated,not_evaluated
I love how you can just wear ANYTHING.,1.2682926829268293,0.0415702209419349,164,127,30,7,not_evaluated,not_evaluated
The dating app warned me that you dance with the wind.,1.2682926829268293,0.0406603808402485,164,126,32,6,not_evaluated,not_evaluated
"I used to identify as a spineless, mindless, airhead too, but then I got a job, paid taxes, and became a Republican.",1.2679738562091505,0.0454372707712365,153,121,23,9,not_evaluated,not_evaluated
Funny. I'm in advertising too.,1.2679738562091505,0.0435034130974531,153,119,27,7,not_evaluated,not_evaluated
"Actually, you may be the only one here without an overly inflated sense of themselves.",1.2679738562091505,0.0435034130974531,153,119,27,7,not_evaluated,not_evaluated
"So, how does it feel to win ""Best Choreography""?",1.2678571428571428,0.0391246666608868,168,128,35,5,not_evaluated,not_evaluated
Your inflated ego pushes people away.,1.2678571428571428,0.0391246666608868,168,128,35,5,not_evaluated,not_evaluated
I haven't been able to take my eyes off you all night.,1.26775956284153,0.0416871497437163,183,145,27,11,not_evaluated,not_evaluated
I'm happy with my car.  Why do you ask?,1.2674418604651163,0.0427282848307998,172,136,26,10,not_evaluated,not_evaluated
But tomorrow I shall be sober and you will still be an airhead.,1.2670454545454546,0.0443015286727115,176,142,21,13,not_evaluated,not_evaluated
This is not exactly the blow up doll I expected,1.2670454545454546,0.0412660294067507,176,138,29,9,not_evaluated,not_evaluated
Dance like you're selling a used car.,1.2666666666666666,0.0430998885634958,165,130,26,9,not_evaluated,not_evaluated
There I was thinking that nobody loved being in advertising as much as me.,1.2666666666666666,0.0406343248382321,180,141,30,9,not_evaluated,not_evaluated
That's OK.  I'm full of hot air too.,1.2666666666666666,0.0450370632023682,150,118,24,8,not_evaluated,not_evaluated
"So, you’re basically full of hot air, and proud of it?",1.2666666666666666,0.0439489502058143,165,131,24,10,not_evaluated,not_evaluated
Most men in sales aren’t so flexible. What drives you?,1.2662721893491125,0.0398193261650511,169,130,33,6,not_evaluated,not_evaluated
"Have you tried Ritalin, yet?",1.2662721893491125,0.0415507339587172,169,132,29,8,not_evaluated,not_evaluated
You captured my attention,1.2662337662337662,0.0412459871596018,154,118,31,5,not_evaluated,not_evaluated
Love the Met Gala look!,1.2658959537572254,0.0440615069066502,173,139,22,12,not_evaluated,not_evaluated
"So, they tell me you're the inflation expert",1.2654320987654322,0.0427140813334007,162,127,27,8,not_evaluated,not_evaluated
How long have you been in management Kevin?,1.2654320987654322,0.0453269947433198,162,130,21,11,not_evaluated,not_evaluated
Tell me that you’re a car dealer without telling me you’re a car dealer.”,1.2654320987654322,0.041806835661825,162,126,29,7,not_evaluated,not_evaluated
Will you - teach me to shimmy like my sister kate?,1.2654320987654322,0.0453269947433198,162,130,21,11,not_evaluated,not_evaluated
There's just an air about you.,1.2650602409638554,0.0420092956374638,166,130,28,8,not_evaluated,not_evaluated
Why can't you leave your work at the office?,1.2650602409638554,0.0445403072546562,166,133,22,11,not_evaluated,not_evaluated
So... you're celebrating your change of pronouns?,1.2650602409638554,0.0445403072546562,166,133,22,11,not_evaluated,not_evaluated
Why the long face?,1.2649006622516556,0.0457481219580676,151,120,22,9,not_evaluated,not_evaluated
"Go where the wind takes you"" is your answer to every problem",1.2648648648648648,0.0419912774298264,185,148,25,12,not_evaluated,not_evaluated
Viagra or cialis?,1.264516129032258,0.0449152433249091,155,123,23,9,not_evaluated,not_evaluated
"You really don't give a damn, do you?",1.264516129032258,0.0458384801612921,155,124,21,10,not_evaluated,not_evaluated
"Yes, I am looking for a car.",1.2641509433962264,0.0450148629478046,159,127,22,10,not_evaluated,not_evaluated
Its so refreshing to meet a man who admits he's full of hot air!,1.2641509433962264,0.0450148629478046,159,127,22,10,not_evaluated,not_evaluated
I was told you work in advertising.,1.2640449438202248,0.0392713935979005,178,138,33,7,not_evaluated,not_evaluated
"What are my politics?
It depends on which way the wind is blowing.",1.2640449438202248,0.0408558722738708,178,140,29,9,not_evaluated,not_evaluated
Didn't I meet you at Eddie's Auto-Ram-a last week,1.2640449438202248,0.0423811543424253,178,142,25,11,not_evaluated,not_evaluated
"Excuse me, I feel like you’re not focused on our conversation.",1.2640449438202248,0.0416255002531821,178,141,27,10,not_evaluated,not_evaluated
You're a great dancer! Didn't I see you at the carwash last Saturday?,1.2638888888888888,0.0472496378207806,144,115,20,9,not_evaluated,not_evaluated
"Well, you got my attention, what did you want to tell me?",1.2637362637362637,0.0362721063006378,182,138,40,4,not_evaluated,not_evaluated
That's the fourth drink you've thrown across the room.,1.2637362637362637,0.0424425239429216,182,146,24,12,not_evaluated,not_evaluated
What are YOU drinking”,1.2634730538922156,0.0417871389534917,167,131,28,8,not_evaluated,not_evaluated
I’m glad you came. Nobody was dancing until you showed up.,1.263157894736842,0.0445112512801521,152,120,24,8,not_evaluated,not_evaluated
"These things are always so stuffy. 
YOU are such a breath of fresh air!",1.263157894736842,0.0402767749602492,171,133,31,7,not_evaluated,not_evaluated
When I saw you outside that car dealership I knew we had to be together.,1.263157894736842,0.0435593434249894,171,137,23,11,not_evaluated,not_evaluated
Don’t I know you from the car dealership?,1.262857142857143,0.0420760791238423,175,139,26,10,not_evaluated,not_evaluated
You’ve come a long way from the used car lot. Would you mind telling me who your agent is?,1.2628205128205128,0.0417881730285057,156,121,29,6,not_evaluated,not_evaluated
So you work in advertising? Me too.,1.2621951219512195,0.0439882903749723,164,131,23,10,not_evaluated,not_evaluated
I work below you. I’m a big fan.,1.2621951219512195,0.0404438239260821,164,127,31,6,not_evaluated,not_evaluated
Please tell me; who's your chiropractor?,1.2620689655172417,0.0469579269329091,145,116,20,9,not_evaluated,not_evaluated
Sylvia tells me you're a giant in advertising.,1.261904761904762,0.0440646665891085,168,135,22,11,not_evaluated,not_evaluated
"I am so sorry, but I want a man with backbone",1.261904761904762,0.0415672568654724,168,132,28,8,not_evaluated,not_evaluated
I have to guess the answer is blowing in the wind.,1.2616279069767442,0.040910828795788,172,135,29,8,not_evaluated,not_evaluated
Didn't I see you workin' the street outside a Blockbuster .,1.2616279069767442,0.0417336239591367,172,136,27,9,not_evaluated,not_evaluated
There's a column on the hall balcony who was asking about you.,1.261437908496732,0.0452140513878382,153,122,22,9,not_evaluated,not_evaluated
"I'm glad you're here, everyone else is intimidated by strong, windependent woman.",1.2613636363636365,0.0410800899444793,176,139,28,9,not_evaluated,not_evaluated
Can’t you just turn it off for a little while?,1.2611464968152866,0.0444048020579038,157,125,23,9,not_evaluated,not_evaluated
Do you have to wave at everyone?,1.2611464968152866,0.0415548853183028,157,122,29,6,not_evaluated,not_evaluated
"I don't usually go for someone with such an inflated sense of self, but there's something about you that draws the eye.",1.2611464968152866,0.0470825275212147,157,128,17,12,not_evaluated,not_evaluated
I think I saw you on the street the other day.,1.2611464968152866,0.0415548853183028,157,122,29,6,not_evaluated,not_evaluated
"Thanks for asking, but my mother told me to avoid loose women.",1.2611464968152866,0.0415548853183028,157,122,29,6,not_evaluated,not_evaluated
I'm just afraid we're going to find you collapsed in a heap out front when the party is over.,1.2611464968152866,0.0453149618021435,157,126,21,10,not_evaluated,not_evaluated
"So, Dorothy, how long have you been an art installation?",1.2608695652173914,0.0436332640737477,161,128,24,9,not_evaluated,not_evaluated
It's good to see someone so closely attached to their fan base.,1.2608695652173914,0.0436332640737477,161,128,24,9,not_evaluated,not_evaluated
I’m also in the automobile industry.,1.2608695652173914,0.0418160523079811,161,126,28,7,not_evaluated,not_evaluated
Let me guess.  You're in advertising.,1.2608695652173914,0.0440040146871678,138,107,26,5,not_evaluated,not_evaluated
It's wonderful meeting you!  You're not the airhead I expected!,1.2606060606060605,0.042896745774035,165,131,25,9,not_evaluated,not_evaluated
Something about you caught my eye.,1.2606060606060605,0.0402293587816165,165,128,31,6,not_evaluated,not_evaluated
Didn't I see you last week at Sonic Burger?,1.2606060606060605,0.0373720727008531,165,125,37,3,not_evaluated,not_evaluated
"Usually I find these events 
deflating.",1.2606060606060605,0.0402293587816165,165,128,31,6,not_evaluated,not_evaluated
What are your pronouns?,1.2603550295857988,0.0430194781065071,169,135,24,10,not_evaluated,not_evaluated
Bob! I haven't seen you since I bought my car.,1.2603550295857988,0.0438305586855897,169,136,22,11,not_evaluated,not_evaluated
"You may be a windbag, but you're fun!",1.2603550295857988,0.0446269005514119,169,137,20,12,not_evaluated,not_evaluated
Your positive take on inflation is quite refreshing these days,1.2603550295857988,0.0404888671384145,169,132,30,7,not_evaluated,not_evaluated
I’m so envious of you and how you always pop back up again!,1.2602739726027397,0.0424284048050164,146,113,28,5,not_evaluated,not_evaluated
I think we met before. Weren't you at the car wash last week?,1.2598870056497176,0.0392719101514365,177,138,32,7,not_evaluated,not_evaluated
"I want to be like you, full of hot air and spineless.",1.2597402597402598,0.0449515624637339,154,123,22,9,not_evaluated,not_evaluated
There's something about you that caught my eye!,1.259493670886076,0.0422883866692528,158,124,27,7,not_evaluated,not_evaluated
So where do you stand on the issue of inflation?,1.259493670886076,0.0441538102235258,158,126,23,9,not_evaluated,not_evaluated
"Can I get you a glass of wind?""",1.259493670886076,0.0441538102235258,158,126,23,9,not_evaluated,not_evaluated
I’ve always dated guys with an inflated sense of self.,1.259493670886076,0.0432311612401481,158,125,25,8,not_evaluated,not_evaluated
Point taken.  But you don't have to be so flippant.,1.2592592592592593,0.0406559546051388,162,126,30,6,not_evaluated,not_evaluated
Where do I know you from?,1.2590361445783131,0.0418019836087984,166,131,27,8,not_evaluated,not_evaluated
Maybe we could talk more about rustproofing and financing options back at my place?,1.2590361445783131,0.0435137281083317,166,133,23,10,not_evaluated,not_evaluated
Could I have a slow dance?,1.2589928057553956,0.0460493557511131,139,110,22,7,not_evaluated,not_evaluated
Once. Can you let me be the fun one just once?,1.258823529411765,0.0394055041757054,170,132,32,6,not_evaluated,not_evaluated
You seem so happy since you sold your bouncy house.,1.258823529411765,0.0419718321278017,170,135,26,9,not_evaluated,not_evaluated
"Where did you, he, she, it, they, him, her, us, or them learn that dance?",1.2587412587412588,0.046245085894578,143,116,18,9,not_evaluated,not_evaluated
Are you worried at all about the high inflation?,1.2587412587412588,0.0451676312546647,143,113,23,7,not_evaluated,not_evaluated
"So you like dancing, and the outdoors, anything else?",1.2585034013605445,0.0443304441049903,147,116,24,7,not_evaluated,not_evaluated
"No one else is dancing but I know you can’t stop, so just go with it.",1.2585034013605445,0.0421759689196889,147,114,28,5,not_evaluated,not_evaluated
"Look, do you always have to take up ALL the oxygen in the room?",1.2585034013605445,0.0483522503613625,147,120,16,11,not_evaluated,not_evaluated
Have you always been in sales?,1.2582781456953642,0.0414564599481144,151,117,29,5,not_evaluated,not_evaluated
"I wouldn’t feel self conscious about it, everyone here is full of hot air.",1.2582781456953642,0.0455174576885816,151,121,21,9,not_evaluated,not_evaluated
When did you become a politician?,1.2582781456953642,0.0403774423493992,151,116,31,4,not_evaluated,not_evaluated
You always sense which way the winds are blowing.,1.2582781456953642,0.0425080967837912,151,118,27,6,not_evaluated,not_evaluated
"So, you're in town on business then",1.2582781456953642,0.0445369367343699,151,120,23,8,not_evaluated,not_evaluated
"Really, Phil, it's like attracting attention is all you live for.",1.2580645161290325,0.046529051497047,155,126,18,11,not_evaluated,not_evaluated
So you majored in philosophy?,1.2580645161290325,0.048296242031214,155,128,14,13,not_evaluated,not_evaluated
I love that you accept all the pronouns.,1.2580645161290325,0.0446920381286433,155,124,22,9,not_evaluated,not_evaluated
"So,how is this inflation affecting YOUR family?",1.2580645161290325,0.0437446121428769,155,123,24,8,not_evaluated,not_evaluated
But hyper inflation would destroy us.,1.2580645161290325,0.0417853650266213,155,121,28,6,not_evaluated,not_evaluated
I feel like you’re not even listening.,1.2580645161290325,0.0427762072999624,155,122,26,7,not_evaluated,not_evaluated
"No, I'm not in the market for a used sedan.",1.2578616352201255,0.041095805817513,159,124,29,6,not_evaluated,not_evaluated
You really know how to sell it!,1.2576687116564418,0.0375224511098101,163,124,36,3,not_evaluated,not_evaluated
"No kidding, my dad works in sales.",1.2574850299401197,0.040703069999531,167,131,29,7,not_evaluated,not_evaluated
I've never met an Influencer before!,1.2569832402234635,0.0419903602100004,179,144,24,11,not_evaluated,not_evaluated
I understand you're in auto sales,1.256578947368421,0.0390465739350836,152,116,33,3,not_evaluated,not_evaluated
Which pronoun do you use?,1.256578947368421,0.0471353576627287,152,124,17,11,not_evaluated,not_evaluated
I’m huge fan of your work.,1.256578947368421,0.0442755780851174,152,121,23,8,not_evaluated,not_evaluated
"It’s ok, you can relax now.",1.256578947368421,0.0422616855235327,152,119,27,6,not_evaluated,not_evaluated
I'm not buying it.,1.2564102564102564,0.0425332982695548,156,123,26,7,not_evaluated,not_evaluated
"My father was in automotive marketing, too!",1.2564102564102564,0.0453565917977012,156,126,20,10,not_evaluated,not_evaluated
That dress really inflates your ego.,1.2564102564102564,0.0444354299356325,156,125,22,9,not_evaluated,not_evaluated
I'm trans. What are you?,1.2564102564102564,0.0453565917977012,156,126,20,10,not_evaluated,not_evaluated
"You have the right jiggle, jiggle for us.",1.25625,0.0408699377070249,160,125,29,6,not_evaluated,not_evaluated
"Yeah, if someone blew wind up my ass all day. I'd be dancing too!",1.25625,0.0445512874896015,160,129,21,10,not_evaluated,not_evaluated
Wow! I'm an air sign too!,1.2560975609756098,0.0411400014238743,164,129,28,7,not_evaluated,not_evaluated
And you identify as.....,1.2560975609756098,0.0462752624161095,164,135,16,13,not_evaluated,not_evaluated
"Ok, so you've got my attention...",1.2554744525547443,0.0414802289088139,137,105,29,3,not_evaluated,not_evaluated
I’ll have what you’re having!,1.2554744525547443,0.0475112662966004,137,110,19,8,not_evaluated,not_evaluated
You probably like inflation.,1.25531914893617,0.0419922501162129,141,109,28,4,not_evaluated,not_evaluated
I can date either way. I go with the wind.,1.25531914893617,0.0454675756732613,141,112,22,7,not_evaluated,not_evaluated
"Please, let's not cause another scene tonight.",1.25503355704698,0.0427538803817079,149,117,26,6,not_evaluated,not_evaluated
I felt the same way right after I had my colonoscopy.,1.25503355704698,0.0448250346439108,149,119,22,8,not_evaluated,not_evaluated
Can you just stop working for one night and enjoy the party?,1.25503355704698,0.0477636671072209,149,122,16,11,not_evaluated,not_evaluated
Everyone there has an inflatable ego!,1.25503355704698,0.0427538803817079,149,119,23,7,not_evaluated,not_evaluated
i couldn’t help but notice you from across the room!,1.2549019607843137,0.045929429951442,153,124,19,10,not_evaluated,not_evaluated
"I told you, I'm sold!",1.2549019607843137,0.0420180352663282,153,120,27,6,not_evaluated,not_evaluated
I wasn't flirting. I wave at everybody.,1.2547770700636942,0.0413163868009492,157,123,28,6,not_evaluated,not_evaluated
"Boy, you really suck the air out of a room.",1.2547770700636942,0.0432476872554113,157,125,24,8,not_evaluated,not_evaluated
You’re such an enthusiastic listener.,1.2546583850931676,0.0406464676729103,161,126,29,6,not_evaluated,not_evaluated
I like your take on inflation.,1.2545454545454546,0.0435444955587079,165,133,22,10,not_evaluated,not_evaluated
"Yes, I AM in the market for a used car.",1.2544378698224852,0.040277273879018,169,133,29,7,not_evaluated,not_evaluated
Top car sales again this year. Congratulations!,1.254335260115607,0.0396623606843002,173,138,27,8,not_evaluated,not_evaluated
Are you really happy or is that just the air talking?,1.254335260115607,0.0396623606843002,173,136,30,7,not_evaluated,not_evaluated
Inflation is freaking me out too.,1.254335260115607,0.038805792350187,173,135,32,6,not_evaluated,not_evaluated
"So, What exactly do you do in the automobile industry?",1.2542372881355932,0.0398859289442348,177,140,29,8,not_evaluated,not_evaluated
Clearly your unbridled joy is simply masking your overinflated opinion of yourself.,1.2536231884057971,0.0424839584325427,138,107,27,4,not_evaluated,not_evaluated
You can stop waving....we're here now.,1.2535211267605637,0.0473412785580398,142,115,18,9,not_evaluated,not_evaluated
Looks like you've got a fan.,1.2534246575342465,0.0464229633813782,146,118,19,9,not_evaluated,not_evaluated
Let's keep it light and airy since you're easily swayed.,1.2533333333333334,0.0455507354536988,150,121,20,9,not_evaluated,not_evaluated
I'm actually just a bent carrot.,1.2533333333333334,0.0445576485214365,150,120,22,8,not_evaluated,not_evaluated
I can't hold a drink but I know how to work a room.,1.2533333333333334,0.0435419175409961,150,119,24,7,not_evaluated,not_evaluated
"I wanted an escort, not an attention whore.",1.2533333333333334,0.0425019190688365,150,118,26,6,not_evaluated,not_evaluated
I simply can't understand why people say you lack substance....,1.2533333333333334,0.0435419175409961,150,119,24,7,not_evaluated,not_evaluated
I seem to see you everywhere I go.,1.2533333333333334,0.0425019190688365,150,118,26,6,not_evaluated,not_evaluated
Can't you leave your work at the office for once?,1.2532467532467533,0.0447210637522886,154,124,21,9,not_evaluated,not_evaluated
"Hey baby, what's shakin'?",1.2532467532467533,0.0427809381324093,154,122,25,7,not_evaluated,not_evaluated
"Your either dancing or sleeping, there's just no in-between with you.",1.2532467532467533,0.0427809381324093,154,122,25,7,not_evaluated,not_evaluated
Didn’t I see you at the Car Wash?,1.2531645569620251,0.0410857136629042,158,124,28,6,not_evaluated,not_evaluated
"What a coincidence, I work in advertising too!",1.2531645569620251,0.0430033391419439,158,126,24,8,not_evaluated,not_evaluated
"Do you have a clear career path, or are you just going with the flow?",1.2530864197530864,0.0404253593279431,162,127,29,6,not_evaluated,not_evaluated
My last relationship also blew up.,1.2530864197530864,0.0431770006496271,162,130,23,9,not_evaluated,not_evaluated
You do realize I’ve been holding your drink for an hour.,1.2530120481927711,0.0433085392498644,166,134,22,10,not_evaluated,not_evaluated
And what made you decide to move from parking lots to parties?,1.2529411764705882,0.0409270952896325,170,135,27,8,not_evaluated,not_evaluated
You come across like you’re full of hot air.,1.252808988764045,0.0396869276755625,178,141,29,8,not_evaluated,not_evaluated
"Wait, did you just call me an airhead?",1.2522522522522523,0.0433420928621605,111,84,26,1,not_evaluated,not_evaluated
So what exactly do you do in advertising?,1.251968503937008,0.0460521214754481,127,100,22,5,not_evaluated,not_evaluated
"If the career as a wind dancing air puppet doesn’t work out, you should try politics.",1.2518518518518518,0.0442597970135088,135,106,24,5,not_evaluated,not_evaluated
"Well, which restroom would YOU feel most comfortable in?",1.2518518518518518,0.0454916250664949,135,107,22,6,not_evaluated,not_evaluated
Did you ever think about selling cars?,1.2518518518518518,0.0454916250664949,135,107,22,6,not_evaluated,not_evaluated
"Finally, an art gallery that gets me.",1.2517482517482517,0.0448999801900932,143,114,22,7,not_evaluated,not_evaluated
Just don't try to sell anyone a car ok?,1.2517482517482517,0.0459837066504028,143,115,20,8,not_evaluated,not_evaluated
Your ego is over-inflated.,1.251700680272109,0.0440722898576065,147,117,23,7,not_evaluated,not_evaluated
"You're supposed to be working the sidewalk, not the room.",1.251700680272109,0.0430020787076315,147,116,25,6,not_evaluated,not_evaluated
You certainly seem to go with the flow.,1.251700680272109,0.0407774797277397,147,114,29,4,not_evaluated,not_evaluated
Do you still work at the car wash?,1.2516556291390728,0.0401086196813953,151,119,27,5,not_evaluated,not_evaluated
So you're saying you don't have an inflatable ego?,1.2516556291390728,0.0411946791891545,151,118,28,5,not_evaluated,not_evaluated
Some say you're full of hot air; but I love the way you loosen up!,1.2516556291390728,0.0442933658209558,151,121,22,8,not_evaluated,not_evaluated
You seem to go wherever the wind takes you,1.2516556291390728,0.0442933658209558,151,121,22,8,not_evaluated,not_evaluated
I think you've already had enough to drink.,1.2516129032258063,0.0444616340094827,155,125,21,9,not_evaluated,not_evaluated
"I know, don't you just think everyone here has an inflated sense of self?",1.2516129032258063,0.0435091911925723,155,124,23,8,not_evaluated,not_evaluated
And what do you do between clearance sales?,1.251572327044025,0.0445845701037906,159,129,20,10,not_evaluated,not_evaluated
"So, how has inflation been affecting your business?",1.251572327044025,0.0427616755932202,159,127,24,8,not_evaluated,not_evaluated
When did you blow into town?,1.251572327044025,0.0427616755932202,159,127,24,8,not_evaluated,not_evaluated
Didn't I buy a used car from you?,1.251572327044025,0.0408575318361228,159,125,28,6,not_evaluated,not_evaluated
"What do you mean, ""The answer, my friend, is blowin' in the wind""?",1.251572327044025,0.0388601970651176,159,125,29,5,not_evaluated,not_evaluated
So you did or didn’t like Tucker?,1.251572327044025,0.0408575318361228,159,125,28,6,not_evaluated,not_evaluated
"Say, I think
I know your sister from the Michelin campaign.",1.2515337423312884,0.0429393749094031,163,131,23,9,not_evaluated,not_evaluated
People say I am full of hot air too!,1.2515337423312884,0.0429393749094031,163,131,23,9,not_evaluated,not_evaluated
"So, I hear you've got some big advertising job.",1.251497005988024,0.04390452325362,167,136,20,11,not_evaluated,not_evaluated
"I love to dance, too. Just not all the time.",1.25,0.0412272870765128,144,112,28,4,not_evaluated,not_evaluated
"You need an opinion, you cannot always just ""go with the flow"".",1.25,0.0461005448552103,132,105,21,6,not_evaluated,not_evaluated
You’re taller than you look in your profile picture.,1.25,0.0409562416855845,152,119,28,5,not_evaluated,not_evaluated
So I left outdoor advertising and became a performance artist.,1.25,0.0422926509091873,156,124,25,7,not_evaluated,not_evaluated
I don’t understand why you are so worried about inflation .,1.25,0.0430312733310248,152,121,24,7,not_evaluated,not_evaluated
"So, what do you actually do in advertising?",1.25,0.0415879760078279,160,127,26,7,not_evaluated,not_evaluated
I take it you’re not straight.,1.25,0.0422926509091873,156,124,25,7,not_evaluated,not_evaluated
Did you used to work at a muffler shop?,1.25,0.0422926509091873,156,124,25,7,not_evaluated,not_evaluated
Finally! Someone who doesn't work in sales.,1.25,0.0454790646753097,140,112,21,7,not_evaluated,not_evaluated
How long have you worked in the auto industry?,1.25,0.0418191384555462,164,131,25,8,not_evaluated,not_evaluated
And my wife calls ME a windbag!,1.25,0.0418191384555462,164,131,25,8,not_evaluated,not_evaluated
I think we met at the winter sales event,1.25,0.0376297569190393,152,116,34,2,not_evaluated,not_evaluated
"Have you ever had this dream where you're lost in an endless used car lot, you can’t speak, you can’t walk, you can only wave your arms and hope someone sees you and comes to help?",1.25,0.0468486588671861,148,121,17,10,not_evaluated,not_evaluated
Dance like nobody’s washing.,1.25,0.0452108964435865,160,131,18,11,not_evaluated,not_evaluated
Didn't I bump into you on 2nd Avenue this week?,1.248407643312102,0.0410701718977861,157,124,27,6,not_evaluated,not_evaluated
You dance like EVERYONE's watching.,1.248407643312102,0.0420525663550015,157,125,25,7,not_evaluated,not_evaluated
You need to develop a spine if you want to fit in with this crowd.,1.248407643312102,0.0410701718977861,157,124,27,6,not_evaluated,not_evaluated
I enjoy talking to people who love their job.,1.2483660130718954,0.042780314320937,153,122,24,7,not_evaluated,not_evaluated
Why are you always blowing me off?,1.2483660130718954,0.0456963152717447,153,125,18,10,not_evaluated,not_evaluated
Didn't we meet outside the tire store?,1.2483660130718954,0.0437739032461543,153,123,22,8,not_evaluated,not_evaluated
"So, does this mean we have to add somethings to LGBTIQA2S+?",1.2483660130718954,0.0437739032461543,153,123,22,8,not_evaluated,not_evaluated
Inflation seems to be treating you well.,1.248322147651007,0.0484720652443904,149,124,13,12,not_evaluated,not_evaluated
Sorry. I'm just not buying what you're selling.,1.248322147651007,0.0414086712909991,149,120,23,6,not_evaluated,not_evaluated
I can't believe the press accused you of wavering.,1.248322147651007,0.0424896785072941,149,118,25,6,not_evaluated,not_evaluated
How do you stay up all the time?,1.2482758620689656,0.0432526154533948,145,115,24,6,not_evaluated,not_evaluated
You succeed because you're not afraid to flail.,1.24822695035461,0.0462976016639881,141,114,19,8,not_evaluated,not_evaluated
Consider me your second biggest fan.,1.24822695035461,0.0428895855896995,141,111,25,5,not_evaluated,not_evaluated
Amazing! Who's your chiropractor?,1.24822695035461,0.0473791625340828,141,115,17,9,not_evaluated,not_evaluated
Merry Toyotathon to you.,1.2481751824817515,0.0472300831388982,137,111,18,8,not_evaluated,not_evaluated
"Yes, you ARE a lot thinner than the Michelin Man.",1.2481751824817515,0.0460796977675794,137,110,20,7,not_evaluated,not_evaluated
"Can't you ever leave work at the parking lot?""",1.2481203007518795,0.0445299173378677,133,105,23,5,not_evaluated,not_evaluated
"Well, no one can say you take the air out of the room.",1.2481203007518795,0.0445299173378677,133,105,23,5,not_evaluated,not_evaluated
"I think your usual song and dance is over, Mr. Trump.",1.247787610619469,0.0526344126255323,113,92,14,7,not_evaluated,not_evaluated
"So, you're the new hire from auto dealership.",1.2468354430379749,0.0446136982747797,158,129,19,10,not_evaluated,not_evaluated
You look like you could use a stiff drink.,1.2468354430379749,0.0408396798887955,158,125,27,6,not_evaluated,not_evaluated
"I usually wait for the music to start, but sure.",1.2467532467532467,0.0435186224030212,154,124,22,8,not_evaluated,not_evaluated
You're a really good listener,1.2466666666666666,0.0432842606324015,150,120,23,7,not_evaluated,not_evaluated
So you are in sales?,1.2465753424657535,0.0418757681258284,146,115,26,5,not_evaluated,not_evaluated
"So, you say you work in sales?",1.2465753424657535,0.0407321328294822,146,114,28,4,not_evaluated,not_evaluated
"Perfect, full of hot air and you're stationary.",1.2465753424657535,0.0418757681258284,146,115,26,5,not_evaluated,not_evaluated
I envy your work-life balance.,1.2464788732394363,0.0437784623152986,142,113,23,6,not_evaluated,not_evaluated
"Inflation is at an all-time high, huh",1.2464788732394363,0.0470767896663862,142,116,17,9,not_evaluated,not_evaluated
"Blow me"" is not an appropriate pick-up line",1.2464788732394363,0.0491528673327127,142,118,13,11,not_evaluated,not_evaluated
Thanks for being flexible this evening.,1.2464788732394363,0.0460036303396386,142,115,19,8,not_evaluated,not_evaluated
It’s nice to step away from the crowd with you …I sensed you needed some wiggle room,1.2464788732394363,0.0437784623152986,142,113,23,6,not_evaluated,not_evaluated
I'm ok with your 'Elaine from Seinfeld' dancing style… it's your inflated ego I cannot stand!,1.2463768115942029,0.0457799045629166,138,111,20,7,not_evaluated,not_evaluated
Which dealership do you summer at?,1.2463768115942029,0.0480351195208645,138,113,16,9,not_evaluated,not_evaluated
What kind of “special offer” did you have in mind?,1.2462686567164178,0.0442351263059334,134,106,23,5,not_evaluated,not_evaluated
"To be honest, when Jill said she was dating a used car salesman I expected much worse.",1.2462686567164178,0.0467031915458674,134,108,19,7,not_evaluated,not_evaluated
"Sure, you act like this when we go out in public, but when we go home, you just deflate, deflate, deflate.",1.2461538461538462,0.0476790332960425,130,105,18,7,not_evaluated,not_evaluated
"Embrace me, you sweet inflatable, you.",1.2455089820359282,0.0420139644680348,167,135,23,9,not_evaluated,not_evaluated
You've always been an attention grabber.,1.2455089820359282,0.0374759773169118,167,132,30,5,not_evaluated,not_evaluated
"tell me, what do you do to stay so in shape?",1.2453987730061349,0.0409054756337491,163,130,26,7,not_evaluated,not_evaluated
"Well you got my attention, what now?",1.2453987730061349,0.0409054756337491,163,130,26,7,not_evaluated,not_evaluated
I thought I recognized you from the used car lot.,1.2451612903225806,0.0402567539773582,155,122,28,5,not_evaluated,not_evaluated
I don't know how you do it.  These things always take the air right out of me.,1.2451612903225806,0.0442239184496245,155,126,20,9,not_evaluated,not_evaluated
"Lemme guess, you're in sales.",1.2451612903225806,0.0422868845141882,155,124,24,7,not_evaluated,not_evaluated
Everyone's saying you're a shoo in for the company's Best Salesman award.,1.2451612903225806,0.0422868845141882,155,124,24,7,not_evaluated,not_evaluated
I must apologize for being so surprised. You do look exactly like your Facebook profile picture.,1.2450331125827814,0.0440418097737016,151,122,21,8,not_evaluated,not_evaluated
Tell me about it. I bend over backwards for work too.,1.2448979591836735,0.0448564289757241,147,119,20,8,not_evaluated,not_evaluated
"Yeah, I'm empty on the inside too.",1.2447552447552448,0.0423583126891764,143,113,25,5,not_evaluated,not_evaluated
I LOVE this song. Will you turn up the fan?,1.2447552447552448,0.0488383557392267,143,119,13,11,not_evaluated,not_evaluated
I think you’re had too much already!,1.2447552447552448,0.0478193677820161,143,118,15,10,not_evaluated,not_evaluated
I’m so glad you’re finally putting yourself out there.,1.2447552447552448,0.0423583126891764,143,113,25,5,not_evaluated,not_evaluated
"Honestly, when I first saw you at the car dealership, I thought you were kind of a jerk",1.2446043165467626,0.0466159889332099,139,113,18,8,not_evaluated,not_evaluated
Well aren't you a breath of fresh air?,1.2446043165467626,0.0431306988183035,139,115,17,7,not_evaluated,not_evaluated
You make it seem so effortless!,1.2446043165467626,0.0443229240361071,139,111,22,6,not_evaluated,not_evaluated
"I'm sorry, can you remind me what pronouns you use?",1.2444444444444445,0.0487167177899339,135,111,15,9,not_evaluated,not_evaluated
Let me introduce to a friend of mine. He owns a car dealership.,1.2442748091603053,0.0473509691053158,131,106,18,7,not_evaluated,not_evaluated
You must be in sales.,1.2442748091603053,0.0473509691053158,131,106,18,7,not_evaluated,not_evaluated
"You may be the life of the party, but we both know that's a pretty low bar around here.",1.2442748091603053,0.0448021723917488,131,104,22,5,not_evaluated,not_evaluated
"Selling cars, that must be very lucrative.",1.2442748091603053,0.0420993471069015,131,102,26,3,not_evaluated,not_evaluated
You've always had an inflated view of yourself.,1.2439024390243902,0.0415921635251161,164,132,24,8,not_evaluated,not_evaluated
"I'd like to see you wiggle, wiggle, for sure.",1.2435897435897436,0.0410488974611832,156,124,26,6,not_evaluated,not_evaluated
Let see if I've got this straight: I'm gender fluid and your just fluid.,1.2435897435897436,0.0430167171534081,156,126,22,8,not_evaluated,not_evaluated
Let's go out for some air,1.2435897435897436,0.0410488974611832,156,124,26,6,not_evaluated,not_evaluated
This is humiliating. Your boss from the dealership is here and you’re three sheets to the wind.,1.2435897435897436,0.0410488974611832,156,124,26,6,not_evaluated,not_evaluated
And I thought my pronoun would be hard to guess!,1.243421052631579,0.0447648969912996,152,124,19,9,not_evaluated,not_evaluated
Nice to see you so happy. Last time I saw you you were a little deflated.,1.243421052631579,0.0427740488048573,152,122,23,7,not_evaluated,not_evaluated
What a coincidence. I’m also in advertising.,1.243421052631579,0.0427740488048573,152,122,23,7,not_evaluated,not_evaluated
You're kinda sucking the air out of the room.,1.243421052631579,0.0406859005022497,152,120,27,5,not_evaluated,not_evaluated
I hear you work in sales.,1.2432432432432432,0.0413746393968558,148,117,26,5,not_evaluated,not_evaluated
"Good moves, but you're full of hot air.",1.2432432432432432,0.0413746393968558,148,117,26,5,not_evaluated,not_evaluated
Hey!  I'm in sales too!,1.2432432432432432,0.0402483803632223,148,116,28,4,not_evaluated,not_evaluated
I see you're sensing the hot air too.,1.2432432432432432,0.0413746393968558,148,117,26,5,not_evaluated,not_evaluated
"Hon, your ADHD is showing.",1.2432432432432432,0.043539845106917,148,119,22,7,not_evaluated,not_evaluated
You remind me of my last girlfriend that I bought on Amazon.,1.2430555555555556,0.04434462737314,144,116,21,7,not_evaluated,not_evaluated
You're such an airhead!,1.2430555555555556,0.0432356436258042,144,115,23,6,not_evaluated,not_evaluated
My eyes are up here.,1.2430555555555556,0.0432356436258042,144,115,23,6,not_evaluated,not_evaluated
So happy the dealership gave you the night off.,1.2428571428571429,0.0463147866521478,140,114,18,8,not_evaluated,not_evaluated
Suddenly I want to get my oil changed.,1.2428571428571429,0.0390948836182067,140,108,30,2,not_evaluated,not_evaluated
You look so happy. Let me guess - you just got blown.,1.2428571428571429,0.0463147866521478,140,114,18,8,not_evaluated,not_evaluated
Can you help me get everyone’s attention?,1.2428571428571429,0.0440398639507021,140,112,22,6,not_evaluated,not_evaluated
I never would have guessed you're an introvert.,1.2424242424242424,0.0431808543342196,132,104,24,4,not_evaluated,not_evaluated
Whoever said white guys couldn't dance...,1.2424242424242424,0.0447969180780507,165,137,16,12,not_evaluated,not_evaluated
So how do you know Crazy Eddie?,1.2422360248447204,0.042051799537871,161,130,23,8,not_evaluated,not_evaluated
I'm also in marketing.,1.2422360248447204,0.0401630967589365,161,128,27,6,not_evaluated,not_evaluated
I'll never forget seeing you in front of the mattress store,1.2420382165605095,0.0398032006347899,157,124,28,5,not_evaluated,not_evaluated
"Darling,I was his favourite,but Stormy Daniels was quicker to answer the phone.",1.2418300653594772,0.0404504051417394,153,123,24,6,not_evaluated,not_evaluated
"You’re right, I should buy the car…",1.2418300653594772,0.0435227895722157,153,124,21,8,not_evaluated,not_evaluated
Are you even listening to me?,1.2416107382550337,0.0453246814319545,149,122,18,9,not_evaluated,not_evaluated
"If you run out of hot air, the other guests brought plenty.",1.2416107382550337,0.0432774456706233,149,120,22,7,not_evaluated,not_evaluated
I’ve seen your work.,1.2416107382550337,0.0400106628172058,149,117,28,4,not_evaluated,not_evaluated
Flexibility is key in today's job market.,1.2413793103448276,0.0406789387797388,145,114,27,4,not_evaluated,not_evaluated
So do you just do it like no one's watching!,1.2413793103448276,0.044069631063634,145,117,21,7,not_evaluated,not_evaluated
"That's funny, I also got my start at a used car dealership.",1.2413793103448276,0.042969139408089,145,116,23,6,not_evaluated,not_evaluated
You say you're in advertising?,1.2413793103448276,0.044069631063634,145,117,21,7,not_evaluated,not_evaluated
Everyone else here is so stiff.,1.2413793103448276,0.044069631063634,145,117,21,7,not_evaluated,not_evaluated
I thought you said you were taking the night off,1.2413793103448276,0.0418397120073592,145,115,25,5,not_evaluated,not_evaluated
It’s really annoying to talk politics with you flip-flopping all the time!,1.2411347517730495,0.0449030354845895,141,114,20,7,not_evaluated,not_evaluated
"It's so hard to find anyone with a backbone these days, know what I mean?",1.2411347517730495,0.0449030354845895,141,116,17,8,not_evaluated,not_evaluated
You’re so much fun! Not like those “windbags” who just talk and bore you to tears!,1.2408759124087592,0.0445934204545652,137,110,21,6,not_evaluated,not_evaluated
It’s refreshing to meet someone who only wants to talk about furniture liquidation blowout deals at one of these things.,1.2407407407407407,0.0436133083150667,162,133,19,10,not_evaluated,not_evaluated
"That's very good, but the Macarena went out of style years ago.",1.2407407407407407,0.0379741128346129,162,127,31,4,not_evaluated,not_evaluated
How long have you worked in sales?,1.2406015037593985,0.0454721013417958,133,107,20,6,not_evaluated,not_evaluated
I feel like I've seen you somewhere before,1.2406015037593985,0.044201706232744,133,106,22,5,not_evaluated,not_evaluated
Elon! You came!,1.2406015037593985,0.0467079561423029,133,108,18,7,not_evaluated,not_evaluated
May I say how much I appreciate your 'Je m'en fou' style?,1.2406015037593985,0.0428937019541687,133,105,24,4,not_evaluated,not_evaluated
To go with the flow?.....Is that your advice?,1.2406015037593985,0.0415445363529347,133,104,26,3,not_evaluated,not_evaluated
I wish I could be as flexible as you at these gatherings.,1.2406015037593985,0.0415445363529347,133,104,26,3,not_evaluated,not_evaluated
You looked shorter in your profile.,1.240506329113924,0.0415672756597741,158,127,24,7,not_evaluated,not_evaluated
You seem a little deflated.,1.2403100775193798,0.0450763695721434,129,105,18,6,not_evaluated,not_evaluated
Why do you always demand everyone’s attention.,1.2403100775193798,0.046400464704701,129,104,19,6,not_evaluated,not_evaluated
"Yeah, I guess we've all really loosened up since college!",1.2402597402597402,0.0451869846016181,154,127,17,10,not_evaluated,not_evaluated
"Why yes, I do need a good deal on a used car",1.24,0.0440459390038322,150,122,20,8,not_evaluated,not_evaluated
"Oh sorry, I thought you were waving me over...",1.24,0.0473831329728478,125,101,18,6,not_evaluated,not_evaluated
I really admire how you can just throw your hands in the air like you don’t care!,1.24,0.0408850628823092,150,119,26,5,not_evaluated,not_evaluated
I knew I recognized you from somewhere.,1.24,0.0408850628823092,150,119,26,5,not_evaluated,not_evaluated
Dance like nobody’s watching - or buying a car.,1.24,0.0430181273896985,150,121,22,7,not_evaluated,not_evaluated
Normally I don't seek out air heads.,1.2397260273972603,0.0437979585529998,146,118,21,7,not_evaluated,not_evaluated
I'm networking people with sales experience.,1.2395209580838322,0.040920069895061,167,135,24,8,not_evaluated,not_evaluated
Let me guess. You sell cars for a living.,1.2394366197183098,0.0446180221635485,142,115,20,7,not_evaluated,not_evaluated
"I'd like to continue this conversation, but I am getting motion sickness.",1.2394366197183098,0.0411229563526963,142,112,26,4,not_evaluated,not_evaluated
"I'm happy to shoot the breeze, as long as you won't just blow me off.",1.2394366197183098,0.0446180221635485,142,115,20,7,not_evaluated,not_evaluated
Who do you twerk for?,1.2391304347826086,0.0454817156897662,138,112,19,7,not_evaluated,not_evaluated
Would it have killed you to save me even one edible?,1.2391304347826086,0.0430930785218547,138,110,23,5,not_evaluated,not_evaluated
"They said business dress — not ""get"" business dress.",1.2391304347826086,0.0418476629418387,138,109,25,4,not_evaluated,not_evaluated
"Sorry, I didn't mean to pressure you.",1.2391304347826086,0.0418476629418387,138,109,25,4,not_evaluated,not_evaluated
"You've got to grow a backbone, you keep changing with the wind.",1.2389937106918238,0.0441273961563755,159,131,18,10,not_evaluated,not_evaluated
"Can I get you another of whatever it is your drinking?""",1.2388059701492538,0.0475869338107734,134,110,16,8,not_evaluated,not_evaluated
How can you be so giddy in the midst of inflation?,1.2384615384615385,0.0420180359290254,130,102,25,3,not_evaluated,not_evaluated
I’m sure I saw you at Honest Harry’s Used Cars on Saturday.,1.2384105960264902,0.03841059602649,151,118,30,3,not_evaluated,not_evaluated
"No, I'm not against Wind Energy",1.238095238095238,0.0435295515217296,147,119,21,7,not_evaluated,not_evaluated
"No matter how many times you've been down, you always come back up.",1.238095238095238,0.0424456581474166,147,118,23,6,not_evaluated,not_evaluated
When we met at the car wash I just knew you'd be the life of every party.,1.2377622377622377,0.0408686845920666,143,113,26,4,not_evaluated,not_evaluated
Fosse?,1.2377049180327868,0.043634622867235,122,96,23,3,not_evaluated,not_evaluated
"Yea, you're the life of the party as long as you have a fan, but then what?",1.2375,0.0420462271806375,160,130,22,8,not_evaluated,not_evaluated
"No, you’re right, THAT’S the Elaine dance",1.2375,0.0438761657911023,160,132,18,10,not_evaluated,not_evaluated
So where do you see yourself in three seconds?,1.237410071942446,0.0451860849864171,139,113,19,7,not_evaluated,not_evaluated
Pleased to meet you. What are your preferred pronouns?,1.237410071942446,0.0474374441291933,139,115,15,9,not_evaluated,not_evaluated
"Sure you have the moves, but I'm looking for a long-term relationship.",1.237410071942446,0.044017245050598,139,112,21,6,not_evaluated,not_evaluated
"Oh good, I’m not the only one holding in gas until this event is over",1.237410071942446,0.0451860849864171,139,113,19,7,not_evaluated,not_evaluated
"Wow, so inflation's been pretty good to you?",1.2371794871794872,0.0427663932428154,156,127,21,8,not_evaluated,not_evaluated
"And you must be the ""plus one"".",1.2371794871794872,0.0437227329536697,156,128,19,9,not_evaluated,not_evaluated
I envy your fans.,1.237037037037037,0.0436167633616693,135,108,22,5,not_evaluated,not_evaluated
Why do you always have to make a scene?,1.237037037037037,0.0448662497392127,135,109,20,6,not_evaluated,not_evaluated
You sell cars for a living.,1.236842105263158,0.0414709098441644,152,122,24,6,not_evaluated,not_evaluated
"I'm single, and obviously a mouth breather.",1.236641221374046,0.0457623633698933,131,106,19,6,not_evaluated,not_evaluated
You really do just go where the wind takes you!,1.236641221374046,0.0457623633698933,131,106,19,6,not_evaluated,not_evaluated
"So, are you related to those Chinese balloons?",1.2364864864864864,0.0421885715960124,148,119,23,6,not_evaluated,not_evaluated
"The best used car I ever bought was because of you!""",1.2364864864864864,0.0410846310675249,148,118,25,5,not_evaluated,not_evaluated
I'm also very fluid.,1.2364864864864864,0.0443140259965886,148,121,19,8,not_evaluated,not_evaluated
So you say you're in promotions?,1.2363636363636363,0.0402237910895572,165,133,25,7,not_evaluated,not_evaluated
"So, what do you do at the dealership?",1.2363636363636363,0.042021102194387,165,135,21,9,not_evaluated,not_evaluated
I don't actually have any strong opinions either.,1.236220472440945,0.0439527602492896,127,101,22,4,not_evaluated,not_evaluated
You have an inflated image of yourself.,1.2361111111111112,0.04179596617581,144,115,24,5,not_evaluated,not_evaluated
You make me feel like dancing.,1.2361111111111112,0.0381513760851972,144,112,30,2,not_evaluated,not_evaluated
It's hard to take you seriously at the office.  Maybe if you showed some backbone sometimes.,1.2361111111111112,0.0462104228185573,144,119,16,9,not_evaluated,not_evaluated
"Sorry, I just assumed your pronouns were (they/them)",1.2361111111111112,0.0472496378207805,144,120,14,10,not_evaluated,not_evaluated
"…so i finally said, “The cost-benefit analysis is completely off, and the opportunity cost is enormous, the financial projections are overly optimistic, and the risk management strategy is insufficient!” Long story short, the ROI was abysmal, and the shareholders were not happy. Needless to say, heads rolled and reputational damage was done. Anyway, what do you do?",1.2361111111111112,0.0451472931629875,144,118,18,8,not_evaluated,not_evaluated
I'm a big fan,1.2357723577235773,0.0462959621920562,123,99,19,5,not_evaluated,not_evaluated
So how come I've never seen you here before?,1.2357723577235773,0.0462959621920562,123,99,19,5,not_evaluated,not_evaluated
"go ahead..air it all out.., baby..",1.2357723577235773,0.0417549524166163,123,96,25,2,not_evaluated,not_evaluated
"Wow, its been like forever- Still selling used cars?",1.2357142857142858,0.0460246083309337,140,115,17,8,not_evaluated,not_evaluated
"Boy, aren't you enjoying this party.",1.2352941176470589,0.0407384105679671,136,107,26,3,not_evaluated,not_evaluated
At least you're honest about just blowing hot air.,1.2352941176470589,0.0461491892442436,153,128,14,11,not_evaluated,not_evaluated
Can you ever switch off from work?,1.2352941176470589,0.0433299321410907,136,109,22,5,not_evaluated,not_evaluated
One more drink and I can do that.,1.2352941176470589,0.0457749707056029,136,111,18,7,not_evaluated,not_evaluated
"So,Paul tells me you’re in advertising?",1.2352941176470589,0.0401715296680122,153,122,26,5,not_evaluated,not_evaluated
"And after PayPal, I'm going to build a big rocket, then buy Twitter and change the world",1.2348993288590604,0.044044217991557,149,122,19,8,not_evaluated,not_evaluated
I always make an effort to speak to the other diverse candidates.,1.2348993288590604,0.0450620445614155,149,123,17,9,not_evaluated,not_evaluated
What blew up your ass?,1.2348993288590604,0.0450620445614155,149,125,14,10,not_evaluated,not_evaluated
"You know they're saying you have an inflated ego, right?",1.2348484848484849,0.042829391226308,132,105,23,4,not_evaluated,not_evaluated
And what pronouns do you prefer?,1.2348484848484849,0.0479270115574911,132,109,15,8,not_evaluated,not_evaluated
Everyone here seems like they have an inflated sense of self. Wouldn't you agree?,1.2348484848484849,0.0441589987864318,132,109,17,6,not_evaluated,not_evaluated
And just how long do you expect me to hold your drink?,1.2348484848484849,0.0454497260148399,132,107,19,6,not_evaluated,not_evaluated
"Can't hear you, I'll turn off that loud compressor.",1.2345679012345678,0.0433820662397783,162,134,18,10,not_evaluated,not_evaluated
"Don't you remember me? Car lot, last spring, windy day?",1.2344827586206897,0.0459195042653751,145,120,16,9,not_evaluated,not_evaluated
Why the irrational exuberance?,1.234375,0.0463802631943413,128,104,18,6,not_evaluated,not_evaluated
"What a coincidence, I'm also heteroflexible!",1.234375,0.0476881569159405,128,105,16,7,not_evaluated,not_evaluated
"Is it me? I feel like I gain your attention then lose it, have it, lose it, have it.",1.2341772151898731,0.0393117044138949,158,126,27,5,not_evaluated,not_evaluated
"So, how did you get into advertising?",1.2341772151898731,0.0413117587872066,158,128,23,7,not_evaluated,not_evaluated
"So, did you take the Tube here?",1.2340425531914894,0.039804865816744,141,113,24,4,not_evaluated,not_evaluated
You promised to show some self control.,1.2340425531914894,0.0434554796368669,141,114,21,6,not_evaluated,not_evaluated
listen i've got a kid's birthday party in a week...,1.2340425531914894,0.0422736512248047,141,115,20,6,not_evaluated,not_evaluated
"Wait, don't I know you from somewhere? Don't tell me. Don't! Wilshire Boulevard Honda? The one with that sleazy sales guy with the toupe and the fucking beer gut? Right?! I fucking knew it! How the hell are ya?! What are you doing at Matthew's bris?",1.2340425531914894,0.0478920369252032,141,118,13,10,not_evaluated,not_evaluated
"Well of course you can shake it all about, but what about turning yourself around?",1.2340425531914894,0.0434554796368669,141,114,21,6,not_evaluated,not_evaluated
Your dealership or mine?,1.2340425531914894,0.0371724776884937,141,109,31,1,not_evaluated,not_evaluated
"So glad to meet you, I'm a big fan.",1.2340425531914894,0.0434554796368669,141,114,21,6,not_evaluated,not_evaluated
So you’re Twitter’s new Chief Marketing Officer?,1.2340425531914894,0.0457275951221753,141,116,17,8,not_evaluated,not_evaluated
"You clearly couldn't hold your liquor, even if you tried.",1.2335766423357664,0.0442760255276012,137,111,20,6,not_evaluated,not_evaluated
So how did you get your big break  in advertising?,1.2335766423357664,0.0442760255276012,137,111,20,6,not_evaluated,not_evaluated
But why slap your head on the ground?,1.2335766423357664,0.0417813597506022,137,109,24,4,not_evaluated,not_evaluated
"Oh, it must be nice to work outdoors.",1.2335766423357664,0.0417813597506022,137,109,24,4,not_evaluated,not_evaluated
But I don’t have to explain spineless men to you.,1.2333333333333334,0.0437776225785262,150,123,19,8,not_evaluated,not_evaluated
''It's nice to see you with a different crowd.'',1.2333333333333334,0.0394783282849715,150,119,27,4,not_evaluated,not_evaluated
And you think MY ego is inflated?,1.2333333333333334,0.0454256762579498,120,96,20,4,not_evaluated,not_evaluated
I was going to offer to get you a cocktail but I see you already can't stand up straight.,1.2333333333333334,0.0447880084089576,150,124,17,9,not_evaluated,not_evaluated
So.....I'm really enjoying my new car.,1.2330827067669172,0.0463859236475389,133,109,17,7,not_evaluated,not_evaluated
When will you announce that you're running?,1.2330827067669172,0.042542806830028,133,106,23,4,not_evaluated,not_evaluated
How many glasses of wine have you had??,1.2328767123287672,0.0424131510188664,146,118,22,6,not_evaluated,not_evaluated
I hear you're the expert on company promotion.,1.2328767123287672,0.0445849974983546,146,120,18,8,not_evaluated,not_evaluated
Weren't you at the grand opening for my brother-in-law's car wash?,1.2328767123287672,0.0435126267954341,146,119,20,7,not_evaluated,not_evaluated
Better give me the keys - no way you’re driving like that!,1.2328767123287672,0.0445849974983546,146,120,18,8,not_evaluated,not_evaluated
"It's just a tickle, don't blow it out of proportion.",1.2327586206896552,0.0463959858107764,116,93,19,4,not_evaluated,not_evaluated
You make everything look like a breeze.,1.2327044025157232,0.0438884681869227,159,132,17,10,not_evaluated,not_evaluated
So I guess you work in sales?,1.2327044025157232,0.0400967786261502,159,128,25,6,not_evaluated,not_evaluated
So how did a dancer like you wind up in used cars?,1.2325581395348837,0.0460551730167292,129,105,18,6,not_evaluated,not_evaluated
And I thought you were just happy to see ME!,1.2325581395348837,0.0447208556558694,129,104,20,5,not_evaluated,not_evaluated
Does your work ever make you feel deflated?,1.232394366197183,0.0431798372807528,142,115,21,6,not_evaluated,not_evaluated
"So, what do you do for work?",1.232394366197183,0.0420072401702998,142,114,23,5,not_evaluated,not_evaluated
"So, how long have you been selling used cars?",1.232394366197183,0.0443214222296548,142,116,19,7,not_evaluated,not_evaluated
"Dude, stop dancing, this is a wake.",1.232394366197183,0.0454343327157601,142,117,17,8,not_evaluated,not_evaluated
"Okay, yes dear, I can see you. I promise we’ll leave soon.",1.232394366197183,0.0431798372807528,142,115,21,6,not_evaluated,not_evaluated
"You flailed to get my attention, so here I am.",1.232258064516129,0.03970920147673,155,124,26,5,not_evaluated,not_evaluated
"Don’t wave at them, look at me!",1.232,0.0456296451457715,125,101,19,5,not_evaluated,not_evaluated
I'm buying what you're selling.,1.232,0.0441931245564795,125,100,21,4,not_evaluated,not_evaluated
You do this every time we are around my friends.,1.232,0.0427083130081252,125,99,23,3,not_evaluated,not_evaluated
I guess we all need an outlet,1.2318840579710144,0.0463291832020696,138,114,16,8,not_evaluated,not_evaluated
It’s really too bad I stopped dating air heads because you’re so cute .,1.2318840579710144,0.0439865908042091,138,112,20,6,not_evaluated,not_evaluated
"Inflation driving you crazy, too?",1.2318840579710144,0.0427672029454807,138,111,22,5,not_evaluated,not_evaluated
You're attracting attention.,1.2318840579710144,0.0415120118156533,138,110,24,4,not_evaluated,not_evaluated
"Avery cashed out of the dealership, but kept the one thing that gave them joy.",1.2317880794701987,0.0454981828803116,151,126,15,10,not_evaluated,not_evaluated
You seem to lean left and then right,1.2317880794701987,0.0403557126273038,151,121,25,5,not_evaluated,not_evaluated
"Remember?
I was talking to you in front of the mattress store. You were doing the grand opening.",1.2317073170731707,0.04019773899774,164,133,24,7,not_evaluated,not_evaluated
We’re all really  just used car shopping aren’t we?,1.2313432835820894,0.0484459179850821,134,112,13,9,not_evaluated,not_evaluated
"Maybe it's just the champagne, but when I look into your eyes I see a future with you, or a Prius with 0% financing.",1.2312925170068028,0.0443089886980201,147,121,18,8,not_evaluated,not_evaluated
"So when the clock strikes midnight, you have to leave the ball and go back to the car dealership parking lot",1.23125,0.0408458859540476,160,130,23,7,not_evaluated,not_evaluated
I wish I could just go with the flow too.,1.2307692307692308,0.0494917056210296,130,109,12,9,not_evaluated,not_evaluated
"Honey, I don’t know what you’re selling, but I’m buying.",1.2307692307692308,0.0434703761409124,156,129,18,9,not_evaluated,not_evaluated
You seem rather flippant about this quarter's sales numbers.,1.2307692307692308,0.04174409487036,143,115,23,5,not_evaluated,not_evaluated
At least give me a pronoun,1.2307692307692308,0.0470202909021725,130,107,16,7,not_evaluated,not_evaluated
You fit right in. Most of the people here are gas bags.,1.2307692307692308,0.039481915582672,156,125,26,5,not_evaluated,not_evaluated
You should meet my husband. He’s a windbag too.,1.2307692307692308,0.0470202909021725,130,107,16,7,not_evaluated,not_evaluated
How’d you get in from the parking lot?,1.2307692307692308,0.0470202909021725,130,107,16,7,not_evaluated,not_evaluated
Where do you keep your business cards?,1.2307692307692308,0.0429076043701481,143,116,21,6,not_evaluated,not_evaluated
You never called.,1.2307692307692308,0.0457345293202856,130,106,18,6,not_evaluated,not_evaluated
"My cousin used to sell used cars as well but, I have to say, doesn't have your charisma.""",1.2307692307692308,0.04174409487036,143,115,23,5,not_evaluated,not_evaluated
"Inflation, am I right?",1.2307692307692308,0.0429076043701481,143,116,21,6,not_evaluated,not_evaluated
I honestly think he's just full of hot ai-- ... I'm so sorry.,1.2303030303030302,0.0408919785730864,165,135,22,8,not_evaluated,not_evaluated
I believe we met at the opening of the new carwash.,1.230263157894737,0.0442496745707836,152,126,17,9,not_evaluated,not_evaluated
I can drive you home. I have a convertible.,1.2302158273381294,0.046024915578272,139,115,16,8,not_evaluated,not_evaluated
Are you in the marketing department?,1.2302158273381294,0.042491170969051,139,112,22,5,not_evaluated,not_evaluated
Small world! Didn’t I see you at that President’s Day mattresses sale last month?,1.2302158273381294,0.0437008469583421,139,113,20,6,not_evaluated,not_evaluated
So... I guess your pronoun is 'It/Thing?,1.2302158273381294,0.042491170969051,139,112,22,5,not_evaluated,not_evaluated
What pronouns do you use?,1.2302158273381294,0.046024915578272,139,115,16,8,not_evaluated,not_evaluated
You got my attention the second I walked into the room.,1.2302158273381294,0.0412460324851471,139,111,24,4,not_evaluated,not_evaluated
"So, got any big liquidations coming up?”",1.2302158273381294,0.0437008469583421,139,113,20,6,not_evaluated,not_evaluated
I remember you from that car lot like it was yesterday.,1.2302158273381294,0.0399621168259453,139,110,26,3,not_evaluated,not_evaluated
So now his corpse is buried in the garden. Wow... you're such a good listener. I feel like I can tell you anything.,1.2302158273381294,0.0448779281989682,139,114,18,7,not_evaluated,not_evaluated
"Louise, I told you they know we're a couple but I also said we don't have to advertise it!",1.2301587301587302,0.0480247269811343,126,104,15,7,not_evaluated,not_evaluated
I just love your confidence!,1.2297297297297298,0.042979869960094,148,121,20,7,not_evaluated,not_evaluated
I saw your last show outside of the new furniture store. You were great!,1.2296296296296296,0.0457608617339971,135,111,17,7,not_evaluated,not_evaluated
"It's so nice to finally meet somebody who doesn't criticise me for believing he won the 2020 election.""",1.2295081967213115,0.0476900149031296,122,100,16,6,not_evaluated,not_evaluated
It's nice to talk to someone with a fresh perspective on advertising.,1.2295081967213115,0.0462477515623931,122,99,18,5,not_evaluated,not_evaluated
Scoliosis?,1.2295081967213115,0.0447590385027755,122,98,20,4,not_evaluated,not_evaluated
Would you like to get some air?,1.2292993630573248,0.0422623061416699,157,129,20,8,not_evaluated,not_evaluated
You dance like no one is watching.,1.2291666666666667,0.0390728181788199,144,116,24,4,not_evaluated,not_evaluated
So how long have you been in promotions?,1.2291666666666667,0.0390728181788199,144,114,27,3,not_evaluated,not_evaluated
Your hips really don’t lie,1.2291666666666667,0.0437628325058548,144,118,19,7,not_evaluated,not_evaluated
You're ability to keep a beat even when there isn't one is impressive.,1.2290076335877862,0.0413581602090311,131,104,24,3,not_evaluated,not_evaluated
It's about damn time that wacky inflatable tube WOMEN make the same as their male counterparts!,1.2290076335877862,0.0466932186110691,131,108,16,7,not_evaluated,not_evaluated
"Well, you've captured my attention. But is it all just hot air?",1.2290076335877862,0.0399131257079621,131,103,26,2,not_evaluated,not_evaluated
"I don’t know why, but your dancing makes me want to buy steel belted radials.",1.2290076335877862,0.0466932186110691,131,108,16,7,not_evaluated,not_evaluated
I used to be that flexible. Then I had kids.,1.2290076335877862,0.0441064285571671,131,106,20,5,not_evaluated,not_evaluated
You're dancing like you've got no left feet.,1.228813559322034,0.0456907595589757,118,95,19,4,not_evaluated,not_evaluated
You promised you’d mingle.,1.228813559322034,0.0487583286461354,118,97,15,6,not_evaluated,not_evaluated
I'm looking for a 2-3 year old 2 door Sport Coupe.,1.2287581699346406,0.0387905518985362,153,122,27,4,not_evaluated,not_evaluated
"I’ve got to say, you looked a little different in your tinder profile",1.2287581699346406,0.0419845787475537,153,125,21,7,not_evaluated,not_evaluated
"To up your social game, you need to develop a backbone.",1.2283464566929134,0.0489726684688712,127,106,13,8,not_evaluated,not_evaluated
So basically you’ve built a career on flailing.,1.2283464566929134,0.0463503344438442,127,104,17,6,not_evaluated,not_evaluated
I think that your ego needs to be deflated !,1.2283464566929134,0.0356856114475574,127,103,23,1,not_evaluated,not_evaluated
I can't believe you only have one fan.,1.2283464566929134,0.0514615488580331,127,108,9,10,not_evaluated,not_evaluated
I love that you just go wherever the wind takes you.,1.2283464566929134,0.0421117604974853,127,101,23,3,not_evaluated,not_evaluated
So you think you can be a successful politician?,1.2283464566929134,0.0449818755289653,127,103,19,5,not_evaluated,not_evaluated
"I love that you are so flexible, but you are full of hot air.",1.2283464566929134,0.0449818755289653,127,103,19,5,not_evaluated,not_evaluated
You look so familiar! Haven't I seen you somewhere before?,1.2279411764705883,0.0429912487481139,136,110,21,5,not_evaluated,not_evaluated
How did I not win last week's New Yorker Caption Contest?,1.2279411764705883,0.0454545090466224,136,112,17,7,not_evaluated,not_evaluated
You can dance any way you like. I just want you to put on some clothes.,1.2279411764705883,0.0403779958043354,136,108,25,3,not_evaluated,not_evaluated
Wait!...on the corner outside the Ford dealership! Right?,1.2279411764705883,0.0429912487481139,136,110,21,5,not_evaluated,not_evaluated
"Well, there you are.  I've been looking for you.",1.2279411764705883,0.0454545090466224,136,112,17,7,not_evaluated,not_evaluated
And you knew I was a car dealer...how?,1.2279411764705883,0.0417050956964322,136,109,23,4,not_evaluated,not_evaluated
Such an inflated response.,1.2278481012658229,0.044804874219069,158,133,14,11,not_evaluated,not_evaluated
How is it you're still single?,1.2278481012658229,0.0429677256044545,158,131,18,9,not_evaluated,not_evaluated
"Well, I've danced with worse.""",1.227642276422764,0.0459081480870937,123,100,18,5,not_evaluated,not_evaluated
Don't you remember? We danced together after I bought my car.,1.2275862068965515,0.0434886997986037,145,119,19,7,not_evaluated,not_evaluated
I admire your freedom to go whichever way the wind blows,1.2275862068965515,0.0423731231980845,145,118,21,6,not_evaluated,not_evaluated
You didn't act this way when I first met you at the grand opening.,1.2272727272727273,0.0410802956207066,132,107,21,4,not_evaluated,not_evaluated
I love how you just go with the flow!,1.2272727272727273,0.0427422690029656,154,127,19,8,not_evaluated,not_evaluated
I hear you bend but you don't break.,1.2272727272727273,0.045106229628472,132,108,18,6,not_evaluated,not_evaluated
I felt the same way after my divorce.,1.2272727272727273,0.0427422690029656,154,127,19,8,not_evaluated,not_evaluated
Just curious. What are your pronouns?,1.2269938650306749,0.040166107328306,163,136,19,8,not_evaluated,not_evaluated
"Don't be so smug, you're still just full of hot air.",1.2269503546099292,0.0419494489124332,141,114,22,5,not_evaluated,not_evaluated
I’m a big fan. Loved your work at Springfield Chevy.,1.2269503546099292,0.0454280489547812,141,117,16,8,not_evaluated,not_evaluated
"What, you couldn't just tell me how to get to the bathroom?",1.226890756302521,0.0483850793941515,119,98,15,6,not_evaluated,not_evaluated
You are such a breath of fresh air in this stiff room,1.2266666666666666,0.0413926110263225,150,122,22,6,not_evaluated,not_evaluated
Do you also do children’s birthday parties?,1.2266666666666666,0.0413926110263225,150,122,22,6,not_evaluated,not_evaluated
It’s so hard to find a guy these days who will bend over backwards for me!,1.2265625,0.0432655173195371,128,103,21,4,not_evaluated,not_evaluated
We’re in Manhattan. No one cares about your new car.,1.2265625,0.0460213861270295,128,105,17,6,not_evaluated,not_evaluated
"I just seem to have trouble meeting men with any backbone, you know?",1.2265625,0.0432655173195371,128,103,21,4,not_evaluated,not_evaluated
Who did your hair?,1.2265625,0.0460213861270295,128,105,17,6,not_evaluated,not_evaluated
Wow you’re amazing! My ex couldn’t stay erect that long!,1.2265625,0.0460213861270295,128,105,17,6,not_evaluated,not_evaluated
"I’m sorry, the wiggle is fine, but the blowing sound is off putting.",1.2265625,0.0432655173195371,128,103,21,4,not_evaluated,not_evaluated
You must have strong fan support.,1.2262773722627738,0.0439474254700448,137,112,19,6,not_evaluated,not_evaluated
"Congratulations on your new job with the Fed.""",1.2262773722627738,0.0451521695204219,137,113,17,7,not_evaluated,not_evaluated
Nice to talk to someone who isn't full of hot air.,1.2262773722627738,0.042708711037555,137,111,21,5,not_evaluated,not_evaluated
So how long have you worked in advertising?,1.2262773722627738,0.0439474254700448,137,112,19,6,not_evaluated,not_evaluated
"We used to have so much fun, but it seems like now all you think about is work.",1.2262773722627738,0.0414329795155212,137,110,23,4,not_evaluated,not_evaluated
Carrie was saying you work in sales?,1.2262773722627738,0.042708711037555,137,111,21,5,not_evaluated,not_evaluated
"So, you work at a car dealership?",1.226027397260274,0.0421107565724367,146,119,21,6,not_evaluated,not_evaluated
"Yes, as a matter of fact, I am trying to draw their attention!""",1.226027397260274,0.0385991694889195,146,116,27,3,not_evaluated,not_evaluated
Wow!! You're almost as fake and lifeless as the rest of the party.,1.2258064516129032,0.0455734071753567,124,101,18,5,not_evaluated,not_evaluated
"When you said you were a dancer, this isn't what I pictured.",1.2258064516129032,0.0483652367790529,124,103,14,7,not_evaluated,not_evaluated
"You'r a professional dancer, working the big corporate gigs, yet free to go where the wind takes you?",1.2258064516129032,0.0394222913945863,155,125,25,5,not_evaluated,not_evaluated
Where did you learn those moves?,1.2258064516129032,0.0394222913945863,155,128,21,6,not_evaluated,not_evaluated
I thought we weren't going to make this about you.,1.2258064516129032,0.0455734071753567,124,101,18,5,not_evaluated,not_evaluated
If I'd known there'd be dancing I would have worn different shoes.,1.2258064516129032,0.0394222913945863,155,125,25,5,not_evaluated,not_evaluated
Timothee Chalamet! Get out.,1.2255639097744362,0.0460523409628095,133,110,16,7,not_evaluated,not_evaluated
I  think I saw you at the 'Everything Must Go' sale.,1.2255639097744362,0.0393854322737626,133,105,26,2,not_evaluated,not_evaluated
So what gender category are you?,1.2255639097744362,0.0447984033376427,133,109,18,6,not_evaluated,not_evaluated
How about we meet up at the car wash later?,1.2255639097744362,0.0460523409628095,133,110,16,7,not_evaluated,not_evaluated
You look like you could use some support.,1.2255639097744362,0.0421788407675772,133,107,22,4,not_evaluated,not_evaluated
Thank you!  I've been practicing these moves my entire life.,1.2255639097744362,0.0447984033376427,133,109,18,6,not_evaluated,not_evaluated
It’s about time that the ENTIRE marketing team was invited to the annual dinner!,1.2253521126760565,0.0483411425914257,142,121,10,11,not_evaluated,not_evaluated
Google keeps asking if I'm a real person!,1.2253521126760565,0.0462286256048183,142,119,14,9,not_evaluated,not_evaluated
"I'm flattered but I only date people in gorilla suits who twirl ""Going Out Of Business"" signs.",1.225,0.049454305083749,120,100,13,7,not_evaluated,not_evaluated
What kind of advertising?,1.225,0.0417785612398477,120,95,23,2,not_evaluated,not_evaluated
I get a sense that you know which way the wind blows.,1.225,0.049454305083749,120,100,13,7,not_evaluated,not_evaluated
"You can shimmy and you can shake, but can you do the ko-ko-pop?",1.225,0.0385976666939056,160,129,26,5,not_evaluated,not_evaluated
May I have the next dance?,1.2248062015503876,0.0443519088811853,129,105,19,5,not_evaluated,not_evaluated
Of course you dance better than Elaine Benes!,1.2248062015503876,0.0456970004750061,129,106,17,6,not_evaluated,not_evaluated
You need to move your feet more.,1.2248062015503876,0.0470036156419957,129,107,15,7,not_evaluated,not_evaluated
"I don't know what it is, but you're just looking so alive!",1.2248062015503876,0.0443519088811853,129,105,19,5,not_evaluated,not_evaluated
Right? I’m a fan too.,1.2246376811594204,0.0448537663486284,138,114,17,7,not_evaluated,not_evaluated
Something in the way she moves.....,1.2246376811594204,0.0424297927176572,138,112,21,5,not_evaluated,not_evaluated
"‘So, you live around here?’",1.2246376811594204,0.0398586786593505,138,110,25,3,not_evaluated,not_evaluated
You looked different on the Zoom call…,1.2246376811594204,0.0448537663486284,138,114,17,7,not_evaluated,not_evaluated
I sometimes think you only love me for my puncture repair kit,1.2244897959183674,0.0407230319479771,147,119,23,5,not_evaluated,not_evaluated
"I loved you work in ""Muffler Shop""",1.2244897959183674,0.0429504511183185,147,121,19,7,not_evaluated,not_evaluated
"No thanks, I don’t date men who are full of hot air.",1.2244897959183674,0.0418515625891258,147,120,21,6,not_evaluated,not_evaluated
"Funny, those are my pronouns, too!",1.2244897959183674,0.0395623226178697,147,118,25,4,not_evaluated,not_evaluated
When they told us there would be an expert on inflation here I was expecting someone a little different,1.2244897959183674,0.0440219173978442,147,122,17,8,not_evaluated,not_evaluated
"I don't care about the free alignment,
I just want to take you to dinner.",1.2243589743589745,0.0402368072473723,156,127,23,6,not_evaluated,not_evaluated
I don’t need a used car.,1.2241379310344829,0.0491093185851403,116,96,14,6,not_evaluated,not_evaluated
"Mom always told me, if you've got it, flaunt it!",1.2241379310344829,0.047558386583394,116,95,16,5,not_evaluated,not_evaluated
I have someone at my dealership I'd love for you to meet.,1.224,0.0466476151587624,125,103,16,6,not_evaluated,not_evaluated
There's an air about you.,1.224,0.0437942403047589,125,101,20,4,not_evaluated,not_evaluated
"Your dancing is great, but I want kids.",1.2238805970149254,0.0432152281854308,134,109,20,5,not_evaluated,not_evaluated
"Wow, you even know the Watusi!",1.2238805970149254,0.0457383607968951,134,111,16,7,not_evaluated,not_evaluated
Bad news. Inflation is going down.,1.2238805970149254,0.0457383607968951,134,111,16,7,not_evaluated,not_evaluated
"I used to work in sales, too.",1.2238805970149254,0.0418967194000295,134,108,22,4,not_evaluated,not_evaluated
"Hey, didn’t you used to hang out at Bob’s discount?",1.2237762237762235,0.0469912012522824,143,121,12,10,not_evaluated,not_evaluated
So Susan says you work for a car dealership?,1.2236842105263157,0.0387111192194765,152,128,18,6,not_evaluated,not_evaluated
How long have you worked in marketing?,1.2232142857142858,0.0469634935656532,112,91,17,4,not_evaluated,not_evaluated
Aren’t you overdoing the ‘come hither’ look?,1.2232142857142858,0.0502724581619148,112,93,13,6,not_evaluated,not_evaluated
My last girlfriend was inflatable also.,1.2231404958677683,0.0490791278031793,121,101,13,7,not_evaluated,not_evaluated
You dance like everyone’s driving past you at 60mph.,1.2230769230769232,0.0426680054603956,130,105,21,4,not_evaluated,not_evaluated
that's a sharp ass,1.2230769230769232,0.0453770851721667,130,107,17,6,not_evaluated,not_evaluated
I love coming to your parties. You'll bend over backwards to ensure everything’s perfect.,1.2230769230769232,0.0397748352757698,130,103,25,2,not_evaluated,not_evaluated
I apologize as I have difficulty recognizing faces out of context.,1.2230769230769232,0.0440433794609951,130,109,16,5,not_evaluated,not_evaluated
Don't you work at the used car dealership downtown?,1.2230769230769232,0.0466726948343347,130,108,15,7,not_evaluated,not_evaluated
Do you have to pee or something?,1.2230769230769232,0.0466726948343347,130,108,15,7,not_evaluated,not_evaluated
What do you say we blow this party?,1.223021582733813,0.0408990373370329,139,112,23,4,not_evaluated,not_evaluated
I guess I don't have to ask what you do.,1.223021582733813,0.0408990373370329,139,112,23,4,not_evaluated,not_evaluated
I can't help but feel like you're trying to sell me something.,1.222972972972973,0.043749762635288,148,123,17,8,not_evaluated,not_evaluated
I thought you said you have two left feet.,1.222972972972973,0.0426862163618047,148,122,19,7,not_evaluated,not_evaluated
"When you've got it, flaunt it!",1.2222222222222223,0.0434816347130512,126,102,20,4,not_evaluated,not_evaluated
So glad we can finally get together outside of the office,1.2222222222222223,0.0429259671825697,135,110,20,5,not_evaluated,not_evaluated
"So tell me, how good is the low APR financing, actually?",1.2222222222222223,0.0439554591814544,117,94,20,3,not_evaluated,not_evaluated
I'm in PR too!,1.2222222222222223,0.0441949881555884,135,111,18,6,not_evaluated,not_evaluated
"So, you came to the Juilliard dance program because of your passion for the language of movement?",1.2222222222222223,0.0387303907378925,144,115,26,3,not_evaluated,not_evaluated
Will you hold still so I can talk to you?,1.2222222222222223,0.0449181108719339,126,103,18,5,not_evaluated,not_evaluated
I didn’t mean “go with the flow” literally!,1.2222222222222223,0.0411617949190754,144,117,22,5,not_evaluated,not_evaluated
I'm surprised to see you got off your car wash gig in time for cocktails!,1.2222222222222223,0.0434816347130512,126,102,20,4,not_evaluated,not_evaluated
‘Wind energy’ simply can’t be the answer to everything.,1.2222222222222223,0.0419960525565808,126,101,22,3,not_evaluated,not_evaluated
"I love your dance moves, but you just can’t hold your drinks.",1.2222222222222223,0.0388711165265216,135,107,26,2,not_evaluated,not_evaluated
Your bouncy castle or mine?,1.2222222222222223,0.0489753924461635,126,106,12,8,not_evaluated,not_evaluated
ADHD?,1.2222222222222223,0.0466295358876719,135,113,14,8,not_evaluated,not_evaluated
Has inflation impacted your job much?,1.2222222222222223,0.0423251516014428,144,118,20,6,not_evaluated,not_evaluated
Still no luck with the ladies?,1.2222222222222223,0.0487254455170571,117,97,14,6,not_evaluated,not_evaluated
Let me give you the name of my chiropracter.,1.2222222222222223,0.0487254455170571,117,97,14,6,not_evaluated,not_evaluated
You keep vacillating.  Which is it -- DeSantis or Trump?,1.221476510067114,0.0390872154328391,149,120,25,4,not_evaluated,not_evaluated
Don't listen to them. I think you are great dancer.,1.2214285714285715,0.0406370862553844,140,113,23,4,not_evaluated,not_evaluated
"So, which car dealership do you work for now?",1.2214285714285715,0.0418825465110034,140,114,21,5,not_evaluated,not_evaluated
I was just thinking about you! Fox News is looking for a new host.,1.2214285714285715,0.0454144522261668,140,117,15,8,not_evaluated,not_evaluated
"Yes you are fabulous alone.
Let’s see how you dance with a partner",1.2213740458015268,0.0437390386716476,131,107,19,5,not_evaluated,not_evaluated
Moving like my back ain't got no bone. I left the auto-mall and  now here I am blowing it up off off off Broadway baby!,1.2213740458015268,0.0437390386716476,131,107,19,5,not_evaluated,not_evaluated
How many drinks in are you?,1.2213740458015268,0.0437390386716476,131,107,19,5,not_evaluated,not_evaluated
So you've stayed up through inflation?,1.2213740458015268,0.0450615503063996,131,108,17,6,not_evaluated,not_evaluated
You make a compelling point about the benefits of inflation.,1.2213740458015268,0.0409661308854923,131,105,23,3,not_evaluated,not_evaluated
Even the inflatable twerks better than me,1.2213740458015268,0.0463463388857468,131,109,15,7,not_evaluated,not_evaluated
Elaine did that same dance move on Seinfeld....and we all saw what it did for her.,1.221311475409836,0.0427865192845174,122,98,21,3,not_evaluated,not_evaluated
You are so carefree and wacky! Have you ever thought about going into advertising?,1.221311475409836,0.0472983638526329,122,101,15,6,not_evaluated,not_evaluated
"So, you're in the automotive industry?",1.2212389380530972,0.043062506524023,113,90,21,2,not_evaluated,not_evaluated
"When I asked you to dance, I meant with me.",1.2212389380530972,0.0498647242017019,113,94,13,6,not_evaluated,not_evaluated
"O.K. You can do the Twist, but can you do the Mashed Potato?",1.2212389380530972,0.0465879286287946,113,92,17,4,not_evaluated,not_evaluated
"I really appreciate your flexible stance, but how do you keep such an open mind?",1.2212389380530972,0.0465879286287946,113,92,17,4,not_evaluated,not_evaluated
I know! There are so many wind bags here tonight.,1.2206896551724138,0.0431838330900441,145,120,18,7,not_evaluated,not_evaluated
My mom thinks you’re an airhead but I think you’re a lot of fun!,1.2206896551724138,0.0397175920532666,145,117,24,4,not_evaluated,not_evaluated
You really are a good listener.,1.2205882352941178,0.0400043250256924,136,109,24,3,not_evaluated,not_evaluated
It's nice to see you get excited by something other than selling cars.,1.2205882352941178,0.0463142346382776,136,114,14,8,not_evaluated,not_evaluated
Twerking is so yesterday.,1.2205882352941178,0.0400043250256924,136,109,24,3,not_evaluated,not_evaluated
I normally find the attendees of parties like this to be so full of hot air.,1.2205882352941178,0.045122897383211,136,113,16,7,not_evaluated,not_evaluated
Let’s just mingle.,1.2205882352941178,0.0438992415239962,136,112,18,6,not_evaluated,not_evaluated
I thought I recognized you from yoga class.,1.2205882352941178,0.0400043250256924,136,109,24,3,not_evaluated,not_evaluated
I think I've seen you before. Were you outside Ray's Bargain Used Cars yesterday.,1.2205882352941178,0.0400043250256924,136,111,21,4,not_evaluated,not_evaluated
I just think you have an over-inflated sense of yourself.,1.2205882352941178,0.0438992415239962,136,112,18,6,not_evaluated,not_evaluated
You're much taller in person,1.2205882352941178,0.0426404848062087,136,111,20,5,not_evaluated,not_evaluated
You must give me the name of your chiropractor!,1.220472440944882,0.0473169458722308,127,106,14,7,not_evaluated,not_evaluated
Give me your car keys. You’ve spilled way too many and you can’t even stand.,1.220472440944882,0.0445973610516346,127,104,18,5,not_evaluated,not_evaluated
I believe we met at a carwash...,1.220472440944882,0.0417007896671525,127,102,22,3,not_evaluated,not_evaluated
It's a work party so I'm 'net-twerking.',1.220472440944882,0.0445973610516346,127,104,18,5,not_evaluated,not_evaluated
That's so funny. I’m also in marketing!,1.2203389830508475,0.0468253235518302,118,97,16,5,not_evaluated,not_evaluated
I used to be a workaholic too.,1.2198581560283688,0.0403784008659382,141,114,23,4,not_evaluated,not_evaluated
"Honestly Edwin, could you at least try to mingle?",1.2196969696969695,0.0460244556020184,132,110,15,7,not_evaluated,not_evaluated
"Trust me, you're not the only one here with smoke getting blown up your ass.",1.2196969696969695,0.0472642669938517,132,111,13,8,not_evaluated,not_evaluated
"No I’m not, you are.",1.2195121951219512,0.0455051253033721,123,101,17,5,not_evaluated,not_evaluated
Congratulations on the big move from mattresses to used cars.,1.2195121951219512,0.0483453872828133,123,103,13,7,not_evaluated,not_evaluated
One drink and you really let loose don’t you?,1.219298245614035,0.049463464927655,114,95,13,6,not_evaluated,not_evaluated
"So weird, my mood is totally dependent on the constant encouragement of fans too!",1.219298245614035,0.0478683503739619,114,94,15,5,not_evaluated,not_evaluated
Well let's flip it around. What would it take to get YOU into a 2019  Camry with low miles?,1.2191780821917808,0.0417984351547074,146,120,20,6,not_evaluated,not_evaluated
"Well, I have to say, you're a breath of fresh air amid all these blow hards.",1.218978102189781,0.0423587092302743,137,112,20,5,not_evaluated,not_evaluated
"Marketing? Seriously, I would never have guessed.",1.218978102189781,0.0436073669763573,137,115,15,7,not_evaluated,not_evaluated
I just love your moves.,1.218978102189781,0.0436073669763573,137,113,18,6,not_evaluated,not_evaluated
Didn't we meet once before down by the car dealership?,1.218978102189781,0.0436073669763573,137,113,18,6,not_evaluated,not_evaluated
I love your unstructured approach.,1.21875,0.0442810847710841,128,105,18,5,not_evaluated,not_evaluated
You can barely stand up straight - let’s get some air,1.21875,0.0482691304737604,128,108,12,8,not_evaluated,not_evaluated
So tell me about your new car,1.21875,0.0414095577901763,128,103,22,3,not_evaluated,not_evaluated
"With all these job cuts, I hope they don’t pull the plug on me…",1.21875,0.0456491617071653,128,106,16,6,not_evaluated,not_evaluated
I just love how you go with the flow,1.21875,0.0414095577901763,128,103,22,3,not_evaluated,not_evaluated
I'm the new hire at Fox News,1.218487394957983,0.0464670711408131,119,98,16,5,not_evaluated,not_evaluated
"Just wave and smile, waaave and smile",1.218487394957983,0.0449083382804144,119,97,18,4,not_evaluated,not_evaluated
Wow Gina!  I wish I could dance like no one is watching!,1.218045112781955,0.0444432738105241,133,110,17,6,not_evaluated,not_evaluated
They are not the typical used car crowd but I think you will be successful with them!,1.218045112781955,0.0389810200070014,133,106,25,2,not_evaluated,not_evaluated
Is it just me or does this party blow?,1.218045112781955,0.0469366266374429,133,112,13,8,not_evaluated,not_evaluated
Are you sure I can't sway you?,1.217741935483871,0.042168600982961,124,100,21,3,not_evaluated,not_evaluated
I hear you have been chosen as employee of the month.,1.217741935483871,0.0466002354022453,124,103,15,6,not_evaluated,not_evaluated
"I appreciate your enthusiasm, but I don’t need a used car.",1.217741935483871,0.042168600982961,124,100,21,3,not_evaluated,not_evaluated
"'Haven't we meet before, at the used car lot down on Radnor? Or was it at H&R Block last April?'",1.217687074829932,0.0404026500526369,147,120,22,5,not_evaluated,not_evaluated
Well you don’t need to get all bent out of shape about it.,1.2173913043478262,0.0474885809802391,115,95,15,5,not_evaluated,not_evaluated
"So,you're an heiress?",1.2173913043478262,0.0474885809802391,115,95,15,5,not_evaluated,not_evaluated
Can you put your work away for one evening?,1.2173913043478262,0.042080570378038,138,113,20,5,not_evaluated,not_evaluated
Tell the truth.  It's the yoga that gives you that flexibility isn't it.,1.2173913043478262,0.042080570378038,138,113,20,5,not_evaluated,not_evaluated
Can I ask you your pronoun?,1.2170542635658914,0.0466426610331734,129,108,14,7,not_evaluated,not_evaluated
I believe you've had one to many drinks.,1.2170542635658914,0.0425695399931953,129,105,20,4,not_evaluated,not_evaluated
Have we met before?  You look familiar.,1.2170542635658914,0.0439691911028621,129,106,18,5,not_evaluated,not_evaluated
I heard you're transitioning from manufacturing to sales.,1.2170542635658914,0.0411222774688429,129,104,22,3,not_evaluated,not_evaluated
That's remarkable.  I never though someone posed for those.,1.2169811320754718,0.0501654351730093,106,88,13,5,not_evaluated,not_evaluated
Aren't you worried about the efforts to bring down inflation?,1.2164179104477613,0.0453937502261061,134,112,15,7,not_evaluated,not_evaluated
"I want to believe you, but to be honest, it feels like you're full of hot air.",1.2164179104477613,0.0415202361227385,134,109,21,4,not_evaluated,not_evaluated
I brought you here to mingle. Your cars won't sell themselves.,1.2164179104477613,0.0441403637157201,134,111,17,6,not_evaluated,not_evaluated
"A sales associate? Hey, me too!",1.2162162162162162,0.0450777931737218,111,90,18,3,not_evaluated,not_evaluated
"People do notice you, honest.",1.2162162162162162,0.043454164777694,148,124,16,8,not_evaluated,not_evaluated
"But I told you, your height has never been an issue for me.",1.2162162162162162,0.0485757940234966,111,92,14,5,not_evaluated,not_evaluated
You're so easy to talk to,1.216,0.0433797931255199,125,102,19,4,not_evaluated,not_evaluated
You had me at hello.,1.216,0.036955072985381,125,100,24,1,not_evaluated,not_evaluated
You seem like a really active guy.,1.216,0.0448423762715293,125,103,17,5,not_evaluated,not_evaluated
My events never get this kind of turnout—what's your secret?,1.216,0.0418661461511372,125,101,21,3,not_evaluated,not_evaluated
I was told to speak to you about a promotion,1.216,0.0462587393661126,125,104,15,6,not_evaluated,not_evaluated
"I know you’re in there, Mr. DeSantis!",1.2158273381294964,0.0442297462618803,139,116,16,7,not_evaluated,not_evaluated
I really wish you'd start dressing up for these things,1.2158273381294964,0.0405398225295126,139,113,22,4,not_evaluated,not_evaluated
"So, how do you know Bev and Sally?",1.2158273381294964,0.041805999871785,139,114,20,5,not_evaluated,not_evaluated
The things I could show you would blow you away.,1.2158273381294964,0.0405398225295126,139,113,22,4,not_evaluated,not_evaluated
Kelly!? I haven’t seen you since law school! How are you?,1.2158273381294964,0.0430349397563771,139,115,18,6,not_evaluated,not_evaluated
"Yes, I like you, but I'm really looking for stability in a partner. And well, you seem to be kinda all over the place...",1.2156862745098038,0.0424373275437607,153,128,17,8,not_evaluated,not_evaluated
Shut up and dance with me,1.2155172413793105,0.0420716075558401,116,93,21,2,not_evaluated,not_evaluated
You really make advertising look like a breeze.,1.2155172413793105,0.0454958265920638,116,95,17,4,not_evaluated,not_evaluated
"Sorry, 'No Money Down' doesn't work for me as a pickup line.",1.2153846153846153,0.0436615914942256,130,107,18,5,not_evaluated,not_evaluated
Let me guess...you work in advertising.,1.2152777777777777,0.0463961465320028,144,123,11,10,not_evaluated,not_evaluated
"I'm just like today's politicians. Big, spineless, crave attention, and best of all, noticeable.",1.2148760330578512,0.0426508206578604,121,98,20,3,not_evaluated,not_evaluated
Ginger?!!,1.2148760330578512,0.0442361113754467,121,99,18,4,not_evaluated,not_evaluated
You know Sherri all this plastic surgery is really starting to show a bit,1.2148760330578512,0.0457665226607056,121,100,16,5,not_evaluated,not_evaluated
Of course they’re ignoring you. They know you’re full of hot air.,1.2148148148148148,0.0450847554947275,135,113,15,7,not_evaluated,not_evaluated
"It's time you came out of the closet, Mike.",1.2148148148148148,0.0384687351033492,135,108,25,2,not_evaluated,not_evaluated
I’m thinking of a buying low mileage lightly used Honda. Any suggestions?,1.2148148148148148,0.0438414969920716,135,112,17,6,not_evaluated,not_evaluated
Ozempic?,1.2148148148148148,0.0450847554947275,135,113,15,7,not_evaluated,not_evaluated
What's the point?,1.2142857142857142,0.0481788205518792,112,93,14,5,not_evaluated,not_evaluated
What a coincidence! I sell cars too.,1.2142857142857142,0.0430682630651238,126,103,19,4,not_evaluated,not_evaluated
Want to go outside and get some air?,1.2142857142857142,0.040278723526604,140,114,22,4,not_evaluated,not_evaluated
"She gets a lot of attention.  Tall, sexy, but also full of hot air",1.2142857142857142,0.0428785875134045,112,90,20,2,not_evaluated,not_evaluated
Do you know what it’s like to feel deflated?,1.2142857142857142,0.0498204166044939,112,94,12,6,not_evaluated,not_evaluated
"They don't usually hire anyone without a marketing degree, but I guess I'm just a natural.",1.2142857142857142,0.042754244406494,140,116,18,6,not_evaluated,not_evaluated
"Hi, I didn't want you to feel deflated by being ignored at another boring cocktail party.",1.2142857142857142,0.0459221464809188,126,105,15,6,not_evaluated,not_evaluated
You remind me of my last boyfriend – full of hot air.,1.2142857142857142,0.042754244406494,140,116,18,6,not_evaluated,not_evaluated
OK. You have my attention! Now where's the sale?,1.2142857142857142,0.0415679101767527,126,102,21,3,not_evaluated,not_evaluated
"I'm with you. If you're going to flail, flail big.",1.2142857142857142,0.0445180795905533,126,104,17,5,not_evaluated,not_evaluated
I know a very good chiropractor in case your interested,1.2142857142857142,0.042754244406494,140,116,18,6,not_evaluated,not_evaluated
"It’s not a party, until someone starts to dance.",1.2142857142857142,0.0415679101767527,126,102,21,3,not_evaluated,not_evaluated
I love your work alongside the gas station.,1.2137931034482758,0.0417369601272765,145,120,19,6,not_evaluated,not_evaluated
I vaguely remember our meeting; was it at a car dealership in Rahway?,1.213740458015267,0.0419820636529429,131,107,20,4,not_evaluated,not_evaluated
Let’s do my place; I have an air mattress.,1.213740458015267,0.0405592635098746,131,106,22,3,not_evaluated,not_evaluated
Ever let your air down and relax?,1.213740458015267,0.043358199693438,131,108,18,5,not_evaluated,not_evaluated
"I appreciate the enthusiasm, but what's your point?",1.213740458015267,0.043358199693438,131,108,18,5,not_evaluated,not_evaluated
Do you ever feel your ego is inflated?,1.213740458015267,0.043358199693438,131,108,18,5,not_evaluated,not_evaluated
Do you appear at car dealerships also?,1.213740458015267,0.0405592635098746,131,106,22,3,not_evaluated,not_evaluated
Please calm down. I don’t want to blow this out of proportion,1.213740458015267,0.0459870971561442,131,110,14,7,not_evaluated,not_evaluated
I really admire the whole “Dance like nobody’s watching” thing you’ve got going on.,1.213740458015267,0.0459870971561442,131,110,14,7,not_evaluated,not_evaluated
At least with you I can tell which way the wind’s blowing.,1.2136752136752136,0.0451428943039664,117,96,17,4,not_evaluated,not_evaluated
This offer is good for today only,1.2136752136752136,0.0467465840727086,117,97,15,5,not_evaluated,not_evaluated
I noticed that you were dancing alone.,1.2136752136752136,0.0467465840727086,117,97,15,5,not_evaluated,not_evaluated
I love how unafraid you are to show off your curves.,1.2136752136752136,0.0417511254157731,117,94,21,2,not_evaluated,not_evaluated
Have you tried acupuncture for that back problem of yours?,1.2135922330097086,0.0509765391682553,103,86,12,5,not_evaluated,not_evaluated
"Her body moves are great, but she lacks foot work.",1.2133333333333334,0.0385261660891298,150,122,24,4,not_evaluated,not_evaluated
Everyone here has an inflated ego.,1.213235294117647,0.0409687806047096,136,111,21,4,not_evaluated,not_evaluated
Sometimes I think that you act this way only for attention.,1.213235294117647,0.0482911560793346,136,117,9,10,not_evaluated,not_evaluated
Oh you work in advertising too?,1.213235294117647,0.0409687806047096,136,111,21,4,not_evaluated,not_evaluated
"It is something in the way you move, attracts me like no other wiggling tube of air.",1.213235294117647,0.042277339629055,136,112,19,5,not_evaluated,not_evaluated
Can I get a ride?”,1.213114754098361,0.0439073617366802,122,100,18,4,not_evaluated,not_evaluated
Finally—someone I can talk to!,1.213114754098361,0.0468916027497832,122,102,14,6,not_evaluated,not_evaluated
You looked much shorter on your OkCupid profile.,1.213114754098361,0.0454239959884595,122,101,16,5,not_evaluated,not_evaluated
I don't think you're full of hot air,1.213114754098361,0.0439073617366802,122,100,18,4,not_evaluated,not_evaluated
"I know we work for a car wash company, but please try to look more professional—we’re corporate.",1.213114754098361,0.0423364313303779,122,99,20,3,not_evaluated,not_evaluated
"Wow, one drink and you're a dancing noodle!",1.212962962962963,0.0456689934409739,108,90,14,4,not_evaluated,not_evaluated
How do you stay so light and breezy while talking to all these pretentious windbags?,1.212962962962963,0.0437331304091476,108,87,19,2,not_evaluated,not_evaluated
I so admire your ability to go with the flow at these parties....,1.212962962962963,0.0437331304091476,108,87,19,2,not_evaluated,not_evaluated
You’re a gas!,1.2125984251968505,0.0427610990683252,127,104,19,4,not_evaluated,not_evaluated
"Ah, you're just a bunch of hot air.",1.2125984251968505,0.0427610990683252,127,104,19,4,not_evaluated,not_evaluated
I heard you are a mover and shaker.,1.2125984251968505,0.0381255618014014,127,101,25,1,not_evaluated,not_evaluated
"So, should I assume you're not straight?",1.2125984251968505,0.0469410771541276,127,107,13,7,not_evaluated,not_evaluated
Someone should tell her he's full of hot air.,1.2125984251968505,0.0469410771541276,127,107,13,7,not_evaluated,not_evaluated
"Why, I'd love to come see your used car lot.",1.2125984251968505,0.0441983706768021,127,105,17,5,not_evaluated,not_evaluated
We met outside the Kia dealership. You waved and I waved back.”,1.2125984251968505,0.0469410771541276,127,107,13,7,not_evaluated,not_evaluated
"Did you get into the helium again, Margaret?",1.2123893805309736,0.044358269149919,113,92,18,3,not_evaluated,not_evaluated
I just wanted to apologize for complaining about inflation during my toast earlier,1.2123893805309736,0.0425397253056668,113,91,20,2,not_evaluated,not_evaluated
Talk about compatible! My sign is Scorpio. Yours is President's Day.,1.2123893805309736,0.0539983603394314,113,98,6,9,not_evaluated,not_evaluated
I’m your 2nd biggest fan.,1.2123893805309736,0.0494139603822833,113,95,12,6,not_evaluated,not_evaluated
Your silence detracts from your mesmerizing gyrations.,1.2123287671232876,0.0403209890118956,146,120,21,5,not_evaluated,not_evaluated
So how long have you been in car sales?,1.2123287671232876,0.0379056134671144,146,118,25,3,not_evaluated,not_evaluated
You are the epitome of contemporary society - blissfully ignorant and full of air.,1.2123287671232876,0.0436944171349851,146,123,15,8,not_evaluated,not_evaluated
This motherfucker.,1.2121212121212122,0.0493191007858529,132,114,8,10,not_evaluated,not_evaluated
Are you happier now with a different dealer?,1.2121212121212122,0.0469153797844295,132,112,12,8,not_evaluated,not_evaluated
"See, this is what I mean. Why do you always have to be the center of attention?",1.2121212121212122,0.04438166308634,132,110,16,6,not_evaluated,not_evaluated
How long have you been in auto sales?,1.2119205298013245,0.0394322528237114,151,124,22,5,not_evaluated,not_evaluated
You waved me over?,1.2118644067796611,0.0447953074932042,118,97,17,4,not_evaluated,not_evaluated
I've had it with these unrealistic body image expectations.,1.2118644067796611,0.0479202324357796,118,99,13,6,not_evaluated,not_evaluated
I see you had a chance to loosen up with a few cocktails.,1.2118644067796611,0.0431480593047533,118,96,19,3,not_evaluated,not_evaluated
"Oh I agree, these new car release parties can be so pretentious!  Where did you say you work?",1.2116788321167884,0.0432555798021185,137,114,17,6,not_evaluated,not_evaluated
"Sure, but I still think you have an over- inflated opinion on your dance moves.",1.2113821138211385,0.0404097903431968,123,99,22,2,not_evaluated,not_evaluated
Didn’t we meet somewhere at a Grand Opening?”,1.2113821138211385,0.0465410704741558,123,103,14,6,not_evaluated,not_evaluated
You need to work on your moves if you want to attract some attention.,1.2113821138211385,0.0435833821339135,123,101,18,4,not_evaluated,not_evaluated
It seems like you’re always working.,1.2113821138211385,0.0420265532360902,123,100,20,3,not_evaluated,not_evaluated
It’s just so hard being “on” all the time at these parties,1.211009174311927,0.0488977979825135,109,91,13,5,not_evaluated,not_evaluated
I feel like you're blowing me off.,1.2109375,0.0438831547231363,128,106,17,5,not_evaluated,not_evaluated
I admire your ability to dance like no one’s watching.,1.2109375,0.0452632606483195,128,107,15,6,not_evaluated,not_evaluated
"Is that You, Tube?",1.2109375,0.0479043396431231,128,109,11,8,not_evaluated,not_evaluated
"Honestly, no. I don't think A.I. is coming for your job.",1.2109375,0.0452632606483195,128,107,15,6,not_evaluated,not_evaluated
"I feel like I've seen you before""",1.2109375,0.0394542365312744,128,103,23,2,not_evaluated,not_evaluated
Everyone knows you’re high,1.2109375,0.0424582120724805,128,105,19,4,not_evaluated,not_evaluated
Can you get me a deal on a used Toyota?,1.2105263157894737,0.042206058518233,114,92,20,2,not_evaluated,not_evaluated
Are you in advertising as well?,1.2105263157894737,0.0457368797131426,114,94,16,4,not_evaluated,not_evaluated
"So, I assume you're an advocate of wind energy.",1.2105263157894737,0.0440755678609802,133,111,16,6,not_evaluated,not_evaluated
I'm sorry I called you an airhead.,1.2105263157894737,0.0414103048668128,133,109,20,4,not_evaluated,not_evaluated
You seem to enjoy the company of these windbags.,1.2105263157894737,0.0414103048668128,133,109,20,4,not_evaluated,not_evaluated
"So, you found the bar.",1.210144927536232,0.0429683773304262,138,115,17,6,not_evaluated,not_evaluated
How can you be so flippant?,1.2100840336134453,0.0428209615727119,119,97,19,3,not_evaluated,not_evaluated
So I’m guessing you’re insisting on 12 foot ceilings,1.2100840336134453,0.0411242616555534,119,96,21,2,not_evaluated,not_evaluated
"So, how long have you been in the used-car business?",1.2100840336134453,0.0411242616555534,119,98,18,3,not_evaluated,not_evaluated
Stop showing off or I’ll bring you back to the car lot,1.2100840336134453,0.0428209615727119,119,97,19,3,not_evaluated,not_evaluated
"So, how are things going in Marketing?",1.2100840336134453,0.0428209615727119,119,97,19,3,not_evaluated,not_evaluated
I find these parties so pretentious...so many people filled with hot air.,1.2100840336134453,0.046027105672703,119,99,15,5,not_evaluated,not_evaluated
You look so different from the Zoom meetings,1.2100840336134453,0.0475491778047047,119,100,13,6,not_evaluated,not_evaluated
I like the tall and silent types!,1.2097902097902098,0.0382482918355979,143,116,24,3,not_evaluated,not_evaluated
"I’m sorry but I can’t just, ‘go with the flow’ 
on every issue.",1.2097902097902098,0.0395148691580853,143,117,22,4,not_evaluated,not_evaluated
Ah! You must be Elaine. I saw you do this dance on Seinfeld.,1.2096774193548387,0.0447538852796586,124,103,16,5,not_evaluated,not_evaluated
Hey! I bought a car from you!,1.2096774193548387,0.0401188137529058,124,100,22,2,not_evaluated,not_evaluated
Stop flip-flopping...do you like the paintings or not?,1.2096774193548387,0.0417210925132821,124,101,20,3,not_evaluated,not_evaluated
What the hell? Five seconds ago you wanted to kill yourself.,1.2096774193548387,0.0447538852796586,124,103,16,5,not_evaluated,not_evaluated
"Okay, OKAY, I hear you, Floppy . . . I guess not ALL direct-to-consumer advertising is evil!",1.2096774193548387,0.0432640717462347,124,102,18,4,not_evaluated,not_evaluated
Do you want me to introduce you around?,1.2095238095238094,0.0518790472982919,105,89,10,6,not_evaluated,not_evaluated
"I'm sorry, but you'll have to leave.  The dress code is business attire.",1.2095238095238094,0.0462815838009878,105,86,16,3,not_evaluated,not_evaluated
"Are you a saying you have ""long COVID""?",1.2095238095238094,0.0462815838009878,105,86,16,3,not_evaluated,not_evaluated
Come on baby let’s run away… I promise you’ll never see a used car lot again,1.2094594594594594,0.0409635041967624,148,123,19,6,not_evaluated,not_evaluated
You have such an inflated ego,1.2094594594594594,0.0452296731085591,148,127,11,10,not_evaluated,not_evaluated
Does your family support working at the gas station?,1.2093023255813953,0.0406976744186046,129,105,21,3,not_evaluated,not_evaluated
"Well, that's certainly an interesting perspective on inflation...",1.2093023255813953,0.0435723394494517,129,107,17,5,not_evaluated,not_evaluated
"You're doing ""YMCA""? With ""Car Wash"" right there?",1.2093023255813953,0.0406976744186046,129,105,21,3,not_evaluated,not_evaluated
Care to dance?,1.209090909090909,0.0518151821556894,110,94,9,7,not_evaluated,not_evaluated
Is there anything I can say that would sway you?,1.209090909090909,0.0467375233367023,110,91,15,4,not_evaluated,not_evaluated
Can't you see? Drag is banned in Tennessee.,1.209090909090909,0.0449175958423419,110,90,17,3,not_evaluated,not_evaluated
I wish I could be that free. But I'm in HR. You're in advertising.,1.208955223880597,0.0437736124979951,134,112,16,6,not_evaluated,not_evaluated
I can’t help but ask – is there a Mrs. Wacky Waving Inflatable Tube Man?,1.208695652173913,0.043660943442513,115,94,18,3,not_evaluated,not_evaluated
You have a certain air about you.,1.208695652173913,0.0418774722373927,115,93,20,2,not_evaluated,not_evaluated
"The dance is over,Dear. Can I get you a drink?",1.20863309352518,0.0388485346968917,139,116,19,4,not_evaluated,not_evaluated
"You have this Miley Cyrus energy about you, and I love Miley Cyrus. What are you doing after this?",1.20863309352518,0.0414455965960947,139,115,19,5,not_evaluated,not_evaluated
I'm glad you've started standing up for yourself.,1.2083333333333333,0.0424986955366349,120,98,19,3,not_evaluated,not_evaluated
I know. All those classes and that's my only move too.,1.2083333333333333,0.0441157017934041,120,99,17,4,not_evaluated,not_evaluated
"Really Darling, that’s enough!",1.2083333333333333,0.0441157017934041,120,99,17,4,not_evaluated,not_evaluated
It must be great to have such a big fan base,1.2083333333333333,0.0441157017934041,120,99,17,4,not_evaluated,not_evaluated
You just stand out in the crowd,1.2083333333333333,0.0424986955366349,120,98,19,3,not_evaluated,not_evaluated
I’ve heard you can’t hold your liquor.,1.2083333333333333,0.0408176812166814,120,97,21,2,not_evaluated,not_evaluated
And you have the nerve to call me flibbertigibbet!,1.208,0.0381778520492808,125,104,18,3,not_evaluated,not_evaluated
I feel like your Tinder  bio was a bit misleading,1.208,0.0444260893997529,125,104,16,5,not_evaluated,not_evaluated
Baby you are so full of hot air,1.208,0.0444260893997529,125,104,16,5,not_evaluated,not_evaluated
You’ll only let me down again.,1.208,0.0429493324894616,125,103,18,4,not_evaluated,not_evaluated
And they accused me of having an inflated sense of self.,1.208,0.0444260893997529,125,104,16,5,not_evaluated,not_evaluated
I'm sure we've met before. Possibly at the used car lot?,1.208,0.0458553124230917,125,105,14,6,not_evaluated,not_evaluated
"Anyway, that's how I found my way to the 'Better Living thru Ozempic andProzac' meetup. What's your story?",1.208,0.0429493324894616,125,105,15,5,not_evaluated,not_evaluated
You're taller than you appear on TV.,1.208,0.0414199577887979,125,102,20,3,not_evaluated,not_evaluated
You're such a good air dancer!,1.208,0.0429493324894616,125,103,18,4,not_evaluated,not_evaluated
"And how about you, any plans for the holiday weekend?",1.2076923076923076,0.0459396740183818,130,110,13,7,not_evaluated,not_evaluated
What a coincidence. I also started out in sales.,1.2076923076923076,0.0373482281059491,130,106,22,2,not_evaluated,not_evaluated
I always said you go whichever way the wind blows.,1.2076923076923076,0.0404154835602363,130,106,21,3,not_evaluated,not_evaluated
"The question is, can you sell yourself?",1.2075471698113207,0.0458854801911949,106,87,16,3,not_evaluated,not_evaluated
"I loved your work on Pontiac's 
Firebird.",1.2075471698113207,0.0496474201848481,106,89,12,5,not_evaluated,not_evaluated
"So, your last girlfriend was a cactus; how'd that work out?",1.2074074074074077,0.0447291415962533,135,114,14,7,not_evaluated,not_evaluated
Throwing caution to the wind again?,1.2074074074074077,0.0421850621536888,135,112,18,5,not_evaluated,not_evaluated
"I love you, Greg, but you’re just spineless.",1.2074074074074077,0.0434757149271191,135,113,16,6,not_evaluated,not_evaluated
"I love the idea of there being more than two sexes, don't you?",1.2074074074074077,0.0421850621536888,135,112,18,5,not_evaluated,not_evaluated
"Yeah my car's clean, why do you care?",1.2074074074074077,0.0421850621536888,135,112,18,5,not_evaluated,not_evaluated
"By 'letting loose,"" I meant have a drink.",1.207207207207207,0.0463528416860251,111,92,15,4,not_evaluated,not_evaluated
What exactly do you “sell”?,1.207207207207207,0.0445509345420446,111,91,17,3,not_evaluated,not_evaluated
I work in advertising.,1.207207207207207,0.0480872758239628,111,93,13,5,not_evaluated,not_evaluated
I can drive you home if you’re feeling light headed.,1.207207207207207,0.0445509345420446,111,91,17,3,not_evaluated,not_evaluated
I’m more into ballroom dancing.,1.207142857142857,0.0399079472279066,140,115,21,4,not_evaluated,not_evaluated
Everyone in this room is full of hot air!,1.207142857142857,0.0424051187686463,140,117,17,6,not_evaluated,not_evaluated
"You wave me over from across the room, then give me the cold shoulder?  What gives?",1.206896551724138,0.0466529522958364,116,97,14,5,not_evaluated,not_evaluated
I’d love to chat some more but I suddenly have the urge to buy a car.”,1.206896551724138,0.0450174735012565,116,96,16,4,not_evaluated,not_evaluated
But what if the wind stops?,1.206896551724138,0.0450174735012565,116,96,16,4,not_evaluated,not_evaluated
"I just have to say, you've got some really nice moves.",1.206896551724138,0.0466529522958364,116,97,14,5,not_evaluated,not_evaluated
"Hello. Tucker, is that you?",1.206896551724138,0.0415538547607056,116,94,20,2,not_evaluated,not_evaluated
"Will you stop moving around, I have something important to tell you!",1.206896551724138,0.0450174735012565,116,96,16,4,not_evaluated,not_evaluated
"Is your body all dick &, if so, can I straddle it?",1.206611570247934,0.049678519355812,121,104,9,8,not_evaluated,not_evaluated
Are we all just going to ignore the inflation?,1.206611570247934,0.0453291533661276,121,101,15,5,not_evaluated,not_evaluated
No more cocktails for you! You’re clearly tipsy.,1.206611570247934,0.0437834568993582,121,100,17,4,not_evaluated,not_evaluated
"If I'm understanding you correctly, it just depends on which way the wind blows.",1.206611570247934,0.0437834568993582,121,100,17,4,not_evaluated,not_evaluated
Do you remember where we parked the car?,1.206611570247934,0.042181157537768,121,99,19,3,not_evaluated,not_evaluated
"Yes, I'd love to read your manuscript.",1.206611570247934,0.0453291533661276,121,101,15,5,not_evaluated,not_evaluated
You have Peyronie’s Disease.,1.206611570247934,0.0405155402826378,121,98,21,2,not_evaluated,not_evaluated
Not what I expected when I heard the head of marketing would be here.,1.206611570247934,0.0437834568993582,121,100,17,4,not_evaluated,not_evaluated
"Yes,I do remember you!  We had a great time together at the car show, right?",1.206611570247934,0.0437834568993582,121,100,17,4,not_evaluated,not_evaluated
"You’ll fit in fine, I promise. Everyone at these parties is so filled with hot air anyway.",1.206611570247934,0.042181157537768,121,99,19,3,not_evaluated,not_evaluated
So you say you're in the pre-owned vehicle business?,1.2063492063492065,0.0426390689279512,126,104,18,4,not_evaluated,not_evaluated
Why do you always have to blow things out of proportion?,1.2063492063492065,0.0441029967919041,126,105,16,5,not_evaluated,not_evaluated
It just feels like everything you do is for attention.,1.2063492063492065,0.0468939503560423,126,107,12,7,not_evaluated,not_evaluated
"So just to be clear, my friend, you're saying that the answer is blowing in the wind?",1.2063492063492065,0.0468939503560423,126,107,12,7,not_evaluated,not_evaluated
Did you study at Martha Graham too?,1.2063492063492065,0.0441029967919041,126,105,16,5,not_evaluated,not_evaluated
So when do you have to be back to the tire store?,1.2058823529411764,0.0431817951873436,136,116,13,7,not_evaluated,not_evaluated
So what does a consultant do exactly?,1.2058823529411764,0.0405808145784977,136,112,20,4,not_evaluated,not_evaluated
;,1.205607476635514,0.0473943111512617,107,89,14,4,not_evaluated,not_evaluated
Ever feel like your talking to a room full of inflated egos?,1.205607476635514,0.0492194724957285,107,90,12,5,not_evaluated,not_evaluated
Wanna blow this place?,1.205607476635514,0.0473943111512617,107,89,14,4,not_evaluated,not_evaluated
I love the way you go with the flow!,1.205607476635514,0.0435149312649382,107,87,18,2,not_evaluated,not_evaluated
I hear you’re a big fan.,1.2053571428571428,0.0423307304777935,112,91,19,2,not_evaluated,not_evaluated
Your moves are electrifying.,1.2053571428571428,0.0403858339261236,112,92,18,2,not_evaluated,not_evaluated
Didn't we meet on a used car lot?,1.2053571428571428,0.0441901109260744,112,92,17,3,not_evaluated,not_evaluated
I think your molly just kicked in.,1.2053571428571428,0.050953572467094,112,96,9,7,not_evaluated,not_evaluated
You don’t look like your Match photo.,1.2053571428571428,0.0441901109260744,112,94,14,4,not_evaluated,not_evaluated
I loved that Seinfeld episode too!,1.2053571428571428,0.0476918884655355,112,94,13,5,not_evaluated,not_evaluated
"I hate to tell you, but I saw that same outfit earlier today.",1.2053571428571428,0.050953572467094,112,96,9,7,not_evaluated,not_evaluated
"You're the guy from the used car lot. I asked you out, but you blew me off.",1.2053571428571428,0.0476918884655355,112,94,13,5,not_evaluated,not_evaluated
"You’re not just blowing smoke up my butt, right?",1.2053571428571428,0.0476918884655355,112,94,13,5,not_evaluated,not_evaluated
You’re the only one here who doesn’t act like  they’re filled with hot air,1.205128205128205,0.04466606875443,117,97,16,4,not_evaluated,not_evaluated
It's all fun and games until somebody turns the fan off,1.205128205128205,0.04466606875443,117,97,16,4,not_evaluated,not_evaluated
I never would have guessed that “Windy” was your favorite song !,1.205128205128205,0.04466606875443,117,97,16,4,not_evaluated,not_evaluated
Let me guess...Ozempic?,1.205128205128205,0.0429848285055057,117,96,18,3,not_evaluated,not_evaluated
I didn't realize this was a car dealership!,1.205128205128205,0.0394077536659002,117,98,16,3,not_evaluated,not_evaluated
"Hey, don’t be ashamed. I worked the street corner, too.",1.205128205128205,0.04466606875443,117,97,16,4,not_evaluated,not_evaluated
Whoa. Someone’s excited.,1.2049180327868851,0.0434561052513363,122,101,17,4,not_evaluated,not_evaluated
I'll dance with you until the fan is turned off.,1.2049180327868851,0.0464693348067626,122,103,13,6,not_evaluated,not_evaluated
"So,I hear you're in sales.",1.2049180327868851,0.0434561052513363,122,101,17,4,not_evaluated,not_evaluated
' love your flexibility.,1.2049180327868851,0.0402177459568215,122,99,21,2,not_evaluated,not_evaluated
The last time I fell for that line I ended up getting a lousy car wash.,1.2049180327868851,0.0434561052513363,122,101,17,4,not_evaluated,not_evaluated
Weren't you the Pillsbury Doughboy before your tummy tuck?,1.2049180327868851,0.0434561052513363,122,101,17,4,not_evaluated,not_evaluated
Relax. They're just as full of hot air as you are.,1.2049180327868851,0.0434561052513363,122,101,17,4,not_evaluated,not_evaluated
"It's actually our annual Spring ""at-tire"" event, but we can still use you out front.",1.2049180327868851,0.0384965465069731,122,100,20,2,not_evaluated,not_evaluated
Not every party is a dance. Maybe you could just mingle?,1.2049180327868851,0.0434561052513363,122,101,17,4,not_evaluated,not_evaluated
Care to shoot the breeze?,1.2049180327868851,0.0418682467597023,122,100,19,3,not_evaluated,not_evaluated
I've always liked a woman who could go with the flow.,1.204724409448819,0.0451892418192498,127,107,14,6,not_evaluated,not_evaluated
"Whichever way the wind blows, honey!",1.204724409448819,0.0451892418192498,127,107,14,6,not_evaluated,not_evaluated
"If  I can be honest with you I just can’t take it anymore, you seem to go with whatever way the wind’s blowing.",1.204724409448819,0.0437845086674015,127,106,16,5,not_evaluated,not_evaluated
"Wow, that's so interesting! Do you own the dealership or just run it?",1.204724409448819,0.0465516052693301,127,108,12,7,not_evaluated,not_evaluated
Do you always have to be the center of attention?,1.2045454545454546,0.0439999741914687,132,111,15,6,not_evaluated,not_evaluated
Is that the Hokey Pokey? Is that what it's all about?,1.2045454545454546,0.0412877328857137,132,109,19,4,not_evaluated,not_evaluated
I just love how you dance like nobody’s looking!,1.2045454545454546,0.0412877328857137,132,109,19,4,not_evaluated,not_evaluated
And they say white people can’t dance.,1.2045454545454546,0.0383843202992339,132,107,23,2,not_evaluated,not_evaluated
You just seem a bit overblown.,1.2043795620437956,0.0416216552615297,137,114,18,5,not_evaluated,not_evaluated
So you will available for my daughter's birthday?,1.2043795620437956,0.0416216552615297,137,114,18,5,not_evaluated,not_evaluated
"Ooooh,you simply MUST tell me who does your roots!",1.2043795620437956,0.0403115365590776,137,113,20,4,not_evaluated,not_evaluated
You are such a graceful dancer. Why have not you come to more of these events?,1.204225352112676,0.040645491482586,142,118,19,5,not_evaluated,not_evaluated
Hello. I'm down here.,1.203883495145631,0.042210082811931,103,83,19,1,not_evaluated,not_evaluated
You seem to have an extremely flexible lifestyle.,1.203883495145631,0.042210082811931,103,83,19,1,not_evaluated,not_evaluated
"Everyone else here seems full of hot air.""",1.203883495145631,0.0444078652953465,103,84,17,2,not_evaluated,not_evaluated
"I’ll admit, I only came in here because I saw you from my car.",1.2037037037037035,0.0469920035825515,108,90,14,4,not_evaluated,not_evaluated
Do you need to go potty?,1.2037037037037035,0.0505409629286874,108,92,10,6,not_evaluated,not_evaluated
The rest are all too stiff for me.,1.2035398230088497,0.0400680758324664,113,91,21,1,not_evaluated,not_evaluated
Gumby Who?,1.2035398230088497,0.0456019093854795,113,94,15,4,not_evaluated,not_evaluated
"Now that you mention it, I do remember you at the Met Gala.",1.2033898305084745,0.0459252616615777,118,99,14,5,not_evaluated,not_evaluated
Chief of Marketing? Are you serious?,1.2033898305084745,0.0443200305397026,118,98,16,4,not_evaluated,not_evaluated
Do you feel better now that you've vented?,1.2033898305084745,0.0426544318376878,118,97,18,3,not_evaluated,not_evaluated
Which way do you swing?,1.2033898305084745,0.0391110144602199,118,95,22,1,not_evaluated,not_evaluated
I’m not surprised--you were born to be district advertising manager.,1.2033898305084745,0.0409210948503549,118,96,20,2,not_evaluated,not_evaluated
I promise I would never leave you flat!,1.2033898305084745,0.0426544318376878,118,97,18,3,not_evaluated,not_evaluated
But do you get any dates?,1.2033898305084745,0.0426544318376878,118,97,18,3,not_evaluated,not_evaluated
"But 3,749,872 followers isn't enough to make you an influencer.",1.2033898305084745,0.0426544318376878,118,97,18,3,not_evaluated,not_evaluated
"When your Tinder profile said your work attracts a lot of attention, I thought it meant you're an artist!",1.2033898305084745,0.0443200305397026,118,98,16,4,not_evaluated,not_evaluated
"Glad we get to chat, we are always too busy to talk at the dealership...",1.2032520325203253,0.0431335416062896,123,102,17,4,not_evaluated,not_evaluated
"I'm so used to meeting airheads with inflated egos at these networking events, but you seem really down-to-earth.",1.2032520325203253,0.0446517909251838,123,103,15,5,not_evaluated,not_evaluated
I always knew you’d become head of marketing.,1.203125,0.0420315998836533,128,106,18,4,not_evaluated,not_evaluated
My brother is actually a giant inflatable gorilla.,1.203125,0.0405416315990925,128,105,20,3,not_evaluated,not_evaluated
"So, what made you decide on a career in advertising?",1.203125,0.044863330024704,128,108,14,6,not_evaluated,not_evaluated
Is that hot air in your pocket or are you just excited to see me?,1.203125,0.0475266385622999,128,110,10,8,not_evaluated,not_evaluated
"So, how are things working out at Bob's Auto World?",1.2030075187969924,0.043694967987333,133,112,15,6,not_evaluated,not_evaluated
"I love the enthusiasm, but the eye contact needs some work.",1.2030075187969924,0.043694967987333,133,112,15,6,not_evaluated,not_evaluated
I used to work that corner too!,1.2030075187969924,0.0410049740191183,133,110,19,4,not_evaluated,not_evaluated
'But is that your passion?',1.2030075187969924,0.0395914981751868,133,109,21,3,not_evaluated,not_evaluated
I’ve just never met anyone quite like you!,1.2028985507246377,0.0387024009240382,138,113,22,3,not_evaluated,not_evaluated
Now I remember! We met at the supermarket opening!,1.2019230769230769,0.048076923076923,104,87,13,4,not_evaluated,not_evaluated
That's a coincidence. I'm actually in the market for a used car.,1.2019230769230769,0.0440224662845252,104,85,17,2,not_evaluated,not_evaluated
I'm honestly having a hard time reading your body language.,1.2019230769230769,0.0535864724039818,104,90,7,7,not_evaluated,not_evaluated
"When we met at the car dealership, I thought you were really into me. But now it seems you’re like that with everyone.",1.2019230769230769,0.0440224662845252,104,85,17,2,not_evaluated,not_evaluated
Remember me? I met you at the auto dealership.,1.201834862385321,0.0465963802166744,109,91,14,4,not_evaluated,not_evaluated
"Surprisingly, it seems that no one is watching.",1.201834862385321,0.0465963802166744,109,91,14,4,not_evaluated,not_evaluated
"I’m sorry ,I’m really looking for someone with a back bone!",1.201834862385321,0.0447362043985559,109,90,16,3,not_evaluated,not_evaluated
I'm confused. Are you Tube B or not Tube B?,1.201834862385321,0.0483850939298912,109,92,12,5,not_evaluated,not_evaluated
I'm trying to tell you it's over and this is your reaction?!?!?,1.201834862385321,0.0465963802166744,109,91,14,4,not_evaluated,not_evaluated
"Well, aren't you a tall boy?",1.2017543859649122,0.0416620700362891,114,93,19,2,not_evaluated,not_evaluated
I am soooo happy that enormous celery has found acceptance in society,1.2017543859649122,0.043485439802693,114,94,17,3,not_evaluated,not_evaluated
So you like guys who are full of hot air,1.2017543859649122,0.0452353718892486,114,95,15,4,not_evaluated,not_evaluated
"I know, it blows my mind too.",1.2017543859649122,0.0416620700362891,114,93,19,2,not_evaluated,not_evaluated
I literally cannot even notice that you got Botox and Lipo!  You look great!!,1.2017543859649122,0.046920083813689,114,96,13,5,not_evaluated,not_evaluated
"Honestly, I just don't know where you get the energy.",1.2016806722689075,0.0423289926254919,119,98,18,3,not_evaluated,not_evaluated
"Hey, aren't you Carl, the guy from marketing?",1.2016806722689075,0.0439792390792087,119,99,16,4,not_evaluated,not_evaluated
Who would have thought I would meet the love of my life at a used car dealership?,1.2016806722689075,0.0423289926254919,119,98,18,3,not_evaluated,not_evaluated
Nice to meet someone who’s not just full of hot air.,1.2016806722689075,0.0439792390792087,119,99,16,4,not_evaluated,not_evaluated
My Dad will love that you're from a Ford Dealership.,1.2016806722689075,0.0500389136890001,119,103,8,8,not_evaluated,not_evaluated
'I love what you've done with yourself.',1.2016129032258065,0.0396348377795514,124,101,21,2,not_evaluated,not_evaluated
Of course you’re invited to the Met Gala!,1.2016129032258065,0.0457759952383053,124,105,13,6,not_evaluated,not_evaluated
It's nice talking to someone who isn't so stiff.,1.2016129032258065,0.0428156636400086,124,103,17,4,not_evaluated,not_evaluated
Your moves blow me away!,1.2016129032258065,0.0428156636400086,124,103,17,4,not_evaluated,not_evaluated
"Sorry, you're too tall for me.",1.2016129032258065,0.0428156636400086,124,103,17,4,not_evaluated,not_evaluated
"Normally,I find making new friends  awkward,but you seem so flexible and easy to talk to.",1.2016129032258065,0.0428156636400086,124,103,17,4,not_evaluated,not_evaluated
They’re just blowing air up your ass.,1.2016129032258065,0.0457759952383053,124,105,13,6,not_evaluated,not_evaluated
"What exactly is a ""Mattress Blowout""?",1.2016129032258065,0.0428156636400086,124,103,17,4,not_evaluated,not_evaluated
"The theme is posh, not car wash.",1.2016129032258065,0.0428156636400086,124,103,17,4,not_evaluated,not_evaluated
Why do you always try to Lord over me?,1.2015503875968991,0.0354577024487054,129,108,19,2,not_evaluated,not_evaluated
I’m more of a ‘go wherever the breeze takes me’ type.,1.2015503875968991,0.0387233356641242,129,105,22,2,not_evaluated,not_evaluated
"Hello, Elaine.",1.2015503875968991,0.0417342160220117,129,107,18,4,not_evaluated,not_evaluated
So how do you unwind?,1.2015503875968991,0.0387233356641242,129,105,22,2,not_evaluated,not_evaluated
I just admire how much you still stand tall in spite of being an invertebrate,1.2015503875968991,0.0431609640529459,129,108,16,5,not_evaluated,not_evaluated
How did you get in here?,1.2014925373134329,0.0433941139356322,134,113,15,6,not_evaluated,not_evaluated
Do I know you from Zumba class?,1.2014388489208634,0.0423231336267321,139,117,16,6,not_evaluated,not_evaluated
I think you could use a little air.,1.2,0.0394469779986572,115,93,21,1,not_evaluated,not_evaluated
So how do you know Bob and Cheryl  ?,1.2,0.0439941345064059,125,105,15,5,not_evaluated,not_evaluated
I love your shoe! Where did you find it?,1.2,0.0467426352442802,120,102,12,6,not_evaluated,not_evaluated
Nice to meet you. Flop around wildly here often?,1.2,0.049236596391733,100,84,12,4,not_evaluated,not_evaluated
Thanks for waving me over.,1.2,0.0414923091863025,105,85,19,1,not_evaluated,not_evaluated
Let me guess…you are in cars or maybe mattresses,1.2,0.0424440955969441,110,90,18,2,not_evaluated,not_evaluated
Where did you learn to move like that?,1.2,0.044225259567136,130,110,14,6,not_evaluated,not_evaluated
Can I get you some more helium?,1.2,0.0425023718503241,125,104,17,4,not_evaluated,not_evaluated
It must be wonderful to just go with the flow.,1.2,0.0428557230647634,130,109,16,5,not_evaluated,not_evaluated
"What did your parents feed you, Miracle-Gro?""",1.2,0.0448746028073419,115,96,15,4,not_evaluated,not_evaluated
"Not only are you the best-dressed, you seem to be having the most fun.",1.2,0.0452196630590152,120,101,14,5,not_evaluated,not_evaluated
you seem to have gotten your second wind,1.2,0.0448746028073419,115,96,15,4,not_evaluated,not_evaluated
"You could be just what I'm looking for. I'm really trying to break my habit of seeing guys that only crave being noticed, you know?",1.2,0.049540008621441,105,89,11,5,not_evaluated,not_evaluated
You have a lightness of spirit that I admire.,1.2,0.0496862550069316,110,94,10,6,not_evaluated,not_evaluated
My sexuality?  I go any way the wind blows.,1.2,0.0414409509425982,130,108,18,4,not_evaluated,not_evaluated
I'll loosen up too after this drink.,1.2,0.0452196630590152,120,101,14,5,not_evaluated,not_evaluated
Surely you are concerned the Fed rate-hike may cause deflation.,1.2,0.0409563103176874,125,103,19,3,not_evaluated,not_evaluated
Sell it girl!,1.2,0.0420084025208403,120,101,15,4,not_evaluated,not_evaluated
Didn’t we meet at the gas station?,1.2,0.0439941345064059,125,105,15,5,not_evaluated,not_evaluated
"I agree, gender norms are so restrictive.",1.2,0.0431413337278761,115,95,17,3,not_evaluated,not_evaluated
"I understand wanting a career change, but maybe you were born to be in advertising.",1.2,0.0476556635780289,105,88,13,4,not_evaluated,not_evaluated
Give me a break! You are full of hot air,1.2,0.0439941345064059,125,105,15,5,not_evaluated,not_evaluated
I got wind of a rumor you lost your legs in a used car accident?,1.2,0.0443656051737758,110,91,16,3,not_evaluated,not_evaluated
"Not only can you dance, but you're much better to talk to than these other airheads!",1.2,0.0452196630590152,120,101,14,5,not_evaluated,not_evaluated
Didn't I see you out on US-12?,1.2,0.0428557230647634,130,109,16,5,not_evaluated,not_evaluated
Why are you getting all bent out of shape?,1.2,0.0431413337278761,115,95,17,3,not_evaluated,not_evaluated
Just admit you thought they were waving at you.,1.2,0.0439941345064059,125,105,15,5,not_evaluated,not_evaluated
"I hear you— But if data-driven, targeted marketing isn’t the way to go, what is?",1.2,0.0465433698652496,115,97,13,5,not_evaluated,not_evaluated
"Get a grip, Jerry. These are the shareholders.",1.2,0.0454369467397651,125,106,13,6,not_evaluated,not_evaluated
So you’re saying you just stood outside and then all these people showed up?,1.2,0.0448746028073419,115,96,15,4,not_evaluated,not_evaluated
Haven't we swayed before?,1.198581560283688,0.0365977866744137,141,115,24,2,not_evaluated,not_evaluated
"I had a friend like you who’d joke that his favorite band was Air Supply and one time I asked what it really was, he didn’t answer, for he had no ears and could not hear, and he had no mouth and so had not been speaking to me, nobody had, I was alone",1.1985294117647058,0.0452779517313028,136,117,11,8,not_evaluated,not_evaluated
Hi! I just wanted to talk with one authentic person in the room,1.1985294117647058,0.0415125948040022,136,114,17,5,not_evaluated,not_evaluated
"Try to keep up, will you?",1.1984732824427482,0.0439129113687415,131,111,14,6,not_evaluated,not_evaluated
"Which reminds me, I’ve been meaning to get my tires checked.",1.1984732824427482,0.0396991731474353,131,108,20,3,not_evaluated,not_evaluated
"Sure you can move, but what are you selling?",1.1984732824427482,0.0439129113687415,131,111,14,6,not_evaluated,not_evaluated
It’s so nice to finally meet someone from the advertising department,1.1984732824427482,0.0366216428413233,131,106,24,1,not_evaluated,not_evaluated
You move like the wind.,1.1984126984126984,0.0436724333085638,126,106,15,5,not_evaluated,not_evaluated
Your sure have the wind under your sails.,1.1984126984126984,0.0406609539622806,126,104,19,3,not_evaluated,not_evaluated
How could you have quit working at the car dealership without talking to me first?,1.1984126984126984,0.0390682614168915,126,103,21,2,not_evaluated,not_evaluated
People say you're full of hot air.,1.1984126984126984,0.0390682614168915,126,103,21,2,not_evaluated,not_evaluated
"Although full of hot air, John's date was the smartest person in the room at the political fundraiser",1.1983471074380163,0.0416925562169568,121,100,18,3,not_evaluated,not_evaluated
"So, you've come inside to take advantage of the windy conditions?",1.1983471074380163,0.0433129344507626,121,101,16,4,not_evaluated,not_evaluated
So….what do you think of Trump’s chances in ‘24?,1.1983471074380163,0.0478459343229069,121,104,10,7,not_evaluated,not_evaluated
What say I take you out back and blow you?,1.1983471074380163,0.0478459343229069,121,104,10,7,not_evaluated,not_evaluated
Full of hot air? You fit well into high society.,1.1983471074380163,0.0433129344507626,121,101,16,4,not_evaluated,not_evaluated
"So, you open convenience stores?",1.1983471074380163,0.0416925562169568,121,100,18,3,not_evaluated,not_evaluated
You are always the life of the party. Do you ever feel deflated?,1.1983471074380163,0.0400066019185852,121,99,20,2,not_evaluated,not_evaluated
You had me at Used Cars.,1.1983471074380163,0.0382464004873686,121,98,22,1,not_evaluated,not_evaluated
Why is this relationship have to be a limited time offer for you?,1.1983471074380163,0.0448748408082749,121,102,14,5,not_evaluated,not_evaluated
I used to date your cousin!,1.1982758620689655,0.0493128609877953,116,100,9,7,not_evaluated,not_evaluated
It's like you just don't care.,1.1982758620689655,0.0428025479250545,116,96,17,3,not_evaluated,not_evaluated
I see you're still the life of the party.,1.1982758620689655,0.0445194692955548,116,97,15,4,not_evaluated,not_evaluated
I understand that you are really turned on by used cars.,1.1982758620689655,0.0428025479250545,116,96,17,3,not_evaluated,not_evaluated
So you're running for the Republican nomination.  What are your objectives?,1.1982758620689655,0.0461725912619068,116,98,13,5,not_evaluated,not_evaluated
So you think the idea has legs?,1.1982758620689655,0.0391434290004603,116,96,18,2,not_evaluated,not_evaluated
I'm so jealous of how free you are while still remaining so grounded!,1.1982758620689655,0.0445194692955548,116,97,15,4,not_evaluated,not_evaluated
"I really have to stop going to parties on Sunday, Sunday, Sunday!",1.1982758620689655,0.0445194692955548,116,97,15,4,not_evaluated,not_evaluated
You look familiar.. did we meet at the used car sales event last weekend?,1.1982758620689655,0.0410138156161473,116,95,19,2,not_evaluated,not_evaluated
It's all an act. I really don't give a crap about car sales. You?,1.1981981981981982,0.0401059608409346,111,90,20,1,not_evaluated,not_evaluated
I don’t normally sign and drive on the first date.,1.1981981981981982,0.0492695536206225,111,95,10,6,not_evaluated,not_evaluated
But what if I don’t want to do the car wash dance?,1.1981981981981982,0.0458245413111257,111,93,14,4,not_evaluated,not_evaluated
"If the oil change place won’t let you move into management, I would take the gig at the cell phone store.",1.1981981981981982,0.0492695536206225,111,95,10,6,not_evaluated,not_evaluated
"When they told me you’re a windbag, I assumed they were being metaphorical",1.1981981981981982,0.0458245413111257,111,93,14,4,not_evaluated,not_evaluated
Could you repeat that please?,1.1981981981981982,0.0420985541173891,111,91,18,2,not_evaluated,not_evaluated
You really know how to attract a crowd!,1.1981981981981982,0.0401059608409346,111,90,20,1,not_evaluated,not_evaluated
"I always hate these things, everyone's so full of hot air",1.1981981981981982,0.0440010047905148,111,92,16,3,not_evaluated,not_evaluated
"If you could change one thing about yourself, what would it be?",1.19811320754717,0.0491066853351966,106,90,11,5,not_evaluated,not_evaluated
"Yes, you look really cool ""in the flow.""  Yes, you're still the only one dancing. No, the sign spinner still isn't looking.",1.19811320754717,0.0472416344477289,106,89,13,4,not_evaluated,not_evaluated
"I understand you may not remember, but I'm certain I've seen 
 you somewhere before.",1.19811320754717,0.0491066853351966,106,90,11,5,not_evaluated,not_evaluated
"Finally, someone to talk to who isn't just blowing hot air.",1.196969696969697,0.0449115535812749,132,113,12,7,not_evaluated,not_evaluated
I thought you were going to wait at the curb.,1.1968503937007875,0.0403697602810491,127,105,19,3,not_evaluated,not_evaluated
"So, you're in auto sales?",1.1968503937007875,0.0387908902733166,127,104,21,2,not_evaluated,not_evaluated
"You of all people should be concerned about inflationary pressure.""",1.1968503937007875,0.0461481858035708,127,109,11,7,not_evaluated,not_evaluated
Love your moves.,1.1967213114754098,0.041381351346989,122,101,18,3,not_evaluated,not_evaluated
"Honestly, I have a hard time standing still at these things too.",1.1967213114754098,0.0474799771149746,122,105,10,7,not_evaluated,not_evaluated
You're even cuter up close than when I saw you at the car wash!,1.1967213114754098,0.0397106187614731,122,100,20,2,not_evaluated,not_evaluated
Where can I score some blow?,1.1967213114754098,0.041381351346989,122,101,18,3,not_evaluated,not_evaluated
"I was really suspicious about where all this AI stuff was heading,but you are just so easy to talk to",1.1967213114754098,0.0429871985152189,122,102,16,4,not_evaluated,not_evaluated
Something about you just grabbed my attention in this crowd.,1.1967213114754098,0.0361381688613476,122,101,20,1,not_evaluated,not_evaluated
Did you come alone?,1.1965811965811963,0.0458076107215507,117,99,13,5,not_evaluated,not_evaluated
It's like you're dancing on air!,1.1965811965811963,0.0424689624003419,117,97,17,3,not_evaluated,not_evaluated
"Wow, you're really selling me on this idea!",1.1965811965811963,0.0406970582601977,117,96,19,2,not_evaluated,not_evaluated
"So refreshing, a free spirit that doesn't drink.",1.1965811965811963,0.047388811088113,117,100,11,6,not_evaluated,not_evaluated
"Relax already, everybody sees you.",1.1965811965811963,0.0441698424684693,117,98,15,4,not_evaluated,not_evaluated
It was your turn to remember where we parked the car,1.1965811965811963,0.0458076107215507,117,99,13,5,not_evaluated,not_evaluated
I'm strangely attracted to your perspective on inflation and recession.,1.1965811965811963,0.0424689624003419,117,97,17,3,not_evaluated,not_evaluated
I’m guessing you’re in sales.,1.1965811965811963,0.0388444118851887,117,95,21,1,not_evaluated,not_evaluated
You bring the hot air at this party to a whole new level.,1.1965811965811963,0.0458076107215507,117,99,13,5,not_evaluated,not_evaluated
Didn't we meet before at a car dealership?,1.1965811965811963,0.0424689624003419,117,97,17,3,not_evaluated,not_evaluated
And to think at a distance I thought you were just an old windbag.,1.1964285714285714,0.0436422615584104,112,93,16,3,not_evaluated,not_evaluated
"Twist again, like we did last summer.",1.1964285714285714,0.0417584941425998,112,92,18,2,not_evaluated,not_evaluated
"So, when did you break up with Mr. Muffler?",1.1964285714285714,0.0436422615584104,112,93,16,3,not_evaluated,not_evaluated
"Oh Kim, how did you ever fit into Marilyn’s cigarette?",1.1964285714285714,0.0436422615584104,112,93,16,3,not_evaluated,not_evaluated
"I'd love to,but I don't know how.",1.1964285714285714,0.0454480159611821,112,94,14,4,not_evaluated,not_evaluated
"Would you sing ""blowin in the wind "" one more time.",1.1964285714285714,0.0454480159611821,112,94,14,4,not_evaluated,not_evaluated
"What's your sign? Chevy, Kia, or Hyundai?",1.1964285714285714,0.0454480159611821,112,94,14,4,not_evaluated,not_evaluated
It’s a new dance called Blowin with the Wind.,1.1964285714285714,0.0436422615584104,112,93,16,3,not_evaluated,not_evaluated
You expect me to believe that it’s yoga that makes you so flexible?,1.196078431372549,0.0462938536577277,102,85,14,3,not_evaluated,not_evaluated
hmmm..i thought i swiped left,1.196078431372549,0.0522066285904176,102,88,8,6,not_evaluated,not_evaluated
I think you have an inflated sense of self.,1.196078431372549,0.0503129705743252,102,87,10,5,not_evaluated,not_evaluated
"I guess inflation has really got to you, huh?",1.1956521739130437,0.0396465603343129,138,115,19,4,not_evaluated,not_evaluated
Didn't anyone tell you this is a black tie event?,1.1954887218045114,0.0419650694731111,133,112,16,5,not_evaluated,not_evaluated
I can’t do that “running man” thing either.,1.1954887218045114,0.0391564135586694,133,110,20,3,not_evaluated,not_evaluated
Hot air does make it look big.,1.1953125,0.045812054197485,128,110,11,7,not_evaluated,not_evaluated
You're the only one who's let me finish my story about my trip to Branson.,1.1953125,0.0415890589170316,128,107,17,4,not_evaluated,not_evaluated
"You promised you wouldn't make a scene!""

Andy Mathieson, Burke, V",1.195121951219512,0.0426662635739663,123,103,16,4,not_evaluated,not_evaluated
Dancing with you is a breeze!!,1.195121951219512,0.0394189041541436,123,101,20,2,not_evaluated,not_evaluated
Is it just me or is everyone here trying to sell me something?,1.195121951219512,0.0442005663842441,123,104,14,5,not_evaluated,not_evaluated
"Wow,you work at Tesla,what do you do there?",1.195121951219512,0.0456833677612845,123,105,12,6,not_evaluated,not_evaluated
"So, you’re the new advertising executive. I heard that you’re killing it",1.195121951219512,0.0394189041541436,123,101,20,2,not_evaluated,not_evaluated
"But if not sales, then what?",1.194915254237288,0.0403850699106649,118,97,19,2,not_evaluated,not_evaluated
I’m sure you can attest to how much hot air there is in this place.,1.194915254237288,0.050001411795614,118,103,7,8,not_evaluated,not_evaluated
Come on baby. I'll find your switch and you'll collapse into my arms.,1.194915254237288,0.0438255972575128,118,99,15,4,not_evaluated,not_evaluated
"Whatever you’re selling, I am buying.",1.194915254237288,0.0403850699106649,118,97,19,2,not_evaluated,not_evaluated
"You have a great personality, but it might be the psilocybin.",1.194915254237288,0.0438255972575128,118,99,15,4,not_evaluated,not_evaluated
"You have the most graceful, mesmerizing air about you.",1.194915254237288,0.0454482950903764,118,100,13,5,not_evaluated,not_evaluated
I KNEW I'd seen you somewhere before.,1.194915254237288,0.0454482950903764,118,100,13,5,not_evaluated,not_evaluated
The trick is to let your body do whatever it wants.,1.194915254237288,0.0421404606445338,118,98,17,3,not_evaluated,not_evaluated
"Can you do the hokey-pokey and turn yourself around? After all, that's what it's all about!",1.194915254237288,0.0454482950903764,118,100,13,5,not_evaluated,not_evaluated
Right? ...can’t succeed without flailing.,1.194915254237288,0.0438255972575128,118,99,15,4,not_evaluated,not_evaluated
I'm getting tired of holding your drink.,1.194915254237288,0.0438255972575128,118,99,15,4,not_evaluated,not_evaluated
"What a coincidence--I have family in Garden City, too!",1.194915254237288,0.0403850699106649,118,97,19,2,not_evaluated,not_evaluated
Maybe don't tell people you 'blow' for a living,1.1946902654867255,0.0450775548151287,113,95,14,4,not_evaluated,not_evaluated
"Thanks again. Without you, I don't think I would've ever found this party.",1.1946902654867255,0.048456594741078,113,97,10,6,not_evaluated,not_evaluated
Like to step outside for some fresh air?,1.1946902654867255,0.0394702737439928,113,92,20,1,not_evaluated,not_evaluated
"You can dance every dance with whoever you want, but remember, when it's time to let the air out, you are coming home with me.",1.1946902654867255,0.0432892380992766,113,94,16,3,not_evaluated,not_evaluated
"Well, I thought you were signaling me.",1.1946902654867255,0.0450775548151287,113,95,14,4,not_evaluated,not_evaluated
I can't match your enthusiasm for this party.,1.1946902654867255,0.0432892380992766,113,94,16,3,not_evaluated,not_evaluated
What I really want to do is direct!,1.1946902654867255,0.0467975828543099,113,96,12,5,not_evaluated,not_evaluated
"I'm sorry, I  thought you would've enjoyed dinner and attending the grand opening of the car dealership",1.1946902654867255,0.0414237893283653,113,93,18,2,not_evaluated,not_evaluated
You're blowing me away!,1.1946902654867255,0.0450775548151287,113,95,14,4,not_evaluated,not_evaluated
"Okay but no one's ever REALLY known what ""business smart casual"" means",1.1946902654867255,0.0450775548151287,113,95,14,4,not_evaluated,not_evaluated
I wouldn’t worry about it too much. Inflation is transitory.,1.1946902654867255,0.048456594741078,113,97,10,6,not_evaluated,not_evaluated
"Seriously, you should try being less of a windbag.",1.1946308724832215,0.0422454416456084,149,128,13,8,not_evaluated,not_evaluated
"I’m sorry, but your premise is full of hot air.",1.1944444444444444,0.0445319750737498,108,90,15,3,not_evaluated,not_evaluated
I’m pretty sure you listen as well as anyone here!,1.1944444444444444,0.0425444066528241,108,89,17,2,not_evaluated,not_evaluated
"You can relax now, the sales over.",1.1944444444444444,0.0445319750737498,108,90,15,3,not_evaluated,not_evaluated
"Of course I like music, I’m just not a big dancing fan.",1.1944444444444444,0.0445319750737498,108,90,15,3,not_evaluated,not_evaluated
My wife thinks I’m full of hot air. Wait until I tell her who I met tonight.,1.1942446043165469,0.0366426749335775,139,116,20,3,not_evaluated,not_evaluated
Don’t try so hard.,1.194174757281553,0.0458817051092486,103,86,14,3,not_evaluated,not_evaluated
I’m your biggest fan!,1.194174757281553,0.04791135849495,103,87,12,4,not_evaluated,not_evaluated
You’re also a fan of Legally Blonde’s patented “Bend and Snap” technique?!,1.194174757281553,0.04791135849495,103,87,12,4,not_evaluated,not_evaluated
"Have I met you before,
Perhaps at the roadside?",1.1940298507462686,0.0388904753950874,134,111,20,3,not_evaluated,not_evaluated
"You’re so free, yet grounded.",1.1940298507462686,0.0416762615612772,134,113,16,5,not_evaluated,not_evaluated
Can I be flexible with you?,1.193798449612403,0.039799520887428,129,107,19,3,not_evaluated,not_evaluated
I have always wanted to get into advertising.,1.1935483870967742,0.0407724705588612,124,103,18,3,not_evaluated,not_evaluated
She walked out on you *during* the power failure?,1.1935483870967742,0.0423500259626214,124,104,16,4,not_evaluated,not_evaluated
I feel deflated in my down time too.,1.1935483870967742,0.0407724705588612,124,103,18,3,not_evaluated,not_evaluated
Do you have to wave to every man in the room?,1.1935483870967742,0.0391313686434772,124,102,20,2,not_evaluated,not_evaluated
It’s the same thing where I work. No opportunity to move ahead.,1.1935483870967742,0.0438708906063714,124,105,14,5,not_evaluated,not_evaluated
Lithium?,1.1935483870967742,0.045340769580563,124,106,12,6,not_evaluated,not_evaluated
I must have the name of your yoga instructor.,1.1932773109243695,0.03825958556033,119,97,21,1,not_evaluated,not_evaluated
Didn't I last see you on Better Call Saul?,1.1932773109243695,0.0418169295123723,119,99,17,3,not_evaluated,not_evaluated
"I love your combination of ""Artificial Intelligence and  ""Artificial Movements""",1.1932773109243695,0.03825958556033,119,97,21,1,not_evaluated,not_evaluated
Can I get you a highball?,1.1932773109243695,0.0466470272764993,119,102,11,6,not_evaluated,not_evaluated
"So, inflation does not seem to worry you?",1.1932773109243695,0.0434866122748136,119,102,12,5,not_evaluated,not_evaluated
How is it that you and I are the only ones in the room with half a brain?,1.1932773109243695,0.0466470272764993,119,102,11,6,not_evaluated,not_evaluated
So what's it like working in advertising?,1.193181818181818,0.0481039521831209,88,73,13,2,not_evaluated,not_evaluated
"I've been flailing through my career, too.",1.1929824561403508,0.0429418011902956,114,95,16,3,not_evaluated,not_evaluated
"Weary of selling cars and tires, Doris gives it her best at the young professional marketers networking shindig.",1.1929824561403508,0.0447130147115116,114,96,14,4,not_evaluated,not_evaluated
Aren’t you the woman who was recently given a Fulbright?”,1.1929824561403508,0.0429418011902956,114,95,16,3,not_evaluated,not_evaluated
Can you hold my drink for a minute?,1.1929824561403508,0.0429418011902956,114,95,16,3,not_evaluated,not_evaluated
I always thought alcohol was a depressant.,1.1926605504587156,0.0401260844561969,109,89,19,1,not_evaluated,not_evaluated
"Sorry, I meant the other high inflation.",1.1926605504587156,0.0460411408384759,109,92,13,4,not_evaluated,not_evaluated
"Its hard to debate you, your position keeps changing.",1.1926605504587156,0.0441575812788796,109,91,15,3,not_evaluated,not_evaluated
The music ended 15 minutes ago. Why are you still dancing?,1.1926605504587156,0.0441575812788796,109,91,15,3,not_evaluated,not_evaluated
Refreshing to meet someone with such a breezy demeanor!,1.1925925925925926,0.0371694702499488,135,111,22,2,not_evaluated,not_evaluated
Just a little squeeze maybe?,1.1925925925925926,0.0413913575182363,135,114,16,5,not_evaluated,not_evaluated
I want to see other inflatable partners.,1.1923076923076923,0.0379815004496235,130,107,21,2,not_evaluated,not_evaluated
Julia Louis Dreyfus' stunt double on Seinfeld? Really? That's amazing.,1.1923076923076923,0.045476735915275,104,87,14,3,not_evaluated,not_evaluated
How long have you been in modern dance?,1.1923076923076923,0.0379815004496235,130,107,21,2,not_evaluated,not_evaluated
An on-line degree in advertising should not limit your career as long as you keep meeting the right people.,1.1923076923076923,0.0424308393687344,130,110,15,5,not_evaluated,not_evaluated
This is the first time tonight I've enjoyed hot air.,1.1923076923076923,0.0474851556477788,104,88,12,4,not_evaluated,not_evaluated
So what was your gender at birth?,1.1923076923076923,0.0451541503993715,130,112,11,7,not_evaluated,not_evaluated
say when i went to the market i saw someone who looked exactly like you,1.192,0.0435460453372763,125,106,14,5,not_evaluated,not_evaluated
"Come on, Karen, do you always have to be the center of attention?",1.192,0.0404746037458935,125,104,18,3,not_evaluated,not_evaluated
If I had your figure I'd wear a tube-top too.,1.192,0.0388479251739726,125,103,20,2,not_evaluated,not_evaluated
Do you know where I can score some blow?,1.192,0.0477844623147491,125,109,8,8,not_evaluated,not_evaluated
So this isn't your first opening?,1.1919191919191918,0.0490620490620491,99,84,11,4,not_evaluated,not_evaluated
Don't you just hate these corporate sales events?,1.1919191919191918,0.0469141939596215,99,83,13,3,not_evaluated,not_evaluated
What are the chances that I bought my first car where you work?,1.1917808219178083,0.039259884672066,146,123,18,5,not_evaluated,not_evaluated
This party is headed down the tubes...let's get you back to the used car  lot.,1.1916666666666669,0.043152769682596,120,101,15,4,not_evaluated,not_evaluated
"You're a good dancer, but you're too tall for me!",1.1916666666666669,0.0447461456852782,120,102,13,5,not_evaluated,not_evaluated
I'm sure they didn't say costume party.,1.1916666666666669,0.0462847013180068,120,103,11,6,not_evaluated,not_evaluated
I'm sorry but no one needs new tires.,1.1916666666666669,0.0397749856877567,120,99,19,2,not_evaluated,not_evaluated
My last relationship blew up in my face.,1.191304347826087,0.0443542568735967,115,97,14,4,not_evaluated,not_evaluated
Why do you always have to be the center of attention?,1.191304347826087,0.0407699583052959,115,95,18,2,not_evaluated,not_evaluated
"But why not ! All I want to do
Is dance with you ?",1.191304347826087,0.0388540113620054,115,96,17,2,not_evaluated,not_evaluated
I'd give you a glass but you can't hold your liquor.,1.191304347826087,0.0460418874950379,115,98,12,5,not_evaluated,not_evaluated
How long have you been a car salesman?,1.191304347826087,0.0460418874950379,115,98,12,5,not_evaluated,not_evaluated
"We're all under such pressure these days, but you always handle that so gracefully",1.191304347826087,0.0407699583052959,115,95,18,2,not_evaluated,not_evaluated
"ok, let’s twist again, like we did last century",1.190909090909091,0.0418413831275622,110,91,17,2,not_evaluated,not_evaluated
"These miserable yuppies all say 'reach for the sky' rhetorically, but you seem genuinely happy!",1.190909090909091,0.0437893481730463,110,92,15,3,not_evaluated,not_evaluated
I'm amazed at your ability to go with the flow.,1.190909090909091,0.039798186775714,110,90,19,1,not_evaluated,not_evaluated
You look familiar. Didn't we meet at that tire store on 3rd Avenue in Brooklyn?,1.190909090909091,0.0437893481730463,110,92,15,3,not_evaluated,not_evaluated
"All eyes are on you, tonight, darling.",1.190909090909091,0.039798186775714,110,92,16,2,not_evaluated,not_evaluated
Perhaps if you stated your personal pronouns it would help break the ice.,1.190909090909091,0.0437893481730463,110,92,15,3,not_evaluated,not_evaluated
Glad we met. Everyone here is so stiff,1.190909090909091,0.039798186775714,110,90,19,1,not_evaluated,not_evaluated
I’ve always wanted to date a dancer.,1.190909090909091,0.0474459519475152,110,94,11,5,not_evaluated,not_evaluated
"I hate getting blown off at parties, you know?",1.1908396946564883,0.0377190277165808,131,108,21,2,not_evaluated,not_evaluated
"Politics, schmolitics. You're right... it's any way the wind blows""",1.1908396946564883,0.0377190277165808,131,108,21,2,not_evaluated,not_evaluated
I wish I looked like that in a tube dress.,1.1908396946564883,0.0407136915063814,131,110,17,4,not_evaluated,not_evaluated
I loved you in 'Nope',1.1904761904761905,0.0470663900505225,105,89,12,4,not_evaluated,not_evaluated
More wine?,1.1904761904761905,0.0401809963994837,126,105,18,3,not_evaluated,not_evaluated
"I used to wiggle my butt at cocktail parties, too. But all it got me was a guy who owned two car dealerships.",1.1904761904761905,0.0508089110165559,105,91,8,6,not_evaluated,not_evaluated
Amazing! You have Donald Trump's dance moves down pat!,1.1904761904761905,0.0429993570427229,105,87,16,2,not_evaluated,not_evaluated
You sure would make one wild and crazy blow-up doll.,1.1904761904761905,0.0450787631733363,105,88,14,3,not_evaluated,not_evaluated
You promise to let me lead this time,1.1904761904761905,0.0432259265444198,126,107,14,5,not_evaluated,not_evaluated
I helped sell Steve his last car and we just kinda hit it off.,1.1904761904761905,0.0489734137623477,105,90,10,5,not_evaluated,not_evaluated
"So how are you enjoying your new-found stardom,and is there a Nope 2 in the works?",1.1904761904761905,0.0470663900505225,105,89,12,4,not_evaluated,not_evaluated
So I hear you're using your body to make sales?,1.1904761904761905,0.0401809963994837,126,105,18,3,not_evaluated,not_evaluated
Inflated?  No way!  You're elated!,1.1904761904761905,0.041731242476584,126,106,16,4,not_evaluated,not_evaluated
Don't you mean ONE left foot?,1.1900826446280992,0.0428239550678731,121,102,15,4,not_evaluated,not_evaluated
Can I get your autograph? My kids squeal with joy whenever they see you.,1.1900826446280992,0.0459279133133558,121,104,11,6,not_evaluated,not_evaluated
I think making yet another request for Dylan’s Blowin’ in the Wind will rub people the wrong way.,1.1900826446280992,0.0428239550678731,121,102,15,4,not_evaluated,not_evaluated
Yes - you are the wind beneath my wings!,1.1900826446280992,0.0444030649222232,121,103,13,5,not_evaluated,not_evaluated
"Let me get this straight, you are paid to dance in front of used sedans?",1.1900826446280992,0.0428239550678731,121,102,15,4,not_evaluated,not_evaluated
I can't get that excited about $200 off a 2010 Corolla.,1.1900826446280992,0.0428239550678731,121,102,15,4,not_evaluated,not_evaluated
I hate mingling. It’s so deflating.,1.1900826446280992,0.0428239550678731,121,102,15,4,not_evaluated,not_evaluated
Any new job prospects now that the auto market is caput?,1.1900826446280992,0.0428239550678731,121,102,15,4,not_evaluated,not_evaluated
"Yah,right,I don't care either""",1.19,0.0486068540704524,100,85,11,4,not_evaluated,not_evaluated
I'm a no strings attached kinda guy.,1.19,0.0486068540704524,100,85,11,4,not_evaluated,not_evaluated
"Glad you're feeling better. Last week you just laid there like a wet sock, moping when the power went out.",1.19,0.0506423386569623,100,86,9,5,not_evaluated,not_evaluated
You're full of hot air-at least it comes naturally.,1.1897810218978102,0.0381135885586436,137,114,20,3,not_evaluated,not_evaluated
"But I like that you're not just another airhead.""",1.1896551724137931,0.0422631740121166,116,97,16,3,not_evaluated,not_evaluated
Why won't you say something?  And why do you keep slapping me?,1.1896551724137931,0.0404505975246002,116,96,18,2,not_evaluated,not_evaluated
I came here just to blow off some steam. What about you?,1.1896551724137931,0.0404505975246002,116,96,18,2,not_evaluated,not_evaluated
No one likes you.,1.1896551724137931,0.0472858434420094,116,100,10,6,not_evaluated,not_evaluated
Tu-be or not tu-be,1.1896551724137931,0.0472858434420094,116,100,10,6,not_evaluated,not_evaluated
"Every time we talk politics, you try to wriggle out of it!",1.1896551724137931,0.0404505975246002,116,96,18,2,not_evaluated,not_evaluated
But I can't bend over backwards for you,1.1896551724137931,0.0440011467470986,116,98,14,4,not_evaluated,not_evaluated
Does your brother work at the used car lot?,1.1896551724137931,0.0440011467470986,116,98,14,4,not_evaluated,not_evaluated
"Well, this takes mansplaining to a whole new level!",1.1896551724137931,0.0472858434420094,116,100,10,6,not_evaluated,not_evaluated
"Why is it always "" Everything Must Go"" with you?",1.1894736842105262,0.050295291171454,95,81,10,4,not_evaluated,not_evaluated
It's OK Honey everyone has a little gas every once in a while.,1.1894736842105262,0.050295291171454,95,81,10,4,not_evaluated,not_evaluated
We can only aspire to feel this kind of joy,1.1894736842105262,0.0480172067938968,95,80,12,3,not_evaluated,not_evaluated
I can’t imagine why people were telling me your nothing but a big windbag! You’re a terrific listener.,1.1893939393939394,0.0389733144726907,132,110,19,3,not_evaluated,not_evaluated
I knew you'd hold up fine with all the windbags here.,1.1893939393939394,0.0374600963691141,132,109,21,2,not_evaluated,not_evaluated
Why do you keep blowing me off?,1.1891891891891893,0.0470480151231615,111,95,11,5,not_evaluated,not_evaluated
‘Nice career change from car dealerships.’,1.1891891891891893,0.043427127460021,111,93,15,3,not_evaluated,not_evaluated
I wish my hips moved like that!,1.1891891891891893,0.0470480151231615,111,95,11,5,not_evaluated,not_evaluated
I know a nice used car lot only a mile from here.,1.1891891891891893,0.0452737845030551,111,94,13,4,not_evaluated,not_evaluated
You’re easy to talk to. Everyone else is so full of hot air!,1.1891891891891893,0.043427127460021,111,93,15,3,not_evaluated,not_evaluated
I thought we agreed we should just blend in...,1.1891891891891893,0.0394754996400119,111,91,19,1,not_evaluated,not_evaluated
I just got wind of you...,1.1891891891891893,0.0414983763011126,111,92,17,2,not_evaluated,not_evaluated
"From the moment you waved at me, I knew you were the one.",1.1891891891891893,0.0373432043085274,111,90,21,0,not_evaluated,not_evaluated
But what can I say ?  I just bought a new Mercedes !,1.1891891891891893,0.043427127460021,111,93,15,3,not_evaluated,not_evaluated
"Disillusioned with the corporate world, Amanda pivoted to a gaseous exchange.",1.1891891891891893,0.0487577264731386,111,96,9,6,not_evaluated,not_evaluated
Care to dance with a partner?,1.188976377952756,0.0398915594581907,127,106,18,3,not_evaluated,not_evaluated
You're very uninhibited.,1.188976377952756,0.0443428646668774,127,109,12,6,not_evaluated,not_evaluated
You really got my attention.,1.1886792452830188,0.0404671897915607,106,87,18,1,not_evaluated,not_evaluated
"Just drop out already! 
No one cares about your inflated ego and constant need for attention.",1.1886792452830188,0.0404671897915607,106,87,18,1,not_evaluated,not_evaluated
What side of the family are YOU from?,1.1886792452830188,0.0446876100083739,106,89,14,3,not_evaluated,not_evaluated
I need to have whatever you are having.,1.1886792452830188,0.04262966067122,106,88,16,2,not_evaluated,not_evaluated
Still stealing all the oxygen in the room I see.,1.1886792452830188,0.04262966067122,106,88,16,2,not_evaluated,not_evaluated
So your into car sales?,1.1886792452830188,0.0446876100083739,106,91,11,4,not_evaluated,not_evaluated
"It looks like somebody got that raise and the new corner office she's been wanting,",1.1886792452830188,0.0466548712095284,106,90,12,4,not_evaluated,not_evaluated
I thought you'd be full of hot air but you're a surprisingly good listener,1.1886792452830188,0.0446876100083739,106,89,14,3,not_evaluated,not_evaluated
"Most guys are just blowhards, but you really seem…….taller.",1.1885245901639343,0.039182762519031,122,101,19,2,not_evaluated,not_evaluated
You have an air about you I don't quite understand.,1.1885245901639343,0.0408750764587257,122,102,17,3,not_evaluated,not_evaluated
"Now I remember. You work at the car dealership, right?",1.1885245901639343,0.0440651548195902,122,104,13,5,not_evaluated,not_evaluated
You dance like Elaine.,1.188118811881188,0.0460582310875762,101,85,13,3,not_evaluated,not_evaluated
Let's start again - you put your left leg in.....,1.188118811881188,0.0460582310875762,101,85,13,3,not_evaluated,not_evaluated
"Sylvia I know you're happy about your divorce being finalized, but really?",1.188118811881188,0.0481599465624368,101,86,11,4,not_evaluated,not_evaluated
Of course I remember you. You sold me my first car.,1.188118811881188,0.0481599465624368,101,86,11,4,not_evaluated,not_evaluated
Are you the new diversity hire?,1.188034188034188,0.0382563212331983,117,96,20,1,not_evaluated,not_evaluated
I love how you always just go with the flow.,1.188034188034188,0.0419317367509757,117,98,16,3,not_evaluated,not_evaluated
At least you don’t have two left feet.,1.1875,0.0430707754613461,112,94,15,3,not_evaluated,not_evaluated
He has more rythm than I do....,1.1875,0.0411608617252668,112,93,17,2,not_evaluated,not_evaluated
Chief Marketing Officer? Are you serious!?,1.1875,0.0475553693907926,96,81,12,3,not_evaluated,not_evaluated
I know you'll be crushed but we don't want a/c.,1.1875,0.0411608617252668,112,93,17,2,not_evaluated,not_evaluated
So...are you single?,1.1875,0.046656639619587,112,96,11,5,not_evaluated,not_evaluated
Haven't I seen you somewhere?,1.1875,0.0430707754613461,112,94,15,3,not_evaluated,not_evaluated
"Call me a cockeyed optimist,  but I know I can get a great deal on a used car from you.",1.1875,0.0430707754613461,112,94,15,3,not_evaluated,not_evaluated
Which vitamin did you say you take?,1.1875,0.0430707754613461,112,94,15,3,not_evaluated,not_evaluated
"I'm not a weatherman, but I know which way the wind blows.",1.1875,0.046656639619587,112,96,11,5,not_evaluated,not_evaluated
"Airhead or not,I agree with you completely. Matters of androgyny are rarely black and white.",1.1875,0.0396062062662299,128,107,18,3,not_evaluated,not_evaluated
It's nice to finally meet someone who is not just a windbag.,1.1875,0.0430707754613461,112,94,15,3,not_evaluated,not_evaluated
"Just go with the flow, am I right?",1.1875,0.044899519593386,112,95,13,4,not_evaluated,not_evaluated
Thank god you’re here. I was beginning to think I was in a room full of airheads.,1.1875,0.0475553693907926,96,81,12,3,not_evaluated,not_evaluated
"Ya know, with AI on the rise, you're the only one here with a future proof job...who's laughing now?",1.1875,0.044899519593386,112,95,13,4,not_evaluated,not_evaluated
First night out without children in a long time...?,1.1875,0.0483499449996293,112,97,9,6,not_evaluated,not_evaluated
I'm sorry. I don't know how to dance the Macarena.,1.1875,0.044899519593386,112,95,13,4,not_evaluated,not_evaluated
"I couldn't help but notice you; is this your first time inside?""",1.1869918699186992,0.0405703596790916,123,103,17,3,not_evaluated,not_evaluated
We need an “influencer” who can bring fresh air into the room,1.1869918699186992,0.0388931107416989,123,102,19,2,not_evaluated,not_evaluated
I don’t think “Wave ‘em like you just don’t care” will work in New York like maybe it did in L.A.,1.1869918699186992,0.043732300730015,123,105,13,5,not_evaluated,not_evaluated
But what do you do when it is really windy?,1.1869918699186992,0.0421809685262876,123,104,15,4,not_evaluated,not_evaluated
It's like your dance moves come out of thin air.,1.1869918699186992,0.0405703596790916,123,103,17,3,not_evaluated,not_evaluated
"You must deal with this a lot, but I'm a big fan.",1.1869158878504673,0.0422661732234986,107,89,16,2,not_evaluated,not_evaluated
The rave is next door.,1.1869158878504673,0.0499176559143097,107,93,8,6,not_evaluated,not_evaluated
"Once upon a time, a stalk of celery fucked a fire hose, right?",1.1869158878504673,0.0481189840782644,107,92,10,5,not_evaluated,not_evaluated
You always throw caution to the wind.,1.1869158878504673,0.0443031053337568,107,90,14,3,not_evaluated,not_evaluated
Hmmm…I see your point.”,1.1869158878504673,0.0422661732234986,107,89,16,2,not_evaluated,not_evaluated
So what do you do when there is no breeze?,1.1869158878504673,0.0481189840782644,107,92,10,5,not_evaluated,not_evaluated
"So, about that car I bought off your lot last week....",1.1868131868131868,0.0491989256860976,91,77,11,3,not_evaluated,not_evaluated
"So, You're transitioning from a balloon?",1.1865671641791045,0.0384410472219569,134,112,19,3,not_evaluated,not_evaluated
Who’s your chiropractor?,1.1864406779661016,0.0480673156329329,118,103,8,7,not_evaluated,not_evaluated
You look so familiar.,1.1864406779661016,0.0398264243177182,118,98,18,2,not_evaluated,not_evaluated
"You don't always have to be ""on"" at parties. It's ok to wind down.",1.1864406779661016,0.0398264243177182,118,98,18,2,not_evaluated,not_evaluated
"""There's no way thats true, you are full of hot air",1.1864406779661016,0.0416053917849496,118,99,16,3,not_evaluated,not_evaluated
"How do you stay so happy, haven't you seen the news?",1.1864406779661016,0.0398264243177182,118,98,18,2,not_evaluated,not_evaluated
I envy your ability to relax among strangers.,1.1864406779661016,0.0416053917849496,118,99,16,3,not_evaluated,not_evaluated
"I'm leading a new wave of marketing, so we have that in common!",1.1862745098039216,0.045641722077372,102,86,13,3,not_evaluated,not_evaluated
Don't you remember? It was at a car dealership!,1.1862745098039216,0.0387395871414935,102,83,19,0,not_evaluated,not_evaluated
"Excuse me, but I couldn't help but notice you",1.1862745098039216,0.0411690742263931,102,84,17,1,not_evaluated,not_evaluated
You remind me of my mother. Full of hot air.,1.1862745098039216,0.0477211049217531,102,87,11,4,not_evaluated,not_evaluated
Somehow you caught my eye.,1.1862745098039216,0.045641722077372,102,86,13,3,not_evaluated,not_evaluated
I can’t respect anyone who changes their position whichever way the wind blows,1.1862745098039216,0.045641722077372,102,86,13,3,not_evaluated,not_evaluated
"Wow, talking with you is a breeze.",1.1862745098039216,0.0434629696802136,102,85,15,2,not_evaluated,not_evaluated
Finally!  Somebody else who doesn't want to talk business!,1.1862745098039216,0.0434629696802136,102,85,15,2,not_evaluated,not_evaluated
I didn't think $39.99 could be so much fun!,1.1858407079646018,0.0479488780493372,113,98,9,6,not_evaluated,not_evaluated
Didn’t we meet at Benny’s Car Wash in Daytona?,1.1858407079646018,0.0445313292009128,113,96,13,4,not_evaluated,not_evaluated
Those rolling blackouts must bring you to your knees.,1.1858407079646018,0.0462716662040081,113,97,11,5,not_evaluated,not_evaluated
Do you feel a draft in here?,1.1858407079646018,0.0427201529433709,113,95,15,3,not_evaluated,not_evaluated
Can you teach me some of those moves?,1.1858407079646018,0.0445313292009128,113,96,13,4,not_evaluated,not_evaluated
"It does not have a good beat, and you can't dance to it.",1.1858407079646018,0.0445313292009128,113,96,13,4,not_evaluated,not_evaluated
You could at least look at me when I'm talking to you.,1.1858407079646018,0.0408287111553859,113,94,17,2,not_evaluated,not_evaluated
Love your free flowing dance moves.,1.1858407079646018,0.0495693727929382,113,99,7,7,not_evaluated,not_evaluated
"Please, you're attracting a bunch of uninvited guests full of hot air!",1.1858407079646018,0.0445313292009128,113,96,13,4,not_evaluated,not_evaluated
You'd be perfect to announce my new macaroni inspired art instillation.,1.1858407079646018,0.0445313292009128,113,96,13,4,not_evaluated,not_evaluated
I wish _I_ could dance like nobody's watching.,1.1855670103092784,0.0493294749826652,97,83,10,4,not_evaluated,not_evaluated
You were a much better dancer at our outdoor party.,1.1855670103092784,0.042297366409248,97,80,16,1,not_evaluated,not_evaluated
I want politicians to show more backbone… no offense.,1.185483870967742,0.0418665838391957,124,105,15,4,not_evaluated,not_evaluated
So the answer IS really Blowing in the Wind,1.185483870967742,0.0418665838391957,124,105,15,4,not_evaluated,not_evaluated
"All that wind, and your hair is still perfect!",1.185483870967742,0.0418665838391957,124,105,15,4,not_evaluated,not_evaluated
You can't wiggle your way out of a bad date.,1.185483870967742,0.0402700943480755,124,104,17,3,not_evaluated,not_evaluated
"You gotta dance like nobody's seeing your mattress sale, right?",1.185483870967742,0.0386076437411221,124,103,19,2,not_evaluated,not_evaluated
"Frankly, I think you're just full of hot air!",1.185483870967742,0.0448895481096369,124,107,11,6,not_evaluated,not_evaluated
I think this mixer for the dealership is going quite well!,1.185483870967742,0.0434043913207627,124,106,13,5,not_evaluated,not_evaluated
You're a very good listener.,1.185483870967742,0.0418665838391957,124,105,15,4,not_evaluated,not_evaluated
How do you go to the bathroom while wearing that?,1.1851851851851851,0.0458528432905113,108,92,12,4,not_evaluated,not_evaluated
"To be perfectly honest, I've been looking for someone spontaneous, yet grounded.",1.1851851851851851,0.0419087425815636,108,90,16,2,not_evaluated,not_evaluated
If I can’t have this dance-could you get me a deal on a ‘69 Chevy Impala,1.1851851851851851,0.0458528432905113,108,92,12,4,not_evaluated,not_evaluated
I thought we agreed you would dance outside.,1.1851851851851851,0.043925083623096,108,91,14,3,not_evaluated,not_evaluated
You are SO ready for Tik Tok!,1.1851851851851851,0.0397903560959129,108,91,15,2,not_evaluated,not_evaluated
"No, nobody is noticing you, despite your inflated ego.",1.1851851851851851,0.0419087425815636,108,90,16,2,not_evaluated,not_evaluated
I’m also in automotive sales!,1.184873949579832,0.0429744172126887,119,101,14,4,not_evaluated,not_evaluated
I've never seen a swing dance like that before.,1.184873949579832,0.0412840245309609,119,100,16,3,not_evaluated,not_evaluated
I'm so happy you came! Nobody I know likes parties.,1.184873949579832,0.0395213970929133,119,99,18,2,not_evaluated,not_evaluated
I just don't understand how record inflation could possibly be a good thing?!,1.184873949579832,0.0446007890969149,119,102,12,5,not_evaluated,not_evaluated
I can see down your shirt from up here,1.184873949579832,0.0395213970929133,119,99,18,2,not_evaluated,not_evaluated
I find you so easy to talk to...,1.184782608695652,0.0487035648134137,92,78,11,3,not_evaluated,not_evaluated
"C'mon baby, let's do the tube-a-luba",1.184782608695652,0.0510972481526525,92,79,9,4,not_evaluated,not_evaluated
So happy to hear inflation can’t keep you down!,1.1846153846153846,0.0419907355324528,130,111,14,5,not_evaluated,not_evaluated
You said you'd stop your attention-seeking behavior.,1.1844660194174756,0.0408075087796715,103,85,17,1,not_evaluated,not_evaluated
"Dancing is cool MJT, but this is a conservative committee hearing. You can't always have your way.",1.1844660194174756,0.0430769100783996,103,86,15,2,not_evaluated,not_evaluated
"Yeah, i took some mushrooms, but I don't think anyone has noticed.",1.1844660194174756,0.0430769100783996,103,86,15,2,not_evaluated,not_evaluated
Let me give you the name of my chiropractor.  She does wonders.,1.1844660194174756,0.0430769100783996,103,86,15,2,not_evaluated,not_evaluated
Don't worry about being tall. You're the perfect androgynous guest!,1.1844660194174756,0.0452325943430408,103,87,13,3,not_evaluated,not_evaluated
I've been going where the wind takes me,1.1842105263157894,0.0405018002012775,114,97,14,3,not_evaluated,not_evaluated
And your match.com site said you were curvy and loved to dance!,1.1842105263157894,0.0458929406872031,114,98,11,5,not_evaluated,not_evaluated
So what exactly do you do at Exxon?,1.1842105263157894,0.0475543625763622,114,99,9,6,not_evaluated,not_evaluated
"What do you mean “ I can’t dance, don’t ask me?”",1.1842105263157894,0.0423751249516645,114,96,15,3,not_evaluated,not_evaluated
"The car dealer gave you the night off, eh?",1.1842105263157894,0.0441690684732445,114,97,13,4,not_evaluated,not_evaluated
Finally – someone at this party who isn't putting on airs.,1.1842105263157894,0.0423751249516645,114,96,15,3,not_evaluated,not_evaluated
You look taller than at the auto dealership.,1.1842105263157894,0.0441690684732445,114,97,13,4,not_evaluated,not_evaluated
My ego is inflated too,1.1842105263157894,0.0441690684732445,114,97,13,4,not_evaluated,not_evaluated
I work for minimum wave,1.184,0.0415568013920162,125,106,15,4,not_evaluated,not_evaluated
"Sorry, I’m not available “Sunday, Sunday, Sunday!”",1.184,0.0399741852183502,125,105,17,3,not_evaluated,not_evaluated
Really? What kind of sales?,1.183673469387755,0.0466575609972682,98,83,12,3,not_evaluated,not_evaluated
I'm glad to see you out and about.,1.183673469387755,0.0466575609972682,98,83,12,3,not_evaluated,not_evaluated
You look like someone who can be swayed.,1.183673469387755,0.041906337548922,98,81,16,1,not_evaluated,not_evaluated
I like that you're not self-conscious about dancing in public.,1.183673469387755,0.0466575609972682,98,83,12,3,not_evaluated,not_evaluated
So you’re saying I should go with the balloon mortgage?,1.18348623853211,0.0454619839367538,109,93,12,4,not_evaluated,not_evaluated
"Can we be more adult about this? Surely this isn't the first time that you have been turned on!""",1.18348623853211,0.0454619839367538,109,93,12,4,not_evaluated,not_evaluated
"Sorry, your date just flew off.",1.18348623853211,0.0435533846923308,109,92,14,3,not_evaluated,not_evaluated
How are you liking your shift from automotive sales to finance?,1.18348623853211,0.0415572214284189,109,91,16,2,not_evaluated,not_evaluated
"I feel right at home at these things, because the people are always filled with hot air.",1.18348623853211,0.0472936216499981,109,94,10,5,not_evaluated,not_evaluated
"Tube Man you are always selling, can't you give it a rest?",1.18348623853211,0.0394602076469845,109,90,18,1,not_evaluated,not_evaluated
"You know, our HR department could really use someone with your level of enthusiasm.",1.18348623853211,0.0435533846923308,109,92,14,3,not_evaluated,not_evaluated
Congrats on winning Car Salesperson of the Year!,1.18348623853211,0.0490569191254473,109,95,8,6,not_evaluated,not_evaluated
Can we try not to make a big point about being full of hot air?,1.18348623853211,0.0454619839367538,109,93,12,4,not_evaluated,not_evaluated
How about we hook up at the used car lot later and just let the magic happen?,1.18348623853211,0.0415572214284189,109,91,16,2,not_evaluated,not_evaluated
What happens when Ron Desantis finds out you're here?,1.18348623853211,0.0435533846923308,109,92,14,3,not_evaluated,not_evaluated
"Most men I meet are nothing but hot air, but you seem genuine.",1.18348623853211,0.0415572214284189,109,91,16,2,not_evaluated,not_evaluated
And here we see yet another unrealistic beauty standard that women will be expected to achieve,1.18348623853211,0.0454619839367538,109,93,12,4,not_evaluated,not_evaluated
"I’ve definitely see you around town…and I must say, you always look so happy, what’s the secret?",1.18348623853211,0.0394602076469845,109,90,18,1,not_evaluated,not_evaluated
I thought you looked fun but you seem to be talking a load of hot air.,1.1833333333333331,0.0409675237458576,120,101,16,3,not_evaluated,not_evaluated
I'm leaving in 15 minutes. Can you help me hail a taxi?,1.1833333333333331,0.0442543788419331,120,103,12,5,not_evaluated,not_evaluated
Cheers to our employee of the month. You have inflated our sales like no other.,1.1833333333333331,0.0442543788419331,120,103,12,5,not_evaluated,not_evaluated
Just turn on a fan and I'll liven up this party!,1.1833333333333331,0.039220938023694,120,100,18,2,not_evaluated,not_evaluated
So... enough about me. What do you do for a living?,1.1827956989247312,0.0430983213285818,93,77,15,1,not_evaluated,not_evaluated
"You know, you are the only person here who really gets me.",1.1827956989247312,0.0482179788329505,93,79,11,3,not_evaluated,not_evaluated
"We're sure a long way from the used-car lot, aren't we?",1.1827956989247312,0.0482179788329505,93,79,11,3,not_evaluated,not_evaluated
"All these people are so full of hot air, don't you think?",1.1826923076923077,0.0426975553362063,104,87,15,2,not_evaluated,not_evaluated
"Is it just me, or is everyone around here filled with hot air?",1.1826923076923077,0.0468667710266092,104,89,11,4,not_evaluated,not_evaluated
Are you always this pumped?,1.1826923076923077,0.0426975553362063,104,87,15,2,not_evaluated,not_evaluated
I´ve been telling you for years: your moves are wasted at the car sale you´re working at. You belong on the big stage.,1.1826923076923077,0.0426975553362063,104,87,15,2,not_evaluated,not_evaluated
You can't call yourself an Amazon woman unless you stand up straight.,1.1826923076923077,0.0468667710266092,104,89,11,4,not_evaluated,not_evaluated
"Blow like no one is watching, dear.",1.1826923076923077,0.0488180368700619,104,90,9,5,not_evaluated,not_evaluated
You’ve ballooned since high school!,1.1826923076923077,0.0468667710266092,104,89,11,4,not_evaluated,not_evaluated
How do you manage to dance all night?,1.1826923076923077,0.0488180368700619,104,90,9,5,not_evaluated,not_evaluated
"When I first saw you wave, I was, like, “Nope.”",1.182608695652174,0.0438125970545452,115,98,13,4,not_evaluated,not_evaluated
Let me see that tootsie ROLL. To the left to the left,1.182608695652174,0.0438125970545452,115,98,13,4,not_evaluated,not_evaluated
"But on some level, don't you see the comfort in being too big to flail?",1.182608695652174,0.0401800081890298,115,99,13,3,not_evaluated,not_evaluated
"If that is the best you can do, you are definitely not winning the twerking contest.",1.182608695652174,0.0455203137287153,115,99,11,5,not_evaluated,not_evaluated
What do you say we leave this party and go buy a used car together?,1.1825396825396826,0.0396825396825396,126,106,17,3,not_evaluated,not_evaluated
Do you want to do the loosey-goosey?,1.1825396825396826,0.042762977090289,126,108,13,5,not_evaluated,not_evaluated
Have you ever considered modeling?,1.181818181818182,0.040655781409087,121,102,16,3,not_evaluated,not_evaluated
"This won't hide your flatulence, Ralph.",1.181818181818182,0.0415223508511923,99,82,16,1,not_evaluated,not_evaluated
Why does everyone assume we’re selling cars?,1.181818181818182,0.043187853491586,110,93,14,3,not_evaluated,not_evaluated
"I'll offer you a drink, but it seem like you're already did enough.",1.181818181818182,0.0423158789205119,121,103,14,4,not_evaluated,not_evaluated
I think the Molly has kicked in.,1.181818181818182,0.0462211179741615,99,84,12,3,not_evaluated,not_evaluated
I knew you were too classy for that car wash gig.,1.181818181818182,0.0379681470021734,143,121,18,4,not_evaluated,not_evaluated
"You're gay, right?",1.181818181818182,0.0483997397727227,99,85,10,4,not_evaluated,not_evaluated
"You look so familar, but what did you do with you hair?",1.181818181818182,0.0412114670670418,110,92,16,2,not_evaluated,not_evaluated
That's so true--you don't need a weather vane to know which way the wind blows.,1.181818181818182,0.043187853491586,110,93,14,3,not_evaluated,not_evaluated
Did you get a blowout?,1.181818181818182,0.0450776703102936,110,94,12,4,not_evaluated,not_evaluated
How do you stand on inflation?,1.181818181818182,0.0412114670670418,110,92,16,2,not_evaluated,not_evaluated
I finally found someone who knows dance moves and truck month deals.,1.181818181818182,0.0462211179741615,99,84,12,3,not_evaluated,not_evaluated
So refreshing to meet someone happy to go with the flow.,1.181818181818182,0.040655781409087,121,102,16,3,not_evaluated,not_evaluated
"Soo, I hear you're from Wyoming?",1.181818181818182,0.0462211179741615,99,84,12,3,not_evaluated,not_evaluated
It’s ok. Ego and hot air are not the same for everyone.,1.181818181818182,0.043187853491586,110,93,14,3,not_evaluated,not_evaluated
"Of course I like music, I'm just not a dancing fan.",1.181818181818182,0.0462211179741615,99,84,12,3,not_evaluated,not_evaluated
At least somebody is dancing at this party.,1.181818181818182,0.0483997397727227,99,85,10,4,not_evaluated,not_evaluated
You really have the wind in your sails this evening!,1.1810344827586208,0.0417013331808545,116,98,15,3,not_evaluated,not_evaluated
Does being told you're full of hot air bother you?,1.1810344827586208,0.0434617789159843,116,99,13,4,not_evaluated,not_evaluated
I’m just sure it’s going to be a “wind-in-your-hair” kind of night!,1.1810344827586208,0.0417013331808545,116,98,15,3,not_evaluated,not_evaluated
"Literally,  no backbone?  Wow, have you ever considered running forVice President,because I have this friend you’d be perfect for.",1.1810344827586208,0.0434617789159843,116,99,13,4,not_evaluated,not_evaluated
I just love how you'll dance to anything.,1.180952380952381,0.0444357221512696,105,89,13,3,not_evaluated,not_evaluated
"It seems to me the slogan, 'Everything must go!' could apply not only to sales at car dealerships but to funerals.",1.180952380952381,0.0444357221512696,105,89,13,3,not_evaluated,not_evaluated
I think it’s time you let your inner inner tube out.,1.180952380952381,0.0464508728255456,105,90,11,4,not_evaluated,not_evaluated
No need to get so bent out of shape!,1.180952380952381,0.0423247353205504,105,88,15,2,not_evaluated,not_evaluated
Stand still so we can talk,1.180952380952381,0.0464508728255456,105,90,11,4,not_evaluated,not_evaluated
Didn't I see you dancing in front of the auto dealership recently?,1.180952380952381,0.0423247353205504,105,90,12,3,not_evaluated,not_evaluated
"Honey,why did you have to bring the inflatable tube man costume?",1.180952380952381,0.0401027809111097,105,87,17,1,not_evaluated,not_evaluated
So who is your air guy?,1.180952380952381,0.0401027809111097,105,87,17,1,not_evaluated,not_evaluated
How long have you been a fan of New Wave?,1.180952380952381,0.0401027809111097,105,87,17,1,not_evaluated,not_evaluated
ill blow you lol,1.180851063829787,0.0500806166783444,94,81,9,4,not_evaluated,not_evaluated
Did you have trouble finding the place?,1.180851063829787,0.0477418848337401,94,80,11,3,not_evaluated,not_evaluated
So when did you first get into New Wave music?,1.180851063829787,0.0452825238703954,94,79,13,2,not_evaluated,not_evaluated
You should try breakdancing instead,1.180851063829787,0.0452825238703954,94,79,13,2,not_evaluated,not_evaluated
Should I get you a tall drink?,1.180851063829787,0.0452825238703954,94,79,13,2,not_evaluated,not_evaluated
We agreed that you would dispense with attention seeking routine tonight.,1.180851063829787,0.0452825238703954,94,79,13,2,not_evaluated,not_evaluated
Can I buy a drink for being the best listener here?,1.180851063829787,0.0452825238703954,94,79,13,2,not_evaluated,not_evaluated
"Susan, you are wearing the hell out of that used car lot dancing thing.",1.1804511278195489,0.0411092860015001,133,114,14,5,not_evaluated,not_evaluated
Didn't you work outside the Hummer dealership before you started your estrogen treatments?,1.180327868852459,0.0451050549938049,122,106,10,6,not_evaluated,not_evaluated
"Yes, But How Do You Move the Relationship Beyond That Initial Attraction?",1.180327868852459,0.0403486926100771,122,103,16,3,not_evaluated,not_evaluated
Wanna blow this scene?,1.18018018018018,0.0446997411953551,111,95,12,4,not_evaluated,not_evaluated
Can I get a prescription for that?,1.18018018018018,0.046495881825511,111,96,10,5,not_evaluated,not_evaluated
"Hey, my boobs are down here.",1.18018018018018,0.0482251717522297,111,97,8,6,not_evaluated,not_evaluated
"In Chicago, we could live off the grid.",1.18018018018018,0.0366451389372597,111,91,20,0,not_evaluated,not_evaluated
Did you inhale?,1.18018018018018,0.0446997411953551,111,95,12,4,not_evaluated,not_evaluated
My mom did say you were a high-flyer.,1.18018018018018,0.0446997411953551,111,95,12,4,not_evaluated,not_evaluated
Join me outside for a breath of fresh air?,1.18018018018018,0.0446997411953551,111,95,12,4,not_evaluated,not_evaluated
It’s great to see you living up to your potential.,1.18018018018018,0.0428283399063232,111,94,14,3,not_evaluated,not_evaluated
Agree to disagree.,1.18,0.0435310176190437,100,84,14,2,not_evaluated,not_evaluated
How do you find the time to party after your exhausting job at the dealership?,1.18,0.050010099990003,100,87,8,5,not_evaluated,not_evaluated
"Stop waffling, and stand up for what you believe, Dick!",1.18,0.0386122919665369,100,84,15,1,not_evaluated,not_evaluated
"So, who's your chiropractor?",1.18,0.045792681696639,100,85,12,3,not_evaluated,not_evaluated
I’ve dreamed of dancing with you.,1.18,0.041145221993924,100,83,16,1,not_evaluated,not_evaluated
"Really Joel, no one is looking at you!",1.18,0.0479477830456205,100,86,10,4,not_evaluated,not_evaluated
Sorry - Have we met before? You look so familiar.,1.18,0.045792681696639,100,85,12,3,not_evaluated,not_evaluated
"We're at a party, Frank, can you please quit with the non-stop selling?",1.18,0.045792681696639,100,85,12,3,not_evaluated,not_evaluated
"I love your light, airy dancing.",1.18,0.0435310176190437,100,84,14,2,not_evaluated,not_evaluated
Great dance move! Is that the Fan Tango?,1.18,0.041145221993924,100,85,13,2,not_evaluated,not_evaluated
"My story? Well… My dad is a vent fan and my mom is a wind sock. One day, my mom found my dad exhausting and left to follow the wind.  Then I flopped around for a bit until I found my passion for dancing while working at a used car lot.",1.18,0.045792681696639,100,85,12,3,not_evaluated,not_evaluated
May I have this air dance?,1.1796875,0.0375058947958714,128,107,19,2,not_evaluated,not_evaluated
"If this doesn't get them to start dancing, nothing will.",1.1794871794871795,0.0447927812607969,117,101,11,5,not_evaluated,not_evaluated
Now I know why we paid extra for the fans.,1.1794871794871795,0.0395513160854907,117,98,17,2,not_evaluated,not_evaluated
Do you mind if I ask what pronoun you use?,1.1794871794871795,0.0447927812607969,117,101,11,5,not_evaluated,not_evaluated
Can we have a conversation without getting overly animated?,1.1794871794871795,0.0395513160854907,117,98,17,2,not_evaluated,not_evaluated
Not every party is a dance party.,1.1794871794871795,0.0395513160854907,117,98,17,2,not_evaluated,not_evaluated
Chić motors would never kick you to the curb.,1.1794871794871795,0.0395513160854907,117,98,17,2,not_evaluated,not_evaluated
"Going into advertising changed you, Phyllis.",1.1794871794871795,0.0447927812607969,117,101,11,5,not_evaluated,not_evaluated
Am I under dressed ?,1.1794871794871795,0.0431164821935865,117,100,13,4,not_evaluated,not_evaluated
"And then he dumped me! He said, “Marion, you’re a great conversationalist, but you dance like a wind sock.” I mean, how would that make YOU feel?",1.1794871794871795,0.0447927812607969,117,101,11,5,not_evaluated,not_evaluated
"Shrug""? That's your answer to everything",1.179245283018868,0.0397593158969909,106,88,17,1,not_evaluated,not_evaluated
Are you OK? You seem to be hyperventilating.,1.179245283018868,0.0419582854739547,106,89,15,2,not_evaluated,not_evaluated
"While I understand your perspective, I can't shake the feeling that you're flailing.",1.179245283018868,0.0479539495543939,106,92,9,5,not_evaluated,not_evaluated
You're different.  So many people I meet are full of hot air.,1.179245283018868,0.0419582854739547,106,89,15,2,not_evaluated,not_evaluated
"Y’know, you’re a really great listener.",1.179245283018868,0.0440476133204858,106,90,13,3,not_evaluated,not_evaluated
You've got a certain air about you that I find irresistible!,1.179245283018868,0.0460422279928784,106,91,11,4,not_evaluated,not_evaluated
"The dancer, my friend, is blowin’ in the wind.",1.179245283018868,0.0460422279928784,106,91,11,4,not_evaluated,not_evaluated
"But, Trudy, the band hasn't even set up yet!",1.179245283018868,0.0419582854739547,106,89,15,2,not_evaluated,not_evaluated
"What a coincidence - I'm in advertising, too!",1.179245283018868,0.0440476133204858,106,90,13,3,not_evaluated,not_evaluated
"That's what I always say, ""If you're full of hot air, flaunt it"".",1.179245283018868,0.0419582854739547,106,91,12,3,not_evaluated,not_evaluated
"If you can’t make up your mind, I am just going to get you the house Chardonnay.",1.179245283018868,0.0460422279928784,106,91,11,4,not_evaluated,not_evaluated
I have the opposite effect and tend to repel others when I’m inflated.,1.179245283018868,0.0460422279928784,106,91,11,4,not_evaluated,not_evaluated
My ex was unflappable; I’m looking for something different.,1.1789473684210523,0.0472750105475054,95,81,11,3,not_evaluated,not_evaluated
Do you come here often?,1.1789473684210523,0.0495872038735825,95,82,9,4,not_evaluated,not_evaluated
"Yeah, this is a much better gig...my hair doesn't fly all over!",1.1789473684210523,0.0422729025594385,95,79,15,1,not_evaluated,not_evaluated
Nice shoe.,1.1789473684210523,0.0472750105475054,95,81,11,3,not_evaluated,not_evaluated
So are you just always working?,1.1789473684210523,0.0422729025594385,95,79,15,1,not_evaluated,not_evaluated
"Oh, I get it: that's your HAPPY dance now that tax season is over!",1.1788617886178865,0.0400461554401195,123,104,16,3,not_evaluated,not_evaluated
"So, tell me: what gets you up each morning?",1.1785714285714286,0.0424746985673321,112,95,14,3,not_evaluated,not_evaluated
"A car salesman? So you're replacing all of us now, huh?",1.1785714285714286,0.0443280405529151,112,96,12,4,not_evaluated,not_evaluated
What have you done since leaving Los Vegas?,1.1785714285714286,0.0405367099985996,112,94,16,2,not_evaluated,not_evaluated
I love your outfit.,1.1785714285714286,0.0461069445977073,112,97,10,5,not_evaluated,not_evaluated
You sure know how to get a guy's attention.,1.1785714285714286,0.0424746985673321,112,95,14,3,not_evaluated,not_evaluated
I like to shake it when I can,1.1785714285714286,0.0405367099985996,112,94,16,2,not_evaluated,not_evaluated
Viagra?,1.1785714285714286,0.0424746985673321,112,95,14,3,not_evaluated,not_evaluated
"See, I told they’re all too self-absorbed to notice you.",1.1785714285714286,0.0424746985673321,112,95,14,3,not_evaluated,not_evaluated
i'm here to talk about your car's extended warranty,1.1785714285714286,0.0424746985673321,112,95,14,3,not_evaluated,not_evaluated
"What can I say? Totally tubular, my man!",1.1785714285714286,0.0424746985673321,112,95,14,3,not_evaluated,not_evaluated
I just go wherever the wind takes me!,1.1785714285714286,0.0443280405529151,112,96,12,4,not_evaluated,not_evaluated
I go where the wind takes me.,1.1782178217821782,0.0475041209342382,101,87,10,4,not_evaluated,not_evaluated
And all on a diet of hot air!?,1.1782178217821782,0.0431346948728553,101,85,14,2,not_evaluated,not_evaluated
"Well, you're not full of HOT air...",1.1782178217821782,0.040774772835592,101,84,16,1,not_evaluated,not_evaluated
You're sure now? I could get you a great cabinet position in my puppet government.,1.1782178217821782,0.040774772835592,101,84,16,1,not_evaluated,not_evaluated
"Certainly not ionic, not conic … perhaps slinky comical.",1.1782178217821782,0.0453720365837212,101,86,12,3,not_evaluated,not_evaluated
I think I met you when I stopped for some gas.,1.1782178217821782,0.0453720365837212,101,86,12,3,not_evaluated,not_evaluated
Great job! You certainly caught my attention.,1.1782178217821782,0.040774772835592,101,84,16,1,not_evaluated,not_evaluated
"And so after Harvard I joined a think tank on Mass Ave, but I just couldn't turn down Columbia Law, and that's where I met Barack and Michelle who've been bugging me about joining their production company, but I really want to direct. And you?",1.1782178217821782,0.0515041853609503,101,89,6,6,not_evaluated,not_evaluated
"So, I hear you're in the automotive industry?",1.1782178217821782,0.0453720365837212,101,86,12,3,not_evaluated,not_evaluated
Don't you love the hot air that keeps you going at these political gatherings?,1.1782178217821782,0.0453720365837212,101,86,12,3,not_evaluated,not_evaluated
Your work at the car dealership was truly transformative.,1.1779661016949152,0.0410484002384124,118,100,15,3,not_evaluated,not_evaluated
"I AM CULTURE,BITCH",1.1779661016949152,0.0444375996811407,118,102,11,5,not_evaluated,not_evaluated
So you’re a dancer—like Broadway?,1.1779661016949152,0.0392441920605926,118,99,17,2,not_evaluated,not_evaluated
"Excuse me for saying so, but your ego seems a little inflated.",1.1777777777777778,0.0434980384070691,90,75,14,1,not_evaluated,not_evaluated
I like that you're so flexible.,1.1777777777777778,0.0489025063318591,90,77,10,3,not_evaluated,not_evaluated
You look great. You've come a long way from working at the car dealership.,1.1777777777777778,0.0462792311453009,90,76,12,2,not_evaluated,not_evaluated
"SO GRACEFUL, SUCH FLOWING MOVEMENTS AND YET SUDDENLY I FEEL THE NEED TO BUY SNOW TIRES . . .",1.1777777777777778,0.0462792311453009,90,76,12,2,not_evaluated,not_evaluated
Let's just see which way the wind blows next Saturday night.,1.1775700934579438,0.0394215897356526,107,89,17,1,not_evaluated,not_evaluated
Yoga has really enhanced your flexibility.,1.1775700934579438,0.0415980465952582,107,90,15,2,not_evaluated,not_evaluated
"My therapist tells me I'm a blowhard, myself.",1.1775700934579438,0.0415980465952582,107,90,15,2,not_evaluated,not_evaluated
"Ted, I'm glad you're enjoying the party rather than obsessing over your obvious inadequacies.",1.1775700934579438,0.0415980465952582,107,90,15,2,not_evaluated,not_evaluated
What can I get you? A drink maybe or a chiropractor?,1.1775700934579438,0.0436661565035947,107,91,13,3,not_evaluated,not_evaluated
"You're right, it is ridiculous that you need an MBA to move up in marketing.",1.1775700934579438,0.0436661565035947,107,91,13,3,not_evaluated,not_evaluated
"You said business attire. And, by the way, I need to get back to the lot by six.",1.1775700934579438,0.0456406503793667,107,92,11,4,not_evaluated,not_evaluated
"So, you’re the new director of marketing?",1.1775700934579438,0.0415980465952582,107,90,15,2,not_evaluated,not_evaluated
Must you always show off?,1.1774193548387095,0.0397480708885594,124,105,16,3,not_evaluated,not_evaluated
"Honestly to me,you are not just a lot of hot air.",1.1774193548387095,0.0429205058973556,124,107,12,5,not_evaluated,not_evaluated
"I'm really working on my imposter syndrome. But you, you just own the room!",1.1770833333333333,0.0418717540419518,96,80,15,1,not_evaluated,not_evaluated
Yeah I guess we do have the same haircut,1.1770833333333333,0.0444133091782603,96,81,13,2,not_evaluated,not_evaluated
"Well, some folks aren't what they're blown up to be.",1.1770833333333333,0.0491033453380909,96,83,9,4,not_evaluated,not_evaluated
"C’mon, you’re just full of hot air.",1.1770833333333333,0.0444133091782603,96,81,13,2,not_evaluated,not_evaluated
"Can we have just one conversation where you don't try to sell me a car?""",1.1770833333333333,0.0391656168205694,96,79,17,0,not_evaluated,not_evaluated
"I'm sorry, but that's alot of hot air.",1.1770833333333333,0.0491033453380909,96,83,9,4,not_evaluated,not_evaluated
Spines are overrated congressman!,1.1770833333333333,0.0512877838184284,96,84,7,5,not_evaluated,not_evaluated
"No, really, What's shaking?",1.1770833333333333,0.0418717540419518,96,80,15,1,not_evaluated,not_evaluated
Is it true that you started out in a cardboard box?,1.1770833333333333,0.0418717540419518,96,80,15,1,not_evaluated,not_evaluated
I think you're great but everyone keeps remarking on inflated sense of yourself,1.1770833333333333,0.0444133091782603,96,81,13,2,not_evaluated,not_evaluated
"Okay, I'll look at your car.",1.176991150442478,0.0381917621717523,113,94,18,1,not_evaluated,not_evaluated
My last partner could barely move their hips.,1.176991150442478,0.0439624173183061,113,97,12,4,not_evaluated,not_evaluated
"So, did you always know you’d be a dancer?",1.176991150442478,0.0421267886691334,113,96,14,3,not_evaluated,not_evaluated
I really don't think you should have another drink.,1.176991150442478,0.0421267886691334,113,96,14,3,not_evaluated,not_evaluated
Can you Lindy?,1.176991150442478,0.0439624173183061,113,97,12,4,not_evaluated,not_evaluated
I love your energy.,1.176991150442478,0.0381917621717523,113,94,18,1,not_evaluated,not_evaluated
I don’t know how you can feel so at ease without having a drink in your hand.,1.176991150442478,0.0457244130565278,113,98,10,5,not_evaluated,not_evaluated
This was great during Covid but it's hard relating to someone who's always up.,1.176991150442478,0.0381917621717523,113,99,11,3,not_evaluated,not_evaluated
Didn't you use to work at the car lot?,1.176991150442478,0.0457244130565278,113,98,10,5,not_evaluated,not_evaluated
you're always dancing...can't we just talk?,1.176991150442478,0.0421267886691334,113,96,14,3,not_evaluated,not_evaluated
Are you in the tire business . . . or maybe the income tax field ?,1.176991150442478,0.0402074434735505,113,95,16,2,not_evaluated,not_evaluated
I’ve never met someone this excited about inflation before.,1.176991150442478,0.0457244130565278,113,98,10,5,not_evaluated,not_evaluated
He's the perfect candidate.  Absolutely spineless.,1.176991150442478,0.0457244130565278,113,98,10,5,not_evaluated,not_evaluated
"Until now, I'd never considered buying used.",1.176923076923077,0.0400735528508515,130,111,15,4,not_evaluated,not_evaluated
You guys from marketing really go with the flow.,1.1764705882352942,0.042745436441927,102,86,14,2,not_evaluated,not_evaluated
"I love how nothing brings you down.""",1.1764705882352942,0.0370678994951864,119,99,19,1,not_evaluated,not_evaluated
"Well the Fed can't seem to control inflation either.""",1.1764705882352942,0.0440879641872274,119,103,11,5,not_evaluated,not_evaluated
Be happy you're not the only one here that's full of hot air.,1.1764705882352942,0.0370678994951864,119,99,19,1,not_evaluated,not_evaluated
And they don't even pay you a commission??,1.1764705882352942,0.042745436441927,102,86,14,2,not_evaluated,not_evaluated
You sure have the wind back in your sails after the power came back on.,1.1764705882352942,0.0449589746032504,102,87,12,3,not_evaluated,not_evaluated
Didn’t I see you last week at the grand opening of the local car wash?,1.1764705882352942,0.0449589746032504,102,87,12,3,not_evaluated,not_evaluated
I heard you like a move around a lot.,1.1764705882352942,0.0389417388708118,119,100,17,2,not_evaluated,not_evaluated
"New York is fine, but I prefer living in the Windy City.",1.1764705882352942,0.0449589746032504,102,87,12,3,not_evaluated,not_evaluated
I'm a big fan of your work.,1.1764705882352942,0.0404108311699465,102,85,16,1,not_evaluated,not_evaluated
And I thought MY boss was full of hot air!,1.1764705882352942,0.0510266653787058,102,90,6,6,not_evaluated,not_evaluated
I just heard about your new hosting gig at Fox.,1.1764705882352942,0.0490875087869156,102,89,8,5,not_evaluated,not_evaluated
This old thing? I got it at a huge blow out sale.,1.1764705882352942,0.0470685293815371,102,88,10,4,not_evaluated,not_evaluated
What keeps you up at night?,1.1764705882352942,0.0389417388708118,119,100,17,2,not_evaluated,not_evaluated
Air! I’m used to people blowing smoke up my ass at these things.,1.1764705882352942,0.0424419454417089,119,102,13,4,not_evaluated,not_evaluated
"Per usual, the only thing having fun in here is the Jeff Koons.",1.1764705882352942,0.0440879641872274,119,103,11,5,not_evaluated,not_evaluated
I couldn’t help but notice you. Can I get you a stiff drink?,1.176056338028169,0.035051079034876,142,119,21,2,not_evaluated,not_evaluated
How can you have fun without drinking?,1.176,0.039454342743104,125,106,16,3,not_evaluated,not_evaluated
I loved you in The Masked Singer!,1.176,0.0410570020746137,125,107,14,4,not_evaluated,not_evaluated
How about after this we go buy a car?,1.1759259259259258,0.0432911842775757,108,92,13,3,not_evaluated,not_evaluated
Do you happen to know where I can get a used car?,1.1759259259259258,0.0412438646301096,108,91,15,2,not_evaluated,not_evaluated
You couldn't wait until I put music on?,1.1759259259259258,0.0412438646301096,108,91,15,2,not_evaluated,not_evaluated
I loved your work on Better Caul Saul!,1.1759259259259258,0.0412438646301096,108,91,15,2,not_evaluated,not_evaluated
Was that you at the grand opening yesterday?,1.1759259259259258,0.0452459600703005,108,93,11,4,not_evaluated,not_evaluated
Your pronouns?,1.1759259259259258,0.0452459600703005,108,93,11,4,not_evaluated,not_evaluated
"Another day, another inflated ego",1.1759259259259258,0.0432911842775757,108,92,13,3,not_evaluated,not_evaluated
"What a coincidence! I'm full of hot air, too.",1.1759259259259258,0.0452459600703005,108,93,11,4,not_evaluated,not_evaluated
Where have I seen you before?,1.1759259259259258,0.0390894628141472,108,90,17,1,not_evaluated,not_evaluated
Waving your arms in the air like you don't care is so retro.,1.1759259259259258,0.0432911842775757,108,92,13,3,not_evaluated,not_evaluated
"That's crazy, I also work in sales.",1.1759259259259258,0.0471197110476225,108,94,9,5,not_evaluated,not_evaluated
Aren’t you the car wash owner?,1.1759259259259258,0.0452459600703005,108,93,11,4,not_evaluated,not_evaluated
I noticed you immediately.,1.1759259259259258,0.0390894628141472,108,90,17,1,not_evaluated,not_evaluated
Good year at the dealership?,1.1759259259259258,0.0432911842775757,108,94,10,4,not_evaluated,not_evaluated
You said I’d recognize you because you’re a ginger.,1.1759259259259258,0.0432911842775757,108,92,13,3,not_evaluated,not_evaluated
my dog loves you!,1.1759259259259258,0.0452459600703005,108,93,11,4,not_evaluated,not_evaluated
"My dad wanted me to go to medicine school, but i had to follow my inner flow",1.1759259259259258,0.0432911842775757,108,94,10,4,not_evaluated,not_evaluated
Why don’t you unplug and let me blow you?,1.175824175824176,0.0576152168235362,91,82,2,7,not_evaluated,not_evaluated
the answer my friend,1.175824175824176,0.0508616995097722,91,79,8,4,not_evaluated,not_evaluated
Oh I don't really have a life path I just go whichever way the wind takes me.,1.1755725190839694,0.0397893986573303,131,112,15,4,not_evaluated,not_evaluated
"These dos are always full of hot air, so what are you doing after the show?",1.1754385964912282,0.0436027252080136,114,98,12,4,not_evaluated,not_evaluated
I’m not sure about putting down roots yet,1.1754385964912282,0.0436027252080136,114,98,12,4,not_evaluated,not_evaluated
"I bought a car last week, and your brother was also trying to get my attention.",1.1754385964912282,0.0398834157929782,114,96,16,2,not_evaluated,not_evaluated
People say that you love blow jobs...,1.1754385964912282,0.0417844737963824,114,97,14,3,not_evaluated,not_evaluated
What's shaking?,1.175257731958763,0.0463678823660262,97,83,11,3,not_evaluated,not_evaluated
You really take 'dance like no ones looking' to the next level.,1.175257731958763,0.0463678823660262,97,83,11,3,not_evaluated,not_evaluated
You’re no sad sack. Let’s boogie!,1.175257731958763,0.0414780333490491,97,81,15,1,not_evaluated,not_evaluated
OMG! Do I know you from Tiktok?,1.175257731958763,0.043990952283478,97,82,13,2,not_evaluated,not_evaluated
I agree – finding the right chiropractor can make a huge difference.,1.175257731958763,0.0463678823660262,97,83,11,3,not_evaluated,not_evaluated
"Same, girl.",1.175257731958763,0.0486287687219412,97,84,9,4,not_evaluated,not_evaluated
Do you have to be the center of attention everywhere we go?,1.175257731958763,0.043990952283478,97,82,13,2,not_evaluated,not_evaluated
Is there any wiggle room?,1.175257731958763,0.0507891108379981,97,85,7,5,not_evaluated,not_evaluated
And the award for best publicity for a motion picture goes to...,1.175,0.0404153852059402,120,102,15,3,not_evaluated,not_evaluated
"So, Alice tells me you're in the automotive industry?",1.175,0.0421124611457642,120,103,13,4,not_evaluated,not_evaluated
"You look great, but you might have trouble in the limbo contest",1.175,0.0421124611457642,120,103,13,4,not_evaluated,not_evaluated
"There is no music playing. Seriously, stop!",1.175,0.0421124611457642,120,103,13,4,not_evaluated,not_evaluated
"Put a caption on a lawn ornament and voila darling, we end up toasting in MOMA!",1.175,0.0404153852059402,120,102,15,3,not_evaluated,not_evaluated
"Man can you ever cut a rug, I guess they don't let you drink at the car dealership. """,1.174757281553398,0.0445532949510955,103,88,12,3,not_evaluated,not_evaluated
"No one else is wearing a costume, yet you came as a soda straw.",1.174757281553398,0.0423630579856997,103,87,14,2,not_evaluated,not_evaluated
My ex used to suck all the air out of the room as well.,1.174757281553398,0.0486387798901087,103,90,8,5,not_evaluated,not_evaluated
…I just couldn’t look away,1.174757281553398,0.0400532304914372,103,86,16,1,not_evaluated,not_evaluated
I believe we met before at an IKEA grand opening.,1.174757281553398,0.0445532949510955,103,88,12,3,not_evaluated,not_evaluated
What do you say we blow this pop stand?,1.174757281553398,0.0423630579856997,103,87,14,2,not_evaluated,not_evaluated
This so beats talking to the wall.,1.174757281553398,0.0423630579856997,103,87,14,2,not_evaluated,not_evaluated
"Don’t worry, I’m not the greatest dancer either.",1.174757281553398,0.0400532304914372,103,86,16,1,not_evaluated,not_evaluated
I insist you tell me the name of your yoga instructor.,1.174757281553398,0.0486387798901087,103,90,8,5,not_evaluated,not_evaluated
I like your free spiritedness.,1.174757281553398,0.0486387798901087,103,90,8,5,not_evaluated,not_evaluated
"Let's blow this pop stand.""",1.174757281553398,0.0423630579856997,103,87,14,2,not_evaluated,not_evaluated
I thought I asked you not to follow me here.,1.174757281553398,0.0445532949510955,103,88,12,3,not_evaluated,not_evaluated
Can I cut in?,1.174757281553398,0.0400532304914372,103,86,16,1,not_evaluated,not_evaluated
You said you work in marketing?,1.1743119266055049,0.0467133098364509,109,95,9,5,not_evaluated,not_evaluated
I know exactly what you mean.,1.1743119266055049,0.0448579831308626,109,94,11,4,not_evaluated,not_evaluated
Don't leave me twisting in the wind here.,1.1743119266055049,0.0408955904707798,109,92,15,2,not_evaluated,not_evaluated
"You know, it's not always about you!",1.1743119266055049,0.0429225347021963,109,93,13,3,not_evaluated,not_evaluated
"But, you look so familiar.  Are you sure we haven’t met before?",1.1743119266055049,0.0408955904707798,109,92,15,2,not_evaluated,not_evaluated
"I know,I thought there would be dancing too.",1.1743119266055049,0.0387627998814098,109,91,17,1,not_evaluated,not_evaluated
"You tube? Nice, I have a youtube channel too.",1.1743119266055049,0.0429225347021963,109,93,13,3,not_evaluated,not_evaluated
Know any good fart jokes?,1.1743119266055049,0.0448579831308626,109,94,11,4,not_evaluated,not_evaluated
I'm having a bad hair day,1.1743119266055049,0.0429225347021963,109,93,13,3,not_evaluated,not_evaluated
"Such a self-promoter, that guy!",1.1743119266055049,0.0387627998814098,109,91,17,1,not_evaluated,not_evaluated
But I’ve tried waving my hands like I just don’t care,1.1743119266055049,0.0429225347021963,109,93,13,3,not_evaluated,not_evaluated
Why are you dancing over here alone? It's like no one is paying attention to you!,1.1742424242424243,0.0395092087480598,132,113,15,4,not_evaluated,not_evaluated
"I promise, I won’t talk about inflation…",1.173913043478261,0.0414476217578862,115,98,14,3,not_evaluated,not_evaluated
What happened to the cars?,1.173913043478261,0.0479107100016816,92,79,10,3,not_evaluated,not_evaluated
"I’m impressed, sales can be a tough job.",1.173913043478261,0.0414476217578862,115,98,14,3,not_evaluated,not_evaluated
"Your favorite song? “Windy,” of course.",1.173913043478261,0.0414476217578862,115,98,14,3,not_evaluated,not_evaluated
Don't you work in front of that car dealership by the highway?,1.173913043478261,0.0453491410020727,92,80,9,3,not_evaluated,not_evaluated
"No offense, but this party blows.",1.173913043478261,0.0414476217578862,115,98,14,3,not_evaluated,not_evaluated
You just change your attitude depending on which way the wind is blowing,1.173913043478261,0.0414476217578862,115,98,14,3,not_evaluated,not_evaluated
Congratulations on winning car salesman of the year!,1.173913043478261,0.044977949619544,115,100,10,5,not_evaluated,not_evaluated
I get it. Inflation is Crazzzy these days.,1.173913043478261,0.0453491410020727,92,78,12,2,not_evaluated,not_evaluated
But no one else is dancing.,1.173913043478261,0.0453491410020727,92,78,12,2,not_evaluated,not_evaluated
"Yes, you do have the moves but I'm afraid they're right, you're full of hot air.",1.173913043478261,0.0414476217578862,115,98,14,3,not_evaluated,not_evaluated
I guess I should wave my hands like I don’t care. Great advice,1.173913043478261,0.0432488225352034,115,99,12,4,not_evaluated,not_evaluated
Is this a statement on inflation?,1.1735537190082646,0.0417880094550661,121,104,13,4,not_evaluated,not_evaluated
I also moved around a lot when I was young.,1.1735537190082646,0.0401060679621518,121,103,15,3,not_evaluated,not_evaluated
So use sway/swoon/swing?,1.1735537190082646,0.0401060679621518,121,103,15,3,not_evaluated,not_evaluated
Could I have this dance and maybe one dip in the ranch?,1.173469387755102,0.0435764626949689,98,83,13,2,not_evaluated,not_evaluated
"I would dance with you, but I just think you're too full of yourself.",1.173469387755102,0.0435764626949689,98,83,13,2,not_evaluated,not_evaluated
I think your self esteem is quite inflated.,1.173469387755102,0.0410915400694743,98,82,15,1,not_evaluated,not_evaluated
Get your story straight!,1.173469387755102,0.0481632118162361,98,85,9,4,not_evaluated,not_evaluated
I think you’ve captured the essence of flexibility.,1.173469387755102,0.0459271329034463,98,84,11,3,not_evaluated,not_evaluated
"Why do you have to make a scene, Tom?! We agreed we’d communicate through our attorneys.",1.1732283464566928,0.0372375844263602,127,107,18,2,not_evaluated,not_evaluated
Can we please not talk about work?,1.1730769230769231,0.041987381395756,104,88,14,2,not_evaluated,not_evaluated
How many times can a man turn his head and pretend he just doesn't see,1.1730769230769231,0.0481981295138204,104,91,8,5,not_evaluated,not_evaluated
"Dress for the job you want,"" I like it",1.1730769230769231,0.0441548037461247,104,89,12,3,not_evaluated,not_evaluated
"Tube, or not tube? That is the question.",1.1730769230769231,0.0481981295138204,104,91,8,5,not_evaluated,not_evaluated
"Great dancing, now please go back to the car so I can find it.... I'm on my third martini.",1.1730769230769231,0.0441548037461247,104,89,12,3,not_evaluated,not_evaluated
"Honestly, I’m not just blowing wind up your skirt.",1.1730769230769231,0.041987381395756,104,88,14,2,not_evaluated,not_evaluated
You remind me of my old girlfriend…without the clothes and shoes obsession.,1.1730769230769231,0.041987381395756,104,88,14,2,not_evaluated,not_evaluated
WHAT ARE YOU DOING SON?!?!,1.1730769230769231,0.0481981295138204,104,91,8,5,not_evaluated,not_evaluated
"So how did you manage to sneak away from the sales lot to make it here to this party""",1.1730769230769231,0.041987381395756,104,88,14,2,not_evaluated,not_evaluated
It’s just inspiring how you smile and stand up everytime under all that pressure,1.1730769230769231,0.0462207008952147,104,90,10,4,not_evaluated,not_evaluated
I feel like you’re not really listening to me.,1.1730769230769231,0.041987381395756,104,88,14,2,not_evaluated,not_evaluated
"Okay come on now your killing me here. Which is it, hug or no-hug",1.1730769230769231,0.041987381395756,104,88,14,2,not_evaluated,not_evaluated
You are so light on your feet.,1.1727272727272726,0.0405530797648443,110,93,15,2,not_evaluated,not_evaluated
But won’t you need to recharge for the after-party?,1.1727272727272726,0.0425600511020212,110,94,13,3,not_evaluated,not_evaluated
Are you dying-to-be-included or just weird-to-be-weird?,1.1727272727272726,0.0362069183392922,110,91,19,0,not_evaluated,not_evaluated
Do you ever stop for air?,1.1727272727272726,0.0425600511020212,110,94,13,3,not_evaluated,not_evaluated
So you think wind energy is better than solar?,1.1727272727272726,0.044476551363606,110,95,11,4,not_evaluated,not_evaluated
You seem so flexible.,1.1727272727272726,0.0425600511020212,110,94,13,3,not_evaluated,not_evaluated
Advertising is such a deflating vocation. Glad I caught you in an upbeat moment.,1.1727272727272726,0.0425600511020212,110,94,13,3,not_evaluated,not_evaluated
Nice moves.  Is that the car wash?,1.1727272727272726,0.0405530797648443,110,93,15,2,not_evaluated,not_evaluated
I'm a total introvert though.,1.1727272727272726,0.0425600511020212,110,94,13,3,not_evaluated,not_evaluated
How's the Prozac working out?,1.1724137931034482,0.0429005720335338,116,100,12,4,not_evaluated,not_evaluated
A rather flamboyant stance.,1.1724137931034482,0.0407327188426633,87,72,15,0,not_evaluated,not_evaluated
"No, I can’t even tell you had any work done!",1.1724137931034482,0.0446137211885052,116,101,10,5,not_evaluated,not_evaluated
Your online profile mentions ostentatious but fails to note your lack of feet.,1.1720430107526882,0.0422144614552371,93,78,14,1,not_evaluated,not_evaluated
I also started working in this company with a blow job.,1.1720430107526882,0.0474296208855697,93,80,10,3,not_evaluated,not_evaluated
I heard you work you work in marketing.,1.1717171717171715,0.0431696256901921,99,84,13,2,not_evaluated,not_evaluated
Looks like you're three sheets to the wind already.,1.1717171717171715,0.0431696256901921,99,84,13,2,not_evaluated,not_evaluated
It’s good to see you’re getting time off from the dealership.,1.1717171717171715,0.0431696256901921,99,84,13,2,not_evaluated,not_evaluated
That’s it. Just go with the flow.,1.1717171717171715,0.0454946111700849,99,85,11,3,not_evaluated,not_evaluated
"I mean no offense, but the hype about your dancing is inflated.",1.1717171717171715,0.0454946111700849,99,85,11,3,not_evaluated,not_evaluated
"Of course I still love you, I just thought it  would be a bit more traditional.",1.1717171717171715,0.0431696256901921,99,84,13,2,not_evaluated,not_evaluated
"Sure, I’ll bring my car to your car wash.",1.1717171717171715,0.0477064220918226,99,86,9,4,not_evaluated,not_evaluated
"So you got your start at gas stations, worked up to car washes, and the rest is history?",1.1717171717171715,0.0454946111700849,99,85,11,3,not_evaluated,not_evaluated
You will do anything for more canapes.,1.1717171717171715,0.0431696256901921,99,84,13,2,not_evaluated,not_evaluated
Must you always try to draw attention?,1.1717171717171715,0.0454946111700849,99,85,11,3,not_evaluated,not_evaluated
"Hi, I’m your new choreographer. So let’s get started!",1.1717171717171715,0.0477064220918226,99,86,9,4,not_evaluated,not_evaluated
I bought my Tesla with crypto.,1.1717171717171715,0.0454946111700849,99,85,11,3,not_evaluated,not_evaluated
How many drinks have you had? You seem a bit lightheaded...,1.1714285714285717,0.0416182345416424,105,89,14,2,not_evaluated,not_evaluated
Don’t you remember? I bought tires from you.,1.1714285714285717,0.047765343040888,105,92,8,5,not_evaluated,not_evaluated
"Sorry, but that does make your hips look big.",1.1714285714285717,0.0437633137400876,105,90,12,3,not_evaluated,not_evaluated
So you are not working at the Tire Shop anymore ?,1.1714285714285717,0.0458080540152441,105,91,10,4,not_evaluated,not_evaluated
You're no more full of hot air then anyone else here.,1.1714285714285717,0.0437633137400876,105,90,12,3,not_evaluated,not_evaluated
"No, dancing tube men weren't the start of AI.",1.1714285714285717,0.0393564132412111,105,88,16,1,not_evaluated,not_evaluated
"You seemed so charming at the mall, but all you want to do is dance",1.1714285714285717,0.0437633137400876,105,90,12,3,not_evaluated,not_evaluated
"For the last time, I don’t need a used car.",1.1714285714285717,0.0393564132412111,105,88,16,1,not_evaluated,not_evaluated
"No, I'm done with inflating other people's egos.",1.1714285714285717,0.0437633137400876,105,90,12,3,not_evaluated,not_evaluated
"Settle down, my boss is here.",1.1714285714285717,0.0416182345416424,105,89,14,2,not_evaluated,not_evaluated
You must have been a dance major.,1.1714285714285717,0.0416182345416424,105,89,14,2,not_evaluated,not_evaluated
Never settle!,1.1714285714285717,0.0416182345416424,105,89,14,2,not_evaluated,not_evaluated
I thought you should know. People ARE watching.,1.1714285714285717,0.0458080540152441,105,91,10,4,not_evaluated,not_evaluated
I am glad to meet someone who is proud to admit that they are full of hot air.,1.1714285714285717,0.0416182345416424,105,89,14,2,not_evaluated,not_evaluated
"Seriously, no one’s buying those moves.",1.1714285714285717,0.0416182345416424,105,89,14,2,not_evaluated,not_evaluated
It’s refreshing to meet such a free spirit. Everyone at these things is usually full of hot air.,1.1714285714285717,0.0458080540152441,105,91,10,4,not_evaluated,not_evaluated
"This piece is a testament to our times. I call it ""Inflation.""",1.1714285714285717,0.0437633137400876,105,90,12,3,not_evaluated,not_evaluated
Used car sales?  It sounds like an attractive job!,1.1711711711711712,0.0441015020774012,111,96,11,4,not_evaluated,not_evaluated
"If you don't behave, I'm closing the window.",1.1711711711711712,0.0441015020774012,111,96,11,4,not_evaluated,not_evaluated
Talking with you is so refreshing—everyone else here is just blowing hot air.,1.1711711711711712,0.0422035818584496,111,95,13,3,not_evaluated,not_evaluated
"No one's gonna address the inflatable man in the room, huh?",1.1711711711711712,0.0422035818584496,111,95,13,3,not_evaluated,not_evaluated
"Okay, okay, everyone likes you as my date. But you don't have to go crazy!",1.1711711711711712,0.0422035818584496,111,95,13,3,not_evaluated,not_evaluated
Wouldn't you be happier if you stayed with your own kind?,1.1711711711711712,0.0381253458224648,111,93,17,1,not_evaluated,not_evaluated
So much hot air at these parties!,1.1711711711711712,0.0441015020774012,111,96,11,4,not_evaluated,not_evaluated
Feel like shooting the breeze now that you have a second wind?,1.170940170940171,0.0389415635464339,117,99,16,2,not_evaluated,not_evaluated
"I must say, as pickup lines go, ""I can get you a sweet deal on a used Chevy"" is one I haven't heard before.",1.170940170940171,0.0389415635464339,117,99,16,2,not_evaluated,not_evaluated
Never had to deal with a bad hair day?,1.170731707317073,0.0427423854249858,123,107,11,5,not_evaluated,not_evaluated
Seems you don't need the wind beneath your wings.,1.170731707317073,0.0411537542697289,123,106,13,4,not_evaluated,not_evaluated
I thought your sales numbers seemed a bit inflated this month.,1.1705426356589148,0.0332436372062179,129,107,22,0,not_evaluated,not_evaluated
You sure draw a lot of attention for someone who has nothing to say!,1.1704545454545454,0.0463438347699413,88,75,11,2,not_evaluated,not_evaluated
"You know this isn’t a sad used-car lot, right?",1.1704545454545454,0.0463438347699413,88,75,11,2,not_evaluated,not_evaluated
"I’m gender-neutral, too!",1.1704545454545454,0.0434340649874026,88,74,13,1,not_evaluated,not_evaluated
I can't take my eyes off of you.,1.1704545454545454,0.0434340649874026,88,74,13,1,not_evaluated,not_evaluated
How is it up there?,1.1702127659574468,0.0469580191711663,94,81,10,3,not_evaluated,not_evaluated
Why do I get a sense you want to see my credit rating?,1.1702127659574468,0.0389706782884787,94,81,12,1,not_evaluated,not_evaluated
So you think the next big wave is going to be in Bit coin,1.1702127659574468,0.0444553142500922,94,80,12,2,not_evaluated,not_evaluated
"So, you’re in marketing now, but one day you want to be a dancer?",1.1702127659574468,0.0469580191711663,94,81,10,3,not_evaluated,not_evaluated
You seem inspired by Elaine from Seinfeld,1.1702127659574468,0.0444553142500922,94,80,12,2,not_evaluated,not_evaluated
Your secret is a back up generator?,1.1702127659574468,0.0469580191711663,94,81,10,3,not_evaluated,not_evaluated
I don’t think your kink is whacky at all,1.1702127659574468,0.0493339250808689,94,82,8,4,not_evaluated,not_evaluated
You were right.  Buying that car was a breeze.,1.17,0.0450700913168936,100,86,11,3,not_evaluated,not_evaluated
Didn't we meet at the Hyundai dealer?,1.17,0.0403394686042432,100,84,15,1,not_evaluated,not_evaluated
"Hey Mr President, it’s unusual to see you without your red tie!",1.17,0.047258156262526,100,87,9,4,not_evaluated,not_evaluated
Where DO you get the energy?,1.17,0.0450700913168936,100,86,11,3,not_evaluated,not_evaluated
I just love when people dance to the beat of their own drum,1.17,0.0427702341505506,100,85,13,2,not_evaluated,not_evaluated
I blow you away? I bet you say that to all the guys.,1.17,0.047258156262526,100,87,9,4,not_evaluated,not_evaluated
"So, you prefer ‘it’?",1.17,0.0403394686042432,100,84,15,1,not_evaluated,not_evaluated
Maybe they avoid you because you're always making waves,1.17,0.0427702341505506,100,85,13,2,not_evaluated,not_evaluated
I'm just asking you to tone it down a little. We're trying to get donations not sell cars.,1.17,0.0427702341505506,100,85,13,2,not_evaluated,not_evaluated
"I say ""Dance like EVERYONE'S looking"".",1.17,0.047258156262526,100,87,9,4,not_evaluated,not_evaluated
"How is it going at your work, how much attention are you getting?",1.17,0.0403394686042432,100,84,15,1,not_evaluated,not_evaluated
"Sure, I’d love to dance.",1.17,0.0403394686042432,100,84,15,1,not_evaluated,not_evaluated
"So, the answer to “what is the secret to happiness” is simply blowin’ in the wind?",1.17,0.047258156262526,100,87,9,4,not_evaluated,not_evaluated
Kind of gives new meaning to the term “BJ” doesn’t it?,1.17,0.0513553671720272,100,89,5,6,not_evaluated,not_evaluated
"Itches pretty bad, does it?",1.17,0.047258156262526,100,87,9,4,not_evaluated,not_evaluated
But I wanted to lead!,1.17,0.0450700913168936,100,86,11,3,not_evaluated,not_evaluated
"I don’t care what Billy Idol says, dancing with yourself is creepy.",1.17,0.0427702341505506,100,85,13,2,not_evaluated,not_evaluated
Didn’t I once see you at an Esso station?,1.17,0.047258156262526,100,87,9,4,not_evaluated,not_evaluated
THIS AIR HEAD  APPROACH TO YOUR SOCIAL LIFE COULD LEAD TO A TOTAL  COLLAPSE,1.17,0.0427702341505506,100,85,13,2,not_evaluated,not_evaluated
You caught my attention from across the room.,1.17,0.0427702341505506,100,85,13,2,not_evaluated,not_evaluated
I never knew my father either,1.17,0.0427702341505506,100,85,13,2,not_evaluated,not_evaluated
So this is what the Marketing department spent their annual budget on,1.17,0.0403394686042432,100,84,15,1,not_evaluated,not_evaluated
I’ve been looking to date someone less substantial.,1.17,0.047258156262526,100,87,9,4,not_evaluated,not_evaluated
Any thoughts about the current inflation rate?,1.169811320754717,0.0454026571711878,106,92,10,4,not_evaluated,not_evaluated
You have all the right moves but I just can't see you getting anywhere on your own steam.,1.169811320754717,0.0412554510285621,106,90,14,2,not_evaluated,not_evaluated
It's so rare to meet someone at these things who appreciates everyday low prices as much as I do.,1.169811320754717,0.0412554510285621,106,90,14,2,not_evaluated,not_evaluated
No need to bring inflated egos into this room.,1.169811320754717,0.0390168901919787,106,89,16,1,not_evaluated,not_evaluated
"It’s Toyotathon, Linda. Lighten up.",1.169811320754717,0.0390168901919787,106,89,16,1,not_evaluated,not_evaluated
"Girl, I love your blowout!",1.169811320754717,0.0433786440415932,106,91,12,3,not_evaluated,not_evaluated
"Sorry, I just got off work and didn’t have time to change.",1.169811320754717,0.0473402133235748,106,93,8,5,not_evaluated,not_evaluated
You're really not as hot-headed as you look!,1.1694915254237288,0.0404685808127088,118,101,14,3,not_evaluated,not_evaluated
I can see why those moves were banned in Florida.,1.1694915254237288,0.0404685808127088,118,101,14,3,not_evaluated,not_evaluated
"Yea, I mean.. I’m pretty good at the worm but I’m not really the show off type.",1.1685393258426966,0.042985955898878,89,75,13,1,not_evaluated,not_evaluated
Would you like to wobble?,1.1685393258426966,0.042985955898878,89,75,13,1,not_evaluated,not_evaluated
Let’s bail. Everyone here is full of hot air.,1.1685393258426966,0.0458601681140994,89,76,11,2,not_evaluated,not_evaluated
I hear you’re in sales…,1.1685393258426966,0.0458601681140994,89,76,11,2,not_evaluated,not_evaluated
"I can’t explain it but when the breeze is right I have let it all go, like this.",1.1685393258426966,0.0458601681140994,89,76,11,2,not_evaluated,not_evaluated
You say you’re a fan dancer,1.168421052631579,0.0464956296732457,95,82,10,3,not_evaluated,not_evaluated
Why waste good mushrooms on an office party?,1.168421052631579,0.0510859267330894,95,84,6,5,not_evaluated,not_evaluated
It's really great to talk to someone who is full of hot air and actually knows it!,1.168421052631579,0.0464956296732457,95,82,10,3,not_evaluated,not_evaluated
You look like a stand-up guy to me.,1.168421052631579,0.0413994595042573,95,80,14,1,not_evaluated,not_evaluated
Why yes my favorite song is 'Fly Like The Wind.',1.168421052631579,0.0440213517849932,95,81,12,2,not_evaluated,not_evaluated
But can you move like this????,1.168421052631579,0.0464956296732457,95,82,10,3,not_evaluated,not_evaluated
"You're always so full of life, is it the Adderall?",1.168421052631579,0.0488447309793502,95,83,8,4,not_evaluated,not_evaluated
When we said wear whatever makes you comfortable we didn’t mean…,1.168421052631579,0.0413994595042573,95,80,14,1,not_evaluated,not_evaluated
You look different. Did you do something with your hair?,1.168421052631579,0.0464956296732457,95,82,10,3,not_evaluated,not_evaluated
Baby you're flaunting too much,1.168421052631579,0.0385998844753603,95,79,16,0,not_evaluated,not_evaluated
Where did you learn how to dance like that?,1.1683168316831682,0.0508722082323371,101,90,5,6,not_evaluated,not_evaluated
I've also been called long-winded.,1.1683168316831682,0.0446533555793255,101,87,11,3,not_evaluated,not_evaluated
Does everyone here have to buy a car?,1.1683168316831682,0.0423780882357083,101,86,13,2,not_evaluated,not_evaluated
"We used to work together, I thought that's why you waved me over here.",1.1683168316831682,0.0446533555793255,101,87,11,3,not_evaluated,not_evaluated
Didn't we meet at the car dealer's event?,1.1683168316831682,0.0399735232439334,101,85,15,1,not_evaluated,not_evaluated
I never thought I'd meet anyone so interesting at a Grand Opening,1.1683168316831682,0.0399735232439334,101,85,15,1,not_evaluated,not_evaluated
"What a coincidence. I work at a used car lot, too!",1.1683168316831682,0.0446533555793255,101,87,11,3,not_evaluated,not_evaluated
"I’m post Chat GPT, looking to interact with actual physical objects in the world.",1.1683168316831682,0.0423780882357083,101,86,13,2,not_evaluated,not_evaluated
"Yes, but what are your pronouns?",1.1683168316831682,0.0446533555793255,101,87,11,3,not_evaluated,not_evaluated
Little tip—this isn't the attention you want.,1.1683168316831682,0.0446533555793255,101,87,11,3,not_evaluated,not_evaluated
"So yeah...if my dad hadn't have parachuted into my mom's windsock, I wouldn't be here today.",1.1683168316831682,0.0446533555793255,101,87,11,3,not_evaluated,not_evaluated
Can I get the number for your chiropractor?,1.1682242990654206,0.0430006198534205,107,92,12,3,not_evaluated,not_evaluated
No...I don't think you crave attention,1.1682242990654206,0.0386830947736613,107,90,16,1,not_evaluated,not_evaluated
There’s a 14 foot Buffalo wing inside . I bet you’d get along .,1.1682242990654206,0.0408988699663355,107,91,14,2,not_evaluated,not_evaluated
"Okay, yes, you have moves like Jagger...",1.1682242990654206,0.0408988699663355,107,91,14,2,not_evaluated,not_evaluated
"Some people love your moves, but frankly I find you incredibly creepy.",1.1682242990654206,0.0408988699663355,107,91,14,2,not_evaluated,not_evaluated
Maybe more gravitas; less swagger.,1.1682242990654206,0.0450043225816536,107,93,10,4,not_evaluated,not_evaluated
"Say, I still need a partner for the dance marathon next Friday.",1.1682242990654206,0.0338187867132715,107,91,16,0,not_evaluated,not_evaluated
"I can assure you that you are not the only hot air around here """,1.1682242990654206,0.0408988699663355,107,91,14,2,not_evaluated,not_evaluated
"So tell me, how'd you get into being a windbag?",1.1682242990654206,0.0408988699663355,107,91,14,2,not_evaluated,not_evaluated
Maria! I am telling you Ozempic is sooo worth it! Just look a me! I look like a housewife!,1.1682242990654206,0.0408988699663355,107,91,14,2,not_evaluated,not_evaluated
"I see you all the time when I'm driving down the street, I can't believe I would actually meet you here. Small world isn't it?",1.1682242990654206,0.0469225403648257,107,94,8,5,not_evaluated,not_evaluated
Didn't I see you at the Used Car Lot?,1.1682242990654206,0.0408988699663355,107,91,14,2,not_evaluated,not_evaluated
It's so nice to see  you looking less deflated.,1.1682242990654206,0.0338187867132715,107,90,17,0,not_evaluated,not_evaluated
"Anton and I were never meant to be, darling. He wanted stability and I despise being tied down to one place.",1.1682242990654206,0.0408988699663355,107,91,14,2,not_evaluated,not_evaluated
"Oh come on now Beto, I’d recognize that arm waving anywhere.",1.168141592920354,0.0451550476603943,113,99,9,5,not_evaluated,not_evaluated
No one wants to talk with you because you're too long-winded.,1.168141592920354,0.0451550476603943,113,99,9,5,not_evaluated,not_evaluated
... and that's why I can't bring you another drink.,1.168141592920354,0.0415081040692338,113,97,13,3,not_evaluated,not_evaluated
"When your Uncle said you were ""flexible"", this wasn't what I thought.",1.168141592920354,0.0395587523884067,113,96,15,2,not_evaluated,not_evaluated
You're so uplifting to talk to.,1.168141592920354,0.0395587523884067,113,96,15,2,not_evaluated,not_evaluated
What's your pronoun?,1.1680672268907564,0.043555365854938,119,104,10,5,not_evaluated,not_evaluated
Can you teach me to throw caution to the wind? I can see you’ve found your bliss!,1.1680672268907564,0.0401523372689934,119,102,14,3,not_evaluated,not_evaluated
"Harry, it's time for a  line dance.",1.1666666666666667,0.0453863976719122,90,77,11,2,not_evaluated,not_evaluated
Are you just happy to see me - or everyone?,1.1666666666666667,0.03923794084373,114,97,15,2,not_evaluated,not_evaluated
This is going to blow you away!,1.1666666666666667,0.0435956969817163,96,82,12,2,not_evaluated,not_evaluated
Seriously? Who wouldn't be attracted to you?,1.1666666666666667,0.0426290722224423,108,93,12,3,not_evaluated,not_evaluated
"Unlike you, I'm not really fan-supported.",1.1666666666666667,0.044612868828113,108,94,10,4,not_evaluated,not_evaluated
It’s not a dance party,1.1666666666666667,0.0396140704108561,102,86,15,1,not_evaluated,not_evaluated
May I have this flounce?,1.1666666666666667,0.0419929950739545,102,87,13,2,not_evaluated,not_evaluated
I'm so glad you could get time off of work for once!,1.1666666666666667,0.0405483357490538,108,92,14,2,not_evaluated,not_evaluated
"Seriously, with those moves - the car industry?",1.1666666666666667,0.0405483357490538,108,92,14,2,not_evaluated,not_evaluated
What are you some kind of flapper?,1.1666666666666667,0.0419929950739545,102,87,13,2,not_evaluated,not_evaluated
Let's dance until we're both out of air.,1.1666666666666667,0.0474034130879283,84,72,10,2,not_evaluated,not_evaluated
"You're different from the other people here, there is something special about you.",1.1666666666666667,0.042546882418053,90,76,13,1,not_evaluated,not_evaluated
I'm a Libra so we're both air signs.,1.1666666666666667,0.0415614919091044,120,104,12,4,not_evaluated,not_evaluated
"Yes, you are grown up enough to drink. But are you mature enough?",1.1666666666666667,0.0411688158292297,114,98,13,3,not_evaluated,not_evaluated
So you got your outfit on sale.,1.1666666666666667,0.03923794084373,114,97,15,2,not_evaluated,not_evaluated
"Seriously, sex and a used car?",1.1666666666666667,0.0463862668988459,102,89,9,4,not_evaluated,not_evaluated
"I see why ""Blowin' in the Wind"" is your favorite song.",1.1666666666666667,0.0419929950739545,102,87,13,2,not_evaluated,not_evaluated
Is this all just hot air to you?,1.1666666666666667,0.0419929950739545,102,87,13,2,not_evaluated,not_evaluated
"Hello there tall, flexible, and handsome!",1.1666666666666667,0.0453863976719122,90,77,11,2,not_evaluated,not_evaluated
I think the charity circuit gives you a much better environment for putting on airs.,1.1666666666666667,0.0442441939246956,102,88,11,3,not_evaluated,not_evaluated
Have you done anything since Better Call Saul?,1.1666666666666667,0.0474034130879283,84,72,10,2,not_evaluated,not_evaluated
"Calling you ‘tubular’ isn’t, like, racist or anything, is it?",1.1666666666666667,0.0435956969817163,96,82,12,2,not_evaluated,not_evaluated
"'"" Elaine, folks suggested I ask you to stop dancing...""",1.1666666666666667,0.0396140704108561,102,86,15,1,not_evaluated,not_evaluated
Who does your vinyl?,1.1666666666666667,0.0432135815701442,120,105,10,5,not_evaluated,not_evaluated
Well La de da!,1.1666666666666667,0.0442441939246956,102,88,11,3,not_evaluated,not_evaluated
"Ah yes, the tall, silent type.",1.1666666666666667,0.0419929950739545,102,87,13,2,not_evaluated,not_evaluated
"So, what do you do for a living?",1.1666666666666667,0.03923794084373,114,97,15,2,not_evaluated,not_evaluated
It's nice to finally talk to someone who's not just trying to sell me something,1.1666666666666667,0.0410034943597201,96,81,14,1,not_evaluated,not_evaluated
"Wow, I just love your energy.",1.1666666666666667,0.039503788594998,90,75,15,0,not_evaluated,not_evaluated
I'd like to thank the tube man whose unfailing flailing kept our company from going down the tubes.,1.1666666666666667,0.0442441939246956,102,88,11,3,not_evaluated,not_evaluated
Let’s go outside and get some fresh air,1.1666666666666667,0.0426290722224423,108,93,12,3,not_evaluated,not_evaluated
You caught my eye...what are you selling?,1.1666666666666667,0.0474034130879283,84,72,10,2,not_evaluated,not_evaluated
Those baked beans sure kicked in fast!,1.1666666666666667,0.0442441939246956,102,88,11,3,not_evaluated,not_evaluated
You look familiar.  Did I meet you at the car dealership?,1.1666666666666667,0.039503788594998,90,75,15,0,not_evaluated,not_evaluated
"Bailey,"" is that a family name",1.1666666666666667,0.0460421876210901,96,83,10,3,not_evaluated,not_evaluated
"Your in luck , there's plenty of hot air windbags here tonight !",1.1666666666666667,0.0505814148889069,96,85,6,5,not_evaluated,not_evaluated
How about we go outside and get some fresh air.,1.1666666666666667,0.0419929950739545,102,87,13,2,not_evaluated,not_evaluated
I'm still your biggest fan,1.1666666666666667,0.0410034943597201,96,81,14,1,not_evaluated,not_evaluated
"I know Hydra, and you’re no hydra",1.1666666666666667,0.0453863976719122,90,77,11,2,not_evaluated,not_evaluated
"Aren’t we all, buddy; aren’t we all.",1.1666666666666667,0.0460421876210901,96,83,10,3,not_evaluated,not_evaluated
So how do you know Bill?,1.1666666666666667,0.0360281417639263,108,93,14,1,not_evaluated,not_evaluated
"You move so effortlessly"" Like you are not even thinking.",1.1666666666666667,0.0460421876210901,96,83,10,3,not_evaluated,not_evaluated
"Wha'd'ya mean ""the answer is blowin' in the wind?""",1.1666666666666667,0.0483650833406674,96,84,8,4,not_evaluated,not_evaluated
But you really are so light on your foot.,1.1666666666666667,0.0435956969817163,96,82,12,2,not_evaluated,not_evaluated
How much beta-carotene do you take in a day?,1.1666666666666667,0.0442743925959454,84,71,12,1,not_evaluated,not_evaluated
"Like you, I'm not looking for anything permanent.",1.1666666666666667,0.0483650833406674,96,84,8,4,not_evaluated,not_evaluated
"You can be a real airhead, Deb.",1.1666666666666667,0.0442743925959454,84,71,12,1,not_evaluated,not_evaluated
"Once again Jeffrey, I ask you to use my formal name “Wacky Waving Inflatable Arm Flailing Tube Man”",1.1666666666666667,0.0480584330140953,90,78,9,3,not_evaluated,not_evaluated
And to think your sister thinks you're just a wind bag.,1.1666666666666667,0.0360281417639263,108,92,15,1,not_evaluated,not_evaluated
...but I can't throw caution to the wind like you !,1.1666666666666667,0.0483650833406674,96,84,8,4,not_evaluated,not_evaluated
"As you can see, inflation has hit an all time high this year",1.1666666666666667,0.0463862668988459,102,89,9,4,not_evaluated,not_evaluated
"Marketing, that’s so interesting! So is it just like Mad Men?",1.1666666666666667,0.0463862668988459,102,89,9,4,not_evaluated,not_evaluated
"Here we are again, just shooting the breeze.",1.165289256198347,0.0412395866111558,121,105,12,4,not_evaluated,not_evaluated
You're very dramatic.,1.1652173913043478,0.036910502150087,115,97,17,1,not_evaluated,not_evaluated
You seem so much more free now that you're no longer a naked dancing slave to that auto dealer.,1.165137614678899,0.0422638378014839,109,94,12,3,not_evaluated,not_evaluated
"Born again cigarette, Casper the beanstalk, you make a guess!",1.165137614678899,0.0422638378014839,109,94,12,3,not_evaluated,not_evaluated
I saw you from across the room and was blown away,1.165137614678899,0.0402036978448828,109,93,14,2,not_evaluated,not_evaluated
That’s your position on rising inflation?,1.165137614678899,0.0442281205910635,109,95,10,4,not_evaluated,not_evaluated
And to think everyone said that you’re just full of hot air.,1.165137614678899,0.0402036978448828,109,93,14,2,not_evaluated,not_evaluated
The inflation rate seems to be working for you,1.165137614678899,0.0422638378014839,109,94,12,3,not_evaluated,not_evaluated
"Sorry, I just can't date a used car salesman.",1.1650485436893203,0.0367566883223319,103,86,17,0,not_evaluated,not_evaluated
I guess that's one way to get a man's attention,1.1650485436893203,0.0416147684677468,103,88,13,2,not_evaluated,not_evaluated
"I think you’re full of hot air, just like the rest of them.",1.1650485436893203,0.0416147684677468,103,88,13,2,not_evaluated,not_evaluated
"Wow, yoga huh? You really do look different.",1.1650485436893203,0.0416147684677468,103,88,13,2,not_evaluated,not_evaluated
Do you wanna get outta here?,1.1650485436893203,0.045962199390622,103,90,9,4,not_evaluated,not_evaluated
"With you, I don’t stress about pronouns. And I can tell you that I like the way you shake that thing.",1.1650485436893203,0.0438424037174484,103,89,11,3,not_evaluated,not_evaluated
"Just think, our baby could have my brains and your moves.",1.1650485436893203,0.0438424037174484,103,89,11,3,not_evaluated,not_evaluated
"Cute, but you might look more glamorous with some clothes on.",1.1650485436893203,0.0438424037174484,103,89,11,3,not_evaluated,not_evaluated
"Hi, I’m an introvert",1.1650485436893203,0.0392609417299765,103,89,12,2,not_evaluated,not_evaluated
"Care to Dance?”
“NOPE",1.1650485436893203,0.0392609417299765,103,87,15,1,not_evaluated,not_evaluated
"I don’t care, I love it",1.1650485436893203,0.0416147684677468,103,88,13,2,not_evaluated,not_evaluated
"That’s so harsh! You may be a little theatric at times, but you’re certainly not a blowhard.",1.1650485436893203,0.0438424037174484,103,89,11,3,not_evaluated,not_evaluated
You can lead on the next dance if you like.,1.1650485436893203,0.0479884484217073,103,91,7,5,not_evaluated,not_evaluated
"Could you relax a bit ?
Somebody just tried to buy my car !",1.1649484536082475,0.0406149369538584,97,82,14,1,not_evaluated,not_evaluated
"I'll bet you're not so giddy when you've got gas.""",1.1649484536082475,0.0431781164025053,97,83,12,2,not_evaluated,not_evaluated
"So, it’s just one long continuous fart?",1.1649484536082475,0.0431781164025053,97,83,12,2,not_evaluated,not_evaluated
"Pre-owned"" vs. ""used""...just semantics, right",1.1649484536082475,0.0431781164025053,97,83,12,2,not_evaluated,not_evaluated
I like your moves but I get the impression that you are not listening.,1.1649484536082475,0.0478947074390596,97,85,8,4,not_evaluated,not_evaluated
"I thought I saw you wave me over""",1.1649484536082475,0.0478947074390596,97,85,8,4,not_evaluated,not_evaluated
I’m sorry. I didn’t mean ‘you’re spineless’ as an insult.,1.1649484536082475,0.0406149369538584,97,82,14,1,not_evaluated,not_evaluated
How's Judy?,1.1649484536082475,0.0431781164025053,97,83,12,2,not_evaluated,not_evaluated
"In a land of myth and a time of absurdity, there's a party for two but I'm here standing alone like a fool. Oh! Ye balloon man, spare me the loneliness, dance for me and show me your finesse. ""Phew! I thought no one was gonna ask""",1.164835164835165,0.042116578320307,91,77,13,1,not_evaluated,not_evaluated
"It’s fine if you want to stay, but generally no one is in the mood to buy a car at a cocktail party.",1.164835164835165,0.0449222262762077,91,78,11,2,not_evaluated,not_evaluated
But I told you that no one would care what you wore.,1.164835164835165,0.0449222262762077,91,78,11,2,not_evaluated,not_evaluated
I only have one party trick.,1.164835164835165,0.042116578320307,91,77,13,1,not_evaluated,not_evaluated
I guess you don’t get in much!,1.164835164835165,0.0449222262762077,91,78,11,2,not_evaluated,not_evaluated
So you’re a used car salesperson.,1.164835164835165,0.0475626603315147,91,79,9,3,not_evaluated,not_evaluated
"You may be full of hot air, but you're beautiful.",1.164835164835165,0.0449222262762077,91,78,11,2,not_evaluated,not_evaluated
"I saw your facebook poke you know, I would have wanted to poke you back now",1.164835164835165,0.0449222262762077,91,78,11,2,not_evaluated,not_evaluated
Inflation has been affecting all of us.,1.1647058823529413,0.0468834266331438,85,73,10,2,not_evaluated,not_evaluated
Is your sexual orientation determined by the wind direction?,1.1647058823529413,0.0437943335152785,85,74,9,2,not_evaluated,not_evaluated
How do you stay so fit?,1.1637931034482758,0.0423166572149465,116,101,11,4,not_evaluated,not_evaluated
I'm told you're a mover and shaker in the automotive industry.,1.1637931034482758,0.0423166572149465,116,101,11,4,not_evaluated,not_evaluated
Can you speak up? I can’t hear you over the air compressor.,1.1636363636363636,0.043849908399003,110,96,10,4,not_evaluated,not_evaluated
That's got to be an AI twerk.,1.1636363636363636,0.0419047586224778,110,95,12,3,not_evaluated,not_evaluated
So you're in the auto industry?,1.1636363636363636,0.0398648105955026,110,94,14,2,not_evaluated,not_evaluated
So how did you first get into ecstatic dance?,1.1636363636363636,0.0398648105955026,110,94,14,2,not_evaluated,not_evaluated
I love the way you do the samba!,1.1636363636363636,0.0419047586224778,110,95,12,3,not_evaluated,not_evaluated
Must you always seek attention?,1.1636363636363636,0.0419047586224778,110,95,12,3,not_evaluated,not_evaluated
"For one so tall, you've done androgyny perfectly!",1.1636363636363636,0.043849908399003,110,96,10,4,not_evaluated,not_evaluated
And she was carrying a ludicrously capacious bag!,1.1636363636363636,0.0398648105955026,110,94,14,2,not_evaluated,not_evaluated
It's interesting how the neighborhood muffler shop makes you look thinner.,1.1634615384615383,0.0455457671056995,104,91,9,4,not_evaluated,not_evaluated
Didn't you win the frug contest?,1.1634615384615383,0.0389139744704687,104,88,15,1,not_evaluated,not_evaluated
"No I can't... you see, I have a spine.",1.1634615384615383,0.0412432286136088,104,89,13,2,not_evaluated,not_evaluated
Going where the wind takes you lacks commitment.,1.1634615384615383,0.0412432286136088,104,89,13,2,not_evaluated,not_evaluated
Love your hair.,1.1634615384615383,0.0475512712620044,104,92,7,5,not_evaluated,not_evaluated
Your carefree attitude is just so refreshing.,1.1634615384615383,0.0455457671056995,104,91,9,4,not_evaluated,not_evaluated
"Sure, you've got the moves. But there's that inflated ego...",1.1634615384615383,0.0412432286136088,104,89,13,2,not_evaluated,not_evaluated
"Well, I was looking for a blow job.

(from Jerome Jansma, spouse of subscriber, Fayetteville, Arkansas)",1.1634615384615383,0.0455457671056995,104,91,9,4,not_evaluated,not_evaluated
Give him your number then; all I’m saying is don’t be too surprised if it ends up just being a trash bag with some air behind it.,1.1634615384615383,0.0412432286136088,104,89,13,2,not_evaluated,not_evaluated
My husband used to have a toy quite similar to you.,1.1634615384615383,0.0389139744704687,104,88,15,1,not_evaluated,not_evaluated
"After psychedelic therapy I was like, the answer my friend, IS blowing in the wind",1.1634615384615383,0.0434477894013091,104,90,11,3,not_evaluated,not_evaluated
I said it was a two step.,1.1634615384615383,0.0389139744704687,104,88,15,1,not_evaluated,not_evaluated
"You look so familiar."" ""I know I've seen you somewhere.",1.163265306122449,0.0451611359849898,98,85,10,3,not_evaluated,not_evaluated
"I have the night off from dealership.
Lets do the windy.
Don Bernhardt Nyack, NY",1.163265306122449,0.0427683851428825,98,84,12,2,not_evaluated,not_evaluated
I’ve requested our song- Inflatable You.,1.163265306122449,0.0427683851428825,98,84,12,2,not_evaluated,not_evaluated
What made them notice your new business plan?,1.163265306122449,0.0427683851428825,98,84,12,2,not_evaluated,not_evaluated
Can you believe how quickly these phonies change positions based on which way the wind blows?,1.163265306122449,0.0427683851428825,98,84,12,2,not_evaluated,not_evaluated
Why are you naked?,1.163265306122449,0.0474333388997606,98,86,8,4,not_evaluated,not_evaluated
"So what exactly do you advise Speaker McCarthy about?""",1.163265306122449,0.0427683851428825,98,84,12,2,not_evaluated,not_evaluated
You move very smoothly for someone with no feet.,1.163265306122449,0.0474333388997606,98,86,8,4,not_evaluated,not_evaluated
What's your secret?  You're always so happy.,1.163265306122449,0.0427683851428825,98,84,12,2,not_evaluated,not_evaluated
I love it that you can show your free spirit.,1.163265306122449,0.0375279615257787,98,82,16,0,not_evaluated,not_evaluated
OK. You win.,1.163265306122449,0.0496015632304502,98,87,6,5,not_evaluated,not_evaluated
"Well,what's your secret to dancing like no one is watching?",1.163265306122449,0.0402335846278346,98,83,14,1,not_evaluated,not_evaluated
You're the life of the party!,1.163265306122449,0.0427683851428825,98,84,12,2,not_evaluated,not_evaluated
What’s new with you?,1.163265306122449,0.0402335846278346,98,83,14,1,not_evaluated,not_evaluated
These appetisers make me gassy,1.163265306122449,0.0427683851428825,98,84,12,2,not_evaluated,not_evaluated
Now I understand why 'Whatever blows your dress up!' is a thing.,1.1630434782608696,0.0444673683699362,92,79,11,2,not_evaluated,not_evaluated
Can’t you be still for a moment? We just got here.,1.1630434782608696,0.041694787522042,92,78,13,1,not_evaluated,not_evaluated
My name's Celine. We met at the new car dealership.,1.1630434782608696,0.0387242012605665,92,77,15,0,not_evaluated,not_evaluated
You’re the first  trans-carrot I ever met.,1.1630434782608696,0.0470769412025354,92,80,9,3,not_evaluated,not_evaluated
Your performance really blew me away.,1.1630434782608696,0.041694787522042,92,78,13,1,not_evaluated,not_evaluated
You look so plugged in.,1.1630434782608696,0.0387242012605665,92,77,15,0,not_evaluated,not_evaluated
"You may actually be inflated, but nothing compares to the self inflated egos in the room.",1.1630434782608696,0.0444673683699362,92,79,11,2,not_evaluated,not_evaluated
Well look who just blew in!,1.1630434782608696,0.0470769412025354,92,80,9,3,not_evaluated,not_evaluated
"Do you come here often, or is it just a special event?",1.1630434782608696,0.0470769412025354,92,80,9,3,not_evaluated,not_evaluated
I thought they said semi-formal not business casual.,1.1630434782608696,0.0470769412025354,92,80,9,3,not_evaluated,not_evaluated
I think you’re wasting your talents at that used car lot.,1.1630434782608696,0.041694787522042,92,78,13,1,not_evaluated,not_evaluated
"You look great, I think the last time I saw you was at Honest Jim's used car lot",1.1630434782608696,0.041694787522042,92,78,13,1,not_evaluated,not_evaluated
Finally! Someone who just listens and doesn’t try and solve everything. So refreshing.,1.1630434782608696,0.041694787522042,92,78,13,1,not_evaluated,not_evaluated
My financial guy says a balloon payment is a risky dance.,1.1630434782608696,0.0444673683699362,92,79,11,2,not_evaluated,not_evaluated
I'm sorry we can't dance with you; we've used up all of our hot air.,1.1630434782608696,0.041694787522042,92,78,13,1,not_evaluated,not_evaluated
"Why didn't you turn around when they said ""Do the hokey-pokey?",1.162790697674419,0.0433244531384763,86,73,12,1,not_evaluated,not_evaluated
You had me at renewable energy,1.162790697674419,0.0400426076639686,86,74,11,1,not_evaluated,not_evaluated
You and the oscillator a thing now?,1.162790697674419,0.0463746272326316,86,74,10,2,not_evaluated,not_evaluated
I could never work behind a desk all day either.,1.162790697674419,0.0400426076639686,86,72,14,0,not_evaluated,not_evaluated
No. No. Your arms are much too high. It’s more like this.,1.162790697674419,0.0400426076639686,86,72,14,0,not_evaluated,not_evaluated
"I’m so glad I finally pulled over, you’re much less wacky than my friends warned me you’d be.",1.162790697674419,0.0433244531384763,86,73,12,1,not_evaluated,not_evaluated
"Let’s see which way the wind blows us, shall we?",1.1623931623931625,0.0401831662390206,117,101,13,3,not_evaluated,not_evaluated
I’m just tired of dating windbags.,1.162162162162162,0.0415516818803139,111,96,12,3,not_evaluated,not_evaluated
"Finally, a guy full of hot air who doesn't talk over me!",1.162162162162162,0.0470950396377718,111,99,6,6,not_evaluated,not_evaluated
But how do you really feel?,1.162162162162162,0.0374024322669326,111,94,16,1,not_evaluated,not_evaluated
That big guy across the room is actually a balloon arch. He can't wave back.,1.162162162162162,0.0415516818803139,111,96,12,3,not_evaluated,not_evaluated
I think your rise in the company from advertising to executive management has been adapting to the prevailing winds of the Board.,1.162162162162162,0.035144583874081,111,93,18,0,not_evaluated,not_evaluated
"I'm sorry,but this party blows.",1.162162162162162,0.0395315330246961,111,95,14,2,not_evaluated,not_evaluated
Not what I had in mind when I ordered an inflatable partner but I like you,1.162162162162162,0.0374024322669326,111,94,16,1,not_evaluated,not_evaluated
"I told my boss I needed someone with more flexibility, but this is ridiculous!",1.161904761904762,0.0385730113183157,105,89,15,1,not_evaluated,not_evaluated
Shouldn't you be working on my car and not working this party?,1.161904761904762,0.0408782018356128,105,90,13,2,not_evaluated,not_evaluated
So you are just hot air.,1.161904761904762,0.0385730113183157,105,89,15,1,not_evaluated,not_evaluated
"Do you think your happiness has anything to do with your lack of backbone?""",1.161904761904762,0.0408782018356128,105,90,13,2,not_evaluated,not_evaluated
Any hobbies outside of work?,1.161904761904762,0.0361210052325891,105,88,17,0,not_evaluated,not_evaluated
Don't roll your eyes at me.,1.161904761904762,0.0385730113183157,105,89,15,1,not_evaluated,not_evaluated
"Please, let me recommend you to my chiropractor.",1.161904761904762,0.0408782018356128,105,90,13,2,not_evaluated,not_evaluated
"I Just Needed some AIR so I could Breath again, LETS DANCE 💃🏼",1.161904761904762,0.045136767181683,105,92,9,4,not_evaluated,not_evaluated
"I pass you on my way to work, working so hard every day in that parking lot. It’s so great to finally meet you!",1.161904761904762,0.0408782018356128,105,90,13,2,not_evaluated,not_evaluated
I’ve never met a salesperson who’s such a good listener.,1.161904761904762,0.0385730113183157,105,89,15,1,not_evaluated,not_evaluated
Why don’t we get out of here and go back to your lot?,1.161904761904762,0.0408782018356128,105,90,13,2,not_evaluated,not_evaluated
It’s truly refreshing that you’re not full of hot air.,1.1616161616161615,0.0398592418959109,99,84,14,1,not_evaluated,not_evaluated
"What is your secret? We weren't able to sell any cars before hiring 
you on.",1.1616161616161615,0.0398592418959109,99,84,14,1,not_evaluated,not_evaluated
This is awkward. I thought you were out of town this week?,1.1616161616161615,0.0398592418959109,99,84,14,1,not_evaluated,not_evaluated
"What a coincidence! I’m in sales, too!",1.1616161616161615,0.0423662864528231,99,85,12,2,not_evaluated,not_evaluated
Didn’t I see you at the car dealership the other day?,1.1616161616161615,0.0423662864528231,99,85,12,2,not_evaluated,not_evaluated
"To be honest, I find you to be a bit of a Blow Hard.",1.1616161616161615,0.0423662864528231,99,85,12,2,not_evaluated,not_evaluated
"And I was thinking that, after a few drinks, you could come by my place and scare away the birds that keep nesting on my Nest camera.",1.1616161616161615,0.0371835461088748,99,83,16,0,not_evaluated,not_evaluated
You just can‘t be trusted. You go whichever way the wind blows.,1.1616161616161615,0.0398592418959109,99,84,14,1,not_evaluated,not_evaluated
"Sorry, but the cosplay party is next week.",1.1616161616161615,0.0398592418959109,99,84,14,1,not_evaluated,not_evaluated
Willow is a nice name.,1.1616161616161615,0.0447330447330447,99,86,10,3,not_evaluated,not_evaluated
"You've had too much, I'm calling you a float.",1.1616161616161615,0.0423662864528231,99,85,12,2,not_evaluated,not_evaluated
You do have all the right moves!,1.1616161616161615,0.0447330447330447,99,86,10,3,not_evaluated,not_evaluated
How do you do it? You always seem to know which way the wind blows.,1.1616161616161615,0.0398592418959109,99,84,14,1,not_evaluated,not_evaluated
"Your looking good, what is your excersize routine",1.1616161616161615,0.0469807232210669,99,87,8,4,not_evaluated,not_evaluated
You do have a way of getting my attention.,1.1616161616161615,0.0423662864528231,99,85,12,2,not_evaluated,not_evaluated
"No frankly, I am not getting you another Mojito...",1.1616161616161615,0.0423662864528231,99,85,12,2,not_evaluated,not_evaluated
"You can wiggle all you want, I’m taken!",1.1616161616161615,0.0423662864528231,99,85,12,2,not_evaluated,not_evaluated
Small world- I’m in advertising too!,1.1616161616161615,0.0423662864528231,99,85,12,2,not_evaluated,not_evaluated
"Girl, how do you keep that shape?",1.1612903225806452,0.0412812636158766,93,79,13,1,not_evaluated,not_evaluated
"Yes you got good moves, but you're not Radio City Rockettes good.",1.1612903225806452,0.0466009753880396,93,81,9,3,not_evaluated,not_evaluated
"So, what do you do to unplug?",1.1612903225806452,0.0383456468849713,93,78,15,0,not_evaluated,not_evaluated
"Yeah, shake that money maker.",1.1612903225806452,0.0440215494550122,93,80,11,2,not_evaluated,not_evaluated
"Carlotta was a windbag at parties, but there was always one person willing to talk to her.",1.1612903225806452,0.0440215494550122,93,80,11,2,not_evaluated,not_evaluated
I love that your work IS your passion,1.1612903225806452,0.0440215494550122,93,80,11,2,not_evaluated,not_evaluated
It's so refreshing to meet someone not so full of themselves!,1.1612903225806452,0.0440215494550122,93,83,7,3,not_evaluated,not_evaluated
"My advice is to quit the used car business, it’s time you grew a spine.",1.1612903225806452,0.0466009753880396,93,81,9,3,not_evaluated,not_evaluated
"No , really--I'm sure I've seen you somewhere before.",1.1612903225806452,0.0383456468849713,93,78,15,0,not_evaluated,not_evaluated
Are you seeing anyone?,1.1612903225806452,0.0513727465540811,93,83,5,5,not_evaluated,not_evaluated
"A Hottie like you,dancing alone?",1.1612903225806452,0.0466009753880396,93,81,9,3,not_evaluated,not_evaluated
"Oh, you're so limber!",1.1612903225806452,0.0412812636158766,93,79,13,1,not_evaluated,not_evaluated
The answer may very well be blowing in the wind.,1.1612903225806452,0.0466009753880396,93,81,9,3,not_evaluated,not_evaluated
Ill bet you flirt with everyone who walks by!,1.1610169491525424,0.0398649374534149,118,102,13,3,not_evaluated,not_evaluated
So...Mad Men was your idea?,1.1610169491525424,0.038004587703598,118,101,15,2,not_evaluated,not_evaluated
Come here often?,1.160919540229885,0.0487029390072846,87,76,8,3,not_evaluated,not_evaluated
The trick is to dance like no one is buying a used car.,1.160919540229885,0.0458766614040881,87,75,10,2,not_evaluated,not_evaluated
That's your only ambition?,1.1607142857142858,0.0392037286556236,112,96,14,2,not_evaluated,not_evaluated
"You come across as a free-spirit, but you are actually quite well-grounded.",1.1607142857142858,0.0392037286556236,112,96,14,2,not_evaluated,not_evaluated
"So, how long have you been working in sales?",1.160377358490566,0.0405195203317115,106,91,13,2,not_evaluated,not_evaluated
"Come on, you sold me a lemon.",1.160377358490566,0.0405195203317115,106,91,13,2,not_evaluated,not_evaluated
"You look great, but are you registered to vote.",1.160377358490566,0.0447350038174392,106,93,9,4,not_evaluated,not_evaluated
"C'mon, tell me your secret! How do you get such an edgy butt",1.160377358490566,0.0426793398171661,106,92,11,3,not_evaluated,not_evaluated
"I heard you play air guitar on the weekends,, is that true ?",1.160377358490566,0.0405195203317115,106,91,13,2,not_evaluated,not_evaluated
"Actually, I’d love to hear more about your career in mobile phone sales!",1.160377358490566,0.0447350038174392,106,93,9,4,not_evaluated,not_evaluated
Maybe watch like no one's dancing...?,1.160377358490566,0.0426793398171661,106,92,11,3,not_evaluated,not_evaluated
I'll bet you hear it all the time -- Love your windsome smile.,1.160377358490566,0.0426793398171661,106,92,11,3,not_evaluated,not_evaluated
I love that you go wherever the wind takes you!,1.160377358490566,0.0447350038174392,106,93,9,4,not_evaluated,not_evaluated
You’re my idol..carefree and know who you are!,1.160377358490566,0.0382379001593291,106,90,15,1,not_evaluated,not_evaluated
So how's Mark and the kids?,1.160377358490566,0.0405195203317115,106,91,13,2,not_evaluated,not_evaluated
Why would a carrot celebrate having Peyronie's Disease?,1.160377358490566,0.0405195203317115,106,91,13,2,not_evaluated,not_evaluated
I swear my job takes all the fun out of dancing for myself,1.160377358490566,0.0405195203317115,106,91,13,2,not_evaluated,not_evaluated
"I mean, I guess you are the expert in inflation",1.160377358490566,0.0447350038174392,106,93,9,4,not_evaluated,not_evaluated
I’ve been accused of being attention-seeking.,1.16,0.0368452949177471,100,84,16,0,not_evaluated,not_evaluated
The dealers really underestimate your abilities.,1.16,0.0394917201397452,100,85,14,1,not_evaluated,not_evaluated
"Cool it, Karen, you're just blowing hot air!",1.16,0.0394917201397452,100,85,14,1,not_evaluated,not_evaluated
"So you're the top salesman for the year, huh?",1.16,0.041971611377408,100,86,12,2,not_evaluated,not_evaluated
It's about time the dealership invited you to the staff party.,1.16,0.0394917201397452,100,85,14,1,not_evaluated,not_evaluated
Frankly your negotiations are leaving far too much wiggle room.,1.16,0.041971611377408,100,86,12,2,not_evaluated,not_evaluated
"You are so refreshing, most men are afraid to show their emotions.",1.16,0.041971611377408,100,86,12,2,not_evaluated,not_evaluated
Twerking just not my thing,1.16,0.0394917201397452,100,85,14,1,not_evaluated,not_evaluated
What’s your secret? Yoga? Peleton? Ozempic?,1.16,0.0443129367525598,100,87,10,3,not_evaluated,not_evaluated
I believe we met before outside the car dealership.,1.16,0.0394917201397452,100,85,14,1,not_evaluated,not_evaluated
So how did you get into sales?,1.16,0.041971611377408,100,86,12,2,not_evaluated,not_evaluated
Now you have me all pumped up.,1.16,0.0394917201397452,100,85,14,1,not_evaluated,not_evaluated
Ignore them. They're embarrassed in case they inflate your ego!,1.16,0.0394917201397452,100,85,14,1,not_evaluated,not_evaluated
"Other than Air Supply, does anything else get you moving like that?",1.16,0.041971611377408,100,86,12,2,not_evaluated,not_evaluated
I must ask - who's your chiropractor?,1.16,0.0394917201397452,100,85,14,1,not_evaluated,not_evaluated
"I'm really glad we decided to host this afternoon's lecture on diversity, equity, and inclusion on Wall Street.",1.16,0.0368452949177471,100,84,16,0,not_evaluated,not_evaluated
"No, I don't think you are full of hot air. 
But I do think you could use a drink.",1.16,0.0394917201397452,100,85,14,1,not_evaluated,not_evaluated
I think the direction you take things will depend on which way the wind blows,1.16,0.046536615322309,100,88,8,4,not_evaluated,not_evaluated
"This is more a schmoozing thing, not a dancing thing.",1.16,0.0368452949177471,100,86,13,1,not_evaluated,not_evaluated
"Oh, this old thing? I got it off the showroom floor years ago!",1.16,0.046536615322309,100,88,8,4,not_evaluated,not_evaluated
"I’m sorry, I thought you were waving to me.",1.1596638655462186,0.0377081523536422,119,102,15,2,not_evaluated,not_evaluated
You seem really pumped.,1.1596638655462186,0.0377081523536422,119,102,15,2,not_evaluated,not_evaluated
"I'm told I need dancing lessons.""",1.1596638655462186,0.0377081523536422,119,102,15,2,not_evaluated,not_evaluated
Didn’t we meet at some used car dealership?,1.1595744680851063,0.0435845055714996,94,81,11,2,not_evaluated,not_evaluated
Most people are not happy with inflation these days...,1.1595744680851063,0.0435845055714996,94,81,11,2,not_evaluated,not_evaluated
Must you always be the center of attention!,1.1595744680851063,0.0408757694301515,94,80,13,1,not_evaluated,not_evaluated
And who are you wearing?,1.1595744680851063,0.0461344743691444,94,82,9,3,not_evaluated,not_evaluated
"There you were, a new part of our scene.  So, I told Marcy, I said, 'You know, in this postmodern world there is a certain gritty immediacy to the sale of used cars.'",1.1595744680851063,0.0435845055714996,94,83,8,3,not_evaluated,not_evaluated
Not impressed with all that fancy posturing ... seems like you're just full of hot air.,1.1595744680851063,0.0408757694301515,94,80,13,1,not_evaluated,not_evaluated
So Bob Dylan had you in mind when he sang about finding the answer?,1.1595744680851063,0.0461344743691444,94,82,9,3,not_evaluated,not_evaluated
"All I said was, ""You look nice!""",1.1595744680851063,0.0408757694301515,94,80,13,1,not_evaluated,not_evaluated
"You think that's bad, wait until you hear what I went through during the power outage.",1.1595744680851063,0.0435845055714996,94,81,11,2,not_evaluated,not_evaluated
Heeeey macarena!,1.1595744680851063,0.0408757694301515,94,80,13,1,not_evaluated,not_evaluated
"Hi Honey, Let's you and me blow this joint!",1.1595744680851063,0.0461344743691444,94,82,9,3,not_evaluated,not_evaluated
"Let me guess, you're an air sign?",1.1595744680851063,0.0485506984988107,94,83,7,4,not_evaluated,not_evaluated
What is your stand on blowjobs?,1.1595744680851063,0.0461344743691444,94,82,9,3,not_evaluated,not_evaluated
So used cars and interpretive dance? Really?,1.15929203539823,0.0367930017973584,113,96,16,1,not_evaluated,not_evaluated
"Great moves, but your footwork needs help",1.15929203539823,0.0388812653363478,113,97,14,2,not_evaluated,not_evaluated
Your moves could stop traffic!,1.15929203539823,0.0388812653363478,113,97,14,2,not_evaluated,not_evaluated
« Its all about being our authentic selves ! »,1.15929203539823,0.0367930017973584,113,96,16,1,not_evaluated,not_evaluated
Nice too meet someone who goes with the wind in a crowd full of hot air.,1.1590909090909092,0.0453891902152016,88,76,10,2,not_evaluated,not_evaluated
"You know, you are just like my ex, full of hot air.",1.1590909090909092,0.0453891902152016,88,76,10,2,not_evaluated,not_evaluated
Maybe that is why I don't care about turbulent flow,1.1590909090909092,0.0424139784568489,88,75,12,1,not_evaluated,not_evaluated
"Well, everyone IS watching.",1.1590909090909092,0.0453891902152016,88,76,10,2,not_evaluated,not_evaluated
Last time I had this much fun I drove home in a new Chevy Malibu.,1.1590909090909092,0.0424139784568489,88,75,12,1,not_evaluated,not_evaluated
"Thank goodness we've at least gotten the balloon to dance at our Upper West Side Manhattan party""!",1.1590909090909092,0.0424139784568489,88,75,12,1,not_evaluated,not_evaluated
Didn't we meet at A-1 Used Cars?,1.1590909090909092,0.0385210413743166,132,115,13,4,not_evaluated,not_evaluated
Feel good to be out of sales?,1.1590909090909092,0.0453891902152016,88,76,10,2,not_evaluated,not_evaluated
"Boy, this inflation... I hear you've had some first-hand experience with that?",1.1590909090909092,0.0424139784568489,88,75,12,1,not_evaluated,not_evaluated
You haven’t aged a bone in your body.,1.158878504672897,0.0401670219322352,107,92,13,2,not_evaluated,not_evaluated
May I have this dance?,1.158878504672897,0.0423051461900302,107,93,11,3,not_evaluated,not_evaluated
"'Honey,you're embarrassing me",1.158878504672897,0.0401670219322352,107,92,13,2,not_evaluated,not_evaluated
"So, I hear you're in marketing.",1.158878504672897,0.0423051461900302,107,93,11,3,not_evaluated,not_evaluated
Quit standing there and go mingle!,1.158878504672897,0.0379084938720798,107,91,15,1,not_evaluated,not_evaluated
Can you teach me your moves?,1.158878504672897,0.0401670219322352,107,92,13,2,not_evaluated,not_evaluated
What time do you get off work?,1.158878504672897,0.0379084938720798,107,91,15,1,not_evaluated,not_evaluated
Everyone else I met at this party is filled with hot air.,1.158878504672897,0.0443402879717191,107,94,9,4,not_evaluated,not_evaluated
"I can’t do the
Fox trot",1.158878504672897,0.0401670219322352,107,92,13,2,not_evaluated,not_evaluated
"Yeah, I'm feeling a little tipsy myself.",1.158878504672897,0.0401670219322352,107,92,13,2,not_evaluated,not_evaluated
Carol has discovered the secret to work/life balance,1.158878504672897,0.0401670219322352,107,95,9,3,not_evaluated,not_evaluated
I'm beginning to think flexibility isn't as big of an asset as I once thought.,1.1585365853658536,0.0474254742547425,82,71,9,2,not_evaluated,not_evaluated
Every party needs a gas bag,1.1585365853658536,0.0505003933701469,82,72,7,3,not_evaluated,not_evaluated
"Of course I like the new you, but I still wish you'd talked to me before starting on those growth hormones.",1.1585365853658536,0.0533985379274743,82,73,5,4,not_evaluated,not_evaluated
"So, car sales is helping to inflate your ego?",1.1585365853658536,0.0441368495254805,82,70,11,1,not_evaluated,not_evaluated
"Anyway, I have to run..I just randomly got the urge to buy a new cell phone”",1.1585365853658536,0.0474254742547425,82,71,9,2,not_evaluated,not_evaluated
"Wow, usually I don't enjoy guys who are full of hot air!",1.1584158415841583,0.0439005926285057,101,88,10,3,not_evaluated,not_evaluated
Everyone else at this party is so full of hot air. You seem different.,1.1584158415841583,0.0391308373175634,101,86,14,1,not_evaluated,not_evaluated
It's a sit-down dinner.  Do you think you can stop dancing long enough to join us?,1.1584158415841583,0.0415841584158416,101,87,12,2,not_evaluated,not_evaluated
I could swear I've seen you before.,1.1584158415841583,0.0365130473556154,101,85,16,0,not_evaluated,not_evaluated
Your preferred pronouns are it and thing?,1.1584158415841583,0.0415841584158416,101,87,12,2,not_evaluated,not_evaluated
You need to stand up for yourself … show that you have a backbone. You can’t please everybody!,1.1584158415841583,0.0415841584158416,101,87,12,2,not_evaluated,not_evaluated
But can you do the limbo?,1.1584158415841583,0.0391308373175634,101,86,14,1,not_evaluated,not_evaluated
One more time with feeling.,1.1584158415841583,0.0391308373175634,101,86,14,1,not_evaluated,not_evaluated
What do you mean by The answer my friend is blowing in the wind,1.1584158415841583,0.0439005926285057,101,88,10,3,not_evaluated,not_evaluated
"I saw you from across the room, and couldn’t help but come over.",1.1584158415841583,0.0415841584158416,101,87,12,2,not_evaluated,not_evaluated
I know you; you work at the corner pawn shop.,1.1584158415841583,0.0415841584158416,101,87,12,2,not_evaluated,not_evaluated
"I'd say you've had enough to drink, Lady Liberty!",1.1584158415841583,0.0391308373175634,101,88,11,2,not_evaluated,not_evaluated
Lots of politicians react and change whichever way the wind blows.,1.1584158415841583,0.0439005926285057,101,88,10,3,not_evaluated,not_evaluated
Let me guess: New York's 3rd congressional district?,1.1584158415841583,0.0461007791161299,101,89,8,4,not_evaluated,not_evaluated
"For the last time, this is not the children's party.",1.1584158415841583,0.0415841584158416,101,87,12,2,not_evaluated,not_evaluated
You're going viral!!,1.1584158415841583,0.0391308373175634,101,86,14,1,not_evaluated,not_evaluated
"I don't know if it's just your body language, but I'm strangely attracted",1.1584158415841583,0.0365130473556154,101,85,16,0,not_evaluated,not_evaluated
"Oh, and what are your pronouns?",1.1584158415841583,0.0461007791161299,101,89,8,4,not_evaluated,not_evaluated
I just love how you're so free and don't care what other people think.,1.1584158415841583,0.0415841584158416,101,87,12,2,not_evaluated,not_evaluated
How do you know the bride?,1.1584158415841583,0.0415841584158416,101,87,12,2,not_evaluated,not_evaluated
"Sure, I’ll dance, but no thanks on the washer-dryer “spring spectacular.”",1.1584158415841583,0.0415841584158416,101,87,12,2,not_evaluated,not_evaluated
You are free to be you!,1.1584158415841583,0.0439005926285057,101,88,10,3,not_evaluated,not_evaluated
I don’t see you getting anyone’s attention here.,1.1584158415841583,0.0439005926285057,101,88,10,3,not_evaluated,not_evaluated
Where do you get your energy from?,1.1583333333333334,0.0409888851049589,120,105,11,4,not_evaluated,not_evaluated
So you sell used cars?,1.1578947368421053,0.0404780766113642,95,81,13,1,not_evaluated,not_evaluated
I know a great chiropractor.,1.1578947368421053,0.0376099790005524,95,80,15,0,not_evaluated,not_evaluated
Is it exhausting to always feel like you have to be on?,1.1578947368421053,0.0404780766113642,95,81,13,1,not_evaluated,not_evaluated
How do you manage to look so good when it breezy?,1.1578947368421053,0.0404780766113642,95,81,13,1,not_evaluated,not_evaluated
I love your insouciance!,1.1578947368421053,0.0404780766113642,95,81,13,1,not_evaluated,not_evaluated
Thank you for your service.,1.1578947368421053,0.0404780766113642,95,81,13,1,not_evaluated,not_evaluated
I like your moves!,1.1578947368421053,0.0456771607876676,95,83,9,3,not_evaluated,not_evaluated
Care to discuss your inflated ego?,1.1578947368421053,0.0404780766113642,95,81,13,1,not_evaluated,not_evaluated
"That's an amazing deal, but I don't know how to drive!",1.1578947368421053,0.0376099790005524,95,80,15,0,not_evaluated,not_evaluated
Can you believe there is so many movers and shakers in one room?,1.1578947368421053,0.0431559828052723,95,82,11,2,not_evaluated,not_evaluated
What is your take on deflategate?,1.1578947368421053,0.0480662790670957,95,84,7,4,not_evaluated,not_evaluated
"STOP SHOWING YOUR ASS, CAROL!  YOU'RE ALL OVER THE PLACE",1.1578947368421053,0.0431559828052723,95,82,11,2,not_evaluated,not_evaluated
I'd love to know how you do it.,1.1578947368421053,0.0404780766113642,95,81,13,1,not_evaluated,not_evaluated
"I know that we could win the dance competition, but what if the power goes out?",1.1578947368421053,0.0385640150731949,114,98,14,2,not_evaluated,not_evaluated
Amazing. I was discovered at a carwash too!,1.1578947368421053,0.0431559828052723,95,82,11,2,not_evaluated,not_evaluated
I call this one the 0% down on your first month,1.1578947368421053,0.0456771607876676,95,83,9,3,not_evaluated,not_evaluated
I’m the kind of person that will bend over backwards to please you.,1.1578947368421053,0.0376099790005524,95,80,15,0,not_evaluated,not_evaluated
You really would go to the opening of an envelope,1.1578947368421053,0.0456771607876676,95,83,9,3,not_evaluated,not_evaluated
"Let's keep the conversation light and breezy, OK?",1.1574074074074074,0.0398205498699017,108,93,13,2,not_evaluated,not_evaluated
"Oh, brother, are you full of hot air!",1.1574074074074074,0.0477279504908201,108,97,5,6,not_evaluated,not_evaluated
I'm just worried I'll let you down,1.1574074074074074,0.0375846501302476,108,92,15,1,not_evaluated,not_evaluated
Do you offer financing?,1.1574074074074074,0.0398205498699017,108,93,13,2,not_evaluated,not_evaluated
"So, how long have you been in retail?",1.1574074074074074,0.0375846501302476,108,92,15,1,not_evaluated,not_evaluated
"So, do you like working at the dealership on Washington Boulevard?",1.1574074074074074,0.0398205498699017,108,93,13,2,not_evaluated,not_evaluated
I'm tired of dancing with inflation.,1.1573033707865168,0.0476701200799919,89,78,8,3,not_evaluated,not_evaluated
"Trans, then vegan, now this? You look fabulous.",1.1573033707865168,0.0419727902171692,89,76,12,1,not_evaluated,not_evaluated
So you prefer a stiff breeze to a stiff drink?,1.1573033707865168,0.0419727902171692,89,76,12,1,not_evaluated,not_evaluated
"Your profile said 5'10"". What gives?",1.1573033707865168,0.0476701200799919,89,78,8,3,not_evaluated,not_evaluated
Are you even listening to me ? Or are you just full of hot air?,1.1573033707865168,0.0476701200799919,89,78,8,3,not_evaluated,not_evaluated
How interesting! So you sell used cars and open malls!,1.1573033707865168,0.0419727902171692,89,76,12,1,not_evaluated,not_evaluated
Really?  Swearing off all media?  That’s the answer?,1.1573033707865168,0.0476701200799919,89,78,8,3,not_evaluated,not_evaluated
Didn’t I see you at the shopping Mall Grand Opening last week,1.1573033707865168,0.0449118885544538,89,77,10,2,not_evaluated,not_evaluated
"You really do like to move it move it, heh?",1.1573033707865168,0.0449118885544538,89,77,10,2,not_evaluated,not_evaluated
"Tell me, where do you get your sense of Joie de Vivre?",1.156862745098039,0.0361866481993624,102,86,16,0,not_evaluated,not_evaluated
So your saying that gender and happiness are both constructs?,1.156862745098039,0.0412037331977846,102,88,12,2,not_evaluated,not_evaluated
"Is that a needle, or are you just glad to see me?",1.156862745098039,0.0434958008340934,102,89,10,3,not_evaluated,not_evaluated
Wave twice if you're ignoring me,1.156862745098039,0.0361866481993624,102,86,16,0,not_evaluated,not_evaluated
I love your new ‘wherever the wind blows you’ attitude.,1.156862745098039,0.0387764176874208,102,87,14,1,not_evaluated,not_evaluated
"Fine,be the center  of attention. But you haven't got a leg to stand on!",1.156862745098039,0.0412037331977846,102,88,12,2,not_evaluated,not_evaluated
We’re all feeling the effects on inflation in one way or another.,1.156862745098039,0.0434958008340934,102,89,10,3,not_evaluated,not_evaluated
Are you a drink?,1.156862745098039,0.0434958008340934,102,89,10,3,not_evaluated,not_evaluated
How do you like the marketing team here?,1.156862745098039,0.0387764176874208,102,87,14,1,not_evaluated,not_evaluated
"You're not the most upright guy in the world, but you're sure fun at parties.",1.156862745098039,0.0412037331977846,102,88,12,2,not_evaluated,not_evaluated
I've been a big fan since I saw you dance at the car lot.,1.156862745098039,0.0434958008340934,102,89,10,3,not_evaluated,not_evaluated
I always enjoy a good listener.,1.156862745098039,0.0434958008340934,102,89,10,3,not_evaluated,not_evaluated
How do I know you are not an airhead?,1.156862745098039,0.0412037331977846,102,88,12,2,not_evaluated,not_evaluated
I’m sorry. I don’t dance.,1.156862745098039,0.0387764176874208,102,87,14,1,not_evaluated,not_evaluated
It’s refreshing to talk to someone so fluid and free-spirited.,1.156862745098039,0.0412037331977846,102,88,12,2,not_evaluated,not_evaluated
AI generated stuff is still easy to spot,1.156862745098039,0.0412037331977846,102,88,12,2,not_evaluated,not_evaluated
Hey!  My eyes are up here!,1.1566265060240963,0.0527858288682713,83,74,5,4,not_evaluated,not_evaluated
"Wow, a conductor!? Would I recognize any of your work?",1.1566265060240963,0.0436436553063486,83,71,11,1,not_evaluated,not_evaluated
What do you mean you don't break dance?,1.1566265060240963,0.0401361469031224,83,70,13,0,not_evaluated,not_evaluated
"""So you got a masters in marketing...""",1.1566265060240963,0.046889519178274,83,72,9,2,not_evaluated,not_evaluated
You’ll certainly draw traffic on that outfit,1.1566265060240963,0.046889519178274,83,72,9,2,not_evaluated,not_evaluated
You'd blend in a lot better if  you'd stop putting on airs.,1.1566265060240963,0.046889519178274,83,72,9,2,not_evaluated,not_evaluated
So how many units did you sell this quarter?,1.1566265060240963,0.046889519178274,83,72,9,2,not_evaluated,not_evaluated
You're not the only one here with an inflated ego!,1.1566265060240963,0.0436436553063486,83,71,11,1,not_evaluated,not_evaluated
I feel like your behavior is a little attention seeking.,1.1565217391304348,0.0401965126087807,115,100,12,3,not_evaluated,not_evaluated
You must be our guest speaker.,1.1565217391304348,0.0382518538715596,115,99,14,2,not_evaluated,not_evaluated
They won’t let me work from home.,1.1565217391304348,0.0401965126087807,115,100,12,3,not_evaluated,not_evaluated
I couldn’t help but notice you flopping around the party.,1.15625,0.0400879652282371,96,82,13,1,not_evaluated,not_evaluated
I hear you're into streaming.,1.15625,0.0452287679178686,96,84,9,3,not_evaluated,not_evaluated
"Yes, I definitely like tall, loose airheads!",1.15625,0.0372524725424543,96,81,15,0,not_evaluated,not_evaluated
"I must say, I find your go with the flow style to networking very refreshing.",1.15625,0.0427357368224111,96,83,11,2,not_evaluated,not_evaluated
"DON'T WORRY, BE HAPPY",1.15625,0.0400879652282371,96,82,13,1,not_evaluated,not_evaluated
I'm also in a flexible relationship.,1.15625,0.0400879652282371,96,82,13,1,not_evaluated,not_evaluated
So why did the Rocketts turn you down?,1.15625,0.0400879652282371,96,82,13,1,not_evaluated,not_evaluated
Wow! You're a wonderful listener.,1.15625,0.0427357368224111,96,83,11,2,not_evaluated,not_evaluated
I can't believe they fired you!  You definitely got my attention.,1.15625,0.0452287679178686,96,84,9,3,not_evaluated,not_evaluated
You sound like you're full of hot air to be completely honest.,1.15625,0.0427357368224111,96,83,11,2,not_evaluated,not_evaluated
You’ve really filled out,1.15625,0.0427357368224111,96,83,11,2,not_evaluated,not_evaluated
"When you move to Manhattan, I promise I’ll get you plugged in.",1.15625,0.0427357368224111,96,83,11,2,not_evaluated,not_evaluated
Do I know you? No? Perhaps you just have one of those familiar faces.,1.15625,0.0427357368224111,96,83,11,2,not_evaluated,not_evaluated
There's nothing to sell here.,1.1559633027522935,0.0415759704577637,109,95,11,3,not_evaluated,not_evaluated
I think I've seen you around before... do you work the Main Street dealership?,1.1559633027522935,0.039479952560728,109,94,13,2,not_evaluated,not_evaluated
"So glad to finally meet you! Y'know, I owe all my used car purchases to you.",1.1559633027522935,0.0349124236280198,109,92,17,0,not_evaluated,not_evaluated
Are you wavering in your commitment?,1.1559633027522935,0.043571274766896,109,96,9,4,not_evaluated,not_evaluated
"Smoke out your real you, my love!",1.1559633027522935,0.0372662312139264,109,93,15,1,not_evaluated,not_evaluated
"Sure he's tall, and a great dancer, but sometimes I wish we could just have a conversation.",1.1559633027522935,0.039479952560728,109,94,13,2,not_evaluated,not_evaluated
"Yes, I do own a used car.",1.1555555555555554,0.0471698689007362,90,79,8,3,not_evaluated,not_evaluated
"When I was in high school, they called me Pumper.",1.1555555555555554,0.0444444444444444,90,78,10,2,not_evaluated,not_evaluated
"No, I’m not in the market for a used car.",1.1555555555555554,0.0471698689007362,90,79,8,3,not_evaluated,not_evaluated
Do you know where I can get a great deal on a pre-owned sedan?,1.1555555555555554,0.038417871644596,90,76,14,0,not_evaluated,not_evaluated
Do you ever leave the office?,1.1555555555555554,0.0415405916163694,90,77,12,1,not_evaluated,not_evaluated
Didn’t we meet once in front of a used car lot?,1.1555555555555554,0.0444444444444444,90,78,10,2,not_evaluated,not_evaluated
I always feel so deflated after these things,1.1555555555555554,0.0415405916163694,90,77,12,1,not_evaluated,not_evaluated
So buoyant! Do you have secret fans?,1.1555555555555554,0.0415405916163694,90,77,12,1,not_evaluated,not_evaluated
"You're smiling, but from your body language, it's clear your main issue is fear of commitment.",1.1555555555555554,0.0415405916163694,90,77,12,1,not_evaluated,not_evaluated
"You’re the life of the party, Eric. Keep doing what you do and everybody’s going to have a great time.",1.1555555555555554,0.0415405916163694,90,77,12,1,not_evaluated,not_evaluated
"Just once I wanted to feel what it was like to dance with everyone watching. Is that too much to ask, Steve?",1.1555555555555554,0.0471698689007362,90,79,8,3,not_evaluated,not_evaluated
My pronouns are she/they. Yours?,1.1553398058252426,0.0408301481760203,103,89,12,2,not_evaluated,not_evaluated
That new outfit is really a breath of fresh air.,1.1553398058252426,0.0452530199906581,103,91,8,4,not_evaluated,not_evaluated
Is your dance card full?,1.1553398058252426,0.0452530199906581,103,91,8,4,not_evaluated,not_evaluated
"Damn it, you would be gone with the wind.",1.1553398058252426,0.0408301481760203,103,89,12,2,not_evaluated,not_evaluated
"I can see you're happy, but what are your plans, now that you've quit your gig at the car dealership?",1.1553398058252426,0.038428291543812,103,88,14,1,not_evaluated,not_evaluated
"So my friend, you say the answer to everything is blowing in the wind?",1.1553398058252426,0.0430983573837256,103,90,10,3,not_evaluated,not_evaluated
You are just like my ex.  She was also full of hot air.,1.1553398058252426,0.0452530199906581,103,91,8,4,not_evaluated,not_evaluated
I wish my work clothes were this versatile.,1.1553398058252426,0.0430983573837256,103,90,10,3,not_evaluated,not_evaluated
Don’t quit your day job.,1.1553398058252426,0.0408301481760203,103,89,12,2,not_evaluated,not_evaluated
What do you say we go outside and get some fresh air?,1.1551724137931034,0.0417090807579173,116,102,10,4,not_evaluated,not_evaluated
I swore I'd never date another car salesman,1.1551724137931034,0.0359147922899005,116,99,16,1,not_evaluated,not_evaluated
What do you say we go outside and get some air?,1.1547619047619049,0.0431612528997741,84,72,11,1,not_evaluated,not_evaluated
wow! do you Tango too ?,1.1547619047619049,0.0463654557243119,84,73,9,2,not_evaluated,not_evaluated
So I hear you landed a job in advertising.,1.1547619047619049,0.0431612528997741,84,72,11,1,not_evaluated,not_evaluated
Would you like to step out for a bit of fresh air?,1.154639175257732,0.0397052233961902,97,83,13,1,not_evaluated,not_evaluated
"I feel you, I'm a huge people-pleaser as well.",1.154639175257732,0.0397052233961902,97,83,13,1,not_evaluated,not_evaluated
Let's get this party started!,1.154639175257732,0.0397052233961902,97,83,13,1,not_evaluated,not_evaluated
"If you're going to dance, at least dance to the beat",1.154639175257732,0.0369016006785473,97,82,15,0,not_evaluated,not_evaluated
"When I said work parties should be less stiff,I'm not sure this is what I meant.",1.154639175257732,0.0423235324287065,97,84,11,2,not_evaluated,not_evaluated
I think you're the first real person I've talked to at this party.,1.154639175257732,0.0369016006785473,97,82,15,0,not_evaluated,not_evaluated
"Use this venue to vent? Sure. Beware, I'm not joiner.",1.154639175257732,0.0423235324287065,97,84,11,2,not_evaluated,not_evaluated
"So I said, you can wave goodbye to that promotion Johnson!",1.154639175257732,0.0447890391674813,97,85,9,3,not_evaluated,not_evaluated
"Your so frivolous,yet you’re the only one not drinking.",1.154639175257732,0.0397052233961902,97,86,9,2,not_evaluated,not_evaluated
I love someone who can simply go wherever the wind blows!,1.154639175257732,0.0397052233961902,97,83,13,1,not_evaluated,not_evaluated
Will you be needing a ride back to your gas station,1.154639175257732,0.0447890391674813,97,85,9,3,not_evaluated,not_evaluated
"Not what i meant when i said,hey Sydney, i think it's time to finally come out!",1.154639175257732,0.0471257324807645,97,86,7,4,not_evaluated,not_evaluated
There is an airiness about you that's hard to define.,1.154639175257732,0.0397052233961902,97,83,13,1,not_evaluated,not_evaluated
Are you really this upbeat or just full of hot air?,1.154639175257732,0.0447890391674813,97,85,9,3,not_evaluated,not_evaluated
"Knock it off, Conan. I know it's you.",1.154639175257732,0.0397052233961902,97,83,13,1,not_evaluated,not_evaluated
"So, do you feel threatened by AI too?",1.154639175257732,0.0447890391674813,97,85,9,3,not_evaluated,not_evaluated
Would you like to get some fresh air?,1.154639175257732,0.0423235324287065,97,84,11,2,not_evaluated,not_evaluated
"Can I get you a cocktail, party nuts, an air compressor?",1.154639175257732,0.0397052233961902,97,83,13,1,not_evaluated,not_evaluated
Corny chat up lines:- Are you still working for the tire company in the mall?,1.154639175257732,0.0423235324287065,97,84,11,2,not_evaluated,not_evaluated
All I'm asking for is a second chance...,1.1545454545454543,0.0391450833952655,110,95,13,2,not_evaluated,not_evaluated
I’m sure yoga helped but surely you have some natural flexibility.,1.1544715447154472,0.0400461554401195,123,108,11,4,not_evaluated,not_evaluated
I love how you take being bloated and turn it into a positive.,1.1538461538461535,0.038086294966923,104,89,14,1,not_evaluated,not_evaluated
Do you always need to get noticed? Just chillax!,1.1538461538461535,0.0466799481965538,91,80,8,3,not_evaluated,not_evaluated
"Well, I noticed you.",1.1538461538461535,0.038086294966923,104,89,14,1,not_evaluated,not_evaluated
Can you waltz?,1.1538461538461535,0.041117114140373,91,78,12,1,not_evaluated,not_evaluated
Don’t take it personally. I wouldn’t buy a used car from any of those people either.,1.1538461538461535,0.0404632223345296,104,90,12,2,not_evaluated,not_evaluated
"So, how many carwashes do you own?",1.1538461538461535,0.041117114140373,91,78,12,1,not_evaluated,not_evaluated
"I told you that gig at the used car lot didn’t make good use of your talents
.",1.1538461538461535,0.0427080655038329,104,91,10,3,not_evaluated,not_evaluated
May I say that dress just takes the wind out of my sails.,1.1538461538461535,0.043986558394954,91,79,10,2,not_evaluated,not_evaluated
Can I buy you a car?,1.1538461538461535,0.043986558394954,91,79,10,2,not_evaluated,not_evaluated
I suppose you already have a partner for the dance contest.,1.1538461538461535,0.0404632223345296,104,90,12,2,not_evaluated,not_evaluated
"Too much punch, am I right?",1.1538461538461535,0.041117114140373,91,78,12,1,not_evaluated,not_evaluated
"Since you left, I’ve been trying to allow myself to be more vulnerable, so I’ll be honest. I miss you every single day at the dealership.",1.1538461538461535,0.041117114140373,91,78,12,1,not_evaluated,not_evaluated
I wish I had your confidence to dance in front of people.,1.1538461538461535,0.043986558394954,91,79,10,2,not_evaluated,not_evaluated
"Yes, of course I feel fine.",1.1538461538461535,0.0466799481965538,91,80,8,3,not_evaluated,not_evaluated
I couldn’t help but notice that there’s a “whole lot of shaking going on” over here.,1.1538461538461535,0.038086294966923,104,89,14,1,not_evaluated,not_evaluated
Thanks for the offer but it's not really a dancing kind of party.,1.1538461538461535,0.0380317871133111,91,77,14,0,not_evaluated,not_evaluated
You must have a fantastic yoga instructor.,1.1538461538461535,0.0448406663249532,104,92,8,4,not_evaluated,not_evaluated
It's nice to finally talk to someone who's not just a bunch of hot air.,1.1538461538461535,0.043986558394954,91,79,10,2,not_evaluated,not_evaluated
"No one is looking at your shoe, Karla",1.1538461538461535,0.0466799481965538,91,80,8,3,not_evaluated,not_evaluated
I'm sick of things being all about you.,1.1538461538461535,0.0427080655038329,104,91,10,3,not_evaluated,not_evaluated
I've always wanted to know; do you have a favorite used car?,1.1538461538461535,0.0380317871133111,91,77,14,0,not_evaluated,not_evaluated
"You look entirely different than I expected, Siri.",1.1538461538461535,0.0356311966040847,117,100,16,1,not_evaluated,not_evaluated
The last time we met you were standing outside an auto dealership.,1.1538461538461535,0.0492261902632449,91,81,6,4,not_evaluated,not_evaluated
Hey! My eyes are down HERE.,1.1538461538461535,0.0380317871133111,91,77,14,0,not_evaluated,not_evaluated
Hey I'll bet you're great in the sack!,1.1531531531531531,0.0428283399063232,111,98,9,4,not_evaluated,not_evaluated
I love your joie de vivre!,1.1531531531531531,0.0428283399063232,111,98,9,4,not_evaluated,not_evaluated
I need a man with backbone.,1.1531531531531531,0.0366451389372597,111,95,15,1,not_evaluated,not_evaluated
I need to know your diet.,1.1531531531531531,0.0388158005396157,111,96,13,2,not_evaluated,not_evaluated
About that used car you sold me!,1.1531531531531531,0.0446997411953551,111,99,7,5,not_evaluated,not_evaluated
Don’t get me wrong but you’re just full of air.,1.1531531531531531,0.0408713412470327,111,97,11,3,not_evaluated,not_evaluated
"As I understand, all your modeling work is done outdoors.",1.153061224489796,0.0419191431527499,98,85,11,2,not_evaluated,not_evaluated
I’m sorry. I just don’t think you’re a serious person.,1.153061224489796,0.0393296469210688,98,84,13,1,not_evaluated,not_evaluated
All this time I thought you were just hot air until I got to know you.,1.153061224489796,0.0419191431527499,98,85,11,2,not_evaluated,not_evaluated
I was delighted to see you on the gust list!,1.153061224489796,0.0419191431527499,98,87,8,3,not_evaluated,not_evaluated
"Scaramouche, scaramouche yes I do the Fandango...",1.153061224489796,0.0443577276061967,98,86,9,3,not_evaluated,not_evaluated
I've never been to a grand opening for a Porsche car wash before.,1.153061224489796,0.0443577276061967,98,86,9,3,not_evaluated,not_evaluated
I'd like to lead for a change!,1.153061224489796,0.0443577276061967,98,86,9,3,not_evaluated,not_evaluated
"I'm here to meet Mr. Floppy. Are you, by chance, Mr. Floppy?",1.153061224489796,0.0419191431527499,98,85,11,2,not_evaluated,not_evaluated
Most people I meet at these things are just filled with hot air.,1.153061224489796,0.0466690629229938,98,87,7,4,not_evaluated,not_evaluated
Just what this party needs ... a conga line!,1.153061224489796,0.0443577276061967,98,86,9,3,not_evaluated,not_evaluated
"Love to dance, but you can only do the one-step!",1.153061224489796,0.0393296469210688,98,84,13,1,not_evaluated,not_evaluated
"Omg, I can't believe you know Silly Sam too! We go way back in the days at Lucky Larry Lemons dealership.",1.153061224489796,0.0443577276061967,98,86,9,3,not_evaluated,not_evaluated
'You remind me of something.',1.152941176470588,0.0426892961903475,85,73,11,1,not_evaluated,not_evaluated
You keep Flip-flopping on the issue!,1.152941176470588,0.0488118848116222,85,75,7,3,not_evaluated,not_evaluated
"Sorry. I prefer my dance partners stirred, not shaken.",1.152941176470588,0.0426892961903475,85,73,11,1,not_evaluated,not_evaluated
"Where have you been all my life? Oh, right, at the car wash.",1.152941176470588,0.0426892961903475,85,73,11,1,not_evaluated,not_evaluated
Unbelievable! Today’s beauty standards are just impossible!,1.152941176470588,0.0488118848116222,85,75,7,3,not_evaluated,not_evaluated
So... Underneath you're literally just a big fan of dancing wind,1.1523809523809525,0.0401027809111097,105,91,12,2,not_evaluated,not_evaluated
Wanna Dance?,1.1523809523809525,0.0401027809111097,105,91,12,2,not_evaluated,not_evaluated
The pastor says that in Vegas it is legal for us to get married.,1.1523809523809525,0.0423247353205504,105,92,10,3,not_evaluated,not_evaluated
I can always hold a drink for you if you would like.,1.1523809523809525,0.0401027809111097,105,91,12,2,not_evaluated,not_evaluated
Being full of hot air looks good on you,1.1523809523809525,0.0377502695838623,105,90,14,1,not_evaluated,not_evaluated
I wish my parents had encouraged a career in dance.,1.1523809523809525,0.0401027809111097,105,91,12,2,not_evaluated,not_evaluated
"Bernoulli you crazy bastard, how are you?",1.1521739130434785,0.0407020996930237,92,79,12,1,not_evaluated,not_evaluated
I take it that you're not interested in a drink right now.,1.1521739130434785,0.0462000433538712,92,81,8,3,not_evaluated,not_evaluated
Martha Graham or Ailey?,1.1521739130434785,0.0407020996930237,92,79,12,1,not_evaluated,not_evaluated
You're just an unapologetic windbag,1.1521739130434785,0.0462000433538712,92,81,8,3,not_evaluated,not_evaluated
I love your dance moves.,1.1521739130434785,0.0487168918255152,92,82,6,4,not_evaluated,not_evaluated
I thought you were saving your inflation costume for Halloween?,1.1521739130434785,0.043537942793157,92,80,10,2,not_evaluated,not_evaluated
I think I met you at the carwash?,1.1521739130434785,0.0407020996930237,92,79,12,1,not_evaluated,not_evaluated
How did you know I'm interested in a used car?,1.1521739130434785,0.0462000433538712,92,81,8,3,not_evaluated,not_evaluated
You’re my air,1.1521739130434785,0.043537942793157,92,80,10,2,not_evaluated,not_evaluated
"Honey, is this your idea of being the life of the party?",1.1521739130434785,0.043537942793157,92,80,10,2,not_evaluated,not_evaluated
you use hot air well,1.1521739130434785,0.0407020996930237,92,79,12,1,not_evaluated,not_evaluated
You seem to be the only one at the party excited about inflation.,1.1521739130434785,0.0407020996930237,92,79,12,1,not_evaluated,not_evaluated
Can you believe these people’s inflated sense of worth?,1.1521739130434785,0.0407020996930237,92,79,12,1,not_evaluated,not_evaluated
"I need to know if we're serious,stop trying to wiggle out of it.",1.1521739130434785,0.043537942793157,92,80,10,2,not_evaluated,not_evaluated
"Come on babe, we both know that I'm not your number one fan....",1.1521739130434785,0.0462000433538712,92,81,8,3,not_evaluated,not_evaluated
You're just spineless,1.1521739130434785,0.0376532784254103,92,78,14,0,not_evaluated,not_evaluated
We’re really enjoying you being here.,1.1521739130434785,0.0376532784254103,92,78,14,0,not_evaluated,not_evaluated
Love it. Whose you botox guy?,1.1521739130434785,0.043537942793157,92,80,10,2,not_evaluated,not_evaluated
Glad to see you finally got a backbone!,1.1521739130434785,0.0407020996930237,92,79,12,1,not_evaluated,not_evaluated
How do you stay so flexible?,1.1518987341772151,0.0444542352441043,79,68,10,1,not_evaluated,not_evaluated
Check me out on LinkedIn.,1.1518987341772151,0.0444542352441043,79,68,10,1,not_evaluated,not_evaluated
don't fall over,1.1518987341772151,0.0479661232117135,79,69,8,2,not_evaluated,not_evaluated
"But this is a cocktail party, not a dance…..",1.1518987341772151,0.0444542352441043,79,68,10,1,not_evaluated,not_evaluated
I can't blame him for putting you on a pedestal.,1.1518987341772151,0.0479661232117135,79,69,8,2,not_evaluated,not_evaluated
"Behold the AI Politician, it's 100% hot air.",1.1518987341772151,0.0512378660834386,79,70,6,3,not_evaluated,not_evaluated
You are a spineless piece of shit!,1.1518987341772151,0.0444542352441043,79,68,10,1,not_evaluated,not_evaluated
I'm pumped to be here!,1.1517857142857142,0.0340570283818569,112,95,17,0,not_evaluated,not_evaluated
Your enthusiasm at these parties is like a gust of fresh air!,1.1515151515151516,0.0389610389610389,99,85,13,1,not_evaluated,not_evaluated
"You know, for someone who's full of hot air, you make a good point",1.1515151515151516,0.0415223508511923,99,86,11,2,not_evaluated,not_evaluated
"Always the big dance moves, Tony.",1.1515151515151516,0.0415223508511923,99,86,11,2,not_evaluated,not_evaluated
You're no more a windbag than anyone else here!,1.1515151515151516,0.0415223508511923,99,86,11,2,not_evaluated,not_evaluated
Where did you get those moves?!?,1.1515151515151516,0.0415223508511923,99,86,11,2,not_evaluated,not_evaluated
I’m personally not too worried about A.I.,1.1515151515151516,0.0439345955198796,99,87,9,3,not_evaluated,not_evaluated
Have you considered spending less time at the oxygen bar?,1.1515151515151516,0.0439345955198796,99,87,9,3,not_evaluated,not_evaluated
"So,how’s the car wash business these days?",1.1515151515151516,0.0462211179741614,99,88,7,4,not_evaluated,not_evaluated
Have we met? I saw you waving at me from across the room.,1.1515151515151516,0.0415223508511923,99,86,11,2,not_evaluated,not_evaluated
Feeling lightheaded?,1.1515151515151516,0.0389610389610389,99,85,13,1,not_evaluated,not_evaluated
"Awe! You are just hot air, mi-dear.",1.1515151515151516,0.0362190487677088,99,84,15,0,not_evaluated,not_evaluated
One second you're the life of the party and then....,1.1515151515151516,0.0299922217760843,99,87,12,0,not_evaluated,not_evaluated
I mean it. You’re really cute. I’m not just another blowhard.,1.1515151515151516,0.0389610389610389,99,85,13,1,not_evaluated,not_evaluated
Wow! Your dance moves make me want to go out and buy a new car!,1.1515151515151516,0.0439345955198796,99,87,9,3,not_evaluated,not_evaluated
You look very cheerful for someone who is exploited over and over again by used car dealerships.,1.1515151515151516,0.0415223508511923,99,86,11,2,not_evaluated,not_evaluated
"I'm actually not looking to buy a new car, but thanks.",1.1515151515151516,0.0389610389610389,99,85,13,1,not_evaluated,not_evaluated
"Just blew in from Chicago, heh? Well, I'm sorry, the watusi dance contest is in the ballroom, next door.",1.1515151515151516,0.0415223508511923,99,86,11,2,not_evaluated,not_evaluated
"Are you really The Answer, My Friend?",1.1515151515151516,0.0439345955198796,99,87,9,3,not_evaluated,not_evaluated
we have so much in common,1.1515151515151516,0.0439345955198796,99,87,9,3,not_evaluated,not_evaluated
"Oh, so this is the metaverse",1.1515151515151516,0.0439345955198796,99,87,9,3,not_evaluated,not_evaluated
I think I'll go get some fresh air.,1.1511627906976745,0.0453514678811848,86,75,9,2,not_evaluated,not_evaluated
And you sell cars? What can’t you do?,1.1511627906976745,0.0388530567207153,86,73,13,0,not_evaluated,not_evaluated
I’ve never met anyone who swings quite like you!,1.1511627906976745,0.0422274534842042,86,74,11,1,not_evaluated,not_evaluated
It's nice to meet another extrovert.,1.1511627906976745,0.0453514678811848,86,75,9,2,not_evaluated,not_evaluated
All I am saying is that your relentless positivity is a little toxic.,1.1511627906976745,0.0422274534842042,86,74,11,1,not_evaluated,not_evaluated
"I told you, this is East 34th Street, the Peyronie’s Disease Benefit is on West 34th Street.",1.1511627906976745,0.0422274534842042,86,74,11,1,not_evaluated,not_evaluated
I’d be outraged about those “hot air” comments too,1.1511627906976745,0.0422274534842042,86,74,11,1,not_evaluated,not_evaluated
"Can we agree to disagree, Betty? Inflation is not my biggest concern.",1.1511627906976745,0.0482737345789162,86,76,7,3,not_evaluated,not_evaluated
"So, what gigs have you done since Jimbo’s Car Sales?",1.150943396226415,0.039748655133722,106,92,12,2,not_evaluated,not_evaluated
"Dahh-ling. The old ""Come hither"" look just isn't working for you.",1.150943396226415,0.0440379906850197,106,94,8,4,not_evaluated,not_evaluated
Would you please stand still while we're having a conversation!,1.150943396226415,0.0419481835632572,106,93,10,3,not_evaluated,not_evaluated
It's so refreshing to talk with someone who isn't a total airhead.,1.150943396226415,0.0374200623412415,106,91,14,1,not_evaluated,not_evaluated
I identify as Banana.,1.150943396226415,0.039748655133722,106,92,12,2,not_evaluated,not_evaluated
I like you. You don’t have an inflated ego.,1.150943396226415,0.0374200623412415,106,91,14,1,not_evaluated,not_evaluated
Thank you so much for attending our grand opening extravaganza.,1.1505376344086022,0.0430983213285818,93,81,10,2,not_evaluated,not_evaluated
Could we talk about something besides mattresses and used cars?,1.1505376344086022,0.0430983213285818,93,81,10,2,not_evaluated,not_evaluated
I understand you're in sales,1.1505376344086022,0.0402953001061551,93,80,12,1,not_evaluated,not_evaluated
You’re such a free spirit babe!,1.1505376344086022,0.0402953001061551,93,80,12,1,not_evaluated,not_evaluated
Is noodle dancing your side hustle or your passion?,1.1505376344086022,0.0430983213285818,93,81,10,2,not_evaluated,not_evaluated
"Sorry, Honey. I need a lot more wine for that.",1.1505376344086022,0.0430983213285818,93,81,10,2,not_evaluated,not_evaluated
No . . . I don't think you have an inflated view of yourself.,1.1505376344086022,0.0372821286938999,93,79,14,0,not_evaluated,not_evaluated
Do you tend to lean to the left or right on things?,1.1505376344086022,0.0402953001061551,93,80,12,1,not_evaluated,not_evaluated
I recognize you from the muffler shop.,1.1505376344086022,0.0457298523071995,93,82,8,3,not_evaluated,not_evaluated
"I can't believe, I'm receiving an Award for the most, US American made cars,  sold in California!",1.1505376344086022,0.0457298523071995,93,82,8,3,not_evaluated,not_evaluated
"The twist?  The hula?  Hip replacement?  Passing gas?
I give up.",1.1505376344086022,0.0457298523071995,93,82,8,3,not_evaluated,not_evaluated
Stop it.  You're attracting attention.,1.1505376344086022,0.0402953001061551,93,80,12,1,not_evaluated,not_evaluated
How do you mean total vacuity is the secret of happiness?,1.1505376344086022,0.0457298523071995,93,82,8,3,not_evaluated,not_evaluated
"So, are your hours flexible?",1.1505376344086022,0.0402953001061551,93,80,12,1,not_evaluated,not_evaluated
"Do you go by he, she, they, or it?",1.1505376344086022,0.0482179788329505,93,83,6,4,not_evaluated,not_evaluated
I told you it wasn’t a costume party!,1.1505376344086022,0.0402953001061551,93,80,12,1,not_evaluated,not_evaluated
"I see you wobbly, happy and relaxed all the time. What's your secret?",1.1505376344086022,0.0457298523071995,93,82,8,3,not_evaluated,not_evaluated
So you said you're a used car salesman?,1.1504424778761062,0.0381734491703773,113,98,13,2,not_evaluated,not_evaluated
"Your profile said you are  ‘a lot’, it didn’t say you were FROM a lot!",1.15,0.0439360870678698,80,69,10,1,not_evaluated,not_evaluated
"Don’t  be nervous, just go with the flow!",1.15,0.0411329453348431,100,87,11,2,not_evaluated,not_evaluated
You had me at first wave.,1.15,0.0439360870678698,80,69,10,1,not_evaluated,not_evaluated
I love that you're so airy!,1.15,0.0435194139889244,100,88,9,3,not_evaluated,not_evaluated
So I hear you're hoping for a spot on the judiciary committee.,1.15,0.0474007958059564,80,70,8,2,not_evaluated,not_evaluated
Love your work! Whatever it is.,1.15,0.0385992097056273,100,86,13,1,not_evaluated,not_evaluated
And that price includes floor mats?,1.15,0.0385992097056273,100,86,13,1,not_evaluated,not_evaluated
Inflation is really impacting my dating life.,1.15,0.0439360870678698,80,69,10,1,not_evaluated,not_evaluated
"I have to admit, you've completely changed my perception of used car salespeople.",1.15,0.0385992097056273,100,86,13,1,not_evaluated,not_evaluated
My firend's say I'm full of hot air. How about you?,1.15,0.0385992097056273,100,86,13,1,not_evaluated,not_evaluated
May I offer you some air freshener?,1.15,0.0479372485441102,100,90,5,5,not_evaluated,not_evaluated
"No, I'm not from around here, I just blew in from the Ford dealership in Albany",1.15,0.0411329453348431,100,89,8,3,not_evaluated,not_evaluated
"Airin my dear, the women agreed to be dressed in black",1.15,0.0385992097056273,100,86,13,1,not_evaluated,not_evaluated
"Loving your positive spin on inflation!""",1.15,0.0385992097056273,100,86,13,1,not_evaluated,not_evaluated
"Finally, a person of substance !",1.15,0.0474007958059564,80,70,8,2,not_evaluated,not_evaluated
Are you trying to tell me I'm long-winded?,1.15,0.0474007958059564,80,70,8,2,not_evaluated,not_evaluated
Do you ever feel like you're just not getting anywhere?,1.15,0.0358870281282637,100,85,15,0,not_evaluated,not_evaluated
Thanks. You are reminding me I need  to gas up before I drive home.,1.15,0.0385992097056273,100,86,13,1,not_evaluated,not_evaluated
"Turn me on
OR
I will turn you off!",1.15,0.0439360870678698,80,69,10,1,not_evaluated,not_evaluated
So the Ozempic shot doesn't make you feel deflated?,1.15,0.050628955541671,80,71,6,3,not_evaluated,not_evaluated
"Wow, you go with the flow!",1.15,0.0385992097056273,100,86,13,1,not_evaluated,not_evaluated
I thought a tube top would be inappropriate for happy hour.,1.15,0.0411329453348431,100,87,11,2,not_evaluated,not_evaluated
"Girl, you freaky!",1.15,0.0435194139889244,100,88,9,3,not_evaluated,not_evaluated
Who's your massage therapist?,1.1495327102803738,0.0370955252885093,107,95,10,2,not_evaluated,not_evaluated
You embody the American dream- from car wash to A-list.,1.1495327102803738,0.0415782332830623,107,94,10,3,not_evaluated,not_evaluated
I don’t suppose you have another cartoon?,1.1495327102803738,0.0415782332830623,107,94,10,3,not_evaluated,not_evaluated
Can I at least get the name of your calisthenics instructor?,1.1495327102803738,0.0370955252885093,107,92,14,1,not_evaluated,not_evaluated
Why do you always turn into a dancer after two glasses of wine?,1.1495327102803738,0.0319907253734597,107,93,14,0,not_evaluated,not_evaluated
I sent you a friend request and a wave.,1.1495327102803738,0.0394006819698034,107,93,12,2,not_evaluated,not_evaluated
"Just for once, I wish I could meet someone who was not full of hot air.",1.1495327102803738,0.0370955252885093,107,92,14,1,not_evaluated,not_evaluated
"Really, you don’t have to do this. Everyone already thinks you’re a fly guy.",1.1495327102803738,0.0415782332830623,107,94,10,3,not_evaluated,not_evaluated
Thanks for listening- most guys are just full of hot air.,1.1494252873563218,0.0448608160649388,87,76,9,2,not_evaluated,not_evaluated
"I know, you are a creative.",1.1494252873563218,0.0448608160649388,87,76,9,2,not_evaluated,not_evaluated
"You certainly exude a ""what me worry"" vibe.",1.1494252873563218,0.0417754067801899,87,75,11,1,not_evaluated,not_evaluated
"Are you animal, vegetable, or mineral?",1.1494252873563218,0.0417754067801899,87,75,11,1,not_evaluated,not_evaluated
Let’s bounce. They’re just a bunch of airheads.,1.1494252873563218,0.0448608160649388,87,76,9,2,not_evaluated,not_evaluated
"The red or the white, darling?",1.1494252873563218,0.0504688936943949,87,78,5,4,not_evaluated,not_evaluated
"I dunno what my secret is, it just seems like as soon as I'm feeling down I'm up and happy and dancing before I know it.",1.1494252873563218,0.0384431581076321,87,74,13,0,not_evaluated,not_evaluated
"But, I don't see any angels...",1.1494252873563218,0.0477472619568306,87,77,7,3,not_evaluated,not_evaluated
Let's get out of here.  This party blows!,1.1494252873563218,0.0477472619568306,87,77,7,3,not_evaluated,not_evaluated
"You are so calm, when inside.",1.1494252873563218,0.0384431581076321,87,74,13,0,not_evaluated,not_evaluated
"Yes Kylie,  you do look prettier that all your sisters!",1.1494252873563218,0.0417754067801899,87,75,11,1,not_evaluated,not_evaluated
I’m just floating around the room,1.1494252873563218,0.0448608160649388,87,76,9,2,not_evaluated,not_evaluated
Everyone here blows. No offense.,1.1494252873563218,0.0448608160649388,87,76,9,2,not_evaluated,not_evaluated
This isn't the kind of place to try to get attention.,1.1494252873563218,0.0384431581076321,87,74,13,0,not_evaluated,not_evaluated
... and then I found five dollars.,1.1494252873563218,0.0384431581076321,87,74,13,0,not_evaluated,not_evaluated
Have you ever considered a career in marketing?,1.1494252873563218,0.0417754067801899,87,75,11,1,not_evaluated,not_evaluated
Let's face it....life isn't always a breeze,1.1494252873563218,0.0417754067801899,87,75,11,1,not_evaluated,not_evaluated
This can't be you Met Gala look !! Please.,1.1494252873563218,0.0448608160649388,87,76,9,2,not_evaluated,not_evaluated
Do you think my manager will notice I’ve had three glasses of Chardonnay?,1.1494252873563218,0.0448608160649388,87,76,9,2,not_evaluated,not_evaluated
See? I told you you could twist in the wind here.,1.149122807017544,0.0357509892299394,114,98,15,1,not_evaluated,not_evaluated
"Jeez, another guest full of hot air.",1.148936170212766,0.0398964766762762,94,81,12,1,not_evaluated,not_evaluated
"Seriously, your dancing transcends your deformity.",1.148936170212766,0.0398964766762762,94,81,12,1,not_evaluated,not_evaluated
"So, how long have you worked in car sales?",1.148936170212766,0.0426674284505853,94,82,10,2,not_evaluated,not_evaluated
My networking events are never going to be as much fun for you as the Toyotathon.,1.148936170212766,0.0426674284505853,94,82,10,2,not_evaluated,not_evaluated
"Well, she did say you were tall, and in show business...",1.148936170212766,0.0477291383684658,94,84,6,4,not_evaluated,not_evaluated
"No darling, I am sure it’s not Parkinson’s.",1.148936170212766,0.0452690849254874,94,83,8,3,not_evaluated,not_evaluated
"Oh, dearie, I am too woke to bother with defining genders.  I am who I am.  Isn't that obvious?",1.148936170212766,0.0398964766762762,94,81,12,1,not_evaluated,not_evaluated
You have no idea what it's like having to depend on your fans for support.,1.148936170212766,0.0426674284505853,94,82,10,2,not_evaluated,not_evaluated
I've read your treatise on curb inflation.,1.148936170212766,0.0398964766762762,94,81,12,1,not_evaluated,not_evaluated
Are you always Blowin in the Wind or just full of hot air?,1.148936170212766,0.0426674284505853,94,82,10,2,not_evaluated,not_evaluated
"So, how do you manage to keep your self sane?",1.148936170212766,0.0452690849254874,94,83,8,3,not_evaluated,not_evaluated
Just love it when you do that thing that you do.,1.1485148514851484,0.0453504257053417,101,90,7,4,not_evaluated,not_evaluated
Relax.,1.1485148514851484,0.0431119624892619,101,89,9,3,not_evaluated,not_evaluated
You are quite a dancer but I don't really want a used car.,1.1485148514851484,0.0431119624892619,101,89,9,3,not_evaluated,not_evaluated
"Seriously, I'm not blowing wind up your arse!",1.1485148514851484,0.0382439760709465,101,87,13,1,not_evaluated,not_evaluated
I agree!  We should follow the winds of change any which way they blow.,1.1485148514851484,0.0407507240143697,101,88,11,2,not_evaluated,not_evaluated
"'You're doing great! I think you blend in well, no one will ever know your a republican.""",1.1485148514851484,0.0431119624892619,101,89,9,3,not_evaluated,not_evaluated
"If I had your moves and brilliant smile, I wouldn't need a drink either.",1.1485148514851484,0.0407507240143697,101,88,11,2,not_evaluated,not_evaluated
You really have some great moves but you're not much of a conversationist.,1.1485148514851484,0.0453504257053417,101,90,7,4,not_evaluated,not_evaluated
"Yeah, but, you dance when everyone is watching!",1.1485148514851484,0.0407507240143697,101,88,11,2,not_evaluated,not_evaluated
"OMG,your new dance will totally blow up!",1.1485148514851484,0.0407507240143697,101,88,11,2,not_evaluated,not_evaluated
"Not one for Irish goodbyes,huh?",1.1485148514851484,0.0382439760709465,101,87,13,1,not_evaluated,not_evaluated
Some people are so full of hot air!,1.1485148514851484,0.0407507240143697,101,88,11,2,not_evaluated,not_evaluated
This is the fifth time I've turned your inflated ego down.,1.148148148148148,0.0432634127462598,108,96,8,4,not_evaluated,not_evaluated
"So, what's your trick to being the dealership's top salesman?",1.148148148148148,0.0500342818003937,81,72,6,3,not_evaluated,not_evaluated
I never could do the twist.,1.148148148148148,0.0390587038878252,108,94,12,2,not_evaluated,not_evaluated
Most guys are just full of hot air.,1.148148148148148,0.0468485579284204,81,71,8,2,not_evaluated,not_evaluated
"I'd love to dance, but won't be able to match your self esteem.",1.148148148148148,0.0468485579284204,81,71,8,2,not_evaluated,not_evaluated
"Of all the gin joints, in all the towns, in all the world, she walks into mine…",1.148148148148148,0.0367765153714786,108,96,10,2,not_evaluated,not_evaluated
Somebody has to be the first one out on the dance floor!,1.1478260869565218,0.0375518522994091,115,100,13,2,not_evaluated,not_evaluated
You’re in advertising? So did you feel like Mad Men was pretty spot on?,1.1477272727272727,0.0443805993487705,88,77,9,2,not_evaluated,not_evaluated
"This is why I don't like to attend these functions with you, you over-inflate and make a show of it.",1.1477272727272727,0.0472320930979117,88,78,7,3,not_evaluated,not_evaluated
Let me get this straight. You're a trans inflatable air dancer in drag?,1.1477272727272727,0.04992097393144,88,79,5,4,not_evaluated,not_evaluated
How do you maintain such a fantastic figure? What does your diet consist of?,1.1477272727272727,0.0413328510836402,88,76,11,1,not_evaluated,not_evaluated
I see you got all dressed up for our Grand Opening.,1.1477272727272727,0.0413328510836402,88,76,11,1,not_evaluated,not_evaluated
"""You're as full of hot air as the last guy but at least you can dance.""",1.1477272727272727,0.0443805993487705,88,77,9,2,not_evaluated,not_evaluated
Wanna take a break? No one is watching.,1.1477272727272727,0.0413328510836402,88,76,11,1,not_evaluated,not_evaluated
I’m already in an off and on relationship!,1.1477272727272727,0.0443805993487705,88,77,9,2,not_evaluated,not_evaluated
Can you twerk ?,1.1477272727272727,0.0413328510836402,88,76,11,1,not_evaluated,not_evaluated
"I'd love to chat with you, but I can see you are just a blowhard!",1.1477272727272727,0.0472320930979117,88,78,7,3,not_evaluated,not_evaluated
"Oh no, how do you think the US Supreme Court will rule?",1.1477272727272727,0.0443805993487705,88,77,9,2,not_evaluated,not_evaluated
You got my attention immediately.,1.1477272727272727,0.0443805993487705,88,77,9,2,not_evaluated,not_evaluated
Why can't you just engage in small talk like everyone else?,1.1473684210526316,0.0422450088562631,95,83,10,2,not_evaluated,not_evaluated
They really do find  you captivating.,1.1473684210526316,0.0395053997262686,95,82,12,1,not_evaluated,not_evaluated
"I love the wave and flutter, but can you Twerk?",1.1473684210526316,0.0448174624337348,95,84,8,3,not_evaluated,not_evaluated
"Yea, I’m sure you did “kill it” at the new tint place grand opening, but now we’re actually at an event for me",1.1473684210526316,0.0472500698912998,95,85,6,4,not_evaluated,not_evaluated
I think we both know which way the wind blows around here.,1.1473684210526316,0.0422450088562631,95,83,10,2,not_evaluated,not_evaluated
"I know, inflation has really gotten out of control.",1.1473684210526316,0.0365610782362717,95,81,14,0,not_evaluated,not_evaluated
"In a party setting, I find your flailing antics enchanting. However, I'm not sure it would entice me to purchase a car.",1.1473684210526316,0.0448174624337348,95,84,8,3,not_evaluated,not_evaluated
I love your carefree attitude,1.1473684210526316,0.0448174624337348,95,84,8,3,not_evaluated,not_evaluated
I'd offer to bring you a drink -- but I don't know.,1.1473684210526316,0.0422450088562631,95,83,10,2,not_evaluated,not_evaluated
Am so glad you dumped that gasbag you came to the last party with.,1.1473684210526316,0.0395053997262686,95,82,12,1,not_evaluated,not_evaluated
"Wow, those moves! You really know how to get someone's attention.",1.1473684210526316,0.0395053997262686,95,82,12,1,not_evaluated,not_evaluated
"Pointy bottoms are so, like, yesterday.",1.1470588235294117,0.0378951614101994,102,88,13,1,not_evaluated,not_evaluated
I’m really craving a cigarette for some reason.,1.1470588235294117,0.0403754915644375,102,89,11,2,not_evaluated,not_evaluated
I noticed you from across the room.  Is my car ready?,1.1470588235294117,0.0427120285146335,102,90,9,3,not_evaluated,not_evaluated
I just feel like you GET me.,1.1470588235294117,0.0470381919440434,102,92,5,5,not_evaluated,not_evaluated
Wednesday Addams will be here soon. You'll love her.,1.1470588235294117,0.0403754915644375,102,89,11,2,not_evaluated,not_evaluated
Inflated ego? I just can’t see it,1.1470588235294117,0.0427120285146335,102,90,9,3,not_evaluated,not_evaluated
You look vaguely familiar. Haven’t I seen you at some car dealership on Route 1?,1.146788990825688,0.0364628942355146,109,94,14,1,not_evaluated,not_evaluated
Congratulations on your promotion,1.146788990825688,0.0364628942355146,109,94,14,1,not_evaluated,not_evaluated
"Then, with so many electric cars, you got out of the gas station business?",1.1466666666666667,0.0491122389228185,75,66,7,2,not_evaluated,not_evaluated
You've come a long way since your gig on the roof of Saul Goodman's office in Breaking Bad.,1.146341463414634,0.0463089633892549,82,72,8,2,not_evaluated,not_evaluated
How did you get into automotive sales?,1.146341463414634,0.0463089633892549,82,72,8,2,not_evaluated,not_evaluated
Well next time don’t trust the Instagram ad.,1.146341463414634,0.0463089633892549,82,72,8,2,not_evaluated,not_evaluated
May I have the next compressed air dance,1.146341463414634,0.0429349038421541,82,71,10,1,not_evaluated,not_evaluated
"All things considered, I think I'd go with skydancer over tube man.",1.146341463414634,0.0392720237024104,82,70,12,0,not_evaluated,not_evaluated
"I love talking with you! Everyone else at this party is so full of hot air.""",1.146341463414634,0.0494533539048636,82,73,6,3,not_evaluated,not_evaluated
Was it Wind Yoga?,1.146341463414634,0.0429349038421541,82,71,10,1,not_evaluated,not_evaluated
I thought you were taller,1.146341463414634,0.0429349038421541,82,71,10,1,not_evaluated,not_evaluated
How do you do it? Such an air of sophistication!,1.146341463414634,0.0429349038421541,82,71,10,1,not_evaluated,not_evaluated
And then he told me that you were just blowing air up his ass!,1.146341463414634,0.0463089633892549,82,72,8,2,not_evaluated,not_evaluated
I love what you have done with your hair.,1.146067415730337,0.043910490827793,89,78,9,2,not_evaluated,not_evaluated
I stole classified documents from work.,1.146067415730337,0.0467278698385757,89,79,7,3,not_evaluated,not_evaluated
One of the perks of being a lesbian means never having to use a condom again.,1.146067415730337,0.043910490827793,89,78,9,2,not_evaluated,not_evaluated
You are always trying to attract attention.,1.146067415730337,0.043910490827793,89,78,9,2,not_evaluated,not_evaluated
"I' told them you were attractive, both inside and out.",1.146067415730337,0.0408994937600029,89,77,11,1,not_evaluated,not_evaluated
I haven’t seen you since the car dealership closed,1.146067415730337,0.0467278698385757,89,79,7,3,not_evaluated,not_evaluated
Congrats on the promotion to the BMW lot!,1.146067415730337,0.043910490827793,89,78,9,2,not_evaluated,not_evaluated
I saw your friend at the appliance store the other day...,1.146067415730337,0.0376484524902597,89,76,13,0,not_evaluated,not_evaluated
So. . .mercurial or bipolar?,1.146067415730337,0.0408994937600029,89,77,11,1,not_evaluated,not_evaluated
Excuse me:  Am I correct in assuming that you go both ways?,1.146067415730337,0.043910490827793,89,78,9,2,not_evaluated,not_evaluated
It’s so true.  You can’t be passionate about the Toyotathon until you can be compassionate to yourself.,1.146067415730337,0.043910490827793,89,78,9,2,not_evaluated,not_evaluated
Who knew we had so much in common?,1.146067415730337,0.0467278698385757,89,79,7,3,not_evaluated,not_evaluated
"It's a good thing that you're flexible.""",1.146067415730337,0.043910490827793,89,78,9,2,not_evaluated,not_evaluated
May I have the first dance?,1.146067415730337,0.0408994937600029,89,77,11,1,not_evaluated,not_evaluated
How long have you been microdosing?,1.146067415730337,0.0493847793815468,89,80,5,4,not_evaluated,not_evaluated
"I think it is trying to tell us something."" -Rohan Shah, 13 years ol",1.146067415730337,0.0376484524902597,89,76,13,0,not_evaluated,not_evaluated
"Sometimes I just feel that I am flapping in the wind, you know?",1.146067415730337,0.043910490827793,89,78,9,2,not_evaluated,not_evaluated
"Finally, someone who's not afraid to move their body.",1.146067415730337,0.0467278698385757,89,79,7,3,not_evaluated,not_evaluated
"Steve, I can’t believe you showed up to this event topless.",1.146067415730337,0.043910490827793,89,78,9,2,not_evaluated,not_evaluated
I am so glad you could make it despite the hurricane.,1.1458333333333333,0.0418308170068669,96,84,10,2,not_evaluated,not_evaluated
"Bends and tassels are my fav.
Tell me your secret.",1.1458333333333333,0.0443747168675589,96,85,8,3,not_evaluated,not_evaluated
"You're full of hot air, and wiggle constantly - making you the ideal candidate!",1.1458333333333333,0.0391218481905949,96,83,12,1,not_evaluated,not_evaluated
So you're saying that the answer IS blowing in the wind?,1.1458333333333333,0.046780484635049,96,86,6,4,not_evaluated,not_evaluated
You have very beguiling dance moves.,1.1458333333333333,0.0391218481905949,96,83,12,1,not_evaluated,not_evaluated
Didn’t we meet at the used car lot?,1.1458333333333333,0.046780484635049,96,86,6,4,not_evaluated,not_evaluated
"Happy,happy,happy,happy",1.1458333333333333,0.0362107823753356,96,82,14,0,not_evaluated,not_evaluated
"your hips,the flow,i just gotta know",1.1458333333333333,0.0418308170068669,96,84,10,2,not_evaluated,not_evaluated
Get wiggly with it!,1.1458333333333333,0.0391218481905949,96,83,12,1,not_evaluated,not_evaluated
Why do you always act like an airhead at these parties?,1.1458333333333333,0.0418308170068669,96,84,10,2,not_evaluated,not_evaluated
I told you you would like this party. We’re all pretty much like you.,1.1458333333333333,0.0362107823753356,96,84,11,1,not_evaluated,not_evaluated
I have never met anyone quite like you.,1.1458333333333333,0.0418308170068669,96,84,10,2,not_evaluated,not_evaluated
"Always so much hot air being blown around at these work functions, am I right?",1.1458333333333333,0.0443747168675589,96,85,8,3,not_evaluated,not_evaluated
You look so familiar. Were you at Burning Man ‘99?,1.145631067961165,0.0375525952386118,103,89,13,1,not_evaluated,not_evaluated
"...So I told my therapist, 'I feel like I'm just being flailed about by the   winds of life.'",1.145631067961165,0.0375525952386118,103,89,13,1,not_evaluated,not_evaluated
"You steal my moves AND my promotion, yet I still can't take my eyes off of you.",1.145631067961165,0.0423194072188415,103,91,9,3,not_evaluated,not_evaluated
You certainly can draw attention.,1.145631067961165,0.0423194072188415,103,91,9,3,not_evaluated,not_evaluated
Thanks for talking with me. Everyone else at this party is just hot air.,1.145631067961165,0.0375525952386118,103,89,13,1,not_evaluated,not_evaluated
"We are thrilled you could attend, Speaker McCarthy",1.145631067961165,0.0423194072188415,103,91,9,3,not_evaluated,not_evaluated
You really think I'm that funny?”,1.145631067961165,0.0466011485432844,103,93,5,5,not_evaluated,not_evaluated
Move your feet? You should talk.,1.1451612903225807,0.033763708131195,124,107,16,1,not_evaluated,not_evaluated
me and my partner noticed you from across the room and we really dig your vibe.,1.144736842105263,0.0447368421052631,76,66,9,1,not_evaluated,not_evaluated
You learned those moves from Bub's Bait & Tackle?,1.144736842105263,0.0485001261290494,76,67,7,2,not_evaluated,not_evaluated
I hear that you know the name of an excellent chiropractor,1.144736842105263,0.0485001261290494,76,67,7,2,not_evaluated,not_evaluated
"Is that a pump in your pocket, or are you happy to see me?",1.144736842105263,0.0447368421052631,76,66,9,1,not_evaluated,not_evaluated
"They say you're full of hot air,
but I like the look!",1.144736842105263,0.0485001261290494,76,67,7,2,not_evaluated,not_evaluated
I love dancing! Can we go dancing together on Friday?,1.144736842105263,0.0447368421052631,76,66,9,1,not_evaluated,not_evaluated
You’ve come to the right place for hot air.,1.144578313253012,0.0457815858810471,83,73,8,2,not_evaluated,not_evaluated
you are full of hot air! there is no way she will go out with you,1.144578313253012,0.0424510923948176,83,72,10,1,not_evaluated,not_evaluated
So how is your move from Sales to that desk job working out?,1.144578313253012,0.0424510923948176,83,72,10,1,not_evaluated,not_evaluated
"Hey Joe, sell many cars this quarter?",1.144578313253012,0.0424510923948176,83,72,10,1,not_evaluated,not_evaluated
Dave really needs more black friends.,1.144578313253012,0.0424510923948176,83,72,10,1,not_evaluated,not_evaluated
"What do I call you?
They... or just Carrot top!",1.144578313253012,0.0457815858810471,83,73,8,2,not_evaluated,not_evaluated
Wanna shimmy?,1.144578313253012,0.0424510923948176,83,72,10,1,not_evaluated,not_evaluated
You've just got to choreograph my next show!,1.144578313253012,0.0457815858810471,83,73,8,2,not_evaluated,not_evaluated
I notice you never take a position on anything.,1.144578313253012,0.0424510923948176,83,72,10,1,not_evaluated,not_evaluated
I use like a ton of hair gel.,1.144578313253012,0.0424510923948176,83,72,10,1,not_evaluated,not_evaluated
I guess you're trending positive re inflation.,1.144578313253012,0.0488857030843788,83,74,6,3,not_evaluated,not_evaluated
"I'm sorry, they want you too in the horse costume.",1.144578313253012,0.0424510923948176,83,72,10,1,not_evaluated,not_evaluated
Would you like to go outside for some fresh air?,1.144578313253012,0.0457815858810471,83,73,8,2,not_evaluated,not_evaluated
"Yes, I’ll get you home by ten.  You just seemed much more flexible at the car lot.",1.144578313253012,0.0424510923948176,83,72,10,1,not_evaluated,not_evaluated
What's phallic and full of hot air? This guy.,1.144578313253012,0.0424510923948176,83,72,10,1,not_evaluated,not_evaluated
"You’re giving Nick Cave, Dance Church, Used car lot",1.144578313253012,0.0457815858810471,83,73,8,2,not_evaluated,not_evaluated
"I’m shooting the breeze. No really, only stand in front of me.",1.144578313253012,0.0424510923948176,83,72,10,1,not_evaluated,not_evaluated
"You're exactly right, sometimes the wind blows in ways we can't predict.",1.1444444444444444,0.0434501769895963,90,79,9,2,not_evaluated,not_evaluated
I hear you finally got promoted to management.,1.1444444444444444,0.0434501769895963,90,79,9,2,not_evaluated,not_evaluated
"I love talking to you, everyone else is so full of hot air!",1.1444444444444444,0.0404750539257196,90,78,11,1,not_evaluated,not_evaluated
"As I've said before, you have great body and arm action, but you'll have to move those legs and feet too if we plan to compete competitively.",1.1444444444444444,0.0404750539257196,90,78,11,1,not_evaluated,not_evaluated
You certainly offer an interesting perspective on inflation.,1.1444444444444444,0.0462342488915368,90,80,7,3,not_evaluated,not_evaluated
Did you notice that everyone here is full of hot air,1.1444444444444444,0.0404750539257196,90,78,11,1,not_evaluated,not_evaluated
"You've got the best moves on the dance floor, until the power goes out and you are as flaccid as my ex.",1.1444444444444444,0.0434501769895963,90,79,9,2,not_evaluated,not_evaluated
"What do you mean, ""what's gender""??",1.1444444444444444,0.0434501769895963,90,79,9,2,not_evaluated,not_evaluated
"Voila, shall we dance?",1.1444444444444444,0.0462342488915368,90,80,7,3,not_evaluated,not_evaluated
I’d offer you a drink but…,1.1444444444444444,0.0404750539257196,90,78,11,1,not_evaluated,not_evaluated
"Finally, someone here that isn't full of hot air.",1.1444444444444444,0.0434501769895963,90,79,9,2,not_evaluated,not_evaluated
"Catch me, if you can""",1.1444444444444444,0.0434501769895963,90,79,9,2,not_evaluated,not_evaluated
I think we met last week at the used car lot on Route 52.,1.1444444444444444,0.0404750539257196,90,78,11,1,not_evaluated,not_evaluated
I just think you have an inflated sense of self.,1.1444444444444444,0.048859939221226,90,81,5,4,not_evaluated,not_evaluated
Did you just blow in from out of town?,1.1444444444444444,0.0434501769895963,90,79,9,2,not_evaluated,not_evaluated
"At the entrepreneur's mixer, Janine showed off her first million dollar idea: Fan Man.",1.1444444444444444,0.0434501769895963,90,79,9,2,not_evaluated,not_evaluated
What is that wonderful deodorant you’re wearing?,1.1444444444444444,0.0434501769895963,90,79,9,2,not_evaluated,not_evaluated
I envy you being able to float about in life without a care in the world,1.1444444444444444,0.0462342488915368,90,80,7,3,not_evaluated,not_evaluated
You really know how to move with such fluidity,1.1444444444444444,0.0434501769895963,90,79,9,2,not_evaluated,not_evaluated
I knew you could dance but I didn’t expect you to be the cool breeze in a room full of hot hair!,1.1444444444444444,0.0372631466754028,90,77,13,0,not_evaluated,not_evaluated
"- I don't understand how you got promoted...
 - Well, I think it's the inflation.",1.1444444444444444,0.0434501769895963,90,79,9,2,not_evaluated,not_evaluated
"Did you attend last year's car dealership networking convention, too?""",1.1443298969072164,0.0439405905585719,97,86,8,3,not_evaluated,not_evaluated
Do you ever give it a rest? The boss isn’t even here.,1.1443298969072164,0.0414246166709319,97,85,10,2,not_evaluated,not_evaluated
"You were voted ""Most Up and Coming,"" right?",1.1443298969072164,0.0387456092226106,97,84,12,1,not_evaluated,not_evaluated
"Hey,Macarena,hey!",1.1443298969072164,0.0387456092226106,97,84,12,1,not_evaluated,not_evaluated
Relax! You don’t need to try so hard to pretend you are having a good time.,1.1443298969072164,0.0387456092226106,97,84,12,1,not_evaluated,not_evaluated
Of course - I remember now! That enchanting muffler shop on Main...I wore my sassy summer frock...,1.1443298969072164,0.0414246166709319,97,85,10,2,not_evaluated,not_evaluated
My last boyfriend was full of hot air.,1.1443298969072164,0.0463201050402356,97,87,6,4,not_evaluated,not_evaluated
Gender fluid I understand. But gender inflatable?,1.1443298969072164,0.048583214830236,97,88,4,5,not_evaluated,not_evaluated
Well unlike most people at a party I don't need a drink to loosen up.,1.1443298969072164,0.0414246166709319,97,85,10,2,not_evaluated,not_evaluated
It's still off-gassing.,1.1443298969072164,0.0439405905585719,97,86,8,3,not_evaluated,not_evaluated
"Marlene, when your manager told you to appear flexible and friendly at the car conference, I don’t think this is what she meant.",1.1443298969072164,0.035867054544928,97,83,14,0,not_evaluated,not_evaluated
"Don't be so modest, Mr. Tubeman.  You really are the best air dancer in New York.",1.1443298969072164,0.0387456092226106,97,84,12,1,not_evaluated,not_evaluated
Are you sure inflation didn't hit you?,1.1443298969072164,0.048583214830236,97,88,4,5,not_evaluated,not_evaluated
"I dance as if unseen air moves me, but it is the fan motors in the base that give me the groove to move.",1.1442307692307692,0.0372161129719919,104,90,13,1,not_evaluated,not_evaluated
There’ll be time enough for dancing when the Supreme Court has ethics rules.,1.1442307692307692,0.0419339010767694,104,92,9,3,not_evaluated,not_evaluated
"Aw c'mon. That's just a lot of hot air, no offense or anything.",1.1442307692307692,0.0372161129719919,104,90,13,1,not_evaluated,not_evaluated
"I know it sounds like a pickup line, but haven't I seen you somewhere else before?",1.1442307692307692,0.0396452464001698,104,91,11,2,not_evaluated,not_evaluated
Don’t I know you from some where?,1.1442307692307692,0.0372161129719919,104,90,13,1,not_evaluated,not_evaluated
"Girl, how do you keep that figure?",1.1441441441441442,0.0334890226048498,111,95,16,0,not_evaluated,not_evaluated
You're a refreshing change from all those inflated egos.,1.1428571428571428,0.0435148356485836,98,87,8,3,not_evaluated,not_evaluated
Well its either Jack or Jill but lets not beat around the bush,1.1428571428571428,0.0419779780764853,84,73,10,1,not_evaluated,not_evaluated
You must be from China.,1.1428571428571428,0.0383764778226668,98,85,12,1,not_evaluated,not_evaluated
I think you are blowing this way out of proportion.,1.1428571428571428,0.0415553195630528,105,93,9,3,not_evaluated,not_evaluated
"The date was awful, but he gave me a great deal on my SUV.",1.1428571428571428,0.0479030039081015,77,68,7,2,not_evaluated,not_evaluated
"So, how tall are you?",1.1428571428571428,0.0441920160635532,77,67,9,1,not_evaluated,not_evaluated
This was not disclosed on your dating profile.,1.1428571428571428,0.0419779780764853,84,73,10,1,not_evaluated,not_evaluated
"People call you a windbag, but I'm enjoying our talk.",1.1428571428571428,0.0419779780764853,84,73,10,1,not_evaluated,not_evaluated
You must be the Director of Operations.,1.1428571428571428,0.0400592618739701,91,79,11,1,not_evaluated,not_evaluated
I can't believe I swayed you!,1.1428571428571428,0.0419779780764853,84,73,10,1,not_evaluated,not_evaluated
You need to work on your lower body flexibility.,1.1428571428571428,0.0419779780764853,84,73,10,1,not_evaluated,not_evaluated
One word would make you irresistible!,1.1428571428571428,0.0355297145267005,98,84,14,0,not_evaluated,not_evaluated
"Look me in the eye if you're going to break up with me, Derek!",1.1428571428571428,0.0457509010871677,91,81,7,3,not_evaluated,not_evaluated
I was immediately gravitated toward your natural charisma and joie de vivre.,1.1428571428571428,0.0435148356485836,98,87,8,3,not_evaluated,not_evaluated
Didn’t I see you in “Nope?”,1.1428571428571428,0.0368855556781658,91,78,13,0,not_evaluated,not_evaluated
So do you play basketball?,1.1428571428571428,0.0429993570427229,91,80,9,2,not_evaluated,not_evaluated
Did your blower have work! The new lift is divine.,1.1428571428571428,0.0419779780764853,84,73,10,1,not_evaluated,not_evaluated
Where did you get that lovely shoe?,1.1428571428571428,0.0419779780764853,84,73,10,1,not_evaluated,not_evaluated
"If you feel like dancing, just say so.",1.1428571428571428,0.0457509010871677,91,81,7,3,not_evaluated,not_evaluated
So refreshing to see someone celebrating their hot air!,1.1428571428571428,0.0457509010871677,91,81,7,3,not_evaluated,not_evaluated
I love it that you’re such a free spirit.,1.1428571428571428,0.0429993570427229,91,80,9,2,not_evaluated,not_evaluated
"Yes, you’re charming, but you’re also a blow hard.",1.1428571428571428,0.0400592618739701,91,79,11,1,not_evaluated,not_evaluated
You're one of the only men who really knows how to listen.,1.1428571428571428,0.0457509010871677,91,81,7,3,not_evaluated,not_evaluated
Care for a dance?,1.1428571428571428,0.0415553195630528,105,93,9,3,not_evaluated,not_evaluated
I've been seeing you everywhere.,1.1428571428571428,0.0419779780764853,84,73,10,1,not_evaluated,not_evaluated
"If you’ve got the cabbage, I’ve got the thyme.",1.1428571428571428,0.0457509010871677,91,81,7,3,not_evaluated,not_evaluated
I'm sorry that your hands can't hold anything.,1.1428571428571428,0.0355297145267005,98,84,14,0,not_evaluated,not_evaluated
Did you forget that this was black tie?,1.1428571428571428,0.0410261804924421,98,86,10,2,not_evaluated,not_evaluated
"“‘Dance like nobody’s watching’? No, I believe the phrase was ‘Everybody’s watching, stop, please.’”",1.1428571428571428,0.0429993570427229,91,80,9,2,not_evaluated,not_evaluated
"Hi, I'm...  What's your...  Can I...  Wanna...",1.1428571428571428,0.0479030039081015,77,68,7,2,not_evaluated,not_evaluated
Being pigeonholed is a real concern. I'd love to hear how you broke out of the auto industry.,1.1428571428571428,0.0410261804924421,98,86,10,2,not_evaluated,not_evaluated
To tell you the truth it’s still up in the air.,1.1428571428571428,0.0429993570427229,91,80,9,2,not_evaluated,not_evaluated
'So Laura tells me you work in sales.',1.1428571428571428,0.0363670582185922,119,104,13,2,not_evaluated,not_evaluated
You are such a breath of fresh air - my ex was a little… rigid.,1.1428571428571428,0.0429993570427229,91,80,9,2,not_evaluated,not_evaluated
Where is I see you before? Breaking Bad. Right?,1.1428571428571428,0.0457509010871677,91,81,7,3,not_evaluated,not_evaluated
"Just once, I wish you'd join me for a slow dance tune.",1.1428571428571428,0.0383764778226668,98,85,12,1,not_evaluated,not_evaluated
Will I get a free car wash?,1.1428571428571428,0.0400592618739701,91,79,11,1,not_evaluated,not_evaluated
So being full of hot air is the secret to always being upbeat?,1.1428571428571428,0.0419779780764853,84,73,10,1,not_evaluated,not_evaluated
how you gonna hold the wine glass with all that flex?,1.1428571428571428,0.0457509010871677,91,81,7,3,not_evaluated,not_evaluated
"I don’t know what to tell you, Morty. Your ‘hot new dance craze’ moves don’t seem to be catching on.",1.1428571428571428,0.0383764778226668,98,85,12,1,not_evaluated,not_evaluated
Can you just look me in the eye?,1.1428571428571428,0.0479030039081015,77,68,7,2,not_evaluated,not_evaluated
I am always attracted to flexibility,1.1428571428571428,0.0419779780764853,84,73,10,1,not_evaluated,not_evaluated
"“So, tell me… is dancing a breeze for you?”",1.1428571428571428,0.0419779780764853,84,73,10,1,not_evaluated,not_evaluated
I simply MUST know who your stylist is.,1.1428571428571428,0.0435148356485836,98,87,8,3,not_evaluated,not_evaluated
"You are simply marvelous, but where do you get all the energy?",1.1428571428571428,0.0355297145267005,98,84,14,0,not_evaluated,not_evaluated
"Whatever you’re on, they’d all like a taste.",1.1428571428571428,0.0368855556781658,91,78,13,0,not_evaluated,not_evaluated
some of us are full of hot air but you really are!,1.1428571428571428,0.0400592618739701,91,79,11,1,not_evaluated,not_evaluated
Whatever turns you on!,1.1428571428571428,0.0410261804924421,98,86,10,2,not_evaluated,not_evaluated
"The car dealership wave is my job, dancing is my passion.",1.1428571428571428,0.0400592618739701,91,79,11,1,not_evaluated,not_evaluated
"So, you busted some moves and broke 18 vertebrae?",1.1428571428571428,0.0368855556781658,105,91,13,1,not_evaluated,not_evaluated
I love how you stand out in a stuffy social environment without a drink in your hand.,1.1428571428571428,0.0410261804924421,98,86,10,2,not_evaluated,not_evaluated
Haven't we met before in front of the auto dealership?,1.1428571428571428,0.0429993570427229,91,80,9,2,not_evaluated,not_evaluated
"You are so easy to talk to,my last boyfriend was filled with hot air.",1.1428571428571428,0.0392898765693818,105,94,8,3,not_evaluated,not_evaluated
Tell me more about your high pressure sales tactics,1.1428571428571428,0.0429993570427229,91,80,9,2,not_evaluated,not_evaluated
"Aha!"" ""A gasbag I can enjoy!",1.1428571428571428,0.0419779780764853,84,73,10,1,not_evaluated,not_evaluated
"So how is the auto industry treating you, Sharon?",1.1428571428571428,0.0429993570427229,91,80,9,2,not_evaluated,not_evaluated
"Go ahead, I'm all airs",1.1428571428571428,0.0355297145267005,98,84,14,0,not_evaluated,not_evaluated
I’m just floating around the room trying to get to know everyone.,1.1428571428571428,0.0429993570427229,91,80,9,2,not_evaluated,not_evaluated
My mother was sign twirler,1.1428571428571428,0.0419779780764853,84,73,10,1,not_evaluated,not_evaluated
I just HAVE to get the details of your life coach.,1.1428571428571428,0.0429993570427229,91,80,9,2,not_evaluated,not_evaluated
Told you no one would notice you're not wearing a suit.,1.1428571428571428,0.0400592618739701,91,79,11,1,not_evaluated,not_evaluated
'I give up. You're so full of hot air.',1.1428571428571428,0.0513464826748417,77,69,5,3,not_evaluated,not_evaluated
"I used to be a Michelin man, but since I started taking Ozempic, I just go by Miche Lean.",1.1428571428571428,0.0441920160635532,77,67,9,1,not_evaluated,not_evaluated
Do you like to wear High Heels?,1.1428571428571428,0.0429993570427229,91,80,9,2,not_evaluated,not_evaluated
I think you have no idea how many TikTokers you have influenced,1.1428571428571428,0.0429993570427229,91,80,9,2,not_evaluated,not_evaluated
I am sorry but this is black tie only.,1.1416666666666666,0.0379735890330672,120,106,11,3,not_evaluated,not_evaluated
"No, really. I'm not just blowing smoke up your butt.",1.1415094339622642,0.0389407808171951,106,93,11,2,not_evaluated,not_evaluated
"So, how do you identify?",1.1415094339622642,0.0389407808171951,106,93,11,2,not_evaluated,not_evaluated
"Sydney, I love you for your mind. It does not matter for me that you are an inflatable tube woman powered by Chat GPT5.",1.1414141414141414,0.0430972136307881,99,88,8,3,not_evaluated,not_evaluated
"Just so you know, half the team always said you were full of hot air.",1.1414141414141414,0.0380142564857705,99,86,12,1,not_evaluated,not_evaluated
"'Haven't I seen your wicked shimmying in front of those used car lots, grand openings and check cashing establishments ?",1.1414141414141414,0.0430972136307881,99,88,8,3,not_evaluated,not_evaluated
Why are you always so happy?!,1.1414141414141414,0.0380142564857705,99,86,12,1,not_evaluated,not_evaluated
It’s not “dancing” if you don’t move your feet.,1.1414141414141414,0.0406352895824782,99,87,10,2,not_evaluated,not_evaluated
Not enough black.,1.1414141414141414,0.0380142564857705,99,86,12,1,not_evaluated,not_evaluated
Stunning!  Who are you wearing tonight?,1.1414141414141414,0.0351985885069277,99,85,14,0,not_evaluated,not_evaluated
Didn't we meet when I was shopping for my used car last week?,1.1414141414141414,0.0380142564857705,99,86,12,1,not_evaluated,not_evaluated
Are you still dancing professionally?,1.1414141414141414,0.0406352895824782,99,87,10,2,not_evaluated,not_evaluated
You're so breezy.,1.1414141414141414,0.0351985885069277,99,85,14,0,not_evaluated,not_evaluated
What do you say we blow this place?,1.141304347826087,0.0425577422846148,92,81,9,2,not_evaluated,not_evaluated
I'm so embarrassed. Why do you have to be such a windbag?,1.141304347826087,0.0425577422846148,92,81,9,2,not_evaluated,not_evaluated
...and that's what it's all about!,1.141304347826087,0.0425577422846148,92,81,9,2,not_evaluated,not_evaluated
"So, you really think the answer, my friend, is blown’ in the wind?",1.141304347826087,0.0425577422846148,92,81,9,2,not_evaluated,not_evaluated
I already told you a hundred times already nobody over 6’5” is allowed at this orgy. Sorry but rules are rules,1.141304347826087,0.0396518585330413,92,80,11,1,not_evaluated,not_evaluated
"I'm just saying, there's more to resilience than just getting back up.",1.141304347826087,0.0396518585330413,92,80,11,1,not_evaluated,not_evaluated
"Out of all these politicians here, you still have the most spine.",1.141304347826087,0.0452775106604047,92,82,7,3,not_evaluated,not_evaluated
I find you equally alluring and frightening.,1.141304347826087,0.0365154534667852,92,79,13,0,not_evaluated,not_evaluated
"OK, I get it - I'm the wrong dance partner for you.",1.141304347826087,0.0452775106604047,92,82,7,3,not_evaluated,not_evaluated
Don't you remember me? I met you outside when I was buying a used car.,1.141304347826087,0.0425577422846148,92,81,9,2,not_evaluated,not_evaluated
"No, I don't know the funky carrot.",1.141304347826087,0.0396518585330413,92,80,11,1,not_evaluated,not_evaluated
"Sadly,there is no limbo contest tonight.",1.141304347826087,0.0396518585330413,92,80,11,1,not_evaluated,not_evaluated
You’ve got moves Mick Jagger can only dream about.,1.141304347826087,0.0396518585330413,92,80,11,1,not_evaluated,not_evaluated
And it all started with a car dealership.,1.141304347826087,0.0452775106604047,92,82,7,3,not_evaluated,not_evaluated
You are statuesque,1.141304347826087,0.0365154534667852,92,79,13,0,not_evaluated,not_evaluated
So this is what happens when you leave to go get some fresh air,1.141304347826087,0.0396518585330413,92,80,11,1,not_evaluated,not_evaluated
You’ve really blown up since high school!,1.141304347826087,0.0396518585330413,92,80,11,1,not_evaluated,not_evaluated
Nice twerking.,1.141304347826087,0.0452775106604047,92,82,7,3,not_evaluated,not_evaluated
"Look I'm sorry, I just didn't realize there was an inflatable tube man in ""Suits"".",1.141304347826087,0.0396518585330413,92,80,11,1,not_evaluated,not_evaluated
If only my raison d'etre was dance-like-nobody's-watching,1.141304347826087,0.0452775106604047,92,82,7,3,not_evaluated,not_evaluated
I am looking for a stable relationship,1.1411764705882352,0.0379921161527977,85,73,12,0,not_evaluated,not_evaluated
You wanna get out of here?,1.1411764705882352,0.0477884612037409,85,76,6,3,not_evaluated,not_evaluated
No more oochi coochi! You're not Charo!,1.1411764705882352,0.04151521329086,85,74,10,1,not_evaluated,not_evaluated
So where did you learn to dance like that -- a car dealership?,1.1411764705882352,0.0447618697040631,85,75,8,2,not_evaluated,not_evaluated
There’s no music. Can you please stop? You’re embarrassing me.,1.1411764705882352,0.0477884612037409,85,76,6,3,not_evaluated,not_evaluated
You look happy having air blown up your rear.,1.1411764705882352,0.0477884612037409,85,76,6,3,not_evaluated,not_evaluated
… and to think they call you an airhead.,1.1411764705882352,0.0447618697040631,85,75,8,2,not_evaluated,not_evaluated
I can’t tell whether you are flirting or have an electrical short.,1.1411764705882352,0.0477884612037409,85,76,6,3,not_evaluated,not_evaluated
Where did you learn such enthusiastic dance moves?,1.1411764705882352,0.04151521329086,85,74,10,1,not_evaluated,not_evaluated
I think I know you from somewhere..what's your pronoun?,1.1411764705882352,0.0379921161527977,85,73,12,0,not_evaluated,not_evaluated
I just wanted to thank you again for getting me in here.,1.1411764705882352,0.0447618697040631,85,75,8,2,not_evaluated,not_evaluated
You are supposed to be moving.,1.1411764705882352,0.0379921161527977,85,73,12,0,not_evaluated,not_evaluated
I've seen you everywhere...,1.1411764705882352,0.04151521329086,85,74,10,1,not_evaluated,not_evaluated
"You've got great moves,but you seem full of hot air.",1.1411764705882352,0.0447618697040631,85,75,8,2,not_evaluated,not_evaluated
"Bad bitch, I could be your fantasy",1.1411764705882352,0.0379921161527977,85,73,12,0,not_evaluated,not_evaluated
Yeah I get that you’re happy but you should take charge of your career. I didn’t get to join Goldman by letting the wind blow me around.,1.1411764705882352,0.0477884612037409,85,76,6,3,not_evaluated,not_evaluated
0% APR?? Well you have my attention.,1.1411764705882352,0.04151521329086,85,74,10,1,not_evaluated,not_evaluated
What a breath of fresh air you are!,1.141025641025641,0.0473203315465489,78,69,7,2,not_evaluated,not_evaluated
"And by the way, this is not what I had in mind when I wrote 'be  more flexible' in your performance review.",1.141025641025641,0.0436602043590611,78,68,9,1,not_evaluated,not_evaluated
You are so brave,1.141025641025641,0.0436602043590611,78,68,9,1,not_evaluated,not_evaluated
You dance very well for someone without feet.,1.141025641025641,0.0539000412214683,78,71,3,4,not_evaluated,not_evaluated
I heard you’re originally from China.,1.141025641025641,0.0436602043590611,78,68,9,1,not_evaluated,not_evaluated
This isn’t what I meant when I said it was business casual.,1.141025641025641,0.0473203315465489,78,69,7,2,not_evaluated,not_evaluated
"You seem like you could be good at anything, so why don't you shake your butty?",1.141025641025641,0.0473203315465489,78,69,7,2,not_evaluated,not_evaluated
I may not sound like it but I’m more than just a blowhard.,1.140495867768595,0.0338237717845969,121,105,15,1,not_evaluated,not_evaluated
Viagra would solve all of your problems,1.1401869158878504,0.0408182015052251,107,95,9,3,not_evaluated,not_evaluated
So you just whip your hair back and forth and that's it?,1.14,0.0376587548676509,100,87,12,1,not_evaluated,not_evaluated
"Well I don't know if anyone here needs a car, but I love your sense of style.",1.14,0.0402517331328978,100,88,10,2,not_evaluated,not_evaluated
"""Hips Don't Lie.  So how come I feel like you're selling me a bill of goods?""",1.14,0.0449915817041635,100,90,6,4,not_evaluated,not_evaluated
Where did you learn to dance like that?,1.14,0.0376587548676509,100,87,12,1,not_evaluated,not_evaluated
I had no idea you specialize in Intellectual Property!,1.14,0.0402517331328978,100,88,10,2,not_evaluated,not_evaluated
You do the Hokey Pokey?,1.14,0.0402517331328978,100,88,10,2,not_evaluated,not_evaluated
Really?  The music hasn't even started.,1.14,0.0376587548676509,100,87,12,1,not_evaluated,not_evaluated
"This is embarrassing, Skye, you're not working the dealership anymore.",1.14,0.0402517331328978,100,88,10,2,not_evaluated,not_evaluated
Are you always this enthusiastic?,1.14,0.0402517331328978,100,88,10,2,not_evaluated,not_evaluated
"So, I hear that you’re a creative non-fiction author.",1.1397849462365592,0.044813774580074,93,83,7,3,not_evaluated,not_evaluated
"And just what gender are you 
identifying with?",1.1397849462365592,0.0421250555063978,93,82,9,2,not_evaluated,not_evaluated
"Relax, you only had two drinks.",1.1397849462365592,0.044813774580074,93,83,7,3,not_evaluated,not_evaluated
Your Peyronie’s disease is nothing to be ashamed of and there is a cure.,1.1397849462365592,0.0421250555063978,93,82,9,2,not_evaluated,not_evaluated
It’s great to have marketing invited to the company party.,1.1397849462365592,0.0392525949552448,93,81,11,1,not_evaluated,not_evaluated
Do you know what I mean?,1.1397849462365592,0.0421250555063978,93,82,9,2,not_evaluated,not_evaluated
"I'd tell you you're looking great, but that would just inflate your ego.",1.1397849462365592,0.0421250555063978,93,82,9,2,not_evaluated,not_evaluated
"Wave your hands in the air, like you just don't care!",1.1397849462365592,0.044813774580074,93,83,7,3,not_evaluated,not_evaluated
How'd you learn that snappy repartee?,1.1397849462365592,0.0327606170474143,93,81,12,0,not_evaluated,not_evaluated
And for that you get a commission!?,1.1397849462365592,0.0361526225884641,93,80,13,0,not_evaluated,not_evaluated
Didn't we meet last week at Billy Bob's used car lot?,1.1397849462365592,0.0392525949552448,93,81,11,1,not_evaluated,not_evaluated
"Were your ears burning a few minutes ago? Susan and I were talking about you, just rocking your authentic self!",1.1397849462365592,0.0392525949552448,93,81,11,1,not_evaluated,not_evaluated
"I’m sorry, I can’t just go any which way the wind blows!",1.1397849462365592,0.0392525949552448,93,81,11,1,not_evaluated,not_evaluated
You definitely have all the right moves and by the way the used car lot just called and asked what time you’re coming in,1.1397849462365592,0.044813774580074,93,83,7,3,not_evaluated,not_evaluated
Your comments are over my head.,1.1397849462365592,0.0421250555063978,93,82,9,2,not_evaluated,not_evaluated
"If you can’t even look at me while we’re having an honest conversation, we may be better off not seeing each other.",1.1397849462365592,0.044813774580074,93,83,7,3,not_evaluated,not_evaluated
It's deflating.,1.1397849462365592,0.044813774580074,93,83,7,3,not_evaluated,not_evaluated
"I hear they're calling for thunderstorms all weekend.""",1.1397849462365592,0.0392525949552448,93,81,11,1,not_evaluated,not_evaluated
Can you do the worm?,1.1397849462365592,0.0421250555063978,93,82,9,2,not_evaluated,not_evaluated
I just felt like you don’t know which way the wind is blowing.,1.1397849462365592,0.0361526225884641,93,80,13,0,not_evaluated,not_evaluated
We've been speaking for an hour but you don't care.,1.1395348837209305,0.0442687684162645,86,76,8,2,not_evaluated,not_evaluated
Do you always have to stand near the air conditioner?,1.1395348837209305,0.0442687684162645,86,76,8,2,not_evaluated,not_evaluated
You are such a happy and freewheeling person. So what's your secret ?,1.1395348837209305,0.0410624651704613,86,75,10,1,not_evaluated,not_evaluated
"Hey baby,what do you say you and me blow this popsicle stand and open a car wash together?",1.1395348837209305,0.0472580328442728,86,77,6,3,not_evaluated,not_evaluated
"Oh, girl. So it’s this thing called Ozempic…",1.1395348837209305,0.0410624651704613,86,75,10,1,not_evaluated,not_evaluated
"Speaking of good moves, any chance for a deal on a car?",1.1395348837209305,0.0375836165723556,86,74,12,0,not_evaluated,not_evaluated
This is a fundraising event for scoliosis.  Why would they mock us with this?,1.1395348837209305,0.0410624651704613,86,75,10,1,not_evaluated,not_evaluated
Do you really need to draw so much attention to yourself?,1.1395348837209305,0.0375836165723556,86,74,12,0,not_evaluated,not_evaluated
I'm a Capricorn. You look like an air sign to me. Am I right?,1.1395348837209305,0.0375836165723556,86,74,12,0,not_evaluated,not_evaluated
"Well, you've got all the right moves for sure.",1.1395348837209305,0.0472580328442728,86,77,6,3,not_evaluated,not_evaluated
"🌬️🥕
""You are my dancing queen!""",1.1395348837209305,0.0375836165723556,86,74,12,0,not_evaluated,not_evaluated
Your dancing is so graceful,1.1395348837209305,0.0375836165723556,86,74,12,0,not_evaluated,not_evaluated
"I do remember you!  Used car lot, right?",1.139240506329114,0.0391991280198551,79,68,11,0,not_evaluated,not_evaluated
Don't you just hate long-winded small talk?,1.139240506329114,0.0431409501789205,79,69,9,1,not_evaluated,not_evaluated
I know a good spine surgeon,1.139240506329114,0.0431409501789205,79,69,9,1,not_evaluated,not_evaluated
Aren't you the one who danced on that show Seinfeld?,1.139240506329114,0.0467515938462338,79,70,7,2,not_evaluated,not_evaluated
You’ve got the moves.,1.139240506329114,0.0431409501789205,79,69,9,1,not_evaluated,not_evaluated
Are you feeling okay? You don’t look yourself when you’re not waving your hands.,1.1391304347826088,0.0346871305888515,115,100,14,1,not_evaluated,not_evaluated
"Do you always twist or only when Frank sings 'Fly me to the moon,"" ?",1.1391304347826088,0.0388369364276005,115,102,10,3,not_evaluated,not_evaluated
All of this talking just gets me moving.,1.1388888888888888,0.0382607632488486,108,95,11,2,not_evaluated,not_evaluated
Would you care to dance?,1.1386138613861383,0.037309789468152,101,88,12,1,not_evaluated,not_evaluated
yes but you really are a charming windbag,1.1386138613861383,0.0398753080506975,101,89,10,2,not_evaluated,not_evaluated
"Looks like you found someone to blow your manual inflation nozzle.""",1.1386138613861383,0.0445654551878293,101,91,6,4,not_evaluated,not_evaluated
It's refreshing to meet someone in advertising who isn't filled with hot air.,1.1386138613861383,0.0345543135972577,101,87,14,0,not_evaluated,not_evaluated
"Studio 54 is back, baby!",1.1386138613861383,0.0422854584238864,101,90,8,3,not_evaluated,not_evaluated
Can I offer you a drink or have you been watered recently?,1.1386138613861383,0.0422854584238864,101,90,8,3,not_evaluated,not_evaluated
"You're on it, too? Who would've thought you'd be the Goodyear blimp up in the sky last time I saw you and now look at you!  You look amazing!",1.1386138613861383,0.037309789468152,101,88,12,1,not_evaluated,not_evaluated
"Wow! Smooth! Do you shave your own arm pits, or do you pay for it?",1.1382978723404256,0.0388612318344454,94,84,8,2,not_evaluated,not_evaluated
Lucy throws caution to the wind.,1.1382978723404256,0.0357968537763494,94,81,13,0,not_evaluated,not_evaluated
you've got moves! You should be a spokesmodel or something!,1.1382978723404256,0.0443594019177541,94,84,7,3,not_evaluated,not_evaluated
"So inflation must seem like a time of  prosperity in your market, eh?",1.1382978723404256,0.0388612318344454,94,82,11,1,not_evaluated,not_evaluated
"I’m usually attracted to women I’m taller than, but I’m drawn to your expressive movements.",1.1382978723404256,0.0388612318344454,94,82,11,1,not_evaluated,not_evaluated
Must everyone at speed dating talk about inflation?!,1.1382978723404256,0.0388612318344454,94,82,11,1,not_evaluated,not_evaluated
"I know it looks like I have a mustache, but it's just that my lips were drawn oddly. The lines under my lower lip don't help, I know. (Sorry, Maggie L.)",1.1382978723404256,0.0443594019177541,94,84,7,3,not_evaluated,not_evaluated
Why so thirsty for attention?!?!,1.1382978723404256,0.0388612318344454,94,82,11,1,not_evaluated,not_evaluated
I just use my sexual appeal ....,1.1382978723404256,0.041701030432061,94,83,9,2,not_evaluated,not_evaluated
Haven’t we met before at the Ford dealer?,1.1382978723404256,0.0357968537763494,94,81,13,0,not_evaluated,not_evaluated
"I remember my first beer too, buddy.",1.1382978723404256,0.041701030432061,94,83,9,2,not_evaluated,not_evaluated
"Don’t be silly … Yes, you have your ups and downs, but everyone looks to you as the paragon if resilience!",1.1382978723404256,0.0388612318344454,94,82,11,1,not_evaluated,not_evaluated
I like music in the OR as much as the next guy but,1.1382978723404256,0.041701030432061,94,83,9,2,not_evaluated,not_evaluated
Now streaming,1.1382978723404256,0.041701030432061,94,83,9,2,not_evaluated,not_evaluated
My last boyfriend was also tall and full of hot air.,1.137931034482759,0.0371837148977373,87,75,12,0,not_evaluated,not_evaluated
"You look familiar. I know I've seen you before, somewhere...",1.137931034482759,0.0437863570798038,87,77,8,2,not_evaluated,not_evaluated
"This isn't a dealership, it's a membership.",1.137931034482759,0.0406194148155552,87,76,10,1,not_evaluated,not_evaluated
"Yes, the RNC wants you to run fir Congress!",1.137931034482759,0.0437863570798038,87,77,8,2,not_evaluated,not_evaluated
So you just up and quit your job at the dealership? What will you do for health coverage?,1.137931034482759,0.0406194148155552,87,76,10,1,not_evaluated,not_evaluated
You’re not like these other windbags.,1.137931034482759,0.0371837148977373,87,75,12,0,not_evaluated,not_evaluated
I really admire your unbridled enthusiasm for previously owned vehicles.,1.137931034482759,0.0467392048785815,87,78,6,3,not_evaluated,not_evaluated
You seem to be the only one I've met here that isn't full of hot air!,1.137931034482759,0.0371837148977373,87,75,12,0,not_evaluated,not_evaluated
Can I be the wind beneath your wings?,1.137931034482759,0.0437863570798038,87,77,8,2,not_evaluated,not_evaluated
"You used to be a beach ball, and now this? What's this Ozempic drug I keep hearing about?",1.137931034482759,0.0467392048785815,87,78,6,3,not_evaluated,not_evaluated
"So you're an influencer, too?",1.137931034482759,0.0437863570798038,87,77,8,2,not_evaluated,not_evaluated
I wish I had your energy.,1.137931034482759,0.0371837148977373,87,75,12,0,not_evaluated,not_evaluated
"Yeah, I know you love the attention, 
but you don't have to ""on"" all the time.",1.137931034482759,0.0437863570798038,87,77,8,2,not_evaluated,not_evaluated
How do you know the dance steps without actual feet?,1.137931034482759,0.0406194148155552,87,76,10,1,not_evaluated,not_evaluated
You politicians are all full of hot air.,1.137931034482759,0.0406194148155552,87,78,7,2,not_evaluated,not_evaluated
Have you ever thought of running for office?,1.137931034482759,0.0406194148155552,87,76,10,1,not_evaluated,not_evaluated
I guess we just have different perspectives.,1.137931034482759,0.0371837148977373,87,75,12,0,not_evaluated,not_evaluated
It’s not everyday I meet a guy who’s truly 6 feet tall,1.137931034482759,0.0467392048785815,87,78,6,3,not_evaluated,not_evaluated
We met in the parking lot of the Kia dealer where you were entertaining any person with an IQ of 89 or lower.,1.137931034482759,0.0437863570798038,87,77,8,2,not_evaluated,not_evaluated
"What do you mean, you’re not for sale?  I’m next on your dance card.",1.137931034482759,0.0406194148155552,87,76,10,1,not_evaluated,not_evaluated
"Huh, this IS better than a pizza party.",1.137931034482759,0.0406194148155552,87,76,10,1,not_evaluated,not_evaluated
So I hear you’re hiring at the used car parking lot,1.137931034482759,0.0371837148977373,87,75,12,0,not_evaluated,not_evaluated
did someone just pass wind?,1.137931034482759,0.0406194148155552,87,76,10,1,not_evaluated,not_evaluated
What a week! Want me to get you a drink to help you deflate?,1.137931034482759,0.0406194148155552,87,76,10,1,not_evaluated,not_evaluated
OMG that's a gorgeous dress. Who's the designer?,1.1376146788990826,0.0379295309992641,109,96,11,2,not_evaluated,not_evaluated
Stop it! You're sucking all the air out of the room!,1.1376146788990826,0.0401066576409908,109,97,9,3,not_evaluated,not_evaluated
"I started in sales, but the C-Suite has been great.",1.1376146788990826,0.0356195824865568,109,95,13,1,not_evaluated,not_evaluated
I only do the Macarena!,1.1375,0.0461962996490608,80,71,7,2,not_evaluated,not_evaluated
"You’re always happy; so tell me, what’s the secret to happiness?",1.1375,0.0387451507786556,80,69,11,0,not_evaluated,not_evaluated
How much down to get you to stop waving?,1.1375,0.0426338176224378,80,70,9,1,not_evaluated,not_evaluated
"Forget Ozempic! a little less air, a smaller butt anytime you want.....",1.1375,0.0461962996490608,80,71,7,2,not_evaluated,not_evaluated
Trending the hottest move in DC: Wag the Dog,1.1375,0.0387451507786556,80,69,11,0,not_evaluated,not_evaluated
you got promoted too?,1.1375,0.0426338176224378,80,70,9,1,not_evaluated,not_evaluated
Did anyone ever tell you that you move like Jagger?,1.1372549019607845,0.0369671833309425,102,89,12,1,not_evaluated,not_evaluated
Is your calendar flexible too?,1.1372549019607845,0.0342408466989152,102,88,14,0,not_evaluated,not_evaluated
"My polictical views, well, you tell me which way the wind is blowing, an i will tell you!",1.1372549019607845,0.0418908911931139,102,91,8,3,not_evaluated,not_evaluated
You strike me as being a free spirit.,1.1372549019607845,0.0395058186117996,102,90,10,2,not_evaluated,not_evaluated
Your sucking the air out of the party,1.1372549019607845,0.0395058186117996,102,90,10,2,not_evaluated,not_evaluated
"Yeah, pretty good thanks. Yourself?",1.1369863013698631,0.0449719534328588,73,64,8,1,not_evaluated,not_evaluated
"It's weird I know but, Erica has always been into airheads.",1.1369863013698631,0.0527589954716499,73,66,4,3,not_evaluated,not_evaluated
"You say this dance is called the ""Big Lot Bop""?",1.1369863013698631,0.0405210944047918,73,63,10,0,not_evaluated,not_evaluated
"Just once, can you stop being the center of attention?",1.136842105263158,0.0384775390503995,95,83,11,1,not_evaluated,not_evaluated
"I'm just blown away by your hair, Millie.",1.136842105263158,0.0384775390503995,95,83,11,1,not_evaluated,not_evaluated
Love your street dancing!,1.136842105263158,0.0354479455771634,95,82,13,0,not_evaluated,not_evaluated
"The new boss is here tonight. I hear he's full of hot air! Sorry, your name again?",1.136842105263158,0.0463941107100402,95,88,2,5,not_evaluated,not_evaluated
"On the one hand, the automotive supply chain is in shambles. On the other hand, you now you have lots of free time .",1.136842105263158,0.0439141132535086,95,85,7,3,not_evaluated,not_evaluated
We're perfect. You're manic and I'm depressive.,1.136842105263158,0.0412854111897714,95,84,9,2,not_evaluated,not_evaluated
"That's so funny, I also want to direct!",1.136842105263158,0.0412854111897714,95,84,9,2,not_evaluated,not_evaluated
Inflation flattered.,1.136842105263158,0.0384775390503995,95,83,11,1,not_evaluated,not_evaluated
"Yes, I get it! You're not just another run-of-the-mill Party Favor!",1.136842105263158,0.0412854111897714,95,84,9,2,not_evaluated,not_evaluated
Didn’t we already meet at the car wash?,1.136842105263158,0.0384775390503995,95,83,11,1,not_evaluated,not_evaluated
"is ""...So tell me more about your undiagnosed ADHD.""",1.136842105263158,0.0384775390503995,95,83,11,1,not_evaluated,not_evaluated
"It's funny, I don't feel a breeze.",1.1363636363636365,0.0433142938494515,88,78,8,2,not_evaluated,not_evaluated
You whimsically gyrate here often?”,1.1363636363636365,0.0433142938494515,88,78,8,2,not_evaluated,not_evaluated
"So, how are you enjoying your one-stand night?",1.1363636363636365,0.0433142938494515,88,78,8,2,not_evaluated,not_evaluated
I see you’re excited about the crudites.,1.1363636363636365,0.0401857565789537,88,77,10,1,not_evaluated,not_evaluated
I've heard Jordan Peele is amazing to work with.,1.1363636363636365,0.0367921460636535,88,76,12,0,not_evaluated,not_evaluated
So after you majored in Dance- did you make it on Broadway?,1.1363636363636365,0.0367921460636535,88,76,12,0,not_evaluated,not_evaluated
"Be Careful, you know the rhythm is gonna get you.",1.1363636363636365,0.0401857565789537,88,77,10,1,not_evaluated,not_evaluated
"Hi ,my name is Attention . I heard you were looking for me. “",1.1363636363636365,0.0367921460636535,88,76,12,0,not_evaluated,not_evaluated
Where do you find the strength to move so smoothly at an office party?,1.1363636363636365,0.0401857565789537,88,77,10,1,not_evaluated,not_evaluated
"Retirement is great for personal growth, isn’t it?",1.1363636363636365,0.0328701357780459,110,95,15,0,not_evaluated,not_evaluated
So you really like Pilates.,1.1363636363636365,0.0401857565789537,88,77,10,1,not_evaluated,not_evaluated
So can you get me a discount on a car?,1.1363636363636365,0.0433142938494515,88,78,8,2,not_evaluated,not_evaluated
How can you be so thrilled about these times of inflation?,1.1363636363636365,0.0367921460636535,88,76,12,0,not_evaluated,not_evaluated
Flap on!.,1.1363636363636365,0.0367921460636535,88,76,12,0,not_evaluated,not_evaluated
You've got great moves! Why is it they make me want to rush out and buy a car?,1.1363636363636365,0.0367921460636535,88,76,12,0,not_evaluated,not_evaluated
Why I haven’t seen you since that used car lot in Jersey City.,1.1363636363636365,0.0462316025196006,88,79,6,3,not_evaluated,not_evaluated
Forget it! You went flat at the last party.,1.1363636363636365,0.0367921460636535,88,76,12,0,not_evaluated,not_evaluated
"Didn’t we meet before, at the used car lot?",1.1363636363636365,0.0367921460636535,88,76,12,0,not_evaluated,not_evaluated
You had me at “Affordable Tax Filing Here!”,1.1363636363636365,0.0401857565789537,88,77,10,1,not_evaluated,not_evaluated
Why the left are obsessed with Dylan Mulvaney,1.1363636363636365,0.0367921460636535,88,76,12,0,not_evaluated,not_evaluated
I really appreciate your dance moves.,1.1363636363636365,0.0353164479734302,110,96,13,1,not_evaluated,not_evaluated
"My therapist said I should act ""outside the box"" more",1.1363636363636365,0.0462316025196006,88,79,6,3,not_evaluated,not_evaluated
It’s wacky how I thought you were waving to me. It must be my inflated ego flailing around.,1.1363636363636365,0.0433142938494515,88,78,8,2,not_evaluated,not_evaluated
I'm in the market for new wheels. I gotta believe you can help me.,1.136,0.0328122715045807,125,111,12,2,not_evaluated,not_evaluated
"Her name is Crypto, she's new.",1.135922330097087,0.0339329572976101,103,91,11,1,not_evaluated,not_evaluated
When your wine glass is full but your partner is empty. (Collaboration with GPT CHAT),1.135922330097087,0.0415035880167018,103,92,8,3,not_evaluated,not_evaluated
"Just fart, it will calm you down.",1.1358024691358024,0.0489175623608863,81,73,5,3,not_evaluated,not_evaluated
I just feel like your image misrepresents what lies behind it.,1.1358024691358024,0.0489175623608863,81,73,5,3,not_evaluated,not_evaluated
"You go girl, what say we get out of here?",1.1358024691358024,0.0456539804619767,81,72,7,2,not_evaluated,not_evaluated
Don't you just hate having to bend over backwards with a smile?,1.1358024691358024,0.0456539804619767,81,72,7,2,not_evaluated,not_evaluated
Seems like you're always the one to get the party started.,1.1358024691358024,0.0383014618703421,81,70,11,0,not_evaluated,not_evaluated
Maybe I’m drunk but I really like the way you dance.”,1.1358024691358024,0.0456539804619767,81,72,7,2,not_evaluated,not_evaluated
"Quick, grab me while I'm upright",1.1358024691358024,0.0489175623608863,81,73,5,3,not_evaluated,not_evaluated
Great moves! What are your pronouns?,1.1358024691358024,0.0456539804619767,81,72,7,2,not_evaluated,not_evaluated
"Hi, I'm Faith. Depending on which way the wind is blowing I can introduce you to Helen, Fred, Lester, Jerome and Cy or 
Cosmo, Sharif, Benny, Cicero and Coralee.",1.1358024691358024,0.0421383905330272,81,71,9,1,not_evaluated,not_evaluated
"So, is that a 'yes'?",1.1358024691358024,0.0383014618703421,81,70,11,0,not_evaluated,not_evaluated
I think maybe you can help me get to that happy place,1.1358024691358024,0.0421383905330272,81,71,9,1,not_evaluated,not_evaluated
"Let me guess, you come with the groom?",1.1358024691358024,0.0456539804619767,81,72,7,2,not_evaluated,not_evaluated
Your profile said you were 6’4.”,1.1358024691358024,0.0489175623608863,81,73,5,3,not_evaluated,not_evaluated
Is is true you're really just full of hot air?,1.1355932203389831,0.03593750558788,118,104,12,2,not_evaluated,not_evaluated
You are such a refreshing breath of fresh air,1.1354166666666667,0.0381012952382252,96,84,11,1,not_evaluated,not_evaluated
You move so well but I see your attached.,1.1354166666666667,0.0381012952382252,96,84,11,1,not_evaluated,not_evaluated
I don't believe you! You're full of hot air.,1.1354166666666667,0.0408779518132262,96,85,9,2,not_evaluated,not_evaluated
So you’re in the electric car business?,1.1354166666666667,0.0351057039983016,96,83,13,0,not_evaluated,not_evaluated
I didn't think you'd take it so well.,1.1354166666666667,0.0408779518132262,96,85,9,2,not_evaluated,not_evaluated
"I know you think you're being witty, but I think you're just full of hot air.",1.1354166666666667,0.0408779518132262,96,85,9,2,not_evaluated,not_evaluated
"So tell me, why did you choose that line of work?",1.1354166666666667,0.0381012952382252,96,84,11,1,not_evaluated,not_evaluated
"Nice moves, but your footwork has a lot of room for improvement.",1.1354166666666667,0.0408779518132262,96,85,9,2,not_evaluated,not_evaluated
I've seen you around,1.1354166666666667,0.0351057039983016,96,83,13,0,not_evaluated,not_evaluated
Vogue.,1.135135135135135,0.0520740662544903,74,67,4,3,not_evaluated,not_evaluated
You day job is in sales at a used car lot?,1.135135135135135,0.0414450021615959,111,100,7,4,not_evaluated,not_evaluated
"No, I said cocktail party.",1.135135135135135,0.0483887913605152,74,66,6,2,not_evaluated,not_evaluated
There's something about you that makes me feel so alive.,1.1348314606741574,0.0397611973935687,89,78,10,1,not_evaluated,not_evaluated
"Are you a he, she, they or it?",1.1348314606741574,0.042852251202049,89,79,8,2,not_evaluated,not_evaluated
I think you're the guy who did my tax return.,1.1348314606741574,0.042852251202049,89,79,8,2,not_evaluated,not_evaluated
"Well I cant see the picture its just a funny box with a question mark in it, but I imagine I would have the best caption so you should vote for me",1.1348314606741574,0.0364086556090328,89,80,8,1,not_evaluated,not_evaluated
I really like your moves.,1.1348314606741574,0.0364086556090328,89,77,12,0,not_evaluated,not_evaluated
You need to lower your standards.,1.1348314606741574,0.0397611973935687,89,78,10,1,not_evaluated,not_evaluated
"I admire your dancing skills, but don’t you know that this is a business lunch?",1.1348314606741574,0.0397611973935687,89,78,10,1,not_evaluated,not_evaluated
"I have to admit I've always had a thing for tall men who can dance.""",1.1348314606741574,0.042852251202049,89,79,8,2,not_evaluated,not_evaluated
I thrive on inflation!,1.1348314606741574,0.0397611973935687,89,78,10,1,not_evaluated,not_evaluated
Do you need some fresh air?,1.1348314606741574,0.0397611973935687,89,80,7,2,not_evaluated,not_evaluated
I couldn't have said it better myself.,1.1348314606741574,0.042852251202049,89,79,8,2,not_evaluated,not_evaluated
Well aren’t you a tall wiggly genderless bit o’ fun.,1.1348314606741574,0.0397611973935687,89,78,10,1,not_evaluated,not_evaluated
How'd you get in here from the car lot?,1.1348314606741574,0.0397611973935687,89,78,10,1,not_evaluated,not_evaluated
Maybe if you didn't try quite so hard....,1.1348314606741574,0.0364086556090328,89,77,12,0,not_evaluated,not_evaluated
I like your response to rising inflation.,1.1348314606741574,0.0397611973935687,89,78,10,1,not_evaluated,not_evaluated
"You can SHIMMY and you can TWIST, but I'll bet you cannot do the MASHED POTATOES!",1.1348314606741574,0.042852251202049,89,79,8,2,not_evaluated,not_evaluated
I feel so loose!,1.1348314606741574,0.0397611973935687,89,78,10,1,not_evaluated,not_evaluated
Why do you always make such a spectacle out of yourself?,1.1348314606741574,0.0397611973935687,89,78,10,1,not_evaluated,not_evaluated
Didn’t we meet near a transmission shop?,1.1346153846153846,0.0363003720421446,104,91,12,1,not_evaluated,not_evaluated
"So, how’s the used car business?",1.1341463414634143,0.0378677198170247,82,71,11,0,not_evaluated,not_evaluated
This is not going to work unless you can stop dancing and come have a drink with me.,1.1341463414634143,0.0451241891743813,82,73,7,2,not_evaluated,not_evaluated
"Haven’t we met somewhere? At the mattress store, wasn’t it?",1.1341463414634143,0.0378677198170247,82,71,11,0,not_evaluated,not_evaluated
I hope I’m not monopolizing your attention,1.1341463414634143,0.0451241891743813,82,73,7,2,not_evaluated,not_evaluated
You get totally deflated if you can’t be the center of attention!,1.1341463414634143,0.0416542714063398,82,72,9,1,not_evaluated,not_evaluated
"Pointy perhaps, but the dress doesn't make your ass look fat.",1.1341463414634143,0.0451241891743813,82,73,7,2,not_evaluated,not_evaluated
Used car salesman? I'm a paralegal.,1.1341463414634143,0.0483456985769953,82,74,5,3,not_evaluated,not_evaluated
Don't go anywhere.,1.1341463414634143,0.0451241891743813,82,73,7,2,not_evaluated,not_evaluated
Would you like a sippy cup?,1.1341463414634143,0.0451241891743813,82,73,7,2,not_evaluated,not_evaluated
I love how much you get turned on by car sales!,1.1341463414634143,0.0416542714063398,82,72,9,1,not_evaluated,not_evaluated
I meant go mingle when I said ‘don’t just stand there’.,1.1341463414634143,0.0416542714063398,82,72,9,1,not_evaluated,not_evaluated
"Avoid talking to Steve, he is a real windbag",1.134020618556701,0.0377322873814394,97,85,11,1,not_evaluated,not_evaluated
When my husband left me I thought I'd never meet someone quite like him again.,1.134020618556701,0.0404784157710987,97,86,9,2,not_evaluated,not_evaluated
I think I catch your drift.,1.134020618556701,0.0347699421732784,97,84,13,0,not_evaluated,not_evaluated
Hey Honey. You're my type of inflatable!,1.134020618556701,0.0377322873814394,97,85,11,1,not_evaluated,not_evaluated
You’re the only one at the reunion I recognize!,1.134020618556701,0.0377322873814394,97,85,11,1,not_evaluated,not_evaluated
"Finally someone up appreciates me being long-winded.""",1.134020618556701,0.0404784157710987,97,86,9,2,not_evaluated,not_evaluated
You say you want to get down. 10 percent down?,1.134020618556701,0.0404784157710987,97,86,9,2,not_evaluated,not_evaluated
Stop Dancing! STOP! STOP!,1.134020618556701,0.0377322873814394,97,85,11,1,not_evaluated,not_evaluated
"I like you too, but will you still be here when the wind changes?",1.134020618556701,0.0404784157710987,97,86,9,2,not_evaluated,not_evaluated
"So, how do you like my new figure?
-Alicia Chinatomby, Los Angeles, CA",1.134020618556701,0.0404784157710987,97,86,9,2,not_evaluated,not_evaluated
"When I said you should dress up as a dancing Inflatable waving man for the company happy hour, you know that I was just being rhetorical, right?",1.134020618556701,0.0347699421732784,97,84,13,0,not_evaluated,not_evaluated
Meet me later at the gas station.,1.134020618556701,0.0377322873814394,97,85,11,1,not_evaluated,not_evaluated
"Oh no, Helen, honest. Roger was the one blowing hot air!",1.134020618556701,0.0404784157710987,97,86,9,2,not_evaluated,not_evaluated
"No, I wasn't aware Backstreet was back. Alright! Good to know.",1.134020618556701,0.0430497244548713,97,87,7,3,not_evaluated,not_evaluated
"Yes, you have talent, but I'm not sensing a tragic backstory.",1.1333333333333333,0.0423999152002544,90,80,8,2,not_evaluated,not_evaluated
So you actually support higher inflation??,1.1333333333333333,0.0514066400637373,75,68,4,3,not_evaluated,not_evaluated
Could you point me to the bathroom?,1.1333333333333333,0.0393454561398319,90,79,10,1,not_evaluated,not_evaluated
"'The Road Not Taken' is a stand-out poem, Bob. Congrats. The Anthology would be blah without it.",1.1333333333333333,0.0452486541139744,90,81,6,3,not_evaluated,not_evaluated
"I told them you were attractive, both inside and outside.",1.1333333333333333,0.0423999152002544,90,80,8,2,not_evaluated,not_evaluated
How's your script coming along?,1.1333333333333333,0.0393454561398319,90,79,10,1,not_evaluated,not_evaluated
HOw niCE To meET You!,1.1333333333333333,0.0384371106798036,105,93,10,2,not_evaluated,not_evaluated
I'm so impressed you've decided to go in a different direction since the pandemic.,1.1333333333333333,0.0360329991634627,90,78,12,0,not_evaluated,not_evaluated
Blame it on the bossa nova,1.1333333333333333,0.0360329991634627,90,78,12,0,not_evaluated,not_evaluated
"Wow, you’re really the best dancer here.",1.1333333333333333,0.0360329991634627,90,78,12,0,not_evaluated,not_evaluated
So what dating app are you on?,1.1333333333333333,0.0477732381389652,75,67,6,2,not_evaluated,not_evaluated
You just missed the Twist contest.,1.1333333333333333,0.0438397299480952,75,66,8,1,not_evaluated,not_evaluated
"Why do you ignore all my compliments, Lovely Lady.",1.1333333333333333,0.0360329991634627,90,78,12,0,not_evaluated,not_evaluated
So who's being flirty now?,1.1333333333333333,0.0393454561398319,90,79,10,1,not_evaluated,not_evaluated
Are you mocking me?,1.1333333333333333,0.0393454561398319,90,79,10,1,not_evaluated,not_evaluated
"Sure, I'll stay around for the Limbo. Why do you ask?",1.1333333333333333,0.0393454561398319,90,79,10,1,not_evaluated,not_evaluated
"One look at you and I said, there’s a guy who can get you a good deal on a mattress!",1.1333333333333333,0.0359758432043127,105,92,12,1,not_evaluated,not_evaluated
Your story has really blown me away,1.1333333333333333,0.0423999152002544,90,80,8,2,not_evaluated,not_evaluated
Your story has blown me away.,1.1333333333333333,0.0360329991634627,90,78,12,0,not_evaluated,not_evaluated
Are you doing something different with your hair?,1.1333333333333333,0.0360329991634627,90,78,12,0,not_evaluated,not_evaluated
What made you get into advertising?,1.1333333333333333,0.0452486541139744,90,81,6,3,not_evaluated,not_evaluated
.. and you do NOT have a psychiatric diagnosis?,1.1333333333333333,0.0423999152002544,90,80,8,2,not_evaluated,not_evaluated
Have you done something different with your hair?,1.1333333333333333,0.0359758432043127,105,92,12,1,not_evaluated,not_evaluated
You always seem to be aware of which way the wind is blowing.,1.1333333333333333,0.0395165985575879,75,65,10,0,not_evaluated,not_evaluated
"Jan, I know that speed dating is supposed to be fun and breezy but I think you’re taking “throw your inhibitions to the wind” a little too literally.",1.1333333333333333,0.0393454561398319,90,79,10,1,not_evaluated,not_evaluated
"When truth is replaced by narrative,reality becomes a matter of perspective.",1.1333333333333333,0.0452486541139744,90,81,6,3,not_evaluated,not_evaluated
"No, I don’t think you’re an airhead.",1.1333333333333333,0.0438397299480952,75,66,8,1,not_evaluated,not_evaluated
You’re cruci-fearless!,1.1333333333333333,0.0393454561398319,90,79,10,1,not_evaluated,not_evaluated
You're in advertising?  I'm in advertising too.,1.1333333333333333,0.0360329991634627,90,78,12,0,not_evaluated,not_evaluated
You are talented but underdressed.,1.1326530612244898,0.0344404800444682,98,85,13,0,not_evaluated,not_evaluated
I admire your nonconformity. So real and loose.,1.1326530612244898,0.0344404800444682,98,85,13,0,not_evaluated,not_evaluated
"Try to keep up, Susan.",1.1326530612244898,0.0426301181427853,98,88,7,3,not_evaluated,not_evaluated
"Well, you certainly caught my attention.",1.1326530612244898,0.0426301181427853,98,88,7,3,not_evaluated,not_evaluated
I see that your air robics has done wonders for your figure.,1.1326530612244898,0.0373703104271054,98,86,11,1,not_evaluated,not_evaluated
So you’re Gail from Marketing.,1.1326530612244898,0.0400865755227735,98,87,9,2,not_evaluated,not_evaluated
Everyone suffers from trapped wind but we don't make a song and dance about it.,1.1326530612244898,0.0373703104271054,98,86,11,1,not_evaluated,not_evaluated
You're right. I really should let loose more.,1.1326530612244898,0.0373703104271054,98,86,11,1,not_evaluated,not_evaluated
I hear you bend over backward for anyone with an air hose.,1.1325301204819278,0.0446064988608805,83,74,7,2,not_evaluated,not_evaluated
Your optimism in this economy is both refreshing and disturbing.,1.1325301204819278,0.0374435978517695,83,72,11,0,not_evaluated,not_evaluated
"Thanks, you’re the best dance partner I’ve had.",1.1325301204819278,0.0374435978517695,83,72,11,0,not_evaluated,not_evaluated
I'm glad the hostess was finally successful in bringing some diversity to this group of movers and shakers.,1.1325301204819278,0.0446064988608805,83,74,7,2,not_evaluated,not_evaluated
"But enough about me, how are things at the car dealership?",1.1325301204819278,0.0374435978517695,83,72,11,0,not_evaluated,not_evaluated
"I love how you dance to ""Brick House."" It makes me think of ""Polyvinylchloride House!""",1.1325301204819278,0.0411810803689678,83,73,9,1,not_evaluated,not_evaluated
Smile that booty!,1.1325301204819278,0.0411810803689678,83,73,9,1,not_evaluated,not_evaluated
You went to Arthur Murray right?,1.1325301204819278,0.0374435978517695,83,72,11,0,not_evaluated,not_evaluated
I would dance with you but do you know where my head would be?,1.1325301204819278,0.0411810803689678,83,73,9,1,not_evaluated,not_evaluated
"You look so free, but you seem so stuck Harold.",1.1325301204819278,0.0446064988608805,83,74,7,2,not_evaluated,not_evaluated
Don’t mind me; I’m full of gas!,1.1325301204819278,0.0411810803689678,83,73,9,1,not_evaluated,not_evaluated
"Harold, you seem to go whichever way the wind blows.",1.1325301204819278,0.0411810803689678,83,73,9,1,not_evaluated,not_evaluated
I can ask them to turn up the A/C.,1.1325301204819278,0.0374435978517695,83,72,11,0,not_evaluated,not_evaluated
I hear loads of hot air is a thing this season.,1.1325301204819278,0.0411810803689678,83,73,9,1,not_evaluated,not_evaluated
You have an amazing flow,1.1325301204819278,0.0411810803689678,83,73,9,1,not_evaluated,not_evaluated
That’s an interesting take on A.I.,1.1325301204819278,0.0446064988608805,83,74,7,2,not_evaluated,not_evaluated
What a great use of all the hot air at these things!,1.1320754716981132,0.0356570257555874,106,93,12,1,not_evaluated,not_evaluated
I love the pointy hips!,1.1318681318681318,0.03893826305031,91,80,10,1,not_evaluated,not_evaluated
"“I’m always trying to be upbeat like you but I can’t 
quite get the hang of it.”",1.1318681318681318,0.0419569848008098,91,81,8,2,not_evaluated,not_evaluated
"When I say carefree, what I really mean is that I appreciate your disregard for conventional interpretive dance.",1.1318681318681318,0.03893826305031,91,80,10,1,not_evaluated,not_evaluated
Wanna buy a used car?,1.1318681318681318,0.0419569848008098,91,81,8,2,not_evaluated,not_evaluated
"These are important things for our city, you just can't keep shrugging your shoulders.",1.1318681318681318,0.03893826305031,91,80,10,1,not_evaluated,not_evaluated
"Right, I heard you the first time you said that.",1.1318681318681318,0.03893826305031,91,80,10,1,not_evaluated,not_evaluated
Are you happy to see me or just full of air?,1.1318681318681318,0.0447726346977216,91,82,6,3,not_evaluated,not_evaluated
"I'm just not the kind of person who bends for anyone.
Know what I mean?",1.1318681318681318,0.03893826305031,91,80,10,1,not_evaluated,not_evaluated
"With all due respect, I think you’re full of hot air.",1.1318681318681318,0.03893826305031,91,80,10,1,not_evaluated,not_evaluated
"No really my muffler is fine, I just wanted to say hello.",1.1318681318681318,0.0419569848008098,91,81,8,2,not_evaluated,not_evaluated
But I can't afford a new car,1.1318681318681318,0.03893826305031,91,80,10,1,not_evaluated,not_evaluated
"I am dancing, look my feet are moving at least",1.1318681318681318,0.0419569848008098,91,81,8,2,not_evaluated,not_evaluated
"Why yes, I am looking for a used car. 
Why do you ask?",1.1318681318681318,0.03893826305031,91,80,10,1,not_evaluated,not_evaluated
That's how you work the kinks out!,1.1318681318681318,0.03893826305031,91,80,10,1,not_evaluated,not_evaluated
You wouldn't be so hot-headed if you'd just stop letting people push your buttons.,1.1318681318681318,0.0356649419623094,91,79,12,0,not_evaluated,not_evaluated
"No this isn’t the  Brazilian lift, it’s the Pittsburg point, you like?",1.1318681318681318,0.03893826305031,91,80,10,1,not_evaluated,not_evaluated
I never expected to meet someone here without such an inflated ego!”,1.1318681318681318,0.03893826305031,91,80,10,1,not_evaluated,not_evaluated
I bet you think this ‘tune is about you,1.1318681318681318,0.0419569848008098,91,81,8,2,not_evaluated,not_evaluated
"Well, everyone here is just so full of hot air!",1.1318681318681318,0.0356649419623094,91,79,12,0,not_evaluated,not_evaluated
"Quality used cars is never a good pick up line now, is it?",1.1318681318681318,0.0447726346977216,91,82,6,3,not_evaluated,not_evaluated
Who are you wearing tonight?,1.131578947368421,0.0341534522059445,114,100,13,1,not_evaluated,not_evaluated
You don't seem yourself today honey!,1.131578947368421,0.0471730865254342,76,68,6,2,not_evaluated,not_evaluated
I just can't see it from your angle.,1.131578947368421,0.043294605892116,76,67,8,1,not_evaluated,not_evaluated
Are you new around here?,1.131578947368421,0.043294605892116,76,67,8,1,not_evaluated,not_evaluated
"Excuse me, there is no twerking allowed.",1.131578947368421,0.0471730865254342,76,68,6,2,not_evaluated,not_evaluated
But I know you'll just collapse before daylight.,1.131578947368421,0.0390326236162929,76,66,10,0,not_evaluated,not_evaluated
"Yes, you're beautiful, yes you're always smiling, and yes you've got great moves; but I still think you're too stuck up.",1.131578947368421,0.043294605892116,76,67,8,1,not_evaluated,not_evaluated
It’s nice to see someone cut loose at one of these things.,1.131578947368421,0.043294605892116,76,67,8,1,not_evaluated,not_evaluated
How do you have the energy after doing this outside the car dealership all day?,1.131578947368421,0.0471730865254342,76,68,6,2,not_evaluated,not_evaluated
"You've come a long way from outside the car dealership, baby!",1.131578947368421,0.043294605892116,76,67,8,1,not_evaluated,not_evaluated
Care to share how you handle inflation?,1.131578947368421,0.0471730865254342,76,68,6,2,not_evaluated,not_evaluated
"I understand, my husband is full of hot air too.",1.131578947368421,0.0471730865254342,76,68,6,2,not_evaluated,not_evaluated
"So, how did you and Scabby the Rat end up being college roommates?",1.1313131313131313,0.0397022120986943,99,88,9,2,not_evaluated,not_evaluated
Would you care for a dance?,1.1313131313131313,0.0397022120986943,99,88,9,2,not_evaluated,not_evaluated
"This isn't a dance party, it's a networking opportunity!",1.1313131313131313,0.0370151669217335,99,87,11,1,not_evaluated,not_evaluated
I told you I can't dance,1.1313131313131313,0.0397022120986943,99,88,9,2,not_evaluated,not_evaluated
I’m the plus one,1.1313131313131313,0.0370151669217335,99,87,11,1,not_evaluated,not_evaluated
"Sure, I can be flexible too.",1.1313131313131313,0.0397022120986943,99,88,9,2,not_evaluated,not_evaluated
I just love how real you are.,1.1313131313131313,0.0397022120986943,99,88,9,2,not_evaluated,not_evaluated
"This is, like,  ideal  for one who thrives on hot air and being the center of attention!",1.1313131313131313,0.0341171440621555,99,86,13,0,not_evaluated,not_evaluated
And did this job require an advanced degree?,1.1313131313131313,0.0370151669217335,99,87,11,1,not_evaluated,not_evaluated
This gathering’s a gas. I’m told you’re an heiress.,1.130952380952381,0.0407184542225608,84,74,9,1,not_evaluated,not_evaluated
‘“I like the way you move!”,1.130952380952381,0.0441005016629023,84,75,7,2,not_evaluated,not_evaluated
I'm honestly not sure why they keep playing 1976's Car Wash.,1.130952380952381,0.0501854332671282,84,77,3,4,not_evaluated,not_evaluated
"But, can you two-step?",1.130952380952381,0.0441005016629023,84,75,7,2,not_evaluated,not_evaluated
"Would you mind, please, pulling up your pants?",1.130952380952381,0.0441005016629023,84,75,7,2,not_evaluated,not_evaluated
"I don't approve of this attention-seeking behavior, Rick.",1.130952380952381,0.0472410412624924,84,76,5,3,not_evaluated,not_evaluated
"Would you say you're in marketing, then?",1.130952380952381,0.0370287831508128,84,73,11,0,not_evaluated,not_evaluated
"Quit wavering! You're either on board with our new corporate agenda, or not.",1.130952380952381,0.0407184542225608,84,74,9,1,not_evaluated,not_evaluated
I think you've made your point.,1.130952380952381,0.0407184542225608,84,74,9,1,not_evaluated,not_evaluated
I ate carrots last night.,1.130952380952381,0.0441005016629023,84,75,7,2,not_evaluated,not_evaluated
"Be still a minute, I wanna talk to you.",1.130952380952381,0.0370287831508128,84,73,11,0,not_evaluated,not_evaluated
"You look SO familiar, did we meet at Sunny's used car dealership?",1.130952380952381,0.0370287831508128,84,73,11,0,not_evaluated,not_evaluated
"""I wish I could enjoy harp solos as much as you.",1.130952380952381,0.0407184542225608,84,74,9,1,not_evaluated,not_evaluated
Tell me more about this But One Get One Free sale!,1.130952380952381,0.0370287831508128,84,75,8,1,not_evaluated,not_evaluated
I just feel so used,1.1308411214953271,0.0327543346434573,107,93,14,0,not_evaluated,not_evaluated
"Spineless and a bag of wind, yes of course you have my vote",1.1308411214953271,0.0377560316300045,107,95,10,2,not_evaluated,not_evaluated
"May I ask, what are your pronouns?",1.1308411214953271,0.0421685832220649,107,97,6,4,not_evaluated,not_evaluated
So what's it like working with Jeff Koons?,1.1308411214953271,0.035343771462462,107,94,12,1,not_evaluated,not_evaluated
Have we met?,1.1304347826086956,0.0385393591490399,92,81,10,1,not_evaluated,not_evaluated
I find most guys are just full of hot air.,1.1304347826086956,0.0353042583887457,92,80,12,0,not_evaluated,not_evaluated
Looks like you bent over backwards to be here.,1.1304347826086956,0.0353042583887457,92,80,12,0,not_evaluated,not_evaluated
How come you’re always so energetic at work?,1.1304347826086956,0.0385393591490399,92,81,10,1,not_evaluated,not_evaluated
So how long have you been working at a used car lot?,1.1304347826086956,0.0415231712042572,92,82,8,2,not_evaluated,not_evaluated
You don’t seem like you’re from around here.,1.1304347826086956,0.0415231712042572,92,82,8,2,not_evaluated,not_evaluated
There's just something about talking to you that makes me unhappy with my current cell phone provider.,1.1304347826086956,0.0469250128751905,92,84,4,4,not_evaluated,not_evaluated
"You’re light on your feet, and you light up the room!",1.1304347826086956,0.0385393591490399,92,81,10,1,not_evaluated,not_evaluated
Does HR know you are on overtime,1.1304347826086956,0.0385393591490399,92,81,10,1,not_evaluated,not_evaluated
"I'd love another one, but I think I shouldn't.",1.1304347826086956,0.0353042583887457,92,80,12,0,not_evaluated,not_evaluated
"The Air In and Around Us""  (2023)
Maggie Larson

Ink on Paper
Air Not for Sal",1.1304347826086956,0.0415231712042572,92,82,8,2,not_evaluated,not_evaluated
Those moves are blowing my mind.,1.1304347826086956,0.0353042583887457,92,80,12,0,not_evaluated,not_evaluated
Do you have a sister that works at the car dealership?,1.1304347826086956,0.0415231712042572,92,82,8,2,not_evaluated,not_evaluated
So what do you do for fun?,1.1304347826086956,0.0415231712042572,92,82,8,2,not_evaluated,not_evaluated
"I know, I know. Why's a standup guy like me debauching around at this party? Well, I'm not as upright as everyone thinks.",1.1304347826086956,0.0443064926404407,92,83,6,3,not_evaluated,not_evaluated
Sometimes I feel like the only one in this relationship.,1.1304347826086956,0.0385393591490399,92,81,10,1,not_evaluated,not_evaluated
Wanna see my impression of Elaine Benes dancing?,1.1304347826086956,0.0385393591490399,92,81,10,1,not_evaluated,not_evaluated
Baby you make hot air hot,1.1304347826086956,0.0353042583887457,92,80,12,0,not_evaluated,not_evaluated
"So, how did you get your job at the car dealership?",1.13,0.0366666666666667,100,88,11,1,not_evaluated,not_evaluated
"I'd join you, but I'm out of breath.",1.13,0.0366666666666667,100,88,11,1,not_evaluated,not_evaluated
Life of the Party,1.13,0.0393251147037697,100,89,9,2,not_evaluated,not_evaluated
I love your party shimmy dress!,1.13,0.0393251147037697,100,89,9,2,not_evaluated,not_evaluated
I asked you to please stop stalking me!,1.13,0.0393251147037697,100,89,9,2,not_evaluated,not_evaluated
Thank God you're not wearing a plaid suit.,1.13,0.0393251147037697,100,89,9,2,not_evaluated,not_evaluated
I can't understand why everyone thinks I'm an introvert  @newyorkermag @newyorkercartoons,1.13,0.0418148878808116,100,90,7,3,not_evaluated,not_evaluated
I have been an admirer of Gumby and Pokey for years.,1.12987012987013,0.0501216883877475,77,70,4,3,not_evaluated,not_evaluated
I just love your energy!,1.12987012987013,0.0427627951322407,77,68,8,1,not_evaluated,not_evaluated
You look like a blowhard.,1.12987012987013,0.0465877682142021,77,69,6,2,not_evaluated,not_evaluated
Where did you learn those dance moves?,1.12987012987013,0.0427627951322407,77,68,8,1,not_evaluated,not_evaluated
what do you mean you're always bending over backwards?,1.12987012987013,0.0427627951322407,77,68,8,1,not_evaluated,not_evaluated
"Just because you’re blown all out of proportion, doesn’t mean we have to be.",1.12987012987013,0.0385602534725039,77,67,10,0,not_evaluated,not_evaluated
Guess your sign? I don’t know…Aries?,1.12987012987013,0.0427627951322407,77,68,8,1,not_evaluated,not_evaluated
It's refreshing to chat with someone who isn't rigid.,1.12987012987013,0.0385602534725039,77,67,10,0,not_evaluated,not_evaluated
I would like to introduce you to this amazing network marketing possibility,1.12987012987013,0.0465877682142021,77,69,6,2,not_evaluated,not_evaluated
How do you do it? You're so uninhibited,1.1296296296296295,0.0324722438991795,108,94,14,0,not_evaluated,not_evaluated
I'm a big fan of your moves!,1.1294117647058823,0.0467073710859265,85,77,5,3,not_evaluated,not_evaluated
You know I've given up smoking!  Why are you tempting me?,1.1294117647058823,0.0366229761120619,85,74,11,0,not_evaluated,not_evaluated
I think you caught the boss's eye.,1.1294117647058823,0.0402660455486082,85,75,9,1,not_evaluated,not_evaluated
"I wouldn't worry about the current political climate. It will soon blow over, I promise you.",1.1294117647058823,0.0366229761120619,85,74,11,0,not_evaluated,not_evaluated
Surely you're not serious about voting for Trump again?,1.1294117647058823,0.0366229761120619,85,74,11,0,not_evaluated,not_evaluated
Let’s blow this joint and go party at a car dealership I know.,1.1294117647058823,0.0402660455486082,85,75,9,1,not_evaluated,not_evaluated
Do you think animals deserve rights?,1.1294117647058823,0.0436058077432412,85,76,7,2,not_evaluated,not_evaluated
"Where's your backbone, man??",1.1294117647058823,0.0402660455486082,85,75,9,1,not_evaluated,not_evaluated
Did I see you at my hot yoga class?,1.1294117647058823,0.0402660455486082,85,75,9,1,not_evaluated,not_evaluated
"Thanks, but I'm not looking for a new car right now.",1.1294117647058823,0.0436058077432412,85,76,7,2,not_evaluated,not_evaluated
You obviously impressed the bosses. Congratulations!,1.1294117647058823,0.0467073710859265,85,77,5,3,not_evaluated,not_evaluated
At least you're pointedly moving and grooving to this hot air filled room!,1.1294117647058823,0.0366229761120619,85,74,11,0,not_evaluated,not_evaluated
Sorry our relationship isn’t working out.  I thought you were a free spirit but it turns out you’re way too grounded for me.  ?,1.1294117647058823,0.0436058077432412,85,76,7,2,not_evaluated,not_evaluated
It's nice to talk to someone who really understands active listening.,1.1294117647058823,0.0402660455486082,85,75,9,1,not_evaluated,not_evaluated
I loved your work in ‘Nope.’,1.1294117647058823,0.0402660455486082,85,75,9,1,not_evaluated,not_evaluated
"It’s not you, it’s me. I’m sorry. We can still be friends.",1.1294117647058823,0.0402660455486082,85,75,9,1,not_evaluated,not_evaluated
You work in the Auto Industry? Me too!,1.1290322580645162,0.0349507315410297,93,81,12,0,not_evaluated,not_evaluated
I couldn't care less what your last girlfriend did. I'm just not blowing hot air.,1.1290322580645162,0.0410981972432648,93,83,8,2,not_evaluated,not_evaluated
You’re not doing it right!,1.1290322580645162,0.0381484957232879,93,82,10,1,not_evaluated,not_evaluated
Just go with the flow.,1.1290322580645162,0.0410981972432648,93,83,8,2,not_evaluated,not_evaluated
How do you do it?,1.1290322580645162,0.0381484957232879,93,82,10,1,not_evaluated,not_evaluated
Can you take one night off?,1.1290322580645162,0.0381484957232879,93,82,10,1,not_evaluated,not_evaluated
Hi.  I'm gen Z.,1.1290322580645162,0.0381484957232879,93,82,10,1,not_evaluated,not_evaluated
"But for heaven's sakes, babe.  It's a silent auction.",1.1290322580645162,0.0381484957232879,93,82,10,1,not_evaluated,not_evaluated
"Look Babe, you look good now, but I've seen you in the AM.",1.1290322580645162,0.0381484957232879,93,82,10,1,not_evaluated,not_evaluated
"Finally, someone who understands my fluidity.",1.1290322580645162,0.0381484957232879,93,82,10,1,not_evaluated,not_evaluated
"You know you look rather foolish, and are drawing a lot of attention to yourself.",1.1290322580645162,0.0381484957232879,93,82,10,1,not_evaluated,not_evaluated
"So, you move with the wind?",1.1290322580645162,0.0381484957232879,93,82,10,1,not_evaluated,not_evaluated
It’s nice to see you are taking the flapper theme seriously this year!,1.1290322580645162,0.0410981972432648,93,83,8,2,not_evaluated,not_evaluated
I’ve always admired your confidence and poise from afar- so thrilled to meet you in person,1.1290322580645162,0.0410981972432648,93,83,8,2,not_evaluated,not_evaluated
"For the last time, we cannot leave this party early. You are not wiggling yourself out of this one!",1.1290322580645162,0.0381484957232879,93,82,10,1,not_evaluated,not_evaluated
How many used cars have you sold?,1.1287128712871286,0.0414188131947562,101,91,7,3,not_evaluated,not_evaluated
Shake like no one is watching.,1.1287128712871286,0.0389550803423881,101,90,9,2,not_evaluated,not_evaluated
You’re out-dancing everyone.,1.1285714285714286,0.0451426474822816,70,62,7,1,not_evaluated,not_evaluated
I really appreciate your animated participation--I've been trying out this new approach to boost my self-confidence.,1.1285714285714286,0.0495170404674773,70,63,5,2,not_evaluated,not_evaluated
"Oh, so you are not a Tube Man but a Tube Trans?",1.1285714285714286,0.0402961530020089,70,61,9,0,not_evaluated,not_evaluated
You must be here with the used car dealer?,1.1282051282051282,0.0422438190280981,78,69,8,1,not_evaluated,not_evaluated
"Wow, your dance moves really blow me away!",1.1282051282051282,0.0380990802130231,78,68,10,0,not_evaluated,not_evaluated
"Wow, you sure know your mattress deals!",1.1282051282051282,0.0380990802130231,78,68,10,0,not_evaluated,not_evaluated
What’s it feel like to dance on air?,1.1282051282051282,0.0422438190280981,78,69,8,1,not_evaluated,not_evaluated
So the job has it's ups and downs?,1.1282051282051282,0.0422438190280981,78,69,8,1,not_evaluated,not_evaluated
"""I'm so bad at networking; what's your secret?""",1.1282051282051282,0.0460167423779545,78,70,6,2,not_evaluated,not_evaluated
You always take the air out of the room,1.1282051282051282,0.0460167423779545,78,70,6,2,not_evaluated,not_evaluated
You are the best date!  Always the life of the party!,1.1282051282051282,0.0380990802130231,78,68,10,0,not_evaluated,not_evaluated
"Wiggle Room"" is just a metaphor. Please go someplace else",1.1282051282051282,0.0460167423779545,78,70,6,2,not_evaluated,not_evaluated
So you say you sell used cars for a living?,1.1282051282051282,0.0460167423779545,78,70,6,2,not_evaluated,not_evaluated
I think you and Groot would make a wonderful couple,1.1282051282051282,0.0460167423779545,78,70,6,2,not_evaluated,not_evaluated
I'm very jealous of your amazing flexibility...,1.1282051282051282,0.0422438190280981,78,69,8,1,not_evaluated,not_evaluated
"She's full of hot air, but it really works for her.",1.1282051282051282,0.0422438190280981,78,69,8,1,not_evaluated,not_evaluated
You're so different. I feel like everyone here is just full of hot air,1.1282051282051282,0.0380990802130231,78,68,10,0,not_evaluated,not_evaluated
He sure knows how to move,1.1282051282051282,0.0380990802130231,78,68,10,0,not_evaluated,not_evaluated
"Why yes, I do need a used car...",1.1282051282051282,0.0422438190280981,78,69,8,1,not_evaluated,not_evaluated
"- So how do you know the couple?
- I helped them buy their first car",1.1282051282051282,0.0422438190280981,78,69,8,1,not_evaluated,not_evaluated
I go whichever way the air goes.,1.127906976744186,0.0398235218695207,86,76,9,1,not_evaluated,not_evaluated
You must always be the best dancer at the party.,1.127906976744186,0.0398235218695207,86,76,9,1,not_evaluated,not_evaluated
You must have an opinion on this—or is it just any way the wind blows?,1.127906976744186,0.0431220443080996,86,77,7,2,not_evaluated,not_evaluated
And how many times do you predict you waved when you got the job?,1.127906976744186,0.0398235218695207,86,76,9,1,not_evaluated,not_evaluated
"You're not one of those men full of hot air who flop over at the slightest poke, are you?",1.127906976744186,0.0461855877577325,86,78,5,3,not_evaluated,not_evaluated
"Honestly, I really, really like your Style!",1.127906976744186,0.0431220443080996,86,77,7,2,not_evaluated,not_evaluated
"I've got the shakes, the hippy hippy shakes!",1.127906976744186,0.0461855877577325,86,78,5,3,not_evaluated,not_evaluated
And yet I only mentioned Taylor Swift once,1.127906976744186,0.0431220443080996,86,77,7,2,not_evaluated,not_evaluated
Shall we Wobble!,1.127906976744186,0.0362258896767862,86,75,11,0,not_evaluated,not_evaluated
Seems lately these meetings draw a lot of inflated egos full of hot air,1.127906976744186,0.0461855877577325,86,78,5,3,not_evaluated,not_evaluated
...and then I left Cleveland. Thought about being a CEO or going into medicine or taking a year for myself.,1.127906976744186,0.0398235218695207,86,76,9,1,not_evaluated,not_evaluated
I heard the you sold a used car to the valet?,1.127906976744186,0.0398235218695207,86,76,9,1,not_evaluated,not_evaluated
"Why so happy, full of air?",1.127906976744186,0.0461855877577325,86,78,5,3,not_evaluated,not_evaluated
A good man is hard to find,1.127906976744186,0.0362258896767862,86,75,11,0,not_evaluated,not_evaluated
You can't be the life of the party if you don't mingle.,1.127906976744186,0.0398235218695207,86,76,9,1,not_evaluated,not_evaluated
"Honey, you do not know how to ""get down.""",1.127906976744186,0.0362258896767862,86,75,11,0,not_evaluated,not_evaluated
Interesting. And what first led you to believe you might be suffering from bipolar disorder?,1.127906976744186,0.0362258896767862,86,77,8,1,not_evaluated,not_evaluated
I like your style.,1.127659574468085,0.0406817968069462,94,84,8,2,not_evaluated,not_evaluated
"Why do you keep calling Spot ""Maleficent,"" Virginia?",1.127659574468085,0.034604152823488,94,82,12,0,not_evaluated,not_evaluated
"You were our best salesman this quarter, in are you open to a position in management?",1.127659574468085,0.0434026403672268,94,85,6,3,not_evaluated,not_evaluated
You seem sweet but I prefer dating short guys,1.127659574468085,0.0406817968069462,94,84,8,2,not_evaluated,not_evaluated
Nice blow out.,1.127659574468085,0.034604152823488,94,82,12,0,not_evaluated,not_evaluated
Your ex just left.,1.127659574468085,0.0377654338256094,94,83,10,1,not_evaluated,not_evaluated
"You better not have a glass of wine, you’ll just end up wearing it.",1.127659574468085,0.0434026403672268,94,85,6,3,not_evaluated,not_evaluated
You look great in white!,1.127659574468085,0.0377654338256094,94,83,10,1,not_evaluated,not_evaluated
How'd you get here from the tire store?,1.127659574468085,0.0377654338256094,94,83,10,1,not_evaluated,not_evaluated
"Don't look away, I know you can hear me",1.127659574468085,0.0406817968069462,94,84,8,2,not_evaluated,not_evaluated
They've really got the air conditioning cranked in here!,1.127659574468085,0.0377654338256094,94,83,10,1,not_evaluated,not_evaluated
Who invited the french fry guy! Lol. This is not professional. Someone is gonna get fired.,1.127659574468085,0.0406817968069462,94,84,8,2,not_evaluated,not_evaluated
Inflatable Tube Man gets hit on at class of 2004 reunion.,1.127659574468085,0.0406817968069462,94,84,8,2,not_evaluated,not_evaluated
"I'm glad we met on the street corner, but truthfully, sometimes I feel like you are full of hot air.",1.127659574468085,0.034604152823488,94,82,12,0,not_evaluated,not_evaluated
Can you wait until the music starts?,1.127659574468085,0.0406817968069462,94,84,8,2,not_evaluated,not_evaluated
"He throws the best ""Thank God It's April 16"" party in town.",1.127659574468085,0.0377654338256094,94,83,10,1,not_evaluated,not_evaluated
So this is what you do after tax season,1.127659574468085,0.0377654338256094,94,83,10,1,not_evaluated,not_evaluated
Your LinkedIn must be blowing up.,1.127659574468085,0.0406817968069462,94,84,8,2,not_evaluated,not_evaluated
You’re still not the most inflated person here,1.127659574468085,0.0434026403672268,94,85,6,3,not_evaluated,not_evaluated
I love your look. Who's your stylist?,1.1274509803921569,0.0359888694463253,102,90,11,1,not_evaluated,not_evaluated
Thanks for coming. Everyone loves someone who's the life of the party!,1.1274509803921569,0.0385919134636979,102,91,9,2,not_evaluated,not_evaluated
‘’Wish I could go wherever the wind takes me”.,1.1272727272727272,0.0367782864401862,110,98,10,2,not_evaluated,not_evaluated
"Geez, one drink and you’re singing “Baby, You Can Drive My Car.”",1.1267605633802815,0.0445391219742025,71,63,7,1,not_evaluated,not_evaluated
"You're a wind dancer?  What a coincidence, I'm an air guitarist!",1.1267605633802815,0.0445391219742025,71,63,7,1,not_evaluated,not_evaluated
Turn the air up more so I can do a sexy dance for this guy.,1.1267605633802815,0.0488482125891461,71,64,5,2,not_evaluated,not_evaluated
Gee! I don’t find you to be full of hot air at all!,1.1267605633802815,0.0445391219742025,71,63,7,1,not_evaluated,not_evaluated
How do you stay upright in this suffocating vacuum of a party?,1.1265822784810129,0.0488992386737671,79,72,4,3,not_evaluated,not_evaluated
'Are you stalking me?',1.1265822784810129,0.0417372214363609,79,70,8,1,not_evaluated,not_evaluated
You're such a good listener. My husband's only got wind in his head.,1.1265822784810129,0.0417372214363609,79,70,8,1,not_evaluated,not_evaluated
I know. I was laid off too!,1.1265822784810129,0.0454594940364599,79,71,6,2,not_evaluated,not_evaluated
The costume party was last week!,1.1265822784810129,0.0376487145651045,79,69,10,0,not_evaluated,not_evaluated
Go with the wind? That’s my philosophy as well!,1.1265822784810129,0.0488992386737671,79,72,4,3,not_evaluated,not_evaluated
You’re such a kinky dancer.  I love the way you move with the wind.,1.1265822784810129,0.0417372214363609,79,70,8,1,not_evaluated,not_evaluated
"Don't blow this out of proportion, but I do need a new set of tires!",1.1265822784810129,0.0454594940364599,79,71,6,2,not_evaluated,not_evaluated
Your Wednesday's Dance is so two months ago,1.1265822784810129,0.0417372214363609,79,70,8,1,not_evaluated,not_evaluated
The car wash is on 3rd street not 3rd avenue,1.1265822784810129,0.0454594940364599,79,71,6,2,not_evaluated,not_evaluated
But was it hard to break the glass ceiling?,1.1265822784810129,0.0376487145651045,79,69,10,0,not_evaluated,not_evaluated
"I like your honesty, so few of the guys I meet acknowledge that  they're full of hot air.",1.1265822784810129,0.0417372214363609,79,70,8,1,not_evaluated,not_evaluated
Who does your hair and nails?,1.1265822784810129,0.0454594940364599,79,71,6,2,not_evaluated,not_evaluated
Your exercise program is great for hips!,1.1265822784810129,0.0417372214363609,79,70,8,1,not_evaluated,not_evaluated
I never advertise that I'm single.,1.1265822784810129,0.0417372214363609,79,70,8,1,not_evaluated,not_evaluated
Your unbridled enthusiasm makes these after-work things bearable.,1.1265822784810129,0.0417372214363609,79,70,8,1,not_evaluated,not_evaluated
How long have you been on Ozempic?,1.1265822784810129,0.0417372214363609,79,70,8,1,not_evaluated,not_evaluated
Stop with the bombastic mechanizations,1.1265822784810129,0.0417372214363609,79,70,8,1,not_evaluated,not_evaluated
"ever since you went cordless, we’ve really gotten around!",1.1265822784810129,0.0376487145651045,79,69,10,0,not_evaluated,not_evaluated
You're good as long as you don't pass wind,1.1265822784810129,0.0417372214363609,79,70,8,1,not_evaluated,not_evaluated
It's been so refreshing talking to you...you're nothing like all these other windbags here tonight.,1.1265822784810129,0.0454594940364599,79,71,6,2,not_evaluated,not_evaluated
I'll have you back to the car lot before the Summer Blowout Sale begins!,1.1265822784810129,0.0417372214363609,79,70,8,1,not_evaluated,not_evaluated
I understand you're head over heals about the acquisition but this is a bit much.,1.1265822784810129,0.0417372214363609,79,70,8,1,not_evaluated,not_evaluated
I can't decide what really matters anymore either.,1.1265822784810129,0.0376487145651045,79,69,10,0,not_evaluated,not_evaluated
"You're tall, you're full of hot air and you bend with the wind. Let's start your PAC.",1.1265822784810129,0.0376487145651045,79,69,10,0,not_evaluated,not_evaluated
"I’ll just keep talking like you are listening,like you care what the hellI say ,which is more than I get at home.",1.1265822784810129,0.0417372214363609,79,70,8,1,not_evaluated,not_evaluated
But how many cars did you actually sell?!,1.1265822784810129,0.0454594940364599,79,71,6,2,not_evaluated,not_evaluated
So how do you know Linda?,1.1265822784810129,0.0376487145651045,79,69,10,0,not_evaluated,not_evaluated
Where can I go to find a good used car for my kid?,1.1264367816091954,0.0393905648619928,87,77,9,1,not_evaluated,not_evaluated
"Sorry, the used car sales seminar, is in the banquet room across the hall.",1.1264367816091954,0.0358372486916187,87,76,11,0,not_evaluated,not_evaluated
"And there you have it, the worlds tallest dancing carrot”
Callum J. Rolfe, London U.",1.1264367816091954,0.042648854691642,87,78,7,2,not_evaluated,not_evaluated
Talking to people these days is like talking to air. This is so refreshing,1.1264367816091954,0.0358372486916187,87,76,11,0,not_evaluated,not_evaluated
"I get you, I can't abide people that

suck the air out of the room either.",1.1264367816091954,0.0456752998115035,87,79,5,3,not_evaluated,not_evaluated
How's the weather up there.,1.1264367816091954,0.042648854691642,87,78,7,2,not_evaluated,not_evaluated
I think I recognize you from a Peyronie's disease commercial.,1.1264367816091954,0.0393905648619928,87,77,9,1,not_evaluated,not_evaluated
This is exactly why I never bring you to my office parties.,1.1264367816091954,0.0393905648619928,87,77,9,1,not_evaluated,not_evaluated
So what do you think of this new capital gains tax?,1.1264367816091954,0.0393905648619928,87,77,9,1,not_evaluated,not_evaluated
You look so young. Those Blow-tox treatments are working!,1.1264367816091954,0.0358372486916187,87,76,11,0,not_evaluated,not_evaluated
"You're really cute, but too distract-able.",1.1264367816091954,0.0393905648619928,87,77,9,1,not_evaluated,not_evaluated
You strike me as one who goes with the flow!,1.1264367816091954,0.042648854691642,87,78,7,2,not_evaluated,not_evaluated
"Sure, but does it pass the new government standards for the rebate?",1.1264367816091954,0.0393905648619928,87,77,9,1,not_evaluated,not_evaluated
Its a job you dont have to do it hard,1.1264367816091954,0.0393905648619928,87,77,9,1,not_evaluated,not_evaluated
"Have you seen Flo, Toyotathon?",1.1264367816091954,0.042648854691642,87,78,7,2,not_evaluated,not_evaluated
"You don't need proof of identity to get in, but you do need to be an entity.",1.1263157894736842,0.0373899438042335,95,84,10,1,not_evaluated,not_evaluated
WHERE can I GET this dress?,1.1263157894736842,0.0373899438042335,95,84,10,1,not_evaluated,not_evaluated
I like that you’re not the typical blowhard.,1.1263157894736842,0.0342643215597544,95,83,12,0,not_evaluated,not_evaluated
"Yes, You have put me in the mood to buy a used car.",1.1263157894736842,0.0373899438042335,95,84,10,1,not_evaluated,not_evaluated
"Let’s dance, I’m not here to talk car sales",1.1263157894736842,0.0402737142987485,95,85,8,2,not_evaluated,not_evaluated
Can you do the Charleston in that tight gown?,1.1263157894736842,0.0402737142987485,95,85,8,2,not_evaluated,not_evaluated
What's shakin' baby?,1.1263157894736842,0.0373899438042335,95,84,10,1,not_evaluated,not_evaluated
"Hopin’ to make it to next year’s VMA’s, S’Miley?",1.1263157894736842,0.0373899438042335,95,84,10,1,not_evaluated,not_evaluated
"You're our perfect candidate.  You're tall, good looking, sway with the trends, and full of hot air.",1.1263157894736842,0.0373899438042335,95,84,10,1,not_evaluated,not_evaluated
Do you identify as non-binary ?,1.1262135922330097,0.0356592255060897,103,91,11,1,not_evaluated,not_evaluated
"I'm sure you get this all the time , but who does your hair?",1.1262135922330097,0.0382354256258999,103,92,9,2,not_evaluated,not_evaluated
"If you need air, I have a leaf blower.",1.1260504201680672,0.0349060673082692,119,106,11,2,not_evaluated,not_evaluated
So I see you had a drink or two,1.125,0.045038969481215,96,88,4,4,not_evaluated,not_evaluated
Curb your enthusiasm!,1.125,0.0354567893081984,88,77,11,0,not_evaluated,not_evaluated
It's so refreshing to meet someone that goes with the flow.,1.125,0.0354567893081984,88,77,11,0,not_evaluated,not_evaluated
"You remind me of my ex-husband.
The blue pill didn’t help.",1.125,0.04253481546117,96,87,6,3,not_evaluated,not_evaluated
"I can ignore the elephant in the room, but you really stand out!",1.125,0.0412425674163067,80,71,8,1,not_evaluated,not_evaluated
"My job just has me flailing lately.""",1.125,0.0449155325393247,80,72,6,2,not_evaluated,not_evaluated
I can always tell when you’ve done blow.,1.125,0.0412425674163067,80,71,8,1,not_evaluated,not_evaluated
Your dance moves are “fan”tastic!,1.125,0.0370218048599432,96,85,10,1,not_evaluated,not_evaluated
May I have the pleasure of this dance?,1.125,0.0389668696189427,88,80,6,2,not_evaluated,not_evaluated
I really like a guy who dances well and doesn't talk too much.,1.125,0.0421858974984934,88,79,7,2,not_evaluated,not_evaluated
But Carmen…,1.125,0.0370218048599432,96,85,10,1,not_evaluated,not_evaluated
"Unlike the other windbags at this party, you’re a great listener.",1.125,0.0449155325393247,80,72,6,2,not_evaluated,not_evaluated
"You look interesting; I'll cue up David Bowie's ""Let's Dance.""",1.125,0.0370218048599432,96,85,10,1,not_evaluated,not_evaluated
I think you're full of hot air.,1.125,0.0354567893081984,88,77,11,0,not_evaluated,not_evaluated
Have a drink and let your air down,1.125,0.0370218048599432,96,85,10,1,not_evaluated,not_evaluated
You're being hysterical.,1.125,0.0451761327207974,88,80,5,3,not_evaluated,not_evaluated
"So, it's just being 'alive'.",1.125,0.0412425674163067,80,71,8,1,not_evaluated,not_evaluated
I'm the one full of hot air?,1.125,0.0412425674163067,80,71,8,1,not_evaluated,not_evaluated
You’re making this party totally tubular,1.125,0.0412425674163067,80,71,8,1,not_evaluated,not_evaluated
"So,other than used car lots and appliance stores,where else have I seen you perform?",1.125,0.0370218048599432,96,85,10,1,not_evaluated,not_evaluated
You're making a scene.,1.125,0.0451761327207974,88,80,5,3,not_evaluated,not_evaluated
"On second thought, I’d rather not dance.",1.125,0.0372087848617242,80,70,10,0,not_evaluated,not_evaluated
"When I drove by the car lot and didn’t see you, I knew you’d be here.",1.125,0.0354567893081984,88,77,11,0,not_evaluated,not_evaluated
Are you a Kardashian?,1.125,0.0412425674163067,80,71,8,1,not_evaluated,not_evaluated
"Hi, I’m Stacy. How do you know the hosts?

Grand Opening! Under New Management!",1.125,0.0354567893081984,88,77,11,0,not_evaluated,not_evaluated
I’m glad you posted to Healthy Hookups.”,1.125,0.0370218048599432,96,85,10,1,not_evaluated,not_evaluated
"I know your profile said that you tend to blow with the wind, but. . .",1.125,0.0412425674163067,80,71,8,1,not_evaluated,not_evaluated
Do you ever get the feeling that the cosmos is putting you in one contrived situation after another?,1.125,0.0412425674163067,80,71,8,1,not_evaluated,not_evaluated
I thought you'd like a night at an Airbnb.,1.125,0.0372087848617242,80,70,10,0,not_evaluated,not_evaluated
Wow! I'm a big fan! Saw your show at Sam's Used Cars!,1.125,0.0481971531441952,72,65,5,2,not_evaluated,not_evaluated
Your enthusiasm is unflappable!,1.125,0.0421858974984934,88,79,7,2,not_evaluated,not_evaluated
I just can't keep my eyes off of you!,1.125,0.0370218048599432,96,85,10,1,not_evaluated,not_evaluated
"Yes, I'm single.",1.125,0.0421858974984934,88,79,7,2,not_evaluated,not_evaluated
Why didn't you warn me you were an extrovert at parties?,1.125,0.0412425674163067,80,71,8,1,not_evaluated,not_evaluated
I really admire how flexible you are.,1.125,0.0389668696189427,88,78,9,1,not_evaluated,not_evaluated
So what you're telling me is that there would be a lot of flexibility in our partnership.,1.125,0.0392491141014224,72,63,9,0,not_evaluated,not_evaluated
I understand your pronouns are 'who/what'.,1.125,0.0449155325393247,80,72,6,2,not_evaluated,not_evaluated
You really know how to go with the flow at these things.,1.125,0.0412425674163067,80,71,8,1,not_evaluated,not_evaluated
Is that a new haircut? You look fabulous!,1.125,0.0370218048599432,96,85,10,1,not_evaluated,not_evaluated
Oh really? Tell me more about auto supply marketing.,1.125,0.0449155325393247,80,72,6,2,not_evaluated,not_evaluated
It takes a lot of hot air to keep you going!,1.125,0.0370218048599432,96,85,10,1,not_evaluated,not_evaluated
"we 've removed all the mattresses to stop the spread of drug resistant gonorrhea and sex crime cases,  so go home.",1.125,0.04253481546117,96,87,6,3,not_evaluated,not_evaluated
Do you dance to anything other than “Windy?”,1.125,0.0354567893081984,88,77,11,0,not_evaluated,not_evaluated
But what about the wayward wind?,1.125,0.0451761327207974,88,80,5,3,not_evaluated,not_evaluated
Can I hand you a leg?,1.125,0.0439514421205464,72,64,7,1,not_evaluated,not_evaluated
"This is the Upper East Side, not some downtown hootenanny...",1.125,0.0412425674163067,80,71,8,1,not_evaluated,not_evaluated
"Alright, I get it, You like...Blowin' in the Wind",1.125,0.0354567893081984,88,77,11,0,not_evaluated,not_evaluated
I like what you’re selling let’s dance!,1.125,0.0412425674163067,80,71,8,1,not_evaluated,not_evaluated
Boom chacalaca,1.125,0.0354567893081984,88,77,11,0,not_evaluated,not_evaluated
"You really know how to inflate a room. How's about, I dunno, we skip this party and go back to my place, do a little drinking, a little dancing, a little fighting, smoke a jay, snort some kay, you know, just relax...And then you inflate me.",1.125,0.0421858974984934,88,79,7,2,not_evaluated,not_evaluated
How to be your biggest fan?,1.125,0.0421858974984934,88,79,7,2,not_evaluated,not_evaluated
Didn't we meet at Big Al's Auto Emporium?,1.125,0.0339310446269148,96,87,8,1,not_evaluated,not_evaluated
Is this what happens when you go to California and eat the sea moss from Erewon?,1.125,0.0412425674163067,80,71,8,1,not_evaluated,not_evaluated
"So, would you make a date travel to a bar in your neighborhood or would you meet them someplace halfway?",1.125,0.0372087848617242,80,70,10,0,not_evaluated,not_evaluated
"Oh my God, I heard the news. I’m so sorry. How long do you have?",1.125,0.0449155325393247,80,72,6,2,not_evaluated,not_evaluated
Who is your agent?,1.125,0.0339310446269148,96,84,12,0,not_evaluated,not_evaluated
"And I was like, “if you can’t love me at my worst, you don’t deserve me at my best”",1.125,0.0354567893081984,88,77,11,0,not_evaluated,not_evaluated
"Currently, I’m in the automotive sector, but my real passion is my podcast…",1.125,0.0421858974984934,88,79,7,2,not_evaluated,not_evaluated
I’m an influencer.,1.125,0.0412425674163067,80,71,8,1,not_evaluated,not_evaluated
"It may not seem like it sometimes, but I really do appreciate your go-with-flow mentality.",1.125,0.0354567893081984,88,77,11,0,not_evaluated,not_evaluated
Does this outfit make my butt look big?,1.1238095238095238,0.0375417669606416,105,94,9,2,not_evaluated,not_evaluated
"As I told you, "" even if you're naked, people wouldn't pay any attention to you at these office gatherings.""",1.1237113402061856,0.0394815302167562,97,87,8,2,not_evaluated,not_evaluated
You're a queen in my eyes.,1.1237113402061856,0.0394815302167562,97,87,8,2,not_evaluated,not_evaluated
Have we met before?,1.1237113402061856,0.0366608046277523,97,86,10,1,not_evaluated,not_evaluated
You seem different; most guys are just full of hot air.,1.1237113402061856,0.0421137490679592,97,88,6,3,not_evaluated,not_evaluated
Is this what you mean by fitting in?,1.1237113402061856,0.0366608046277523,97,86,10,1,not_evaluated,not_evaluated
“ We’re impersonating people; what’s your act?”,1.1237113402061856,0.033604136109292,97,85,12,0,not_evaluated,not_evaluated
"Brett this isn't what I meant when I said, 'can you do the worm'...",1.1237113402061856,0.0366608046277523,97,86,10,1,not_evaluated,not_evaluated
So what’s your MSRP to come up to my room?,1.1235955056179776,0.0385521439566202,89,79,9,1,not_evaluated,not_evaluated
"So, Want to come up and see my orchid etchings?",1.1235955056179776,0.0385521439566202,89,79,9,1,not_evaluated,not_evaluated
I've always admired your moves. What are you doing after the car sales convention?,1.1235955056179776,0.0446877279963786,89,81,5,3,not_evaluated,not_evaluated
No one ever dances at these things.,1.1235955056179776,0.0350842584179685,89,78,11,0,not_evaluated,not_evaluated
"It’s not that I don’t like you, it’s just that you inflate things so much.",1.1235955056179776,0.0417328457999828,89,80,7,2,not_evaluated,not_evaluated
How do you stay so slim?  Is it all the exercise?,1.1235955056179776,0.0417328457999828,89,80,7,2,not_evaluated,not_evaluated
"It’s ok,  of the people at tis party are full of hot air.",1.1235955056179776,0.0446877279963786,89,81,5,3,not_evaluated,not_evaluated
Do we have to dance every time “Wind Beneath My Wings” comes on?,1.1235955056179776,0.0385521439566202,89,79,9,1,not_evaluated,not_evaluated
What's your deal?,1.1235955056179776,0.0446877279963786,89,81,5,3,not_evaluated,not_evaluated
You could have any sky you want,1.1235955056179776,0.0385521439566202,89,79,9,1,not_evaluated,not_evaluated
We ARE full of wind!,1.1235955056179776,0.0417328457999828,89,80,7,2,not_evaluated,not_evaluated
Let's dance!,1.1235955056179776,0.0350842584179685,89,78,11,0,not_evaluated,not_evaluated
What's the deal?,1.1235955056179776,0.0350842584179685,89,78,11,0,not_evaluated,not_evaluated
"I know we just met, but I feel like we're dancing on air.",1.1235955056179776,0.0385521439566202,89,79,9,1,not_evaluated,not_evaluated
You know I’m only going to let you down again…,1.1235955056179776,0.0446877279963786,89,81,5,3,not_evaluated,not_evaluated
So were you going for more business or more casual?,1.1235955056179776,0.0417328457999828,89,80,7,2,not_evaluated,not_evaluated
Why are you such an airhead?,1.1235955056179776,0.0350842584179685,89,78,11,0,not_evaluated,not_evaluated
Nice dance moves...how many of these drinks have you had?,1.1235955056179776,0.0350842584179685,89,78,11,0,not_evaluated,not_evaluated
.  If you could just stop dancing I would bring you a WD40 martini,1.1235955056179776,0.0385521439566202,89,79,9,1,not_evaluated,not_evaluated
So you say you work in promotions!,1.123456790123457,0.0367789360734968,81,71,10,0,not_evaluated,not_evaluated
I prefer conversations that are more full of hot air and less substantial.,1.123456790123457,0.0407594420227633,81,72,8,1,not_evaluated,not_evaluated
"Seriously!""",1.123456790123457,0.0407594420227633,81,72,8,1,not_evaluated,not_evaluated
This is how you do the Basa Nova.,1.123456790123457,0.0367789360734968,81,71,10,0,not_evaluated,not_evaluated
"I think if you stood up straight you could write ""ten feet"" on your dating profile.",1.123456790123457,0.0407594420227633,81,72,8,1,not_evaluated,not_evaluated
You really don't find it limiting?,1.123456790123457,0.0367789360734968,81,71,10,0,not_evaluated,not_evaluated
I'm just a little bit better at hot air than the others.,1.123456790123457,0.0407594420227633,81,72,8,1,not_evaluated,not_evaluated
Now I know where I've seen you before.,1.123456790123457,0.0367789360734968,81,71,10,0,not_evaluated,not_evaluated
So fashion forward! That look is blowing up.,1.123456790123457,0.0407594420227633,81,72,8,1,not_evaluated,not_evaluated
"What do you use to get that loose, straight and wavy hair?",1.123456790123457,0.0367789360734968,81,71,10,0,not_evaluated,not_evaluated
Haven’t we met somewhere before?,1.123456790123457,0.0367789360734968,81,71,10,0,not_evaluated,not_evaluated
"You’re very charming, but I should warn you that I’m a terrible dancer…",1.123456790123457,0.0407594420227633,81,72,8,1,not_evaluated,not_evaluated
So you're enjoying Chicago?,1.123456790123457,0.0407594420227633,81,72,8,1,not_evaluated,not_evaluated
I’m sorry but they insist that you cannot be my ‘ plus one.’”,1.123456790123457,0.0367789360734968,81,71,10,0,not_evaluated,not_evaluated
How’s it blowing?,1.123456790123457,0.0407594420227633,81,72,8,1,not_evaluated,not_evaluated
"I've never heard of ""wind-assisted marketing"" but I love the dress.",1.123456790123457,0.0407594420227633,81,72,8,1,not_evaluated,not_evaluated
Have you been blowing me off?,1.123456790123457,0.0443843901536976,81,73,6,2,not_evaluated,not_evaluated
I'm NOT a gun person? But if I were . . .,1.123456790123457,0.0443843901536976,81,73,6,2,not_evaluated,not_evaluated
Can't you forget about work for just one minute and enjoy the party?,1.123456790123457,0.0367789360734968,81,74,7,0,not_evaluated,not_evaluated
Do you ever get tired?,1.123456790123457,0.0407594420227633,81,72,8,1,not_evaluated,not_evaluated
How do you know every TikTok dance?,1.123456790123457,0.0407594420227633,81,72,8,1,not_evaluated,not_evaluated
"Well, you know what they say. “If you want to get promoted, come to happy hour.”",1.123456790123457,0.0443843901536976,81,73,6,2,not_evaluated,not_evaluated
"Work hard, play hard--that's what I say.",1.1232876712328768,0.0387455770513176,73,64,9,0,not_evaluated,not_evaluated
"Oh, darling, I’ve learned to truly embrace the peripatetic zeitgeist and go wherever the wind blows.",1.1232876712328768,0.0433789954337899,73,65,7,1,not_evaluated,not_evaluated
Where can I get An oil change?,1.1232876712328768,0.0475631658812777,73,66,5,2,not_evaluated,not_evaluated
Didn’t I see you hanging out at that new gas station?,1.1232876712328768,0.0433789954337899,73,65,7,1,not_evaluated,not_evaluated
"Finally, someone who is unlikely to walk out on me",1.1232876712328768,0.0433789954337899,73,65,7,1,not_evaluated,not_evaluated
Would you like something carbonated?,1.1232876712328768,0.0387455770513176,73,64,9,0,not_evaluated,not_evaluated
It's times like this I wish your ego would deflate even just a bit.,1.1232876712328768,0.0433789954337899,73,65,7,1,not_evaluated,not_evaluated
"Oh! You’re from Washington Heights? That’s cool, I’ve never been but I’ve seen that movie they made recently about it…",1.1226415094339623,0.0347053576385443,106,94,11,1,not_evaluated,not_evaluated
I knew you could shake it the moment I saw you on that car lot.,1.1224489795918366,0.0332834169706912,98,86,12,0,not_evaluated,not_evaluated
Don't tell me to be loose...it tightens me.,1.1224489795918366,0.039096965568884,98,88,8,2,not_evaluated,not_evaluated
"I agree, every party should be a dancing party.",1.1224489795918366,0.039096965568884,98,88,8,2,not_evaluated,not_evaluated
You are by far the most captivating vegetable in this room!,1.1224489795918366,0.039096965568884,98,88,8,2,not_evaluated,not_evaluated
"I want to be free, and not stuck in the same job forever, like you",1.1222222222222222,0.0347194131198269,90,79,11,0,not_evaluated,not_evaluated
"I really admire you, you are SUCH a free spirit!",1.1222222222222222,0.0347194131198269,90,79,11,0,not_evaluated,not_evaluated
Old windbag is a bit harsh...,1.1222222222222222,0.0442097423403167,90,82,5,3,not_evaluated,not_evaluated
"I just don't feel like you're listening, you're letting all my words float away",1.1222222222222222,0.0347194131198269,90,79,11,0,not_evaluated,not_evaluated
Hey you know they’re having a limbo contest later…I think you might win”,1.1222222222222222,0.0347194131198269,90,79,11,0,not_evaluated,not_evaluated
"I totally agree, we don't need a weatherman to know which way the wind blows.",1.1222222222222222,0.0381461077637357,90,80,9,1,not_evaluated,not_evaluated
Some call it immaculate.,1.1222222222222222,0.0381461077637357,90,80,9,1,not_evaluated,not_evaluated
No party's complete without you!,1.1222222222222222,0.0347194131198269,90,79,11,0,not_evaluated,not_evaluated
Shouldn't you be on the curb outside some kind of opening?,1.1222222222222222,0.0381461077637357,90,80,9,1,not_evaluated,not_evaluated
You could make a comeback with tobacco-flavored wine.,1.1222222222222222,0.0381461077637357,90,80,9,1,not_evaluated,not_evaluated
"So, what’s your deal?",1.1222222222222222,0.0347194131198269,90,79,11,0,not_evaluated,not_evaluated
Don't you sense an impending letdown?,1.1222222222222222,0.0347194131198269,90,79,11,0,not_evaluated,not_evaluated
Love those dance moves!,1.1222222222222222,0.0381461077637357,90,80,9,1,not_evaluated,not_evaluated
How come this crowd is so white?,1.1222222222222222,0.0381461077637357,90,80,9,1,not_evaluated,not_evaluated
My AI language model suggested we talk about used cars.,1.1222222222222222,0.0347194131198269,90,79,11,0,not_evaluated,not_evaluated
I give up.  You've got me stumped!,1.1222222222222222,0.0381461077637357,90,80,9,1,not_evaluated,not_evaluated
"Sure, I'd love to come to your open house.",1.1222222222222222,0.0381461077637357,90,80,9,1,not_evaluated,not_evaluated
I just can’t forget the great deal I got on that car.,1.1222222222222222,0.0347194131198269,90,79,11,0,not_evaluated,not_evaluated
"I'd love to dance, but why don't we wait until the band starts to play?",1.1222222222222222,0.0381461077637357,90,80,9,1,not_evaluated,not_evaluated
What gender do you associate with?,1.1219512195121952,0.0471731576843609,82,75,4,3,not_evaluated,not_evaluated
You always have to be the life of the party.,1.1219512195121952,0.0363588289024355,82,72,10,0,not_evaluated,not_evaluated
"You can lead next time, I promise.",1.1219512195121952,0.0402874491797248,82,73,8,1,not_evaluated,not_evaluated
"I don’t like your jerk-off face, I don’t like your jerk-off behavior, and I don’t like you, jerk-off—do I make myself clear?",1.1219512195121952,0.0471731576843609,82,75,4,3,not_evaluated,not_evaluated
I see you took the sale tags off.,1.1219512195121952,0.0438656207486141,82,74,6,2,not_evaluated,not_evaluated
"Long story short-- a few months after some bad salmon, I passed a parasite that looked just like you.",1.1219512195121952,0.0471731576843609,82,75,4,3,not_evaluated,not_evaluated
I feel like I'm flailing at life.,1.1219512195121952,0.0438656207486141,82,74,6,2,not_evaluated,not_evaluated
Can I offer you a Bud Light?,1.1219512195121952,0.0363588289024355,82,72,10,0,not_evaluated,not_evaluated
What is your secret to happiness?,1.1219512195121952,0.0438656207486141,82,74,6,2,not_evaluated,not_evaluated
Can I interest you in a nice Chianti and a little fun with my air compressor?,1.1219512195121952,0.0402874491797248,82,73,8,1,not_evaluated,not_evaluated
"So, you say you work at a car dealership?",1.1219512195121952,0.0363588289024355,82,72,10,0,not_evaluated,not_evaluated
So happy that your new meds are helping give you some balance with your bi-polar disorder,1.1219512195121952,0.0363588289024355,82,72,10,0,not_evaluated,not_evaluated
One word? Sounds like rope?,1.1219512195121952,0.0363588289024355,82,72,10,0,not_evaluated,not_evaluated
I’m in drag but you have lift!,1.1219512195121952,0.0402874491797248,82,73,8,1,not_evaluated,not_evaluated
I know a chiropractor that can fix that.,1.1219512195121952,0.0438656207486141,82,74,6,2,not_evaluated,not_evaluated
"Not exactly blown away by this party, are we?",1.1219512195121952,0.0438656207486141,82,74,6,2,not_evaluated,not_evaluated
Don’t you think the air conditioner is on too high?,1.1219512195121952,0.0402874491797248,82,73,8,1,not_evaluated,not_evaluated
"No I haven’t seen Nope yet, have you?",1.1219512195121952,0.0402874491797248,82,73,8,1,not_evaluated,not_evaluated
So you used to date the groom until he called it curtains?,1.1219512195121952,0.0402874491797248,82,73,8,1,not_evaluated,not_evaluated
"Is it me, or is ever",1.1219512195121952,0.0402874491797248,82,75,5,2,not_evaluated,not_evaluated
Frivolously Flirty,1.1219512195121952,0.0402874491797248,82,73,8,1,not_evaluated,not_evaluated
You really have overcome your inhibitions! You go girl!,1.1219512195121952,0.0402874491797248,82,73,8,1,not_evaluated,not_evaluated
Do you know where I can find a good deal on a car?,1.1219512195121952,0.0502635148807354,82,76,2,4,not_evaluated,not_evaluated
I really love how you don’t hold things in,1.1219512195121952,0.0471731576843609,82,75,4,3,not_evaluated,not_evaluated
There's no reason to get bent out of shape.,1.1219512195121952,0.0402874491797248,82,73,8,1,not_evaluated,not_evaluated
"People say you’re full of hot air, but I always point out that you can be flexible.",1.1216216216216215,0.0382546984804765,74,65,9,0,not_evaluated,not_evaluated
I see you have a greatly inflated sense of yourself.,1.1216216216216215,0.0382546984804765,74,65,9,0,not_evaluated,not_evaluated
What do you call this dance? The sleazy salesman?,1.1216216216216215,0.0428212003892668,74,66,7,1,not_evaluated,not_evaluated
Lovely Smile!,1.1216216216216215,0.0469455903117995,74,67,5,2,not_evaluated,not_evaluated
She's too tall to mambo... ♪♫,1.1216216216216215,0.0428212003892668,74,66,7,1,not_evaluated,not_evaluated
Do you think this passes the Bechdel test?,1.1216216216216215,0.0469455903117995,74,67,5,2,not_evaluated,not_evaluated
"... and then he just waived at me.... Yes, exactly like that actually.",1.121212121212121,0.035959410661983,99,88,10,1,not_evaluated,not_evaluated
'You look like the only one here not an airhead or completely empty inside',1.121212121212121,0.035959410661983,99,88,10,1,not_evaluated,not_evaluated
Would you like another glass of wine?,1.121212121212121,0.04372080059897,99,91,4,4,not_evaluated,not_evaluated
You dance with such airy languor!,1.121212121212121,0.0387197918181782,99,89,8,2,not_evaluated,not_evaluated
"You don’t get around much, do you?",1.121212121212121,0.0357179155646826,132,120,8,4,not_evaluated,not_evaluated
You're such a good listener! I know a lot of people who are just full of hot air.,1.121212121212121,0.035959410661983,99,88,10,1,not_evaluated,not_evaluated
Love your style!  Didn’t I see you on the runway?,1.120879120879121,0.0437418468528298,91,83,5,3,not_evaluated,not_evaluated
Wanna boogie ?,1.120879120879121,0.0408552190288606,91,82,7,2,not_evaluated,not_evaluated
Who says you have an inflated ego?,1.120879120879121,0.0377484923897091,91,81,9,1,not_evaluated,not_evaluated
I thought I was getting matched with a more stand up guy!,1.120879120879121,0.0377484923897091,91,81,9,1,not_evaluated,not_evaluated
You're still letting that guy downstairs blow smoke up your dress?,1.120879120879121,0.0343620202184866,91,80,11,0,not_evaluated,not_evaluated
"It’s just small talk, don’t get all bent out of shape.",1.120879120879121,0.0377484923897091,91,81,9,1,not_evaluated,not_evaluated
"Please be my private air dancer, an air dancer for money.....",1.120879120879121,0.0377484923897091,91,81,9,1,not_evaluated,not_evaluated
"I've admired your work, you seem to be everywhere. I believe you're the most important influencer I've ever met!",1.120879120879121,0.0343620202184866,91,80,11,0,not_evaluated,not_evaluated
I don't understand why they call you an airhead.  I find myself drawn to your hypnotic energy...,1.120879120879121,0.0377484923897091,91,81,9,1,not_evaluated,not_evaluated
It’s so refreshing to find someone so excited to just listen.,1.120879120879121,0.0408552190288606,91,82,7,2,not_evaluated,not_evaluated
Welcome back!,1.120879120879121,0.0408552190288606,91,82,7,2,not_evaluated,not_evaluated
You may be hollow but you sure know how to have a good time.,1.120879120879121,0.0377484923897091,91,81,9,1,not_evaluated,not_evaluated
It’s so refreshing to meet you. Everyone else at this party is so stiff.,1.120879120879121,0.0377484923897091,91,81,9,1,not_evaluated,not_evaluated
So you feel it was the ketamine therapy that set you free?,1.120879120879121,0.0343620202184866,91,80,11,0,not_evaluated,not_evaluated
Glad you could get a few hours off from the car dealership to attend my party.,1.120879120879121,0.0343620202184866,91,80,11,0,not_evaluated,not_evaluated
you think you're going to score here?,1.120879120879121,0.0408552190288606,91,82,7,2,not_evaluated,not_evaluated
Can you believe she told me I had an inflated ego?,1.120879120879121,0.0377484923897091,91,81,9,1,not_evaluated,not_evaluated
"Retail marketing, huh? Sounds cool!",1.1206896551724137,0.0349666202227791,116,104,10,2,not_evaluated,not_evaluated
I find you strangely alluring.”,1.120481927710843,0.0359481389331235,83,73,10,0,not_evaluated,not_evaluated
So at midnight your supposed to pop out and make a lot of noise.,1.120481927710843,0.0398262106284982,83,74,8,1,not_evaluated,not_evaluated
Finally Hot Air in a good way,1.120481927710843,0.0398262106284982,83,74,8,1,not_evaluated,not_evaluated
You own the wind!,1.120481927710843,0.0433587985684088,83,75,6,2,not_evaluated,not_evaluated
Bend & SNAP!,1.120481927710843,0.0433587985684088,83,75,6,2,not_evaluated,not_evaluated
So you're an infatible doll that only dances?!  Good for you!,1.120481927710843,0.0433587985684088,83,75,6,2,not_evaluated,not_evaluated
"Shall we dance?
Bill Hill Encino, CA",1.120481927710843,0.0359481389331235,83,73,10,0,not_evaluated,not_evaluated
"You’re such an electrifying dancer, what do you do to stay in shape when you’re not plugged in?”

Robert Van Brocklin, Portland, Ore",1.120481927710843,0.0359481389331235,83,73,10,0,not_evaluated,not_evaluated
So which used car do you love the most?,1.120481927710843,0.0398262106284982,83,74,8,1,not_evaluated,not_evaluated
It's been a Goodyear.,1.120481927710843,0.0398262106284982,83,74,8,1,not_evaluated,not_evaluated
I haven't noticed you here before.,1.120481927710843,0.0398262106284982,83,74,8,1,not_evaluated,not_evaluated
I heard you’re a blowhard.  Say it ain’t so.,1.120481927710843,0.0433587985684088,83,75,6,2,not_evaluated,not_evaluated
"How about a little ""bump and grind?""",1.120481927710843,0.0359481389331235,83,73,10,0,not_evaluated,not_evaluated
You just wave your hands in the air like you just don’t care,1.120481927710843,0.0359481389331235,83,73,10,0,not_evaluated,not_evaluated
Are you on TikTok?,1.120481927710843,0.0359481389331235,83,73,10,0,not_evaluated,not_evaluated
Most men I meet at these things are full of hot air.,1.12,0.0422775045075674,75,67,7,1,not_evaluated,not_evaluated
You've got wiggle room. Don't blow this.,1.12,0.0408989886516435,100,91,6,3,not_evaluated,not_evaluated
Looks like someone's ready to blow this popsicle stand.,1.12,0.0422775045075674,75,67,7,1,not_evaluated,not_evaluated
Your safe here- this is a paleo gathering,1.12,0.0383497988352881,100,90,8,2,not_evaluated,not_evaluated
You had it going until the chorus with the kicks!,1.12,0.0422775045075674,75,67,7,1,not_evaluated,not_evaluated
… You are in the used car business?..,1.12,0.0326598632371089,100,88,12,0,not_evaluated,not_evaluated
I thought there wouldn't be many good career opportunities available for somebody who majored in modern dance. Looks like I was wrong!,1.12,0.0422775045075674,75,67,7,1,not_evaluated,not_evaluated
"Jan, I know this is an informal networking event but I think you’re taking “throw your inhibitions to the wind” a little too literally.",1.12,0.0422775045075674,75,67,7,1,not_evaluated,not_evaluated
You look familiar...do you work in sales?,1.12,0.0422775045075674,75,67,7,1,not_evaluated,not_evaluated
I'm surprised the car wash lets you party!,1.12,0.0422775045075674,75,67,7,1,not_evaluated,not_evaluated
Your ensemble..? Too much..? Not at all…,1.12,0.0377760112641213,75,66,9,0,not_evaluated,not_evaluated
"I love it, you are such a free spirit",1.12,0.0422775045075674,75,67,7,1,not_evaluated,not_evaluated
That’s jazz,1.12,0.0422775045075674,75,67,7,1,not_evaluated,not_evaluated
This is actually making me feel better after layoffs.,1.12,0.0463437994530848,75,68,5,2,not_evaluated,not_evaluated
Your grandpa was Chubby Checker?,1.1195652173913044,0.0340118557515545,92,81,11,0,not_evaluated,not_evaluated
"Well, maybe for you, dancing is a breeze.",1.1195652173913044,0.0373590400693583,92,82,9,1,not_evaluated,not_evaluated
It must be exciting to be voted Salesperson of the Year?,1.1195652173913044,0.0404300558760842,92,83,7,2,not_evaluated,not_evaluated
Everyone here is just so full of hot air.,1.1195652173913044,0.0373590400693583,92,82,9,1,not_evaluated,not_evaluated
"You were supposed to be a stogie, not a cigarette!",1.1195652173913044,0.0373590400693583,92,82,9,1,not_evaluated,not_evaluated
"Darling, gorgeous! You're always heads above the rest of us.",1.1195652173913044,0.0340118557515545,92,81,11,0,not_evaluated,not_evaluated
"Relax, it just an art opening.",1.1195652173913044,0.0373590400693583,92,82,9,1,not_evaluated,not_evaluated
"I'm leaving because although you are a tireless dancer, you are not much of a conversationalist.",1.1195652173913044,0.0340118557515545,92,81,11,0,not_evaluated,not_evaluated
"Ah, so you're a Capricorn.",1.1195652173913044,0.0373590400693583,92,82,9,1,not_evaluated,not_evaluated
Did we meet at the car wash?,1.1195652173913044,0.0340118557515545,92,81,11,0,not_evaluated,not_evaluated
"Because I'm easy come, easy go, Little high, little low, Any way the wind blows doesn't really matter to Me, to me",1.1195652173913044,0.0404300558760842,92,83,7,2,not_evaluated,not_evaluated
So what’s your networking strategy at these things?,1.1195652173913044,0.0340118557515545,92,81,11,0,not_evaluated,not_evaluated
Your plastic surgeon makes a good point!,1.119047619047619,0.039375364944759,84,75,8,1,not_evaluated,not_evaluated
you werent on the guestlist,1.119047619047619,0.039375364944759,84,75,8,1,not_evaluated,not_evaluated
Don't you recognize me from the dealership?,1.119047619047619,0.0428635170882864,84,76,6,2,not_evaluated,not_evaluated
Love your free spirit!,1.119047619047619,0.0355465558372129,84,74,10,0,not_evaluated,not_evaluated
It's nice to meet someone that isn't full of hot air,1.119047619047619,0.0355465558372129,84,74,10,0,not_evaluated,not_evaluated
Small talk can get awkward when your conversation partner is full of hot air.,1.119047619047619,0.039375364944759,84,75,8,1,not_evaluated,not_evaluated
"I'm so glad you could come. If you need anything, just wave your arms.",1.119047619047619,0.039375364944759,84,75,8,1,not_evaluated,not_evaluated
"I must say, you really have the moves!",1.119047619047619,0.039375364944759,84,75,8,1,not_evaluated,not_evaluated
I don’t usually talk to men who are so full of hot air.,1.119047619047619,0.0428635170882864,84,76,6,2,not_evaluated,not_evaluated
"When I saw him at the intersection the other day, I said to myself: I know the perfect woman.",1.119047619047619,0.039375364944759,84,75,8,1,not_evaluated,not_evaluated
All these other people are blowhards.,1.119047619047619,0.039375364944759,84,75,8,1,not_evaluated,not_evaluated
"Look, I love going out with you, and you know I always like to dance. But let’s NOT do the time warp  again.",1.119047619047619,0.039375364944759,84,75,8,1,not_evaluated,not_evaluated
I don’t want to mingle. When do you deflate!,1.119047619047619,0.0428635170882864,84,76,6,2,not_evaluated,not_evaluated
Thanks for being my last-minute date.  I was really stuck.,1.119047619047619,0.0355465558372129,84,74,10,0,not_evaluated,not_evaluated
See. my S line I am  Curvy,1.119047619047619,0.039375364944759,84,75,8,1,not_evaluated,not_evaluated
See? I told you this was formal enough for black-tie optional.,1.119047619047619,0.0428635170882864,84,76,6,2,not_evaluated,not_evaluated
"You’ve thrown your hands in the air, yet, I can't help but think you do care.",1.119047619047619,0.0428635170882864,84,76,6,2,not_evaluated,not_evaluated
"Do you know the Texas ""Two Step""?",1.119047619047619,0.0428635170882864,84,76,6,2,not_evaluated,not_evaluated
"I asked tired, not tires!",1.119047619047619,0.039375364944759,84,75,8,1,not_evaluated,not_evaluated
How long have you been twerking here?,1.119047619047619,0.039375364944759,84,75,8,1,not_evaluated,not_evaluated
"Sure, you can shimmie, but can you shake?",1.119047619047619,0.039375364944759,84,75,8,1,not_evaluated,not_evaluated
"While your flexibility is great, I think your core strength could use a little work.",1.119047619047619,0.0355465558372129,84,74,10,0,not_evaluated,not_evaluated
May I have this dance with you!!,1.119047619047619,0.039375364944759,84,75,8,1,not_evaluated,not_evaluated
Oh you were in that one? I heard it was Jordan Peele's most provocative yet.,1.119047619047619,0.0428635170882864,84,76,6,2,not_evaluated,not_evaluated
How are you so fabulous?,1.119047619047619,0.0428635170882864,84,76,6,2,not_evaluated,not_evaluated
I just don’t have the hips for that!,1.119047619047619,0.039375364944759,84,75,8,1,not_evaluated,not_evaluated
so how has the car wash business been treating you,1.119047619047619,0.039375364944759,84,75,8,1,not_evaluated,not_evaluated
This is quite an enthusiastic take on casual Friday,1.119047619047619,0.039375364944759,84,75,8,1,not_evaluated,not_evaluated
I love your attitude! How do you stay so positive?,1.118811881188119,0.0352842171905058,101,90,10,1,not_evaluated,not_evaluated
Drunk again?  Everyone’s looking at you.,1.118421052631579,0.0417473825764589,76,68,7,1,not_evaluated,not_evaluated
Who did your transition surgery? I'm looking forward to mutilating myself so I can finally be the real me.,1.118421052631579,0.045757197739456,76,69,5,2,not_evaluated,not_evaluated
"Don't worry, I'll keep you on an oxygen rich diet",1.118421052631579,0.045757197739456,76,69,5,2,not_evaluated,not_evaluated
All your ups and downs.  Ever think you might be bipolar?,1.118421052631579,0.045757197739456,76,69,5,2,not_evaluated,not_evaluated
I wonder if your dose of Ozempic could be just a teensie bit too high?,1.118421052631579,0.045757197739456,76,69,5,2,not_evaluated,not_evaluated
I apologize for thinking you were just full of hot air!,1.118421052631579,0.0373090707335732,76,67,9,0,not_evaluated,not_evaluated
I remember you from Dick Clark's American Bandstand.,1.118421052631579,0.045757197739456,76,69,5,2,not_evaluated,not_evaluated
I am pleased to announce that I have accepted a new position...,1.118421052631579,0.0373090707335732,76,67,9,0,not_evaluated,not_evaluated
"I just figured you are so good at selling car, that you might help me make some friends.",1.118421052631579,0.045757197739456,76,69,5,2,not_evaluated,not_evaluated
Is that your only dance move?,1.118279569892473,0.0336687045434798,93,82,11,0,not_evaluated,not_evaluated
You're dance moves are airfortless.,1.118279569892473,0.0400136207687996,93,84,7,2,not_evaluated,not_evaluated
Didn't I see you on a used car lot standing next to a giant gorilla?,1.118279569892473,0.0369775033815525,93,83,9,1,not_evaluated,not_evaluated
"Really, Kevin McCarthy?
That's right. He said,""It doesn't matter, you can be happy whichever way the wind is blowing.",1.118279569892473,0.0400136207687996,93,84,7,2,not_evaluated,not_evaluated
Something about you drew me in,1.118279569892473,0.0369775033815525,93,83,9,1,not_evaluated,not_evaluated
What's going on? I gave you non-alcoholic beer.,1.118279569892473,0.0369775033815525,93,83,9,1,not_evaluated,not_evaluated
Caption,1.118279569892473,0.0400136207687996,93,84,7,2,not_evaluated,not_evaluated
How can I trust you? You just go the way the wind is blowing.,1.1181818181818182,0.0335097814303917,110,98,11,1,not_evaluated,not_evaluated
You’ve let the hot air out of my Campari Negroni.,1.1176470588235294,0.0351537826274821,85,75,10,0,not_evaluated,not_evaluated
The wind beneath your wings?,1.1176470588235294,0.0349559937651397,102,91,10,1,not_evaluated,not_evaluated
You’re a lot of fun. Thank goodness I paid the electric bill this month.,1.1176470588235294,0.0492677360723378,68,62,4,2,not_evaluated,not_evaluated
You're like a breath of fresh air!,1.1176470588235294,0.0389345666193704,85,76,8,1,not_evaluated,not_evaluated
Have I seen you somewhere before?,1.1176470588235294,0.0351537826274821,85,75,10,0,not_evaluated,not_evaluated
You new here?  Your face isn't familiar.,1.1176470588235294,0.0389345666193704,85,76,8,1,not_evaluated,not_evaluated
Nice butt - I don't smoke.,1.1176470588235294,0.0351537826274821,85,75,10,0,not_evaluated,not_evaluated
How about a tall glass of airy champagne?,1.1176470588235294,0.0492677360723378,68,62,4,2,not_evaluated,not_evaluated
You’ve just got to tell me where you learned to dance!,1.1176470588235294,0.0423793879457469,85,77,6,2,not_evaluated,not_evaluated
"Of course I'll climb you, but will you respect me in the morning?",1.1176470588235294,0.0389345666193704,85,76,8,1,not_evaluated,not_evaluated
I get your drift. I really do.,1.1176470588235294,0.0389345666193704,85,76,8,1,not_evaluated,not_evaluated
What a relief! There's less hot air over here.,1.1176470588235294,0.0351537826274821,85,75,10,0,not_evaluated,not_evaluated
You’re right. Life is a game of chess.,1.1176470588235294,0.0393617414775415,68,60,8,0,not_evaluated,not_evaluated
So what do you do now with the end of snazzy used car lot attractions?,1.1176470588235294,0.0455645099553813,85,78,4,3,not_evaluated,not_evaluated
I love how you always seem to be dancing on air!,1.1176470588235294,0.0455645099553813,85,78,4,3,not_evaluated,not_evaluated
That’s nice. Now how about a tango?,1.1176470588235294,0.0351537826274821,85,75,10,0,not_evaluated,not_evaluated
"Please, spare us Gus.",1.1176470588235294,0.0351537826274821,85,75,10,0,not_evaluated,not_evaluated
I feel like Tik Tok's behind it. You can spot it across a room. A lot of hot air and big moves but does it go anywhere? No. They're just looking for attention.,1.1176470588235294,0.0351537826274821,85,75,10,0,not_evaluated,not_evaluated
Shall we dance?,1.1176470588235294,0.0423793879457469,85,77,6,2,not_evaluated,not_evaluated
Zoloft?,1.1176470588235294,0.0351537826274821,85,75,10,0,not_evaluated,not_evaluated
At what point will you go down on me?,1.1176470588235294,0.0423793879457469,85,77,6,2,not_evaluated,not_evaluated
These event planners have got to stop trying to outdo each other.,1.1176470588235294,0.0445906745286408,68,61,6,1,not_evaluated,not_evaluated
Is that your answer to everything?  Just dance?,1.1176470588235294,0.0389345666193704,85,76,8,1,not_evaluated,not_evaluated
I love your toxic gyrations,1.1176470588235294,0.0351537826274821,85,75,10,0,not_evaluated,not_evaluated
I'm sure I can introduce you to a nice windbag.,1.1176470588235294,0.0389345666193704,85,76,8,1,not_evaluated,not_evaluated
So let me guess...this is a sock hop?,1.1176470588235294,0.0389345666193704,85,76,8,1,not_evaluated,not_evaluated
As a professional mourner you don't quite have it.,1.1176470588235294,0.0351537826274821,85,75,10,0,not_evaluated,not_evaluated
Your work with those high winds last week was impressive.,1.1176470588235294,0.0389345666193704,85,76,8,1,not_evaluated,not_evaluated
You don't seem full of hot air.,1.1176470588235294,0.0351537826274821,85,75,10,0,not_evaluated,not_evaluated
How it feels talking to an A.I.,1.1176470588235294,0.0351537826274821,85,75,10,0,not_evaluated,not_evaluated
And is your brother still working over at CarMax?,1.1176470588235294,0.0389345666193704,85,76,8,1,not_evaluated,not_evaluated
How do you stay so limber?,1.1176470588235294,0.0423793879457469,85,77,6,2,not_evaluated,not_evaluated
It looks like I'm not the only one who came here for the fresh air.,1.1176470588235294,0.0492677360723378,68,62,4,2,not_evaluated,not_evaluated
And this is why we can’t make friends- you’re so moody.,1.1176470588235294,0.0351537826274821,85,75,10,0,not_evaluated,not_evaluated
"So, how are you holding up after that goose attack?",1.1176470588235294,0.0389345666193704,85,76,8,1,not_evaluated,not_evaluated
Do you get all of your dresses on sale?,1.1170212765957446,0.0366036447395417,94,84,9,1,not_evaluated,not_evaluated
Dance like everyone is watching?,1.1170212765957446,0.0396056486832844,94,85,7,2,not_evaluated,not_evaluated
This won't fool DeSantis.,1.1170212765957446,0.0423956130634871,94,86,5,3,not_evaluated,not_evaluated
But they haven't made hula hoops for years.,1.1168831168831168,0.0412303350007502,77,69,7,1,not_evaluated,not_evaluated
Who are you wearing?,1.1168831168831168,0.0451852190869129,77,70,5,2,not_evaluated,not_evaluated
Seems like you go wherever the wind blows you these days.,1.1168831168831168,0.036853453360789,77,68,9,0,not_evaluated,not_evaluated
I had in idea you trained at Juilliard,1.1168831168831168,0.036853453360789,77,68,9,0,not_evaluated,not_evaluated
You're full of hot air like I imagined.,1.1168831168831168,0.036853453360789,77,68,9,0,not_evaluated,not_evaluated
I get it. The answer is blowing in the wind.,1.1168831168831168,0.0412303350007502,77,69,7,1,not_evaluated,not_evaluated
I think they call her FANNY Mae,1.1168831168831168,0.0412303350007502,77,69,7,1,not_evaluated,not_evaluated
"I know you want to show off, but not until the cocktail hour is over!",1.1168831168831168,0.0412303350007502,77,69,7,1,not_evaluated,not_evaluated
"If you replaced the sign holders, than what will replace you?",1.1168831168831168,0.036853453360789,77,68,9,0,not_evaluated,not_evaluated
Didn’t I just see you outside the new T-Mobile on Elm?,1.1168831168831168,0.0412303350007502,77,69,7,1,not_evaluated,not_evaluated
"With your experience, the new sales position must be a breeze",1.1168831168831168,0.0412303350007502,77,69,7,1,not_evaluated,not_evaluated
you’re quite animated,1.1168831168831168,0.0412303350007502,77,69,7,1,not_evaluated,not_evaluated
I believe we’ve met before…Honda dealership parking lot?,1.1168831168831168,0.036853453360789,77,68,9,0,not_evaluated,not_evaluated
The amazing amount of hot air here has really perked you up.,1.116504854368932,0.0372809188346275,103,93,8,2,not_evaluated,not_evaluated
"Honestly, your mood swings are as if you had an ON/OFF switch!""",1.1162790697674418,0.0347695349579722,86,76,10,0,not_evaluated,not_evaluated
"Well, I have to admit you take small talk to a completely different level",1.1162790697674418,0.0419060399420975,86,78,6,2,not_evaluated,not_evaluated
You're very attractive.,1.1162790697674418,0.0347695349579722,86,76,10,0,not_evaluated,not_evaluated
"Oh, I’m a fan of modern dance, too.",1.1162790697674418,0.0347695349579722,86,76,10,0,not_evaluated,not_evaluated
It's so nice to talk to someone real. Everyone else here is full of hot air.,1.1162790697674418,0.0385034851982409,86,77,8,1,not_evaluated,not_evaluated
"You are always in such a good mood,and so flexible. Is it all the exercise?",1.1162790697674418,0.0385034851982409,86,77,8,1,not_evaluated,not_evaluated
"So, how are things at the muffler shop?",1.1162790697674418,0.0385034851982409,86,77,8,1,not_evaluated,not_evaluated
Thank goodness.  Finally someone without the hot air.,1.1162790697674418,0.0419060399420975,86,78,6,2,not_evaluated,not_evaluated
You can't be taken seriously when you change your position constantly.,1.1162790697674418,0.0419060399420975,86,78,6,2,not_evaluated,not_evaluated
My husband thinks I’m spineless with no convictions. Does yours?,1.1162790697674418,0.0347695349579722,86,76,10,0,not_evaluated,not_evaluated
"At a time in which sometimes it seems like everyone’s a cynic, I find your high level of enthusiasm really refreshing.”",1.1162790697674418,0.0385034851982409,86,77,8,1,not_evaluated,not_evaluated
"Excuse me, ma'am, excuse me... you are a wonderful dancer, tireless, too, but if I could just ask, Were you invited?",1.1162790697674418,0.0385034851982409,86,77,8,1,not_evaluated,not_evaluated
You know you'd be a lot cuter if you weren't so full of hot air...,1.1162790697674418,0.0419060399420975,86,78,6,2,not_evaluated,not_evaluated
"I know you feel pretty Maria, but Tony just killed your brother",1.1162790697674418,0.0419060399420975,86,78,6,2,not_evaluated,not_evaluated
"So, how do you know Discount Dan?",1.115942028985507,0.0439727492730052,69,62,6,1,not_evaluated,not_evaluated
"""Have I seen you some where before? The gas station? Car wash?""",1.115942028985507,0.0485783916791419,69,63,4,2,not_evaluated,not_evaluated
Hey! Didn’t I see you at the Ford Dealership last week?,1.115942028985507,0.0439727492730052,69,62,6,1,not_evaluated,not_evaluated
"You just opened, too? You should wear all black like me, so no stains can be seen!",1.1157894736842104,0.0392058851729163,95,86,7,2,not_evaluated,not_evaluated
"The invite said ""Black Tie Optional,"" not ""Wacky Guy Optional.""",1.1157894736842104,0.0392058851729163,95,86,7,2,not_evaluated,not_evaluated
"Sometimes, I feel only the wind gets my moves.""",1.1157894736842104,0.0330026226340413,95,84,11,0,not_evaluated,not_evaluated
I just gotta me be.,1.1157894736842104,0.0362372359108475,95,85,9,1,not_evaluated,not_evaluated
It’s always great to meet a fan,1.1157894736842104,0.0392058851729163,95,86,7,2,not_evaluated,not_evaluated
"Yes, you have the moves but do you have to advertise it?",1.1153846153846154,0.0407258862695947,78,70,7,1,not_evaluated,not_evaluated
Have you seen my fiancé? It’s like he disappeared into thin air.,1.1153846153846154,0.036408755532751,78,69,9,0,not_evaluated,not_evaluated
"Thanks to you, they met at the car wash and fell in love.",1.1153846153846154,0.0407258862695947,78,70,7,1,not_evaluated,not_evaluated
Trisha I said this was a party to discuss inflation not inflatables,1.1153846153846154,0.0446273250984673,78,71,5,2,not_evaluated,not_evaluated
"I must say, there is a certain air about you.",1.1153846153846154,0.0407258862695947,78,70,7,1,not_evaluated,not_evaluated
Aquarius?  You seem more like an air sign.,1.1153846153846154,0.0407258862695947,78,70,7,1,not_evaluated,not_evaluated
"As long as it's not the jitterbug, we are sure to win the dance contest!",1.1153846153846154,0.036408755532751,78,69,9,0,not_evaluated,not_evaluated
"Sorry, but the go-go dancer job is filled. But your old boss at the used car lot says he’ll take you back.",1.1153846153846154,0.0446273250984673,78,71,5,2,not_evaluated,not_evaluated
Thank you Hal. This quarter’s profit report reflects your marketing genius.,1.1153846153846154,0.036408755532751,78,69,9,0,not_evaluated,not_evaluated
"I was asking if anyone knows how to dance the LIMBO,   
not the Limp-o",1.1153846153846154,0.0407258862695947,78,70,7,1,not_evaluated,not_evaluated
Let me guess: you're the one who brought the cotton candy.,1.1153846153846154,0.0407258862695947,78,70,7,1,not_evaluated,not_evaluated
Care to join me outside for some fresh air?,1.1153846153846154,0.036408755532751,78,69,9,0,not_evaluated,not_evaluated
"So, what kind of work do you do?",1.1153846153846154,0.036408755532751,78,69,9,0,not_evaluated,not_evaluated
You so fly.,1.1153846153846154,0.0407258862695947,78,70,7,1,not_evaluated,not_evaluated
Dancing will start after the reception is over.,1.1153846153846154,0.036408755532751,78,69,9,0,not_evaluated,not_evaluated
"Hi Tipsy, how's the weather up there?",1.1153846153846154,0.036408755532751,78,69,9,0,not_evaluated,not_evaluated
Chat GPT is easier to talk to,1.1153846153846154,0.0369376993699478,104,94,8,2,not_evaluated,not_evaluated
And here I was told it was black tie.,1.1149425287356325,0.0343935404669908,87,77,10,0,not_evaluated,not_evaluated
These drinks have gone straight to my head!,1.1149425287356325,0.0380818044768951,87,78,8,1,not_evaluated,not_evaluated
A dozen?!,1.1149425287356325,0.0445515459321036,87,80,4,3,not_evaluated,not_evaluated
I heard you are in cars business...,1.1149425287356325,0.0380818044768951,87,78,8,1,not_evaluated,not_evaluated
"Okay, you win...You lead",1.1149425287356325,0.0380818044768951,87,78,8,1,not_evaluated,not_evaluated
You're so predicable and it's not even hot air.,1.1149425287356325,0.0380818044768951,87,78,8,1,not_evaluated,not_evaluated
"I'm sorry you thought I was being offensive, Jocelyn, but I still think you have had too much work done.",1.1149425287356325,0.0380818044768951,87,78,8,1,not_evaluated,not_evaluated
I meant economic inflation.,1.1149425287356325,0.0414431181087814,87,79,6,2,not_evaluated,not_evaluated
"My name is Marjorie Taylor Greene, what's yours?",1.1149425287356325,0.047456806164156,87,81,2,4,not_evaluated,not_evaluated
"Your moves are so raw, you're one of my kind!",1.1149425287356325,0.0414431181087814,87,79,6,2,not_evaluated,not_evaluated
"You call it fashion, I call it lifting my spirits.",1.1149425287356325,0.0414431181087814,87,79,6,2,not_evaluated,not_evaluated
"Yes, Mary Jane, I will invest in your company! You’re the hottest commodity since the repeal of Prohibition! You’re on fire, girl!",1.1149425287356325,0.0343935404669908,87,77,10,0,not_evaluated,not_evaluated
Let’s say you and I get out of here and find a good used car sale some place!,1.1149425287356325,0.0414431181087814,87,79,6,2,not_evaluated,not_evaluated
Tube looks like a lady.,1.1149425287356325,0.0343935404669908,87,77,10,0,not_evaluated,not_evaluated
"I'm attracted to your dynamic personality, but is it all just hot air?",1.1145833333333333,0.0326793018439171,96,85,11,0,not_evaluated,not_evaluated
Do you think the bonuses will be good this year?,1.1145833333333333,0.0358780575647551,96,86,9,1,not_evaluated,not_evaluated
"Yes, you can interest me in buying a car...",1.1145833333333333,0.0388140858482319,96,87,7,2,not_evaluated,not_evaluated
This was a flop way before you arrived.,1.1145833333333333,0.0388140858482319,96,87,7,2,not_evaluated,not_evaluated
Do you flail around here often?,1.1145833333333333,0.0388140858482319,96,87,7,2,not_evaluated,not_evaluated
I'm the same. People don't really get me either but still like me.,1.1145833333333333,0.0326793018439171,96,85,11,0,not_evaluated,not_evaluated
I knew you’d be more fun than this meet up,1.1145833333333333,0.0326793018439171,96,85,11,0,not_evaluated,not_evaluated
"Stay still, girl.  That hard-sell move won't get you anything here!",1.1142857142857143,0.0433716527952698,70,63,6,1,not_evaluated,not_evaluated
People here are so uptight.,1.1142857142857143,0.0383017178628478,70,62,8,0,not_evaluated,not_evaluated
"I love your energy! It's electric, magnetic, pneumatic!",1.1142857142857143,0.0520505294506205,70,65,2,3,not_evaluated,not_evaluated
"For the last time, can you please stop waving at other women?",1.1142857142857143,0.0479080258531039,70,64,4,2,not_evaluated,not_evaluated
Do we exit through the car lot?,1.1142857142857143,0.0479080258531039,70,64,4,2,not_evaluated,not_evaluated
"Maisie said you had work done, but I can't even tell.",1.1142857142857143,0.0433716527952698,70,63,6,1,not_evaluated,not_evaluated
"No, really , I have no problem with you being of a non specific gender.",1.1140350877192982,0.0347072211744115,114,103,9,2,not_evaluated,not_evaluated
"Please stand still for now, so you don't deflate. I promise to dance with you when the band starts playing again.",1.1139240506329111,0.0440830033984124,79,72,5,2,not_evaluated,not_evaluated
I'm not that kind of guy!,1.1139240506329111,0.0359745924087851,79,70,9,0,not_evaluated,not_evaluated
You sell cars? Really? I sell real estate!,1.1139240506329111,0.0402335835316881,79,71,7,1,not_evaluated,not_evaluated
I won't dance. Don't ask me!,1.1139240506329111,0.0359745924087851,79,70,9,0,not_evaluated,not_evaluated
"So, how are you and the giant gorilla getting along?",1.1139240506329111,0.0359745924087851,79,70,9,0,not_evaluated,not_evaluated
"My last partner was tall like you, but she didn't have anywhere near your flair for the Lambada!",1.1139240506329111,0.0359745924087851,79,70,9,0,not_evaluated,not_evaluated
I'd never even HEARD of the Gumby Chicken.,1.1139240506329111,0.0440830033984124,79,72,5,2,not_evaluated,not_evaluated
Do they pay you wellat the auto mall?,1.1139240506329111,0.0440830033984124,79,72,5,2,not_evaluated,not_evaluated
Are you that desperate for attention?,1.1139240506329111,0.0359745924087851,79,70,9,0,not_evaluated,not_evaluated
So the answer really was blowing in the mind after all.,1.1139240506329111,0.0402335835316881,79,71,7,1,not_evaluated,not_evaluated
I would love to have you speak at our next sales convention. Your tactics are so well known.,1.1139240506329111,0.0402335835316881,79,71,7,1,not_evaluated,not_evaluated
"Well I had a great time talking to you. Some of these other people are just so air-headed,you know?",1.1139240506329111,0.0402335835316881,79,71,7,1,not_evaluated,not_evaluated
May I have this flail?,1.1139240506329111,0.0359745924087851,79,70,9,0,not_evaluated,not_evaluated
Are you going to ignore me like everyone else?,1.1139240506329111,0.0402335835316881,79,71,7,1,not_evaluated,not_evaluated
Love the dress!,1.1139240506329111,0.0402335835316881,79,71,7,1,not_evaluated,not_evaluated
You're just too much!,1.1139240506329111,0.0402335835316881,79,71,7,1,not_evaluated,not_evaluated
...From the moment I first saw you at the used car lot!,1.1139240506329111,0.0440830033984124,79,72,5,2,not_evaluated,not_evaluated
So you're filled with nonbinary air?,1.1139240506329111,0.0402335835316881,79,71,7,1,not_evaluated,not_evaluated
This leaves a lot to be desired.,1.1139240506329111,0.0359745924087851,79,70,9,0,not_evaluated,not_evaluated
I’m so glad you’re enjoying the party. You seemed kind of down when you arrived.,1.1139240506329111,0.0440830033984124,79,72,5,2,not_evaluated,not_evaluated
Don’t you ever get depressed?,1.1139240506329111,0.0359745924087851,79,70,9,0,not_evaluated,not_evaluated
now watch me whip. now watch me nae nae,1.1139240506329111,0.0402335835316881,79,71,7,1,not_evaluated,not_evaluated
"Wow, Janet, you really have changed!",1.1139240506329111,0.0359745924087851,79,70,9,0,not_evaluated,not_evaluated
I’m sure a drink would take the edge off.,1.1136363636363635,0.0376692217457787,88,79,8,1,not_evaluated,not_evaluated
You dance so well that nobody even notices that you're naked,1.1136363636363635,0.0376692217457787,88,79,8,1,not_evaluated,not_evaluated
Didn’t we meet at last year‘s carrot festival?,1.1136363636363635,0.0376692217457787,88,79,8,1,not_evaluated,not_evaluated
That's how I feel too when I'm being blown.,1.1136363636363635,0.0376692217457787,88,79,8,1,not_evaluated,not_evaluated
Can we just dance without the electric fan?,1.1136363636363635,0.0376692217457787,88,79,8,1,not_evaluated,not_evaluated
I heard that you're in used cars. Why don't we go to my place and you can tell me all about it.,1.1136363636363635,0.0376692217457787,88,79,8,1,not_evaluated,not_evaluated
"Please,  won’t you be my neighbor?",1.1136363636363635,0.0340255381600195,88,78,10,0,not_evaluated,not_evaluated
"I appreciate your excitement, but a car deal is not what I need right now.",1.1136363636363635,0.0340255381600195,88,78,10,0,not_evaluated,not_evaluated
"Sweetie, don't push your tush.",1.1136363636363635,0.0340255381600195,88,78,10,0,not_evaluated,not_evaluated
How is it that I'm attracted to you and I don't own a car?,1.1136363636363635,0.0340255381600195,88,78,10,0,not_evaluated,not_evaluated
"I saw you waving at her George!
your basically advertising it.",1.1136363636363635,0.0409902828336956,88,80,6,2,not_evaluated,not_evaluated
I give up... are you with the Tobacco Lobby?,1.1136363636363635,0.0409902828336956,88,80,6,2,not_evaluated,not_evaluated
Any chance you can transform into a prince?,1.1136363636363635,0.0376692217457787,88,79,8,1,not_evaluated,not_evaluated
"Wow, you've really got to get out of the dealership more often!",1.1136363636363635,0.0376692217457787,88,79,8,1,not_evaluated,not_evaluated
Why are you so happy? The boss only blows smoke up your ass.,1.1136363636363635,0.0376692217457787,88,79,8,1,not_evaluated,not_evaluated
Didn't I meet you at the gas station a few days ago? Or was it at the car wash?,1.1136363636363635,0.0376692217457787,88,79,8,1,not_evaluated,not_evaluated
“Do you have anything to pump up this crowd?”,1.1136363636363635,0.0340255381600195,88,78,10,0,not_evaluated,not_evaluated
Have you heard of the Tripe H Yoga? Hair Height Hips yoga changed my life! See,1.1136363636363635,0.0409902828336956,88,80,6,2,not_evaluated,not_evaluated
"DAHLING, THANKS FOR BEING THE BIGGEST DRAW TO THIS EVENT!",1.11340206185567,0.0355258988455933,97,87,9,1,not_evaluated,not_evaluated
Still Workin' at the Car Wash?,1.11340206185567,0.0411295848920475,97,89,5,3,not_evaluated,not_evaluated
You really must enter the Shimmy Shimmy Dance Contest,1.1126760563380282,0.0472558674868078,71,65,4,2,not_evaluated,not_evaluated
I think we met once before at Bob's Used Cars.,1.1126760563380282,0.037792698211264,71,63,8,0,not_evaluated,not_evaluated
Where are the cocktails you’re drinking,1.1126760563380282,0.0472558674868078,71,65,4,2,not_evaluated,not_evaluated
I feel like the only thing you're interested in is the trade-in value of my car.,1.1126760563380282,0.0427867096772959,71,64,6,1,not_evaluated,not_evaluated
I could learn to love you.,1.1126760563380282,0.0472558674868078,71,65,4,2,not_evaluated,not_evaluated
"By the time you're 40, you'll be blowing wind...",1.1125,0.0355505968544673,80,71,9,0,not_evaluated,not_evaluated
"It's called 'air dancing,' right?",1.1125,0.0397529952696824,80,72,7,1,not_evaluated,not_evaluated
"Yes, but what happens which they switch the air off?",1.1125,0.0397529952696824,80,72,7,1,not_evaluated,not_evaluated
"I know, I know; but how many men of your height do you actually meet?",1.1125,0.0435517660849008,80,73,5,2,not_evaluated,not_evaluated
Max thinks you're a bit of a windbag but I like how you just go with the flow,1.1125,0.0397529952696824,80,72,7,1,not_evaluated,not_evaluated
I love how you’re not afraid to dance at a stuffy cocktail party.,1.1125,0.0355505968544673,80,71,9,0,not_evaluated,not_evaluated
I  enjoy your playful air.,1.1125,0.0355505968544673,80,71,9,0,not_evaluated,not_evaluated
"I agree, but I think he's missing the point.",1.1125,0.0355505968544673,80,71,9,0,not_evaluated,not_evaluated
"Oh so, You put the Bop in the Bop-she-Bop.",1.1125,0.0397529952696824,80,72,7,1,not_evaluated,not_evaluated
At Last Sping is here.,1.1125,0.0355505968544673,80,71,9,0,not_evaluated,not_evaluated
My last partner also loved my moves but said I was full of hot air…,1.1125,0.0355505968544673,80,71,9,0,not_evaluated,not_evaluated
How do you stay so happy?,1.1125,0.0355505968544673,80,71,9,0,not_evaluated,not_evaluated
Can I get you some lemon and salt?,1.1125,0.0307796887655858,80,72,8,0,not_evaluated,not_evaluated
"Sorry, the dance-a-thon was last week.",1.1125,0.0355505968544673,80,71,9,0,not_evaluated,not_evaluated
But I feel you're sooo much more than an airhead,1.1125,0.0397529952696824,80,72,7,1,not_evaluated,not_evaluated
What happened to the parrot?,1.1125,0.0397529952696824,80,72,7,1,not_evaluated,not_evaluated
You seem like the type that is into wild and crazy things.,1.1125,0.0355505968544673,80,71,9,0,not_evaluated,not_evaluated
Let me get you a drink & then let’s step outside for some air !,1.1125,0.0397529952696824,80,72,7,1,not_evaluated,not_evaluated
"Ah, so you're Dance GBT 4.0 enabled! Great moves!",1.1125,0.0355505968544673,80,71,9,0,not_evaluated,not_evaluated
Just one more airhead to mingle with,1.1125,0.0355505968544673,80,71,9,0,not_evaluated,not_evaluated
"Skydancing aside, what's the best part of your job?",1.1125,0.0397529952696824,80,72,7,1,not_evaluated,not_evaluated
You seem to be adjusting well to rising inflation.,1.1125,0.0355505968544673,80,71,9,0,not_evaluated,not_evaluated
Should we step outside and get a little fresh air?,1.1125,0.0355505968544673,80,71,9,0,not_evaluated,not_evaluated
"You flail about for words, yet you’re not just full of hot air.",1.1125,0.0355505968544673,80,71,9,0,not_evaluated,not_evaluated
I can’t believe they’re not paying you yet.,1.1125,0.0397529952696824,80,72,7,1,not_evaluated,not_evaluated
You really do have to be flexible to have a career in sales.,1.1123595505617978,0.0372654470826449,89,80,8,1,not_evaluated,not_evaluated
Where did you learn how to move like that?,1.1123595505617978,0.0336652778297793,89,79,10,0,not_evaluated,not_evaluated
"I’d like to date someone with less substance.”
Neha Sud, Nairobi, Kenya",1.1123595505617978,0.0372654470826449,89,80,8,1,not_evaluated,not_evaluated
"So, are you a work friend?",1.1123595505617978,0.040547209043072,89,81,6,2,not_evaluated,not_evaluated
"Carl, when I introduce you to my boss, could you not billow about? Carl...Carl...did you hear me, Carl?",1.1123595505617978,0.040547209043072,89,81,6,2,not_evaluated,not_evaluated
"When I heard that you were more than just the inspiration for the marketing image, I couldn't wait to meet you in person.",1.1123595505617978,0.040547209043072,89,81,6,2,not_evaluated,not_evaluated
Could you possibly be gluten free?,1.1123595505617978,0.040547209043072,89,81,6,2,not_evaluated,not_evaluated
Does this make my butt look big?,1.1123595505617978,0.0372654470826449,89,80,8,1,not_evaluated,not_evaluated
You’re always the life of the party.,1.1123595505617978,0.0336652778297793,89,79,10,0,not_evaluated,not_evaluated
You're a breath of fresh air!,1.1123595505617978,0.0372654470826449,89,80,8,1,not_evaluated,not_evaluated
You're cute but you're full of hot air.,1.1123595505617978,0.0372654470826449,89,80,8,1,not_evaluated,not_evaluated
Incredible dance moves and a head filled with air. Let me guess: you’re a Scientologist?,1.1123595505617978,0.040547209043072,89,81,6,2,not_evaluated,not_evaluated
"Sure, you’ve got the moves but I’m intimidated by tall women",1.1123595505617978,0.0372654470826449,89,80,8,1,not_evaluated,not_evaluated
"You keep saying you're a ""maniac maniac on the floor,"" but I just don't see it.",1.1123595505617978,0.0336652778297793,89,79,10,0,not_evaluated,not_evaluated
You’re telling ME I’m full of hot air?,1.1123595505617978,0.0336652778297793,89,79,10,0,not_evaluated,not_evaluated
Where did you blow up?,1.1123595505617978,0.0372654470826449,89,80,8,1,not_evaluated,not_evaluated
Ok I'm sold. Let's dance.,1.1123595505617978,0.0336652778297793,89,79,10,0,not_evaluated,not_evaluated
You’re the only one who has not said no,1.1123595505617978,0.0372654470826449,89,80,8,1,not_evaluated,not_evaluated
I don't think this is the dance floor,1.1123595505617978,0.0336652778297793,89,79,10,0,not_evaluated,not_evaluated
"Yes, But what is Twitter",1.1123595505617978,0.0336652778297793,89,79,10,0,not_evaluated,not_evaluated
"Sell it, sister!",1.1122448979591837,0.0351805569701229,98,88,9,1,not_evaluated,not_evaluated
"Tubbie, you are so complete!",1.1122448979591837,0.0351805569701229,98,88,9,1,not_evaluated,not_evaluated
You recommend shin extensions for a more masculine profile?,1.112068965517241,0.0362639658753725,116,106,7,3,not_evaluated,not_evaluated
I'd bring you a wine but I'm afraid you'd spill it.,1.1111111111111112,0.0368702026886648,90,81,8,1,not_evaluated,not_evaluated
"Do you want to dance and hold my hand? Tell me baby I'm your lover man, oh baby. Do you want to dance?",1.1111111111111112,0.0351364184463153,81,72,9,0,not_evaluated,not_evaluated
"Yes, you can lead",1.1111111111111112,0.0351364184463153,81,72,9,0,not_evaluated,not_evaluated
"Dahling,your enthusiasm is showing.",1.1111111111111112,0.0422172800006767,72,65,6,1,not_evaluated,not_evaluated
I don't know whether to dance or buy a used car.,1.1111111111111112,0.0392837100659193,81,73,7,1,not_evaluated,not_evaluated
Angular is so last decade…,1.1111111111111112,0.0392837100659193,81,73,7,1,not_evaluated,not_evaluated
"Ah! I see you’re just like me. You love dressing up and going to parties, but you hate socializing! I feel you.",1.1111111111111112,0.0351364184463153,81,72,9,0,not_evaluated,not_evaluated
I feel like we’ve met before…maybe at an overeager used car lot?,1.1111111111111112,0.0368702026886648,90,81,8,1,not_evaluated,not_evaluated
At least your hot air is called for!,1.1111111111111112,0.0392837100659193,81,73,7,1,not_evaluated,not_evaluated
Shall we do he Twist,1.1111111111111112,0.0392837100659193,81,73,7,1,not_evaluated,not_evaluated
"See-- I knew that ""Blowing in the Wind"" was on their playlist!",1.1111111111111112,0.0392837100659193,81,73,7,1,not_evaluated,not_evaluated
"Hey, I couldn't help but notice you from across the room.",1.1111111111111112,0.0333125195109271,90,80,10,0,not_evaluated,not_evaluated
I get up early every morning to watch your workout channel.,1.1111111111111112,0.0351364184463153,81,72,9,0,not_evaluated,not_evaluated
Was being shorter really so bad?,1.1111111111111112,0.0401135854348693,90,82,6,2,not_evaluated,not_evaluated
I envy your go with the flow personality.,1.1111111111111112,0.0392837100659193,81,73,7,1,not_evaluated,not_evaluated
Can you stop dancing for just one moment?!,1.1111111111111112,0.0430331482911935,81,74,5,2,not_evaluated,not_evaluated
Great way to stimulate the political discussion!,1.1111111111111112,0.0422172800006767,72,65,6,1,not_evaluated,not_evaluated
"You're just my type, tall, limber and a great listener.",1.1111111111111112,0.0368702026886648,90,81,8,1,not_evaluated,not_evaluated
May I hit your off switch and watch you collapse?,1.1111111111111112,0.0430331482911935,81,74,5,2,not_evaluated,not_evaluated
You've got the moves like Jagger.,1.1111111111111112,0.0422172800006767,72,65,6,1,not_evaluated,not_evaluated
You’re dating yourself.,1.1111111111111112,0.0333125195109271,90,80,10,0,not_evaluated,not_evaluated
You are such a doll!,1.1111111111111112,0.0351364184463153,81,72,9,0,not_evaluated,not_evaluated
Still too subtle...more hips and arms!,1.1111111111111112,0.0351364184463153,81,72,9,0,not_evaluated,not_evaluated
Libra or Airies?,1.1111111111111112,0.0422172800006767,72,65,6,1,not_evaluated,not_evaluated
them look great,1.1111111111111112,0.0333125195109271,90,80,10,0,not_evaluated,not_evaluated
"Interesting, you know I have a cousin who works in used car sales.",1.1111111111111112,0.0333125195109271,90,80,10,0,not_evaluated,not_evaluated
You say your friend over there there there and there is interested in me?,1.1111111111111112,0.0430331482911935,81,74,5,2,not_evaluated,not_evaluated
You’ve blown me away - you’re fan-tastic!,1.1111111111111112,0.0351364184463153,81,72,9,0,not_evaluated,not_evaluated
"I have to hand it to you. You may not be very footloose,  but you've completely nailed the fancy free thing.",1.1111111111111112,0.0333125195109271,90,80,10,0,not_evaluated,not_evaluated
"Are you Animal, Vegetable, or Artificial ?",1.1111111111111112,0.0392837100659193,81,73,7,1,not_evaluated,not_evaluated
I don't understand the biological reasoning behind why a vegetable would need to twerk.,1.1111111111111112,0.0401135854348693,90,82,6,2,not_evaluated,not_evaluated
"We didn't expect you tonight, that's all.",1.1111111111111112,0.0431136593967374,90,83,4,3,not_evaluated,not_evaluated
My father was in marketing.,1.1111111111111112,0.0351364184463153,81,72,9,0,not_evaluated,not_evaluated
what’s your gender profile?,1.1111111111111112,0.0372969492576306,72,64,8,0,not_evaluated,not_evaluated
I heard you're making waves in the ad market!,1.1111111111111112,0.0333125195109271,90,80,10,0,not_evaluated,not_evaluated
I like your attitude!,1.11,0.0373219679669935,100,91,7,2,not_evaluated,not_evaluated
I'm a big admirer of your ability to sell used cars.,1.10989010989011,0.0329670329670329,91,83,7,1,not_evaluated,not_evaluated
"We may be both non-binary, but that’s where it ends.",1.10989010989011,0.0329670329670329,91,81,10,0,not_evaluated,not_evaluated
I told you. You don't need more than one leg to do the Twist.,1.10989010989011,0.0364832222651684,91,82,8,1,not_evaluated,not_evaluated
"Honey, it's my birthday party - could you stop trying to sell cars for five minutes?",1.10989010989011,0.0329670329670329,91,81,10,0,not_evaluated,not_evaluated
Let your freak flag fly!,1.10989010989011,0.0364832222651684,91,82,8,1,not_evaluated,not_evaluated
"Tube, you move and groove so smooth.",1.10989010989011,0.0329670329670329,91,81,10,0,not_evaluated,not_evaluated
It’s so nice to be with an actual airhead who can’t say anything!,1.10989010989011,0.0329670329670329,91,81,10,0,not_evaluated,not_evaluated
We were just talking.  You don't have to get all shaken up about it!,1.10989010989011,0.0290280040383281,91,82,9,0,not_evaluated,not_evaluated
You’re bound to feel deflated when the party’s over.,1.10989010989011,0.0364832222651684,91,82,8,1,not_evaluated,not_evaluated
You really do have the moves like Jaguar.,1.10989010989011,0.0329670329670329,91,81,10,0,not_evaluated,not_evaluated
"This is the 420 party, I toke it?",1.10989010989011,0.0364832222651684,91,82,8,1,not_evaluated,not_evaluated
What is it with  you Fox News believers?,1.10989010989011,0.0364832222651684,91,82,8,1,not_evaluated,not_evaluated
Why do I get the feeling that you’re trying to sell me a lot of unwanted options and accessories?,1.10989010989011,0.0364832222651684,91,82,8,1,not_evaluated,not_evaluated
"Oh, now I understand what my son means by Griddy.",1.10989010989011,0.0364832222651684,91,82,8,1,not_evaluated,not_evaluated
"Come on, john, just a little higher...",1.1097560975609757,0.0347317225419411,82,73,9,0,not_evaluated,not_evaluated
This is a no smoking gala”,1.1097560975609757,0.0388253354522883,82,74,7,1,not_evaluated,not_evaluated
I warned you that my office coworkers are a bit uptight!,1.1097560975609757,0.0347317225419411,82,73,9,0,not_evaluated,not_evaluated
I'm not easy....just loose.,1.1097560975609757,0.0425267068468162,82,75,5,2,not_evaluated,not_evaluated
You sure know how to handle inflation,1.1097560975609757,0.0388253354522883,82,74,7,1,not_evaluated,not_evaluated
"So, when do you think inflation is going back down?",1.1097560975609757,0.0388253354522883,82,74,7,1,not_evaluated,not_evaluated
Didn't I see you in front of the tire store?,1.1097560975609757,0.0388253354522883,82,74,7,1,not_evaluated,not_evaluated
Can you teach me those moves?,1.1097560975609757,0.0459307622132202,82,76,3,3,not_evaluated,not_evaluated
"No, no, no - it's great that you enjoy work so much.",1.1097560975609757,0.0425267068468162,82,75,5,2,not_evaluated,not_evaluated
Well.  Well.  Look who's happy tax season has come and gone.,1.1097560975609757,0.0388253354522883,82,74,7,1,not_evaluated,not_evaluated
You're moving up fast. Hope it'll last.,1.1097560975609757,0.0347317225419411,82,73,9,0,not_evaluated,not_evaluated
Don’t you just hate these swanky parties? Everyone you meet is so puffed up!,1.1097560975609757,0.0388253354522883,82,74,7,1,not_evaluated,not_evaluated
Please tell me you have a designated driver…,1.1097560975609757,0.0388253354522883,82,74,7,1,not_evaluated,not_evaluated
the Brazilian butt lift was worth it !,1.1097560975609757,0.0459307622132202,82,76,3,3,not_evaluated,not_evaluated
There's goes Gary again. He's so full of hot air!,1.1097560975609757,0.0388253354522883,82,74,7,1,not_evaluated,not_evaluated
How did you drive off the lot?,1.1097560975609757,0.0347317225419411,82,73,9,0,not_evaluated,not_evaluated
Where are the Previously Owned?,1.1097560975609757,0.0347317225419411,82,73,9,0,not_evaluated,not_evaluated
Point me to the bar?,1.1097560975609757,0.0388253354522883,82,74,7,1,not_evaluated,not_evaluated
Don't just throw your hands up in the air like that. I just watched you double dip.,1.1097560975609757,0.0388253354522883,82,74,7,1,not_evaluated,not_evaluated
"Frankly, you're the only man here with charisma.",1.1097560975609757,0.0388253354522883,82,74,7,1,not_evaluated,not_evaluated
Great conversation starter!,1.1097560975609757,0.0347317225419411,82,73,9,0,not_evaluated,not_evaluated
Someone’s passing alot of wind here,1.1097560975609757,0.0347317225419411,82,73,9,0,not_evaluated,not_evaluated
I appreciate your inflated sense of self.,1.1097560975609757,0.0388253354522883,82,74,7,1,not_evaluated,not_evaluated
"Oh my god, the Macarena is so 90s. You want to go retro? May I suggest a Rumba, Foxtrot, or some Swing?",1.1097560975609757,0.0347317225419411,82,73,9,0,not_evaluated,not_evaluated
You look great! If I could get the name of your surgeon later.,1.1097560975609757,0.0347317225419411,82,73,9,0,not_evaluated,not_evaluated
I see you as a contestant on American Idol. You've got the moves!,1.1095890410958904,0.0368139623209979,73,65,8,0,not_evaluated,not_evaluated
"Oh I see, your vapid smile and wacky dance is a performative expression telling us that in fact we have no free will and must buy that new car on the lot behind you.",1.1095890410958904,0.0416627570568371,73,66,6,1,not_evaluated,not_evaluated
"Don’t tell me the Tallahassee Twerk is here seeking sanctuary from the DeSanctimonious too?  Hi, I’m Alex.",1.1095890410958904,0.0416627570568371,73,66,6,1,not_evaluated,not_evaluated
"Ah yes, that oceanside beach was such a nice place to meet.",1.1095890410958904,0.0368139623209979,73,65,8,0,not_evaluated,not_evaluated
May I get you another compressed air container?,1.1095890410958904,0.0416627570568371,73,66,6,1,not_evaluated,not_evaluated
I think ChatGPT misunderstood when I said I need a ‘tall and thin’ date for tonight.”,1.1095890410958904,0.0368139623209979,73,65,8,0,not_evaluated,not_evaluated
I can't help feeling you're trying to sell me something.,1.1095890410958904,0.0368139623209979,73,65,8,0,not_evaluated,not_evaluated
I never felt I got enough attention as a child either.,1.1095890410958904,0.0368139623209979,73,65,8,0,not_evaluated,not_evaluated
Sorry to be so out of date. I don't know the bob and weave.,1.1095890410958904,0.0416627570568371,73,66,6,1,not_evaluated,not_evaluated
I personally believe we all need a little more air.,1.1095890410958904,0.0368139623209979,73,65,8,0,not_evaluated,not_evaluated
"Any way the wind blows, does ANYTHING really matter to you?",1.1095890410958904,0.0460032915059586,73,67,4,2,not_evaluated,not_evaluated
"So, what's your marketing strategy for this year?",1.1095890410958904,0.0368139623209979,73,65,8,0,not_evaluated,not_evaluated
I thought you said you were going to start taking life more seriously,1.1095890410958904,0.0416627570568371,73,66,6,1,not_evaluated,not_evaluated
"What do you mean ""Love is in the air""?",1.109375,0.0503814196941374,64,59,3,2,not_evaluated,not_evaluated
I just can't believe that anyone would call you a blowhard.,1.109375,0.0393220543503684,64,57,7,0,not_evaluated,not_evaluated
I thought that you only worked used car lots?,1.109375,0.0451913233305363,64,58,5,1,not_evaluated,not_evaluated
Breezy up there?,1.108910891089109,0.0369666429754345,101,92,7,2,not_evaluated,not_evaluated
Do you need help finding the veggie dips?,1.108910891089109,0.0311527380644599,101,92,8,1,not_evaluated,not_evaluated
"Becky, I just love the way you flaunt those hips",1.108695652173913,0.0392735081475974,92,84,6,2,not_evaluated,not_evaluated
"Let me guess, Carlotta?",1.108695652173913,0.0361042504281703,92,83,8,1,not_evaluated,not_evaluated
All I said was that I wanted to branch off into a different conversation.,1.108695652173913,0.0361042504281703,92,83,8,1,not_evaluated,not_evaluated
"We have a lot in common...like , hot air !",1.108695652173913,0.0392735081475974,92,84,6,2,not_evaluated,not_evaluated
You look familiar..I know that I'v seen you before,1.108433734939759,0.0383774968376479,83,75,7,1,not_evaluated,not_evaluated
"For a guy with an inflated ego, you have pretty good moves!",1.108433734939759,0.0343361894107853,83,74,9,0,not_evaluated,not_evaluated
Rachel Maddow needs glasses,1.108433734939759,0.0383774968376479,83,75,7,1,not_evaluated,not_evaluated
Should we try to get a Macarena going?,1.108433734939759,0.0343361894107853,83,74,9,0,not_evaluated,not_evaluated
"Most of the men I meet are full of hot air, but you seem different.",1.108433734939759,0.0420320190306631,83,76,5,2,not_evaluated,not_evaluated
"So sorry, we can't take any leaks tonight.",1.108433734939759,0.0343361894107853,83,74,9,0,not_evaluated,not_evaluated
You know you aren't going to be this happy with that new car tomorrow.,1.108433734939759,0.0383774968376479,83,75,7,1,not_evaluated,not_evaluated
They say you're just full of hot air.,1.108433734939759,0.0383774968376479,83,75,7,1,not_evaluated,not_evaluated
I'd rather talk to you than any of those windbags.,1.108433734939759,0.0420320190306631,83,76,5,2,not_evaluated,not_evaluated
"So, just how does one break into the advertising business?",1.108433734939759,0.0343361894107853,83,74,9,0,not_evaluated,not_evaluated
I often identify as an agender vertebrae fluid Otherkin.,1.108433734939759,0.0343361894107853,83,74,9,0,not_evaluated,not_evaluated
I see your point.,1.108433734939759,0.0383774968376479,83,75,7,1,not_evaluated,not_evaluated
"You bring a nuanced meaning to ""Shake it but don't break it.""",1.108433734939759,0.0383774968376479,83,75,7,1,not_evaluated,not_evaluated
I see you broke out of your car dealership shell.,1.108433734939759,0.0343361894107853,83,74,9,0,not_evaluated,not_evaluated
Tell me again how you escaped the vegetable shredder and ended up here?,1.108433734939759,0.0383774968376479,83,75,7,1,not_evaluated,not_evaluated
With your flexibility I'm not surprised your a political consultant.,1.108433734939759,0.0383774968376479,83,75,7,1,not_evaluated,not_evaluated
"Ta da, here’s my version of flamboyant!",1.108433734939759,0.0343361894107853,83,74,9,0,not_evaluated,not_evaluated
Wanna get some air?,1.108433734939759,0.0343361894107853,83,74,9,0,not_evaluated,not_evaluated
"Sure, I'm flexible.",1.108433734939759,0.0343361894107853,83,74,9,0,not_evaluated,not_evaluated
"I’d ask you to dance, but I don’t ‘twist’.",1.108433734939759,0.0383774968376479,83,75,7,1,not_evaluated,not_evaluated
"Sorry, but shoes must be worn at all times.",1.108433734939759,0.0343361894107853,83,74,9,0,not_evaluated,not_evaluated
It’s a little cooler than hotdog fingers,1.108433734939759,0.0383774968376479,83,75,7,1,not_evaluated,not_evaluated
"Come to my place, and we'll get high on NO.",1.108433734939759,0.0383774968376479,83,75,7,1,not_evaluated,not_evaluated
"So, what did you think about Inflategate?",1.108433734939759,0.0383774968376479,83,75,7,1,not_evaluated,not_evaluated
You’re not an influencer. You’ve got like one fan.”,1.108108108108108,0.0411225652310728,74,67,6,1,not_evaluated,not_evaluated
Was I right or was I right?  Yin Yoga suits you to a tee.,1.108108108108108,0.0363432541778838,74,66,8,0,not_evaluated,not_evaluated
I don't know how you can just go with the flow.,1.108108108108108,0.0411225652310728,74,67,6,1,not_evaluated,not_evaluated
You look great but I’m afraid when the air comes out your going to feel deflated!,1.108108108108108,0.0363432541778838,74,66,8,0,not_evaluated,not_evaluated
"But Betty, this time people really are watching.",1.108108108108108,0.0308317835567891,74,67,7,0,not_evaluated,not_evaluated
Thank you for the most uplifting response yet to my ideas.,1.10752688172043,0.0388664944723102,93,85,6,2,not_evaluated,not_evaluated
I ask for Martha Graham tickets and he gives me this?,1.10752688172043,0.03229700003364,93,83,10,0,not_evaluated,not_evaluated
"So, where did you meet the Habelmanns?",1.10752688172043,0.0388664944723102,93,85,6,2,not_evaluated,not_evaluated
The 2nd glass of champagne always transforms you!,1.10752688172043,0.0357330421580577,93,84,8,1,not_evaluated,not_evaluated
You get my jokes right on cue! But we have to really work on your flatulences.,1.10752688172043,0.0357330421580577,93,84,8,1,not_evaluated,not_evaluated
Really…you don’t have to try so hard to get my attention…you’ve got me.,1.10752688172043,0.0357330421580577,93,84,8,1,not_evaluated,not_evaluated
"So you are quite flexible I guess""",1.10752688172043,0.0388664944723102,93,85,6,2,not_evaluated,not_evaluated
"Sales are up and it’s all on you. 
Yes, party!",1.1071428571428572,0.0339495134209541,84,75,9,0,not_evaluated,not_evaluated
Just wait and see what happens after 3 drinks!,1.1071428571428572,0.0379398365068223,84,76,7,1,not_evaluated,not_evaluated
"I don’t care what they say, you’re much more than just an airhead.",1.1071428571428572,0.0379398365068223,84,76,7,1,not_evaluated,not_evaluated
"Looks like the therapy for your Brownlee Blues
has really worked for you",1.1071428571428572,0.0339495134209541,84,75,9,0,not_evaluated,not_evaluated
"a Freeform Gender dance partner!
Where have you been?",1.1071428571428572,0.0339495134209541,84,75,9,0,not_evaluated,not_evaluated
You certainly are persuasive.  Were you on the debating team in college?,1.1071428571428572,0.0415486814087917,84,77,5,2,not_evaluated,not_evaluated
You just have to be the star of every show.,1.1071428571428572,0.0379398365068223,84,76,7,1,not_evaluated,not_evaluated
You must have posted an old picture.,1.1071428571428572,0.0339495134209541,84,75,9,0,not_evaluated,not_evaluated
"Wow, baby. You got the moves!",1.1071428571428572,0.0379398365068223,84,76,7,1,not_evaluated,not_evaluated
But will you blow me?,1.1071428571428572,0.0379398365068223,84,76,7,1,not_evaluated,not_evaluated
Your fluid dance moves make me want to go out an buy a used car for some reason.,1.1071428571428572,0.0339495134209541,84,75,9,0,not_evaluated,not_evaluated
They said to ignore you because you're full of hot air. But I think you're cute!,1.1071428571428572,0.0339495134209541,84,77,6,1,not_evaluated,not_evaluated
I could tell from the moment I laid eyes on you that you were different.,1.1071428571428572,0.0379398365068223,84,76,7,1,not_evaluated,not_evaluated
Whatever!,1.1071428571428572,0.0415486814087917,84,77,5,2,not_evaluated,not_evaluated
"I'd love to dancewith you, madame, but I've seen you do the ""jerk"" and I'm worried for my hair.",1.1071428571428572,0.0415486814087917,84,77,5,2,not_evaluated,not_evaluated
"Are you sure you don't want a glass?” “A breeze is all I need  to have a good time.” 
-Luke Nagel  Honolulu, H",1.1071428571428572,0.0379398365068223,84,76,7,1,not_evaluated,not_evaluated
You're not afraid to frail.,1.1071428571428572,0.0415486814087917,84,77,5,2,not_evaluated,not_evaluated
Your personality is so breezy!,1.1071428571428572,0.0415486814087917,84,77,5,2,not_evaluated,not_evaluated
'It's ok i have dated inflatables before',1.1071428571428572,0.0448681920680357,84,78,3,3,not_evaluated,not_evaluated
I told you it would be worth it to finally get some time off from Auto World!,1.1071428571428572,0.0379398365068223,84,76,7,1,not_evaluated,not_evaluated
You're willing to listen--and I love how you make me feel special!,1.106666666666667,0.0358843655048781,75,67,8,0,not_evaluated,not_evaluated
I heard you like to sail.,1.106666666666667,0.0405961580454117,75,68,6,1,not_evaluated,not_evaluated
"So, you've been taking salsa lessons?",1.106666666666667,0.0358843655048781,75,67,8,0,not_evaluated,not_evaluated
"You don't need another, you're obviously loose.",1.106666666666667,0.0405961580454117,75,68,6,1,not_evaluated,not_evaluated
"Love your smooth moves, but are you always so quiet?",1.106666666666667,0.0358843655048781,75,67,8,0,not_evaluated,not_evaluated
I’m also in the gig economy.,1.106666666666667,0.04481526981296,75,69,4,2,not_evaluated,not_evaluated
Yes! These people are so full of hot air!,1.106666666666667,0.0405961580454117,75,68,6,1,not_evaluated,not_evaluated
I am thinking big dog with teeth!,1.106666666666667,0.0358843655048781,75,67,8,0,not_evaluated,not_evaluated
I can help you take a stand.,1.106666666666667,0.0358843655048781,75,67,8,0,not_evaluated,not_evaluated
Why am I always the person talking to inanimate objects at parties? Answer me!,1.106666666666667,0.0405961580454117,75,68,6,1,not_evaluated,not_evaluated
You’re the girl of my dreams—all leg!,1.106666666666667,0.04481526981296,75,69,4,2,not_evaluated,not_evaluated
I thought you would be on the Used Car lot until tomorrow?,1.106666666666667,0.0405961580454117,75,68,6,1,not_evaluated,not_evaluated
Your last performance in the local Toyatathon commercial was really inspiring.,1.106666666666667,0.0358843655048781,75,67,8,0,not_evaluated,not_evaluated
I have a tendency to be long-winded.”,1.106666666666667,0.0405961580454117,75,68,6,1,not_evaluated,not_evaluated
"I love selling cars and I love dancing, but not in that order!",1.106666666666667,0.0405961580454117,75,68,6,1,not_evaluated,not_evaluated
"I see you took ""Dream Big and Stay Flexible"" to heart!",1.106666666666667,0.0405961580454117,75,68,6,1,not_evaluated,not_evaluated
I loved your work at the Ford dealership!,1.106666666666667,0.0405961580454117,75,68,6,1,not_evaluated,not_evaluated
You really get around.,1.106666666666667,0.0358843655048781,75,67,8,0,not_evaluated,not_evaluated
"With the proper air flow, you're the life of the party!",1.106666666666667,0.0358843655048781,75,67,8,0,not_evaluated,not_evaluated
So stylish! So elegant! Haven’t we met somewhere before?,1.106666666666667,0.0358843655048781,75,67,8,0,not_evaluated,not_evaluated
"You must hear this a lot, but who does your air?",1.106666666666667,0.04481526981296,75,69,4,2,not_evaluated,not_evaluated
You promised not to get wacky.,1.106666666666667,0.0358843655048781,75,67,8,0,not_evaluated,not_evaluated
"And the last thing he said was: you need to hang out with real friends""",1.106666666666667,0.0405961580454117,75,68,6,1,not_evaluated,not_evaluated
"You have an inflated ego.”

Earle Jacobs
East Windsor, N",1.1063829787234043,0.0384678097588354,94,86,6,2,not_evaluated,not_evaluated
Can you slow dance on a windy day?,1.106060606060606,0.0381921767870499,66,59,7,0,not_evaluated,not_evaluated
Fox News Corporation At Work,1.106060606060606,0.048898295472687,66,61,3,2,not_evaluated,not_evaluated
Stalking me is fruitless!,1.106060606060606,0.0381921767870499,66,59,7,0,not_evaluated,not_evaluated
Can you help me find my car?,1.1058823529411763,0.0410763087503044,85,78,5,2,not_evaluated,not_evaluated
I’m made of farts!,1.1058823529411763,0.0410763087503044,85,78,5,2,not_evaluated,not_evaluated
So you'll shake your own martini in a covered cup.,1.1058823529411763,0.0375120126857039,85,77,7,1,not_evaluated,not_evaluated
"Your flexibility is on-point, but your eye contact needs work.",1.1058823529411763,0.0375120126857039,85,77,7,1,not_evaluated,not_evaluated
You'll be a hit on Tik Tok!,1.1058823529411763,0.0410763087503044,85,78,5,2,not_evaluated,not_evaluated
I hear we’re headed for a period of deflation this year.,1.1058823529411763,0.0335714022780473,85,76,9,0,not_evaluated,not_evaluated
You are obviously enjoying yourself but I'm not sure that is quite what Nike had in mind!?!,1.1058823529411763,0.0335714022780473,85,76,9,0,not_evaluated,not_evaluated
"You may be filled with hot air but you're still the
life of the party!",1.1058823529411763,0.0335714022780473,85,76,9,0,not_evaluated,not_evaluated
I am only talking to you because the are all saying I'm not woke enough.,1.1058823529411763,0.0375120126857039,85,77,7,1,not_evaluated,not_evaluated
"Sorry to be such a turn-off, but the party’s almost over.",1.1058823529411763,0.0410763087503044,85,78,5,2,not_evaluated,not_evaluated
I love flexible men.,1.1058823529411763,0.0335714022780473,85,76,9,0,not_evaluated,not_evaluated
"Good for you that you have given up the drink, Ziggy.",1.1058823529411763,0.0375120126857039,85,77,7,1,not_evaluated,not_evaluated
Let’s split. Everyone here is so fake.,1.1058823529411763,0.0443551032618374,85,79,3,3,not_evaluated,not_evaluated
I’m trying to look past the hype and connect with real fans.,1.1058823529411763,0.0443551032618374,85,79,3,3,not_evaluated,not_evaluated
I hear your fans.,1.1058823529411763,0.0410763087503044,85,78,5,2,not_evaluated,not_evaluated
"The sales over buddy, you can relax!",1.1058823529411763,0.0410763087503044,85,78,5,2,not_evaluated,not_evaluated
I just feel like you’re always bending over backwards for people,1.1058823529411763,0.0375120126857039,85,77,7,1,not_evaluated,not_evaluated
I know you’re trying to climb the corporate ladder but you were simply made for the job you have!,1.1058823529411763,0.0410763087503044,85,78,5,2,not_evaluated,not_evaluated
"Finally, she had found the man of her dreams.",1.105263157894737,0.0354368594328493,76,68,8,0,not_evaluated,not_evaluated
what's your point?,1.105263157894737,0.040083016346652,76,69,6,1,not_evaluated,not_evaluated
I believe you are the Air Apparent for a big promotion!,1.105263157894737,0.0354368594328493,76,68,8,0,not_evaluated,not_evaluated
"Sure, let’s say I’m full of hot air, but I’m really a stand-up guy…. You and me, we’re perfect for each other!",1.105263157894737,0.040083016346652,76,69,6,1,not_evaluated,not_evaluated
I wouldn’t make such a big deal of it. I think they meant hot air quite literally.,1.105263157894737,0.0354368594328493,76,68,8,0,not_evaluated,not_evaluated
"How does this party gig compare to your
usual ones by the used car lots?",1.105263157894737,0.0354368594328493,76,68,8,0,not_evaluated,not_evaluated
Let's face it. This is Who Cares Ville. Maybe if we went to Miami .. .,1.105263157894737,0.040083016346652,76,69,6,1,not_evaluated,not_evaluated
Really? A sign art mixer?,1.105263157894737,0.0442439305716437,76,70,4,2,not_evaluated,not_evaluated
"If I order you a third Negroni,will you promise not to fling it at the ground?",1.105263157894737,0.0354368594328493,76,68,8,0,not_evaluated,not_evaluated
"I find these events a little stiff, don't you?",1.105263157894737,0.0442439305716437,76,70,4,2,not_evaluated,not_evaluated
Everyone else here is so full of hot air,1.105263157894737,0.040083016346652,76,69,6,1,not_evaluated,not_evaluated
You simply must tell me who does your hair.,1.105263157894737,0.0354368594328493,76,68,8,0,not_evaluated,not_evaluated
Keep dancing; no one is watching.,1.105263157894737,0.0354368594328493,76,68,8,0,not_evaluated,not_evaluated
"So, how do you grapple with the futility of your actions? I personally could not cope with the never-ending parade of cleanliness masking dirty souls and corruption.",1.105263157894737,0.040083016346652,76,69,6,1,not_evaluated,not_evaluated
For an air-powered tube girl you sure look sweet.” This,1.105263157894737,0.0354368594328493,76,68,8,0,not_evaluated,not_evaluated
"The crab-stuffed mushrooms are really good. 
You must have tried them.",1.105263157894737,0.040083016346652,76,69,6,1,not_evaluated,not_evaluated
You dance great and I'm not just blowing air up your tube.,1.105263157894737,0.040083016346652,76,69,6,1,not_evaluated,not_evaluated
Wow! Want a tall drink of sparkling water?,1.105263157894737,0.0300814529815477,76,69,7,0,not_evaluated,not_evaluated
Ok this what you mean I’m loose Lucy after a few Red Wines.,1.105263157894737,0.0354368594328493,76,68,8,0,not_evaluated,not_evaluated
You got bad gas too? Stick with me and together we can tear this dance floor up!,1.105263157894737,0.0354368594328493,76,68,8,0,not_evaluated,not_evaluated
I’m breaking wind and am still the life of the party!,1.105263157894737,0.040083016346652,76,69,6,1,not_evaluated,not_evaluated
"For goodness sake Carl, people are going to donate at this fundraiser whether you do your special dance or not.",1.105263157894737,0.0354368594328493,76,68,8,0,not_evaluated,not_evaluated
Yeah my career’s kinda stagnated since Nope…,1.105263157894737,0.040083016346652,76,69,6,1,not_evaluated,not_evaluated
You are such a great listener.,1.1046511627906976,0.040614533015286,86,79,5,2,not_evaluated,not_evaluated
Didn’t we meet at the last opening?,1.1046511627906976,0.040614533015286,86,79,5,2,not_evaluated,not_evaluated
Yeah I could be The Wind Beneath Your Sails”,1.1046511627906976,0.0332015763121984,86,77,9,0,not_evaluated,not_evaluated
I know you are full of hot air but can I have your number?,1.1046511627906976,0.0332015763121984,86,77,9,0,not_evaluated,not_evaluated
"So then, she accuses ME of being
'full of hot air'!",1.1046511627906976,0.0370936986674589,86,78,7,1,not_evaluated,not_evaluated
Are you okay? I noticed you limping on and off.,1.1046511627906976,0.0370936986674589,86,78,7,1,not_evaluated,not_evaluated
Your out of control flailing is irresistible. Let's dance!,1.1046511627906976,0.0370936986674589,86,78,7,1,not_evaluated,not_evaluated
So I guess you like working from home?,1.1046511627906976,0.0370936986674589,86,78,7,1,not_evaluated,not_evaluated
You look as good as the last time I saw you at the Toyota dealership before the Pandemic,1.1046511627906976,0.040614533015286,86,79,5,2,not_evaluated,not_evaluated
It's so refreshing to meet someone in the city who just goes with the flow.,1.1046511627906976,0.0370936986674589,86,78,7,1,not_evaluated,not_evaluated
I'm glad to see you're not too concerned about Trump's indictment.,1.1046511627906976,0.040614533015286,86,79,5,2,not_evaluated,not_evaluated
I’m surrounded by airheads.,1.1046511627906976,0.0370936986674589,86,78,7,1,not_evaluated,not_evaluated
"Oh my God, Janet, you’re so good at just letting loose at work events!",1.1046511627906976,0.0370936986674589,86,78,7,1,not_evaluated,not_evaluated
You're just full of hot air!,1.1044776119402986,0.0432422329358218,67,61,5,1,not_evaluated,not_evaluated
I'll have what he's having,1.1044776119402986,0.0432422329358218,67,61,5,1,not_evaluated,not_evaluated
You're not saying anything meaningful; it seems you're just full of hot air.,1.1044776119402986,0.0376511178439935,67,60,7,0,not_evaluated,not_evaluated
Sorry….I didn’t get past the ‘Mash Potato’,1.1044776119402986,0.0376511178439935,67,60,7,0,not_evaluated,not_evaluated
"KILLLL MEEEE,” whispered the Wacky Wavy-Armed Inflatable Tube Person through her painted on smile, her body rippling joyously and limbs flapping all around in forced excitement",1.1044776119402986,0.0432422329358218,67,61,5,1,not_evaluated,not_evaluated
"I tried to tell you, those wheren't normal brownies.",1.1044776119402986,0.0432422329358218,67,61,5,1,not_evaluated,not_evaluated
"Besides ""blowin' in the wind"" what else do you do for fun?",1.1044776119402986,0.0481889483559193,67,62,3,2,not_evaluated,not_evaluated
"Have you ever heard of something called nominative determinism, Bob?",1.1044776119402986,0.0432422329358218,67,61,5,1,not_evaluated,not_evaluated
so what are your thoughts on the recent inflation?” @fieldjessicaan,1.1044776119402986,0.0376511178439935,67,62,4,1,not_evaluated,not_evaluated
I mean everyone here is so stiff,1.1044776119402986,0.0432422329358218,67,61,5,1,not_evaluated,not_evaluated
It is difficult for me to dance. I am an inflatable promotional item with no bones or muscle,1.1044776119402986,0.0432422329358218,67,61,5,1,not_evaluated,not_evaluated
Your dance moves remind me of Elaine Benes!,1.1044776119402986,0.0376511178439935,67,60,7,0,not_evaluated,not_evaluated
You're not like the rest of these guys.,1.1041666666666667,0.0346636933610211,96,87,8,1,not_evaluated,not_evaluated
We’re  proud to be including celery stalks in our hiring strategy.,1.103896103896104,0.0436869478640459,77,71,4,2,not_evaluated,not_evaluated
Thanks but can you just tell me what you do for a living without so much hand-waving?,1.103896103896104,0.0395826466272485,77,70,6,1,not_evaluated,not_evaluated
"And you,still flailing uncontrollably at the dealership?",1.103896103896104,0.0395826466272485,77,70,6,1,not_evaluated,not_evaluated
I don't find you silly.,1.103896103896104,0.0350003202036694,77,69,8,0,not_evaluated,not_evaluated
"I'm sorry, I don't see a place to leave you a tip.",1.103896103896104,0.0350003202036694,77,69,8,0,not_evaluated,not_evaluated
"If we have the next dance, will I be as perky and effusive as you?",1.103896103896104,0.0350003202036694,77,69,8,0,not_evaluated,not_evaluated
I prefer to dance unplugged.,1.103896103896104,0.0395826466272485,77,70,6,1,not_evaluated,not_evaluated
You have a light and breezy air that is so attractive in this stuffy crowd.,1.103896103896104,0.0350003202036694,77,69,8,0,not_evaluated,not_evaluated
You really have a way with words.,1.103896103896104,0.0350003202036694,77,69,8,0,not_evaluated,not_evaluated
"unfortunately dear, you're all wind",1.103896103896104,0.0350003202036694,77,69,8,0,not_evaluated,not_evaluated
I don’t know I you appreciate the gravity of the situation if the power goes out.,1.103896103896104,0.0350003202036694,77,69,8,0,not_evaluated,not_evaluated
Didn’t we meet at the garden club?,1.103896103896104,0.0350003202036694,77,69,8,0,not_evaluated,not_evaluated
Hope you are more than a lot of hot air!,1.103896103896104,0.0350003202036694,77,69,8,0,not_evaluated,not_evaluated
Wow! You could dance professionally!,1.103896103896104,0.0350003202036694,77,69,8,0,not_evaluated,not_evaluated
Who styles your hair? It’s divine.,1.103896103896104,0.0395826466272485,77,70,6,1,not_evaluated,not_evaluated
I'd rather listen to your hot air than their words any day!,1.103896103896104,0.0350003202036694,77,69,8,0,not_evaluated,not_evaluated
"I don’t know what to believe, sometimes I think you’re just full of hot air.",1.103896103896104,0.0350003202036694,77,69,8,0,not_evaluated,not_evaluated
"So, Wacky Waving Inflatable Arm Flailing Tubeman, what do you do for a living?",1.103896103896104,0.0395826466272485,77,70,6,1,not_evaluated,not_evaluated
"I’ve met the giant rat, any relation?",1.103896103896104,0.0395826466272485,77,70,6,1,not_evaluated,not_evaluated
Have a drink with me? I'll get you a tall one.,1.1037735849056605,0.0326412757263808,106,96,9,1,not_evaluated,not_evaluated
I hear used-car sales are stronger than ever.,1.103448275862069,0.0366845819952604,87,79,7,1,not_evaluated,not_evaluated
"Wow! Where did you learn to twerk like that?
Teach me?",1.103448275862069,0.0328397678098528,87,78,9,0,not_evaluated,not_evaluated
How many times do I have to tell you?  I’m only into straight inflatable Tube-Man Dancers.,1.103448275862069,0.0401630024092935,87,80,5,2,not_evaluated,not_evaluated
"Marcy, I’m getting the impression that your views change however the wind blows.",1.103448275862069,0.0366845819952604,87,79,7,1,not_evaluated,not_evaluated
But what do I do with my hands if I DO care,1.103448275862069,0.0366845819952604,87,79,7,1,not_evaluated,not_evaluated
Can I get you something else to drink ?,1.103448275862069,0.0366845819952604,87,79,7,1,not_evaluated,not_evaluated
"I'm SO jealous of your hair, how do keep that spiky look?",1.103448275862069,0.0433632905680698,87,81,3,3,not_evaluated,not_evaluated
"I don't know that dance, can you teach me?",1.103448275862069,0.0366845819952604,87,79,7,1,not_evaluated,not_evaluated
So you're saying they stole the 'Wednesday Dance' from you?,1.103448275862069,0.0328397678098528,87,78,9,0,not_evaluated,not_evaluated
"You're not full of hot air, they are.",1.103448275862069,0.0328397678098528,87,78,9,0,not_evaluated,not_evaluated
Is that a new dance move?,1.103448275862069,0.0328397678098528,87,78,9,0,not_evaluated,not_evaluated
Where are the cars?,1.103448275862069,0.0328397678098528,87,78,9,0,not_evaluated,not_evaluated
"Hi, I’m Honest Hank.  I’d to hire you to be a wind sock at my car dealership.  And don’t worry there’s never shortage of hot air.",1.103448275862069,0.0366845819952604,87,79,7,1,not_evaluated,not_evaluated
"Most people here are full of hot air, but you’re much more straight up…",1.103448275862069,0.0401630024092935,87,80,5,2,not_evaluated,not_evaluated
Too Tall,1.1030927835051547,0.0343212789612339,97,88,8,1,not_evaluated,not_evaluated
I'd love to feel that happy. Who's your therapist?,1.1029411764705883,0.0371250992576067,68,61,7,0,not_evaluated,not_evaluated
so glad I found you ~ everyone else here is full of hot air!,1.1029411764705883,0.0371250992576067,68,61,7,0,not_evaluated,not_evaluated
Haven't we met before on a street corner?,1.1025641025641026,0.0390945794678847,78,71,6,1,not_evaluated,not_evaluated
I also feel like a poser.,1.1025641025641026,0.0345743519211918,78,70,8,0,not_evaluated,not_evaluated
"With that wiggle, we will have to hide your hips",1.1025641025641026,0.0345743519211918,78,70,8,0,not_evaluated,not_evaluated
"Good start, now try for some diversity.",1.1025641025641026,0.0390945794678847,78,71,6,1,not_evaluated,not_evaluated
"I get it-we owe 'just don't care' to you.""",1.1025641025641026,0.0390945794678847,78,71,6,1,not_evaluated,not_evaluated
"Eventually , every one meets their match at these mixers.",1.1025641025641026,0.0390945794678847,78,71,6,1,not_evaluated,not_evaluated
You've got a beautiful home.,1.1025641025641026,0.0390945794678847,78,71,6,1,not_evaluated,not_evaluated
Hi! My name is Amy. My pronouns are ze/zir. What are your pronouns?,1.1025641025641026,0.0345743519211918,78,70,8,0,not_evaluated,not_evaluated
It was a pleasure meeting you too. Everyone else at this party was so full of hot air!,1.1025641025641026,0.0345743519211918,78,70,8,0,not_evaluated,not_evaluated
"The Frug was ""out"" in a previous millenium.",1.1025641025641026,0.0390945794678847,78,71,6,1,not_evaluated,not_evaluated
You're not the typical airhead who comes to these parties.,1.1025641025641026,0.0390945794678847,78,71,6,1,not_evaluated,not_evaluated
I can't quite put my finger on it - there's just this levity about you.,1.1025641025641026,0.0431437883915064,78,72,4,2,not_evaluated,not_evaluated
I can get you a job starting the wave at the baseball park.,1.1025641025641026,0.0345743519211918,78,70,8,0,not_evaluated,not_evaluated
"Looks like your hip surgery was a successful!""",1.1025641025641026,0.0431437883915064,78,72,4,2,not_evaluated,not_evaluated
"Now remember, when the Queen enters the room, you curtsy first, then stand up straight, and whatever you do - keep still and don’t flail around",1.1025641025641026,0.0431437883915064,78,72,4,2,not_evaluated,not_evaluated
"This crowd is pretty reserved, but I don't care if you flap around like that, I think it's really neat.",1.1025641025641026,0.0390945794678847,78,71,6,1,not_evaluated,not_evaluated
"Wait, what kind of mushrooms were on that hors d'oeuvre tray?",1.1025641025641026,0.0345743519211918,78,70,8,0,not_evaluated,not_evaluated
Looks like you don't need a drink.,1.1022727272727273,0.0362843636973534,88,80,7,1,not_evaluated,not_evaluated
I'm jealous - How do you get your hair to move that way?,1.1022727272727273,0.0362843636973534,88,80,7,1,not_evaluated,not_evaluated
Would you be willing to teach at my dance studio?,1.1022727272727273,0.0362843636973534,88,80,7,1,not_evaluated,not_evaluated
Do you happen to work at a car dealership?,1.1022727272727273,0.0362843636973534,88,80,7,1,not_evaluated,not_evaluated
I am SO glad I finally get to know you at last!,1.1022727272727273,0.0362843636973534,88,80,7,1,not_evaluated,not_evaluated
You really can’t help yourself can you? Always putting on such airs!,1.1022727272727273,0.0362843636973534,88,80,7,1,not_evaluated,not_evaluated
"Hello Volodymyr, your speech! Do you want tanks?",1.1022727272727273,0.0397213804993674,88,81,5,2,not_evaluated,not_evaluated
"Maybe it's just me, but you are the most interesting person I have ever talked to.    Wanna get out of here?",1.1022727272727273,0.0324857203870887,88,79,9,0,not_evaluated,not_evaluated
Guess who I am!,1.1022727272727273,0.0324857203870887,88,79,9,0,not_evaluated,not_evaluated
Do you have to be the center of attention?,1.1022727272727273,0.0362843636973534,88,80,7,1,not_evaluated,not_evaluated
It’s good to see you vent!,1.1022727272727273,0.0324857203870887,88,79,9,0,not_evaluated,not_evaluated
"You sure have gone to great lengths 
to attract the cute guys",1.1022727272727273,0.0324857203870887,88,79,9,0,not_evaluated,not_evaluated
You’re more fun than any of these airheads.,1.1022727272727273,0.0362843636973534,88,80,7,1,not_evaluated,not_evaluated
So do you play basketball or something?,1.1020408163265305,0.036951460869878,98,90,6,2,not_evaluated,not_evaluated
"In case you didn't realize, that's not how you do the salsa.",1.1014492753623188,0.0420333948358774,69,63,5,1,not_evaluated,not_evaluated
You must be dancing on air!,1.1014492753623188,0.0302372512377974,69,63,6,0,not_evaluated,not_evaluated
We don't do Boom-a-chica-boom here.,1.1014492753623188,0.0420333948358774,69,63,5,1,not_evaluated,not_evaluated
What's it like to flap in the wind at a used car dealership?,1.1014492753623188,0.0420333948358774,69,63,5,1,not_evaluated,not_evaluated
"I definitely think that,at our level,face to face is so much better than Zoom meetings.",1.1014492753623188,0.0366135060042496,69,62,7,0,not_evaluated,not_evaluated
"Darling, you're looking marvelous now that the prevailing wind is no longer blowing from Vichy.",1.1014492753623188,0.0420333948358774,69,63,5,1,not_evaluated,not_evaluated
"Sorry, we can’t have a plant at the CIA party.",1.1014492753623188,0.0420333948358774,69,63,5,1,not_evaluated,not_evaluated
"Yes, I can set you up with Ron from the car dealership. Quit hounding me.",1.1014492753623188,0.0366135060042496,69,62,7,0,not_evaluated,not_evaluated
"Before you say you're not interested in outside sales, hear me out.",1.1012658227848102,0.0386183680916298,79,72,6,1,not_evaluated,not_evaluated
"C'mon, keep the inflating/grandstanding at the dealership; not the Constantine Cocktail Party!",1.1012658227848102,0.034158577388959,79,71,8,0,not_evaluated,not_evaluated
Fluid Mummichog,1.1012658227848102,0.034158577388959,79,71,8,0,not_evaluated,not_evaluated
You think that was funny? Wait till you hear the next one.,1.1012658227848102,0.034158577388959,79,71,8,0,not_evaluated,not_evaluated
So how come you never sweat?,1.1012658227848102,0.0386183680916298,79,72,6,1,not_evaluated,not_evaluated
No one dresses up the first night at sea.,1.1012658227848102,0.034158577388959,79,71,8,0,not_evaluated,not_evaluated
"Hi, did you just blow into town?",1.1012658227848102,0.034158577388959,79,71,8,0,not_evaluated,not_evaluated
Men are so spineless these days.,1.1012658227848102,0.0386183680916298,79,72,6,1,not_evaluated,not_evaluated
I hope you didn't enter the dance-a-thon again this year!,1.1012658227848102,0.0386183680916298,79,72,6,1,not_evaluated,not_evaluated
I wish I had style!,1.1012658227848102,0.0386183680916298,79,72,6,1,not_evaluated,not_evaluated
This is a New Yorker party not a children's birthday party.,1.1012658227848102,0.0386183680916298,79,72,6,1,not_evaluated,not_evaluated
"Dahling, tell me, where did you learn those moves?",1.1012658227848102,0.0386183680916298,79,72,6,1,not_evaluated,not_evaluated
"Glitter and be gay, that's the price I pay...",1.1012658227848102,0.034158577388959,79,71,8,0,not_evaluated,not_evaluated
Groot'ss been done. You need a new gig.,1.1012658227848102,0.0386183680916298,79,72,6,1,not_evaluated,not_evaluated
Being restricted to black or white demands a show of flamboyance with modified jazz hands,1.1012658227848102,0.0386183680916298,79,72,6,1,not_evaluated,not_evaluated
I’m blown away by your discretion.,1.1012658227848102,0.0386183680916298,79,72,6,1,not_evaluated,not_evaluated
What's going through your mind this time?,1.101123595505618,0.0321391884015368,89,82,6,1,not_evaluated,not_evaluated
"You had my curiosity, now you have my attention.",1.101123595505618,0.0321391884015368,89,80,9,0,not_evaluated,not_evaluated
"Honey, you’ve had way too much to drink.",1.101123595505618,0.0321391884015368,89,80,9,0,not_evaluated,not_evaluated
I think you might have had too much to drink,1.101123595505618,0.0321391884015368,89,80,9,0,not_evaluated,not_evaluated
Where do you get all your hot air from?,1.101123595505618,0.035892757570611,89,81,7,1,not_evaluated,not_evaluated
How long have you been selling cars?,1.101123595505618,0.035892757570611,89,81,7,1,not_evaluated,not_evaluated
"Greetings, I'm your date.",1.101123595505618,0.035892757570611,89,81,7,1,not_evaluated,not_evaluated
"With moves like that, you should be on ""America's Got Talent"".",1.101123595505618,0.035892757570611,89,81,7,1,not_evaluated,not_evaluated
You're always so supportive.,1.101123595505618,0.0392893453869599,89,82,5,2,not_evaluated,not_evaluated
"I'm guessing the ""plus sign"" part of the community?",1.101123595505618,0.035892757570611,89,81,7,1,not_evaluated,not_evaluated
I saw your cousin at the car dealership.,1.101123595505618,0.0392893453869599,89,82,5,2,not_evaluated,not_evaluated
"So which is it...""Moves Like Jagger"" or ""Dancing Queen""?",1.1,0.0355094895090524,90,82,7,1,not_evaluated,not_evaluated
I can’t remember if we met at a club or if I bought a car from you,1.1,0.0457012865785713,80,75,2,3,not_evaluated,not_evaluated
I thought this was going to be a 'Reveal' party.,1.1,0.0361157559257307,70,63,7,0,not_evaluated,not_evaluated
"Yes, that was my reaction too, exactly that! You go girl!",1.1,0.0381535870205101,80,73,6,1,not_evaluated,not_evaluated
You’re living proof that inflation drives growth.,1.1,0.0420969345526984,80,74,4,2,not_evaluated,not_evaluated
"Thank you for being here, you're my biggest fan.",1.1,0.0381535870205101,80,73,6,1,not_evaluated,not_evaluated
"How you doin'?""",1.1,0.0337526370277806,80,72,8,0,not_evaluated,not_evaluated
Am I really preowned car salesperson of the year?,1.1,0.0420969345526984,80,74,4,2,not_evaluated,not_evaluated
You're too big to dance here,1.1,0.0388665889335664,90,83,5,2,not_evaluated,not_evaluated
Sure . . . I've always liked tall women.,1.1,0.0419559247957682,90,84,3,3,not_evaluated,not_evaluated
You getting floopy again?,1.1,0.0381535870205101,80,73,6,1,not_evaluated,not_evaluated
"I thought the invite said it was a black-tie event, not a blow-up tie event.",1.1,0.0337526370277806,80,72,8,0,not_evaluated,not_evaluated
You crack me up!,1.1,0.0337526370277806,80,72,8,0,not_evaluated,not_evaluated
Why are you being so wishy-washy in front of these people?,1.1,0.0414539081515265,70,64,5,1,not_evaluated,not_evaluated
I'm blown away by your inhibition,1.1,0.0337526370277806,80,72,8,0,not_evaluated,not_evaluated
"Are you saying you are ""OPEN"" to the idea?",1.1,0.0355094895090524,90,82,7,1,not_evaluated,not_evaluated
I admire the way you take the oxygen out of the ballroom.,1.1,0.0321933932014991,120,110,8,2,not_evaluated,not_evaluated
You're smokin!,1.1,0.0361157559257307,70,63,7,0,not_evaluated,not_evaluated
I'm so glad you asked me to this affair.,1.1,0.0381535870205101,80,73,6,1,not_evaluated,not_evaluated
0h cool - a spastic worm with hips,1.1,0.0317999364001907,90,81,9,0,not_evaluated,not_evaluated
Yeah I’ve been told I blow in the wind too,1.1,0.0381535870205101,80,73,6,1,not_evaluated,not_evaluated
You definitely caught my attention. Please tell me you’re ready for something serious and not all hot air like my last boyfriend.,1.1,0.0355094895090524,90,82,7,1,not_evaluated,not_evaluated
Why are you so speechless tonight?,1.1,0.0381535870205101,80,73,6,1,not_evaluated,not_evaluated
I’m jealous of your freedom to go where the wind takes you.,1.1,0.0361157559257307,70,63,7,0,not_evaluated,not_evaluated
"May I have this dance Ms Marjorie Taylor Green? 
(BLOW BAG)",1.1,0.0381535870205101,80,73,6,1,not_evaluated,not_evaluated
I'm just saying don't knock it 'til you try it.,1.1,0.0420969345526984,80,74,4,2,not_evaluated,not_evaluated
So that ill wind is you?,1.1,0.0337526370277806,80,72,8,0,not_evaluated,not_evaluated
"You're really good at this.  My last boyfriend could never sell me a car that fast.""",1.1,0.0381535870205101,80,73,6,1,not_evaluated,not_evaluated
"You can dance, but what about your paycheck?",1.1,0.0337526370277806,80,72,8,0,not_evaluated,not_evaluated
"As an orthopedic doctor,  I recommend traction followed by a spinal fusion.",1.1,0.0461790555986524,70,65,3,2,not_evaluated,not_evaluated
So what type of books and movies are you into?,1.1,0.0361157559257307,70,63,7,0,not_evaluated,not_evaluated
Your job is to stand out front and get customers in here.,1.1,0.0381535870205101,80,73,6,1,not_evaluated,not_evaluated
You'll bend over backwards for everyone but me.,1.1,0.0414539081515265,70,64,5,1,not_evaluated,not_evaluated
You are definitely cutting the edge.,1.1,0.0381535870205101,80,73,6,1,not_evaluated,not_evaluated
What yoga studio do you go to?,1.1,0.0337526370277806,80,72,8,0,not_evaluated,not_evaluated
...can't succeed without flailing.,1.1,0.0317999364001907,90,81,9,0,not_evaluated,not_evaluated
I know exactly how you feel. My life is full of ups and downs too!,1.1,0.0337526370277806,80,72,8,0,not_evaluated,not_evaluated
She always gets a little flighty when she drinks.,1.1,0.0337526370277806,80,72,8,0,not_evaluated,not_evaluated
We met last week outside the tire company.,1.1,0.0361157559257307,70,63,7,0,not_evaluated,not_evaluated
"Right, you’ve mentioned a couple times already that there’s a car dealership opening.",1.1,0.0337526370277806,80,72,8,0,not_evaluated,not_evaluated
Didn’t I see you billowing outside the car wash last week?,1.1,0.0361157559257307,70,63,7,0,not_evaluated,not_evaluated
"I know you’ve just started, but I think it’s time to discuss your promotion.",1.1,0.0317999364001907,90,81,9,0,not_evaluated,not_evaluated
Do you think they’d notice if we slipped auto here?,1.1,0.0337526370277806,80,72,8,0,not_evaluated,not_evaluated
"‘Sorry, but i think you are full of hot air’",1.099009900990099,0.0298675309485115,101,91,10,0,not_evaluated,not_evaluated
"#1 car salesperson ... 5-years running! ... what is your strategy?""",1.098901098901099,0.0314677386006073,91,82,9,0,not_evaluated,not_evaluated
But you’re so much more than an old windbag!,1.098901098901099,0.0273133360912926,91,83,8,0,not_evaluated,not_evaluated
"So, can I buy you a drink?",1.098901098901099,0.0351342968740858,91,83,7,1,not_evaluated,not_evaluated
Didn't we meet on the corner of 14th St. and 3rd Ave.?,1.098901098901099,0.0314677386006073,91,82,9,0,not_evaluated,not_evaluated
So when did you realize you were wavy binary?,1.098901098901099,0.0314677386006073,91,82,9,0,not_evaluated,not_evaluated
"No, you’re right; it is drafty.",1.098901098901099,0.0314677386006073,91,82,9,0,not_evaluated,not_evaluated
Didn’t you star in the film Nope?,1.098901098901099,0.0384528160351961,91,84,5,2,not_evaluated,not_evaluated
Don’t worry. There’s enough hot air being spoken here already.,1.0987654320987654,0.0415922975998099,81,75,4,2,not_evaluated,not_evaluated
I have seen you in hanging out in from of that Swedish car dealership. Have any good Saab stories?,1.0987654320987654,0.0376998308261789,81,74,6,1,not_evaluated,not_evaluated
You’re just blowing hot air at me now!,1.0987654320987654,0.0376998308261789,81,74,6,1,not_evaluated,not_evaluated
Who knows what evil lurks in a dog’s heart. The Shadow knows.,1.0987654320987654,0.0283547755008786,81,74,7,0,not_evaluated,not_evaluated
He's classic Passive/Aggressive,1.0987654320987654,0.0333561878669291,81,73,8,0,not_evaluated,not_evaluated
You dance here often?,1.0987654320987654,0.0376998308261789,81,74,6,1,not_evaluated,not_evaluated
So this is what Prince Charming turns into at midnight,1.0987654320987654,0.0376998308261789,81,74,6,1,not_evaluated,not_evaluated
I guess the American dream is still alive if you’re part of the old boys’ network — you’re telling me you took advantage of inflation to maneuver yourself all the way to the C-suite??,1.0987654320987654,0.0376998308261789,81,74,6,1,not_evaluated,not_evaluated
Elvis would like to ask you for the next dance.,1.0987654320987654,0.0376998308261789,81,74,6,1,not_evaluated,not_evaluated
Someone should really deflate your ego.,1.0987654320987654,0.0376998308261789,81,74,6,1,not_evaluated,not_evaluated
"Go ahead, laugh. It's spelled PEYRONIE'S DISEASE!  Ha, Ha!",1.0987654320987654,0.0415922975998099,81,75,4,2,not_evaluated,not_evaluated
Tough crowd. I thought you could sing.,1.0987654320987654,0.0376998308261789,81,74,6,1,not_evaluated,not_evaluated
"Now that sales are up, will you and Jackie finally go on that cruise?",1.0987654320987654,0.0333561878669291,81,73,8,0,not_evaluated,not_evaluated
I don't recall seeing you here before.,1.0987654320987654,0.0376998308261789,81,74,6,1,not_evaluated,not_evaluated
"So Elaine, What have you been up to since Seinfeld ended?",1.0987654320987654,0.0415922975998099,81,75,4,2,not_evaluated,not_evaluated
Hey girl  ! I don't care what people say I just wanna be who i am,1.0987654320987654,0.0283547755008786,81,74,7,0,not_evaluated,not_evaluated
You haven't stopped dancing since I plugged you in.... What's your problem?,1.0987654320987654,0.0333561878669291,81,73,8,0,not_evaluated,not_evaluated
"See,you can just inflate with air,but I'd need an inflated self confidence to dance like that.",1.0987654320987654,0.0333561878669291,81,73,8,0,not_evaluated,not_evaluated
"I work in a car sales, too!",1.0987654320987654,0.0415922975998099,81,75,4,2,not_evaluated,not_evaluated
"Sorry, I’m not much of a hugger.",1.0987654320987654,0.0333561878669291,81,73,8,0,not_evaluated,not_evaluated
"No, I wouldn't say your being here in the nude is advertising yourself",1.0987654320987654,0.0415922975998099,81,75,4,2,not_evaluated,not_evaluated
I wish I had your easy-breezy attitude.,1.0987654320987654,0.0376998308261789,81,74,6,1,not_evaluated,not_evaluated
Just wave if you're avoiding me.,1.0987654320987654,0.0333561878669291,81,73,8,0,not_evaluated,not_evaluated
I think I saw your sister at a funeral last week. She cannot read a room.,1.0987654320987654,0.0333561878669291,81,73,8,0,not_evaluated,not_evaluated
bend…and snap!,1.0987654320987654,0.0376998308261789,81,74,6,1,not_evaluated,not_evaluated
Skinny dipping?,1.0985915492957747,0.0408901437281721,71,65,5,1,not_evaluated,not_evaluated
And you must be the Director of Public Relations?,1.0985915492957747,0.0356312975793619,71,64,7,0,not_evaluated,not_evaluated
It's great to see you out and having fun since you retired.,1.0985915492957747,0.0408901437281721,71,65,5,1,not_evaluated,not_evaluated
You’re going to need a backbone to make it here.,1.0985915492957747,0.0408901437281721,71,65,5,1,not_evaluated,not_evaluated
"Yes, you look fabulous ... but I keep telling you, I don't care about the outside package ... it's the person INSIDE that I'm in love with.",1.0985915492957747,0.0408901437281721,71,65,5,1,not_evaluated,not_evaluated
Yet another recruiter full of hot air.,1.0985915492957747,0.0356312975793619,71,64,7,0,not_evaluated,not_evaluated
Your look is so breezy! How do you pull it off?,1.0985915492957747,0.0408901437281721,71,65,5,1,not_evaluated,not_evaluated
It’s refreshing to see someone so loose at these kind of shindigs.,1.0985915492957747,0.0356312975793619,71,64,7,0,not_evaluated,not_evaluated
"Grandfather Gumby isn’t very flexible, I know, but I think your hair is fabulous!",1.098360655737705,0.0507049648509815,61,57,2,2,not_evaluated,not_evaluated
I just don't think that you're taking this conversation very seriously.,1.0982142857142858,0.0357845993810043,112,104,5,3,not_evaluated,not_evaluated
Why be such an air-head?,1.0978260869565215,0.0311423784031929,92,83,9,0,not_evaluated,not_evaluated
"Hey, so what happens when the battery runs out?",1.0978260869565215,0.0410672906621043,92,86,3,3,not_evaluated,not_evaluated
Welcome to the 1%.,1.0978260869565215,0.0347669279034979,92,84,7,1,not_evaluated,not_evaluated
The last guy I dated was such an airhead.,1.0978260869565215,0.0347669279034979,92,84,7,1,not_evaluated,not_evaluated
There's no way I'm getting you another drink.,1.0978260869565215,0.0347669279034979,92,84,7,1,not_evaluated,not_evaluated
Disney celebration of laying off wandering characters & the new replacements,1.0975609756097562,0.0372567129671206,82,75,6,1,not_evaluated,not_evaluated
"But I don't need a new muffler, I just need a date for the Oscar party who can dance",1.0975609756097562,0.0372567129671206,82,75,6,1,not_evaluated,not_evaluated
"Ignore them, I say you are enhanced with warm cuddly air.",1.0975609756097562,0.0372567129671206,82,75,6,1,not_evaluated,not_evaluated
Your room or mine?,1.0975609756097562,0.0410995959027184,82,76,4,2,not_evaluated,not_evaluated
"I think we met three years ago, at the Route 27 Autos R Us.",1.0975609756097562,0.0410995959027184,82,76,4,2,not_evaluated,not_evaluated
"I mean, he won't write about you anyway...",1.0975609756097562,0.0372567129671206,82,75,6,1,not_evaluated,not_evaluated
"Girl, vinyl went out with grandma’s records.",1.0975609756097562,0.0372567129671206,82,75,6,1,not_evaluated,not_evaluated
"Sir, we told you last time there’s no dancing whenever you feel like it. We’re going to have ban you from this place for the next thousand and a half years.”
A.K. Burns, Salisbury M",1.0975609756097562,0.0410995959027184,82,76,4,2,not_evaluated,not_evaluated
I don't think you should play charades tonight.,1.0975609756097562,0.0372567129671206,82,75,6,1,not_evaluated,not_evaluated
"What's your sign, baby? Merge? Yield?",1.0975609756097562,0.0329689026032423,82,74,8,0,not_evaluated,not_evaluated
Is MABGIE L. your real name?,1.0975609756097562,0.0329689026032423,82,74,8,0,not_evaluated,not_evaluated
Full of airspiration!,1.0975609756097562,0.0329689026032423,82,74,8,0,not_evaluated,not_evaluated
I'd love to find a partner as unashamed as you to be themselves. Most people are just full of hot air.,1.0975609756097562,0.0329689026032423,82,74,8,0,not_evaluated,not_evaluated
What is your pitch for today?,1.0975609756097562,0.0329689026032423,82,74,8,0,not_evaluated,not_evaluated
"I don't believe it, but the others say you're full of hot air.",1.0975609756097562,0.0372567129671206,82,75,6,1,not_evaluated,not_evaluated
"Contrary to what the DJ said, that's not what Paul McCartney meant by ""we're gonna get hi hi hi"".",1.0975609756097562,0.0372567129671206,82,75,6,1,not_evaluated,not_evaluated
"Girl, who are you wearing, Versace?? Your butt looks fabulous 👌",1.0975609756097562,0.0410995959027184,82,76,4,2,not_evaluated,not_evaluated
"It’s called corporate moral, look it up sweetie!",1.0975609756097562,0.0329689026032423,82,74,8,0,not_evaluated,not_evaluated
I guess this is what happens when you swipe right on a bouncy castle,1.0972222222222223,0.0290682257075202,72,66,6,0,not_evaluated,not_evaluated
It's such an honor to finally meet you! I've admired your work for years. That head pop move just blows my mind! Where did you study?,1.0972222222222223,0.0403414719518496,72,66,5,1,not_evaluated,not_evaluated
There's something in the way you move...attracts me like no other lover....,1.0972222222222223,0.0403414719518496,72,66,5,1,not_evaluated,not_evaluated
I'm a big fan for you,1.0972222222222223,0.0351596082531163,72,65,7,0,not_evaluated,not_evaluated
"I know, I know, you're flexible, you love your work, you have a good job in marketing, but you're a workaholic.  You need to take some time off.",1.0972222222222223,0.0351596082531163,72,65,7,0,not_evaluated,not_evaluated
My husband’s a chiropractor … stiffening that spine shouldn’t be a problem.,1.0972222222222223,0.0351596082531163,72,65,7,0,not_evaluated,not_evaluated
I could use a second wind to get through this cocktail party.,1.0972222222222223,0.0403414719518496,72,66,5,1,not_evaluated,not_evaluated
Watch out!  I'm about to bend over.,1.0972222222222223,0.0403414719518496,72,66,5,1,not_evaluated,not_evaluated
Crazy Bob's Used Cars is the next block over.  This is the grand opening of Lucky Leonard's Casa De Cryptocurrency.,1.0972222222222223,0.0351596082531163,72,65,7,0,not_evaluated,not_evaluated
What d’ya say?  I’m very open-minded about sexual orientation.,1.0972222222222223,0.0403414719518496,72,66,5,1,not_evaluated,not_evaluated
Can I hold you closer tiny air dancer?,1.0972222222222223,0.0403414719518496,72,66,5,1,not_evaluated,not_evaluated
I can't wait to tell my friends that I met Conan O'Brien!,1.0972222222222223,0.0403414719518496,72,66,5,1,not_evaluated,not_evaluated
Where's the dealership?,1.0972222222222223,0.0449296190276652,72,67,3,2,not_evaluated,not_evaluated
Its so refreshing to find someone who actually listens!,1.0972222222222223,0.0403414719518496,72,66,5,1,not_evaluated,not_evaluated
I don't know.  I've never dated a mascot?!,1.0972222222222223,0.0351596082531163,72,65,7,0,not_evaluated,not_evaluated
"But can we still 
go for a walk tonight?",1.096774193548387,0.037651101620759,93,86,5,2,not_evaluated,not_evaluated
Keep it up if it makes you happy but no one is waving back.,1.096774193548387,0.0308236479324487,93,84,9,0,not_evaluated,not_evaluated
"I like the moves, but I dunno perhaps you could expand on your footwork…!",1.096774193548387,0.0378541092928044,62,56,6,0,not_evaluated,not_evaluated
I have always wondered if life is pretty windy at a Car Dealership.,1.096774193548387,0.0308236479324487,93,84,9,0,not_evaluated,not_evaluated
Stop trying to sell me on it; I just don’t dance at these things.,1.096774193548387,0.0308236479324487,93,84,9,0,not_evaluated,not_evaluated
So you’re new here. Are you interested in buying art?,1.096774193548387,0.0308236479324487,93,84,9,0,not_evaluated,not_evaluated
A date who loves a Grand Opening--what's not to love?,1.0963855421686748,0.0368238647055129,83,76,6,1,not_evaluated,not_evaluated
"So that's how you did the Bugaloo! """,1.0963855421686748,0.0368238647055129,83,76,6,1,not_evaluated,not_evaluated
"Sway like you mean it, Baby!",1.0963855421686748,0.0325904687229191,83,75,8,0,not_evaluated,not_evaluated
You Asked for it: You've Got it! Toyota!!,1.0963855421686748,0.0368238647055129,83,76,6,1,not_evaluated,not_evaluated
You certainly know how to be an attention -getter.,1.0963855421686748,0.0406184117380317,83,77,4,2,not_evaluated,not_evaluated
You've come a long way from being just a carrot.,1.0963855421686748,0.0406184117380317,83,77,4,2,not_evaluated,not_evaluated
„I really don’t mind that you‘re taller but you not drinking at all ... that’s a real dealbreaker.“,1.0963855421686748,0.0325904687229191,83,75,8,0,not_evaluated,not_evaluated
"You want me to put my hands? Up on your hips? So that when I dip, you dip? WE dip?",1.0963855421686748,0.0277178695304892,83,76,7,0,not_evaluated,not_evaluated
Do you have your opinions or do you go whichever way the wind is blowing?,1.0963855421686748,0.0368238647055129,83,76,6,1,not_evaluated,not_evaluated
"I hate to break it to you, but that move went out with the '70s.",1.0963855421686748,0.0368238647055129,83,76,6,1,not_evaluated,not_evaluated
So you say you're the brother of that famed car salesman?,1.0963855421686748,0.0368238647055129,83,76,6,1,not_evaluated,not_evaluated
"Sorry, this mixer is for ‘failed’ executives.",1.0963855421686748,0.0325904687229191,83,75,8,0,not_evaluated,not_evaluated
Very nice. Now how about your limbo move.,1.0963855421686748,0.0406184117380317,83,77,4,2,not_evaluated,not_evaluated
We usually only do the wave at baseball games.,1.0963855421686748,0.0368238647055129,83,76,6,1,not_evaluated,not_evaluated
Talking to you is soooo light and breezy,1.0963855421686748,0.0368238647055129,83,76,6,1,not_evaluated,not_evaluated
Your answers  are always  blowing in the wind.,1.0963855421686748,0.0368238647055129,83,76,6,1,not_evaluated,not_evaluated
I admire your dance moves and total gender ambiguity.,1.095890410958904,0.0347001921314398,73,66,7,0,not_evaluated,not_evaluated
I want what you have had.,1.095890410958904,0.0347001921314398,73,66,7,0,not_evaluated,not_evaluated
Lucky for me there was a Grand Opening nearby.,1.095890410958904,0.0398072962880426,73,67,5,1,not_evaluated,not_evaluated
So glad you came. You're what this party needed.,1.095890410958904,0.0398072962880426,73,67,5,1,not_evaluated,not_evaluated
I feel like you keep going back and forth with your stance on the issue.,1.095890410958904,0.0347001921314398,73,66,7,0,not_evaluated,not_evaluated
You're so flexible--How do you do it?,1.095890410958904,0.0347001921314398,73,66,7,0,not_evaluated,not_evaluated
You look great! Who are you wearing?,1.095890410958904,0.0347001921314398,73,66,7,0,not_evaluated,not_evaluated
"Even though you’re made of plastic and dead air, this is the best date I’ve ever been on!",1.095890410958904,0.0398072962880426,73,67,5,1,not_evaluated,not_evaluated
I just love what a free spirit you are.,1.095890410958904,0.0347001921314398,73,66,7,0,not_evaluated,not_evaluated
You are the only person here who understands rigged voting machines.,1.095890410958904,0.0443298809108392,73,68,3,2,not_evaluated,not_evaluated
"Please help me! I’m being held inside the body of a mascot!

C. Tom Howes
507 Valley Road 
Havertown, PA 19083

610-789-3176",1.095890410958904,0.0347001921314398,73,66,7,0,not_evaluated,not_evaluated
Let’s get out of here! I’m getting a little lightheaded myself from this shitty party lol,1.095890410958904,0.0443298809108392,73,68,3,2,not_evaluated,not_evaluated
You're so easy to talk to... let me tell you why Epstein didn't kill himself,1.095890410958904,0.0443298809108392,73,68,3,2,not_evaluated,not_evaluated
I know this is last minute. Thanks for being so flexible.,1.095890410958904,0.0347001921314398,73,66,7,0,not_evaluated,not_evaluated
Can't we just talk?,1.095890410958904,0.0443298809108392,73,68,3,2,not_evaluated,not_evaluated
"Well, I’ll be darned.  I have never been blown-off so fast in my life!",1.095890410958904,0.0347001921314398,73,66,7,0,not_evaluated,not_evaluated
"Great dance moves, but everyone says you’re an airhead.",1.095890410958904,0.0347001921314398,73,66,7,0,not_evaluated,not_evaluated
I'll introduce you to people after AI makes a better boyfriend avatar.,1.095890410958904,0.0347001921314398,73,66,7,0,not_evaluated,not_evaluated
But you are nothing without your air source,1.095890410958904,0.0443298809108392,73,68,3,2,not_evaluated,not_evaluated
"You’re full of hot air.

Gregory Soloway
Weston, CT",1.095890410958904,0.0347001921314398,73,66,7,0,not_evaluated,not_evaluated
Holy fuck! That shit whips ass!,1.095890410958904,0.0347001921314398,73,66,7,0,not_evaluated,not_evaluated
My grandmother was great at the shimmy-shake!,1.095890410958904,0.0347001921314398,73,66,7,0,not_evaluated,not_evaluated
Hopefully no one ask my stand-in how those audits are going.,1.095890410958904,0.0398072962880426,73,67,5,1,not_evaluated,not_evaluated
"You're waving your arms like you just don't care, but I don't believe you…",1.095890410958904,0.0347001921314398,73,66,7,0,not_evaluated,not_evaluated
Everyone thinks I'm an airhead.,1.0957446808510638,0.0340547049919846,94,86,7,1,not_evaluated,not_evaluated
You should really try the mushrooms!,1.0957446808510638,0.0305113476052096,94,85,9,0,not_evaluated,not_evaluated
"I can offer you a job in Chicago""",1.0957446808510638,0.0340547049919846,94,86,7,1,not_evaluated,not_evaluated
We’re so happy that you joined our team. We can really use the help in promoting our new AI chatbot.,1.0952380952380951,0.0322205876812368,84,76,8,0,not_evaluated,not_evaluated
I would think you would have been perfect. I mean the play IS called 'Used Cars.',1.0952380952380951,0.0364009340974807,84,77,6,1,not_evaluated,not_evaluated
"I’d love to dance like that, but like a few others here, I have two feet.",1.0952380952380951,0.0364009340974807,84,77,6,1,not_evaluated,not_evaluated
I met your brother at the car wash. He should play in the NBA.,1.0952380952380951,0.0322205876812368,84,76,8,0,not_evaluated,not_evaluated
I see you studied dance at Big Joe’s Used Cars.,1.0952380952380951,0.0401483466137025,84,78,4,2,not_evaluated,not_evaluated
"He's not a great conversationalist, but he makes up for it with height.",1.0952380952380951,0.0364009340974807,84,77,6,1,not_evaluated,not_evaluated
You're underdressed.,1.0952380952380951,0.0364009340974807,84,77,6,1,not_evaluated,not_evaluated
"Sorry I don’t twerk!
How about mashed potato?",1.0952380952380951,0.0364009340974807,84,77,6,1,not_evaluated,not_evaluated
Your buzz cut stands up so straight! What gel are you using?,1.0952380952380951,0.0364009340974807,84,77,6,1,not_evaluated,not_evaluated
Isn’t the car dealership going to miss you?,1.0952380952380951,0.0322205876812368,84,76,8,0,not_evaluated,not_evaluated
Your hot air is so much more uplifting than theirs!,1.0952380952380951,0.0364009340974807,84,77,6,1,not_evaluated,not_evaluated
You attracted me  to come here in a very strange and erotic way.,1.0952380952380951,0.0322205876812368,84,76,8,0,not_evaluated,not_evaluated
How did you get inside?,1.0952380952380951,0.0364009340974807,84,77,6,1,not_evaluated,not_evaluated
"But, honey, just because you don’t drink, there’s no sense getting into a flap if  I have a teensy glass of wine!",1.0952380952380951,0.0364009340974807,84,77,6,1,not_evaluated,not_evaluated
How did it happen to you? Who did it? Tell me,1.0952380952380951,0.0322205876812368,84,76,8,0,not_evaluated,not_evaluated
"I normally find guys who are full of hot air a turn off,but somehow it works for you.",1.0952380952380951,0.0364009340974807,84,77,6,1,not_evaluated,not_evaluated
"I get it, you just don't care.",1.0952380952380951,0.0364009340974807,84,77,6,1,not_evaluated,not_evaluated
Tonight everyone I've talked to seems like a bag of wind.,1.0952380952380951,0.0322205876812368,84,76,8,0,not_evaluated,not_evaluated
How are always SO care free?,1.0952380952380951,0.0322205876812368,84,76,8,0,not_evaluated,not_evaluated
You’re always first to react to the economic tailwinds. What’s your secret?,1.0952380952380951,0.0322205876812368,84,78,5,1,not_evaluated,not_evaluated
"'You're that happy from just a little blow?""",1.0952380952380951,0.0491311385306281,63,59,2,2,not_evaluated,not_evaluated
"Excuse me sir, but this is a black tie event.",1.0952380952380951,0.0364009340974807,84,77,6,1,not_evaluated,not_evaluated
Elaine's back at it,1.0952380952380951,0.0364009340974807,84,77,6,1,not_evaluated,not_evaluated
"Okay, hot chick. You’ve got my attention.",1.0947368421052632,0.0302052857240613,95,86,9,0,not_evaluated,not_evaluated
It's so refreshing to see a man who loves to dance.,1.0947368421052632,0.0337093970786436,95,87,7,1,not_evaluated,not_evaluated
The answer my friend  is blowin’ in the wind!,1.0945945945945943,0.0437459213475927,74,69,3,2,not_evaluated,not_evaluated
Don’t you ever get tired of dancing?,1.0945945945945943,0.0392870511441644,74,68,5,1,not_evaluated,not_evaluated
Would you like to hang out later?,1.0945945945945943,0.0392870511441644,74,68,5,1,not_evaluated,not_evaluated
Want to blow off this place?,1.0945945945945943,0.034252578598678,74,67,7,0,not_evaluated,not_evaluated
"Little Fido Dido, all grown up!",1.0945945945945943,0.034252578598678,74,67,7,0,not_evaluated,not_evaluated
It's really impressive how you don't need any stimulant to have such an ethereal presence.,1.0945945945945943,0.034252578598678,74,67,7,0,not_evaluated,not_evaluated
I need a flexible free and Breezy pro Relationship !,1.0945945945945943,0.0392870511441644,74,68,5,1,not_evaluated,not_evaluated
It's ok. a lot of us need our fans to help us feel alive.,1.0945945945945943,0.0392870511441644,74,68,5,1,not_evaluated,not_evaluated
"Welcome to our cocktail party to introduce the model for the character change suggested by our Artificial Intelligence software: bad boy Bart Simpson re-imagined as a gentle, tall, stalk of asparagus.",1.0945945945945943,0.034252578598678,74,67,7,0,not_evaluated,not_evaluated
"I know I am not an extrovert like you,but we could still dance the light fantastic!",1.0945945945945943,0.0392870511441644,74,68,5,1,not_evaluated,not_evaluated
"Believe me, nothing is that exciting…

Lauren Keyson, NY, NY 10023",1.0945945945945943,0.0392870511441644,74,68,5,1,not_evaluated,not_evaluated
Have you ever tried to moonwalk?,1.0945945945945943,0.034252578598678,74,67,7,0,not_evaluated,not_evaluated
It’s just more of a fusilli vibe than your last look.,1.0945945945945943,0.0392870511441644,74,68,5,1,not_evaluated,not_evaluated
"I get that you’re an influencer, but what do you do?",1.0945945945945943,0.034252578598678,74,67,7,0,not_evaluated,not_evaluated
Do you think it's too late for me to start agility classes?,1.0945945945945943,0.034252578598678,74,67,7,0,not_evaluated,not_evaluated
Where have you been all my life?,1.0945945945945943,0.0392870511441644,74,68,5,1,not_evaluated,not_evaluated
"Feel the beat, let go of your worries, and dance like nobody's watching - because your appearance doesn't matter!",1.0945945945945943,0.0392870511441644,74,68,5,1,not_evaluated,not_evaluated
"OK, I admit you are pretty good, but I would not quit your day job if I were you.",1.0945945945945943,0.0392870511441644,74,68,5,1,not_evaluated,not_evaluated
"Hey cutie, want to do the dance?",1.0945945945945943,0.034252578598678,74,67,7,0,not_evaluated,not_evaluated
Forget about learning how to tango.,1.0945945945945943,0.0392870511441644,74,68,5,1,not_evaluated,not_evaluated
"Oh, it's so rare to find someone so flexible, nowadays!",1.0945945945945943,0.0392870511441644,74,68,5,1,not_evaluated,not_evaluated
My confidence on the dance floor comes from me being my own biggest fan,1.0945945945945943,0.0437459213475927,74,69,3,2,not_evaluated,not_evaluated
"Cool moves you got there, where did you learn?",1.0945945945945943,0.0392870511441644,74,68,5,1,not_evaluated,not_evaluated
No need a cure cause i already have you,1.0945945945945943,0.034252578598678,74,67,7,0,not_evaluated,not_evaluated
Put you on display?  Never!,1.0941176470588236,0.0318589741358272,85,77,8,0,not_evaluated,not_evaluated
"It’s so nice to finally chat with someone “real” for a change. 

Or


It’s nice to finally meet someone who has embraced just what God gave them without Ozempic or synthetics.",1.0941176470588236,0.0396890201771618,85,79,4,2,not_evaluated,not_evaluated
Do you do windows?,1.0941176470588236,0.0396890201771618,85,79,4,2,not_evaluated,not_evaluated
What a relief to move from Wikileaks to the real thing!,1.0941176470588236,0.0359875850510316,85,78,6,1,not_evaluated,not_evaluated
It's okay you can't do the boxstep.,1.0941176470588236,0.0318589741358272,85,77,8,0,not_evaluated,not_evaluated
"And Debbie said, “Oh my god! You’re dating that car dealer model!  He’s absolutely everywhere!”.",1.0941176470588236,0.0318589741358272,85,77,8,0,not_evaluated,not_evaluated
I had a windy day at work.,1.0941176470588236,0.0396890201771618,85,79,4,2,not_evaluated,not_evaluated
"Yes, but I was looking for the USED car lot.",1.0941176470588236,0.0359875850510316,85,78,6,1,not_evaluated,not_evaluated
You've got moves! Want to dance?,1.0941176470588236,0.0318589741358272,85,77,8,0,not_evaluated,not_evaluated
Why are you dancing? The music hasn't started.,1.0941176470588236,0.0318589741358272,85,77,8,0,not_evaluated,not_evaluated
"What is this, a disco rave?",1.0941176470588236,0.0318589741358272,85,77,8,0,not_evaluated,not_evaluated
"Dance for me, French Fry.",1.0941176470588236,0.0359875850510316,85,78,6,1,not_evaluated,not_evaluated
How long did you live in Aspen?,1.09375,0.0367231032120626,64,58,6,0,not_evaluated,not_evaluated
"You’ve definitely got the moves, girl!",1.09375,0.0367231032120626,64,58,6,0,not_evaluated,not_evaluated
Have you even met a bigger blowhard?,1.09375,0.0333710039331868,96,88,7,1,not_evaluated,not_evaluated
How flexible is your schedule?,1.09375,0.0429490169335173,64,59,4,1,not_evaluated,not_evaluated
You've got a great pointy ass. But look. Nobody cares!,1.09375,0.0429490169335173,64,59,4,1,not_evaluated,not_evaluated
"Show-off, all the vents are closed!

Ike, West Lebanon, NH",1.0933333333333333,0.0387801998950999,75,69,5,1,not_evaluated,not_evaluated
"Didn't we wave to each other at Hollywood and Vine?""",1.0933333333333333,0.0338163206683332,75,68,7,0,not_evaluated,not_evaluated
"Most partygoers are so full of hot air, but without talking you stay so cool, a trait of a good listener.",1.0933333333333333,0.0338163206683332,75,68,7,0,not_evaluated,not_evaluated
Criticism is sposed to be hard; how do keep so cock sure?,1.0933333333333333,0.0387801998950999,75,69,5,1,not_evaluated,not_evaluated
I understand you've gone public and cashed out your options?,1.0933333333333333,0.0338163206683332,75,68,7,0,not_evaluated,not_evaluated
"My last boyfriend - now, he was a REAL windbag!",1.0933333333333333,0.0387801998950999,75,69,5,1,not_evaluated,not_evaluated
I just feel that you've lost your edge somehow.,1.0933333333333333,0.0338163206683332,75,68,7,0,not_evaluated,not_evaluated
"Now I know where I've seen you. Big Al's Discount Auto Mall, right?",1.0933333333333333,0.0338163206683332,75,68,7,0,not_evaluated,not_evaluated
"I may be just a puffed up man, but I can still move like Jagger.",1.0933333333333333,0.0387801998950999,75,69,5,1,not_evaluated,not_evaluated
Are you looking whichever way I'm looking?,1.0933333333333333,0.0338163206683332,75,68,7,0,not_evaluated,not_evaluated
Hi there”  “I’m the guy that asked them to turn on the wind machine,1.0933333333333333,0.0338163206683332,75,68,7,0,not_evaluated,not_evaluated
We’re both WOKE. For real.,1.0933333333333333,0.0279854101842939,75,69,6,0,not_evaluated,not_evaluated
Inflate here often ?,1.0933333333333333,0.0387801998950999,75,69,5,1,not_evaluated,not_evaluated
The service here has me flapped too.,1.0933333333333333,0.0338163206683332,75,68,7,0,not_evaluated,not_evaluated
It’s gorgeous now… but what happens if the power goes out?,1.0933333333333333,0.0338163206683332,75,68,7,0,not_evaluated,not_evaluated
"I haven't ever dated anyone quite like you before.   I guess since you seem flexible enough to consider me however, I should do the same.",1.0933333333333333,0.0338163206683332,75,68,7,0,not_evaluated,not_evaluated
Did you notice how some people just suck the air right out of the room?,1.0933333333333333,0.0338163206683332,75,68,7,0,not_evaluated,not_evaluated
"When you're not full of hot air,, how tall are you?",1.0933333333333333,0.0338163206683332,75,68,7,0,not_evaluated,not_evaluated
You’re several breaths of fresh air,1.0933333333333333,0.0387801998950999,75,69,5,1,not_evaluated,not_evaluated
"Hi, Madam, Sir, It, What,Them - or are you just Blimp?",1.0933333333333333,0.0387801998950999,75,69,5,1,not_evaluated,not_evaluated
It's not as if you're the only one here full of hot air.,1.0933333333333333,0.0338163206683332,75,68,7,0,not_evaluated,not_evaluated
Hod did you get by without following the dress code?,1.0933333333333333,0.0338163206683332,75,68,7,0,not_evaluated,not_evaluated
Enough with the surface impressions.,1.0933333333333333,0.0338163206683332,75,68,7,0,not_evaluated,not_evaluated
"Wow, your carefree attitude, whimsical personality, unpredictable moves, and the fact that you are 8'7"" all make you a perfect candidate for an NBA center!",1.0933333333333333,0.0338163206683332,75,68,7,0,not_evaluated,not_evaluated
And you call it the car wash grand opening?,1.0930232558139534,0.0392400691968422,86,80,4,2,not_evaluated,not_evaluated
The New Yorker hasn't been the same since their headquarters were move to Stamford,1.0930232558139534,0.0315053552295152,86,78,8,0,not_evaluated,not_evaluated
I could never do what you do.  I'm not very limber.,1.0930232558139534,0.0355834964464631,86,79,6,1,not_evaluated,not_evaluated
"And then, this life-sized, plastic horse fell straight through my windshield! Hey, are you even listening?",1.0930232558139534,0.0315053552295152,86,78,8,0,not_evaluated,not_evaluated
"Are you coming on to me, or is this just hot air?""",1.0930232558139534,0.0355834964464631,86,79,6,1,not_evaluated,not_evaluated
"I know, right? These people are so full of airs.",1.0930232558139534,0.0315053552295152,86,78,8,0,not_evaluated,not_evaluated
Does this sheathe make my butt look obtuse?,1.0930232558139534,0.0315053552295152,86,78,8,0,not_evaluated,not_evaluated
What's not to love about a crudité platter with a glass of wine?,1.0930232558139534,0.0355834964464631,86,79,6,1,not_evaluated,not_evaluated
You are the best A.I. boyfriend yet.,1.0930232558139534,0.0355834964464631,86,79,6,1,not_evaluated,not_evaluated
Dancing on the street to draw men into your business is so beneath you.,1.0930232558139534,0.0355834964464631,86,79,6,1,not_evaluated,not_evaluated
‘So YOU’RE the rookie bringing us these fresh accounts’ ‘It me!’,1.0930232558139534,0.0315053552295152,86,78,8,0,not_evaluated,not_evaluated
Some people just naturally go with the flow,1.0930232558139534,0.0315053552295152,86,78,8,0,not_evaluated,not_evaluated
Party of two and a half,1.092783505154639,0.0296111476625672,97,88,9,0,not_evaluated,not_evaluated
Leo DiCaprio would like to meet you.,1.0923076923076922,0.0476519680513994,65,61,2,2,not_evaluated,not_evaluated
So what did you do before you were a dancer?,1.0923076923076922,0.0361824763888976,65,59,6,0,not_evaluated,not_evaluated
"Oh, Hotty Noughty come on let's joint with  idiots""",1.0923076923076922,0.0361824763888976,65,59,6,0,not_evaluated,not_evaluated
"Is, Waterfalls, the only song you can dance to?",1.0921052631578947,0.0382862330575354,76,70,5,1,not_evaluated,not_evaluated
It is nice to unwind after a long day of work.,1.0921052631578947,0.0333909935274987,76,69,7,0,not_evaluated,not_evaluated
I feel like I've known you all my life.,1.0921052631578947,0.0382862330575354,76,70,5,1,not_evaluated,not_evaluated
You're such a lightweight,1.0921052631578947,0.0382862330575354,76,70,5,1,not_evaluated,not_evaluated
"Your Minimalism is so refreshing - I agree, everything must go!",1.0921052631578947,0.0382862330575354,76,70,5,1,not_evaluated,not_evaluated
I don't think mercantilism is completely dead.  Do you?,1.0921052631578947,0.0333909935274987,76,69,7,0,not_evaluated,not_evaluated
I understand your problem with gas but this outfit is just not working here!,1.0921052631578947,0.0333909935274987,76,69,7,0,not_evaluated,not_evaluated
"So you like dancing, huh?",1.0921052631578947,0.0382862330575354,76,70,5,1,not_evaluated,not_evaluated
But I don’t have a car!,1.0921052631578947,0.0333909935274987,76,69,7,0,not_evaluated,not_evaluated
"You sure know how to dance,where do you learn those fancy moves?",1.0921052631578947,0.0382862330575354,76,70,5,1,not_evaluated,not_evaluated
"I'm so sorry doctor, I didn't mean to make assumptions.",1.0921052631578947,0.0382862330575354,76,70,5,1,not_evaluated,not_evaluated
Blow this party or dance like it’s $19.99?,1.0921052631578947,0.0382862330575354,76,70,5,1,not_evaluated,not_evaluated
Who farted?,1.0921052631578947,0.0382862330575354,76,70,5,1,not_evaluated,not_evaluated
"As soon as I saw you, I knew I was going to have a Special Day!",1.0921052631578947,0.0333909935274987,76,69,7,0,not_evaluated,not_evaluated
I thought your new job didn't start 'til Thursday.,1.0921052631578947,0.0333909935274987,76,69,7,0,not_evaluated,not_evaluated
How do you pee?,1.0921052631578947,0.0333909935274987,76,69,7,0,not_evaluated,not_evaluated
Sure you're all wiggley and jiggley now but what will you be like when the party is over?,1.0921052631578947,0.0333909935274987,76,69,7,0,not_evaluated,not_evaluated
i don't understand -- why won't you tell me how you identify?,1.0921052631578947,0.0382862330575354,76,70,5,1,not_evaluated,not_evaluated
"I told them I had time to do the decorations, but this is what we got.",1.0921052631578947,0.0382862330575354,76,70,5,1,not_evaluated,not_evaluated
I bet it was at the used car lot.,1.0921052631578947,0.0382862330575354,76,70,5,1,not_evaluated,not_evaluated
"I know you're flexible, but honestly you're not my type.",1.0921052631578947,0.0333909935274987,76,69,7,0,not_evaluated,not_evaluated
Don't make a scene.,1.0921052631578947,0.0333909935274987,76,69,7,0,not_evaluated,not_evaluated
"In a room full of stuffy suits, he was a breath of fresh air. Fresh, hot, sexy, deafening air.",1.0921052631578947,0.0333909935274987,76,69,7,0,not_evaluated,not_evaluated
What's your car brand?,1.0921052631578947,0.0333909935274987,76,69,7,0,not_evaluated,not_evaluated
"You dance very well, but the batteries in your fan are not sustainable.",1.0921052631578947,0.0382862330575354,76,70,5,1,not_evaluated,not_evaluated
Didn’t we meet the other day at the car wash?,1.0921052631578947,0.0333909935274987,76,69,7,0,not_evaluated,not_evaluated
"How's work been?""
""It's a breeze!",1.0921052631578947,0.0382862330575354,76,70,5,1,not_evaluated,not_evaluated
Peyronie! how are you. Long time no see,1.0921052631578947,0.0382862330575354,76,70,5,1,not_evaluated,not_evaluated
I appreciate your flexibility!,1.0921052631578947,0.0333909935274987,76,69,7,0,not_evaluated,not_evaluated
Do you always have to draw attention to yourself!,1.0921052631578947,0.0333909935274987,76,69,7,0,not_evaluated,not_evaluated
Would you do me a favor?,1.0921052631578947,0.0333909935274987,76,69,7,0,not_evaluated,not_evaluated
The Twist went out with button shoes.,1.0921052631578947,0.0382862330575354,76,70,5,1,not_evaluated,not_evaluated
"So you wave, they wave back and after a glass or two, they put on the tube!",1.0921052631578947,0.0333909935274987,76,69,7,0,not_evaluated,not_evaluated
"Who said, people in marketing are full of hot air?",1.0921052631578947,0.0382862330575354,76,70,5,1,not_evaluated,not_evaluated
I see you still have that swing in your hips.,1.0921052631578947,0.0333909935274987,76,69,7,0,not_evaluated,not_evaluated
You wanna get out of here and go hang out by the car wash?,1.091954022988506,0.0311594699190543,87,79,8,0,not_evaluated,not_evaluated
It's so nice to finally meet a person of substance at one of these events!,1.091954022988506,0.0351883613144799,87,80,6,1,not_evaluated,not_evaluated
You must do a lot of yoga to be so flexible.,1.091954022988506,0.0388011466114124,87,81,4,2,not_evaluated,not_evaluated
You’re twerking is so New York City elegante!,1.091954022988506,0.0388011466114124,87,81,4,2,not_evaluated,not_evaluated
"Where did you get that great sunburn?



Oh well, I guess they ran. out of maraschino cherries





,",1.091954022988506,0.0311594699190543,87,79,8,0,not_evaluated,not_evaluated
Looking for a new band member. Would you like to blow my trumpet?,1.091954022988506,0.0388011466114124,87,81,4,2,not_evaluated,not_evaluated
You’re really good at dancing,1.091954022988506,0.0311594699190543,87,79,8,0,not_evaluated,not_evaluated
Do you wiggle here often?,1.0918367346938775,0.029322724176663,98,89,9,0,not_evaluated,not_evaluated
Can’t you take you mind off what you did at work?,1.0918367346938775,0.029322724176663,98,89,9,0,not_evaluated,not_evaluated
"Don't forget, I'm the one who brought you in.",1.0918367346938775,0.0357855980052069,98,91,5,2,not_evaluated,not_evaluated
Do you feel a breeze?,1.0918367346938775,0.029322724176663,98,89,9,0,not_evaluated,not_evaluated
Why waiver on such an important issue?,1.0909090909090908,0.0378046666002046,77,71,5,1,not_evaluated,not_evaluated
"So, how many cars has your dealership sold this year?",1.0909090909090908,0.0308210683464004,88,80,8,0,not_evaluated,not_evaluated
The MOMA's induction banquet after a slow year,1.0909090909090908,0.0378046666002046,77,71,5,1,not_evaluated,not_evaluated
I guess I don't need to ask if you're having fun yet.,1.0909090909090908,0.0329761931868187,77,70,7,0,not_evaluated,not_evaluated
So what part of the world is your family from again?,1.0909090909090908,0.0329761931868187,77,70,7,0,not_evaluated,not_evaluated
"For a guy who works at a dealership, you’re pretty flexible.",1.0909090909090908,0.0329761931868187,77,70,7,0,not_evaluated,not_evaluated
Baby…at least put some clothes on!!,1.0909090909090908,0.0329761931868187,77,70,7,0,not_evaluated,not_evaluated
"So, after your success in car sales, do you think you can work your magic in fine arts?",1.0909090909090908,0.0420827318078432,77,72,3,2,not_evaluated,not_evaluated
"So, you DON'T need to dance with somebody?",1.0909090909090908,0.0329761931868187,77,70,7,0,not_evaluated,not_evaluated
But what are your pronouns?,1.0909090909090908,0.0323953020499908,99,91,7,1,not_evaluated,not_evaluated
Your body moves are perfect but you need to improve your foot work.,1.0909090909090908,0.0323953020499908,99,91,7,1,not_evaluated,not_evaluated
Pilates or yoga?,1.0909090909090908,0.0329761931868187,77,70,7,0,not_evaluated,not_evaluated
I've always wondered when You would make it onto the dance floor. How many drinks did it take for you to loosen up & dance so creatively? Who are You here with & can I join this dance?,1.0909090909090908,0.0329761931868187,77,70,7,0,not_evaluated,not_evaluated
Do I measure up.,1.0909090909090908,0.0378046666002046,77,71,5,1,not_evaluated,not_evaluated
"Dahling!  We love you, but you just seem to blow in the wind!",1.0909090909090908,0.0416852046068006,66,61,4,1,not_evaluated,not_evaluated
It’s giving “spring sale.”,1.0909090909090908,0.0378046666002046,77,71,5,1,not_evaluated,not_evaluated
But can you shake it like Shakira?,1.0909090909090908,0.0329761931868187,77,70,7,0,not_evaluated,not_evaluated
"What's your secret, car salesperson of the year?",1.0909090909090908,0.0329761931868187,77,70,7,0,not_evaluated,not_evaluated
I think we met at the Buy-R-Mattresses opening.,1.0909090909090908,0.0378046666002046,77,71,5,1,not_evaluated,not_evaluated
you are so full of hot air.. gotta love you,1.0909090909090908,0.0329761931868187,77,70,7,0,not_evaluated,not_evaluated
You're the non-living life of the party.,1.0909090909090908,0.0329761931868187,77,70,7,0,not_evaluated,not_evaluated
I finally found someone on the same wavelength.,1.0909090909090908,0.0329761931868187,77,70,7,0,not_evaluated,not_evaluated
They say you're nothing but hot air...,1.0909090909090908,0.0416852046068006,66,61,4,1,not_evaluated,not_evaluated
So you just go where the wind takes you?,1.0909090909090908,0.0329761931868187,77,70,7,0,not_evaluated,not_evaluated
Who is your stylist?,1.0909090909090908,0.0308210683464004,88,80,8,0,not_evaluated,not_evaluated
To be honest I hated you at the tire store but love your moves on the dance floor.,1.0909090909090908,0.0348018860676716,88,81,6,1,not_evaluated,not_evaluated
"Let me guess, you're on that Ozempic?",1.0909090909090908,0.0354344275838634,99,92,5,2,not_evaluated,not_evaluated
Desi Arnez meets Chiquita Banana,1.0909090909090908,0.0383719206415434,88,82,4,2,not_evaluated,not_evaluated
"Yeah I don’t need a drink to loosen up, I just go with the flow",1.0909090909090908,0.0356574791160335,66,60,6,0,not_evaluated,not_evaluated
"‘I’d originally intended on other plans…but seeing you were here, I just had to stop by.’",1.0909090909090908,0.0329761931868187,77,70,7,0,not_evaluated,not_evaluated
You are the best company ever found at this party,1.0909090909090908,0.0416852046068006,66,61,4,1,not_evaluated,not_evaluated
It appears you see nothing wrong with a little bump and grind.,1.0909090909090908,0.0329761931868187,77,72,4,1,not_evaluated,not_evaluated
"After seeing this month’s numbers, I expected you be a bit more deflated.",1.0909090909090908,0.0329761931868187,77,70,7,0,not_evaluated,not_evaluated
Dancing can’t always be the answer,1.0909090909090908,0.0329761931868187,77,70,7,0,not_evaluated,not_evaluated
"But today is Thursday, not Wednesday. .",1.0909090909090908,0.0378046666002046,77,71,5,1,not_evaluated,not_evaluated
And they say *I’m* full of hot air,1.0909090909090908,0.0356574791160335,66,60,6,0,not_evaluated,not_evaluated
I find your abstract arm and hand placement delightfully evocative of the Balanchine method.,1.09,0.0320825954263822,100,92,7,1,not_evaluated,not_evaluated
Your devil -may- care attitude is delightful. What are you like when you,1.0898876404494382,0.0344237897813664,89,82,6,1,not_evaluated,not_evaluated
"Dear supple Venus of mine !
I know there’s a bit more of bend in you
Perhaps even a curve or two……",1.0898876404494382,0.0304899112494367,89,81,8,0,not_evaluated,not_evaluated
"Be careful, some jerk is about to suck the air out of the room!",1.0898876404494382,0.0304899112494367,89,81,8,0,not_evaluated,not_evaluated
Where are the other hors d’oeuvres?,1.0897435897435896,0.0373350403784312,78,72,5,1,not_evaluated,not_evaluated
Can you give my husband some dancing lessons!,1.0897435897435896,0.0325715352272311,78,71,7,0,not_evaluated,not_evaluated
"Your assertion, that your elongated physique is not from natural selection but from dancing is being viewed as a bit of stretch.",1.0897435897435896,0.0415560533864733,78,73,3,2,not_evaluated,not_evaluated
I bought that pickup because of you.,1.0897435897435896,0.0415560533864733,78,73,3,2,not_evaluated,not_evaluated
The wind is my partner.,1.0897435897435896,0.0325715352272311,78,71,7,0,not_evaluated,not_evaluated
It's really inspiring how you're just always doing your own thing.,1.0897435897435896,0.0373350403784312,78,72,5,1,not_evaluated,not_evaluated
"There's always too much hot air at these parties, right?",1.0897435897435896,0.0269797067081616,78,72,6,0,not_evaluated,not_evaluated
"Nothing to see here, I'm just havin' fun.",1.0897435897435896,0.0325715352272311,78,71,7,0,not_evaluated,not_evaluated
Who knew mattresses could be so exciting! But what about this extended warranty? Do I really need it?,1.0897435897435896,0.0325715352272311,78,71,7,0,not_evaluated,not_evaluated
"You really never stop dancing do you?
Nope.",1.0897435897435896,0.0325715352272311,78,71,7,0,not_evaluated,not_evaluated
I think your just a lot of hot air,1.0897435897435896,0.0373350403784312,78,72,5,1,not_evaluated,not_evaluated
Don’t embarrass me. It’s three days until Hawaii.,1.0897435897435896,0.0325715352272311,78,71,7,0,not_evaluated,not_evaluated
"Yes, orange is a good color for you.",1.0897435897435896,0.0373350403784312,78,72,5,1,not_evaluated,not_evaluated
You are full of hot air!,1.0897435897435896,0.0373350403784312,78,72,5,1,not_evaluated,not_evaluated
"I understand,whatever blows your hair back.",1.0897435897435896,0.0325715352272311,78,71,7,0,not_evaluated,not_evaluated
"You know, last time I dated an inflatable I didn’t felt the love in the air...",1.0897435897435896,0.0325715352272311,78,71,7,0,not_evaluated,not_evaluated
You’re in advertising and you also guard the galaxy!,1.0897435897435896,0.0373350403784312,78,72,5,1,not_evaluated,not_evaluated
Wow!   The seventies all over again!,1.0897435897435896,0.0325715352272311,78,71,7,0,not_evaluated,not_evaluated
"Inflation, schmlation!",1.0897435897435896,0.0373350403784312,78,72,5,1,not_evaluated,not_evaluated
"You should  audition to be a Rockette. 
I'm sure you'll blow past the others.",1.0897435897435896,0.0415560533864733,78,73,3,2,not_evaluated,not_evaluated
"Honestly, I thought my boss was just blowing a lot of hot air!",1.0897435897435896,0.0325715352272311,78,71,7,0,not_evaluated,not_evaluated
So where did you fly off to after Cal Worthington's Chevrolet?,1.0897435897435896,0.0325715352272311,78,71,7,0,not_evaluated,not_evaluated
"So, did you say you were a Senior Sales Executive in the Auto industry?",1.0897435897435896,0.0325715352272311,78,71,7,0,not_evaluated,not_evaluated
I was obviously wrong to think you'd feel out of place.,1.0897435897435896,0.0325715352272311,78,71,7,0,not_evaluated,not_evaluated
I really admire your ability to dance like no one’s watching even though I’m standing right here talking to you.,1.0897435897435896,0.0373350403784312,78,72,5,1,not_evaluated,not_evaluated
Are all dancers full of hot air?,1.0897435897435896,0.0325715352272311,78,71,7,0,not_evaluated,not_evaluated
Care to get outta here and find someplace windy for you to unwind,1.0897435897435896,0.0325715352272311,78,71,7,0,not_evaluated,not_evaluated
You look familiar—are you sure we haven't met before?,1.0897435897435896,0.0325715352272311,78,71,7,0,not_evaluated,not_evaluated
I can’t figure out how to do The Floss either,1.0897435897435896,0.0325715352272311,78,71,7,0,not_evaluated,not_evaluated
This is my best party trick,1.0897435897435896,0.0325715352272311,78,71,7,0,not_evaluated,not_evaluated
I’ve been told it’s good for business to attend influencer mixers.,1.0897435897435896,0.0373350403784312,78,72,5,1,not_evaluated,not_evaluated
"When men exercise their reason coolly and freely on a variety of distinct questions, they inevitably fall into different opinions on some of them",1.0897435897435896,0.0325715352272311,78,71,7,0,not_evaluated,not_evaluated
"With a body like that, no wonder everyone loves you",1.0897435897435896,0.0325715352272311,78,71,7,0,not_evaluated,not_evaluated
How do you stay in such great shape?,1.0895522388059702,0.0351474459891142,67,61,6,0,not_evaluated,not_evaluated
One more dance and let’s hit the car wash.,1.0895522388059702,0.0351474459891142,67,61,6,0,not_evaluated,not_evaluated
"Whoever you’re wearing, it really grabs your attention!",1.0895522388059702,0.0351474459891142,67,61,6,0,not_evaluated,not_evaluated
So... Tell me your pronouns.,1.0895522388059702,0.0351474459891142,67,61,6,0,not_evaluated,not_evaluated
I need more than a whichever way the wind blows commitment from you”,1.0895522388059702,0.0410807375047149,67,62,4,1,not_evaluated,not_evaluated
Do youwant to make a TicToc with me?,1.0895522388059702,0.0410807375047149,67,62,4,1,not_evaluated,not_evaluated
I was told you might have a lead on a hood used car,1.0895522388059702,0.0351474459891142,67,61,6,0,not_evaluated,not_evaluated
"Okay! You’ve got my attention. Sheesh, you’re worse than my four year old!",1.0895522388059702,0.0410807375047149,67,62,4,1,not_evaluated,not_evaluated
Are you flexible or just blowing air up my ass?,1.0895522388059702,0.0351474459891142,67,61,6,0,not_evaluated,not_evaluated
"I wish I didn’t still care, when I throw my arms in the air",1.0895522388059702,0.0351474459891142,67,61,6,0,not_evaluated,not_evaluated
I wish I could be less uptight and more of a free spirit like you at these events. You are definitely in your element here. What’s your secret?,1.0888888888888888,0.0340538035202145,90,83,6,1,not_evaluated,not_evaluated
"My friend said you were just full of hot air, but you're nice.",1.0886075949367089,0.0368769166824679,79,73,5,1,not_evaluated,not_evaluated
"Look it, he worked at a used car lot.",1.0886075949367089,0.0368769166824679,79,73,5,1,not_evaluated,not_evaluated
"It's called Ozempic, you should try it!",1.0886075949367089,0.0368769166824679,79,73,5,1,not_evaluated,not_evaluated
I'm okay with Saturday but what if there's a blackout?,1.0886075949367089,0.0410423796682014,79,74,3,2,not_evaluated,not_evaluated
"Get down
They're gunning for your type.",1.0886075949367089,0.0321766536355565,79,72,7,0,not_evaluated,not_evaluated
Wow! I'm into salsa too!,1.0886075949367089,0.0368769166824679,79,73,5,1,not_evaluated,not_evaluated
Does pointing your ass mean that you want me yo look over there ?,1.0886075949367089,0.0321766536355565,79,72,7,0,not_evaluated,not_evaluated
"You dance with such a light, fluid motion.",1.0886075949367089,0.0368769166824679,79,73,5,1,not_evaluated,not_evaluated
You look happier after the company did your blow job.,1.0886075949367089,0.0410423796682014,79,74,3,2,not_evaluated,not_evaluated
"You look like a very relaxed dancer, can i have the next one?",1.0886075949367089,0.0321766536355565,79,72,7,0,not_evaluated,not_evaluated
"Actually, I do pretty well for a carrot top, but I do have trouble with the two-step.",1.0886075949367089,0.0368769166824679,79,73,5,1,not_evaluated,not_evaluated
I wouldn't have noticed if you hadn't pointed it out.,1.0886075949367089,0.0368769166824679,79,73,5,1,not_evaluated,not_evaluated
Are you blowing my way,1.0886075949367089,0.0321766536355565,79,72,7,0,not_evaluated,not_evaluated
Republican Caucus Learning the Trump Shuffle Dance from Trump Hot Air Representative,1.0886075949367089,0.0368769166824679,79,73,5,1,not_evaluated,not_evaluated
I see the Bupropion is working,1.0886075949367089,0.0321766536355565,79,72,7,0,not_evaluated,not_evaluated
I''m not nearly so happy after I swallow someone.,1.0886075949367089,0.0368769166824679,79,73,5,1,not_evaluated,not_evaluated
"Oh yeah, I saw this on my Insta, The Used Car Shuffle, right?",1.0886075949367089,0.0321766536355565,79,72,7,0,not_evaluated,not_evaluated
I love your latest look Sam Smith,1.0886075949367089,0.0321766536355565,79,72,7,0,not_evaluated,not_evaluated
"Applaud the attempt at trying to fit in Jenny, teach me your ways will ya 😌",1.0886075949367089,0.0368769166824679,79,73,5,1,not_evaluated,not_evaluated
Good thing the ribbon cutting got canceled huh?,1.0886075949367089,0.0321766536355565,79,72,7,0,not_evaluated,not_evaluated
"Honey, you need to learn to mingle without drawing too much attention to yourself.",1.0886075949367089,0.0368769166824679,79,73,5,1,not_evaluated,not_evaluated
Are you the hot air I've read about?,1.088235294117647,0.0404935210766684,68,63,4,1,not_evaluated,not_evaluated
You're the expert — what kind of car should I buy?,1.088235294117647,0.034651748677552,68,62,6,0,not_evaluated,not_evaluated
"No, I don't think you're just trying to call attention to yourself.",1.088235294117647,0.034651748677552,68,62,6,0,not_evaluated,not_evaluated
It’s very refreshing to meet someone who’s so flexible in 2023!,1.088235294117647,0.034651748677552,68,62,6,0,not_evaluated,not_evaluated
We all love you so much!,1.088235294117647,0.034651748677552,68,62,6,0,not_evaluated,not_evaluated
And what do you do when you're not selling cars?,1.088235294117647,0.034651748677552,68,62,6,0,not_evaluated,not_evaluated
Something tells me that you used to be straight.,1.088235294117647,0.0404935210766684,68,63,4,1,not_evaluated,not_evaluated
Your company is a burst of fresh air on the Street.,1.088235294117647,0.0404935210766684,68,63,4,1,not_evaluated,not_evaluated
Are you still dancing the jerk?,1.0879120879120878,0.0336916697071558,91,84,6,1,not_evaluated,not_evaluated
"Woman: ""You’re not like other girls. The way you move is inspiring really. You just go with the flow. How do you do it?""
Inflatable tube woman: **Silence**
Woman: ""Wow that’s amazing""",1.0879120879120878,0.0298484231318145,91,83,8,0,not_evaluated,not_evaluated
You're a really good dancer.,1.0875,0.0364298788901276,80,74,5,1,not_evaluated,not_evaluated
Your dance moves first caught my eye in front of BMW on 11th.,1.0875,0.0364298788901276,80,74,5,1,not_evaluated,not_evaluated
"Nowadays inflation is the elephant in the room, don't you think?",1.0875,0.0364298788901276,80,74,5,1,not_evaluated,not_evaluated
Finally! A different kind of ghost.,1.0875,0.0317911997217285,80,73,7,0,not_evaluated,not_evaluated
"I said meet me and the gals, 
not Met Gala.",1.0875,0.0364298788901276,80,74,5,1,not_evaluated,not_evaluated
The Future is Plastics,1.0875,0.0317911997217285,80,73,7,0,not_evaluated,not_evaluated
You look so free and liberated!,1.0875,0.0317911997217285,80,73,7,0,not_evaluated,not_evaluated
I don’t know how to sky dance.,1.0875,0.0317911997217285,80,73,7,0,not_evaluated,not_evaluated
I love that pose!,1.0875,0.0364298788901276,80,74,5,1,not_evaluated,not_evaluated
"Long time no see, how are the wife and kids?",1.0875,0.0317911997217285,80,73,7,0,not_evaluated,not_evaluated
"You're right, men don't care about what's inside.",1.0875,0.0364298788901276,80,74,5,1,not_evaluated,not_evaluated
"You got my attention, but can you dance?",1.0875,0.0364298788901276,80,74,5,1,not_evaluated,not_evaluated
"Tell me, who does your hair?",1.0875,0.0317911997217285,80,73,7,0,not_evaluated,not_evaluated
"So blithely on the day
of your cat's death?",1.0875,0.0364298788901276,80,74,5,1,not_evaluated,not_evaluated
"So, is Paul Chan here?",1.0875,0.0317911997217285,80,73,7,0,not_evaluated,not_evaluated
How did you learn to twist like that?,1.0875,0.0317911997217285,80,73,7,0,not_evaluated,not_evaluated
Don't think you can just blow your way to the top.,1.0875,0.0317911997217285,80,73,7,0,not_evaluated,not_evaluated
"We are glad that you are here.  Go near my husband again
and I'll deflate you.",1.0875,0.0317911997217285,80,73,7,0,not_evaluated,not_evaluated
You looked pumped up!  Wanna dance?,1.0875,0.0317911997217285,80,73,7,0,not_evaluated,not_evaluated
"You're the asshole who sold me that fucking lemon, aren't you.",1.0875,0.0317911997217285,80,73,7,0,not_evaluated,not_evaluated
I like your motto: air it out.,1.0875,0.0317911997217285,80,73,7,0,not_evaluated,not_evaluated
"Congrats on your ""Most recognized figure in Advertising"" award!",1.0875,0.0405412354541878,80,75,3,2,not_evaluated,not_evaluated
Love your carefree attitude but I worry it can come off as a bit air-headed,1.0875,0.0364298788901276,80,74,5,1,not_evaluated,not_evaluated
"You love me, you really-really love me.",1.0875,0.0317911997217285,80,73,7,0,not_evaluated,not_evaluated
"So…which
car dealership do you work in front of?",1.0869565217391304,0.0341697933910163,69,63,6,0,not_evaluated,not_evaluated
"You don’t say much, but you sure have all the right moves.",1.0869565217391304,0.0341697933910163,69,63,6,0,not_evaluated,not_evaluated
"As your agent, I promise you will never have to perform at a another Stinker's Bargain Outlet lot ever again.",1.0869565217391304,0.0399228285557309,69,64,4,1,not_evaluated,not_evaluated
Let's blow this dive and give it a whirl.,1.0869565217391304,0.0341697933910163,69,63,6,0,not_evaluated,not_evaluated
If you want to dance I can open a window.,1.0869565217391304,0.0341697933910163,69,63,6,0,not_evaluated,not_evaluated
"'Which ever way the wind blows' is not a mission statement I can throw my support behind, Gusty.",1.0869565217391304,0.0341697933910163,69,63,6,0,not_evaluated,not_evaluated
Wipe my ass.,1.0869565217391304,0.0399228285557309,69,64,4,1,not_evaluated,not_evaluated
Do you blow through here often?,1.0869565217391304,0.0341697933910163,69,63,6,0,not_evaluated,not_evaluated
Does anybody here look like they wanna dance with somebody?,1.0869565217391304,0.0399228285557309,69,64,4,1,not_evaluated,not_evaluated
"It does look like fun, but I just can't go to one more 
dance class",1.0869565217391304,0.0399228285557309,69,64,4,1,not_evaluated,not_evaluated
"Maybe you've had enough to drink, John.",1.0869565217391304,0.0341697933910163,69,63,6,0,not_evaluated,not_evaluated
"Most people can’t tell, but my great grandmother was a giant inflatable tube, so I get it.",1.0869565217391304,0.0263903034202993,115,107,7,1,not_evaluated,not_evaluated
You're always the biggest windbag,1.0864197530864197,0.0260432384070728,81,75,6,0,not_evaluated,not_evaluated
"Oh, fuck!",1.0864197530864197,0.0314148411111098,81,74,7,0,not_evaluated,not_evaluated
But you promised this one would be a slow dance!,1.0864197530864197,0.0359935302150944,81,75,5,1,not_evaluated,not_evaluated
"Yes, your Fabulous and everyone knows it",1.0864197530864197,0.0359935302150944,81,75,5,1,not_evaluated,not_evaluated
"Is this what you meant when you said ""That's what it's all about.""",1.0864197530864197,0.0314148411111098,81,74,7,0,not_evaluated,not_evaluated
My Cutiepie,1.0864197530864197,0.0314148411111098,81,74,7,0,not_evaluated,not_evaluated
"So, that's how you twerk?",1.0864197530864197,0.0359935302150944,81,75,5,1,not_evaluated,not_evaluated
Don’t you think your femininity is a little over inflated?,1.0864197530864197,0.0359935302150944,81,75,5,1,not_evaluated,not_evaluated
"Ooh, a mattress sale at a singles bar. Cheeky.",1.0864197530864197,0.0359935302150944,81,75,5,1,not_evaluated,not_evaluated
When you said you dance like the wind you never mentioned a special costume rental.,1.0864197530864197,0.0400521683889094,81,76,3,2,not_evaluated,not_evaluated
Don't fill me with hot air.. just be honest,1.0864197530864197,0.0359935302150944,81,75,5,1,not_evaluated,not_evaluated
He’s a Shadow Boxer,1.0857142857142856,0.0337010185496908,70,64,6,0,not_evaluated,not_evaluated
You should have thought twice before swiping right.,1.0857142857142856,0.0393679733569667,70,65,4,1,not_evaluated,not_evaluated
It's refreshing to meet someone who is not full of hot air.,1.0857142857142856,0.0337010185496908,70,64,6,0,not_evaluated,not_evaluated
"I saw you on the street, but wasn’t sure if you recognized me.",1.0857142857142856,0.0393679733569667,70,65,4,1,not_evaluated,not_evaluated
"Wowsa. Who's your HIVAC, sweetie?",1.0857142857142856,0.0393679733569667,70,65,4,1,not_evaluated,not_evaluated
I love a man who owns his fakeness.,1.0857142857142856,0.0337010185496908,70,64,6,0,not_evaluated,not_evaluated
I just love how your dress flows!,1.0857142857142856,0.0337010185496908,70,64,6,0,not_evaluated,not_evaluated
Hi Windee. May I have the next dance?,1.0857142857142856,0.0393679733569667,70,65,4,1,not_evaluated,not_evaluated
It’s not a line; I think you’d stop traffic.,1.0857142857142856,0.0337010185496908,70,64,6,0,not_evaluated,not_evaluated
You must tell me the name of your chiropractor,1.0857142857142856,0.0393679733569667,70,65,4,1,not_evaluated,not_evaluated
"If you're not going to say anything,can you at least point out the food?",1.0857142857142856,0.0337010185496908,70,64,6,0,not_evaluated,not_evaluated
I have a vegan girlfriend.  Can you help?,1.0857142857142856,0.0443160918988022,70,66,2,2,not_evaluated,not_evaluated
I love being above it all!,1.0857142857142856,0.0337010185496908,70,64,6,0,not_evaluated,not_evaluated
There's a Memorial Day sale on dance lessons.,1.0857142857142856,0.0337010185496908,70,64,6,0,not_evaluated,not_evaluated
So you’d rather keep dancing than get to know me?,1.0857142857142856,0.0337010185496908,70,64,6,0,not_evaluated,not_evaluated
No really! What political party are you from!,1.0853658536585369,0.0310472608059338,82,75,7,0,not_evaluated,not_evaluated
"So I says to Mabel, I says...",1.0853658536585369,0.0355674925431075,82,76,5,1,not_evaluated,not_evaluated
I take it your a good dancer,1.0853658536585369,0.0310472608059338,82,75,7,0,not_evaluated,not_evaluated
"What do you want, you don't follow the dress code?",1.0853658536585369,0.0355674925431075,82,76,5,1,not_evaluated,not_evaluated
You're so joyful and optimistic. Did you drink before arriving?,1.0853658536585369,0.0310472608059338,82,75,7,0,not_evaluated,not_evaluated
That's it. You get it.  Tall is good.,1.0853658536585369,0.0355674925431075,82,76,5,1,not_evaluated,not_evaluated
You seem a little wishy washy on the facts congressman.,1.0853658536585369,0.0310472608059338,82,75,7,0,not_evaluated,not_evaluated
A plant based dancer to boot”,1.0853658536585369,0.0310472608059338,82,75,7,0,not_evaluated,not_evaluated
I’m feeling myself.,1.0853658536585369,0.0355674925431075,82,76,5,1,not_evaluated,not_evaluated
I’ve always been a wallflower too.,1.0853658536585369,0.0310472608059338,82,75,7,0,not_evaluated,not_evaluated
"Kim, is that you?",1.0853658536585369,0.0355674925431075,82,76,5,1,not_evaluated,not_evaluated
Why is no one else dancing ?,1.0853658536585369,0.0395747476057187,82,77,3,2,not_evaluated,not_evaluated
Do you prefer red or white?,1.0853658536585369,0.0310472608059338,82,75,7,0,not_evaluated,not_evaluated
"Oh you’re a tube man, sorry I misheard you.",1.0853658536585369,0.0310472608059338,82,75,7,0,not_evaluated,not_evaluated
Sneaking into the Chiropractor Convention.,1.0853658536585369,0.0355674925431075,82,76,5,1,not_evaluated,not_evaluated
I bet you used to live in FL too.,1.0845070422535212,0.0437041400837325,71,67,2,2,not_evaluated,not_evaluated
"So tell me, as the public face of your company, are you on the air a lot?",1.0845070422535212,0.0332448926395538,71,65,6,0,not_evaluated,not_evaluated
I just figured out the secret of your nonstop energy: I never see you eating or drinking.,1.0845070422535212,0.038828306343916,71,66,4,1,not_evaluated,not_evaluated
"Used car sales mascot of the year and all you get is a stuffed aardvark trophy?  I'd offer you some champagne but you'd just fling it everywhere. I recommend that you never sit on a waterbed. Anyway, I have to say no. I have a foot fetish. Burrrrrrp!",1.0845070422535212,0.038828306343916,71,66,4,1,not_evaluated,not_evaluated
No one is dancing right now.  Could you knock it off?,1.0845070422535212,0.038828306343916,71,66,4,1,not_evaluated,not_evaluated
All that twerking fills you with hot air!,1.0845070422535212,0.0332448926395538,71,65,6,0,not_evaluated,not_evaluated
"Yes, of course you easily qualify for 'With the Stars.'""",1.0845070422535212,0.038828306343916,71,66,4,1,not_evaluated,not_evaluated
"Heidi Klum, you have got to stop wearing your Halloween Costume.",1.0845070422535212,0.0332448926395538,71,65,6,0,not_evaluated,not_evaluated
Low low prices you say? But where!?,1.0845070422535212,0.038828306343916,71,66,4,1,not_evaluated,not_evaluated
I'm surprised you're not a blowhard like so many of the guests.,1.0845070422535212,0.038828306343916,71,66,4,1,not_evaluated,not_evaluated
"I usually don’t talk to my dates much, inflatable or otherwise.",1.0845070422535212,0.038828306343916,71,66,4,1,not_evaluated,not_evaluated
Oh my gosh! You’re like totally tubular!,1.0845070422535212,0.0332448926395538,71,65,6,0,not_evaluated,not_evaluated
You’re so fun and outgoing. What’s your secret?,1.0845070422535212,0.0332448926395538,71,65,6,0,not_evaluated,not_evaluated
They call it the 'Twist'..! I think it'll be all the 'rage' man..!,1.0845070422535212,0.0332448926395538,71,65,6,0,not_evaluated,not_evaluated
"Yes, you have many moves but are full of air",1.0845070422535212,0.0332448926395538,71,65,6,0,not_evaluated,not_evaluated
"I do yoga, too, but I don’t flaunt my flexibility at parties.",1.0845070422535212,0.038828306343916,71,66,4,1,not_evaluated,not_evaluated
You have my attention !,1.0845070422535212,0.0332448926395538,71,65,6,0,not_evaluated,not_evaluated
"Didn't I see you on ""Dancing with the Stars"" ?",1.0845070422535212,0.0332448926395538,71,65,6,0,not_evaluated,not_evaluated
Is there any way I can sway you for a dance?,1.0845070422535212,0.0332448926395538,71,65,6,0,not_evaluated,not_evaluated
Can you dance the two-step?,1.0845070422535212,0.038828306343916,71,66,4,1,not_evaluated,not_evaluated
I think I’m flailing in love with you.,1.0845070422535212,0.0332448926395538,71,65,6,0,not_evaluated,not_evaluated
Wow you are wacky.,1.0845070422535212,0.0332448926395538,71,65,6,0,not_evaluated,not_evaluated
"Wow, Sandra, being lost in the wind really suits you.",1.0843373493975903,0.0306881563104382,83,76,7,0,not_evaluated,not_evaluated
On the one hand - I worry about having an over inflated sense of self. On the other - social awareness just comes so easily to me.,1.0843373493975903,0.0306881563104382,83,76,7,0,not_evaluated,not_evaluated
You have the drip—you do you.,1.0843373493975903,0.0306881563104382,83,76,7,0,not_evaluated,not_evaluated
"Cute, but no-one really cares",1.0843373493975903,0.0351514053489222,83,77,5,1,not_evaluated,not_evaluated
Interesting. What else do you do?,1.0843373493975903,0.0306881563104382,83,76,7,0,not_evaluated,not_evaluated
"yes … but even in the event of power failure I can still socialize
  and … DANCE!",1.0843373493975903,0.0351514053489222,83,77,5,1,not_evaluated,not_evaluated
You invented the arm waving dance move? I don't buy it.,1.0843373493975903,0.0351514053489222,83,79,2,2,not_evaluated,not_evaluated
You are so carefree here. What's your secret?,1.0843373493975903,0.0351514053489222,83,77,5,1,not_evaluated,not_evaluated
I COME TO YOU BECAUSEYOU ARE MORE REASONBLE THAN THE OTHERS,1.0843373493975903,0.0306881563104382,83,76,7,0,not_evaluated,not_evaluated
you look lovely my dear!,1.0843373493975903,0.0306881563104382,83,76,7,0,not_evaluated,not_evaluated
It said black-tie optional.,1.0843373493975903,0.0351514053489222,83,77,5,1,not_evaluated,not_evaluated
"Inflation IS a scary costume, but isn’t it April?",1.0843373493975903,0.0351514053489222,83,77,5,1,not_evaluated,not_evaluated
you vs the guy she tells you not to worry about,1.0843373493975903,0.0306881563104382,83,76,7,0,not_evaluated,not_evaluated
"It's better you came alone tonight. 
You know they're just full of hot air!",1.0842105263157895,0.0323168728001061,95,88,6,1,not_evaluated,not_evaluated
The party's not really clothing optional but it works.,1.0833333333333333,0.0328009122358735,72,66,6,0,not_evaluated,not_evaluated
"I don't know, there's just something about you...",1.0833333333333333,0.0347449246876021,84,78,5,1,not_evaluated,not_evaluated
Please stop acting like a jerk.,1.0833333333333333,0.0328009122358735,72,66,6,0,not_evaluated,not_evaluated
How do you keep rhythm when there is no music?,1.0833333333333333,0.0328009122358735,72,66,6,0,not_evaluated,not_evaluated
I could go that way,1.0833333333333333,0.0383032133147434,72,67,4,1,not_evaluated,not_evaluated
How 80's,1.0833333333333333,0.0328009122358735,72,66,6,0,not_evaluated,not_evaluated
"I am Not royalty, so would you please stop bowing.",1.0833333333333333,0.0303372388147352,84,77,7,0,not_evaluated,not_evaluated
"I asked but the don’t carry a 10,000 btu shot of AC.",1.0833333333333333,0.0347449246876021,84,78,5,1,not_evaluated,not_evaluated
"Hey I am Gabe, what's your pronouns?",1.0833333333333333,0.0328009122358735,72,66,6,0,not_evaluated,not_evaluated
So...... why won't you dance with me?,1.0833333333333333,0.0328009122358735,72,66,6,0,not_evaluated,not_evaluated
"And for a small fee, we can furnish you with an unlimited supply of hot air.",1.0833333333333333,0.0328009122358735,72,66,6,0,not_evaluated,not_evaluated
"We've met before, at the used car lot.",1.0833333333333333,0.0383032133147434,72,67,4,1,not_evaluated,not_evaluated
You have got to show me some of those moves some time,1.0833333333333333,0.0303372388147352,84,77,7,0,not_evaluated,not_evaluated
Your moves are breathtaking!,1.0833333333333333,0.0303372388147352,84,77,7,0,not_evaluated,not_evaluated
"Do we have to imagine you happy, dancing in place forever?",1.0833333333333333,0.0303372388147352,84,77,7,0,not_evaluated,not_evaluated
"hi, yes, i am indeed a real human who invests money in useless things normal humans invest in. you can tell from my totally not fraudulent investment portfolio written by a human (who is me)",1.0833333333333333,0.0383032133147434,72,67,4,1,not_evaluated,not_evaluated
How do you expect us to dance together when you can’t do the steps?,1.0833333333333333,0.0328009122358735,72,66,6,0,not_evaluated,not_evaluated
"It's OK, everyone breaks wind.",1.0833333333333333,0.0328009122358735,72,66,6,0,not_evaluated,not_evaluated
You are so spineless.,1.0833333333333333,0.0328009122358735,72,66,6,0,not_evaluated,not_evaluated
"I think they were talking about Annie as the windbag,  she would just not stop about her Candy Crush high score.",1.0833333333333333,0.0303372388147352,84,77,7,0,not_evaluated,not_evaluated
So how long have you worked at Honda?,1.0833333333333333,0.0383032133147434,72,67,4,1,not_evaluated,not_evaluated
Are you new in town?,1.0833333333333333,0.0431088443009553,72,68,2,2,not_evaluated,not_evaluated
"I think the new hair cut looks great!  And the wavy arms will attract a lot attention, too, right?  That's the idea, right? Right?",1.0833333333333333,0.0383032133147434,72,67,4,1,not_evaluated,not_evaluated
"At the Wrexham promotion after party, Ryan Reynolds cuts loose",1.0833333333333333,0.0383032133147434,72,67,4,1,not_evaluated,not_evaluated
Is the DJ that bad that they had to procure your talent?,1.0833333333333333,0.0383032133147434,72,67,4,1,not_evaluated,not_evaluated
Want to dance the Macarena one more time before you run out of air?,1.0833333333333333,0.0328009122358735,72,66,6,0,not_evaluated,not_evaluated
Dance with me. Won’t you dance with me.,1.0833333333333333,0.0328009122358735,72,66,6,0,not_evaluated,not_evaluated
Exactly! You get what I'm saying.,1.0833333333333333,0.0383032133147434,72,67,4,1,not_evaluated,not_evaluated
Refreshing to talk to you instead of all listening to all those windbags over there.,1.0833333333333333,0.0328009122358735,72,66,6,0,not_evaluated,not_evaluated
"These Things Gotta Happen Every 5 Years Or So, 10 Years. Helps To Get Rid Of The Bad Blood.",1.0823529411764703,0.0299942324328987,85,78,7,0,not_evaluated,not_evaluated
"You know, we're made for each other. I'm a huge fan!",1.0823529411764703,0.034347722254273,85,79,5,1,not_evaluated,not_evaluated
"Please, stop facing the music!",1.0823529411764703,0.034347722254273,85,79,5,1,not_evaluated,not_evaluated
Why do you have to blow everything out of proportion?,1.0823529411764703,0.034347722254273,85,79,5,1,not_evaluated,not_evaluated
"One owner, low mileage AND easy financing.  I'm in.",1.082191780821918,0.0323686001798123,73,67,6,0,not_evaluated,not_evaluated
You're just so animated and I love you sense of purpose,1.082191780821918,0.0323686001798123,73,67,6,0,not_evaluated,not_evaluated
I’m only socializing with you to make my ex jealous.”,1.082191780821918,0.0323686001798123,73,67,6,0,not_evaluated,not_evaluated
"I'd ask you if you want wine and cheese, but I'll stick to wine.",1.082191780821918,0.0377921126877781,73,68,4,1,not_evaluated,not_evaluated
They said you were full of hot air but boy were they wrong!,1.082191780821918,0.0425295342698564,73,69,2,2,not_evaluated,not_evaluated
Finally! Someone that will listen.,1.082191780821918,0.0323686001798123,73,67,6,0,not_evaluated,not_evaluated
Lovely funeral  didn’t you think?,1.082191780821918,0.0323686001798123,73,67,6,0,not_evaluated,not_evaluated
There's this website you should check out.....bentcarrot....,1.082191780821918,0.0425295342698564,73,69,2,2,not_evaluated,not_evaluated
"I find you charming, not sure why everyone says you're full of hot air.",1.082191780821918,0.0323686001798123,73,67,6,0,not_evaluated,not_evaluated
Jedi think you’re filled with hot air,1.082191780821918,0.0323686001798123,73,67,6,0,not_evaluated,not_evaluated
I told you this isn't a Flapper themed party!,1.082191780821918,0.0377921126877781,73,68,4,1,not_evaluated,not_evaluated
"So, how’s the dealership going?",1.082191780821918,0.0323686001798123,73,67,6,0,not_evaluated,not_evaluated
"Say something,I feel like I'm flailing!",1.082191780821918,0.0323686001798123,73,67,6,0,not_evaluated,not_evaluated
Will you put me on your dance card?,1.082191780821918,0.0323686001798123,73,67,6,0,not_evaluated,not_evaluated
So you made a bunch of money in car sales?,1.082191780821918,0.0377921126877781,73,68,4,1,not_evaluated,not_evaluated
Socialize the way YOU socialize,1.082191780821918,0.0323686001798123,73,67,6,0,not_evaluated,not_evaluated
Has anyone ever mentioned the concept of “toxic positivity” to you?,1.082191780821918,0.0425295342698564,73,69,2,2,not_evaluated,not_evaluated
They're really pushing the hors-d'œuvres this year...,1.082191780821918,0.0323686001798123,73,67,6,0,not_evaluated,not_evaluated
I assume you work in crypto.,1.0819672131147542,0.0354138835978571,61,56,5,0,not_evaluated,not_evaluated
But there’s no emoji for that.,1.0813953488372092,0.029658873491137,86,79,7,0,not_evaluated,not_evaluated
I've never seen anyone so happy about having a flat butt.,1.0813953488372092,0.029658873491137,86,79,7,0,not_evaluated,not_evaluated
"You know they’re just blowing smoke, right?",1.0813953488372092,0.0339594845069942,86,80,5,1,not_evaluated,not_evaluated
You ever get the feeling that everyone at these parties are just crying out for attention?,1.0813953488372092,0.029658873491137,86,79,7,0,not_evaluated,not_evaluated
You say your new diet med has no side effects?,1.0810810810810811,0.0319475038945644,74,68,6,0,not_evaluated,not_evaluated
"No, I haven’t yet tried the bean dip. Why do you ask?",1.0810810810810811,0.0319475038945644,74,68,6,0,not_evaluated,not_evaluated
Shall we rumba?,1.0810810810810811,0.0372944533682796,74,69,4,1,not_evaluated,not_evaluated
"I was thinking of wearing that same thing,but I wanted to come out of my shell!",1.0810810810810811,0.0372944533682796,74,69,4,1,not_evaluated,not_evaluated
"I must say, congrats. You're the only one at our 10-year high school reunion who really blew up.",1.0810810810810811,0.0255031323203177,74,69,5,0,not_evaluated,not_evaluated
What's your secret for getting excited about parties?,1.0810810810810811,0.0319475038945644,74,68,6,0,not_evaluated,not_evaluated
"Really, I'm trying to meet you half way but I've never danced the boogie on stilts before.",1.0810810810810811,0.0372944533682796,74,69,4,1,not_evaluated,not_evaluated
At least it’s not awkward for you to break wind in social situations.,1.0810810810810811,0.0372944533682796,74,69,4,1,not_evaluated,not_evaluated
"So you got the moves, but have you got the touch?",1.0810810810810811,0.0372944533682796,74,69,4,1,not_evaluated,not_evaluated
Don’t try to blow me off … you ARE full of hot air!,1.0810810810810811,0.0319475038945644,74,68,6,0,not_evaluated,not_evaluated
So do you play air guitar or,1.0810810810810811,0.0319475038945644,74,68,6,0,not_evaluated,not_evaluated
So nice to meet you. Would you like to share a pronoun together?,1.0810810810810811,0.0372944533682796,74,69,4,1,not_evaluated,not_evaluated
So how did you get started in sales?”,1.0810810810810811,0.0372944533682796,74,69,4,1,not_evaluated,not_evaluated
You really are the life of the party.,1.0810810810810811,0.0319475038945644,74,68,6,0,not_evaluated,not_evaluated
You've been our influencer since those early days at the discount tire center.,1.0810810810810811,0.0319475038945644,74,68,6,0,not_evaluated,not_evaluated
She'll beat us all. And she's not American!,1.0810810810810811,0.0319475038945644,74,68,6,0,not_evaluated,not_evaluated
"If you really want to dance, you can't just stand there and wave your arms. You have to move your feet.",1.0810810810810811,0.0319475038945644,74,68,6,0,not_evaluated,not_evaluated
"I'm a used car salesperson, what is your opinion on the lack of  'Tallboys', or whatever the failing inflatable tube people are.",1.0810810810810811,0.0319475038945644,74,68,6,0,not_evaluated,not_evaluated
Hello! ? You seem light on your foot.,1.0810810810810811,0.0372944533682796,74,69,4,1,not_evaluated,not_evaluated
"Your always dancing""",1.0810810810810811,0.0372944533682796,74,69,4,1,not_evaluated,not_evaluated
I said grand tour. Not grand opening.,1.0810810810810811,0.0372944533682796,74,69,4,1,not_evaluated,not_evaluated
I did put i was looking for a tall man in my profile.,1.0810810810810811,0.0319475038945644,74,68,6,0,not_evaluated,not_evaluated
Ozempic makes you taller too!,1.0810810810810811,0.0319475038945644,74,68,6,0,not_evaluated,not_evaluated
So you did your undergrad in arts?,1.0810810810810811,0.0372944533682796,74,69,4,1,not_evaluated,not_evaluated
"You were right about this place all along,
I wish I would have stopped in sooner!",1.0806451612903225,0.0348630856611412,62,57,5,0,not_evaluated,not_evaluated
I’ve had it up to here with this inflation.,1.0806451612903225,0.0417642846411701,62,58,3,1,not_evaluated,not_evaluated
I've never wanted to buy a used car more!,1.0804597701149423,0.0373486102294667,87,82,3,2,not_evaluated,not_evaluated
You seem pretty confident that inflation isn't a problem.,1.0804597701149423,0.0335799118478696,87,81,5,1,not_evaluated,not_evaluated
And where are you from?,1.0804597701149423,0.0335799118478696,87,81,5,1,not_evaluated,not_evaluated
I thought I’d dress up for the occasion!,1.0804597701149423,0.0293309098622725,87,80,7,0,not_evaluated,not_evaluated
Well you're a breath of fresh air!,1.0804597701149423,0.0335799118478696,87,81,5,1,not_evaluated,not_evaluated
I also go with the flow.,1.08,0.0315371938287887,75,69,6,0,not_evaluated,not_evaluated
"You rise. You wriggle. And probably get more fleeting glances than our charmers.""",1.08,0.0368097127801203,75,70,4,1,not_evaluated,not_evaluated
No way! I also got tired of working the streets!,1.08,0.0315371938287887,75,69,6,0,not_evaluated,not_evaluated
I can’t  believe she invited that wind bag.,1.08,0.0315371938287887,75,69,6,0,not_evaluated,not_evaluated
Wow! I can't believe this cost 30% of our authorized budget and it does literally nothing.,1.08,0.0368097127801203,75,70,4,1,not_evaluated,not_evaluated
You are quite the breezy conversationalist.,1.08,0.0368097127801203,75,70,4,1,not_evaluated,not_evaluated
And they say I'm filled with hot air!,1.08,0.0368097127801203,75,70,4,1,not_evaluated,not_evaluated
So you really don’t have any strong ideas then,1.08,0.0368097127801203,75,70,4,1,not_evaluated,not_evaluated
"You must be an American, you move as if you 'ave not a care of the world.",1.08,0.0368097127801203,75,70,4,1,not_evaluated,not_evaluated
Everybody else here is full of hot air.,1.08,0.0315371938287887,75,69,6,0,not_evaluated,not_evaluated
Seriously? You're #47 on the Youtube influencers list?,1.08,0.0368097127801203,75,70,4,1,not_evaluated,not_evaluated
How did you know Bill? Gone too soon.,1.08,0.0368097127801203,75,70,4,1,not_evaluated,not_evaluated
"I've seen you moving around town a lot, but we've never had a chance to really meet...",1.08,0.0315371938287887,75,69,6,0,not_evaluated,not_evaluated
You talk with such an inflated sense of self.,1.08,0.027265992434429,100,92,8,0,not_evaluated,not_evaluated
"I'd prefer next week, but I'm flexible.",1.08,0.0368097127801203,75,70,4,1,not_evaluated,not_evaluated
"It's wine monocles,not beer goggles,if I am inflating your ego!",1.08,0.0368097127801203,75,70,4,1,not_evaluated,not_evaluated
"you have a certain… quality. you could be great in advertising. i’ll leave you my card, give me a ring and we’ll set something up.",1.08,0.0315371938287887,75,69,6,0,not_evaluated,not_evaluated
Would you like to buy a mattress? Everything must go!,1.08,0.0315371938287887,75,69,6,0,not_evaluated,not_evaluated
"When I said to make sure you show your best face, this is NOT what I meant.",1.08,0.0315371938287887,75,69,6,0,not_evaluated,not_evaluated
How do you do it Sally? I don't know anyone who is invited to openings as often as you are!,1.08,0.0368097127801203,75,70,4,1,not_evaluated,not_evaluated
So what is your opinion on legalized marijuana?,1.0795454545454546,0.0290101003430714,88,81,7,0,not_evaluated,not_evaluated
"Stormy, you said $500 for the night. What is this bill I got $130,000?",1.0795454545454546,0.0290101003430714,88,81,7,0,not_evaluated,not_evaluated
What about it? Maybe we can bond  and you can teach me some of your moves.,1.0795454545454546,0.0332087178579478,88,82,5,1,not_evaluated,not_evaluated
Inflation is a big topic these days.  We are here to burst your bubble.,1.0795454545454546,0.0332087178579478,88,82,5,1,not_evaluated,not_evaluated
No need to feel embarrassed.  Nearly everyone here is full of hot air.,1.0795454545454546,0.0332087178579478,88,82,5,1,not_evaluated,not_evaluated
I think you will shape up to our society.,1.0793650793650793,0.0343291147810788,63,58,5,0,not_evaluated,not_evaluated
You should have avoided all those vitamins.,1.0793650793650793,0.0411159444954116,63,59,3,1,not_evaluated,not_evaluated
I’ve admired your work since the 1996 Olympics.,1.0793650793650793,0.0343291147810788,63,58,5,0,not_evaluated,not_evaluated
it is even better than the moondance or the twist. can you teach me?,1.0789473684210529,0.0311372620163137,76,70,6,0,not_evaluated,not_evaluated
"Well, thank you. I did lose some weight.",1.0789473684210529,0.0311372620163137,76,70,6,0,not_evaluated,not_evaluated
"Yes, but can you Pirouette?",1.0789473684210529,0.0311372620163137,76,70,6,0,not_evaluated,not_evaluated
"I saw your brother at a competing dealership yesterday, how's the work-life balance?",1.0789473684210529,0.0363373950477333,76,71,4,1,not_evaluated,not_evaluated
No one else is dancing. Can't you stop long enough to have a drink with me?,1.0789473684210529,0.0311372620163137,76,70,6,0,not_evaluated,not_evaluated
This old thing? I only wear this when I don't care WHAT I look like!,1.0789473684210529,0.0363373950477333,76,71,4,1,not_evaluated,not_evaluated
April 15th has come and gone lady!,1.0789473684210529,0.0363373950477333,76,71,4,1,not_evaluated,not_evaluated
-I also dance when I drunk,1.0789473684210529,0.0311372620163137,76,70,6,0,not_evaluated,not_evaluated
Androgens and wind energy hook up on the roof.,1.0789473684210529,0.0408813340271264,76,72,2,2,not_evaluated,not_evaluated
"So, aren't you worried that AI is going to take all our jobs?",1.0789473684210529,0.0311372620163137,76,70,6,0,not_evaluated,not_evaluated
"Tucker, you seem a little deflated ?",1.0789473684210529,0.0363373950477333,76,71,4,1,not_evaluated,not_evaluated
I don't understand what a used car has to do with this song.,1.0789473684210529,0.0248727138223821,76,71,5,0,not_evaluated,not_evaluated
Show me what you got,1.0789473684210529,0.0363373950477333,76,71,4,1,not_evaluated,not_evaluated
Tell me more about this car on sale.,1.0786516853932584,0.0328456285818458,89,83,5,1,not_evaluated,not_evaluated
So you're not just a bag of hot air.,1.0786516853932584,0.0286962140712566,89,82,7,0,not_evaluated,not_evaluated
I’m like you. I prefer to wear flats to parties so I can dance.,1.0786516853932584,0.0286962140712566,89,82,7,0,not_evaluated,not_evaluated
Can you calm down? You’re always looking for attention.,1.078125,0.0338112135937552,64,59,5,0,not_evaluated,not_evaluated
How do you like your new job on Wall Street?,1.078125,0.0404874043464666,64,60,3,1,not_evaluated,not_evaluated
You're at the wrong party for those Rush Limbaugh impressions,1.078125,0.0338112135937552,64,59,5,0,not_evaluated,not_evaluated
"It's such fun, Mariah, to see your dance moves you do to that song about you ... and the wind they named after you!",1.078125,0.0338112135937552,64,59,5,0,not_evaluated,not_evaluated
"Oh, how I could dance if only had legs.",1.078125,0.0338112135937552,64,59,5,0,not_evaluated,not_evaluated
I wasn't asking you to dance with me; I just want you to advertise outside my business.,1.078125,0.0338112135937552,64,59,5,0,not_evaluated,not_evaluated
"Finally we get to meet you, Chat GPT.",1.077922077922078,0.030747320742153,77,71,6,0,not_evaluated,not_evaluated
You really know how to carry on a conversation.,1.077922077922078,0.0358770293151352,77,72,4,1,not_evaluated,not_evaluated
How's the wind up there?,1.077922077922078,0.030747320742153,77,71,6,0,not_evaluated,not_evaluated
You look Marvelous.,1.077922077922078,0.0358770293151352,77,72,4,1,not_evaluated,not_evaluated
"Fidelio.”
“ That's right, sir! That is the password for admittance. But may I ask, what is the password for the house?",1.077922077922078,0.030747320742153,77,71,6,0,not_evaluated,not_evaluated
"I'm sorry, but we don't sell used cars.",1.077922077922078,0.030747320742153,77,71,6,0,not_evaluated,not_evaluated
I don’t want to draw attention by being the only couple on the dance floor.,1.077922077922078,0.030747320742153,77,71,6,0,not_evaluated,not_evaluated
"Your profile said that you *weren't* made of rubber and powered by an air compressor, but I really agree with your racist politics",1.077922077922078,0.030747320742153,77,71,6,0,not_evaluated,not_evaluated
I need to introduce you to Clarence Thomas,1.077922077922078,0.0358770293151352,77,72,4,1,not_evaluated,not_evaluated
Can we go somewhere where you can turn your motor off?,1.077922077922078,0.030747320742153,77,71,6,0,not_evaluated,not_evaluated
I believe we have met before at the Downtown used car lot.,1.077922077922078,0.0358770293151352,77,72,4,1,not_evaluated,not_evaluated
I'm flattered but I'm looking for a girl with a backbone.,1.077922077922078,0.0358770293151352,77,72,4,1,not_evaluated,not_evaluated
I’m worried people think I’m some old windbag.,1.077922077922078,0.030747320742153,77,71,6,0,not_evaluated,not_evaluated
Thanks! I just copy everyone else’s dance moves,1.077922077922078,0.030747320742153,77,71,6,0,not_evaluated,not_evaluated
"Frankly, I had something other than a car wash in mind",1.077922077922078,0.0358770293151352,77,72,4,1,not_evaluated,not_evaluated
With another month like this and that promotion to sales manager will be yours,1.077922077922078,0.030747320742153,77,71,6,0,not_evaluated,not_evaluated
Remember that Taco Bell opening when we first met?,1.0769230769230769,0.0303670013058355,78,72,6,0,not_evaluated,not_evaluated
Congratulations on being admitted to the Car Sales Hall of Fame,1.0769230769230769,0.0398777718333225,65,61,3,1,not_evaluated,not_evaluated
"I hate to tell you this, dear, but recently you've become a shadow of your former self.",1.0769230769230769,0.0303670013058355,78,72,6,0,not_evaluated,not_evaluated
"I told you him and I aren’t on speaking terms, stop waving him over here!",1.0769230769230769,0.0303670013058355,78,72,6,0,not_evaluated,not_evaluated
Do you happen to know where I can find a car?,1.0769230769230769,0.0333086693763245,65,60,5,0,not_evaluated,not_evaluated
"These conventions are so boring, you are the pep of energy that our industry needs!",1.0769230769230769,0.0303670013058355,78,72,6,0,not_evaluated,not_evaluated
Isn't this better than being outside shootin' the breeze?,1.0769230769230769,0.0354281681901414,78,73,4,1,not_evaluated,not_evaluated
Are you in tires?  Or income tax prep?,1.0769230769230769,0.0333086693763245,65,60,5,0,not_evaluated,not_evaluated
No one rocks a black and white party like you.,1.0769230769230769,0.0398777718333225,65,61,3,1,not_evaluated,not_evaluated
Do you know what I had to go through to get this invite? And all you floozies have to do is wave around a bit!,1.0769230769230769,0.0354281681901414,78,73,4,1,not_evaluated,not_evaluated
"So flexible, you must have a great yoga teacher.",1.0769230769230769,0.0354281681901414,78,73,4,1,not_evaluated,not_evaluated
You dropped your drink. Want another?,1.0769230769230769,0.0280883362823162,91,84,7,0,not_evaluated,not_evaluated
"Well I,for one,don't think you're just a big windbag.",1.0769230769230769,0.0303670013058355,78,72,6,0,not_evaluated,not_evaluated
"The music has stopped, why are you still dancing?",1.0769230769230769,0.0303670013058355,78,72,6,0,not_evaluated,not_evaluated
Is it true your siblings are named ‘If’ & ‘Sand’?,1.0769230769230769,0.0303670013058355,78,72,6,0,not_evaluated,not_evaluated
Carmen Banana!  Shall we dance?,1.0769230769230769,0.0303670013058355,78,72,6,0,not_evaluated,not_evaluated
Come on in. You'll upgrade the cocktail convo.,1.0769230769230769,0.0303670013058355,78,72,6,0,not_evaluated,not_evaluated
everyone here is full of hot air,1.0769230769230769,0.0354281681901414,78,73,4,1,not_evaluated,not_evaluated
"Wow, what energy and pep! Partying must be why you have been looking so listless at the used car lot of late.",1.0769230769230769,0.0303670013058355,78,72,6,0,not_evaluated,not_evaluated
"Cindy, is it true you will
performing your favorite song Twist and Shout
later in the program?",1.0769230769230769,0.0303670013058355,78,72,6,0,not_evaluated,not_evaluated
I thought I told you the auto dealerships aren't participating in the auction this year!,1.0769230769230769,0.0333086693763245,65,60,5,0,not_evaluated,not_evaluated
You are such a pioneer of the attention economy.,1.0769230769230769,0.0303670013058355,78,72,6,0,not_evaluated,not_evaluated
"I can drop you off on my way home, no problem.  The car dealership is right around the corner from me.",1.0769230769230769,0.0333086693763245,65,60,5,0,not_evaluated,not_evaluated
I saw you from across the room and just had to say hello.,1.0769230769230769,0.0398777718333225,65,61,3,1,not_evaluated,not_evaluated
So... do you also invest in crypto?,1.076086956521739,0.02779392999765,92,85,7,0,not_evaluated,not_evaluated
"When wine sinks, words swim.",1.0759493670886076,0.0299959528739033,79,73,6,0,not_evaluated,not_evaluated
"You have great moves, but I think you’re full of hot air.",1.0759493670886076,0.0349903863030481,79,74,4,1,not_evaluated,not_evaluated
"Melania, keep it down at the gala.",1.0759493670886076,0.0349903863030481,79,74,4,1,not_evaluated,not_evaluated
You’re like a long drink of water with wavy hair.,1.0759493670886076,0.0349903863030481,79,74,4,1,not_evaluated,not_evaluated
"I'm Doing my rendition of ""Air Dancer Jazz Hands"", of course!",1.0759493670886076,0.0299959528739033,79,73,6,0,not_evaluated,not_evaluated
Old money goes about attention seeking slightly more subtly.,1.0759493670886076,0.0299959528739033,79,73,6,0,not_evaluated,not_evaluated
I don't suppose you'll be having any of the wine?,1.0759493670886076,0.0299959528739033,79,73,6,0,not_evaluated,not_evaluated
"Warren, you were supposed to wear a white tie not come dressed as one.,",1.0759493670886076,0.0299959528739033,79,73,6,0,not_evaluated,not_evaluated
I can totally see you as an aerobics instructor!,1.0759493670886076,0.0349903863030481,79,74,4,1,not_evaluated,not_evaluated
Yes I’m sure your mattress is nice but I just met you.,1.0759493670886076,0.0349903863030481,79,74,4,1,not_evaluated,not_evaluated
You're the first Influencer I've met in person...I'm confused.,1.0759493670886076,0.0299959528739033,79,73,6,0,not_evaluated,not_evaluated
"Tell me, Oh, Wise One...what does it mean...'Dance To The Music?'",1.0759493670886076,0.0393560297598684,79,75,2,2,not_evaluated,not_evaluated
"Can you explain to me once more, why are you such a ""fan"" of  ""inflation""?",1.0759493670886076,0.0299959528739033,79,73,6,0,not_evaluated,not_evaluated
Don't mind me showing off. You've invited such groovy guys!,1.0759493670886076,0.0299959528739033,79,73,6,0,not_evaluated,not_evaluated
No need to sell when you're already sold.,1.0759493670886076,0.0299959528739033,79,73,6,0,not_evaluated,not_evaluated
Are you available for my next launch of  dated trends poised for retro comebacks?,1.0759493670886076,0.0299959528739033,79,73,6,0,not_evaluated,not_evaluated
What? Hula Hoops without the hoop!?,1.0759493670886076,0.0299959528739033,79,73,6,0,not_evaluated,not_evaluated
"You ain’t got that thing, if you ain’t got that swing.",1.0759493670886076,0.0349903863030481,79,74,4,1,not_evaluated,not_evaluated
"Sorry, but this is a cocktail party, not a drivethrough coffee stand.",1.0759493670886076,0.0299959528739033,79,73,6,0,not_evaluated,not_evaluated
"You know the saying about, ""Speak softly and carry a big stick...?""",1.0757575757575757,0.0392862073616254,66,62,3,1,not_evaluated,not_evaluated
Why don't we just shake on it?,1.0757575757575757,0.032820810816617,66,61,5,0,not_evaluated,not_evaluated
ARE YOU BUSY LATER?,1.0757575757575757,0.032820810816617,66,61,5,0,not_evaluated,not_evaluated
"...so then I said to her, 'no way,' and then she says...then I said...but I really like the new tacos at Taco Bell, and even though some...the weather has really been strange lately...have I told you about my psychic prediction? Well, blah blah bla",1.0757575757575757,0.032820810816617,66,61,5,0,not_evaluated,not_evaluated
What do I do for a living? I'm a Tik Tok influencer. This my latest dance that went viral . Tube men have to reinvent themselves in these times.  Opens me up to a new generation. I have tons of followers. Follow me at @airdancer.,1.0757575757575757,0.032820810816617,66,61,5,0,not_evaluated,not_evaluated
May I have the last wiggle with you?,1.0757575757575757,0.032820810816617,66,61,5,0,not_evaluated,not_evaluated
You must be the mascot for our new campaign theme for the presidency: Whichever Way the Wind Blows!,1.0757575757575757,0.032820810816617,66,61,5,0,not_evaluated,not_evaluated
Maybe you should switch to water...,1.0757575757575757,0.032820810816617,66,61,5,0,not_evaluated,not_evaluated
Wow. You’re tall,1.0757575757575757,0.032820810816617,66,61,5,0,not_evaluated,not_evaluated
This really is a great dance tune!,1.0757575757575757,0.032820810816617,66,61,5,0,not_evaluated,not_evaluated
I don't get your point.,1.0757575757575757,0.032820810816617,66,61,5,0,not_evaluated,not_evaluated
Such courage to dance like no one's watching among all these windbags and blowhards.,1.0757575757575757,0.032820810816617,66,61,5,0,not_evaluated,not_evaluated
What a pitty that you didn't get in the American Ballet Theatre.,1.075,0.0296338414142011,80,74,6,0,not_evaluated,not_evaluated
So after starring in the cigarette commercial you segued into in-place choreography?,1.075,0.0296338414142011,80,74,6,0,not_evaluated,not_evaluated
Professional dancer?! Wow - American ballet? Alvin Ailey? Broadway? Touring company?,1.075,0.0296338414142011,80,74,6,0,not_evaluated,not_evaluated
You maybe light on your feet but you aren't a very good dance partner.,1.075,0.0296338414142011,80,74,6,0,not_evaluated,not_evaluated
"oh, me? i used to be a car salesman.",1.075,0.0296338414142011,80,74,6,0,not_evaluated,not_evaluated
Can you teach me that dance?,1.0746268656716418,0.0323470050582337,67,62,5,0,not_evaluated,not_evaluated
Sooo...I guess you are one of the air signs?,1.0746268656716418,0.0323470050582337,67,62,5,0,not_evaluated,not_evaluated
"...so then I SAID
…to my FRIEND
…that we should GO
…to the MALL
…sometime next WEEK",1.0746268656716418,0.0323470050582337,67,62,5,0,not_evaluated,not_evaluated
How politics has been more about show than reason,1.0746268656716418,0.0323470050582337,67,62,5,0,not_evaluated,not_evaluated
"How difficult was your transition from 
tap dancing to modern interpretive dance?",1.0746268656716418,0.0323470050582337,67,62,5,0,not_evaluated,not_evaluated
"Nope, you're not on the guest list.",1.0746268656716418,0.0323470050582337,67,62,5,0,not_evaluated,not_evaluated
"Well, look what the wind blew in!""",1.0740740740740742,0.0292803487052627,81,75,6,0,not_evaluated,not_evaluated
Where did you learn freeform?,1.0740740740740742,0.0292803487052627,81,77,3,1,not_evaluated,not_evaluated
As you can see I have no left feet.,1.0740740740740742,0.0341464609529365,81,76,4,1,not_evaluated,not_evaluated
I hear you’re a wiz at marketing!,1.0740740740740742,0.0292803487052627,81,75,6,0,not_evaluated,not_evaluated
I need to talk to you about your offer on the deal. The client thinks you're full of hot air.,1.0740740740740742,0.0292803487052627,81,75,6,0,not_evaluated,not_evaluated
Could you slow down a bit? It's the first time I'm asking for directions.,1.0740740740740742,0.0292803487052627,81,75,6,0,not_evaluated,not_evaluated
I'm not sure it's that kind of party.,1.0740740740740742,0.0341464609529365,81,76,4,1,not_evaluated,not_evaluated
. . . most guys you meet at these things are full of hot air,1.0740740740740742,0.0292803487052627,81,75,6,0,not_evaluated,not_evaluated
I think I'm losing interest in email.,1.0740740740740742,0.0292803487052627,81,75,6,0,not_evaluated,not_evaluated
"Sweetheart, you oscillate like no other.""",1.0740740740740742,0.0292803487052627,81,75,6,0,not_evaluated,not_evaluated
"Babe, you’re acting like my first tantric celery stalk.",1.0740740740740742,0.0292803487052627,81,75,6,0,not_evaluated,not_evaluated
What crazy weather we're having,1.0740740740740742,0.0292803487052627,81,75,6,0,not_evaluated,not_evaluated
Did you hire a new agent?,1.0740740740740742,0.0292803487052627,81,75,6,0,not_evaluated,not_evaluated
"If you sing, you’ll get their attention.",1.0735294117647058,0.038154165296785,68,64,3,1,not_evaluated,not_evaluated
I won’t offer you a drink.,1.0735294117647058,0.038154165296785,68,64,3,1,not_evaluated,not_evaluated
I wish I had those moves.,1.0735294117647058,0.031886654994214,68,63,5,0,not_evaluated,not_evaluated
You seem quite perky this evening!,1.0735294117647058,0.031886654994214,68,63,5,0,not_evaluated,not_evaluated
"For once, you're not the only one full of hot air.",1.0735294117647058,0.038154165296785,68,64,3,1,not_evaluated,not_evaluated
"Cigarettes don't kill, people do!",1.0735294117647058,0.031886654994214,68,63,5,0,not_evaluated,not_evaluated
"Fascinating, yes, but “ta-da” hardly explains why your pee smells funny.",1.0735294117647058,0.038154165296785,68,64,3,1,not_evaluated,not_evaluated
"No,I don't think I know you from Dale's Discount Autos.",1.0735294117647058,0.031886654994214,68,63,5,0,not_evaluated,not_evaluated
I couldn’t help but notice your commitment to dancing like nobody’s watching.,1.0735294117647058,0.031886654994214,68,63,5,0,not_evaluated,not_evaluated
Much sexier move than that green M&M!,1.0735294117647058,0.031886654994214,68,63,5,0,not_evaluated,not_evaluated
You're a pretty good dancer for a white guy.,1.0735294117647058,0.031886654994214,68,63,5,0,not_evaluated,not_evaluated
Elaine picks up another floozy at a party.,1.0731707317073171,0.0337395653062025,82,77,4,1,not_evaluated,not_evaluated
"Come on please, you know I can dance like a shaking ballon?",1.0731707317073171,0.028935171414719,82,76,6,0,not_evaluated,not_evaluated
"Say, didn't we meet last year, at that gala on auto row?",1.0731707317073171,0.028935171414719,82,76,6,0,not_evaluated,not_evaluated
"He strung you along too, huh? How dair-y!",1.0731707317073171,0.028935171414719,82,76,6,0,not_evaluated,not_evaluated
The Bay area office? Just a lucky guess.,1.0731707317073171,0.0337395653062025,82,77,4,1,not_evaluated,not_evaluated
"Air dancing?
I am not sure I can blow, drink and dance.",1.0731707317073171,0.028935171414719,82,76,6,0,not_evaluated,not_evaluated
"Enjoy the party, it's back to the used car lot tomorrow""",1.0731707317073171,0.0337395653062025,82,77,4,1,not_evaluated,not_evaluated
Why haven't you called?,1.0731707317073171,0.028935171414719,82,76,6,0,not_evaluated,not_evaluated
Still waiting for a reply,1.0731707317073171,0.028935171414719,82,76,6,0,not_evaluated,not_evaluated
What's your sign?,1.072463768115942,0.0314391967853124,69,64,5,0,not_evaluated,not_evaluated
Let’s shoot the breeze!,1.072463768115942,0.0314391967853124,69,64,5,0,not_evaluated,not_evaluated
Since when did a carrot have a hairstyle?,1.072463768115942,0.0314391967853124,69,64,5,0,not_evaluated,not_evaluated
Can you do a Whoopee cushion impersonation ?,1.072463768115942,0.0376122394176568,69,65,3,1,not_evaluated,not_evaluated
The Lambeth Walk turns into The Twist and then,1.072463768115942,0.0376122394176568,69,65,3,1,not_evaluated,not_evaluated
"Don't tell em, I know it starts with a 'W'... Wacky Waving Inflatable Arm Flailing Tube Man?",1.072463768115942,0.0314391967853124,69,64,5,0,not_evaluated,not_evaluated
"Honey, you've had too much to drink. You're embarrassing yourself""",1.072463768115942,0.0314391967853124,69,64,5,0,not_evaluated,not_evaluated
What does one have to do to get a drink around here?,1.072463768115942,0.0314391967853124,69,64,5,0,not_evaluated,not_evaluated
"Finally someone, who's a natural here.",1.072463768115942,0.0376122394176568,69,65,3,1,not_evaluated,not_evaluated
I’m a codependent and I’m looking to continue my pattern of unhealthy relationships with another malignant narcissistic. I’ll wait right here.,1.072463768115942,0.0376122394176568,69,65,3,1,not_evaluated,not_evaluated
"I saw you wiggling there, and I just had to stop in.",1.072463768115942,0.0314391967853124,69,64,5,0,not_evaluated,not_evaluated
Rick's new acquaintance has been visibly shaken by his story,1.072463768115942,0.0314391967853124,69,64,5,0,not_evaluated,not_evaluated
You're a hit! They're calling it the long covid.,1.072289156626506,0.0333422423059191,83,78,4,1,not_evaluated,not_evaluated
Who new someone whithout any any wine could have so much fun?,1.072289156626506,0.0333422423059191,83,78,4,1,not_evaluated,not_evaluated
"HELLO YOU"",I  am here to see the art and now to talk to you rather than just drink  the cocktails, eat the hordeverses, and be seen by others",1.072289156626506,0.0333422423059191,83,78,4,1,not_evaluated,not_evaluated
Same here--gimme Bud Light over Chardonnay any day.,1.072289156626506,0.0333422423059191,83,78,4,1,not_evaluated,not_evaluated
"I'd love to dance, but I'm too afraid of whip lash.",1.072289156626506,0.0333422423059191,83,78,4,1,not_evaluated,not_evaluated
Nope means nope.,1.072289156626506,0.0285980202412033,83,77,6,0,not_evaluated,not_evaluated
"My friends call me
Inflationata!",1.072289156626506,0.0285980202412033,83,77,6,0,not_evaluated,not_evaluated
"Sir, our proposal tonight offers little wiggle room for changes at this time.",1.0714285714285714,0.0310040975815153,70,65,5,0,not_evaluated,not_evaluated
Know a good tax preparer?,1.0714285714285714,0.0370854788534861,70,66,3,1,not_evaluated,not_evaluated
Seriously? You promised you'd take the night off.,1.0714285714285714,0.0310040975815153,70,65,5,0,not_evaluated,not_evaluated
...and that's how I got Lasik for free.,1.0714285714285714,0.0310040975815153,70,65,5,0,not_evaluated,not_evaluated
Who invited you?,1.0714285714285714,0.0310040975815153,70,65,5,0,not_evaluated,not_evaluated
Is this what they're wearing on the Paris runway?,1.0714285714285714,0.0370854788534861,70,66,3,1,not_evaluated,not_evaluated
"You look so familiar…didn’t we meet at the Mercedes-Benz Gala in Manhattan? Or, was it in Saratoga for Misty and Drew’s Farm Fancy?",1.0714285714285714,0.0310040975815153,70,65,5,0,not_evaluated,not_evaluated
Isn't it weird to throw a party celebrating inflation?,1.0714285714285714,0.0282686191147277,84,78,6,0,not_evaluated,not_evaluated
"Finally a man over 5'10"" at this party.",1.0714285714285714,0.0310040975815153,70,65,5,0,not_evaluated,not_evaluated
Stop drawing attention to yourself.  Its not that kind of crowd.,1.0714285714285714,0.0282686191147277,84,78,6,0,not_evaluated,not_evaluated
That's great so what is your sexual preference?,1.0714285714285714,0.0310040975815153,70,65,5,0,not_evaluated,not_evaluated
It's New York. How did you get in... or did you come with Mr. Trudeau?,1.0714285714285714,0.0310040975815153,70,65,5,0,not_evaluated,not_evaluated
"So, there really is something to the whole ""wind up your skirt"" thing?",1.0714285714285714,0.0310040975815153,70,65,5,0,not_evaluated,not_evaluated
You must let me introduce you to Jeff Koons...,1.0714285714285714,0.0310040975815153,70,65,5,0,not_evaluated,not_evaluated
I can see that you're really into aerobics.,1.0714285714285714,0.0282686191147277,84,78,6,0,not_evaluated,not_evaluated
I'm a low-mileage 1998 model. You,1.0714285714285714,0.0310040975815153,70,65,5,0,not_evaluated,not_evaluated
It's true. I'm full of hot air. But I can dance,1.0714285714285714,0.0310040975815153,70,65,5,0,not_evaluated,not_evaluated
"Wow, you really do remember how to twist again, like we did last summer!",1.0714285714285714,0.0423014351617129,70,67,1,2,not_evaluated,not_evaluated
"But darling,I don’t know how",1.0714285714285714,0.0310040975815153,70,65,5,0,not_evaluated,not_evaluated
Seems you have a stellium in air !,1.0714285714285714,0.0310040975815153,70,65,5,0,not_evaluated,not_evaluated
It's called the Nitty Gritty!,1.0714285714285714,0.0370854788534861,70,66,3,1,not_evaluated,not_evaluated
"Oh, don’t put on airs. You’re just as deflated as the rest of us.",1.0714285714285714,0.0370854788534861,70,66,3,1,not_evaluated,not_evaluated
So I heard your grandma deflated,1.0714285714285714,0.0282686191147277,84,78,6,0,not_evaluated,not_evaluated
"I just complete my my Arthur Murray dance classes, and I am ready to go!",1.0714285714285714,0.0310040975815153,70,65,5,0,not_evaluated,not_evaluated
How does the Whacky Waving community feel about inflation?,1.0714285714285714,0.0370854788534861,70,66,3,1,not_evaluated,not_evaluated
I've never seen moves like yours before. It's like you are creating them out of thin air.,1.0714285714285714,0.0310040975815153,70,65,5,0,not_evaluated,not_evaluated
Y'ever see that Cow Tools comic? Oh man...,1.0714285714285714,0.0275392714627164,112,105,6,1,not_evaluated,not_evaluated
"Wow,yoga has done wonders for you,Martha!",1.0714285714285714,0.0370854788534861,70,66,3,1,not_evaluated,not_evaluated
Indeed I do sort of find you more attractive than most other guests here equally full of hot air!,1.0714285714285714,0.0282686191147277,84,78,6,0,not_evaluated,not_evaluated
You’re really blowing my mind with your carefree spirit,1.0714285714285714,0.0310040975815153,70,65,5,0,not_evaluated,not_evaluated
It’s a whole new worm!,1.0705882352941176,0.027946704450951,85,79,6,0,not_evaluated,not_evaluated
"Uh, no. 'Just breezing along with a breeze?' Nope! It almost election year!""",1.0705882352941176,0.0325749955408551,85,80,4,1,not_evaluated,not_evaluated
But the last guy was just so full of himself.,1.0704225352112675,0.041713517835469,71,68,1,2,not_evaluated,not_evaluated
I'm binary too,1.0704225352112675,0.0365732563943718,71,67,3,1,not_evaluated,not_evaluated
I like you. You go which way the wind blows.,1.0704225352112675,0.0305808534277075,71,66,5,0,not_evaluated,not_evaluated
"Sorry, I'm just swishing in the wind.",1.0704225352112675,0.0305808534277075,71,66,5,0,not_evaluated,not_evaluated
"Aire,you look just like your aunt!",1.0704225352112675,0.0305808534277075,71,66,5,0,not_evaluated,not_evaluated
I think it's time we opened up about our relationship to our co-workers at the car dealership.,1.0704225352112675,0.0365732563943718,71,67,3,1,not_evaluated,not_evaluated
These people gotta loosen up. Like this!,1.0704225352112675,0.0365732563943718,71,67,3,1,not_evaluated,not_evaluated
Drinks? Sure. I'm flexible if you are.,1.0704225352112675,0.0365732563943718,71,67,3,1,not_evaluated,not_evaluated
"Like everyone else here, I'm filled with hot air, but I'm cuter and I can dance!",1.0704225352112675,0.0365732563943718,71,67,3,1,not_evaluated,not_evaluated
You have to start taking life seriously,1.0704225352112675,0.0365732563943718,71,67,3,1,not_evaluated,not_evaluated
"Exotic, it makes you look tall and feathery !",1.0704225352112675,0.0305808534277075,71,66,5,0,not_evaluated,not_evaluated
You're not like the others; they're just full of hot air.,1.0704225352112675,0.0305808534277075,71,66,5,0,not_evaluated,not_evaluated
Seriously? THAT’s how you got your taxes in this year?,1.0704225352112675,0.0305808534277075,71,66,5,0,not_evaluated,not_evaluated
"Hey, whatever blows your hair back",1.0704225352112675,0.0305808534277075,71,66,5,0,not_evaluated,not_evaluated
"Sure, I like the giggle in your talk, but I REALLY like the wiggle in your walk.",1.0704225352112675,0.0365732563943718,71,67,3,1,not_evaluated,not_evaluated
The IPO was oversubscribed because you attracted the investment capital. I say let it go to your head.,1.0704225352112675,0.0365732563943718,71,67,3,1,not_evaluated,not_evaluated
"Why yes, I am looking for a new mattress. How did you know?",1.0704225352112675,0.0305808534277075,71,66,5,0,not_evaluated,not_evaluated
"So they said I was full of hot air, and I said DUH…!",1.0704225352112675,0.0365732563943718,71,67,3,1,not_evaluated,not_evaluated
I hope you dont mind me saying this but your such a breath of fresh air,1.0704225352112675,0.0305808534277075,71,66,5,0,not_evaluated,not_evaluated
You’re the happiest person I know in advertising.,1.0701754385964912,0.0341349335134743,57,53,4,0,not_evaluated,not_evaluated
It feels like we’re just flapping our arms around at these events,1.0701754385964912,0.0341349335134743,57,53,4,0,not_evaluated,not_evaluated
"Your moves are divine . . . and you play basketball, too?",1.069767441860465,0.032204449796701,86,81,4,1,not_evaluated,not_evaluated
That’s great but do you know any other moves?,1.069767441860465,0.032204449796701,86,81,4,1,not_evaluated,not_evaluated
This Prosecco is quite good. But did you think it would make you feel so loose?,1.0694444444444444,0.0360749789138421,72,68,3,1,not_evaluated,not_evaluated
Wanna go outside and smoke a bowl?,1.0694444444444444,0.0301689873364169,72,67,5,0,not_evaluated,not_evaluated
"No thanks I'm waiting for my boyfriend, he's a car salesman.",1.0694444444444444,0.0301689873364169,72,67,5,0,not_evaluated,not_evaluated
"You’re amazing, I’m blown away!",1.0694444444444444,0.0301689873364169,72,67,5,0,not_evaluated,not_evaluated
Just don’t stop on my toes,1.0694444444444444,0.0301689873364169,72,67,5,0,not_evaluated,not_evaluated
I guess you are cheaper than a therapist,1.0694444444444444,0.0301689873364169,72,67,5,0,not_evaluated,not_evaluated
"Lars is cheating on “The Real Girl,” and someone should tell her.",1.0694444444444444,0.0301689873364169,72,67,5,0,not_evaluated,not_evaluated
Do you feel Bonita?,1.0694444444444444,0.0411417113203062,72,69,1,2,not_evaluated,not_evaluated
You are actually the only one  i  feel comfortable with at this fancy party.,1.0694444444444444,0.0301689873364169,72,67,5,0,not_evaluated,not_evaluated
"You seem so carefree, what’s your secret?",1.0689655172413792,0.0318422310666808,87,82,4,1,not_evaluated,not_evaluated
"I'm also an ""any way the wind blows"" kinda gal",1.0684931506849316,0.0297680475123408,73,68,5,0,not_evaluated,not_evaluated
"Gosh, sorry, I’ve been talking all night and don’t know much about you.”",1.0684931506849316,0.0355900850870317,73,69,3,1,not_evaluated,not_evaluated
What would know?  I have two left feet!,1.0684931506849316,0.0297680475123408,73,68,5,0,not_evaluated,not_evaluated
"So, being low brow retailish, you are pretty much in the face of this AI marketing thingy, huh?",1.0684931506849316,0.0297680475123408,73,68,5,0,not_evaluated,not_evaluated
"Hi, I'm Judy. Aren't you Jerry's friend Elaine?",1.0684931506849316,0.0297680475123408,73,68,5,0,not_evaluated,not_evaluated
Crazy how talking about inflation makes you animated!,1.0684931506849316,0.0297680475123408,73,68,5,0,not_evaluated,not_evaluated
I don't understand how you can be so loose at these things.,1.0684931506849316,0.0297680475123408,73,68,5,0,not_evaluated,not_evaluated
Dancing Queen,1.0684931506849316,0.0355900850870317,73,69,3,1,not_evaluated,not_evaluated
"As you can tell, I am above idle cocktail chatter.",1.0684931506849316,0.0297680475123408,73,68,5,0,not_evaluated,not_evaluated
As pair aghast!,1.0684931506849316,0.0297680475123408,73,68,5,0,not_evaluated,not_evaluated
"Dear, I’m afraid you're drawing the wrong kind of attention.",1.0684931506849316,0.0297680475123408,73,68,5,0,not_evaluated,not_evaluated
I don’t care which way the wind blows…..I am not a fair weather friend.,1.0684931506849316,0.0297680475123408,73,68,5,0,not_evaluated,not_evaluated
"You were great in 'Nope'""",1.0684931506849316,0.0297680475123408,73,68,5,0,not_evaluated,not_evaluated
Do you have problem with the winds?!?,1.0684931506849316,0.0355900850870317,73,69,3,1,not_evaluated,not_evaluated
"Must be nice, going wherever the wind takes you.",1.068181818181818,0.0353939411832066,88,84,2,2,not_evaluated,not_evaluated
"What do you identify as today? Male, female, or carrot?",1.068181818181818,0.0314880620652745,88,83,4,1,not_evaluated,not_evaluated
"Hello, 
I thought I had seen you wave so I thought I'd come over and say hi. I bet you're quite the dancer.",1.0675675675675675,0.0293776057149327,74,69,5,0,not_evaluated,not_evaluated
Nice look!  When did you go vegetarian?,1.0675675675675675,0.0293776057149327,74,69,5,0,not_evaluated,not_evaluated
It's the new TikTok challenge.,1.0675675675675675,0.0293776057149327,74,69,5,0,not_evaluated,not_evaluated
You're so funny!,1.0675675675675675,0.0293776057149327,74,69,5,0,not_evaluated,not_evaluated
Your formal summer attire looks delightfully light and airy!,1.0675675675675675,0.0293776057149327,74,69,5,0,not_evaluated,not_evaluated
Noooooo - I am NOT bendyphobic.,1.0675675675675675,0.0293776057149327,74,69,5,0,not_evaluated,not_evaluated
Don't you ever tire of dancing?,1.0675675675675675,0.035118043289563,74,70,3,1,not_evaluated,not_evaluated
"If you start dancing now, you'll run out of air before midnight!",1.0675675675675675,0.0293776057149327,74,69,5,0,not_evaluated,not_evaluated
"Yes. I'm glad to be back socializing. But, I envy you because you never had to wear a mask and do the social distancing thing.",1.0675675675675675,0.0293776057149327,74,69,5,0,not_evaluated,not_evaluated
Ma'am do you want to buy a credit card? Everyone in the party has one.,1.0675675675675675,0.0293776057149327,74,69,5,0,not_evaluated,not_evaluated
"Oh, I agree!  Dancin' on Air was never as good as American Bandstand""",1.0675675675675675,0.0293776057149327,74,69,5,0,not_evaluated,not_evaluated
I can see you're a standup kind of guy.,1.0675675675675675,0.0293776057149327,74,69,5,0,not_evaluated,not_evaluated
Can we dance?,1.0675675675675675,0.0293776057149327,74,69,5,0,not_evaluated,not_evaluated
"I'm sorry, the position has already been filled",1.0675675675675675,0.0293776057149327,74,69,5,0,not_evaluated,not_evaluated
It's honestly refreshing to meet someone who's not ashamed to admit they're full of hot air,1.0675675675675675,0.035118043289563,74,70,3,1,not_evaluated,not_evaluated
"Teach me your ways!  I, too, want to ‘wave em like I just don’t care!’",1.0675675675675675,0.0293776057149327,74,69,5,0,not_evaluated,not_evaluated
"I love this Paul Chan piece. It totally reminds me of, like, how capitalism is inflatable, you know? It's car salesmen all the way down. The Walker Art Center is the real economy: lavish parties, blue-haired folx, high-paying no-skill jobs…",1.0674157303370786,0.0311416776699206,89,84,4,1,not_evaluated,not_evaluated
"Everyone says they love your dress, Bette Jean.",1.0674157303370786,0.0311416776699206,89,84,4,1,not_evaluated,not_evaluated
"Yes, I am looking for a new car.",1.0674157303370786,0.0267290380145649,89,83,6,0,not_evaluated,not_evaluated
Thank you for asking me to dance. I feel included,1.0666666666666669,0.0289972557467226,75,70,5,0,not_evaluated,not_evaluated
",""Il9ve a woman with a carrot top!""",1.0666666666666669,0.0346583496606691,75,71,3,1,not_evaluated,not_evaluated
I could tell that your a representati of the National Asssociationm,1.0666666666666669,0.0289972557467226,75,70,5,0,not_evaluated,not_evaluated
Dominion never mentioned your tap dancing!,1.0666666666666669,0.0289972557467226,75,70,5,0,not_evaluated,not_evaluated
Why do you want me to floss now?,1.0666666666666669,0.0289972557467226,75,70,5,0,not_evaluated,not_evaluated
"You are looking totally tubular, darling.",1.0666666666666669,0.0346583496606691,75,71,3,1,not_evaluated,not_evaluated
A Carrot a Day…,1.0666666666666669,0.0289972557467226,75,70,5,0,not_evaluated,not_evaluated
"Well la de da to you, too.",1.0666666666666669,0.0221278599181538,60,57,3,0,not_evaluated,not_evaluated
Addressing the elephant in the room,1.0666666666666669,0.0289972557467226,75,70,5,0,not_evaluated,not_evaluated
"No thanks, I don't drink.",1.0666666666666669,0.0289972557467226,75,70,5,0,not_evaluated,not_evaluated
I do remember meeting you outside that car wash.,1.0657894736842106,0.0286266120562819,76,71,5,0,not_evaluated,not_evaluated
His personality is not as sold.,1.0657894736842106,0.0286266120562819,76,71,5,0,not_evaluated,not_evaluated
"You were right, every funeral needs more than one floppy guy.",1.0657894736842106,0.0286266120562819,76,71,5,0,not_evaluated,not_evaluated
You're such a gas to be with !!,1.0657894736842106,0.0286266120562819,76,71,5,0,not_evaluated,not_evaluated
Let's blow this popsicle stand.,1.0657894736842106,0.0286266120562819,76,71,5,0,not_evaluated,not_evaluated
You seem flexible on the issue?,1.0657894736842106,0.0286266120562819,76,71,5,0,not_evaluated,not_evaluated
"Selling used cars, dancing nonstop, and writing about intersections, now that's literary juggling.",1.0657894736842106,0.0286266120562819,76,71,5,0,not_evaluated,not_evaluated
You're such a good listener.,1.0657894736842106,0.0286266120562819,76,71,5,0,not_evaluated,not_evaluated
"No, you can’t be first to set foot on Mars.",1.0657894736842106,0.0286266120562819,76,71,5,0,not_evaluated,not_evaluated
Please….,1.0657894736842106,0.0286266120562819,76,71,5,0,not_evaluated,not_evaluated
But how many carrots do you know who can do this?,1.0657894736842106,0.0286266120562819,76,71,5,0,not_evaluated,not_evaluated
You’re a much better dancer than my last boyfriend.,1.0657894736842106,0.0286266120562819,76,71,5,0,not_evaluated,not_evaluated
I do not understand contemporary art. Just a bunch of artists blowing hot air.,1.0657894736842106,0.0342105263157894,76,72,3,1,not_evaluated,not_evaluated
Noodle dude you're being hella noodle rude!,1.0657894736842106,0.0390030422375714,76,73,1,2,not_evaluated,not_evaluated
"As our party's candidate for your district, let me welcome you aboard.",1.0655737704918034,0.0319567027698654,61,57,4,0,not_evaluated,not_evaluated
"Caspar, the disappearing Oscar winning climate ghost!!",1.0655737704918034,0.0319567027698654,61,57,4,0,not_evaluated,not_evaluated
Is this a model on how were supposed to be dancing?,1.0655737704918034,0.0319567027698654,61,57,4,0,not_evaluated,not_evaluated
"I'd sleep better if his shadow looked more like Snoopy.""",1.0649350649350648,0.0282653084458446,77,72,5,0,not_evaluated,not_evaluated
"YES I was discovered on the streets.  I’d had trouble clearing the 
Ceilings when I used  to work in the subways stations..tips were better there. So we’re the crowds.",1.0649350649350648,0.0337741196953669,77,73,3,1,not_evaluated,not_evaluated
All day long it's up and down like an elevator.,1.0649350649350648,0.0282653084458446,77,72,5,0,not_evaluated,not_evaluated
Your orgasms must be marvelous,1.0649350649350648,0.0282653084458446,77,72,5,0,not_evaluated,not_evaluated
I am beginning to appreciate the benefits of inflation,1.0649350649350648,0.0282653084458446,77,72,5,0,not_evaluated,not_evaluated
I towtally agreee! Mick Jagger couldn’t move like you either !,1.0649350649350648,0.0282653084458446,77,72,5,0,not_evaluated,not_evaluated
Ever feel like you're the only one at the party who isn't full of hot air?,1.0649350649350648,0.0282653084458446,77,72,5,0,not_evaluated,not_evaluated
"Well if you want me to dance with you,I need some encouragement",1.0649350649350648,0.0282653084458446,77,72,5,0,not_evaluated,not_evaluated
It's amazing that you always have the right answer for everything!,1.0649350649350648,0.0282653084458446,77,72,5,0,not_evaluated,not_evaluated
I make the jokes and you get the credit.,1.0649350649350648,0.0282653084458446,77,72,5,0,not_evaluated,not_evaluated
"I knew when I applied for the position that internal promotions were unlikely here. But I must say, you are not who I was expecting as the new Head of Marketing.",1.0649350649350648,0.0282653084458446,77,72,5,0,not_evaluated,not_evaluated
I told you that guy could charm the pants off a telephone pole.,1.064516129032258,0.0314548331210218,62,58,4,0,not_evaluated,not_evaluated
I spied you at the pump on 3rd and Delancey.  Wanna step out for some air?,1.064516129032258,0.0314548331210218,62,58,4,0,not_evaluated,not_evaluated
I told you that the gig you did at the Mercedes dealership would catapult your career to high society.,1.064516129032258,0.0389644357901399,62,59,2,1,not_evaluated,not_evaluated
"You remind me of Jenny McCarthy when some one is unmasked, that’s so crazy!",1.064516129032258,0.0314548331210218,62,58,4,0,not_evaluated,not_evaluated
"Don't be shy, we can make this work.",1.064516129032258,0.0314548331210218,62,58,4,0,not_evaluated,not_evaluated
Right? They're all such windbags!,1.064516129032258,0.0314548331210218,62,58,4,0,not_evaluated,not_evaluated
"Look,you own automotive and mattress .. I",1.064516129032258,0.0314548331210218,62,58,4,0,not_evaluated,not_evaluated
So how do you like your new job?,1.064102564102564,0.0333486990378986,78,74,3,1,not_evaluated,not_evaluated
"You may be full of hot air, but boy can you shake your booty!",1.064102564102564,0.0279129968745745,78,73,5,0,not_evaluated,not_evaluated
You have a good point,1.064102564102564,0.0333486990378986,78,74,3,1,not_evaluated,not_evaluated
"The others can be such a let down, but speaking to you always pumps me up.",1.064102564102564,0.0279129968745745,78,73,5,0,not_evaluated,not_evaluated
But I've always heard it's not worth it to keep a car in the city.,1.064102564102564,0.0279129968745745,78,73,5,0,not_evaluated,not_evaluated
"Mon Cheri, I brought you your wine, but I am afraid it will just run right through you.",1.064102564102564,0.0333486990378986,78,74,3,1,not_evaluated,not_evaluated
"‘Wow, you really can wave, flop, and bounce back - always smiling. Ever consider politics?’",1.064102564102564,0.0279129968745745,78,73,5,0,not_evaluated,not_evaluated
"If you enjoyed the cocktail, the hors-d’œuvres are gonna blow you away.",1.064102564102564,0.0279129968745745,78,73,5,0,not_evaluated,not_evaluated
"Hey, I really dig that you're able to let your freak flag fly!""

Maureen W
Philadelphia, P",1.064102564102564,0.0279129968745745,78,73,5,0,not_evaluated,not_evaluated
In front of everyone you have to blow up.,1.0634920634920637,0.0309684598567075,63,59,4,0,not_evaluated,not_evaluated
I don't think I can handle a glass of red.,1.0634920634920637,0.0309684598567075,63,59,4,0,not_evaluated,not_evaluated
"But if you were penetrated, would you pop with joy?",1.0634920634920637,0.0309684598567075,63,59,4,0,not_evaluated,not_evaluated
At this stage of my life I feel stuck,1.0634920634920637,0.0309684598567075,63,59,4,0,not_evaluated,not_evaluated
You will have to keep dancing close to the wall plugs...,1.0634920634920637,0.0309684598567075,63,59,4,0,not_evaluated,not_evaluated
"That's so funny, 'cause I, too, identify as a designer of flair.",1.0632911392405062,0.0275693463493436,79,74,5,0,not_evaluated,not_evaluated
And you have better hair than Trump.,1.0632911392405062,0.0275693463493436,79,74,5,0,not_evaluated,not_evaluated
So you’re telling me that all I have to do to get people to like me is to raise my arms over my head and bounce?,1.0632911392405062,0.0275693463493436,79,74,5,0,not_evaluated,not_evaluated
Oops think the swingers is next  week.,1.0632911392405062,0.0275693463493436,79,74,5,0,not_evaluated,not_evaluated
Dance with me and you’ll be free!,1.0632911392405062,0.0329338549664806,79,75,3,1,not_evaluated,not_evaluated
"You seem so happy since you left the farm...""",1.0632911392405062,0.0275693463493436,79,74,5,0,not_evaluated,not_evaluated
"You do realize that everyone, in fact, is watching, right?",1.0632911392405062,0.0329338549664806,79,75,3,1,not_evaluated,not_evaluated
You destroyed my need for a cigarette damn you,1.0625,0.0325291981791315,80,76,3,1,not_evaluated,not_evaluated
"Up, UP and some whey,  I presume.",1.0625,0.0272340418956621,80,75,5,0,not_evaluated,not_evaluated
I'm not convinced that dancing works with the whole black-tie deal.,1.0625,0.0272340418956621,80,75,5,0,not_evaluated,not_evaluated
Can we go back to your place? I’m in the market for a used car.”,1.0625,0.0377636236322902,64,61,2,1,not_evaluated,not_evaluated
"I know you're mad, but that's no reason to blow up at me.",1.0625,0.0304968772796416,64,60,4,0,not_evaluated,not_evaluated
You the best at this Met Gala!,1.0625,0.0304968772796416,64,60,4,0,not_evaluated,not_evaluated
You're blowing this situation out of proportion!,1.0625,0.0304968772796416,64,60,4,0,not_evaluated,not_evaluated
"You seem genuinely happy, and those yuppies seem to be the ones full of hot air",1.0625,0.0377636236322902,64,61,2,1,not_evaluated,not_evaluated
"No!  Your, the beautiful one, I,m jusyan old windbag.",1.0625,0.0304968772796416,64,60,4,0,not_evaluated,not_evaluated
"*Finally, a gentleman who doesn't talk over me.*",1.0625,0.0304968772796416,64,60,4,0,not_evaluated,not_evaluated
What voluptuous moves. Would you do me the honor of being my partner for the next dance.,1.0625,0.0377636236322902,64,61,2,1,not_evaluated,not_evaluated
OMG - you're right!  Just don't think when you're outside of the box!,1.0625,0.0377636236322902,64,61,2,1,not_evaluated,not_evaluated
"Wait!  I haven't told you the best part.""",1.0625,0.0272340418956621,80,75,5,0,not_evaluated,not_evaluated
What are plans now that tax filing season is over?,1.0625,0.0272340418956621,80,75,5,0,not_evaluated,not_evaluated
"If I took you home, it'd only be to keep birds away from my neighbor's plethora of bird feeders.""",1.0617283950617284,0.0269067836021029,81,76,5,0,not_evaluated,not_evaluated
Used car sales! That sounds fascinating.,1.0617283950617284,0.0321343582341243,81,77,3,1,not_evaluated,not_evaluated
Most of the people here are blowhards.,1.0617283950617284,0.0269067836021029,81,76,5,0,not_evaluated,not_evaluated
"I don't usually bend that way, but you have this warm, airy quality.",1.0617283950617284,0.0269067836021029,81,76,5,0,not_evaluated,not_evaluated
That won't win you any points at this singles club.,1.0617283950617284,0.0269067836021029,81,76,5,0,not_evaluated,not_evaluated
"No,I totally get it. You need to also feel heard.",1.0617283950617284,0.0321343582341243,81,77,3,1,not_evaluated,not_evaluated
I'm sorry. No twerking allowed tonight.,1.0617283950617284,0.0269067836021029,81,76,5,0,not_evaluated,not_evaluated
"Whatever you’re earning right now, I’ll double your commission!",1.0617283950617284,0.0321343582341243,81,77,3,1,not_evaluated,not_evaluated
Look at you! I noticed you were a great dancer outside the dealership.,1.0615384615384615,0.0300394218304102,65,61,4,0,not_evaluated,not_evaluated
They’re playing bossa nova –you started drinking at happy hour.,1.0615384615384615,0.0371905377034879,65,62,2,1,not_evaluated,not_evaluated
Why aren't you mingling?,1.0615384615384615,0.0300394218304102,65,61,4,0,not_evaluated,not_evaluated
I don't want to deflate your ego but I'm not into pop culture.,1.0615384615384615,0.0300394218304102,65,61,4,0,not_evaluated,not_evaluated
Are you the new yoga teacher?  I've seen that great Uttanasana you do!,1.0615384615384615,0.0431729698473916,65,63,0,2,not_evaluated,not_evaluated
"You look so familiar. Where would I have seen you?”
“Have you bought a car recently?",1.0615384615384615,0.0300394218304102,65,61,4,0,not_evaluated,not_evaluated
Teach me your moves...please.,1.0615384615384615,0.0300394218304102,65,61,4,0,not_evaluated,not_evaluated
Can you teach me to dance like that?,1.0609756097560976,0.0317489824223847,82,78,3,1,not_evaluated,not_evaluated
"No, this is wrong. I ordered the ""wacky inflatable tube guy WITH A HUGE COCK!""",1.0609756097560976,0.0265872857321796,82,77,5,0,not_evaluated,not_evaluated
The producer wants to see you on the back lot.,1.0609756097560976,0.0317489824223847,82,78,3,1,not_evaluated,not_evaluated
"Well Sharon, it was amazing meeting you. I really think we clicked.",1.0609756097560976,0.0265872857321796,82,77,5,0,not_evaluated,not_evaluated
Didn't we meet before outside the car wash?,1.0609756097560976,0.0317489824223847,82,78,3,1,not_evaluated,not_evaluated
Whadaya say we bust outta here and check out the sale at Freddie's Furniture.,1.0609756097560976,0.0265872857321796,82,77,5,0,not_evaluated,not_evaluated
"Please no spoilers, I haven’t watched the latest Succession yet.",1.0609756097560976,0.0265872857321796,82,77,5,0,not_evaluated,not_evaluated
Interesting...most people I meet at these things are filled with hot air.,1.0606060606060606,0.0295954689941331,66,62,4,0,not_evaluated,not_evaluated
"Maestro, you conduct with such exuberance.",1.0606060606060606,0.0295954689941331,66,62,4,0,not_evaluated,not_evaluated
So you know how to spell “indicted”; big deal!,1.0606060606060606,0.0295954689941331,66,62,4,0,not_evaluated,not_evaluated
"Don’t you get bored, dancing 
In front of electronics stores all day?",1.0606060606060606,0.0366345772622417,66,63,2,1,not_evaluated,not_evaluated
You know that this is a cocktail event and not a grand opening for rooftop restaurant,1.0606060606060606,0.0295954689941331,66,62,4,0,not_evaluated,not_evaluated
Is Dylan the only song writer you know?,1.0606060606060606,0.0295954689941331,66,62,4,0,not_evaluated,not_evaluated
"Did you get a wacky, waving face lift?",1.0606060606060606,0.0295954689941331,66,62,4,0,not_evaluated,not_evaluated
But Claudia - my church friends are different.,1.0606060606060606,0.0295954689941331,66,62,4,0,not_evaluated,not_evaluated
"Sorry, I should have recognized you Mr. Dylan, because 'Blowin' In The Wind' is my favorite song.""",1.0606060606060606,0.0295954689941331,66,62,4,0,not_evaluated,not_evaluated
Why on Earth Day would I hug you if you’re about to be made into toilet paper?,1.0602409638554218,0.0262752758982036,83,78,5,0,not_evaluated,not_evaluated
"People have such an inflated sense of self these days.  To succeed, you must go with the flow!",1.0602409638554218,0.0262752758982036,83,78,5,0,not_evaluated,not_evaluated
"Well, I guess we wouldn’t be influencers without fans.",1.0602409638554218,0.0262752758982036,83,78,5,0,not_evaluated,not_evaluated
Is this a new Tik Tok dance?,1.0602409638554218,0.0262752758982036,83,78,5,0,not_evaluated,not_evaluated
You're so light on your foot.,1.0597014925373134,0.0360949863459589,67,64,2,1,not_evaluated,not_evaluated
I am so sorry. I can't keep up.,1.0597014925373134,0.0291644304751759,67,63,4,0,not_evaluated,not_evaluated
It's all possible because of this simple back exercise I do everyday ! Here let me show you...,1.0597014925373134,0.0291644304751759,67,63,4,0,not_evaluated,not_evaluated
Are you sure you don’t want a drink?,1.0597014925373134,0.0291644304751759,67,63,4,0,not_evaluated,not_evaluated
Having a wonderful time?,1.0597014925373134,0.0291644304751759,67,63,4,0,not_evaluated,not_evaluated
"You know, it’s been hard finding someone that isn’t so full of air.",1.0597014925373134,0.0291644304751759,67,63,4,0,not_evaluated,not_evaluated
"Yes, I know you're wacky, but can you stop flailing inflatable tube man.",1.0597014925373134,0.0291644304751759,67,63,4,0,not_evaluated,not_evaluated
You’re the only person here who really gets me.,1.0597014925373134,0.0291644304751759,67,63,4,0,not_evaluated,not_evaluated
You know what Janice? Your dancing DOES make me want a used car! Well I’ll be!!,1.0597014925373134,0.0291644304751759,67,63,4,0,not_evaluated,not_evaluated
"Oh! Wow! You've got the DWTS  moves,girl",1.0595238095238095,0.0259704942921405,84,79,5,0,not_evaluated,not_evaluated
I think I know your brother who works at the car dealer.,1.0588235294117647,0.0287457516132482,68,64,4,0,not_evaluated,not_evaluated
I'm feeling a spark. Are you involved?,1.0588235294117647,0.0287457516132482,68,64,4,0,not_evaluated,not_evaluated
"As the wind goes, so goes shakin ma booty!",1.0588235294117647,0.0287457516132482,68,64,4,0,not_evaluated,not_evaluated
Could your chiropractor help me move like that too?,1.0588235294117647,0.0287457516132482,68,64,4,0,not_evaluated,not_evaluated
I got it..call you Carrot Top,1.0588235294117647,0.0256726929689402,85,80,5,0,not_evaluated,not_evaluated
Well what do you expect from one windbag to another?,1.0588235294117647,0.0287457516132482,68,64,4,0,not_evaluated,not_evaluated
Here's your wine...stop preening for a minute.,1.0588235294117647,0.0287457516132482,68,64,4,0,not_evaluated,not_evaluated
The Grand Openings are just a temporary gig. My dream is to find a job in the auto industry.,1.0588235294117647,0.035571052818056,68,65,2,1,not_evaluated,not_evaluated
I couldn't help but notice....,1.0588235294117647,0.0287457516132482,68,64,4,0,not_evaluated,not_evaluated
"Sure, I'd love to dance. Just point the fan at me.",1.0588235294117647,0.0287457516132482,68,64,4,0,not_evaluated,not_evaluated
"Don't party too hard, pretty soon you'll feel deflated",1.0588235294117647,0.0287457516132482,68,64,4,0,not_evaluated,not_evaluated
Would you like me to get you a glass of wine?,1.0588235294117647,0.0287457516132482,68,64,4,0,not_evaluated,not_evaluated
"I'd love to join you. Everyone here tells me I'm
full of hot air!""",1.0588235294117647,0.0287457516132482,68,64,4,0,not_evaluated,not_evaluated
It’s great talking to you. All the others here - they’re full of hot air.,1.0588235294117647,0.0287457516132482,68,64,4,0,not_evaluated,not_evaluated
"Keep loving to party, but still shy",1.058139534883721,0.0253816351782208,86,81,5,0,not_evaluated,not_evaluated
I was thinking a slow dance lady.,1.0579710144927537,0.0283389090172116,69,65,4,0,not_evaluated,not_evaluated
"Technically, I'm still your biggest fan.",1.0579710144927537,0.0283389090172116,69,65,4,0,not_evaluated,not_evaluated
I think you might be looking for the gas station hokey pokey and I believe that is three doors down.,1.0579710144927537,0.0283389090172116,69,65,4,0,not_evaluated,not_evaluated
So what have you been up to since leaving Al Harrington’s?,1.0579710144927537,0.0283389090172116,69,65,4,0,not_evaluated,not_evaluated
"I've seen you move, like Jaguars, 
but what about Mustangs, Sally?",1.0579710144927537,0.035062105239009,69,66,2,1,not_evaluated,not_evaluated
Congratulations on your selection as our 2024 nominee!,1.0579710144927537,0.035062105239009,69,66,2,1,not_evaluated,not_evaluated
I enjoy your car wash appearances.,1.0579710144927537,0.0283389090172116,69,65,4,0,not_evaluated,not_evaluated
I've been trying to reach you about your car's extended warranty.,1.0579710144927537,0.0283389090172116,69,65,4,0,not_evaluated,not_evaluated
"so the trick to dancing in that elegant, sexy way that draws the eye is, first, you find the beat, and then you cut it in half. simple movement on half beats. no, you only move to half the beat. no, no, this is a 4/4, what the fuck are you doing, no",1.0579710144927537,0.0283389090172116,69,65,4,0,not_evaluated,not_evaluated
Stop giving yourself airs if you want to enjoy the party.,1.0579710144927537,0.035062105239009,69,66,2,1,not_evaluated,not_evaluated
Are you a clone?,1.0579710144927537,0.035062105239009,69,66,2,1,not_evaluated,not_evaluated
"forgive me, but do you work here?  I feel like I would have noticed that absolutely slammin bod before, my apologies again",1.0579710144927537,0.0283389090172116,69,65,4,0,not_evaluated,not_evaluated
"So, do you think you can drop the sticker price ""like it's hot""",1.0579710144927537,0.0283389090172116,69,65,4,0,not_evaluated,not_evaluated
"you might not be the best mate to dance with, but better off with singlehood",1.0579710144927537,0.0283389090172116,69,65,4,0,not_evaluated,not_evaluated
Thank you for hosting this party for so many one-legged people.  Between you and me...how do they keep their balance?,1.057471264367816,0.0250970947405482,87,82,5,0,not_evaluated,not_evaluated
Moi quir. Dysfunctional this end. But Yorker greater tham ever. mercu brens les dars.,1.057471264367816,0.0250970947405482,87,82,5,0,not_evaluated,not_evaluated
I am sure I’ve seen you before. Did you perform in Clytemnestra?,1.057471264367816,0.0299528357718929,87,83,3,1,not_evaluated,not_evaluated
It's a Bob Dylan song; surely you've heard of it.,1.0571428571428572,0.0279434083955329,70,66,4,0,not_evaluated,not_evaluated
"I get it, sure, but then I'm not toasted.""",1.0571428571428572,0.0279434083955329,70,66,4,0,not_evaluated,not_evaluated
You will never win the Indian classical dance contest in that outfit !!,1.0571428571428572,0.0279434083955329,70,66,4,0,not_evaluated,not_evaluated
"You say Herky-jerky, I say Hokey Pokey.",1.0571428571428572,0.0279434083955329,70,66,4,0,not_evaluated,not_evaluated
I'm glad Tanya found someone with some energy.,1.0571428571428572,0.0345675100015575,70,67,2,1,not_evaluated,not_evaluated
I noticed you worked in advertising.,1.0571428571428572,0.0279434083955329,70,66,4,0,not_evaluated,not_evaluated
"I’ve met my share of airheads, but you’re something completely different.",1.0571428571428572,0.0279434083955329,70,66,4,0,not_evaluated,not_evaluated
My sense of,1.0571428571428572,0.0279434083955329,70,66,4,0,not_evaluated,not_evaluated
Some one's happy she left her husband behind.,1.0571428571428572,0.0279434083955329,70,66,4,0,not_evaluated,not_evaluated
How do I know you’re not just full of hot air?,1.0571428571428572,0.0345675100015575,70,67,2,1,not_evaluated,not_evaluated
I am a head and body above the rest!,1.0571428571428572,0.0279434083955329,70,66,4,0,not_evaluated,not_evaluated
"Let me get this straight, you think I'd better call Saul?",1.0571428571428572,0.0279434083955329,70,66,4,0,not_evaluated,not_evaluated
Flapper nouveau?,1.0571428571428572,0.0279434083955329,70,66,4,0,not_evaluated,not_evaluated
You're not like the other people at this party. They're such blow hards.,1.0571428571428572,0.0279434083955329,70,66,4,0,not_evaluated,not_evaluated
...and tomorrow I'll be promoting carpet and flooring.,1.056818181818182,0.0248188554648853,88,83,5,0,not_evaluated,not_evaluated
I thought I was leading.,1.056818181818182,0.0248188554648853,88,83,5,0,not_evaluated,not_evaluated
Kinky… I would prefer to call you Kent.,1.056818181818182,0.0248188554648853,88,83,5,0,not_evaluated,not_evaluated
I've seen you around a few other rooftops.,1.056338028169014,0.0275587825646099,71,67,4,0,not_evaluated,not_evaluated
Do you come here often and what's your sign?,1.056338028169014,0.0275587825646099,71,67,4,0,not_evaluated,not_evaluated
Isn't this the breeziest house you've ever seen?,1.056338028169014,0.0275587825646099,71,67,4,0,not_evaluated,not_evaluated
It's so refreshing to finally find someone who totally gets me. Thanks.,1.056338028169014,0.0275587825646099,71,67,4,0,not_evaluated,not_evaluated
What is your secret? To be so elegant and flexible,1.056338028169014,0.0275587825646099,71,67,4,0,not_evaluated,not_evaluated
I spotted you across a crowded refrigerator.,1.056338028169014,0.0340866687044213,71,68,2,1,not_evaluated,not_evaluated
"I usually hate these events, too many airheads bent out of shape.",1.056338028169014,0.0275587825646099,71,67,4,0,not_evaluated,not_evaluated
"I really admire your moves, but sort of think you just might be an airhead.",1.056338028169014,0.0275587825646099,71,67,4,0,not_evaluated,not_evaluated
No one will call you Meatball here Ron!,1.056338028169014,0.0275587825646099,71,67,4,0,not_evaluated,not_evaluated
"Well, of course, if you're naturally uninhibited, that's great. The rest of us need a drink or two to loosen up.",1.0561797752808988,0.0292899917445141,89,85,3,1,not_evaluated,not_evaluated
"I'm made of paper, don't you know!",1.0555555555555556,0.0271845896182162,72,68,4,0,not_evaluated,not_evaluated
The music's over--why can't you stop dancing?,1.0555555555555556,0.0271845896182162,72,68,4,0,not_evaluated,not_evaluated
"Honey, there is a little incident from the past I should tell you about…",1.0555555555555556,0.0271845896182162,72,68,4,0,not_evaluated,not_evaluated
"In advertising I don't worry about AI, when the best is just artificial.",1.0555555555555556,0.0336190157416914,72,69,2,1,not_evaluated,not_evaluated
I'm glad the singularity isn't happening quite yet.,1.0555555555555556,0.0271845896182162,72,68,4,0,not_evaluated,not_evaluated
All that tire training has paid off nicely.,1.0555555555555556,0.0242804623455389,90,85,5,0,not_evaluated,not_evaluated
What do you do for work outside of tax season?,1.0555555555555556,0.0336190157416914,72,69,2,1,not_evaluated,not_evaluated
"Your pop, lock, and drop technique is on another level!",1.0555555555555556,0.0271845896182162,72,68,4,0,not_evaluated,not_evaluated
I heard you had a sale on used brains.,1.0547945205479452,0.0268204112430838,73,69,4,0,not_evaluated,not_evaluated
Great bodycon.,1.0547945205479452,0.0268204112430838,73,69,4,0,not_evaluated,not_evaluated
"Groovy, the LSD's kicking in. How's it going young lady?",1.0547945205479452,0.0268204112430838,73,69,4,0,not_evaluated,not_evaluated
Would you accompany me for a tango afterwards?,1.0547945205479452,0.0331640160875204,73,70,2,1,not_evaluated,not_evaluated
"May I have the first dance with you, Ms.Gumby- Spaggetine?",1.0547945205479452,0.0268204112430838,73,69,4,0,not_evaluated,not_evaluated
You've got to tell me your secret for wavy hair!,1.0547945205479452,0.0268204112430838,73,69,4,0,not_evaluated,not_evaluated
I guess there's enough hot air in this room to keep you inflated.,1.0547945205479452,0.0268204112430838,73,69,4,0,not_evaluated,not_evaluated
You've come such a long way from the car lot out on on Route 60.,1.0547945205479452,0.0268204112430838,73,69,4,0,not_evaluated,not_evaluated
It's so refreshing to meet a free spirit at one of these events!,1.0547945205479452,0.0268204112430838,73,69,4,0,not_evaluated,not_evaluated
you've got to be kidding me. they invited a literal airhead but wont let me bring my girlfriend as my plus one. and they call themselves,1.0547945205479452,0.0268204112430838,73,69,4,0,not_evaluated,not_evaluated
Glad to have someone else around here who knows what it feels like to be different!,1.0547945205479452,0.0268204112430838,73,69,4,0,not_evaluated,not_evaluated
What a breath of fresh air.,1.054054054054054,0.0264658511672144,74,70,4,0,not_evaluated,not_evaluated
"Are you miss AT and T?
I love you .",1.054054054054054,0.0264658511672144,74,70,4,0,not_evaluated,not_evaluated
You better be careful who you call a prick.,1.054054054054054,0.0264658511672144,74,70,4,0,not_evaluated,not_evaluated
Desperate cartoonists ply their hands at a last attempt for publication after having stolen an advertising air thing from a Latin American tire store.,1.054054054054054,0.0327211632579088,74,71,2,1,not_evaluated,not_evaluated
So where do you buy your shoes ...,1.054054054054054,0.0264658511672144,74,70,4,0,not_evaluated,not_evaluated
"Aw, you're so cute.  Can I get you a drink?",1.054054054054054,0.0264658511672144,74,70,4,0,not_evaluated,not_evaluated
Have you seen « Nope » by @jordanpeele? It’s terrifying 👀,1.054054054054054,0.0264658511672144,74,70,4,0,not_evaluated,not_evaluated
Looks like you're really enjoying the party,1.054054054054054,0.0264658511672144,74,70,4,0,not_evaluated,not_evaluated
"We always find something, eh Didi, to give us the impression we exist?",1.054054054054054,0.0264658511672144,74,70,4,0,not_evaluated,not_evaluated
"I'm not worried about bonuses, I've left pity city and just let loose!",1.054054054054054,0.0264658511672144,74,70,4,0,not_evaluated,not_evaluated
We always appreciate a new kink!,1.0533333333333332,0.0261205337288939,75,71,4,0,not_evaluated,not_evaluated
I love your moves; they grabbed my attention from all the way out on the street.,1.0533333333333332,0.0261205337288939,75,71,4,0,not_evaluated,not_evaluated
They’re also full of hot air.,1.0533333333333332,0.0261205337288939,75,71,4,0,not_evaluated,not_evaluated
"Your balloon never lands, does it?",1.0533333333333332,0.0322899774332941,75,72,2,1,not_evaluated,not_evaluated
"Oh sure, you just always play to the crowd.",1.0533333333333332,0.0261205337288939,75,71,4,0,not_evaluated,not_evaluated
Someone said you are an air head,1.0533333333333332,0.0261205337288939,75,71,4,0,not_evaluated,not_evaluated
"Yes, I am looking for some wind beneath my wings as well!",1.0533333333333332,0.0261205337288939,75,71,4,0,not_evaluated,not_evaluated
Your Hair Creme suggestion was brilliant!  Thanks so much !,1.0533333333333332,0.0261205337288939,75,71,4,0,not_evaluated,not_evaluated
"Wait — don't I know you from something? Don't tell me. Don't! What was that fucking movie? The Jordan Peele one that wasn't really that good, but everyone said was great because it was better, anyway, than all the other bullshit they make these days?",1.0533333333333332,0.0322899774332941,75,72,2,1,not_evaluated,not_evaluated
How can you be so happy knowing that we are all doomed?,1.0533333333333332,0.0261205337288939,75,71,4,0,not_evaluated,not_evaluated
"Oh boy, you sure like to move those hips! And yet, your calm, serene gaze and your sincere smile make me feel like you would continue dancing even if I were to shoot the host of this party to death for political reasons! Hahaha! Just kidding! I do not wish him any ill! He didn't even invite me! Where can I find him? I need to see him. Where is he. Tell me.",1.0533333333333332,0.0261205337288939,75,71,4,0,not_evaluated,not_evaluated
Ugh…I agree. There’s a lot of hot air in here.,1.053191489361702,0.0277544437139269,94,90,3,1,not_evaluated,not_evaluated
You look absolutely intestinal today!,1.0526315789473684,0.0257841025556124,76,72,4,0,not_evaluated,not_evaluated
"They're shaggy, but not moves like Jagger",1.0526315789473684,0.031870003727342,76,73,2,1,not_evaluated,not_evaluated
"So, did the used car dealership let you off early today?",1.0526315789473684,0.0257841025556124,76,72,4,0,not_evaluated,not_evaluated
I never knew what Dutch Courage looked like.,1.0526315789473684,0.031870003727342,76,73,2,1,not_evaluated,not_evaluated
I like the way you work it,1.0526315789473684,0.0257841025556124,76,72,4,0,not_evaluated,not_evaluated
"Ohhhhh! So, your happiness comes from the very source of your being.",1.051948051948052,0.0254562193431798,77,73,4,0,not_evaluated,not_evaluated
And what do you call this new dance!,1.051948051948052,0.0254562193431798,77,73,4,0,not_evaluated,not_evaluated
Are you ever going to give me a straight answer?,1.0517241379310345,0.0293343554904621,58,55,3,0,not_evaluated,not_evaluated
Where do you get your energy,1.0517241379310345,0.0293343554904621,58,55,3,0,not_evaluated,not_evaluated
You're not the only one here full of hot air,1.0517241379310345,0.0293343554904621,58,55,3,0,not_evaluated,not_evaluated
I always wanted to be an exotic dancer.,1.0517241379310345,0.0293343554904621,58,55,3,0,not_evaluated,not_evaluated
You’re the big cheese?,1.051282051282051,0.0172871759605959,78,75,3,0,not_evaluated,not_evaluated
I know this country has gone insane but whatever you identify as today - where is your champagne ?  Or do you drink through your one pedestal ?  Like Biden ?,1.051282051282051,0.0251365627262945,78,74,4,0,not_evaluated,not_evaluated
Why so happy?  You're a big flop.,1.051282051282051,0.0251365627262945,78,74,4,0,not_evaluated,not_evaluated
There's something about you that demands attention,1.051282051282051,0.0310619883248524,78,75,2,1,not_evaluated,not_evaluated
Did you know they were going to play The Hokey Pokey?,1.051282051282051,0.0251365627262945,78,74,4,0,not_evaluated,not_evaluated
"Shimmy shimmy yay,shimmy yay,shimmy ya through the appraisal party,girl!",1.051282051282051,0.0251365627262945,78,74,4,0,not_evaluated,not_evaluated
Is that hot air blowing up your butt or are you just excited to see me?,1.051282051282051,0.0251365627262945,78,74,4,0,not_evaluated,not_evaluated
Peyronie diseases there is a non surgical procedure,1.0508474576271187,0.0288462014710766,59,56,3,0,not_evaluated,not_evaluated
"See, I told you that you were not underdressed!",1.0508474576271187,0.0288462014710766,59,56,3,0,not_evaluated,not_evaluated
Just shrooms. What did you pre-game with?,1.0508474576271187,0.0376371741135521,59,57,1,1,not_evaluated,not_evaluated
I don’t mean to blow up your spot but I like your moves.,1.0506329113924051,0.0248248272326815,79,75,4,0,not_evaluated,not_evaluated
wiggle wiggle at the gala,1.05,0.0245207223136841,80,76,4,0,not_evaluated,not_evaluated
Diversity & Inclusion: What does it mean if you're the only one dancing at the party?,1.05,0.0283740153267511,60,57,3,0,not_evaluated,not_evaluated
Can’t find my twinkle toes,1.05,0.0245207223136841,80,76,4,0,not_evaluated,not_evaluated
How do you do it? You radiate confidence.,1.05,0.0283740153267511,60,57,3,0,not_evaluated,not_evaluated
Do you feel you’re finally being recognized for your work? ‘Nope.’,1.05,0.0245207223136841,80,76,4,0,not_evaluated,not_evaluated
My last boyfriend was blowing hot air but I feel like you really get me.,1.0493827160493827,0.0299239497371378,81,78,2,1,not_evaluated,not_evaluated
That new guy sure knows how to boogie!,1.0493827160493827,0.0242239714448747,81,77,4,0,not_evaluated,not_evaluated
"I agree with you. That is so daring, I mean who would have thought of mixing black ... with white?",1.0493827160493827,0.0242239714448747,81,77,4,0,not_evaluated,not_evaluated
You haven't changed a bit. What's your secret?,1.0493827160493827,0.0299239497371378,81,78,2,1,not_evaluated,not_evaluated
You're the only one they didn't throw in boiling water.,1.0493827160493827,0.0242239714448747,81,77,4,0,not_evaluated,not_evaluated
I’m always in your shadow.,1.0491803278688523,0.0279170268293875,61,58,3,0,not_evaluated,not_evaluated
you’re an Aries? Oh I’m a “my credit is over 650” - I don’t think this is gonna work…,1.0491803278688523,0.0279170268293875,61,58,3,0,not_evaluated,not_evaluated
You just seem to take all the air out of the room.,1.048780487804878,0.0239343112908613,82,78,4,0,not_evaluated,not_evaluated
"You are a really good dancer.  And I mean it.  I'm not just blowing smoke up your butt,",1.048780487804878,0.0295629054597173,82,79,2,1,not_evaluated,not_evaluated
"-  So? Are you a Republican or a Democrat?  
-  Depends on which way the wind blows!",1.0483870967741935,0.0358283361976237,62,60,1,1,not_evaluated,not_evaluated
"You can dance
You can jive
Having the time of your life
Shall we dance?",1.0483870967741935,0.0274745144619036,62,59,3,0,not_evaluated,not_evaluated
You really can dance like no one's watching ... because you don't have functional eyes.,1.0483870967741935,0.0274745144619036,62,59,3,0,not_evaluated,not_evaluated
"Inflation really is at an all time high everywhere…

-Taylor S Boston, MA",1.0481927710843373,0.0236514909290143,83,79,4,0,not_evaluated,not_evaluated
Your hips -- they really get to the point!,1.0481927710843373,0.0292104670184438,83,80,2,1,not_evaluated,not_evaluated
You’re an amazing dancer but I fear you’re mostly hot air?,1.0481927710843373,0.0236514909290143,83,79,4,0,not_evaluated,not_evaluated
You want me to hold a drink with a long straw for you?,1.0476190476190477,0.0352634110084454,63,61,1,1,not_evaluated,not_evaluated
"Jiffy, are you in the right place? But I do need a change.",1.0476190476190477,0.0270458016308125,63,60,3,0,not_evaluated,not_evaluated
You really radiate the kind of positive energy around the office that just spells upper management.,1.0476190476190477,0.0270458016308125,63,60,3,0,not_evaluated,not_evaluated
I would love if you could recommend the plastic surgeon who performed this transformation,1.0476190476190477,0.0352634110084454,63,61,1,1,not_evaluated,not_evaluated
Sorry I'm not much of a dancer,1.0470588235294118,0.0231054236720462,85,81,4,0,not_evaluated,not_evaluated
I'd love this dance but where should I properly place my hand.,1.046875,0.0266302532264483,64,61,3,0,not_evaluated,not_evaluated
"Yah, but just how can I get the wind in MY sails?",1.046875,0.0266302532264483,64,61,3,0,not_evaluated,not_evaluated
How many miles can a used car have before it's no longer a deal?,1.046875,0.0266302532264483,64,61,3,0,not_evaluated,not_evaluated
What do you consider your success to if you're all hot air?,1.046875,0.0266302532264483,64,61,3,0,not_evaluated,not_evaluated
"Hot air so becomes you, A.I. Charades Lady!",1.046875,0.0266302532264483,64,61,3,0,not_evaluated,not_evaluated
How? I moved my hips like THIS and the missiles just swooshed by.,1.046875,0.0266302532264483,64,61,3,0,not_evaluated,not_evaluated
Do you ever feel like you just need to get outside and move?,1.0461538461538462,0.0262272724942035,65,62,3,0,not_evaluated,not_evaluated
My brother left his blow up doll for someone like you.,1.0461538461538462,0.0262272724942035,65,62,3,0,not_evaluated,not_evaluated
Maybe watching Pump Girls would inspire you to widen your horizon.,1.0461538461538462,0.0262272724942035,65,62,3,0,not_evaluated,not_evaluated
"We know you enjoy your hot yoga classes. 
But you really don’t need to do your poses everywhere we go.",1.0461538461538462,0.0262272724942035,65,62,3,0,not_evaluated,not_evaluated
You GPs always sell it as a good deal,1.0461538461538462,0.0262272724942035,65,62,3,0,not_evaluated,not_evaluated
Wow! You are literally the top left-leaning paper in the Midwest.,1.0461538461538462,0.0262272724942035,65,62,3,0,not_evaluated,not_evaluated
This company is in chaos. How do you stay so centered?,1.0461538461538462,0.0262272724942035,65,62,3,0,not_evaluated,not_evaluated
I thought you probably started in the auto industry!,1.0461538461538462,0.0262272724942035,65,62,3,0,not_evaluated,not_evaluated
I'm actually a trans-gender tomato,1.0461538461538462,0.0341853631435214,65,63,1,1,not_evaluated,not_evaluated
"No really, I hadn’t even noticed you never move from one spot. You really command the room.",1.0461538461538462,0.0341853631435214,65,63,1,1,not_evaluated,not_evaluated
Sure you’re a great dancer but…,1.0454545454545454,0.0258362981844911,66,63,3,0,not_evaluated,not_evaluated
"You’ve always been an airhead, but isn’t this overdoing it ?",1.0454545454545454,0.0258362981844911,66,63,3,0,not_evaluated,not_evaluated
"hi,I'm a dance coach,and with a little shaping you could make it to the big leagues.",1.0454545454545454,0.0258362981844911,66,63,3,0,not_evaluated,not_evaluated
Who needs a dance partner when you have an airdancer?,1.0454545454545454,0.0258362981844911,66,63,3,0,not_evaluated,not_evaluated
"See, I told you. Just a few blow jobs, and you would be sure to get an invite",1.0454545454545454,0.0258362981844911,66,63,3,0,not_evaluated,not_evaluated
"So now that you left the car lot, how does your future with Bud Light look?",1.0454545454545454,0.0258362981844911,66,63,3,0,not_evaluated,not_evaluated
All the movers and shakers are here...,1.0454545454545454,0.0336706811644553,66,64,1,1,not_evaluated,not_evaluated
They’re going to love you! Everyone is looking for a stable icon amidst inflation.,1.0454545454545454,0.0258362981844911,66,63,3,0,not_evaluated,not_evaluated
Not sure if I need a light or wanna dance!!,1.044776119402985,0.0331712646735575,67,65,1,1,not_evaluated,not_evaluated
I just haven’t been feeling myself lately.,1.044776119402985,0.0254568019529087,67,64,3,0,not_evaluated,not_evaluated
I offer you a hacienda with a breezy veranda.,1.044776119402985,0.0254568019529087,67,64,3,0,not_evaluated,not_evaluated
Have we met?  Or did I watch you dance on TikTok?,1.044776119402985,0.0331712646735575,67,65,1,1,not_evaluated,not_evaluated
"So it’s an empty enthusiasm, devoid of all authenticity and ennui. How can I join?",1.044776119402985,0.0254568019529087,67,64,3,0,not_evaluated,not_evaluated
I told you this was not a Tik Tok competition.,1.044776119402985,0.0331712646735575,67,65,1,1,not_evaluated,not_evaluated
Confess! You are full of laughing gas.,1.044776119402985,0.0331712646735575,67,65,1,1,not_evaluated,not_evaluated
Not finishing your PhD is more than just blowing off a little hot air.,1.044776119402985,0.0254568019529087,67,64,3,0,not_evaluated,not_evaluated
Would you like to join my DnD campaign?,1.044776119402985,0.0254568019529087,67,64,3,0,not_evaluated,not_evaluated
"I told you ""WW"" stood for ""Wine Wednesday,"" not ""Wacky Wailing""",1.044776119402985,0.0254568019529087,67,64,3,0,not_evaluated,not_evaluated
"Now put that thang down, flip and reverse it",1.044776119402985,0.0254568019529087,67,64,3,0,not_evaluated,not_evaluated
"You’re fun, but you’re full of warm air.",1.0441176470588236,0.0250882859853723,68,65,3,0,not_evaluated,not_evaluated
Can I get you a straw?,1.0441176470588236,0.0250882859853723,68,65,3,0,not_evaluated,not_evaluated
You are a cheerleading goddess!,1.0441176470588236,0.0250882859853723,68,65,3,0,not_evaluated,not_evaluated
""" You have quite the moves, sir. """,1.0441176470588236,0.0250882859853723,68,65,3,0,not_evaluated,not_evaluated
"1. Bridget, you've got everyone's attention. Don't blow it!",1.0441176470588236,0.0250882859853723,68,65,3,0,not_evaluated,not_evaluated
How do you stay so thin? It must be all the exercise you get.,1.0441176470588236,0.0250882859853723,68,65,3,0,not_evaluated,not_evaluated
Everyone here is full of hot air except you.  The chill is refreshing.,1.0441176470588236,0.0250882859853723,68,65,3,0,not_evaluated,not_evaluated
I was a star when born. Flexibility for an ethnocentric world developed with each yoga pose.,1.0441176470588236,0.0250882859853723,68,65,3,0,not_evaluated,not_evaluated
"It's like you're just always letting the wind blow you where it will - take a stand, won't you!",1.0441176470588236,0.0250882859853723,68,65,3,0,not_evaluated,not_evaluated
"Hello Beautiful."" "" Your dance moves are exquisite.",1.0434782608695652,0.0247302808258487,69,66,3,0,not_evaluated,not_evaluated
You really seem like you go with the flow.,1.0434782608695652,0.0322155901580412,69,67,1,1,not_evaluated,not_evaluated
"Dance with me, I want my arms around you.....""",1.0434782608695652,0.0247302808258487,69,66,3,0,not_evaluated,not_evaluated
So tell me...Who IS The Stranger?,1.0434782608695652,0.0247302808258487,69,66,3,0,not_evaluated,not_evaluated
Happy you are here to add some Ba-ba-loon”,1.0434782608695652,0.0247302808258487,69,66,3,0,not_evaluated,not_evaluated
"Liberace
Finally meets "" The One """,1.0434782608695652,0.0247302808258487,69,66,3,0,not_evaluated,not_evaluated
"Like you, there’s more to me than just selling used cars.",1.0434782608695652,0.0247302808258487,69,66,3,0,not_evaluated,not_evaluated
hhhhh,1.0434782608695652,0.0247302808258487,69,66,3,0,not_evaluated,not_evaluated
"Please stop fussing Steve, I've already told you I only had one drink.",1.0434782608695652,0.0247302808258487,69,66,3,0,not_evaluated,not_evaluated
"I don't know if I wanna dance, smoke or buy a car.",1.042857142857143,0.0243823433868205,70,67,3,0,not_evaluated,not_evaluated
There's got to be more to you then raising the roof.,1.042857142857143,0.0243823433868205,70,67,3,0,not_evaluated,not_evaluated
Ever try rebounding a basketball?,1.042857142857143,0.0243823433868205,70,67,3,0,not_evaluated,not_evaluated
I don't know why people say you're a boring old wind bag. I think you're interesting.,1.042857142857143,0.0243823433868205,70,67,3,0,not_evaluated,not_evaluated
"Beautiful,you sexy thing !!",1.042857142857143,0.0243823433868205,70,67,3,0,not_evaluated,not_evaluated
"Show me those moves, and let's dance!",1.042857142857143,0.0243823433868205,70,67,3,0,not_evaluated,not_evaluated
Betty -he didn’t mean it when he said you’re full of hot air,1.042857142857143,0.0243823433868205,70,67,3,0,not_evaluated,not_evaluated
Such joy! And without so much as a breeze!,1.042857142857143,0.0243823433868205,70,67,3,0,not_evaluated,not_evaluated
"I get knocked down, but I get up again, you are never keep me down""",1.042857142857143,0.0243823433868205,70,67,3,0,not_evaluated,not_evaluated
You remind me of old  acquaintance --  Wham-O's Water Wiggle?,1.0422535211267605,0.0240440551248123,71,68,3,0,not_evaluated,not_evaluated
"Your argument involves a lot of hand-waving and frankly, I think you're full of hot air.",1.0422535211267605,0.0240440551248123,71,68,3,0,not_evaluated,not_evaluated
"Hey Guys! I said business casual for this event, nothing formal!",1.0422535211267605,0.0240440551248123,71,68,3,0,not_evaluated,not_evaluated
I love that you are so free and expressive.  Most people are full of hot air.,1.0422535211267605,0.0240440551248123,71,68,3,0,not_evaluated,not_evaluated
You have the smoothest moves.,1.0422535211267605,0.0240440551248123,71,68,3,0,not_evaluated,not_evaluated
I wish I had your whimsical demeanor but I've been bogged down by work and personal relationships and the disappointment of not meeting my life goals.,1.0422535211267605,0.0240440551248123,71,68,3,0,not_evaluated,not_evaluated
"Sweetheart, I know you love to dance but the band has left the stage.",1.0422535211267605,0.0240440551248123,71,68,3,0,not_evaluated,not_evaluated
"Wishy washy, but okay I guess”",1.0422535211267605,0.0240440551248123,71,68,3,0,not_evaluated,not_evaluated
Inflated self esteem?,1.0422535211267605,0.0240440551248123,71,68,3,0,not_evaluated,not_evaluated
You’r a great one legged dancer,1.0422535211267605,0.0240440551248123,71,68,3,0,not_evaluated,not_evaluated
Hey...good to see you.  How are things at the used car lot ?,1.0422535211267605,0.0240440551248123,71,68,3,0,not_evaluated,not_evaluated
And a one and a two.,1.0416666666666667,0.0237150203652309,72,69,3,0,not_evaluated,not_evaluated
Do you want a wedding or do you want to dance?,1.0416666666666667,0.0237150203652309,72,69,3,0,not_evaluated,not_evaluated
"Listen, I don't want to hear about how supple you are. It's an unfair advantage - you don't have any bones.",1.0416666666666667,0.0308810378331522,72,70,1,1,not_evaluated,not_evaluated
You're awfully tall for a used car salesman.,1.0410958904109588,0.0233948647624648,73,70,3,0,not_evaluated,not_evaluated
"You are the one here who isn't a ""blow hard""... seriously!",1.0410958904109588,0.0233948647624648,73,70,3,0,not_evaluated,not_evaluated
"Hi Windy, you sure are “attractive”.",1.0410958904109588,0.0304604202377313,73,71,1,1,not_evaluated,not_evaluated
Why don't you get off your high horse and come dance with me?,1.0410958904109588,0.0233948647624648,73,70,3,0,not_evaluated,not_evaluated
"Frankly, I find that you are just full of hot air.",1.0410958904109588,0.0304604202377313,73,71,1,1,not_evaluated,not_evaluated
I just don’t appreciate you leaving me to twist in the wind here at your Corporate get together.,1.0410958904109588,0.0233948647624648,73,70,3,0,not_evaluated,not_evaluated
I'm not responsible for January 6th.,1.0405405405405406,0.0230832338826794,74,71,3,0,not_evaluated,not_evaluated
"Would you like a Lighter, Maam",1.0405405405405406,0.0230832338826794,74,71,3,0,not_evaluated,not_evaluated
We're so glad you could join the Association of Successful Used Car Dealers at our annual banquet and awards ceremony!,1.0405405405405406,0.0230832338826794,74,71,3,0,not_evaluated,not_evaluated
We're fine. The bride and groom don't want the Hokey Pokey either.,1.0405405405405406,0.0230832338826794,74,71,3,0,not_evaluated,not_evaluated
Zoloft has been a lifesaver for me when I feel deflated.,1.0405405405405406,0.0230832338826794,74,71,3,0,not_evaluated,not_evaluated
"Oh great something else for our politicians,courts and government officials to debate and outlaw!",1.0405405405405406,0.0230832338826794,74,71,3,0,not_evaluated,not_evaluated
"You remind me of my ex, Pepperoni.",1.0405405405405406,0.0230832338826794,74,71,3,0,not_evaluated,not_evaluated
You know if I had your swerve I wouldn’t be single anymore.,1.0405405405405406,0.0300511053611686,74,72,1,1,not_evaluated,not_evaluated
"So, man, here's my get-rich scheme: We  fasten you to a whale:s blowhole, everyone will see and steer towards you, and we'll sell  the krill we harvest from the baleen as the hot new dairy-free snack!",1.04,0.0227797918980599,75,72,3,0,not_evaluated,not_evaluated
I also find it challenging to work remotely,1.04,0.0227797918980599,75,72,3,0,not_evaluated,not_evaluated
See you touch your toes? What toes?,1.04,0.0296526437148406,75,73,1,1,not_evaluated,not_evaluated
"You really know how to inflate the room with happiness. How's about, I dunno, we skip this party and go back to my place, do a little drinking, a little dancing, a little fighting, smoke a jay, you knoow, just relax...",1.04,0.0227797918980599,75,72,3,0,not_evaluated,not_evaluated
Fabulous! Where'd you get that dress?,1.0394736842105263,0.0224842203824145,76,73,3,0,not_evaluated,not_evaluated
I've really lowered myself to talking to an inflatable?,1.0394736842105263,0.0224842203824145,76,73,3,0,not_evaluated,not_evaluated
But Mr. President we're needed for a photo op.,1.0389610389610389,0.0221962171990835,77,74,3,0,not_evaluated,not_evaluated
"So, how long have you worked at the used car lot?",1.0379746835443038,0.021641782639623,79,76,3,0,not_evaluated,not_evaluated
Let me guess...you work as a prop at a urologist's office?,1.0379746835443038,0.0281591317452047,79,77,1,1,not_evaluated,not_evaluated
"When you told me that you were carefree,I thought you said that you were careful.",1.0375,0.021374819563973,80,77,3,0,not_evaluated,not_evaluated
I wish I could dance as well as you airheads!,1.0375,0.021374819563973,80,77,3,0,not_evaluated,not_evaluated
Good hoop earrings will finish it off nicely.,1.0375,0.021374819563973,80,77,3,0,not_evaluated,not_evaluated
"Don't make any sudden movements, but you wouldn't believe who just walked in behind you.",1.0375,0.021374819563973,80,77,3,0,not_evaluated,not_evaluated
Doing the Hokey-Pokey is so last century!,1.037037037037037,0.027467401804058,81,79,1,1,not_evaluated,not_evaluated
How's the air?,1.0357142857142858,0.0250231803480488,56,54,2,0,not_evaluated,not_evaluated
I didn't know that you could control your moves.,1.035294117647059,0.020133022774304,85,82,3,0,not_evaluated,not_evaluated
"What's your pronoun?
Anita Barlow, Edmond, Oklahoma",1.0350877192982455,0.024588241692166,57,55,2,0,not_evaluated,not_evaluated
"Oh, hey Windy, what’s up?",1.0350877192982455,0.024588241692166,57,55,2,0,not_evaluated,not_evaluated
so THIS is what a drunk person looks like.,1.0344827586206895,0.024168160139671,58,56,2,0,not_evaluated,not_evaluated
Why is everyone in marketing such a gas bag?,1.0333333333333334,0.0233696247231032,60,58,2,0,not_evaluated,not_evaluated
Dancing for money!,1.0333333333333334,0.0233696247231032,60,58,2,0,not_evaluated,not_evaluated
Me? I’m anti car mostly. Not that I wouldn’t buy one from you I’ve just had too many tragedies in the past. You know how it is. I get one whiff of gas and can’t fight off the urge to drive on the highway using only my mouth. Wife calls me bite freak.,1.0333333333333334,0.0233696247231032,60,58,2,0,not_evaluated,not_evaluated
your a great dancer,1.0327868852459017,0.0229898185442214,61,59,2,0,not_evaluated,not_evaluated
Your so fit and flexible. Who’s your trainer ?,1.0327868852459017,0.0229898185442214,61,59,2,0,not_evaluated,not_evaluated
"Hi, excuse me, how much do you pay for rent?",1.0327868852459017,0.0229898185442214,61,59,2,0,not_evaluated,not_evaluated
"I can see you're a hot number, but I'm afraid  this is a cocktail party, not a dance.",1.0326086956521738,0.0186186036645608,92,89,3,0,not_evaluated,not_evaluated
"No, I don't think you're wacky at all.",1.032258064516129,0.032258064516129,62,61,0,1,not_evaluated,not_evaluated
Would you like a drink? In a sippy-cup of course.,1.032258064516129,0.0226221572038153,62,60,2,0,not_evaluated,not_evaluated
"Actually, this conference is for Salesperson of the Year for new car dealerships, not used car lots.",1.032258064516129,0.0226221572038153,62,60,2,0,not_evaluated,not_evaluated
"What, no pasties?",1.032258064516129,0.0226221572038153,62,60,2,0,not_evaluated,not_evaluated
Oooops!. .....  Pardon me....Just a little gas!,1.032258064516129,0.0226221572038153,62,60,2,0,not_evaluated,not_evaluated
You know I can't get you a red wine,1.031746031746032,0.022266067491202,63,61,2,0,not_evaluated,not_evaluated
How’s the air up there?,1.031746031746032,0.022266067491202,63,61,2,0,not_evaluated,not_evaluated
Wooooooooo-hooooooo! Shake what your car wash gave ya!,1.031746031746032,0.0317460317460316,63,62,0,1,not_evaluated,not_evaluated
"Yes,you absolutely look amazing,but do you have to let it inflate your ego?",1.031746031746032,0.022266067491202,63,61,2,0,not_evaluated,not_evaluated
"?

I was kidding about tall women turn me on; you surely took it too far..",1.0315789473684212,0.0180371122881977,95,92,3,0,not_evaluated,not_evaluated
"My dear, I find your inflated view of yourself so refreshing!",1.03125,0.0219210117003813,64,62,2,0,not_evaluated,not_evaluated
Gas again?,1.03125,0.0219210117003813,64,62,2,0,not_evaluated,not_evaluated
Didn't I see you out in front of Bud's Used Cars,1.0307692307692309,0.0215864849236958,65,63,2,0,not_evaluated,not_evaluated
"Oh my god Herman,i thought you died at the car dealership event.",1.0307692307692309,0.0215864849236958,65,63,2,0,not_evaluated,not_evaluated
I admire you natural move,1.0307692307692309,0.0215864849236958,65,63,2,0,not_evaluated,not_evaluated
"gosh, it's so hard getting someone's attention at these sort of things, am I right?",1.0307692307692309,0.0215864849236958,65,63,2,0,not_evaluated,not_evaluated
"It's the latest dance move. Try it.
But I'm inflexible, which is why it's so hard for me to find a suitable partner.",1.0303030303030305,0.0212620125892613,66,64,2,0,not_evaluated,not_evaluated
"You couldn't be much of a paper trail if 
you haven't destroyed anyone's life.",1.0303030303030305,0.0212620125892613,66,64,2,0,not_evaluated,not_evaluated
"You have all the right moves, lady! Get out of there if you like to have some fun.",1.0303030303030305,0.0303030303030302,66,65,0,1,not_evaluated,not_evaluated
Don’t try stealthing me.,1.0298507462686568,0.0209471482169324,67,65,2,0,not_evaluated,not_evaluated
I don't think you can understand what my back pain feels like,1.0298507462686568,0.0209471482169324,67,65,2,0,not_evaluated,not_evaluated
What can I say?,1.0298507462686568,0.0209471482169324,67,65,2,0,not_evaluated,not_evaluated
So you're saying I CAN'T get you pregnant.,1.0298507462686568,0.0209471482169324,67,65,2,0,not_evaluated,not_evaluated
I'm tired of living in a world where it's OK to shame those of us who are full of hot air.,1.0298507462686568,0.0209471482169324,67,65,2,0,not_evaluated,not_evaluated
So what!  You’ve got a lot of cute moves!,1.0298507462686568,0.0209471482169324,67,65,2,0,not_evaluated,not_evaluated
Can I get you a drink?,1.0294117647058822,0.0206414713705158,68,66,2,0,not_evaluated,not_evaluated
Don't make an ash of yourself.,1.0294117647058822,0.0206414713705158,68,66,2,0,not_evaluated,not_evaluated
Can I get you a drink? I really like femmes. Come here often?,1.0294117647058822,0.0206414713705158,68,66,2,0,not_evaluated,not_evaluated
Is your oddly mesmerizing vibe more than just hot air?,1.0294117647058822,0.0294117647058823,68,67,0,1,not_evaluated,not_evaluated
Do you happen to know where I can refill my wine?,1.0294117647058822,0.0206414713705158,68,66,2,0,not_evaluated,not_evaluated
"oh my god Becky, look at her butt",1.0294117647058822,0.0206414713705158,68,66,2,0,not_evaluated,not_evaluated
"Your active listening skills- hats off to you, really. I feel like you really get me.",1.0294117647058822,0.0206414713705158,68,66,2,0,not_evaluated,not_evaluated
"Sorry to tell you this, but the reception for 3D-printed robots is in the building next door.",1.0289855072463767,0.0203445857864991,69,67,2,0,not_evaluated,not_evaluated
It's better than talking to a wall.,1.0289855072463767,0.0203445857864991,69,67,2,0,not_evaluated,not_evaluated
How much do you make per hour? I'm thinking about changing jobs so I won't have to endure this small talk nonsense any longer.,1.0289855072463767,0.0203445857864991,69,67,2,0,not_evaluated,not_evaluated
Don't you feel better loosing all that weight ?,1.028169014084507,0.019775714084999,71,69,2,0,not_evaluated,not_evaluated
Is it drafty in here or is it just me?,1.028169014084507,0.019775714084999,71,69,2,0,not_evaluated,not_evaluated
And they said celery couldn’t be erotic,1.0277777777777777,0.0195030415972058,72,70,2,0,not_evaluated,not_evaluated
"I can see why you're excited..
Your Career is about to really Bolw Up",1.0277777777777777,0.0195030415972058,72,70,2,0,not_evaluated,not_evaluated
I think that you're just a big blow-hard!,1.0277777777777777,0.0195030415972058,72,70,2,0,not_evaluated,not_evaluated
I'm worried. He doesn't have any reflection in a mirror either.,1.027027027027027,0.0189796454912644,74,72,2,0,not_evaluated,not_evaluated
"So? Do you want to dance with me or not?""
whidbey island w",1.027027027027027,0.0189796454912644,74,72,2,0,not_evaluated,not_evaluated
"Savoring the taste of life, one sip of wine and one dance at a time",1.0263157894736843,0.0184836030751802,76,74,2,0,not_evaluated,not_evaluated
"Gonna be a blow-out, huh?",1.0256410256410255,0.0180128249567746,78,76,2,0,not_evaluated,not_evaluated
It’s no different then when a dog licks you. Why do you have to be this way,1.0256410256410255,0.0180128249567746,78,76,2,0,not_evaluated,not_evaluated
Can you tone it down? You don’t always have to be wacky!,1.0235294117647058,0.0165384755396364,85,83,2,0,not_evaluated,not_evaluated
I've already tried yoga - any other tips?,1.0192307692307692,0.0194183909345154,52,51,1,0,not_evaluated,not_evaluated
You know you've been a real high and flighty air-headed blowup since you cut back on your drinking.,1.0175438596491229,0.0176998081351197,57,56,1,0,not_evaluated,not_evaluated
"I'm not sure which, but I'm pretty certain one of us is very dunk.",1.0172413793103448,0.0173919619013491,58,57,1,0,not_evaluated,not_evaluated
Your bright light overshadows everyone else in the room...,1.0172413793103448,0.0173919619013491,58,57,1,0,not_evaluated,not_evaluated
"Tube Man, welcome to our moncrome party.",1.0166666666666666,0.0168073161363203,60,59,1,0,not_evaluated,not_evaluated
It's called Peyrone's Disease.  They can fix it!,1.0166666666666666,0.0168073161363203,60,59,1,0,not_evaluated,not_evaluated
"I swear, I didn't put anything in your drink.",1.0166666666666666,0.0168073161363203,60,59,1,0,not_evaluated,not_evaluated
"Hey buddy,you know they have a pill for that disease now!",1.0163934426229508,0.0165294901226821,61,60,1,0,not_evaluated,not_evaluated
I don’t want to go out with you! You're just a lot of hot air!,1.0161290322580645,0.0162607000121859,62,61,1,0,not_evaluated,not_evaluated
Could you show me that all over again?“,1.0158730158730158,0.0160005120245773,63,62,1,0,not_evaluated,not_evaluated
"So, how’d you get into your line of work?",1.015625,0.0157485197087178,64,63,1,0,not_evaluated,not_evaluated
"Hi ther, short stuff!  Do you want to swing?",1.015384615384615,0.015504341823651,65,64,1,0,not_evaluated,not_evaluated
Such airy lightness; I don't get how you do it?,1.0147058823529411,0.0148152212736489,68,67,1,0,not_evaluated,not_evaluated
Your presentation was great and I'm not just blowing smoke up your ass!,1.0142857142857142,0.0143888615767238,70,69,1,0,not_evaluated,not_evaluated
Boring party. Love your insouciance.,1.0142857142857142,0.0143888615767238,70,69,1,0,not_evaluated,not_evaluated
"I'd like to introduce myself, Ms. Windsock with a cute butt.""",1.0129870129870129,0.0130721746404,77,76,1,0,not_evaluated,not_evaluated
"Well then, perhaps another hit of helium?",1.0126582278481011,0.0127391119161248,79,78,1,0,not_evaluated,not_evaluated
Your wacky waving and arm flailing really turns me on.  I know that I am at the right place with you.,1.0,0.0162607000121859,62,62,0,0,not_evaluated,not_evaluated
"Dance with you? Maybe. But first, do you do hydrogen?",1.0,0.015504341823651,65,65,0,0,not_evaluated,not_evaluated
"why are we even here, mr inflatable, why are we even here.",1.0,0.0134231211042804,75,75,0,0,not_evaluated,not_evaluated
"You sure know how to shake, rattle and ROLL!!",1.0,0.0152676204138114,66,66,0,0,not_evaluated,not_evaluated
You look familiar - do you hang out at the car dealership?,1.0,0.020619652471058,49,49,0,0,not_evaluated,not_evaluated
It is just so refreshing to meet someone with your charisma.,1.0,0.0176998081351197,57,57,0,0,not_evaluated,not_evaluated
