caption,mean,precision,votes,not_funny,somewhat_funny,funny,llm_humor_labels,llm_sentiment
Upset? I’m beside myself!,1.699070160608622,0.0230801609384538,1183,604,331,248,sarcasm,negative
Maybe warming up first wasn't such a good idea.,1.68125,0.0244966378666735,960,478,310,172,sarcasm,negative
"My whole life flashed before my eyes. Monday, Tuesday, all of it.",1.6730386300278774,0.0158560414833079,2511,1337,658,516,unknown,neutral
Oh my God! My butt is huge.,1.66606225445754,0.0143115460731071,3309,1858,698,753,self-deprecating,positive
Give me a moment to collect myself.,1.659678858162355,0.0157056393147101,2242,1131,743,368,sarcasm,neutral
"That wasn't what I meant by ""knock it off"".",1.656084656084656,0.0227311300153986,1134,594,336,204,sarcasm,negative
Please tell me the dog isn't out.,1.651073197578426,0.0180813619270971,1817,967,517,333,unknown,negative
I’m technically still standing,1.6478484011054086,0.0147633739466297,2533,1302,821,410,self-deprecating,neutral
I shouldn’t have warmed up.,1.6436825885978428,0.0149983516766064,2596,1385,751,460,irony,negative
Just give me a moment to collect myself.,1.6399132321041214,0.0138041226783012,2766,1406,950,410,sarcasm,neutral
"I saw that left hook coming at me, but I just froze.",1.6335841956726247,0.0162540432325418,2126,1129,647,350,not_evaluated,not_evaluated
Don't feel bad. In a few weeks it'll be like this never happened.,1.6333078686019862,0.0146974025216082,2618,1396,786,436,not_evaluated,not_evaluated
"OK you win, but in a few weeks this'll all be water under the bridge",1.6228179551122195,0.019250102191092,1604,893,423,288,not_evaluated,not_evaluated
Something feels off,1.614975845410628,0.0163873652346587,2070,1127,613,330,not_evaluated,not_evaluated
"You’re fine, put some ice on it.",1.6129827444535745,0.0213840905182234,1217,665,358,194,not_evaluated,not_evaluated
Let’s hope the kid comes back outside before the dog.,1.6118181818181818,0.0229592921400351,1100,615,297,188,not_evaluated,not_evaluated
That’s not what I meant when I told you to knock it off,1.6091954022988506,0.0183983628787731,1740,985,450,305,not_evaluated,not_evaluated
It's March. We're both going to lose.,1.6091731266149871,0.0186006730067809,1548,835,483,230,not_evaluated,not_evaluated
"Well, technically, I was out cold before the punch.",1.6066089693154997,0.0148823106666087,2542,1412,718,412,not_evaluated,not_evaluated
I just need a second to get my head back in the game.,1.6059749697214372,0.0148662172447092,2477,1358,737,382,not_evaluated,not_evaluated
Part of me thinks this was a bad idea.,1.5956500247157686,0.0160310798420042,2023,1097,644,282,not_evaluated,not_evaluated
I should have quit while I was a head.,1.5942168674698796,0.0168531433921186,2075,1203,511,361,not_evaluated,not_evaluated
"Time out, I sneezed.",1.591337099811676,0.0185531589357713,1593,895,454,244,not_evaluated,not_evaluated
"Christmas is great. Boxing Day, not so much.",1.5802371541501976,0.0206238376223843,1265,717,362,186,not_evaluated,not_evaluated
"If we took this inside, I’d mop the floor with you.",1.580158159597412,0.0196269345360233,1391,787,401,203,not_evaluated,not_evaluated
He's got a dark sense of humor for a six-year-old.,1.5743329097839898,0.0191587937664185,1574,932,380,262,not_evaluated,not_evaluated
You’re still not getting the hat back.,1.5729166666666667,0.0169231660550698,1824,1032,539,253,not_evaluated,not_evaluated
Enjoy your short-lived victory. Weather forecast is a high of 45 tomorrow.,1.5643979057591624,0.0223914489031251,955,527,317,111,not_evaluated,not_evaluated
Why didn't you tell me my butt looked this big from behind.,1.564198687910028,0.022235323918037,1067,615,302,150,not_evaluated,not_evaluated
Usually you just talk my head off.,1.5608766233766234,0.0209153224694252,1232,721,331,180,not_evaluated,not_evaluated
"You know the rules, nothing above the scarf",1.5563139931740615,0.0185699315538759,1465,839,437,189,not_evaluated,not_evaluated
The kids just don’t make us like they used to.,1.5473321858864026,0.0206969306537051,1162,671,346,145,not_evaluated,not_evaluated
Next time maybe cooler heads will prevail,1.5472249269717624,0.0223523721163601,1027,601,290,136,not_evaluated,not_evaluated
"Okay,Okay ! Keep the scarf.",1.543465405085748,0.0172214162519641,1691,986,491,214,not_evaluated,not_evaluated
I wasn't built for this.,1.5360333531864203,0.0172008420178283,1679,987,484,208,not_evaluated,not_evaluated
"Alright, we’ll call it a …thaw.”",1.5349075975359343,0.0226061824431307,974,574,279,121,not_evaluated,not_evaluated
I’m still a head.,1.5307760927743086,0.021141824202209,1121,667,313,141,not_evaluated,not_evaluated
I don't know if my medical insurance covers freezer burn.,1.5281124497991967,0.0212404001140062,1494,1022,155,317,not_evaluated,not_evaluated
I can't feel my balls.,1.526861451460886,0.0230297348657923,1061,668,227,166,not_evaluated,not_evaluated
And how exactly would headgear have prevented this?,1.5212121212121212,0.0222576621659543,990,593,278,119,not_evaluated,not_evaluated
I feel oddly liberated.,1.518167456556082,0.0220985648870832,1266,843,190,233,not_evaluated,not_evaluated
Looks like I’m ahead now!,1.5126582278481011,0.0211042320956967,1106,673,299,134,not_evaluated,not_evaluated
'Just put ice on it' is your answer to everything.,1.5122362869198311,0.0204381072039528,1185,723,317,145,not_evaluated,not_evaluated
That was cold.,1.5069767441860464,0.0216006180453822,1075,665,275,135,not_evaluated,not_evaluated
I was already out cold.,1.5053859964093357,0.0221527976843471,1114,716,233,165,not_evaluated,not_evaluated
"Technically, I’m still standing!",1.501457725947522,0.0212406463889183,1029,623,296,110,not_evaluated,not_evaluated
I am still not giving you my hat.,1.5,0.0244632862535882,782,476,221,85,not_evaluated,not_evaluated
"Thanks, now I'm just an abdominal snowman...",1.497420020639835,0.0245263959109349,969,648,160,161,not_evaluated,not_evaluated
Knocked me out cold.,1.4951338199513382,0.0244514043072171,822,514,209,99,not_evaluated,not_evaluated
I guess I’m done for the season.,1.4932221063607924,0.0216771386731659,959,582,281,96,not_evaluated,not_evaluated
Rush me to the ICY U!,1.4917853231106244,0.0246072800839077,913,602,173,138,not_evaluated,not_evaluated
Spring will be the great equalizer.,1.490730643402399,0.0215799799732882,917,548,288,81,not_evaluated,not_evaluated
Guess I'll be moving down a weight class.,1.4900351699882766,0.0236114037840696,853,531,226,96,not_evaluated,not_evaluated
That big puffy cloud is shaped like your Mama.,1.4895104895104896,0.0242499918620189,858,547,202,109,not_evaluated,not_evaluated
"Et tu, Frosty?",1.4866504854368932,0.0243427796518726,824,521,205,98,not_evaluated,not_evaluated
"Dude,that was cold.",1.4809160305343512,0.0246928503976513,786,498,198,90,not_evaluated,not_evaluated
"Of course, I didn't see it coming, I have ""two eyes made of coal"", for god's sakes!",1.4772727272727273,0.0265751022717833,748,495,149,104,not_evaluated,not_evaluated
"All I said was, “That looks like the scarf I loaned you last winter.”",1.4759427828348504,0.0248874845833907,769,490,192,87,not_evaluated,not_evaluated
And I thought the legs were the first to go.,1.4759358288770053,0.024249387241894,748,463,214,71,not_evaluated,not_evaluated
I never thought I’d shed a tier.,1.4758800521512383,0.0252068819529988,767,493,183,91,not_evaluated,not_evaluated
I thought we agreed—no hitting above the snowbelt.,1.473753280839895,0.0273566286193558,762,523,117,122,not_evaluated,not_evaluated
You better put some ice on it.,1.473314606741573,0.0260485848451798,712,458,171,83,not_evaluated,not_evaluated
"That's not what I meant by ""knock it off"".",1.4727272727272729,0.0264153223322939,715,466,160,89,not_evaluated,not_evaluated
"Sure, I can roll with the punches. But only so far.",1.4718019257221455,0.0260137612620979,727,472,167,88,not_evaluated,not_evaluated
"Fine, I take it back. Your mom wasn’t a snow blower.",1.4715672676837726,0.0277469553178431,721,491,120,110,not_evaluated,not_evaluated
It's only a K.O. if the torso is on the ground. I'm still in the ring here.,1.470326409495549,0.025541111493192,674,421,189,64,not_evaluated,not_evaluated
I think I warmed up too much.,1.4696132596685083,0.0254233502142162,724,463,182,79,not_evaluated,not_evaluated
"Okay, I admit I'm out cold.",1.4691176470588236,0.0263815800213047,680,437,167,76,not_evaluated,not_evaluated
I can't feel my twigs.,1.4683908045977012,0.0264066985908174,696,452,162,82,not_evaluated,not_evaluated
Gesundheit!,1.4681753889674682,0.0272275601550789,707,473,137,97,not_evaluated,not_evaluated
"O.K., O.K., I'm sorry.  You DON'T have stick arms and a fat ass.",1.4675516224188792,0.0266822611279381,678,440,159,79,not_evaluated,not_evaluated
Oh great. Now my nose starts itching.,1.4672245467224547,0.0253720965496875,717,458,183,76,not_evaluated,not_evaluated
Tell my kids I love them and to stay out of the sun,1.4657534246575343,0.0273112768878943,657,430,148,79,not_evaluated,not_evaluated
Put some ice on that.,1.4615384615384617,0.0269845956647493,624,400,160,64,not_evaluated,not_evaluated
Indeed this gives me an entirely new perspective.,1.4581358609794628,0.0264150301013599,633,404,168,61,not_evaluated,not_evaluated
"Not literally ""knock it off.""",1.4567307692307692,0.0275391665645204,624,409,145,70,not_evaluated,not_evaluated
"Wow, my butt really is big.",1.4527972027972027,0.0295772948513871,572,385,115,72,not_evaluated,not_evaluated
I had no idea my ass was so big.,1.452418096723869,0.028137672736447,641,434,124,83,not_evaluated,not_evaluated
"No worries, it's just a slush wound.",1.4521739130434783,0.0279824421008147,575,373,144,58,not_evaluated,not_evaluated
Pretty good for a white guy.,1.450946643717728,0.0292268861000953,581,391,118,72,not_evaluated,not_evaluated
Let’s pick it up from here for tomorrow.,1.44731977818854,0.0287664641573532,541,353,134,54,not_evaluated,not_evaluated
"Dude, you knocked me cold.",1.4463276836158192,0.028163179702973,531,340,145,46,not_evaluated,not_evaluated
"Well, there goes my hand/eye coordination.",1.4459691252144082,0.0291364531572437,583,395,116,72,not_evaluated,not_evaluated
It looks worse than it feels.,1.443181818181818,0.0286435184233329,528,343,136,49,not_evaluated,not_evaluated
You've got to keep your head in the game.,1.443014705882353,0.0287543273581242,544,358,131,55,not_evaluated,not_evaluated
"Sorry, I just lost my head there for a second.",1.4425385934819897,0.0279899534761814,583,386,136,61,not_evaluated,not_evaluated
Should I put some ice on it?,1.4411214953271028,0.0303926333244331,535,365,104,66,not_evaluated,not_evaluated
I’m starting to see the merits of pickleball.,1.4400785854616895,0.0293949418897069,509,334,126,49,not_evaluated,not_evaluated
I said on THREE.,1.4400749063670413,0.0299661698240314,534,361,111,62,not_evaluated,not_evaluated
Still not giving you the hat.,1.437847866419295,0.0288086937584697,539,357,128,54,not_evaluated,not_evaluated
My headache is gone.,1.4373795761078998,0.0302320175593357,519,351,109,59,not_evaluated,not_evaluated
I warmed up too much,1.4372623574144487,0.0293220925037486,526,350,122,54,not_evaluated,not_evaluated
I still think your scarf is stupid.,1.4361904761904762,0.0297274900989653,525,353,115,57,not_evaluated,not_evaluated
Hang on. I need to get my head in the game.,1.435700575815739,0.0300164806157449,521,352,111,58,not_evaluated,not_evaluated
"I'm still standing, I'm still standing!",1.4348659003831417,0.0297241617029795,522,351,115,56,not_evaluated,not_evaluated
OK you win Frosty. The song is about YOU.,1.4323232323232322,0.0306343749031338,495,335,106,54,not_evaluated,not_evaluated
I’m fine—it’s just a slush wound!,1.4318658280922432,0.0313418383905424,477,324,100,53,not_evaluated,not_evaluated
"I thought we agreed, nothing below the belt, nothing above the scarf.",1.4313304721030042,0.0290052736294893,466,299,133,34,not_evaluated,not_evaluated
Mind giving me a heads up?,1.430084745762712,0.0311484448022348,472,319,103,50,not_evaluated,not_evaluated
Wow! My sinuses feel better!,1.4295010845986984,0.0304760235150071,461,305,114,42,not_evaluated,not_evaluated
"You may have one this round, but I’m still a head.",1.4262295081967211,0.0313346011919839,488,337,94,57,not_evaluated,not_evaluated
Tell my corner to throw in the scarf.,1.4251101321585904,0.0301501902275075,454,299,117,38,not_evaluated,not_evaluated
I think I’ll quit while I’m a head!,1.425055928411633,0.0330101942532688,447,311,82,54,not_evaluated,not_evaluated
"If you wanted my hat, all you had to do was ask for it !",1.4233409610983982,0.0301050584017463,437,285,119,33,not_evaluated,not_evaluated
Doesn't this change my weight class?,1.4228971962616823,0.0303603597995323,428,279,117,32,not_evaluated,not_evaluated
"You were right, I can see stars from here.",1.4222222222222225,0.0306473727900909,450,300,110,40,not_evaluated,not_evaluated
Wait a second while I get my head on straight!,1.421978021978022,0.0295993334247369,455,298,122,35,not_evaluated,not_evaluated
"Quick, somebody build a referee!",1.4215246636771302,0.0314857213448465,446,302,100,44,not_evaluated,not_evaluated
"No, really...it's fine.  I've returned to my birthplace.",1.4211764705882353,0.030679450779587,425,279,113,33,not_evaluated,not_evaluated
They can't reattach it if you don't keep it cold.,1.4195121951219511,0.0314482274513805,410,271,106,33,not_evaluated,not_evaluated
get your head back in the game,1.4192037470725996,0.0339744285650093,427,301,73,53,not_evaluated,not_evaluated
Okay. You win. You can have your hat back.,1.419134396355353,0.0311753437139326,439,295,104,40,not_evaluated,not_evaluated
"I'm sorry, my head is not in the game today",1.4164859002169197,0.0317696714010342,461,320,90,51,not_evaluated,not_evaluated
I roll with the punches.,1.4148148148148147,0.0398849958936378,270,183,62,25,not_evaluated,not_evaluated
I'll be fine. I just need to get my head in the game.,1.4147982062780269,0.0320809121419631,446,309,89,48,not_evaluated,not_evaluated
"Technically, that was a knockoff.",1.4147982062780269,0.0320809121419631,446,309,89,48,not_evaluated,not_evaluated
"Dont worry, I'll be fine. I've just got to put some ice on it.",1.414691943127962,0.0330813441446587,422,293,83,46,not_evaluated,not_evaluated
Heads!  I win!,1.414572864321608,0.0345484722596632,398,279,73,46,not_evaluated,not_evaluated
You were smart to wear a neck guard.,1.414351851851852,0.0345945204030733,432,312,61,59,not_evaluated,not_evaluated
Let’s rethink what I meant by “knock it off.”,1.4135667396061269,0.0328467415920442,457,325,75,57,not_evaluated,not_evaluated
The Iceman Succumbeth,1.413265306122449,0.0343691725301792,392,273,76,43,not_evaluated,not_evaluated
Now I get why the scarf.,1.4125560538116593,0.0319098409713527,446,309,90,47,not_evaluated,not_evaluated
"Okay, that does it - the mittens are coming off!",1.4116222760290558,0.0308578971057471,413,274,108,31,not_evaluated,not_evaluated
It's not over till one of us has a meltdown.,1.4106280193236715,0.0321010634831353,414,282,94,38,not_evaluated,not_evaluated
"It's not good if I can see my own ass, is it?",1.4099216710182767,0.0337490501281307,383,263,83,37,not_evaluated,not_evaluated
It's heads. You lose.,1.4094117647058824,0.0314963797349873,425,289,98,38,not_evaluated,not_evaluated
Why don’t you come down here and say it to my face?,1.4090909090909092,0.0342720966109034,396,278,74,44,not_evaluated,not_evaluated
"Okay, okay, you can have the hat!",1.4088541666666667,0.0334754669166801,384,263,85,36,not_evaluated,not_evaluated
"Lucky punch, I froze.",1.4084158415841583,0.0335820032247265,404,282,79,43,not_evaluated,not_evaluated
"I told you to knock it off, but I didn’t mean it literally",1.4080188679245282,0.0315398638658082,424,289,97,38,not_evaluated,not_evaluated
"That's going to leave a mark, or a small puddle.",1.4075949367088607,0.0309810063410257,395,261,107,27,not_evaluated,not_evaluated
Oh Please.  Pull. yourself together!,1.407035175879397,0.0329992105601921,398,274,86,38,not_evaluated,not_evaluated
Remember when the Murphey kids used to pose us holding hands? I blame violent video games,1.4069148936170213,0.033553389368764,376,257,85,34,not_evaluated,not_evaluated
You throw a mean left twig.,1.4066496163682864,0.0324267877485933,391,265,93,33,not_evaluated,not_evaluated
"Okay, no hitting above the belt either.",1.4061696658097689,0.0339363942408015,389,271,78,40,not_evaluated,not_evaluated
I thought we agreed anything above the scarf is below the belt,1.406032482598608,0.0320140255800212,431,299,89,43,not_evaluated,not_evaluated
Can’t believe I fell for the old ‘your shoe’s untied’ routine.,1.4054726368159205,0.0327508277475347,402,277,87,38,not_evaluated,not_evaluated
Mom was right. I should have worn a scarf.,1.4041994750656168,0.0323753713403993,381,257,94,30,not_evaluated,not_evaluated
Just put some ice on it.,1.4035989717223651,0.0339178194483699,389,272,77,40,not_evaluated,not_evaluated
"Jesus, Eddie, you don't have to take my head off.",1.4035989717223651,0.0335248635378453,389,270,81,38,not_evaluated,not_evaluated
"No, you have to knock ALL of me down.",1.403061224489796,0.0315240361134155,392,263,100,29,not_evaluated,not_evaluated
Please don't tell me to roll with the punches.,1.4029126213592231,0.0330638218274197,412,289,80,43,not_evaluated,not_evaluated
Bob and weave is harder than it sounds.,1.4021447721179623,0.0345546826099701,373,261,74,38,not_evaluated,not_evaluated
"No, it’s my fault.  I lost my head.",1.4016620498614958,0.0333747437571168,361,245,87,29,not_evaluated,not_evaluated
I'm sorry. My head was someplace else.,1.4,0.0344778738956265,380,268,72,40,not_evaluated,not_evaluated
You can have a head start.,1.4,0.0337501002082847,385,269,78,38,not_evaluated,not_evaluated
"Come on Joe, get your head back in the game.",1.4,0.0350089522971921,360,252,72,36,not_evaluated,not_evaluated
Out cold.,1.398989898989899,0.0326707836543236,396,274,86,36,not_evaluated,not_evaluated
Everything’s gone white.,1.397694524495677,0.0354777064066506,347,243,70,34,not_evaluated,not_evaluated
Put some ice on it and you'll be fine in the morning.,1.397333333333333,0.0335427291103973,375,260,81,34,not_evaluated,not_evaluated
Well call it a thaw,1.3961218836565097,0.034239143523064,361,251,77,33,not_evaluated,not_evaluated
My head's just not in this anymore.,1.396067415730337,0.0338903511038597,356,245,81,30,not_evaluated,not_evaluated
"Sorry, I meant to give you a heads up.",1.3958868894601542,0.0330670372866148,389,271,82,36,not_evaluated,not_evaluated
I’m still standing! How is it a KO?,1.3958333333333333,0.0329661840700147,384,266,84,34,not_evaluated,not_evaluated
"Fine, your carrot is bigger than mine.",1.3950276243093922,0.0337109892968705,362,250,81,31,not_evaluated,not_evaluated
"I would say he's out cold, but...",1.3925501432664755,0.0352860614907763,349,246,69,34,not_evaluated,not_evaluated
At the end of the day we will both be puddles so get rid of that grin.,1.3922651933701655,0.0339132342282441,362,252,78,32,not_evaluated,not_evaluated
That cloud looks like a bird,1.3919308357348703,0.0349549295307484,347,243,72,32,not_evaluated,not_evaluated
I try to roll with the punches.,1.3909348441926346,0.033811423096496,353,244,80,29,not_evaluated,not_evaluated
By spring this will be a draw.,1.3908045977011494,0.0343943127972646,348,242,76,30,not_evaluated,not_evaluated
"Quick, help me up -- a dog is coming!",1.3904494382022472,0.0356620214793293,356,255,63,38,not_evaluated,not_evaluated
"Sorry, lost my head there for a minute!",1.39010989010989,0.0339843929933547,364,255,76,33,not_evaluated,not_evaluated
Okay. Technically I'm out cold.,1.3892045454545454,0.0348061120173823,352,248,71,33,not_evaluated,not_evaluated
"What, I’m just supposed to ‘Let It Go’?",1.3872832369942196,0.0337666457286806,346,239,80,27,not_evaluated,not_evaluated
"Fine, 6 more weeks of winter",1.386759581881533,0.0379267160289087,287,201,61,25,not_evaluated,not_evaluated
"Hey, it’s important to keep your head in the game.",1.3856209150326797,0.0359316368212748,306,212,70,24,not_evaluated,not_evaluated
Can we spar later?  My head's just not in this.,1.384858044164038,0.0364443233104032,317,224,64,29,not_evaluated,not_evaluated
"Oh, that's why you wear the scarf.",1.384393063583815,0.0349577854950779,346,245,69,32,not_evaluated,not_evaluated
"I've fallen, and can't get up!",1.383480825958702,0.036678370503611,339,246,56,37,not_evaluated,not_evaluated
"Okay, you’re ahead.",1.3832752613240418,0.0378897629612184,287,202,60,25,not_evaluated,not_evaluated
Oh no. They let the dog out.,1.3830409356725146,0.0361994674812629,342,247,59,36,not_evaluated,not_evaluated
Quick! Put me back before they let out the dog.,1.3818181818181818,0.0366571921774414,330,238,58,34,not_evaluated,not_evaluated
Say that to my face!,1.3814102564102564,0.0362650742930423,312,220,65,27,not_evaluated,not_evaluated
Ok you win. Coin toss. I choose heads.,1.3813229571984436,0.0402581555382787,257,182,52,23,not_evaluated,not_evaluated
I said knock it off!,1.3804034582132565,0.0357895850845626,347,251,60,36,not_evaluated,not_evaluated
Should I put ice on it?,1.3803680981595092,0.0364589221523846,326,234,60,32,not_evaluated,not_evaluated
Are my dukes still up,1.3797101449275362,0.0347432650196735,345,245,69,31,not_evaluated,not_evaluated
Now I know what the scarf was for.,1.3796296296296295,0.0358239295820464,324,230,65,29,not_evaluated,not_evaluated
C’mon now! You’ve GOT to keep your head in the game!,1.3791044776119403,0.0344580932028665,335,235,73,27,not_evaluated,not_evaluated
I guess that'll teach me not to wear a scarf.,1.3780068728522337,0.0364984849033491,291,203,66,22,not_evaluated,not_evaluated
"I guess I didn’t have my head in the game, after all.",1.3777777777777778,0.0345463903041936,315,218,75,22,not_evaluated,not_evaluated
That would not happen if it was screwed on right.,1.3775510204081634,0.036552306362894,294,206,65,23,not_evaluated,not_evaluated
"I guess a warmup wasn't such a great idea.""",1.3773006134969326,0.0361675123932015,326,234,61,31,not_evaluated,not_evaluated
All of me has to be down for the count.,1.3769470404984423,0.0360357169786692,321,229,63,29,not_evaluated,not_evaluated
I always melt under pressure.,1.3766233766233766,0.0356705137697854,308,216,68,24,not_evaluated,not_evaluated
I saw the punch coming and I froze.,1.3761194029850747,0.034426334941827,335,236,72,27,not_evaluated,not_evaluated
You're so not getting this hat back.,1.3754266211604096,0.0353153264318723,293,202,72,19,not_evaluated,not_evaluated
'Tis but a slush wound.,1.3746223564954685,0.0349659893862013,331,235,68,28,not_evaluated,not_evaluated
That was really abominable of you.,1.3746130030959751,0.0355809249096179,323,230,65,28,not_evaluated,not_evaluated
I can't feel my face.,1.3741935483870968,0.0380374522701927,310,227,50,33,not_evaluated,not_evaluated
So that’s what the sky looks like.,1.3738872403560831,0.0355235732884099,337,243,62,32,not_evaluated,not_evaluated
"You know, a true sportsman would put his opponent's head back on.",1.3736654804270465,0.038358065468908,281,201,55,25,not_evaluated,not_evaluated
Wait a sec--I need to get my head together.,1.373134328358209,0.0346526511097231,335,238,69,28,not_evaluated,not_evaluated
I guess I need to improve my footwork.,1.372611464968153,0.0348556574690658,314,220,71,23,not_evaluated,not_evaluated
"That’s not a knock-out, I’m just melting.",1.372093023255814,0.0346355141666393,301,208,74,19,not_evaluated,not_evaluated
Implement the concussion protocol.,1.372093023255814,0.0361989062375448,301,213,64,24,not_evaluated,not_evaluated
This is going to be a no-brainer.,1.371069182389937,0.03702819736813,318,232,54,32,not_evaluated,not_evaluated
"I'm sorry, I'm sorry, I'm sorry. Don't tell mom, Don't tell mom",1.3701067615658362,0.0399397259398317,281,207,44,30,not_evaluated,not_evaluated
I’m over here!!,1.3700305810397553,0.0344106003121155,327,231,71,25,not_evaluated,not_evaluated
My head was never in the fight.,1.3700305810397553,0.0349515688060814,327,233,67,27,not_evaluated,not_evaluated
Don't bother counting to ten.,1.3691756272401434,0.0391654565622484,279,203,49,27,not_evaluated,not_evaluated
Just put a little ice on it,1.3690036900369005,0.03966161898767,271,197,48,26,not_evaluated,not_evaluated
"I need to cut back on my warm-up routine.
.",1.3689655172413793,0.0361493226943914,290,204,65,21,not_evaluated,not_evaluated
"If I could do it all over again, I’d trade you the hat for the scarf.",1.3689320388349515,0.0355001827039966,309,219,66,24,not_evaluated,not_evaluated
"Well, at least my carrot isn't broken.",1.368613138686131,0.037603199351792,274,194,59,21,not_evaluated,not_evaluated
"OK, for the last time:  We go on “go” — not on “three”!",1.3680555555555556,0.037941189551524,288,208,54,26,not_evaluated,not_evaluated
How long was I out cold?,1.3676975945017182,0.0385875086218504,291,213,49,29,not_evaluated,not_evaluated
"I’m sorry Frosty, but you did say “knock it off”.",1.367003367003367,0.0364806528337245,297,212,61,24,not_evaluated,not_evaluated
No one calls me a snowflake!,1.3669064748201438,0.0361396467407299,278,194,66,18,not_evaluated,not_evaluated
You almost knocked me out....cold,1.3665594855305463,0.0358939388110617,311,223,62,26,not_evaluated,not_evaluated
I never had a snowballs chance.,1.3664596273291925,0.0369024947854532,322,237,52,33,not_evaluated,not_evaluated
"He has meltdowns all the time,but this time he really lost his head.",1.3663366336633664,0.0365639812187984,303,218,59,26,not_evaluated,not_evaluated
Did you ever just look at the sky and wonder what’s the point of fighting?,1.3661971830985915,0.0376477485470017,284,204,56,24,not_evaluated,not_evaluated
"This is about that day in third grade, isn’t it.",1.3657718120805369,0.0360669602517616,298,212,63,23,not_evaluated,not_evaluated
This isn’t what I meant when I said you could have a head start.,1.3649122807017544,0.0385121616197323,285,208,50,27,not_evaluated,not_evaluated
Everyone’s got a plan until they get punched in the carrot.,1.3639240506329111,0.0376564760518014,316,235,47,34,not_evaluated,not_evaluated
Heads it is.,1.3636363636363635,0.0385327803644926,264,189,54,21,not_evaluated,not_evaluated
It's okay. I'm cool.,1.3636363636363635,0.0377953072569663,275,197,56,22,not_evaluated,not_evaluated
"Not fair, using heated gloves",1.3626760563380282,0.0362552399000587,284,201,63,20,not_evaluated,not_evaluated
OK….HEADS I win!,1.3625377643504533,0.0348280809640395,331,239,64,28,not_evaluated,not_evaluated
Ok. Keep the scarf,1.3623188405797102,0.0355213598903375,276,192,68,16,not_evaluated,not_evaluated
I didn't know I could sneeze.,1.3616236162361623,0.0388717619889618,271,197,50,24,not_evaluated,not_evaluated
Put it back on and try again.,1.3614035087719298,0.0351099509505647,285,199,69,17,not_evaluated,not_evaluated
"Ok, now I’m gonna have a melt down.",1.3613138686131387,0.0364220789152469,274,193,63,18,not_evaluated,not_evaluated
"Float like a butterfly, sting like a bee, the head pops right off if it’s above thirty-three.",1.3604240282685511,0.0386533635542132,283,208,48,27,not_evaluated,not_evaluated
I think you broke my carrot,1.3602693602693603,0.0351231175796731,297,210,67,20,not_evaluated,not_evaluated
Fine. Take your hat back.,1.3598615916955017,0.0361175716238467,289,206,62,21,not_evaluated,not_evaluated
I guess I shouldn’t have warmed up.,1.3598615916955017,0.0374245355098429,289,210,54,25,not_evaluated,not_evaluated
"When I said, ""knock it off,"" I was being metaphorical.",1.3597359735973598,0.037369868905642,303,223,51,29,not_evaluated,not_evaluated
You need to keep your head in the game.,1.359683794466403,0.0384523954598425,253,180,55,18,not_evaluated,not_evaluated
"No, I don't think a rematch in the spring is realistic.",1.3588850174216027,0.0362792214079478,287,205,61,21,not_evaluated,not_evaluated
"Wow, you're right . . . the scarf makes ALL the difference",1.3588709677419355,0.0414138285570378,248,183,41,24,not_evaluated,not_evaluated
I warned him - heads will roll.,1.3584905660377358,0.0383596243571746,265,191,53,21,not_evaluated,not_evaluated
I can't seem to feel my face.,1.3579335793357934,0.0373877880703599,271,194,57,20,not_evaluated,not_evaluated
That cloud looks just like me.,1.3574144486692017,0.0396636077481571,263,193,46,24,not_evaluated,not_evaluated
Best 2 out of 3?,1.3571428571428572,0.0393361404018508,266,195,47,24,not_evaluated,not_evaluated
You could have given me a heads up!,1.3568773234200744,0.0375665967955855,269,193,56,20,not_evaluated,not_evaluated
I have officially reached the winter of my discontent.,1.3565573770491803,0.0380802182097441,244,172,57,15,not_evaluated,not_evaluated
Worst Boxing Day ever!,1.3563636363636364,0.0390797193904444,275,203,46,26,not_evaluated,not_evaluated
Whoa!  I'm having an off of body experience,1.3555555555555556,0.0363308694613557,270,191,62,17,not_evaluated,not_evaluated
"It brings a whole new meaning to, “Roll with the punches.”",1.355263157894737,0.0378026233639439,304,227,46,31,not_evaluated,not_evaluated
"Well, at least now I'm in a lower weight class.",1.3552123552123552,0.0369678606207064,259,183,60,16,not_evaluated,not_evaluated
I warned you that heads would roll.,1.3549488054607508,0.0363561501078223,293,212,58,23,not_evaluated,not_evaluated
"Ok, you can have your hat back.",1.3548387096774193,0.0365950705991274,279,200,59,20,not_evaluated,not_evaluated
"Whoa,is my butt really that big?",1.3547169811320754,0.0386775020873696,265,193,50,22,not_evaluated,not_evaluated
I thought Heads will Roll was just a figure of speech,1.3546099290780145,0.0373490934996106,282,205,54,23,not_evaluated,not_evaluated
It's been three days. Do something.,1.3544776119402986,0.037999588627965,268,194,53,21,not_evaluated,not_evaluated
Is that all you've got?,1.3543307086614174,0.0382684888289944,254,182,54,18,not_evaluated,not_evaluated
"That's okay, Steve. It was either gonna be you or global warming.",1.3542435424354244,0.0362203293485022,271,192,62,17,not_evaluated,not_evaluated
I was a head until then.,1.3533834586466165,0.0378118245282538,266,192,54,20,not_evaluated,not_evaluated
"That was cold, dude.",1.3529411764705883,0.0397295345241281,255,187,46,22,not_evaluated,not_evaluated
"If I had a neck, I would have ducked.",1.3529411764705883,0.0385460819554372,255,184,52,19,not_evaluated,not_evaluated
And that's why you should always wear a scarf.,1.3529411764705883,0.0353485419163136,289,206,64,19,not_evaluated,not_evaluated
"We were supposed to start at ""go,"" not ""three.""",1.3524904214559388,0.0394425646188773,261,192,46,23,not_evaluated,not_evaluated
I’m a melter weight.,1.3522727272727273,0.0387466824071894,264,193,49,22,not_evaluated,not_evaluated
"This is one of those moments when I ask, 'What would Frosty do'",1.3522727272727273,0.0356491809510895,264,185,65,14,not_evaluated,not_evaluated
Just put some ice on it and it'll be fine.,1.352,0.0398841696409967,250,183,46,21,not_evaluated,not_evaluated
I gotta improve my footwork.,1.3516483516483515,0.0385307346886263,273,201,48,24,not_evaluated,not_evaluated
Enjoy it while it lasts. The sun's coming out.,1.3511450381679388,0.0362169927482064,262,185,62,15,not_evaluated,not_evaluated
"Let's try rock, paper, scissors instead.",1.3510204081632653,0.0391897369012186,245,177,50,18,not_evaluated,not_evaluated
Clearly there's no magic in this hat.,1.3507462686567164,0.0364424021109695,268,191,60,17,not_evaluated,not_evaluated
That's a wicked right twig you have.,1.35,0.0374733221371125,280,205,52,23,not_evaluated,not_evaluated
Best two out of three?,1.349809885931559,0.0384399376407757,263,192,50,21,not_evaluated,not_evaluated
"You may have the round, but I’m ahead",1.349624060150376,0.0381299571998457,266,194,51,21,not_evaluated,not_evaluated
Everybody has a plan until they get punched in the carrot.,1.3490909090909091,0.0419319878953483,275,214,26,35,not_evaluated,not_evaluated
A ‘heads up’ would be nice.,1.3490909090909091,0.0375930207007242,275,201,52,22,not_evaluated,not_evaluated
"Wow, from this angle… I really have put on a few flakes.",1.3490909090909091,0.0372383190428844,275,200,54,21,not_evaluated,not_evaluated
Where did that kick come from?,1.3486590038314177,0.0397590797010672,261,194,43,24,not_evaluated,not_evaluated
"Whoa! That was quite a sneeze, I hope I'm not catching a cold!",1.34765625,0.0391504830228854,256,188,47,21,not_evaluated,not_evaluated
Why did you do this to a person with only a week to live?,1.3473282442748091,0.0377392497160342,262,190,53,19,not_evaluated,not_evaluated
I hope the dog doesn’t come by.,1.3468634686346863,0.0397124476885059,271,204,40,27,not_evaluated,not_evaluated
That cloud looks like a bunny.,1.346774193548387,0.0387916234624116,248,180,50,18,not_evaluated,not_evaluated
You could have just asked for the hat.,1.346456692913386,0.0385524001529781,254,185,50,19,not_evaluated,not_evaluated
"No worries, I already have two black eyes.",1.3464285714285715,0.036380750315103,280,203,57,20,not_evaluated,not_evaluated
I thawed when I should have weaved.,1.3463035019455254,0.0386298242250287,257,188,49,20,not_evaluated,not_evaluated
"As I said, you've got to keep your head down.",1.3461538461538465,0.0390802624336415,260,192,46,22,not_evaluated,not_evaluated
My head just isn't in this fight!,1.3458646616541354,0.0376988182249403,266,194,52,20,not_evaluated,not_evaluated
That cloud looks like a snowman,1.3458646616541354,0.0373206119552927,266,193,54,19,not_evaluated,not_evaluated
"And of course, it's just a matter of time before they let the dog out.",1.3455882352941178,0.0381913348675322,272,201,48,23,not_evaluated,not_evaluated
"Because I can't, like, duck!""",1.345132743362832,0.0418546546325379,226,167,40,19,not_evaluated,not_evaluated
I have just one question.  How did you move your arm?,1.3450704225352113,0.0393078109133534,284,216,38,30,not_evaluated,not_evaluated
"Dude, we agreed not in the face",1.3449612403100777,0.0385032083500076,258,189,49,20,not_evaluated,not_evaluated
"If you wanted the hat,all you had to do was ask",1.3438735177865613,0.040209900826581,253,189,41,23,not_evaluated,not_evaluated
You can't count me out. Someone has to build a referee.,1.3436293436293436,0.0395299119121766,259,193,43,23,not_evaluated,not_evaluated
At least I landed carrot side up.,1.3432203389830508,0.038263598928064,236,169,53,14,not_evaluated,not_evaluated
"Next time, I get to wear the scarf.",1.3429752066115703,0.0398320127957395,242,178,45,19,not_evaluated,not_evaluated
"C'mon then, it's just a slush wound.",1.3428571428571427,0.0407359529839042,245,183,40,22,not_evaluated,not_evaluated
So much for cooler heads prevailing.,1.34251968503937,0.0423399757418612,254,196,29,29,not_evaluated,not_evaluated
"I should’ve seen that uppercut coming, but I froze.",1.3410852713178294,0.0407276470217121,258,196,36,26,not_evaluated,not_evaluated
"Well, you TOLD me to ""knock it off.""",1.3408239700374531,0.0389928792604938,267,200,43,24,not_evaluated,not_evaluated
Call that a punch? I’m still standing up.,1.3408239700374531,0.0363775014877875,267,193,57,17,not_evaluated,not_evaluated
You were supposed to knock my socks off…,1.34070796460177,0.0393570466805528,226,163,49,14,not_evaluated,not_evaluated
I blame this loss on climate change,1.3405172413793105,0.0381744806772567,232,166,53,13,not_evaluated,not_evaluated
Should’ve called Tails.,1.3405017921146951,0.0374278622052385,279,207,49,23,not_evaluated,not_evaluated
"You may have won the fight, but I’ve still got the hat.",1.3402489626556016,0.0394681939155011,241,177,46,18,not_evaluated,not_evaluated
‘tis only a snow wound,1.33984375,0.0378321875400101,256,187,51,18,not_evaluated,not_evaluated
"Head’s you win,” means you flip a coin",1.3395348837209302,0.0422714017763399,215,159,39,17,not_evaluated,not_evaluated
"Fine, but I can still beat you at pickleball.",1.3395348837209302,0.0401621234949634,215,155,47,13,not_evaluated,not_evaluated
I… I can’t feel my legs…,1.3394495412844036,0.0418570561228834,218,161,40,17,not_evaluated,not_evaluated
"So, what else do you want to try before winter ends?",1.3391304347826087,0.0393481696192076,230,167,48,15,not_evaluated,not_evaluated
I dare you to do that again.,1.3389830508474576,0.0409236480305072,236,176,40,20,not_evaluated,not_evaluated
Can I borrow your scarf for a few days?,1.3388429752066116,0.0379995280331306,242,175,52,15,not_evaluated,not_evaluated
Does it look serious?,1.3385826771653544,0.0380179243846848,254,186,50,18,not_evaluated,not_evaluated
You are messing with my head!,1.3385826771653544,0.0384250590944121,254,187,48,19,not_evaluated,not_evaluated
That's gonna need some ice.,1.3384615384615384,0.0377994694451966,260,191,50,19,not_evaluated,not_evaluated
Let cooler heads prevail!,1.3383458646616542,0.0368170533903748,266,194,54,18,not_evaluated,not_evaluated
That was a snow blow.,1.338235294117647,0.0373595250645732,272,201,50,21,not_evaluated,not_evaluated
Can I borrow your scarf?,1.3376623376623376,0.0377372257270933,231,165,54,12,not_evaluated,not_evaluated
I guess the magic wasn’t in the hat after all.,1.337448559670782,0.0417146888058278,243,185,34,24,not_evaluated,not_evaluated
You’ll never get your hat back now.,1.3373493975903614,0.038104851432865,249,182,50,17,not_evaluated,not_evaluated
Right now I'm sensing a bit more aggression that is necessary,1.3373493975903614,0.0393591482078666,249,185,44,20,not_evaluated,not_evaluated
"That's it, the mittens are coming off.",1.3373493975903614,0.0389455380329092,249,184,46,19,not_evaluated,not_evaluated
My head's not in it,1.3361344537815123,0.0383850414194175,238,173,50,15,not_evaluated,not_evaluated
"Well, I have to say, I didn't see that coming.",1.3358778625954195,0.0355544023830744,262,188,60,14,not_evaluated,not_evaluated
Don't apologize.  It's the first time I've seen the whole sky. It's beautiful.,1.3348837209302329,0.0416692486003543,215,159,40,16,not_evaluated,not_evaluated
"Sorry, I really kinda lost my head.",1.334862385321101,0.0402280329150573,218,159,45,14,not_evaluated,not_evaluated
Jack will you please stop messing with my head?,1.3348017621145374,0.0405978157724914,227,168,42,17,not_evaluated,not_evaluated
"Can't believe I fell for that ""You're shoelaces are untied"" bit.",1.3348017621145374,0.0415469892446565,227,170,38,19,not_evaluated,not_evaluated
"Okay, well, technically, I'm still standing. So, yeah, this thing is not over yet.",1.334728033472803,0.0373194132439043,239,172,54,13,not_evaluated,not_evaluated
That’s a mean combination: a right hook and an early thaw.,1.3333333333333333,0.04071567712379,222,164,42,16,not_evaluated,not_evaluated
It’s just a slush wound …,1.3333333333333333,0.041704866106282,222,166,38,18,not_evaluated,not_evaluated
"I guess it doesn't matter. With climate change, neither of us would have lasted all 12 rounds.",1.3333333333333333,0.0400764687223535,231,171,43,17,not_evaluated,not_evaluated
I didn’t think you had the snowballs.,1.3333333333333333,0.0415726967247797,237,180,35,22,not_evaluated,not_evaluated
What part of ‘on three’ don’t you understand Carl?,1.3319672131147542,0.039840185306697,244,183,41,20,not_evaluated,not_evaluated
Well now what?,1.3319327731092436,0.0396723878854749,238,177,43,18,not_evaluated,not_evaluated
"Well, now we wait for the kids to get home. Nice Karl.",1.3317972350230414,0.0408223725527444,217,160,42,15,not_evaluated,not_evaluated
At least you didn't hit me in the snowballs.,1.3305785123966942,0.0404769325500077,242,183,38,21,not_evaluated,not_evaluated
You never touched me.It was global warming!,1.3305084745762712,0.0398836070249789,236,176,42,18,not_evaluated,not_evaluated
Remember when I said fighting about it wouldn’t change anyones’s point of view?,1.330472103004292,0.0402453001062221,233,174,41,18,not_evaluated,not_evaluated
"Impressive reach, but you still look stupid without a hat.",1.330472103004292,0.0402453001062221,233,174,41,18,not_evaluated,not_evaluated
Good luck getting your hat back now.,1.3303571428571428,0.0404059248351369,224,166,42,16,not_evaluated,not_evaluated
My bad.,1.3300492610837438,0.0465580397293446,203,158,23,22,not_evaluated,not_evaluated
My advice... Keep your head down.,1.3291666666666666,0.0380385167175045,240,176,49,15,not_evaluated,not_evaluated
"That was pretty cold, even for you, Phil",1.329059829059829,0.0387012651401857,234,172,47,15,not_evaluated,not_evaluated
"In this case, I don't think putting a little ice on it will help.",1.3279352226720649,0.0402497974657809,247,188,37,22,not_evaluated,not_evaluated
It’s got to be a climate thing. This never used to happen before March.,1.327659574468085,0.0412943458590457,235,179,35,21,not_evaluated,not_evaluated
I should have warmed up first.,1.3275109170305677,0.039250202986881,229,169,45,15,not_evaluated,not_evaluated
Does my butt really look that big?,1.327188940092166,0.0402059855755591,217,160,43,14,not_evaluated,not_evaluated
"Time out, brain freeze!",1.3271028037383177,0.0411280763458417,214,159,40,15,not_evaluated,not_evaluated
From this state I can really contemplate the temporality of my existence.,1.3269230769230769,0.040827454690602,208,153,42,13,not_evaluated,not_evaluated
"Technically, it’s not a knockout.",1.3266331658291457,0.0438516761315442,199,150,33,16,not_evaluated,not_evaluated
Now I better understand the expression “Heads will roll.”,1.3266331658291457,0.042678470100139,199,148,37,14,not_evaluated,not_evaluated
I guess I should have given up while I was ahead.,1.3266331658291457,0.0444266625381036,199,151,31,17,not_evaluated,not_evaluated
"I'm cold, Jerry. Oh, so, so cold. I'm dying Jerry; I'm dying. Tell my wife I love her. Give the kids my carrot.",1.3263598326359831,0.0398971844680345,239,180,40,19,not_evaluated,not_evaluated
"Well, you didn’t need to knock me out cold.",1.326271186440678,0.0398059480330663,236,177,41,18,not_evaluated,not_evaluated
"Technically, and despite all appearances, this is not a knockout.",1.326086956521739,0.0419171020615869,230,176,33,21,not_evaluated,not_evaluated
"Phil, I told you to knock it off",1.3256880733944951,0.0426067257865648,218,166,33,19,not_evaluated,not_evaluated
Was it something I said?,1.3254716981132075,0.0402704942540064,212,156,43,13,not_evaluated,not_evaluated
"Next time, let’s just stand still and stare out into space like normal snowmen.",1.325242718446602,0.0433087855804748,206,156,33,17,not_evaluated,not_evaluated
"When asked why he lost the fight, Ice Tyson responded: ""I froze.""",1.3245614035087718,0.0383156600977277,228,167,48,13,not_evaluated,not_evaluated
I can never remember - ice first and then heat?,1.3243243243243243,0.0425072917437109,222,170,32,20,not_evaluated,not_evaluated
I thaw that coming!,1.3243243243243243,0.0405439374604459,222,166,40,16,not_evaluated,not_evaluated
Sorry. I just lost my head for a moment.,1.3240740740740742,0.0402711564052657,216,160,42,14,not_evaluated,not_evaluated
At least my nose isn't broken,1.3233830845771144,0.0398941695457302,201,146,45,10,not_evaluated,not_evaluated
"Hey, I wasn't ready!",1.3232758620689655,0.0392957271371204,232,173,43,16,not_evaluated,not_evaluated
"I thought we agreed,nothing above the scarf.",1.3231441048034935,0.0366382407881633,229,165,54,10,not_evaluated,not_evaluated
"Wow, I didn't see that coming, but then again, my eyes are made of coal.",1.3225806451612905,0.0411629446313691,217,163,38,16,not_evaluated,not_evaluated
It's best two out of three,1.3225806451612905,0.0416780206851677,217,164,36,17,not_evaluated,not_evaluated
"Does this mean that I’m
ahead?",1.3224299065420562,0.039950919948755,214,158,43,13,not_evaluated,not_evaluated
Just don't let them use the smelling salt on me!,1.3218884120171674,0.0386759095379921,233,173,45,15,not_evaluated,not_evaluated
Let’s settle this like snowmen,1.3217821782178218,0.0409495678900858,202,149,41,12,not_evaluated,not_evaluated
I can see your house from here.,1.321608040201005,0.0431657644414485,199,150,34,15,not_evaluated,not_evaluated
"Huh, I can still talk.",1.3215859030837005,0.0398635711569542,227,170,41,16,not_evaluated,not_evaluated
"I really need to work on keeping my head in the game.""",1.3215859030837005,0.0383686043620025,227,167,47,13,not_evaluated,not_evaluated
So much for the magic in this old silk hat they found.,1.3214285714285714,0.0392252461085694,224,166,44,14,not_evaluated,not_evaluated
You were right. I do have a big butt.,1.3212435233160622,0.0409314127184584,193,141,42,10,not_evaluated,not_evaluated
"What some may see as a loss, I see as gaining a new perspective.",1.3208333333333333,0.0392342661242409,240,181,41,18,not_evaluated,not_evaluated
"From down here, it all seems so futile.",1.320675105485232,0.0395815675934466,237,179,40,18,not_evaluated,not_evaluated
"This after you tell me I have a good 
head on my shoulders?!!",1.3205128205128205,0.0375708465824513,234,172,49,13,not_evaluated,not_evaluated
"On reflection, below the belt would have been fine.",1.320197044334975,0.0442210244457257,203,156,29,18,not_evaluated,not_evaluated
Two black eyes and now this?,1.3195876288659794,0.0445123159268447,194,148,30,16,not_evaluated,not_evaluated
"Floats like a snowflake,stings like frostbite.",1.3195876288659794,0.0439082033243056,194,147,32,15,not_evaluated,not_evaluated
"OK, the hat's yours.",1.3194444444444444,0.0412337544898719,216,163,37,16,not_evaluated,not_evaluated
We had one rule.,1.3192488262910798,0.042167311981635,213,162,34,17,not_evaluated,not_evaluated
My eyes are down here.,1.3187772925764192,0.0395643114912148,229,172,41,16,not_evaluated,not_evaluated
Wow! Look at the stars! Or do I have a concussion?,1.318181818181818,0.0432474464652408,198,150,33,15,not_evaluated,not_evaluated
You’re abominable.,1.317948717948718,0.0437131868417771,195,148,32,15,not_evaluated,not_evaluated
"...and there's a cloud shaped like a dog, some birds flying north, an airplane and the sun is about to...uh oh""",1.3175965665236051,0.0390660384328417,233,175,42,16,not_evaluated,not_evaluated
"Oh, thaaat’s what the scarf is for.",1.3173076923076923,0.0444467446093181,208,162,26,20,not_evaluated,not_evaluated
Whatever happened to just standing around and being jolly?,1.3169642857142858,0.0420905150988741,224,173,31,20,not_evaluated,not_evaluated
Relax. It’s mostly water weight.,1.3166666666666669,0.0408959401071523,240,186,32,22,not_evaluated,not_evaluated
"Okay, fine - keep the stupid scarf!",1.3162790697674418,0.0402375642793015,215,161,40,14,not_evaluated,not_evaluated
No fair Bill. We said no carrot shots.,1.316017316017316,0.0397457418654843,231,175,39,17,not_evaluated,not_evaluated
OK next time hit me with your next to best shot,1.3155555555555556,0.0394896901241614,225,169,41,15,not_evaluated,not_evaluated
Should've worn the scarf!,1.3155339805825244,0.0414313783394792,206,155,37,14,not_evaluated,not_evaluated
Heads you lose.,1.3153153153153154,0.0403623694300125,222,168,38,16,not_evaluated,not_evaluated
Is this why they call it a face-off?,1.3153153153153154,0.0418499116599558,222,171,32,19,not_evaluated,not_evaluated
When I said “knock it off”…,1.3152709359605912,0.0400648952002104,203,150,42,11,not_evaluated,not_evaluated
I’m still standing ⛄️,1.315,0.0410768981033006,200,149,39,12,not_evaluated,not_evaluated
Who’s ahead now?,1.315,0.0410768981033006,200,149,39,12,not_evaluated,not_evaluated
Could you try and keep the squirrels away from my nose?,1.3148936170212766,0.0419340297846652,235,184,28,23,not_evaluated,not_evaluated
We should have stopped when we got black eyes.,1.3147410358565736,0.0379001536157953,251,190,43,18,not_evaluated,not_evaluated
My therapist warned me that there would be days like this.,1.3147208121827412,0.0421156884575246,197,148,36,13,not_evaluated,not_evaluated
Yup I guess I did say one has to roll with the punches.,1.3142857142857145,0.0414086500763121,210,159,36,15,not_evaluated,not_evaluated
"If you really want to get technical, that was more of a knock off.",1.3141361256544504,0.0410498196738188,191,141,40,10,not_evaluated,not_evaluated
Right in the carrot!,1.3133640552995391,0.0409738207936993,217,165,36,16,not_evaluated,not_evaluated
Ali v. Freezer,1.3133047210300428,0.040832853814774,233,180,33,20,not_evaluated,not_evaluated
"Hey guys, from down here i think i discovered where we came from...",1.3131313131313131,0.0431380292835997,198,151,32,15,not_evaluated,not_evaluated
I'm sorry--I lost my head.,1.3130434782608695,0.0398070315887969,230,175,38,17,not_evaluated,not_evaluated
"I meant to duck, but I just froze!",1.3128205128205128,0.0436014041096958,195,149,31,15,not_evaluated,not_evaluated
That's all you got?,1.3127753303964758,0.0386895369401286,227,170,43,14,not_evaluated,not_evaluated
Ok so that’s what you meant by heads will roll,1.3121951219512196,0.0397323398278426,205,152,42,11,not_evaluated,not_evaluated
"Great hands, but still no footwork.",1.3116883116883118,0.0382071487311245,231,173,44,14,not_evaluated,not_evaluated
"Ok, you're not a snowflake",1.3115577889447236,0.0398856981567526,199,147,42,10,not_evaluated,not_evaluated
Can you give me a hand over here?,1.3115577889447236,0.0398856981567526,199,147,42,10,not_evaluated,not_evaluated
Snowman boxing isn't the same since climate change.,1.3112244897959184,0.0396264960206837,196,144,43,9,not_evaluated,not_evaluated
"I’m still awake, so technically it’s not a knockout.",1.3112244897959184,0.0415601378504553,196,147,37,12,not_evaluated,not_evaluated
We never really thought this part through.,1.310880829015544,0.0432598531270024,193,147,32,14,not_evaluated,not_evaluated
I was just warming up.,1.310880829015544,0.0438792349377054,193,148,30,15,not_evaluated,not_evaluated
Get some ice.,1.3107569721115535,0.0352025343562699,251,185,54,12,not_evaluated,not_evaluated
"Could be worse, I could have landed in yellow snow.",1.3103448275862069,0.0405566171037547,203,152,39,12,not_evaluated,not_evaluated
I knew I wouldn’t last past Boxing Day.,1.3098591549295775,0.0409032181149901,213,162,36,15,not_evaluated,not_evaluated
"Hey, buster - my eyes are down here!!",1.309782608695652,0.0412670518491004,184,136,39,9,not_evaluated,not_evaluated
Did you know there is this yellow disc in the sky?,1.3093922651933705,0.0431544804393248,181,136,34,11,not_evaluated,not_evaluated
THE THRILLA IN WASILLA,1.309278350515464,0.0411636009463242,194,145,38,11,not_evaluated,not_evaluated
See? Now that’s how you roll with the punches.,1.3091787439613527,0.0394050069190949,207,154,42,11,not_evaluated,not_evaluated
My life perspective just changed,1.3089887640449438,0.0382127946126813,178,127,47,4,not_evaluated,not_evaluated
Oh dear - I'm having an out of body experience!,1.3089430894308942,0.037448116910603,246,186,44,16,not_evaluated,not_evaluated
"Sure, you're big and tough in February.  Let's see what you've got in July!",1.3088235294117647,0.041564624681303,204,155,35,14,not_evaluated,not_evaluated
It’s just a snow wound.,1.3088235294117647,0.0397835705345123,204,152,41,11,not_evaluated,not_evaluated
I warned you heads would roll.,1.3088235294117647,0.0409795417831454,204,154,37,13,not_evaluated,not_evaluated
I told you warming up was a dumb idea.,1.3087557603686637,0.0419062146411789,217,168,31,18,not_evaluated,not_evaluated
"Wait, that WAS the punchline?",1.3085106382978724,0.0459121975442325,188,147,24,17,not_evaluated,not_evaluated
"Next time, just ask me for the hat.",1.308457711442786,0.0407869180478797,201,151,38,12,not_evaluated,not_evaluated
I hope you realize that punching an opponent in the snowballs is considered a foul.,1.308411214953271,0.0396456762555658,214,161,40,13,not_evaluated,not_evaluated
I'll need a few minutes to pull myself together.,1.3083333333333331,0.037620872916946,240,181,44,15,not_evaluated,not_evaluated
Let’s go two out of three.,1.3076923076923077,0.0409826631877156,195,146,38,11,not_evaluated,not_evaluated
Perhaps kickboxing would be safer.,1.3076923076923077,0.0428740360156746,195,149,32,14,not_evaluated,not_evaluated
I hope they didn't let the dog out.,1.3073394495412844,0.0412279945521136,218,168,33,17,not_evaluated,not_evaluated
Let’s make it two out of three.,1.3072916666666667,0.0445765513060172,192,149,27,16,not_evaluated,not_evaluated
The next time you want your hat back just ask!,1.3070175438596492,0.039440394374755,228,174,38,16,not_evaluated,not_evaluated
Get me Parson Brown.,1.306878306878307,0.0431640949349446,189,144,32,13,not_evaluated,not_evaluated
"Arguably, we’re both out cold.",1.306878306878307,0.0404720882860464,189,140,40,9,not_evaluated,not_evaluated
They say to quit while you're a-head...,1.3055555555555556,0.0432230527830022,180,136,33,11,not_evaluated,not_evaluated
I’m tired of rolling with the punches.,1.3055555555555556,0.0439352425543889,180,137,31,12,not_evaluated,not_evaluated
"According to the rules, I'm still standing.",1.305084745762712,0.0437127652574911,177,134,32,11,not_evaluated,not_evaluated
"Fine, you can wear the hat.",1.304812834224599,0.0427699658655357,187,142,33,12,not_evaluated,not_evaluated
"On second thought, your scarf is very masculine.",1.304812834224599,0.0420923861745978,187,141,35,11,not_evaluated,not_evaluated
What’s the difference? We’ll be puddles in a week.,1.3045685279187818,0.042494808771526,197,151,32,14,not_evaluated,not_evaluated
Before climate change it would’ve taken you three tries.,1.3043478260869563,0.0421687317338066,207,160,31,16,not_evaluated,not_evaluated
This is not how I imagined Boxing Day.,1.3041666666666667,0.03844879071188,240,184,39,17,not_evaluated,not_evaluated
"Okay, I'm sorry I called you snowflake.",1.3041237113402062,0.0441723504560721,194,151,27,16,not_evaluated,not_evaluated
"I said, 'You knock my socks off, not knock my block off.'",1.3041237113402062,0.0435635236730384,194,150,29,15,not_evaluated,not_evaluated
Now I see why people say “roll with the punches”.,1.303482587064677,0.041873881417912,201,154,33,14,not_evaluated,not_evaluated
I told you if you didn’t take that stupid hat off I’d take it off for you.,1.303482587064677,0.0387900209602403,201,149,43,9,not_evaluated,not_evaluated
"Hey,no hitting above the snowballs!",1.3033175355450235,0.0393434259048446,211,159,40,12,not_evaluated,not_evaluated
What do you mean it's a knockout? I'm still standing.,1.303191489361702,0.0432357226584783,188,144,31,13,not_evaluated,not_evaluated
"Great, right in the dog poo!",1.303191489361702,0.0432357226584783,188,144,31,13,not_evaluated,not_evaluated
"Funny, I thought that was just an expression.",1.3028846153846154,0.0408698245560592,208,159,35,14,not_evaluated,not_evaluated
The cooler head prevailed!,1.302857142857143,0.0439990190324188,175,133,31,11,not_evaluated,not_evaluated
"No wonder, you have the scarf.",1.302857142857143,0.0439990190324188,175,133,31,11,not_evaluated,not_evaluated
Pretty mean right hook for a southpole”,1.3027027027027027,0.0402141186923786,185,137,40,8,not_evaluated,not_evaluated
"Well, this is doing nothing good for my separation anxiety.",1.3025641025641026,0.0433675980195911,195,151,29,15,not_evaluated,not_evaluated
Have you ever had an off-of-body experience?,1.301980198019802,0.0416931469731738,202,155,33,14,not_evaluated,not_evaluated
I told you I wasn't built for this.,1.301980198019802,0.0398816064483323,202,152,39,11,not_evaluated,not_evaluated
I thought you told me to keep my head down??,1.301775147928994,0.0473328752531201,169,132,23,14,not_evaluated,not_evaluated
Uh oh.  Here comes the dog with a full bladder.,1.3016759776536313,0.0447162702465925,179,138,28,13,not_evaluated,not_evaluated
I’m sorry I called you twig arms.,1.3016759776536313,0.0432897612316186,179,136,32,11,not_evaluated,not_evaluated
"If you had worn a scarf like I told you to, that wouldn't have happened!",1.3015075376884422,0.0402739047669169,199,150,38,11,not_evaluated,not_evaluated
Hey! I thought we said no carrot shots.,1.3013698630136987,0.0388638844321568,219,166,40,13,not_evaluated,not_evaluated
I agree.  You are ahead in this fight!,1.3010204081632653,0.0419438075412976,196,150,33,13,not_evaluated,not_evaluated
"OK, Frostey two out of three.",1.3010204081632653,0.0425630310811931,196,151,31,14,not_evaluated,not_evaluated
You were right about the scarf.,1.300970873786408,0.0393349297651193,206,155,40,11,not_evaluated,not_evaluated
Lesson One: A snowman cannot float like a butterfly.,1.3005464480874316,0.041899139630011,183,138,35,10,not_evaluated,not_evaluated
I meant snowflake as a good thing.,1.3005464480874316,0.0433086178778471,183,140,31,12,not_evaluated,not_evaluated
I saw it coming and just froze,1.3005464480874316,0.0426097071347864,183,139,33,11,not_evaluated,not_evaluated
Wait! I lost my head!,1.3004926108374384,0.0415139148896706,203,156,33,14,not_evaluated,not_evaluated
Excuse me while I have some separation anxiety.,1.3004926108374384,0.038464768012555,203,151,43,9,not_evaluated,not_evaluated
"Oh great, and here comes the dog.",1.300469483568075,0.0390248849822702,213,161,40,12,not_evaluated,not_evaluated
I think we’re in different weight classes now,1.3,0.0382160876491327,210,157,43,10,not_evaluated,not_evaluated
Round 2 has to wait until Jimmy and Stevie put my head back on.,1.3,0.0444987253878372,180,139,28,13,not_evaluated,not_evaluated
All you had to say was that you wanted to borrow the hat.,1.2995169082125604,0.0391714381745233,207,156,40,11,not_evaluated,not_evaluated
"Sorry, thought you were cool enough not to lose your head.",1.299492385786802,0.0417583177632718,197,151,33,13,not_evaluated,not_evaluated
A scarf might have made the difference.,1.299492385786802,0.0417583177632718,197,151,33,13,not_evaluated,not_evaluated
"Wear a scarf, Mom said, but no!",1.2991071428571428,0.0382177786276299,224,170,41,13,not_evaluated,not_evaluated
Is this your idea of a headstart?,1.2990196078431373,0.0419162727196585,204,158,31,15,not_evaluated,not_evaluated
"For a brief moment,before the darkness settled around him,Timmy understood why Mother always nagged him to bring a scarf.",1.2985074626865671,0.0405465006185257,201,153,36,12,not_evaluated,not_evaluated
THIS IS SNOWPLACE TO LOSE YOUR HEAD!,1.2984293193717278,0.0419914597189799,191,146,33,12,not_evaluated,not_evaluated
"Technically,this isn’t a knockout because I’m still standing.",1.2982456140350878,0.0445863431019063,171,131,29,11,not_evaluated,not_evaluated
I’m in no condition to fight. I got plowed last night.,1.2980769230769231,0.040756283746647,208,160,34,14,not_evaluated,not_evaluated
I need a facelift.,1.297872340425532,0.0410769063473797,188,142,36,10,not_evaluated,not_evaluated
That was a cheap shot buddy.  Just you wait until next winter!,1.2976744186046512,0.0392687000319815,215,164,38,13,not_evaluated,not_evaluated
"Other than that, how was my form?",1.2976190476190477,0.0443239009854598,168,128,30,10,not_evaluated,not_evaluated
"Everyone has a plan until they get hit, right?",1.2974358974358975,0.0400728644925935,195,147,38,10,not_evaluated,not_evaluated
I think we should go back to pickleball.,1.2965116279069768,0.0435870810968134,172,131,31,10,not_evaluated,not_evaluated
Whoa! Never saw that coming!,1.2965116279069768,0.0419980324126201,172,129,35,8,not_evaluated,not_evaluated
Why can’t we celebrate Boxing Day like normal people?,1.2964824120603016,0.0437759944568575,199,157,25,17,not_evaluated,not_evaluated
I take it back. You're no snow flake!,1.2962962962962965,0.0418944900075234,162,120,36,6,not_evaluated,not_evaluated
"Geeze Louise, okay you can have the hat.",1.2962962962962965,0.0415719651276177,189,144,34,11,not_evaluated,not_evaluated
Wow! I'm seeing stars.,1.2956989247311828,0.0406059018605032,186,140,37,9,not_evaluated,not_evaluated
Five-second rule?,1.2953367875647668,0.0416123792855155,193,148,33,12,not_evaluated,not_evaluated
Maybe we should allow hitting below the belt,1.2953367875647668,0.0416123792855155,193,148,33,12,not_evaluated,not_evaluated
Oh I see why you wear a scarf.,1.2953367875647668,0.042255916460895,193,149,31,13,not_evaluated,not_evaluated
I am pretty sure the idea was that you don't actually hit me.,1.2952380952380953,0.0398491225172672,210,161,36,13,not_evaluated,not_evaluated
That's for impersonating Parson Brown!,1.2947976878612717,0.0441363928009635,173,133,29,11,not_evaluated,not_evaluated
It's times like these that I wish I could duck,1.2947368421052632,0.0407034828083444,190,144,36,10,not_evaluated,not_evaluated
"Hey guys? Look up. I think I've discovered where we come from.""",1.2938144329896908,0.0394437368769099,194,146,39,9,not_evaluated,not_evaluated
Really? That's your best shot?,1.2934782608695652,0.0436486918595805,184,143,28,13,not_evaluated,not_evaluated
"Well, I didn't see that coming.",1.2934782608695652,0.0422660057086952,184,141,32,11,not_evaluated,not_evaluated
Wait a minute; I gotta get my head on straight.,1.2934131736526946,0.0467633433012684,167,131,23,13,not_evaluated,not_evaluated
Never saw that coming.,1.293103448275862,0.0431515909471872,174,133,31,10,not_evaluated,not_evaluated
"OK, so you're ahead.",1.293103448275862,0.0446647661740653,174,135,27,12,not_evaluated,not_evaluated
We were only sparring. I didn’t expect you to lose your head.,1.292817679558011,0.0420034868701617,181,138,33,10,not_evaluated,not_evaluated
"Snow Mas!
Snow Mas!",1.2925531914893618,0.0455399504618422,188,150,21,17,not_evaluated,not_evaluated
A cheap shot just to get a head.,1.2923976608187135,0.0428516199612236,171,130,32,9,not_evaluated,not_evaluated
Never hit a guy in the carrot.,1.2923076923076924,0.0412398583848178,195,150,33,12,not_evaluated,not_evaluated
Ohhh! My bad!,1.2923076923076924,0.0418759359740774,195,151,31,13,not_evaluated,not_evaluated
"Well, I was caught cold on that one.",1.2918918918918918,0.0384167564355011,185,137,42,6,not_evaluated,not_evaluated
"Saying you're ""Sorry"" just doesn't cut it.",1.291866028708134,0.0404690968197378,209,162,33,14,not_evaluated,not_evaluated
You aren't getting your hat back.,1.2914285714285714,0.0413789975748598,175,132,35,8,not_evaluated,not_evaluated
"'Jolly, happy soul' my ass.",1.2912087912087913,0.039564571185838,182,136,39,7,not_evaluated,not_evaluated
"You sir, are no gentleman",1.2899408284023668,0.0439302978547502,169,130,29,10,not_evaluated,not_evaluated
It’s almost too funny to caption.  The image speaks for itself. 😂😂 “It seemed like an even match until Ralph lost his head.”,1.289855072463768,0.0423857869771361,207,164,26,17,not_evaluated,not_evaluated
Everyone has a plan until they get punched in the face,1.2897727272727273,0.0427244230881733,176,135,31,10,not_evaluated,not_evaluated
"You win,the scarf makes much more sense.",1.2897727272727273,0.0427244230881733,176,135,31,10,not_evaluated,not_evaluated
I wasn't ready.,1.2894736842105263,0.0425708730953682,190,148,29,13,not_evaluated,not_evaluated
"Adrian, forgive me, I lost my head.",1.2894736842105263,0.0391638260824636,190,143,39,8,not_evaluated,not_evaluated
"You’ll be fine, just rub some snow on it",1.28921568627451,0.0399024075418943,204,157,35,12,not_evaluated,not_evaluated
And so ends another December 26th in Canada,1.288888888888889,0.0435033827811231,180,140,28,12,not_evaluated,not_evaluated
Hey! Where'd you go?,1.288888888888889,0.0435033827811231,180,140,28,12,not_evaluated,not_evaluated
"Knock-off"" doesn't count as a ""Knock-out!",1.288770053475936,0.0443477046706988,187,148,24,15,not_evaluated,not_evaluated
this is a test caption,1.288770053475936,0.0449913315631704,187,149,22,16,not_evaluated,not_evaluated
"Seriously, is that all you've got?",1.288659793814433,0.0412904948009827,194,150,32,12,not_evaluated,not_evaluated
Snow problem.,1.2883435582822085,0.0449897750511247,163,126,27,10,not_evaluated,not_evaluated
Revenge is a dish best served cold.,1.2883435582822085,0.0449897750511247,163,126,27,10,not_evaluated,not_evaluated
I taste carrot.,1.2883435582822085,0.0423893709912522,163,123,33,7,not_evaluated,not_evaluated
I can see my birth cloud from here.,1.2882352941176471,0.0420814479638008,170,129,33,8,not_evaluated,not_evaluated
I guess I should be thankful you didn't break my carrot.,1.2881355932203389,0.0417519997067464,177,135,33,9,not_evaluated,not_evaluated
"Next time, I get to say 'Go.'",1.2880434782608696,0.0406840767074081,184,140,35,9,not_evaluated,not_evaluated
I liked you better when you were a drifter.,1.2880434782608696,0.04281802997876,184,143,29,12,not_evaluated,not_evaluated
Told you I could roll with the punches.,1.2880434782608696,0.0421187269515523,184,142,31,11,not_evaluated,not_evaluated
That was above the belt.,1.2875,0.0419526350174295,160,120,34,6,not_evaluated,not_evaluated
"Okay, best two out of three.",1.2873563218390804,0.0406054209380436,174,131,36,7,not_evaluated,not_evaluated
"Like Mike Tyson said, ‘Everybody’s got a plan til they get punched in the face.’",1.2873563218390804,0.0429897954603362,174,134,30,10,not_evaluated,not_evaluated
A bomb...unable.,1.287292817679558,0.0453689511390829,181,144,22,15,not_evaluated,not_evaluated
I always lose my head in confrontations,1.287292817679558,0.0439950794868065,181,142,26,13,not_evaluated,not_evaluated
I’ll fight you with one head behind my back,1.2872340425531914,0.0414800979239846,188,145,32,11,not_evaluated,not_evaluated
"Before climate change, you could last 12 rounds.",1.2871794871794873,0.0429908635204247,195,154,26,15,not_evaluated,not_evaluated
"Next round I get the scarf and you get the hat, and we'll see whose head stays on.",1.2865168539325842,0.041548320643673,178,136,33,9,not_evaluated,not_evaluated
You wanna take this inside?,1.2865168539325842,0.0391895781057034,178,133,39,6,not_evaluated,not_evaluated
I hate warming up.,1.2865168539325842,0.0391895781057034,178,133,39,6,not_evaluated,not_evaluated
You seriously thought I would duck ?,1.2864864864864864,0.041919364783321,185,143,31,11,not_evaluated,not_evaluated
You're gonna want to get some ice on that.,1.2864864864864864,0.0404935097352174,185,141,35,9,not_evaluated,not_evaluated
"Sorry I lost your head,",1.2864864864864864,0.0412126041067128,185,142,33,10,not_evaluated,not_evaluated
Wow! I never even saw that coming!,1.2864583333333333,0.0408664848107621,192,148,33,11,not_evaluated,not_evaluated
I thought I would see stars but all I see is an empty sky.,1.2864583333333333,0.0415283891164015,192,149,31,12,not_evaluated,not_evaluated
"Hey, that cloud looks like Dad.",1.2863436123348018,0.0380788054322353,227,176,37,14,not_evaluated,not_evaluated
Little help here.,1.2857142857142858,0.0431696617936341,168,129,30,9,not_evaluated,not_evaluated
Wow.  That round kick DEFINITELY came out of nowhere.,1.2857142857142858,0.0432846700788653,189,149,26,14,not_evaluated,not_evaluated
The new Melterweight Champion is...,1.2857142857142858,0.0409137842712349,182,139,34,9,not_evaluated,not_evaluated
"My hat, you idiot!  My hat!  Not my head.",1.2857142857142858,0.0409137842712349,182,139,34,9,not_evaluated,not_evaluated
Hold on a minute. Let me get my head back in the game!,1.2857142857142858,0.041964128528739,189,147,30,12,not_evaluated,not_evaluated
Don't worry. I'm not going to have a meltdown over this.,1.2849162011173183,0.0428378171811914,179,139,29,11,not_evaluated,not_evaluated
I think we represent his resentment of being forced to play outside.,1.2849162011173183,0.0435643119937301,179,140,27,12,not_evaluated,not_evaluated
¡Snow mas!,1.2848837209302326,0.0448036567925982,172,135,25,12,not_evaluated,not_evaluated
I can’t feel my body!,1.2848837209302326,0.0440382584349629,172,134,27,11,not_evaluated,not_evaluated
For a guy with sticks for arms you sure do punch hard.,1.284848484848485,0.0469357099933934,165,131,21,13,not_evaluated,not_evaluated
Oh no. Is that dog coming over here?,1.2843137254901962,0.0415546559499733,204,161,28,15,not_evaluated,not_evaluated
"Alright, now let's see you work the body.",1.2842105263157897,0.0404143919138502,190,146,34,10,not_evaluated,not_evaluated
"You know, in the end we both lose.",1.2840909090909092,0.0393928987541538,176,132,38,6,not_evaluated,not_evaluated
You can't even look me in the eye!,1.2840909090909092,0.0425621983924147,176,136,30,10,not_evaluated,not_evaluated
Guess I'll be heading off now!,1.2840909090909092,0.044061444164546,176,138,26,12,not_evaluated,not_evaluated
Ugh! Right in the carrot!,1.2840236686390532,0.0445567948885762,169,132,26,11,not_evaluated,not_evaluated
"Well, this is a problem.",1.2838709677419355,0.0455427067787525,155,120,26,9,not_evaluated,not_evaluated
"I said ""hat's off to you"".",1.283687943262411,0.0496453900709219,141,111,20,10,not_evaluated,not_evaluated
Cold-cocked again.,1.2834224598930482,0.0428884275363326,187,147,27,13,not_evaluated,not_evaluated
Alright then. You can wear the cap.,1.2833333333333334,0.0447595132743162,180,143,23,14,not_evaluated,not_evaluated
We're honestly just not constructed for the bob and weave,1.2833333333333334,0.0403853259237679,180,137,35,8,not_evaluated,not_evaluated
"Ok, we'll work on body punches next.",1.283132530120482,0.045092404855994,166,130,25,11,not_evaluated,not_evaluated
I told you to throw you hat in the ring. Not you head.,1.283132530120482,0.0466836553405197,166,132,21,13,not_evaluated,not_evaluated
I'm not sure if this is what Boxing Day is about..,1.2830188679245282,0.0447303266629452,159,123,27,9,not_evaluated,not_evaluated
"I won't lie, that one stung a little.",1.2830188679245282,0.0404025140157625,212,167,30,15,not_evaluated,not_evaluated
"Okay, I'm warmed up now.",1.2829268292682927,0.0371092728644852,205,155,42,8,not_evaluated,not_evaluated
I guess I shouldn’t have rolled with the punch”,1.2827225130890052,0.0422346919095455,191,150,28,13,not_evaluated,not_evaluated
"Hey, I could see our old house from here.",1.2824858757062148,0.0445673813850711,177,140,24,13,not_evaluated,not_evaluated
I almost see what you did there.,1.2824858757062148,0.042351475503919,177,137,30,10,not_evaluated,not_evaluated
I guess I won’t be back again someday…,1.2824858757062148,0.0438411923667069,177,139,26,12,not_evaluated,not_evaluated
"The sun was in my eyes.""",1.2824858757062148,0.042351475503919,177,137,30,10,not_evaluated,not_evaluated
"Head's down, you lose.",1.2823529411764707,0.0451038399796456,170,134,24,12,not_evaluated,not_evaluated
I knew I should have worn a scarf today.,1.2820512820512822,0.0389822883818482,195,149,37,9,not_evaluated,not_evaluated
"Float like a snowflake, sting like a snowball.",1.2819148936170213,0.0433475604594974,188,149,25,14,not_evaluated,not_evaluated
"That was Abominable,",1.2818791946308723,0.0457524083401475,149,115,26,8,not_evaluated,not_evaluated
A heads up would’ve been nice,1.2816091954022988,0.0404287160136123,174,132,35,7,not_evaluated,not_evaluated
"It appears,yours was the cooler head that prevailed.",1.281081081081081,0.041767565027905,185,144,30,11,not_evaluated,not_evaluated
Where's my scarf?,1.2810457516339868,0.0458620712418457,153,119,25,9,not_evaluated,not_evaluated
"Wow, I have a nice body.""",1.2808988764044944,0.0457538256547421,178,143,20,15,not_evaluated,not_evaluated
They don’t make us like they used to.,1.2808988764044944,0.0436230746949146,178,140,26,12,not_evaluated,not_evaluated
I’m surprised how little that hurt me.,1.2808988764044944,0.0428893072195074,178,139,28,11,not_evaluated,not_evaluated
‘I knew I should have worn a scarf’,1.2808988764044944,0.0436230746949146,178,140,26,12,not_evaluated,not_evaluated
"Well, this is still safer than your water polo challenge.",1.2808219178082192,0.0431879707846321,146,110,31,5,not_evaluated,not_evaluated
"A warm compress, you say?",1.2807881773399017,0.0385676943951673,203,156,37,10,not_evaluated,not_evaluated
"Fine, I’m sorry I said your arms were sticks.",1.280701754385965,0.0408569689137927,171,130,34,7,not_evaluated,not_evaluated
Help! I've fallen and I can't get up.,1.2804878048780488,0.0410734138408318,164,124,34,6,not_evaluated,not_evaluated
I was already out and cold.,1.2804232804232805,0.0397481539420133,189,145,35,9,not_evaluated,not_evaluated
What? - Have you lost your mind?,1.2802547770700636,0.047675336245684,157,125,20,12,not_evaluated,not_evaluated
But I never said ‘Let them eat cake.’,1.28021978021978,0.0463299386401579,182,148,17,17,not_evaluated,not_evaluated
"On the bright side, I think I can now drop down to the featherweight division",1.28,0.0395705590777871,200,155,34,11,not_evaluated,not_evaluated
Better to go out this way then to just melt away.,1.28,0.0402292282376594,175,133,35,7,not_evaluated,not_evaluated
Jack! You said you would just nip at my nose.,1.2797619047619049,0.0429899054122918,168,130,29,9,not_evaluated,not_evaluated
"All that boxing training!
The only thing you got right is
Keep your head down.",1.2797619047619049,0.0454091396708519,168,133,23,12,not_evaluated,not_evaluated
Who you calling snowflake?,1.279503105590062,0.0424512692165015,161,123,31,7,not_evaluated,not_evaluated
I couldn't see. There was a cinder in my eye.,1.2790697674418603,0.0398063495333492,172,130,36,6,not_evaluated,not_evaluated
Let’s start over. I wasn’t ready.,1.2790697674418603,0.0406515057430291,172,131,34,7,not_evaluated,not_evaluated
"Doesn't count, my body never hit the floor",1.2789473684210526,0.0388557405473179,190,145,37,8,not_evaluated,not_evaluated
"oops, warmed up too much",1.2787878787878788,0.0434878807423614,165,128,28,9,not_evaluated,not_evaluated
It wasn’t below the belt…,1.2787878787878788,0.0426296368909524,165,127,30,8,not_evaluated,not_evaluated
"I know this is off topic, but the sky is really lovely today.",1.2787878787878788,0.0443295116312963,165,129,26,10,not_evaluated,not_evaluated
He's still no match for May weather.,1.2787878787878788,0.0434878807423614,165,128,28,9,not_evaluated,not_evaluated
Cool heads prevail. Just you wait.,1.278688524590164,0.0390494166418386,183,139,37,7,not_evaluated,not_evaluated
You're a hard hitter for a guy with stick arms.,1.2784810126582278,0.0438726559815821,158,122,28,8,not_evaluated,not_evaluated
I'm gonna need some ice.,1.2784090909090908,0.0438999580456617,176,139,25,12,not_evaluated,not_evaluated
"OK, you win.  Keep the scarf and you can have the hat.",1.2783505154639174,0.0422919413747355,194,154,26,14,not_evaluated,not_evaluated
"That was cold, Bob.",1.2781065088757395,0.0419351706868346,169,130,31,8,not_evaluated,not_evaluated
Help! I’ve fallen and can’t get up.,1.2780748663101604,0.0399600552923997,187,144,34,9,not_evaluated,not_evaluated
"I really don't think I should be considered ""down.""",1.2777777777777777,0.0457117455777679,162,128,23,11,not_evaluated,not_evaluated
You'll have keep going without me Frosty.  My head's just not in the game anymore.,1.2777777777777777,0.0446070891168189,180,144,22,14,not_evaluated,not_evaluated
Is that all you got George?,1.2777777777777777,0.0409808024240849,180,139,32,9,not_evaluated,not_evaluated
"Ok, you can wear my hat.",1.277456647398844,0.0436451125604215,173,136,26,11,not_evaluated,not_evaluated
"Ok, smart aleck, how do you propose to get your hat now?",1.277456647398844,0.0444084359726567,173,137,24,12,not_evaluated,not_evaluated
Hey! I see sky. Where did you go?,1.277456647398844,0.0428681993473737,173,135,28,10,not_evaluated,not_evaluated
Technically it's not a knockout if I'm still standing.,1.2774193548387096,0.0424782000039236,155,118,31,6,not_evaluated,not_evaluated
"That was just cold, man. Cold.",1.2774193548387096,0.0462552288700297,155,122,23,10,not_evaluated,not_evaluated
As long as you don’t punch me in the snowballs.,1.2771739130434785,0.0452232820285213,184,149,19,16,not_evaluated,not_evaluated
I told you to wear a scarf!,1.2771084337349397,0.0415354320510776,166,127,32,7,not_evaluated,not_evaluated
Didn't peg you for a southpaw.,1.2771084337349397,0.0440936522194866,166,130,26,10,not_evaluated,not_evaluated
I guess I need to focus more on my footwork.,1.2771084337349397,0.0424053235549202,166,128,30,8,not_evaluated,not_evaluated
I can't believe I froze up,1.277027027027027,0.0477677337129676,148,117,21,10,not_evaluated,not_evaluated
"Okay, smart guy, let's see you get the hat now.",1.2768361581920904,0.0429383599570009,177,139,27,11,not_evaluated,not_evaluated
"Sorry about that,I lost my head.",1.276470588235294,0.0425459692232271,170,132,29,9,not_evaluated,not_evaluated
Sorry I lost my head,1.2763157894736843,0.0477786158536495,152,121,20,11,not_evaluated,not_evaluated
"Okay, Okay, you can have your hat back.",1.2756756756756755,0.0408993133795177,185,144,31,10,not_evaluated,not_evaluated
Please tell me there’s no dogs around.,1.2756410256410255,0.0441571353375348,156,121,27,8,not_evaluated,not_evaluated
You can't blame everything on global warming,1.2755102040816326,0.0431378017134819,196,158,22,16,not_evaluated,not_evaluated
No fair ... that was a snow blow.,1.2754491017964071,0.0430299227110178,167,130,28,9,not_evaluated,not_evaluated
I can’t remember if that kid built us this way or you if you sucker punched me.,1.2752808988764044,0.0412122054966401,178,138,31,9,not_evaluated,not_evaluated
"Yeah, yeah, enjoy your time up there… they predicted an early spring",1.2752808988764044,0.0404347116946378,178,137,33,8,not_evaluated,not_evaluated
"OK, so I'm not entirely sure you understand the concept of ""sparring.""",1.275,0.042476408546614,160,123,30,7,not_evaluated,not_evaluated
Not fair! No hitting above the belt.,1.274853801169591,0.0406694374468576,171,131,33,7,not_evaluated,not_evaluated
Just put some ice on it and you should be fine,1.2747252747252746,0.0405863377560757,182,141,32,9,not_evaluated,not_evaluated
"You may think that you have the advantage now, but I can see just as well with my buttons.",1.2747252747252746,0.0448500548474668,182,147,20,15,not_evaluated,not_evaluated
Oh!  You meant YOUR left.,1.2746478873239435,0.0459577337897954,142,110,25,7,not_evaluated,not_evaluated
Cooler heads will prevail!,1.2745098039215683,0.0437289377455899,153,118,28,7,not_evaluated,not_evaluated
This is more embarrassing than the yellow snow incident.,1.2745098039215683,0.0456532432623213,153,120,24,9,not_evaluated,not_evaluated
You lose your head every time we fight!,1.274390243902439,0.0452156780601116,164,130,23,11,not_evaluated,not_evaluated
"One down, two to go.",1.2742857142857142,0.0408587159663625,175,135,32,8,not_evaluated,not_evaluated
You just changed my point of view.,1.2738853503184713,0.0429701849319708,157,121,29,7,not_evaluated,not_evaluated
"Well, I guess this calls for the Concussion Protocol.",1.2738095238095235,0.0428044380165616,168,131,28,9,not_evaluated,not_evaluated
"I told you, heads up!",1.2738095238095235,0.0419634831071487,168,130,30,8,not_evaluated,not_evaluated
Why didn't you wear your scarf?,1.2737430167597763,0.0402375846156838,179,138,33,8,not_evaluated,not_evaluated
..guess cooler heads prevailed again?,1.2732919254658386,0.0457745433943592,161,128,22,11,not_evaluated,not_evaluated
I prefer hits below the belt.,1.2732919254658386,0.0431554118078334,161,125,28,8,not_evaluated,not_evaluated
Check it out.  A flock of geese are flying overhead.,1.2732558139534884,0.0412955635233833,172,133,31,8,not_evaluated,not_evaluated
Concussion protocol!,1.2732558139534884,0.0436957885239166,172,136,25,11,not_evaluated,not_evaluated
I can’t believe you cold-cocked me!!,1.2732558139534884,0.0421108421041202,172,134,29,9,not_evaluated,not_evaluated
O.K. You Win.  The next time I get the scarf and you get the hat.,1.273224043715847,0.0388767705078498,183,140,36,7,not_evaluated,not_evaluated
"I blame that on global warming, try to hit me again!",1.273224043715847,0.0432631335825629,183,146,24,13,not_evaluated,not_evaluated
"Technically, I still get 10 seconds.",1.2727272727272727,0.0449715655945001,165,131,23,11,not_evaluated,not_evaluated
I told you.... not in the face!,1.2727272727272727,0.039849184396276,176,135,34,7,not_evaluated,not_evaluated
…I’m getting soft.,1.2727272727272727,0.0434806093320872,154,119,28,7,not_evaluated,not_evaluated
"Sorry,my head is not in this.",1.2727272727272727,0.0424347996578074,165,128,29,8,not_evaluated,not_evaluated
"Ok,sorry,I won’t mention your “bald spot” again!",1.2727272727272727,0.0405141007641777,187,146,31,10,not_evaluated,not_evaluated
Better than a total meltdown I guess..,1.2722513089005236,0.0425952426514127,191,153,24,14,not_evaluated,not_evaluated
It's not a knock-out if I'm still standing.,1.272222222222222,0.0384608885438518,180,137,37,6,not_evaluated,not_evaluated
Nice jab! I just froze!,1.272222222222222,0.0359585901877455,180,134,43,3,not_evaluated,not_evaluated
"Clearly, the scarf worked to your advantage.",1.272189349112426,0.0449943211801504,169,135,22,12,not_evaluated,not_evaluated
Talk about getting coldcocked...,1.272189349112426,0.038222374512647,169,127,38,4,not_evaluated,not_evaluated
It's not a knockout but I will concede you are a head on points,1.2717391304347827,0.0409312783787978,184,144,30,10,not_evaluated,not_evaluated
Does this mean I'm ahead?,1.271604938271605,0.0471767867790782,162,131,18,13,not_evaluated,not_evaluated
So that’s what ‘thumpity thump thump’ was referring to.,1.271523178807947,0.0478535060656573,151,121,19,11,not_evaluated,not_evaluated
Max surprised himself on the sheer effectiveness of the uppercut.,1.271523178807947,0.045000637556864,151,118,25,8,not_evaluated,not_evaluated
I just need to ice it.,1.271186440677966,0.0420118155290911,177,139,28,10,not_evaluated,not_evaluated
What knockout? I’m still standing!,1.271186440677966,0.0420118155290911,177,139,28,10,not_evaluated,not_evaluated
Brain freeze!!,1.2710843373493976,0.0455389232546113,166,133,21,12,not_evaluated,not_evaluated
"Come on, keep fighting! It's only a flesh wound!",1.270967741935484,0.0391677960569138,155,116,36,3,not_evaluated,not_evaluated
"Come on Harold, get your head in the game.",1.270967741935484,0.0422549143844845,155,119,30,6,not_evaluated,not_evaluated
I think I'm a head.,1.2708333333333333,0.0443141970196691,144,111,27,6,not_evaluated,not_evaluated
These are my last words. I've been decaptionated.,1.270718232044199,0.0428191647101787,181,144,25,12,not_evaluated,not_evaluated
It's only a flake wound.,1.270718232044199,0.0413606837234026,181,142,29,10,not_evaluated,not_evaluated
At least I can go down a weight class now.,1.2705882352941176,0.043174155445707,170,134,26,10,not_evaluated,not_evaluated
"On the plus side, it looks like the weather's clearing.",1.2705314009661837,0.0401822222283256,207,165,28,14,not_evaluated,not_evaluated
It may be the cold but I can't feel my hands.,1.270440251572327,0.0434239661937554,159,124,27,8,not_evaluated,not_evaluated
Ah ha! I can roll with the punches!,1.270440251572327,0.0452201706298907,159,126,23,10,not_evaluated,not_evaluated
"I thought headshots weren't allowed, Frosty",1.270440251572327,0.0460920310649947,159,127,21,11,not_evaluated,not_evaluated
"No, no, it's not a knockout unless my whole body is down.",1.27007299270073,0.0445670572122642,137,105,27,5,not_evaluated,not_evaluated
At least I’ve got a head start on the spring thaw.,1.2699386503067485,0.0435678287151323,163,128,26,9,not_evaluated,not_evaluated
My head just wasn't in it.,1.269736842105263,0.0437545941787822,152,118,27,7,not_evaluated,not_evaluated
All this over a hat?,1.269736842105263,0.0457027489679918,152,120,23,9,not_evaluated,not_evaluated
"Well, my hat’s off to you.",1.269736842105263,0.0437545941787822,152,118,27,7,not_evaluated,not_evaluated
"Didn’t we agree, no hitting above the scarf?”",1.269736842105263,0.0427472354194893,152,117,29,6,not_evaluated,not_evaluated
I need to think more about my footwork.,1.2695035460992907,0.0437356809673423,141,108,28,5,not_evaluated,not_evaluated
Have you lost your head or are you just having another meltdown?,1.2694610778443114,0.0419882505513914,167,130,29,8,not_evaluated,not_evaluated
"Dammit,Carl!  These are MITTENS!",1.2694610778443114,0.0436726793104323,167,132,25,10,not_evaluated,not_evaluated
Just a scratch,1.2692307692307692,0.0439434875129615,156,122,26,8,not_evaluated,not_evaluated
"Oh my, the gutters are a mess!",1.2692307692307692,0.0448747488097771,156,123,24,9,not_evaluated,not_evaluated
"Knock it off,will you?",1.2692307692307692,0.0448747488097771,156,123,24,9,not_evaluated,not_evaluated
Tis but a scratch!,1.2690058479532165,0.0445231320520527,171,137,22,12,not_evaluated,not_evaluated
I guess there’s not a lot of magic in this old wool hat.,1.2690058479532165,0.0445231320520527,171,137,22,12,not_evaluated,not_evaluated
"Dad always said - keep your cool, don't lose your head...",1.2689655172413794,0.0440471408192177,145,112,27,6,not_evaluated,not_evaluated
Best two of three?,1.2684563758389262,0.0432563432984606,149,115,28,6,not_evaluated,not_evaluated
Just because you couldn't knock my socks off?,1.2682926829268293,0.0441874797473559,164,130,24,10,not_evaluated,not_evaluated
"That's it, now the gloves are commin' off!",1.2682926829268293,0.045849392194417,164,132,20,12,not_evaluated,not_evaluated
I quit now that I’m ahead.,1.2682926829268293,0.0466581553823627,164,133,18,13,not_evaluated,not_evaluated
Don't expect me to take this lying down,1.2679738562091505,0.0435034130974531,153,119,27,7,not_evaluated,not_evaluated
I think I'm having a meltdown.,1.2678571428571428,0.0434415646411829,168,133,25,10,not_evaluated,not_evaluated
"When Spring comes, we're all gonna forget about this.",1.267605633802817,0.0467882596428868,142,112,22,8,not_evaluated,not_evaluated
"""I coulda been an igloo.""",1.267605633802817,0.0446022532914661,142,110,26,6,not_evaluated,not_evaluated
Could it be my footwork?,1.267515923566879,0.0455268087572703,157,125,22,10,not_evaluated,not_evaluated
"I'm still standing, so I think we're supposed to keep going.",1.267515923566879,0.0436963577539919,157,123,26,8,not_evaluated,not_evaluated
"Hey, who you callin' yellow?",1.267515923566879,0.0427517527551414,157,122,28,7,not_evaluated,not_evaluated
"Remember the good old days before global warming, when we could keep our heads in the game through the end of winter?",1.2674418604651163,0.0435167298930688,172,137,24,11,not_evaluated,not_evaluated
Is that the best ya got?,1.2671232876712328,0.0448490839343534,146,114,25,7,not_evaluated,not_evaluated
Someone’s upset about not getting a hat.,1.2670807453416149,0.0438427490474057,161,127,25,9,not_evaluated,not_evaluated
I knew warming up was a bad idea.,1.2670454545454546,0.0379887473241558,176,134,37,5,not_evaluated,not_evaluated
"Technically, this is
not a knockout.",1.2666666666666666,0.0404459009562599,165,127,32,6,not_evaluated,not_evaluated
I'd like to see you try that again!,1.2666666666666666,0.0430042572853916,150,116,28,6,not_evaluated,not_evaluated
Your left hook is abominable.,1.2666666666666666,0.0472575713952121,135,106,22,7,not_evaluated,not_evaluated
And that’s the day Frosty became a method actor.,1.2666666666666666,0.0406343248382321,180,141,30,9,not_evaluated,not_evaluated
You did that just to get my hat? You are an abominable snowman!,1.266187050359712,0.0474295372295419,139,110,21,8,not_evaluated,not_evaluated
Can you grab me an ice pack?,1.2658959537572254,0.0408969809445884,173,135,30,8,not_evaluated,not_evaluated
I'm contemplating the fact that we are essentially 99% water.,1.2658227848101269,0.0385349304217986,158,119,36,3,not_evaluated,not_evaluated
"Okay, now put my head back on and I'll teach you the uppercut.",1.2658227848101269,0.043451917541463,158,124,26,8,not_evaluated,not_evaluated
You’ve already knocked my socks off. Was this really necessary?!,1.2657342657342658,0.0485696614290394,143,115,18,10,not_evaluated,not_evaluated
Why don’t you quit while you’re ahead.”,1.265536723163842,0.0433419406471162,177,142,23,12,not_evaluated,not_evaluated
My chin is up. Unfortunately my head is off!,1.2654320987654322,0.0427140813334007,162,127,27,8,not_evaluated,not_evaluated
That's fine. I still have two more rounds left in me.,1.2654320987654322,0.0408794602698386,162,125,31,6,not_evaluated,not_evaluated
"My wife is right, I have no spine.",1.2654320987654322,0.041806835661825,162,126,29,7,not_evaluated,not_evaluated
Uh man! Here comes the dog.,1.2654320987654322,0.0453269947433198,162,130,21,11,not_evaluated,not_evaluated
I need an ice pack.,1.2650602409638554,0.0393156822346056,166,127,34,5,not_evaluated,not_evaluated
I'm telling mom!,1.2649006622516556,0.0437754522670997,151,118,26,7,not_evaluated,not_evaluated
It's all fun and games until someone loses a head.,1.2649006622516556,0.0457481219580676,151,120,22,9,not_evaluated,not_evaluated
I still say you need a hat.,1.2649006622516556,0.0417095885820997,151,116,30,5,not_evaluated,not_evaluated
Ice pack please!,1.2647058823529411,0.0396153781549516,170,131,33,6,not_evaluated,not_evaluated
Oh man right in the carrot!,1.2647058823529411,0.0480958716195692,136,108,20,8,not_evaluated,not_evaluated
"That, my dear, was a high blow.”",1.264516129032258,0.0467434855788327,155,125,19,11,not_evaluated,not_evaluated
”Another global warming tragedy.,1.264516129032258,0.0458384801612921,155,124,21,10,not_evaluated,not_evaluated
There goes any mental edge I might have had.,1.264516129032258,0.0467434855788327,155,125,19,11,not_evaluated,not_evaluated
No fair! The sun was in my coals.,1.264367816091954,0.0414983633474051,174,137,28,9,not_evaluated,not_evaluated
I don't have a snowball's chance in hell in this fight,1.2638888888888888,0.0472496378207806,144,115,20,9,not_evaluated,not_evaluated
I said no head shots!,1.2638888888888888,0.0462104228185573,144,114,22,8,not_evaluated,not_evaluated
"Luckily, I didn’t fall flat on my carrot.",1.2638036809815951,0.0433647141883269,163,129,25,9,not_evaluated,not_evaluated
Is that your best shot?,1.2638036809815951,0.0433647141883269,163,129,25,9,not_evaluated,not_evaluated
Dodge and weave my ass.,1.2638036809815951,0.0433647141883269,163,129,25,9,not_evaluated,not_evaluated
"It's knock your socks off, not knock your block off.!",1.2635135135135136,0.0432643529556273,148,115,27,6,not_evaluated,not_evaluated
Down goes Freezer!  Down goes Freezer!  Down goes Freezer!,1.263157894736842,0.0473568011773058,152,123,18,11,not_evaluated,not_evaluated
"From down here, I’d say I’m still standing.",1.263157894736842,0.0414709098441645,152,117,30,5,not_evaluated,not_evaluated
"Tails, I win.",1.263157894736842,0.0464276667732312,152,122,20,10,not_evaluated,not_evaluated
You're right.  I do have a big butt.,1.263157894736842,0.045150739708304,133,103,25,5,not_evaluated,not_evaluated
So the scarf does help.,1.263157894736842,0.0425528725599287,133,101,29,3,not_evaluated,not_evaluated
"It’s fine, I hit my deductible last month.",1.263157894736842,0.0473568011773058,152,123,18,11,not_evaluated,not_evaluated
"Come on, the sun is about to come out",1.263157894736842,0.045150739708304,133,103,25,5,not_evaluated,not_evaluated
We’ll be on even ground this spring.,1.2625,0.0420462271806375,160,125,28,7,not_evaluated,not_evaluated
"Warmer temperatures, rising sea levels, and now this!",1.2625,0.0420462271806375,160,125,28,7,not_evaluated,not_evaluated
I forgot my scarf.,1.2625,0.046486202051061,160,130,18,12,not_evaluated,not_evaluated
That’s all you’ve got?,1.2620689655172417,0.0437914441414913,145,113,26,6,not_evaluated,not_evaluated
"Who do you think  you are, Marie Antoinette?",1.261904761904762,0.0432482235725305,168,134,24,10,not_evaluated,not_evaluated
This is why I wanted to wait for a scarf.,1.261744966442953,0.0489282682682548,149,122,15,12,not_evaluated,not_evaluated
"Well, that snowballed quickly.",1.2615384615384615,0.0457545839273973,130,101,24,5,not_evaluated,not_evaluated
I did not see that coming.,1.2611464968152866,0.0384945521058886,157,119,35,3,not_evaluated,not_evaluated
I still say your mother was dog park snow.,1.2611464968152866,0.0425260838914824,157,123,27,7,not_evaluated,not_evaluated
At least I kept my hands up.,1.2608695652173914,0.0408771632953049,161,125,30,6,not_evaluated,not_evaluated
"Oh fine, You know what the sun does to my face!",1.2608695652173914,0.0399161963057382,161,124,32,5,not_evaluated,not_evaluated
But I’m still standing,1.2608695652173914,0.0420285758740001,184,148,24,12,not_evaluated,not_evaluated
Hey!  You know the rules--no hits above the belt!,1.2608695652173914,0.0399161963057382,161,124,32,5,not_evaluated,not_evaluated
That was cold blooded.,1.2608695652173914,0.0427343185528518,161,127,26,8,not_evaluated,not_evaluated
I said no kicking.,1.2603550295857988,0.0430194781065071,169,135,24,10,not_evaluated,not_evaluated
"No nervous system, no problem.",1.2603550295857988,0.0421928088472616,169,134,26,9,not_evaluated,not_evaluated
Tell mom I need some ice.,1.26,0.0406105528432836,150,115,31,4,not_evaluated,not_evaluated
Another month and it won't make any difference who's the winner.,1.26,0.0427573142218157,150,117,27,6,not_evaluated,not_evaluated
"Touché?
Just giving you a heads-up!",1.2597402597402598,0.0458860044649192,154,124,20,10,not_evaluated,not_evaluated
I'm gonna need an icepack.,1.2596685082872927,0.0387003330727475,181,141,33,7,not_evaluated,not_evaluated
"I’m still standin’, Sugar!",1.259493670886076,0.0432311612401481,158,125,25,8,not_evaluated,not_evaluated
You had coal in your glove?!,1.259493670886076,0.0403367863980429,158,122,31,5,not_evaluated,not_evaluated
I just don't have it together today.,1.2592592592592593,0.0406559546051388,162,126,30,6,not_evaluated,not_evaluated
"Who said, ""Quit while you're a head""",1.2592592592592593,0.0433929758504725,162,129,24,9,not_evaluated,not_evaluated
"Good job, Kid! Next lesson: footwork.",1.2590361445783131,0.0400170855182468,166,129,31,6,not_evaluated,not_evaluated
"As soon as we figure out who our mom is, I am definitely telling on you.",1.2589928057553956,0.0449029926679421,139,109,24,6,not_evaluated,not_evaluated
I told him not to warm up before the fight,1.2589928057553956,0.0449029926679421,139,109,24,6,not_evaluated,not_evaluated
You didn't have your head screwed on right!,1.258823529411765,0.0411341834474697,170,134,28,8,not_evaluated,not_evaluated
"No fair, I wasn't warmed up yet",1.258823529411765,0.0411341834474697,170,134,28,8,not_evaluated,not_evaluated
"That's OK, Phil. The championship bout is scheduled for May, which is problematic for both of us.",1.2587412587412588,0.0451676312546647,143,113,23,7,not_evaluated,not_evaluated
"On second thought, you can keep the scarf.",1.2587412587412588,0.0451676312546647,143,113,23,7,not_evaluated,not_evaluated
"Go ahead, smart guy!  Try knocking me out cold now!",1.2587412587412588,0.046245085894578,143,114,21,8,not_evaluated,not_evaluated
It's heads. You win.,1.2585034013605445,0.0421759689196889,147,114,28,5,not_evaluated,not_evaluated
Does a knock-off count as a knock-down or a knock-out?,1.2585034013605445,0.0453693314328217,147,117,22,8,not_evaluated,not_evaluated
"OK, Frostie, easy with the thumpety thump thump.",1.2585034013605445,0.0443304441049903,147,116,24,7,not_evaluated,not_evaluated
Ha!  It’s only an ice wound!,1.2585034013605445,0.038720130087177,147,111,34,2,not_evaluated,not_evaluated
"Told you that if you tried to fight me, heads would roll!",1.2585034013605445,0.0443304441049903,147,116,24,7,not_evaluated,not_evaluated
What is there to fight about? I feel like I'm seeing things from a whole new perspective.,1.2582781456953642,0.0435343371711425,151,119,25,7,not_evaluated,not_evaluated
Start over. I froze up.,1.2582781456953642,0.0425080967837912,151,118,27,6,not_evaluated,not_evaluated
We should have asked for mittens.,1.2582417582417582,0.0400589380321048,182,144,29,9,not_evaluated,not_evaluated
Uh-oh. Rabbits.,1.2580645161290325,0.0446920381286433,155,124,22,9,not_evaluated,not_evaluated
"No, in English there's a difference between ""head off with you"" and ""off with your head!""",1.2580645161290325,0.0456197923346159,155,125,20,10,not_evaluated,not_evaluated
Listen Champ...You are still going to melt at the same rate as me!,1.2580645161290325,0.0427762072999624,155,122,26,7,not_evaluated,not_evaluated
I warned you heads were gonna roll,1.2580645161290325,0.0407704494682927,155,120,30,5,not_evaluated,not_evaluated
"Keep fighting, it's just a flesh wound",1.2578616352201255,0.041095805817513,159,124,29,6,not_evaluated,not_evaluated
"Whatever you do, DO NOT let them cremate me!",1.2578616352201255,0.0429893969205285,159,126,25,8,not_evaluated,not_evaluated
My head wasn't in it.,1.2578616352201255,0.042053260892477,159,125,27,7,not_evaluated,not_evaluated
I expected a melt down.,1.2578616352201255,0.042053260892477,159,125,27,7,not_evaluated,not_evaluated
I guess you took offense at my ‘snowball’s chance’ comment.,1.2578125,0.0433099263815944,128,98,27,3,not_evaluated,not_evaluated
Great— now I've got a carrot nose and a cauliflower ear.,1.2576687116564418,0.0440240487865508,163,131,22,10,not_evaluated,not_evaluated
"Well, you said I had only a snowball's chance.",1.2574850299401197,0.040703069999531,167,131,29,7,not_evaluated,not_evaluated
"O.K., O.K. Have it your way. Best two of three.",1.2574850299401197,0.040703069999531,167,131,29,7,not_evaluated,not_evaluated
Well… Technically I’m not down for the count.,1.2569832402234635,0.0388858271869595,179,140,32,7,not_evaluated,not_evaluated
"Wow! That’s unnerving, I didn’t even hit you yet!",1.256578947368421,0.043280347029924,152,120,25,7,not_evaluated,not_evaluated
"At least that was a clean head shot; the punch before was dirty . . . right in the snowballs.""",1.256578947368421,0.0442755780851174,152,121,23,8,not_evaluated,not_evaluated
Does melting count as a TKO?,1.2564102564102564,0.0405420212842099,156,121,30,5,not_evaluated,not_evaluated
I thought we agreed to not train in the off-season,1.2564102564102564,0.0405420212842099,156,121,30,5,not_evaluated,not_evaluated
I thought we were chill..,1.2564102564102564,0.0415495905605353,156,122,28,6,not_evaluated,not_evaluated
We said no hits below the belt or above the scarf for a reason.,1.2560975609756098,0.0411400014238743,164,129,28,7,not_evaluated,not_evaluated
"Well, that was cold.",1.255952380952381,0.0430490862209632,168,135,23,10,not_evaluated,not_evaluated
You delivered the punch and now you want me to supply the punch line?,1.255952380952381,0.0413600269052197,168,133,27,8,not_evaluated,not_evaluated
"Is that all you got, snowflake?",1.255639097744361,0.0473183053936835,133,106,20,7,not_evaluated,not_evaluated
Try to keep your head in the game.,1.255639097744361,0.0448461781228279,133,104,24,5,not_evaluated,not_evaluated
"It’s an expression Dave, not an instruction.",1.2554744525547443,0.0463678575971621,137,109,21,7,not_evaluated,not_evaluated
"And to think last round, Jack Frost was only barely nipping at my nose.",1.2554744525547443,0.0486277969073477,137,111,17,9,not_evaluated,not_evaluated
I keep losing my head over you.,1.2554347826086956,0.041141703134361,184,148,25,11,not_evaluated,not_evaluated
Those scarves apparently do more than just keep your neck warm.,1.25531914893617,0.0465684180555605,141,113,20,8,not_evaluated,not_evaluated
"I should have worn my scarf.""",1.2551724137931035,0.0400900690266558,145,111,31,3,not_evaluated,not_evaluated
"No big deal, it's almost spring anyway.",1.2551724137931035,0.0467110937384278,145,117,19,9,not_evaluated,not_evaluated
I'm telling.,1.2551724137931035,0.0487185504655695,145,119,15,11,not_evaluated,not_evaluated
It’s not you it’s global warming.,1.2551724137931035,0.042412079833322,145,113,27,5,not_evaluated,not_evaluated
"Before I melt, can we at least try to find meaning in a senseless act?",1.25503355704698,0.0438017009859274,149,118,24,7,not_evaluated,not_evaluated
Summer rematch?,1.25503355704698,0.0427538803817079,149,117,26,6,not_evaluated,not_evaluated
Coach said keep your head down.,1.25503355704698,0.0405771468262492,149,115,30,4,not_evaluated,not_evaluated
Ok.  How about two out of three?,1.2549019607843137,0.04776516680255,153,126,15,12,not_evaluated,not_evaluated
I think my carrot is broken.,1.2549019607843137,0.0449834772295219,153,123,21,9,not_evaluated,not_evaluated
"If you wanted the hat so badly, why didn't you just ask!?",1.2549019607843137,0.0430292295962629,153,121,25,7,not_evaluated,not_evaluated
"I told you to chill, but you just had to go and lose your head",1.2549019607843137,0.0420180352663282,153,120,27,6,not_evaluated,not_evaluated
"A hit, a very palpable hit!",1.2547770700636942,0.0432476872554113,157,125,24,8,not_evaluated,not_evaluated
"You’re supposed to knock my socks off, dummy",1.2547770700636942,0.0432476872554113,157,125,24,8,not_evaluated,not_evaluated
I believe it’s a TKO since I am still standing.,1.2544378698224852,0.0384886221480589,169,131,33,5,not_evaluated,not_evaluated
"You just wait.  Next year, I'll show you.",1.2536231884057971,0.0460678444523835,138,110,21,7,not_evaluated,not_evaluated
Cmon! It’s only an ice wound,1.2536231884057971,0.0437112485167721,138,108,25,5,not_evaluated,not_evaluated
Just concede and save face.,1.2536231884057971,0.0424839584325427,138,107,27,4,not_evaluated,not_evaluated
"With global warming, these fights are just not what they used to be.",1.2535211267605637,0.0429142886698793,142,111,26,5,not_evaluated,not_evaluated
"Sorry, I don't have a head for this right now.",1.2535211267605637,0.0417342311678877,142,110,28,4,not_evaluated,not_evaluated
I guess I really DON'T know how a butterfly floats.,1.2535211267605637,0.0483847783541163,142,116,16,10,not_evaluated,not_evaluated
There goes our shot at the Winter Olympics.,1.2535211267605637,0.0440627540322751,142,112,24,6,not_evaluated,not_evaluated
I said 'decaf' - not decap!'',1.2534246575342465,0.0443412325779252,146,116,23,7,not_evaluated,not_evaluated
Something tells me to quit while I'm a head.,1.2534246575342465,0.0453940328437474,146,117,21,8,not_evaluated,not_evaluated
"Would you look at that cloud, it’s a dead ringer for Abe Vigoda.",1.2534246575342465,0.0432628200102593,146,115,25,6,not_evaluated,not_evaluated
I think you gave me a black eye,1.2533333333333334,0.0435419175409961,150,119,24,7,not_evaluated,not_evaluated
"Technically, I'm still on my feet.",1.2533333333333334,0.0445576485214365,150,120,22,8,not_evaluated,not_evaluated
I never even got to smoke a corncob pipe.”,1.2532467532467533,0.0447210637522886,154,124,21,9,not_evaluated,not_evaluated
"I only intended to throw my hat into the ring, but got a little carried away.",1.2532467532467533,0.0407485434321498,154,120,29,5,not_evaluated,not_evaluated
"I told you, a scarf is more important than a hat!",1.2532467532467533,0.0437617539103798,154,123,23,8,not_evaluated,not_evaluated
"Well, that snowballed out of control...",1.2532467532467533,0.0456602231812315,154,125,19,10,not_evaluated,not_evaluated
I just said to duck!,1.2531645569620251,0.0420554576990145,158,125,26,7,not_evaluated,not_evaluated
I thought we said nothing above the scarf?,1.2531645569620251,0.0400925206504493,158,123,30,5,not_evaluated,not_evaluated
My insurance is definitely not covering this,1.2531645569620251,0.0400925206504493,158,123,30,5,not_evaluated,not_evaluated
"Yeah, but guess who kept his hat on.",1.2531645569620251,0.0410857136629042,158,124,28,6,not_evaluated,not_evaluated
"I'm still standing, so technically, this cannot be called a knockdown.",1.2518518518518518,0.0466909656218854,135,108,20,7,not_evaluated,not_evaluated
"Actually, I take it back. From down here I can see that that's a very attractive scarf you're wearing and it looks very good on you.",1.2518518518518518,0.0442597970135088,135,106,24,5,not_evaluated,not_evaluated
He's out cold.,1.2517985611510791,0.0457716029785949,139,111,21,7,not_evaluated,not_evaluated
You didn't have to hit me. I would have given you the hat.,1.2517985611510791,0.0434339822042545,139,109,25,5,not_evaluated,not_evaluated
"I lost the fight, I lost my head, but I never lost my cool.",1.2517985611510791,0.0446181042254689,139,110,23,6,not_evaluated,not_evaluated
Nice shot.,1.2517482517482517,0.0426499954113912,143,112,26,5,not_evaluated,not_evaluated
"It was the best of times,it was the worst of times…",1.2517482517482517,0.0448999801900932,143,114,22,7,not_evaluated,not_evaluated
I guess my only hope now is a political career.,1.2517482517482517,0.047042473718437,143,116,18,9,not_evaluated,not_evaluated
‘Knocked your block off!,1.251700680272109,0.0451171219539593,147,118,21,8,not_evaluated,not_evaluated
Next year dibs on the scarf.,1.251700680272109,0.0451171219539593,147,118,21,8,not_evaluated,not_evaluated
I’m sorry—I lost my head for a moment!,1.251700680272109,0.0461382992049337,147,119,19,9,not_evaluated,not_evaluated
"Oops, I just meant to take my hat off!",1.251700680272109,0.0451171219539593,147,118,21,8,not_evaluated,not_evaluated
This feels more like home,1.2516556291390728,0.0432851248698495,151,120,24,7,not_evaluated,not_evaluated
I'm just rolling with the punches.,1.2516556291390728,0.0411946791891545,151,118,28,5,not_evaluated,not_evaluated
It's just a hat.,1.2516129032258063,0.0435091911925723,155,124,23,8,not_evaluated,not_evaluated
Just you wait for spring.,1.2516129032258063,0.0453940974065413,155,126,19,10,not_evaluated,not_evaluated
I'm still smarter than the majority of Congress.,1.2516129032258063,0.0480831115989667,155,129,13,13,not_evaluated,not_evaluated
"So much for warming up, then!",1.2516129032258063,0.0435091911925723,155,124,23,8,not_evaluated,not_evaluated
"You don't understand, Charlie, if I had the scarf, I coulda had class. I coulda been a contender.",1.2516129032258063,0.047203796886239,155,128,15,12,not_evaluated,not_evaluated
Is that considered a TKO?,1.2516129032258063,0.042535426854217,155,123,25,7,not_evaluated,not_evaluated
"Well,just don't stand there!",1.251572327044025,0.0408575318361228,159,125,28,6,not_evaluated,not_evaluated
Next round my head will really be in the game.,1.2514619883040936,0.0423700727532543,171,138,23,10,not_evaluated,not_evaluated
A little heads up would have been nice.,1.2514285714285711,0.0416952517476148,175,141,24,10,not_evaluated,not_evaluated
Ref! Check his gloves for heat packs!,1.25,0.0435194139889244,144,114,24,6,not_evaluated,not_evaluated
"Lover, gimme head!",1.25,0.0450107457833207,152,123,20,9,not_evaluated,not_evaluated
Well...guess I'll quit while I'm a head.,1.25,0.0467473495004228,144,117,18,9,not_evaluated,not_evaluated
Curling!...Even curling was a better idea than this.,1.25,0.0450107457833207,152,123,20,9,not_evaluated,not_evaluated
It’s just a slush wound !   Had enough ?!,1.25,0.0457333076987753,128,101,22,5,not_evaluated,not_evaluated
Maybe we should stick to below the belt.,1.25,0.0451310013044554,156,127,19,10,not_evaluated,not_evaluated
"Okay, smart guy you won back your hat so come and get it.",1.25,0.0435194139889244,144,114,24,6,not_evaluated,not_evaluated
I coulda been a contundra. I coulda been snowbody.,1.25,0.0432594649396542,156,125,23,8,not_evaluated,not_evaluated
"When I asked if you had anything for my headache , that was not what I had in mind.",1.25,0.049604736883284,128,104,16,8,not_evaluated,not_evaluated
Is that all ya got?!,1.25,0.0478197187466762,148,122,15,11,not_evaluated,not_evaluated
"Clearly, a scarf is better than a hat.",1.25,0.0437924796578926,124,96,25,3,not_evaluated,not_evaluated
This is not what I meant when I said ice box.,1.25,0.0448435002083859,148,119,21,8,not_evaluated,not_evaluated
"Ok, 2 more rounds but that’s all I got left.",1.25,0.0427443819024797,148,117,25,6,not_evaluated,not_evaluated
I'm gonna julienne your nose.,1.25,0.0418191384555462,164,131,25,8,not_evaluated,not_evaluated
Put that in your corncob pipe and smoke it.,1.25,0.0451938453788867,136,108,22,6,not_evaluated,not_evaluated
Guess that's what I get for bringing a hat to a scarf fight.,1.248447204968944,0.041358018648987,161,128,26,7,not_evaluated,not_evaluated
"Thumpety, thump thump, thumpety, thump thump
Look at Frosty KO!",1.2483660130718954,0.0456963152717447,153,125,18,10,not_evaluated,not_evaluated
I've looked at clouds from both sides now,1.248322147651007,0.0455791283852031,149,121,19,9,not_evaluated,not_evaluated
Match called because of beheading.,1.248322147651007,0.0445731109839511,149,120,21,8,not_evaluated,not_evaluated
Really? Just because I called you Snowflake?!,1.248322147651007,0.0424896785072941,149,118,25,6,not_evaluated,not_evaluated
You told me to knock it off!,1.24822695035461,0.0451901626158127,141,113,21,7,not_evaluated,not_evaluated
You could've just nicely asked me for the hat!,1.24822695035461,0.0451901626158127,141,113,21,7,not_evaluated,not_evaluated
Not so fast. I still have nine seconds to get up!,1.24822695035461,0.0451901626158127,141,113,21,7,not_evaluated,not_evaluated
You should have just given me the hat.,1.24822695035461,0.0451901626158127,141,113,21,7,not_evaluated,not_evaluated
"You know, that kid who posed us like this is one sick little fuck. Him and that stuffed tiger of his.",1.24822695035461,0.0473791625340828,141,115,17,9,not_evaluated,not_evaluated
You’ve lost your mind.,1.2481751824817515,0.049450633638193,137,113,14,10,not_evaluated,not_evaluated
Simply add a scarf and it'll never show?,1.2481751824817515,0.0448998478771998,137,109,22,6,not_evaluated,not_evaluated
Hey! I was just warming up!,1.248,0.0463590475562492,125,99,21,5,not_evaluated,not_evaluated
NOW repeat what you said about Frosty!,1.248,0.0490634875080401,125,101,17,7,not_evaluated,not_evaluated
Hat vs. Scarf,1.2479338842975207,0.0487883376632907,121,97,18,6,not_evaluated,not_evaluated
You’re right… I should have worn a scarf.,1.2469879518072289,0.0386300140277761,166,130,31,5,not_evaluated,not_evaluated
"It's not a TKO, my head may be on the ground but I'm still standing!",1.2469135802469136,0.042052370206339,162,130,24,8,not_evaluated,not_evaluated
"Everyone has a plan 'till they get punched in the carrot.""

 Joaquin Benitez, Tampa, Florida",1.2467532467532467,0.0435186224030212,154,124,22,8,not_evaluated,not_evaluated
Why can't I feel my toes?,1.2467532467532467,0.0444831758497564,154,125,20,9,not_evaluated,not_evaluated
I thought you said you could take a punch!,1.2467532467532467,0.0415223508511923,154,122,26,6,not_evaluated,not_evaluated
C’mon! Get your head back in the game!,1.2466666666666666,0.0443058988974,150,121,21,8,not_evaluated,not_evaluated
"Yeah, sure, you beat me, but I still have the hat.  Sucker!",1.2465753424657535,0.0461678806237235,146,119,18,9,not_evaluated,not_evaluated
Wasnt worth losing my head over this,1.2465753424657535,0.045133135166935,146,118,20,8,not_evaluated,not_evaluated
Ready…set…hey!,1.2465753424657535,0.0407321328294822,146,114,28,4,not_evaluated,not_evaluated
"C'mon, you didn't hit me that hard, I was melting already!",1.2465753424657535,0.0407321328294822,146,114,28,4,not_evaluated,not_evaluated
Can I borrow your scarf to get my head on right ?,1.2465753424657535,0.0440741032660593,146,117,22,7,not_evaluated,not_evaluated
Oops!,1.2464788732394363,0.0470767896663862,142,116,17,9,not_evaluated,not_evaluated
I feel bad — but we’re both gonna melt in a couple of months anyway.,1.2464788732394363,0.042622337357599,142,112,25,5,not_evaluated,not_evaluated
Hey! We said BELOW the carrot!,1.2464788732394363,0.04490483140553,142,114,21,7,not_evaluated,not_evaluated
I thought you said you were going to kick my butt?,1.2464788732394363,0.0470767896663862,142,116,17,9,not_evaluated,not_evaluated
I just can't get my head in the game.,1.2463768115942029,0.0421715555012945,138,108,26,4,not_evaluated,not_evaluated
"I lost my head, but I’m okay now.",1.2463768115942029,0.0446095633131816,138,110,22,6,not_evaluated,not_evaluated
is it over?,1.2463768115942029,0.0434076792307048,138,109,24,5,not_evaluated,not_evaluated
I didn't expect our disagreement to snowball like that.,1.2463768115942029,0.0446095633131816,138,110,22,6,not_evaluated,not_evaluated
I thought we agreed to keep away from the face.,1.2462686567164178,0.0454859016612393,134,107,21,6,not_evaluated,not_evaluated
That wasn't cool.,1.246031746031746,0.0473909882753598,126,101,19,6,not_evaluated,not_evaluated
Round one to climate change.,1.2459016393442623,0.0455460709089005,122,96,22,4,not_evaluated,not_evaluated
I got thumpety thump thumped.,1.2459016393442623,0.0537339981440236,122,102,10,10,not_evaluated,not_evaluated
Knocked out ice cold,1.2452830188679245,0.0415803000753575,159,127,25,7,not_evaluated,not_evaluated
Turns out we were doing Boxing Day wrong all these years.,1.2452830188679245,0.0425268485812996,159,128,23,8,not_evaluated,not_evaluated
"Hey,you said ""knock it off.""",1.2451612903225806,0.0432662429900918,155,125,22,8,not_evaluated,not_evaluated
This is nothing. I'm alway out cold.,1.2450331125827814,0.0419890529381387,151,120,25,6,not_evaluated,not_evaluated
Just a flesh wound? We’re made of snow!,1.2448979591836735,0.0438053793538948,147,118,22,7,not_evaluated,not_evaluated
"Yeah, but we're going to have to overcome greater obstacles in order to qualify for a summer Olympics sport.",1.2448979591836735,0.0478713181435486,147,122,14,11,not_evaluated,not_evaluated
"I thought we agreed, only body punches!",1.2447552447552448,0.0446230071415309,143,115,21,7,not_evaluated,not_evaluated
"Ok fine, the scarf DOES help.",1.2447552447552448,0.046778188067006,143,117,17,9,not_evaluated,not_evaluated
"When you said, ""Left hook,"" I thought you meant where you hang your scarf.",1.2447552447552448,0.0446230071415309,143,115,21,7,not_evaluated,not_evaluated
Maybe we should just stick to Tai Chi.,1.2446043165467626,0.0419045673644281,139,109,26,4,not_evaluated,not_evaluated
"Well, I guess it's time for me to head back.",1.2446043165467626,0.0477212200051136,139,114,16,9,not_evaluated,not_evaluated
The fact that it's Boxing Day is no excuse.,1.2444444444444445,0.0398805029319393,180,145,26,9,not_evaluated,not_evaluated
Dude. It’s not a snowball fight!,1.2444444444444445,0.0451845508297187,135,108,21,6,not_evaluated,not_evaluated
Let's call it a draw.,1.2442748091603053,0.0406806491434327,131,101,28,2,not_evaluated,not_evaluated
I just didn't have my head on straight.,1.2442748091603053,0.0434717705979832,131,103,24,4,not_evaluated,not_evaluated
"Hypocrite! Call me a snowflake again, I dare you! #mynewyorkercaption",1.2440944881889764,0.044320665484176,127,100,23,4,not_evaluated,not_evaluated
Now you put your guard up?,1.2440944881889764,0.0414047416977147,127,98,27,2,not_evaluated,not_evaluated
Is that all you've got? I've had worse brain freeze from ice cream!,1.2439024390243902,0.0480756759048246,123,99,18,6,not_evaluated,not_evaluated
Seriously? I didn’t even touch you,1.24375,0.0432075536067392,160,130,21,9,not_evaluated,not_evaluated
You could have just asked me to return your hat.,1.24375,0.0432075536067392,160,130,21,9,not_evaluated,not_evaluated
"Sorry, I didn't mean to lose my head.",1.24375,0.0413480348296836,160,128,25,7,not_evaluated,not_evaluated
You could have just asked to borrow my hat. But no. We have to go through this!,1.24375,0.0413480348296836,160,128,25,7,not_evaluated,not_evaluated
I guess I was a little hot under the collar.,1.24375,0.0403861812019343,160,127,27,6,not_evaluated,not_evaluated
"It's called a knock-out, not a knock off.",1.2436974789915969,0.0429744172126887,119,92,25,2,not_evaluated,not_evaluated
Nice footwork.,1.2430555555555556,0.0420974557736266,144,114,25,5,not_evaluated,not_evaluated
Fancy footwork!,1.2430555555555556,0.0432356436258042,144,115,23,6,not_evaluated,not_evaluated
Not fair.  You have longer branches than I do.,1.2430555555555556,0.045426545917423,144,117,19,8,not_evaluated,not_evaluated
"When you asked me to be your sparring partner, you said to just roll with the punches, but this is not what I had in mind.",1.2430555555555556,0.04434462737314,144,116,21,7,not_evaluated,not_evaluated
But you said I should roll with the punches.,1.2430555555555556,0.04434462737314,144,116,21,7,not_evaluated,not_evaluated
You call that an Icebreaker?,1.2428571428571429,0.0428571428571428,140,111,24,5,not_evaluated,not_evaluated
Nobody told me about your fancy footwork.,1.2428571428571429,0.0416408425822382,140,110,26,4,not_evaluated,not_evaluated
"Sorry, it was an accident. Don't have a meltdown.",1.2428571428571429,0.0463147866521478,140,114,18,8,not_evaluated,not_evaluated
"This is silly. Our differences will all just fade away come spring, anyway...",1.2428571428571429,0.0428571428571428,140,111,24,5,not_evaluated,not_evaluated
"This is why I hate fighting w you, you lose your head every time.",1.2428571428571429,0.0463147866521478,140,114,18,8,not_evaluated,not_evaluated
I’ll bet you can’t do that again!,1.2427745664739884,0.0425224090309737,173,142,20,11,not_evaluated,not_evaluated
This is where having a scarf comes in handy.,1.2426470588235294,0.0472516135324224,136,111,17,8,not_evaluated,not_evaluated
May the frost be with you.,1.2426470588235294,0.044887081189025,136,109,21,6,not_evaluated,not_evaluated
Beloved Frosty inexplicably accepts challenge to fight Snowy:  Now faces first degree murder charge.,1.2426470588235294,0.0483905718429844,136,112,15,9,not_evaluated,not_evaluated
"Chill out, will you!",1.2426470588235294,0.044887081189025,136,109,21,6,not_evaluated,not_evaluated
Is it time to take the gloves off?,1.2424242424242424,0.0470273053028226,132,107,18,7,not_evaluated,not_evaluated
"Go figure,he’s out cold",1.2424242424242424,0.0457810771284485,132,106,20,6,not_evaluated,not_evaluated
Why am I seeing things differently now?,1.2424242424242424,0.0431808543342196,132,104,24,4,not_evaluated,not_evaluated
I think this is called a split decision.,1.2421875,0.0467261004507824,128,103,19,6,not_evaluated,not_evaluated
Well I guess I'm ahead,1.2421875,0.0467261004507824,128,103,19,6,not_evaluated,not_evaluated
Don't worry. I am still qualified to run for president.,1.2420382165605095,0.0446384516690921,157,129,18,10,not_evaluated,not_evaluated
"I'm fine, it happens every time I get hit in the snow-balls",1.2419354838709675,0.0448954371943601,124,98,22,4,not_evaluated,not_evaluated
Like I said…I'm Ahead.,1.2418300653594772,0.0454558229070642,153,126,17,10,not_evaluated,not_evaluated
Maybe we should try MMA?,1.2418300653594772,0.0414998143144805,153,122,25,6,not_evaluated,not_evaluated
…AND my nose is itchy.,1.2418300653594772,0.0425233335962959,153,123,23,7,not_evaluated,not_evaluated
"Geez, kid, you hit like a snowplow!",1.2416107382550337,0.0432774456706233,149,120,22,7,not_evaluated,not_evaluated
"I told you heads would roll if we started fighting""",1.2413793103448276,0.0381721727870091,174,138,30,6,not_evaluated,not_evaluated
That was quite a flurry of punches!,1.2413793103448276,0.0451894059163464,116,91,22,3,not_evaluated,not_evaluated
I'd say that is a technical KO,1.2413793103448276,0.044069631063634,145,117,21,7,not_evaluated,not_evaluated
"Oof, looks like I could used a scarf.",1.2413793103448276,0.046818879146703,116,92,20,4,not_evaluated,not_evaluated
When mom said “knock it off” she didn’t mean quite literally.,1.2413793103448276,0.044069631063634,145,117,21,7,not_evaluated,not_evaluated
A heads up would have been nice. I wasn’t ready,1.2413793103448276,0.0418397120073592,145,115,25,5,not_evaluated,not_evaluated
I thought we were only pretending,1.2411347517730495,0.0437603184761787,141,113,22,6,not_evaluated,not_evaluated
Wait 'til next year.,1.2411347517730495,0.0425869504724495,141,112,24,5,not_evaluated,not_evaluated
I’m just glad my father turned to runoff so he didn’t have to see this.,1.2411347517730495,0.0437603184761787,141,113,22,6,not_evaluated,not_evaluated
I was just trying to help you get out of your own head.,1.2411347517730495,0.0449030354845895,141,114,20,7,not_evaluated,not_evaluated
Do you ever wonder where we go when we melt?,1.2411347517730495,0.0437603184761787,141,113,22,6,not_evaluated,not_evaluated
I guess I warmed up for too long,1.2411347517730495,0.0437603184761787,141,113,22,6,not_evaluated,not_evaluated
Did I win?,1.2408759124087592,0.0457811681239504,137,111,19,7,not_evaluated,not_evaluated
"When I called you yellow, I didn't mean afraid.",1.2408759124087592,0.0445934204545652,137,110,21,6,not_evaluated,not_evaluated
That is not a heads up,1.2406015037593985,0.044201706232744,133,106,22,5,not_evaluated,not_evaluated
Float like a butterfly. Sting like a bee!,1.2406015037593985,0.044201706232744,133,106,22,5,not_evaluated,not_evaluated
Looks like I’m ahead.,1.2406015037593985,0.047911943537536,133,109,16,8,not_evaluated,not_evaluated
Lend me your scarf.,1.2406015037593985,0.0428937019541687,133,105,24,4,not_evaluated,not_evaluated
"In all honesty I did not quite understand what you meant when you asked, “Carrot or the stick?”",1.2406015037593985,0.0490864085068034,133,110,14,9,not_evaluated,not_evaluated
Oopsie daisy.,1.2406015037593985,0.0454721013417958,133,107,20,6,not_evaluated,not_evaluated
I'm worried that they'll call this a pre-existing condition.,1.2403100775193798,0.046400464704701,129,104,19,6,not_evaluated,not_evaluated
"I said ""Knock my socks OFF""",1.2402234636871508,0.0398786650176617,179,145,25,9,not_evaluated,not_evaluated
Revenge is best served cold.,1.24,0.0473831329728478,125,101,18,6,not_evaluated,not_evaluated
Round two when the kid puts me back on?,1.24,0.0430181273896985,150,121,22,7,not_evaluated,not_evaluated
I see what you mean.,1.24,0.0500322476653969,125,103,14,8,not_evaluated,not_evaluated
You were supposed to duck!,1.2397260273972603,0.0404331700407179,146,115,27,4,not_evaluated,not_evaluated
"Duck and weave,"" Coach said. ""I'm a snowman,"" I said",1.2396694214876034,0.0484253328684488,121,98,17,6,not_evaluated,not_evaluated
"If it ever snows again, I want a rematch.",1.2394366197183098,0.042320062146136,142,113,24,5,not_evaluated,not_evaluated
Just let me melt.,1.2394366197183098,0.042320062146136,142,113,24,5,not_evaluated,not_evaluated
Got any ice?,1.2394366197183098,0.0468032920158507,142,117,16,9,not_evaluated,not_evaluated
I thought 'knock your block off' was a figure of speech.,1.2394366197183098,0.042320062146136,142,113,24,5,not_evaluated,not_evaluated
"My head is off, but I still win on points",1.2394366197183098,0.0411229563526963,142,112,26,4,not_evaluated,not_evaluated
Please tell me I still have black eyes.,1.2393162393162394,0.052423681282471,117,97,12,8,not_evaluated,not_evaluated
"Cheap shot, Al!”",1.2391304347826086,0.0430930785218547,138,110,23,5,not_evaluated,not_evaluated
Mother warned me not to lose my head over you.,1.2388059701492538,0.0451671846393246,134,108,20,6,not_evaluated,not_evaluated
Now what?,1.2388059701492538,0.0451671846393246,134,108,20,6,not_evaluated,not_evaluated
Bless you,1.2388059701492538,0.0475869338107734,134,110,16,8,not_evaluated,not_evaluated
Sorry. Lost my head there for a second.,1.2388059701492538,0.0463928380127459,134,109,18,7,not_evaluated,not_evaluated
"Whoops, sorry!  I didn't mean it literally ...",1.2388059701492538,0.0463928380127459,134,109,18,7,not_evaluated,not_evaluated
I would like to announce my retirement from boxing.,1.2384615384615385,0.0405740651026737,130,101,27,2,not_evaluated,not_evaluated
Please! Snow more!,1.2384615384615385,0.0434140061237124,130,103,23,4,not_evaluated,not_evaluated
My kids are picking me up after practice.,1.2384615384615385,0.046079248002365,130,105,19,6,not_evaluated,not_evaluated
Your footwork could use some attention.,1.2384105960264902,0.0437821309538831,151,123,20,8,not_evaluated,not_evaluated
I tried to tell you— this is what happens when you don’t wear your scarf.,1.2384105960264902,0.0406444870629623,151,120,26,5,not_evaluated,not_evaluated
I think I’m gonna need an ice pack.,1.238095238095238,0.0466303091993777,147,122,15,10,not_evaluated,not_evaluated
When I said “knock it off” I didn’t mean it literally.,1.238095238095238,0.0424456581474166,147,118,23,6,not_evaluated,not_evaluated
We didn't think this through.,1.238095238095238,0.044262666813799,126,100,22,4,not_evaluated,not_evaluated
"See? There are no butterflies to float like. There are no bees to sting like. It's winter. All is death. Also, this is what happens when they forget my scarf.",1.238095238095238,0.044587103693764,147,120,19,8,not_evaluated,not_evaluated
"I said I wanted a head shot,not a shot to the head!!",1.2378048780487805,0.0385495719248536,164,130,29,5,not_evaluated,not_evaluated
It's the same thing every Boxing Day.,1.2377622377622377,0.0432115203709021,143,115,22,6,not_evaluated,not_evaluated
You're definitely boxing under your weight now.,1.2377049180327868,0.0494561654427574,122,100,15,7,not_evaluated,not_evaluated
Mom’s gonna be mad.,1.2377049180327868,0.0466363196075077,122,98,19,5,not_evaluated,not_evaluated
Well maybe we both lost our cool.,1.2375,0.039141233546249,160,127,28,5,not_evaluated,not_evaluated
Have you lost your mind,1.237410071942446,0.0451860849864171,139,113,19,7,not_evaluated,not_evaluated
"My head fell off, let’s try again.",1.237410071942446,0.0415811138948173,139,110,25,4,not_evaluated,not_evaluated
"Yes, but it's only a technical knockout.",1.2372881355932204,0.0491532916665751,118,96,16,6,not_evaluated,not_evaluated
C’mon. No hitting above the belt.,1.2371794871794872,0.0446585978606215,156,129,17,10,not_evaluated,not_evaluated
"So, how’s your head?",1.237037037037037,0.0448662497392127,135,109,20,6,not_evaluated,not_evaluated
"Oh, really, a jolly, happy soul?",1.237037037037037,0.0460818693758722,135,110,18,7,not_evaluated,not_evaluated
"AI-prompt: Make a drawing of two snowmen doing sports, one is a head taller than the other",1.237037037037037,0.0484216410729958,135,112,14,9,not_evaluated,not_evaluated
"Sorry, I knocked your block off.”",1.236842105263158,0.0445112512801521,152,125,18,9,not_evaluated,not_evaluated
"Go easy on me, I'm already seeing stars...",1.2366863905325445,0.0377836526680864,169,134,30,5,not_evaluated,not_evaluated
Heads up! No down!,1.236641221374046,0.0470280098802241,131,107,17,7,not_evaluated,not_evaluated
Is that Taylor Swift’s plane?,1.236641221374046,0.0470280098802241,131,107,17,7,not_evaluated,not_evaluated
"Next up, bowling.",1.236641221374046,0.0482604758098255,131,108,15,8,not_evaluated,not_evaluated
This is why I suggested thumb wrestling.,1.236641221374046,0.0457623633698933,131,106,19,6,not_evaluated,not_evaluated
Fighting during a spring thaw has always had inherent risks.,1.2364864864864864,0.0399501970783298,148,117,27,4,not_evaluated,not_evaluated
A Meltdown is the only way I will concede.,1.236220472440945,0.0467098906810677,127,103,18,6,not_evaluated,not_evaluated
Now I'm as thoughtless as you!,1.236220472440945,0.0453522823073372,127,102,20,5,not_evaluated,not_evaluated
"Right, we’ll call it a draw.",1.236220472440945,0.0467098906810677,127,103,18,6,not_evaluated,not_evaluated
I do have to confess that my neck hasn’t felt this good in years!,1.2361111111111112,0.0451472931629875,144,118,18,8,not_evaluated,not_evaluated
What happened to my scarf??!!??,1.2361111111111112,0.0472496378207805,144,120,14,10,not_evaluated,not_evaluated
Hey! the sun's coming out!,1.2361111111111112,0.0462104228185573,144,119,16,9,not_evaluated,not_evaluated
I thought this was just a warm up,1.2361111111111112,0.0440585177101959,144,117,20,7,not_evaluated,not_evaluated
"Could be worse, last year I had to be that schmuck Parson Brown!",1.2361111111111112,0.0429421457975093,144,116,22,6,not_evaluated,not_evaluated
"Oh, that's just great Hal! ...Little Timmy's gonna' be emotionally scarred for life the next time he gives this snow globe a shake!",1.2357723577235773,0.0477136891951681,123,100,17,6,not_evaluated,not_evaluated
"Frosty had a good left jab, but unfortunately also an ‘ice neck’.",1.2357142857142858,0.0437345941581517,140,113,21,6,not_evaluated,not_evaluated
That was just cold.,1.2357142857142858,0.0448942050725597,140,114,19,7,not_evaluated,not_evaluated
Way to get a head.,1.2356687898089171,0.0415486265811156,157,127,23,7,not_evaluated,not_evaluated
I expected the black eyes but this?,1.2356687898089171,0.0434696101366599,157,129,19,9,not_evaluated,not_evaluated
Maybe we need to rethink this.,1.2352941176470589,0.0412280378853213,153,123,24,6,not_evaluated,not_evaluated
So I had a melt down,1.2352941176470589,0.0457749707056029,136,111,18,7,not_evaluated,not_evaluated
Didn’t even knock my hat off. Lightweight.,1.2352941176470589,0.0445692212319799,136,110,20,6,not_evaluated,not_evaluated
HEADS WILL ROLL,1.2352941176470589,0.0445692212319799,136,110,20,6,not_evaluated,not_evaluated
"Well, sure: YOUR head's tied on with a scarf!",1.2352941176470589,0.0452078351162219,153,127,16,10,not_evaluated,not_evaluated
I’ve never seen a butterfly or a bee…,1.2352941176470589,0.0422581402794656,153,124,22,7,not_evaluated,not_evaluated
A knockoff is not a knock out,1.2348993288590604,0.044044217991557,149,122,19,8,not_evaluated,not_evaluated
I thought we said kid gloves.,1.2348993288590604,0.0361252001726961,149,115,33,1,not_evaluated,not_evaluated
Please don't let any dogs near me.,1.2348484848484849,0.0454497260148399,132,107,19,6,not_evaluated,not_evaluated
We said not the face!,1.2348484848484849,0.0454497260148399,132,107,19,6,not_evaluated,not_evaluated
At least you didn't break my nose.,1.2347826086956522,0.0450957702526206,115,91,21,3,not_evaluated,not_evaluated
I thought you were right-handed.,1.2345679012345678,0.0406443103389384,162,131,24,7,not_evaluated,not_evaluated
"By  ""Knock it off""  I meant quit making fun of  me.",1.2345679012345678,0.0424890860707898,162,133,20,9,not_evaluated,not_evaluated
Don't feel too bad.  We'll all look the same in the spring.,1.2345679012345678,0.0406443103389384,162,131,24,7,not_evaluated,not_evaluated
"That's strange, I can still see, hear and smell.",1.2344827586206897,0.044864411635112,145,119,18,8,not_evaluated,not_evaluated
Down goes Frosty! Down goes Frosty!,1.234375,0.0514125937706739,128,108,10,10,not_evaluated,not_evaluated
"I may be out, but not down.",1.234375,0.0436470597159808,128,102,22,4,not_evaluated,not_evaluated
"I'm floored, Jeffrey.",1.234375,0.0450344014938955,128,103,20,5,not_evaluated,not_evaluated
Hatless snowman beats headless snowman.,1.234375,0.0422141484077009,128,101,24,3,not_evaluated,not_evaluated
And that was with one stick tied behind my back,1.234375,0.0489611254578809,128,106,14,8,not_evaluated,not_evaluated
"That's cold, bro, cold.",1.2340425531914894,0.0422736512248047,141,113,23,5,not_evaluated,not_evaluated
"Okay, I'll give you round one.",1.2340425531914894,0.0446060066926403,141,115,19,7,not_evaluated,not_evaluated
The rules say no hitting above the belt.,1.2340425531914894,0.0457275951221753,141,116,17,8,not_evaluated,not_evaluated
"Oops, didn’t mean to lose my head.",1.2340425531914894,0.0422736512248047,141,113,23,5,not_evaluated,not_evaluated
I thought we agreed to no hitting above the second ball?,1.2338709677419355,0.0445110260590157,124,99,21,4,not_evaluated,not_evaluated
"Wow ... I didn't even know you had a left hand. Or a right one, for that matter.",1.2338709677419355,0.0430128015509903,124,98,23,3,not_evaluated,not_evaluated
I can't believe you meant that literally!,1.2337662337662338,0.0409879353873079,154,124,24,6,not_evaluated,not_evaluated
I guess plan b is just wait until spring.,1.2335766423357664,0.0442760255276012,137,111,20,6,not_evaluated,not_evaluated
"Really? You already have the scarf, you want the hat too?",1.2335766423357664,0.0417813597506022,137,109,24,4,not_evaluated,not_evaluated
I never saw that kick coming,1.2335766423357664,0.0477743975094204,137,114,14,9,not_evaluated,not_evaluated
You're much stronger than you look.,1.2333333333333334,0.0469419650835052,120,97,18,5,not_evaluated,not_evaluated
"I’m still standing, ain’t I?",1.2333333333333334,0.0484107850412487,120,98,16,6,not_evaluated,not_evaluated
This time Calvin went too far.,1.2333333333333334,0.0512222232349194,120,100,12,8,not_evaluated,not_evaluated
I wish I could’ve ducked!,1.2333333333333334,0.0484107850412487,120,98,16,6,not_evaluated,not_evaluated
"Unlike Hockey, a Face Off does not stop the action",1.2333333333333334,0.0484107850412487,120,98,16,6,not_evaluated,not_evaluated
I still think wearing a scarf without a hat is for show-offs.,1.2333333333333334,0.04168344181329,150,121,23,6,not_evaluated,not_evaluated
At least I’ll have a great view of the stars tonight.,1.2333333333333334,0.0469419650835052,120,97,18,5,not_evaluated,not_evaluated
The Chilla in Manila,1.2330827067669172,0.0463859236475389,133,109,17,7,not_evaluated,not_evaluated
Put it back on before the thaw.,1.2328767123287672,0.0456321741013711,146,121,16,9,not_evaluated,not_evaluated
I thought we were just posing.,1.2328767123287672,0.0424131510188664,146,118,22,6,not_evaluated,not_evaluated
so that's what scarfs are for.,1.2328767123287672,0.0445849974983546,146,120,18,8,not_evaluated,not_evaluated
"You were right, I was wrong, Frosty. A scarf does protect the head better than a hat.",1.2328767123287672,0.0412844046591398,146,117,24,5,not_evaluated,not_evaluated
"no, you only scored a knockoff",1.2327586206896552,0.0430434364844543,116,91,23,2,not_evaluated,not_evaluated
I shoulda seen where this was headed.,1.2327586206896552,0.0495220917805002,116,95,15,6,not_evaluated,not_evaluated
No one said this would be a head to head competition!,1.2327586206896552,0.0479845030904252,116,94,17,5,not_evaluated,not_evaluated
"Look, you knocked my block off. 
You want blood from a stone?",1.2325581395348837,0.0447208556558694,129,104,20,5,not_evaluated,not_evaluated
"Well, that didn’t go as planned”",1.2325581395348837,0.0433454830355524,129,103,22,4,not_evaluated,not_evaluated
Looks like rain.,1.232394366197183,0.0420072401702998,142,114,23,5,not_evaluated,not_evaluated
Hell is other snowmen,1.232394366197183,0.0395579067316656,142,112,27,3,not_evaluated,not_evaluated
"Touche is fencing, not boxing.",1.232394366197183,0.0443214222296548,142,116,19,7,not_evaluated,not_evaluated
"If you didn't like the hat, you should have said so.",1.232394366197183,0.0431798372807528,142,115,21,6,not_evaluated,not_evaluated
"Technical knockout? No,Technical knockoff.",1.232394366197183,0.0431798372807528,142,115,21,6,not_evaluated,not_evaluated
"Again, if you want to borrow the hat, just ask.",1.232258064516129,0.0427572476149209,155,127,20,8,not_evaluated,not_evaluated
I thought you were speaking figuratively.,1.2321428571428572,0.0474276236124301,112,90,18,4,not_evaluated,not_evaluated
"'I can see now why you don't warm up first.""",1.232,0.0496906559659115,125,104,13,8,not_evaluated,not_evaluated
Next time I get the longer sticks.,1.2318840579710144,0.0415120118156533,138,110,24,4,not_evaluated,not_evaluated
C'mon! Get your head in the game!,1.2318840579710144,0.0474571358066194,138,115,14,9,not_evaluated,not_evaluated
Cooler heads prevail,1.2318840579710144,0.0451730748718075,138,113,18,7,not_evaluated,not_evaluated
Bobbed when he shoulda weaved.,1.2318840579710144,0.0463291832020696,138,114,16,8,not_evaluated,not_evaluated
A mere flesh wound.,1.2317880794701987,0.0424874567744249,151,123,21,7,not_evaluated,not_evaluated
We agreed to stay below the scarf.,1.2317880794701987,0.0392464434172954,151,120,27,4,not_evaluated,not_evaluated
"So that's what cold-cocked means.""",1.2317880794701987,0.0403557126273038,151,121,25,5,not_evaluated,not_evaluated
Rule #1: Hit below the carrot.,1.2317073170731707,0.0352388241162251,164,128,34,2,not_evaluated,not_evaluated
Weird.  All I see are snow angels.,1.2317073170731707,0.0373015833882252,164,130,30,4,not_evaluated,not_evaluated
"How's that for a 'thumpety thump thump, thumpety thump thump'?",1.2314049586776858,0.0508337247582532,121,101,12,8,not_evaluated,not_evaluated
Mom! Frostie punched me again!,1.2314049586776858,0.0465923216024055,121,98,18,5,not_evaluated,not_evaluated
"I could use a ""head's up""!",1.2314049586776858,0.0494603530715854,121,100,14,7,not_evaluated,not_evaluated
"Don't worry, you'll be back again next year.",1.2313432835820894,0.042259942217744,134,107,23,4,not_evaluated,not_evaluated
Told you not to hit me in the carrot!,1.2313432835820894,0.0448368644924593,134,109,19,6,not_evaluated,not_evaluated
"Don’t worry, I’ll put some ice on it.",1.2313432835820894,0.0460713063429854,134,110,17,7,not_evaluated,not_evaluated
Put me back on before the kids come back.,1.2312925170068028,0.0443089886980201,147,121,18,8,not_evaluated,not_evaluated
Not today.  I have a concussion.,1.2307692307692308,0.0470202909021725,130,107,16,7,not_evaluated,not_evaluated
"Tails I win, heads you lose!",1.2307692307692308,0.0409592743480122,117,91,25,1,not_evaluated,not_evaluated
"No worries, I'm good at rollin' with the punches!",1.2307692307692308,0.0440403856593546,143,117,19,7,not_evaluated,not_evaluated
I told you it was too warm out to wear a hat!,1.2307692307692308,0.0460407298389039,117,94,19,4,not_evaluated,not_evaluated
KEEPING a cool head  is easier said than done!,1.2307692307692308,0.0470202909021725,130,107,16,7,not_evaluated,not_evaluated
Best of 3?,1.2307692307692308,0.0429076043701481,143,116,21,6,not_evaluated,not_evaluated
I knew I should have put on my scarf,1.2307692307692308,0.0405472119917767,143,114,25,4,not_evaluated,not_evaluated
I think I warmed up too much for this fight.,1.230263157894737,0.0411900300121064,152,123,23,6,not_evaluated,not_evaluated
"Man, that left hook is cold!",1.230263157894737,0.0411900300121064,152,123,23,6,not_evaluated,not_evaluated
Look! I can still talk!!,1.2302158273381294,0.042491170969051,139,112,22,5,not_evaluated,not_evaluated
"I need to work on my footwork, but first I’ll need some feet.",1.2302158273381294,0.0412460324851471,139,111,24,4,not_evaluated,not_evaluated
I guess I didn't move quick enough.,1.2302158273381294,0.0412460324851471,139,111,24,4,not_evaluated,not_evaluated
why do you always go into everything head first?,1.2302158273381294,0.046024915578272,139,115,16,8,not_evaluated,not_evaluated
Not what I had in mind for a snowball fight.,1.2302158273381294,0.0448779281989682,139,114,18,7,not_evaluated,not_evaluated
"Personally,I think the scarf around your neck gave you an unfair advantage.",1.2301587301587302,0.0438796310451684,126,101,21,4,not_evaluated,not_evaluated
Wow. I thought two black eyes were bad.,1.2301587301587302,0.0453034893539586,126,102,19,5,not_evaluated,not_evaluated
It doesn't count if it falls off on its own!,1.2298136645962734,0.0415615677450846,161,132,21,8,not_evaluated,not_evaluated
"That's it, I'm going back to snowball fights.",1.2296296296296296,0.0445364810815185,135,110,19,6,not_evaluated,not_evaluated
Good stick.,1.2296296296296296,0.043277474829418,135,109,21,5,not_evaluated,not_evaluated
Why quit when I'm ahead!,1.2296296296296296,0.0406426277273484,135,107,25,3,not_evaluated,not_evaluated
"We both melt in the end, champ. Guess the real winner is Spring.""",1.2296296296296296,0.0469533256133316,135,112,15,8,not_evaluated,not_evaluated
"Not so damn cute now, are we?",1.2296296296296296,0.0445364810815185,135,110,19,6,not_evaluated,not_evaluated
Just a flesh wound. I've had worse.,1.2295081967213115,0.0490899227779451,122,101,14,7,not_evaluated,not_evaluated
Probably shouldn't have rolled with that punch.,1.2295081967213115,0.0476900149031296,122,100,16,6,not_evaluated,not_evaluated
Maybe if I knew what a ‘butterfly’ and a ‘bee’ even were.,1.2293577981651376,0.0463280043044131,109,87,19,3,not_evaluated,not_evaluated
"All I said was "" Are my mittens dry yet? """,1.2291666666666667,0.0414841573939415,144,116,23,5,not_evaluated,not_evaluated
Rollin' with the punches...,1.2291666666666667,0.0448587851603295,144,119,17,8,not_evaluated,not_evaluated
"See, I told you the scarf was an unfair advantage.",1.2290076335877862,0.0413581602090311,131,104,24,3,not_evaluated,not_evaluated
I'm just realizing I didn't think about what happens next.,1.2290076335877862,0.0466932186110691,131,108,16,7,not_evaluated,not_evaluated
You're a real Mike Ice-on!,1.2290076335877862,0.0454182436050183,131,107,18,6,not_evaluated,not_evaluated
All brawn no brains,1.2290076335877862,0.0466932186110691,131,108,16,7,not_evaluated,not_evaluated
I didn’t ask to be rolled into this family.,1.2290076335877862,0.0479342933228121,131,109,14,8,not_evaluated,not_evaluated
That's not what they mean when they advise you to keep your head down.,1.2287581699346406,0.0376657351526228,153,121,29,3,not_evaluated,not_evaluated
Happy Boxing Day.,1.2287581699346406,0.0398836586661572,153,123,25,5,not_evaluated,not_evaluated
Well I guess that settles it.,1.2287581699346406,0.0419845787475537,153,125,21,7,not_evaluated,not_evaluated
I'll know when I'm licked.,1.2285714285714286,0.0434187255566978,140,114,20,6,not_evaluated,not_evaluated
"Twas a cruel winter, indeed.",1.2285714285714286,0.042218607343789,140,113,22,5,not_evaluated,not_evaluated
It’s just a flesh wound.,1.228395061728395,0.0384448586784856,162,130,27,5,not_evaluated,not_evaluated
No more Mr. Ice guy,1.228395061728395,0.0403902170211028,162,132,23,7,not_evaluated,not_evaluated
I warned you that I would knock your block off!,1.2283464566929134,0.0449818755289653,127,103,19,5,not_evaluated,not_evaluated
It’s given me a whole new perspective on violence in America.,1.2283464566929134,0.0449818755289653,127,103,19,5,not_evaluated,not_evaluated
You can rebuild between rounds,1.2283464566929134,0.0435704572979266,127,102,21,4,not_evaluated,not_evaluated
"Ok, take the hat.",1.2281879194630871,0.0405396274961491,149,120,24,5,not_evaluated,not_evaluated
What part of shadow boxing did you miss?,1.2281879194630871,0.0427182729128992,149,122,20,7,not_evaluated,not_evaluated
Let's do this another time when cooler heads prevail.,1.227642276422764,0.0459081480870937,123,100,18,5,not_evaluated,not_evaluated
Come on Frosty! You've got to get your head back in the game!,1.2275449101796407,0.0395456545188878,167,136,24,7,not_evaluated,not_evaluated
Are you not impressed by my head feint?,1.2272727272727273,0.045106229628472,132,108,18,6,not_evaluated,not_evaluated
What! Just a flesh wound.,1.2272727272727273,0.0494491607724479,110,90,15,5,not_evaluated,not_evaluated
Go ahead and keep the scarf,1.2272727272727273,0.052714616985093,110,92,11,7,not_evaluated,not_evaluated
The sun’ll come out tomorrow.,1.2272727272727273,0.0440999148176152,110,87,21,2,not_evaluated,not_evaluated
"Ha, ha…now you’ll never get the hat.",1.2272727272727273,0.0477327333148498,110,89,17,4,not_evaluated,not_evaluated
"🎵I'd by now have world acclaim 
Known for keeping my head in the game
If I only had a scaaarf 🎵",1.2272727272727273,0.0463705981447337,132,109,16,7,not_evaluated,not_evaluated
I hate it when they give us boxing gloves,1.2272727272727273,0.0417375025809914,154,126,21,7,not_evaluated,not_evaluated
I’m giving you the cold shoulder for the rest of the day!,1.2269938650306749,0.0382339568163058,163,131,27,5,not_evaluated,not_evaluated
'Body-blows only??  What a STUPID rule!' he says...,1.2269503546099292,0.0381550114175804,141,111,28,2,not_evaluated,not_evaluated
"I didn’t mean it, I swear. My meltdown got the best of me.",1.2269503546099292,0.0407239381870556,141,113,24,4,not_evaluated,not_evaluated
I guess I should’ve gone with the scarf.,1.2269503546099292,0.0442988770652743,141,116,18,7,not_evaluated,not_evaluated
I lost my head!,1.2269503546099292,0.0419494489124332,141,114,22,5,not_evaluated,not_evaluated
That’s not what I meant when I said use your head.,1.2269503546099292,0.0442988770652743,141,116,18,7,not_evaluated,not_evaluated
"So, Whatta we do now?",1.226890756302521,0.0468901488020788,119,97,17,5,not_evaluated,not_evaluated
keep your head in the game!,1.2265625,0.0486213016401158,128,107,13,8,not_evaluated,not_evaluated
Okay...now THAT hurt.,1.2265625,0.0446647118538803,128,104,19,5,not_evaluated,not_evaluated
"You may have beat me this time, but soon a small child will come and put me back together.",1.2265625,0.0460213861270295,128,105,17,6,not_evaluated,not_evaluated
I knew I could get a head with a hat,1.2265625,0.0446647118538803,128,104,19,5,not_evaluated,not_evaluated
At least now I can go down a weight class.,1.2262773722627738,0.0401166995723454,137,109,25,3,not_evaluated,not_evaluated
I guess I just wasn’t built for this.,1.2262773722627738,0.042708711037555,137,111,21,5,not_evaluated,not_evaluated
Now give me the hat!,1.2262773722627738,0.0414329795155212,137,110,23,4,not_evaluated,not_evaluated
I never expected a southpaw this far north.,1.2260869565217392,0.0446374830352126,115,92,20,3,not_evaluated,not_evaluated
My confidence has melted.,1.226027397260274,0.0398041354198769,146,117,25,4,not_evaluated,not_evaluated
And a hook to the head...OOPS!,1.226027397260274,0.0398041354198769,146,117,25,4,not_evaluated,not_evaluated
I wasn't expecting that hook to the thaw.,1.2258064516129032,0.0455734071753567,124,101,18,5,not_evaluated,not_evaluated
From down here all this violence seems crazy.,1.2258064516129032,0.0483652367790529,124,103,14,7,not_evaluated,not_evaluated
Can we go back to yoga?,1.2258064516129032,0.0404710296306018,155,126,23,6,not_evaluated,not_evaluated
"No fair, I was just warming up!",1.2258064516129032,0.0469900604929633,124,102,16,6,not_evaluated,not_evaluated
"‘Sometimes I just wonder how many winters we have left, John’",1.2258064516129032,0.0425989994536005,124,99,22,3,not_evaluated,not_evaluated
Oh yeah? Say that to my face.,1.2258064516129032,0.0414932695737806,155,127,21,7,not_evaluated,not_evaluated
I'm ahead.,1.2255639097744362,0.0472730290409617,133,111,14,8,not_evaluated,not_evaluated
Now work the body.,1.2255639097744362,0.0393854322737626,133,105,26,2,not_evaluated,not_evaluated
You obviously have a height advantage,1.2255639097744362,0.0421788407675772,133,107,22,4,not_evaluated,not_evaluated
It’s not really a K.O. until I’m no longer standing.,1.2255639097744362,0.0421788407675772,133,107,22,4,not_evaluated,not_evaluated
Now I get to wear the hot ski cap and you have to wear the granny scarf.,1.2253521126760565,0.0451353044128808,142,118,16,8,not_evaluated,not_evaluated
Should have quit when I was ahead.,1.2253521126760565,0.0440148336765729,142,117,18,7,not_evaluated,not_evaluated
Well that went south quickly,1.2252252252252251,0.0437487515856694,111,88,21,2,not_evaluated,not_evaluated
No fair! Your scarf freezes your head in place!,1.2252252252252251,0.0490444059675016,111,91,15,5,not_evaluated,not_evaluated
"Lately, I don't know where my head is at.",1.2252252252252251,0.052277663340144,111,93,11,7,not_evaluated,not_evaluated
Larry’s first thought was to run.,1.225,0.0450062242816439,120,97,19,4,not_evaluated,not_evaluated
Was that a punch or just me melting?,1.225,0.0450062242816439,120,97,19,4,not_evaluated,not_evaluated
I hope you melt in hell.,1.225,0.0522095808844933,120,102,9,9,not_evaluated,not_evaluated
Why not quit while you're a head?,1.225,0.049454305083749,120,100,13,7,not_evaluated,not_evaluated
Come on snowflake I can keep going!,1.2248062015503876,0.0415312383560791,129,103,23,3,not_evaluated,not_evaluated
Float like an ice cube sting like a brain freeze.,1.2248062015503876,0.0443519088811853,129,105,19,5,not_evaluated,not_evaluated
The 2024 Election,1.2248062015503876,0.0443519088811853,129,105,19,5,not_evaluated,not_evaluated
Neither of us can pick up my head.  Now what?,1.2248062015503876,0.0415312383560791,129,103,23,3,not_evaluated,not_evaluated
Well...I guess this is over then!,1.2248062015503876,0.0429647272817739,129,104,21,4,not_evaluated,not_evaluated
I'm still standing,1.2246376811594204,0.0448537663486284,138,114,17,7,not_evaluated,not_evaluated
...and that cloud looks like an elephant...,1.2246376811594204,0.0436586054846047,138,113,19,6,not_evaluated,not_evaluated
Your nose is still perfect.,1.2246376811594204,0.0424297927176572,138,112,21,5,not_evaluated,not_evaluated
I had a plan until I got punched in the face.,1.2246376811594204,0.0398586786593505,138,110,25,3,not_evaluated,not_evaluated
There’s always next year,1.2246376811594204,0.0411643144879927,138,111,23,4,not_evaluated,not_evaluated
Where are you?,1.2243589743589745,0.0402368072473723,156,127,23,6,not_evaluated,not_evaluated
I like to watch so let's just keep going.,1.2241379310344829,0.0491093185851403,116,96,14,6,not_evaluated,not_evaluated
"Don't get any ideas, I'm technically below the belt right now.",1.2241379310344829,0.0459551422251557,116,94,18,4,not_evaluated,not_evaluated
"So, now you've got more to lose than I have.""",1.2241379310344829,0.0459551422251557,116,94,18,4,not_evaluated,not_evaluated
You see? This is why I suggested backgammon.,1.2241379310344829,0.047558386583394,116,95,16,5,not_evaluated,not_evaluated
Tell me again why you think this is going to make a funnier Christmas card than last year's.,1.2241379310344829,0.047558386583394,116,95,16,5,not_evaluated,not_evaluated
You've go to learn not to lose your head!,1.224,0.0452434276103776,125,102,18,5,not_evaluated,not_evaluated
Caught me cold.,1.224,0.0493362393796794,125,105,12,8,not_evaluated,not_evaluated
I thought snowmen were supposed to be jolly.,1.224,0.0452434276103776,125,102,18,5,not_evaluated,not_evaluated
Just you wait until the sun comes out.,1.224,0.0437942403047589,125,101,20,4,not_evaluated,not_evaluated
The cloud formations look amazing,1.2238805970149254,0.0457383607968951,134,111,16,7,not_evaluated,not_evaluated
No fair. You got a head start!,1.2238805970149254,0.0444946828031496,134,110,18,6,not_evaluated,not_evaluated
Criminy sakes! I only asked if you were a snowman or a snowwoman!,1.2238805970149254,0.0444946828031496,134,110,18,6,not_evaluated,not_evaluated
We usually bump mittens first.,1.2238805970149254,0.0405353456362562,134,107,24,3,not_evaluated,not_evaluated
Do you believe me now that the scarf is not just cosmetic?,1.2237762237762235,0.0425934357639105,143,117,20,6,not_evaluated,not_evaluated
I like to roll with the punches,1.2237762237762235,0.0414211022781243,143,116,22,5,not_evaluated,not_evaluated
"Chill, bro.",1.2237762237762235,0.0425934357639105,143,117,20,6,not_evaluated,not_evaluated
Give me a heads up!,1.2237762237762235,0.0425934357639105,143,117,20,6,not_evaluated,not_evaluated
I meant 'knock your head off' figuratively.,1.2237762237762235,0.0448462582904465,143,119,16,8,not_evaluated,not_evaluated
The real reason why snowmen always wear a scarf.,1.2232142857142858,0.0533766837803904,112,95,9,8,not_evaluated,not_evaluated
"Well, it certainly provides a new perspective.",1.2232142857142858,0.0469634935656532,112,91,17,4,not_evaluated,not_evaluated
You're a head above the competition.,1.2232142857142858,0.0518478081553756,112,94,11,7,not_evaluated,not_evaluated
It’s not a knockout if my head just falls off.,1.2231404958677683,0.0461874300243789,121,99,17,5,not_evaluated,not_evaluated
Dammit! We agreed to warm up first.,1.2231404958677683,0.0397783170198172,121,95,25,1,not_evaluated,not_evaluated
Might I suggest familiarizing yourself with Queensbury — which clearly states that a handshake is the customary preamble to delivering the first blow.,1.2231404958677683,0.0461874300243789,121,99,17,5,not_evaluated,not_evaluated
"Oh, now I see it. It does look like a bunny.",1.2231404958677683,0.0461874300243789,121,99,17,5,not_evaluated,not_evaluated
"Next time, you get the hat and I get the scarf.",1.2231404958677683,0.0461874300243789,121,99,17,5,not_evaluated,not_evaluated
Whoa! One lick and I'm a double-scoop.,1.2231404958677683,0.0446714410493432,121,98,19,4,not_evaluated,not_evaluated
Maybe boxing is a way to get ahead.,1.2230769230769232,0.0440433794609951,130,106,19,5,not_evaluated,not_evaluated
I’ll never understand why people love Boxing Day.,1.2230769230769232,0.0426680054603956,130,105,21,4,not_evaluated,not_evaluated
"Well, they told me I was not allowed to hit you below the belt.",1.2230769230769232,0.0412467950947887,130,104,23,3,not_evaluated,not_evaluated
My bad!  I was told you had a good head on your shoulders.,1.2230769230769232,0.0453770851721667,130,107,17,6,not_evaluated,not_evaluated
"Next time, wait for the bell.",1.2222222222222223,0.0419960525565808,126,101,22,3,not_evaluated,not_evaluated
It'll be fine. I'll ice it.,1.2222222222222223,0.0449181108719339,126,103,18,5,not_evaluated,not_evaluated
"Okay, you can keep the scarf.",1.2222222222222223,0.0471890540751557,117,96,16,5,not_evaluated,not_evaluated
"Mark my words, I’ll be back again someday!",1.2222222222222223,0.0462010095904977,108,87,18,3,not_evaluated,not_evaluated
This climate change thing has really slowed down my bob and weave.,1.2222222222222223,0.0422459486285344,117,93,22,2,not_evaluated,not_evaluated
"I think I’m OK, but everything smells of carrots.",1.2222222222222223,0.0434816347130512,126,102,20,4,not_evaluated,not_evaluated
"Don't worry, it's not like I'm rain damaged.",1.2222222222222223,0.0454285735807998,135,112,16,7,not_evaluated,not_evaluated
Damn that’s cold,1.2222222222222223,0.0402681265957577,135,108,24,3,not_evaluated,not_evaluated
Give up?,1.2222222222222223,0.0463100508668202,126,104,16,6,not_evaluated,not_evaluated
It’s knockout not off,1.2222222222222223,0.0471890540751557,117,96,16,5,not_evaluated,not_evaluated
I thought you threatend to knock my socks off.,1.2222222222222223,0.0466295358876719,135,113,14,8,not_evaluated,not_evaluated
"Good punch, now stick my head on again.",1.2222222222222223,0.0434573763038016,144,119,18,7,not_evaluated,not_evaluated
I can’t feel my feet.,1.2222222222222223,0.0429259671825697,135,110,20,5,not_evaluated,not_evaluated
I guess I just lost my head.,1.2222222222222223,0.0434816347130512,126,102,20,4,not_evaluated,not_evaluated
Your reach is quite deceiving!,1.2222222222222223,0.0463100508668202,126,104,16,6,not_evaluated,not_evaluated
I told that kid it wasn’t on right,1.2222222222222223,0.0454285735807998,135,112,16,7,not_evaluated,not_evaluated
Don' blame me - I told you your head wasn't screwed on right.,1.2222222222222223,0.0516613344145423,117,99,10,8,not_evaluated,not_evaluated
So...that's one-nothing Scarves?,1.2222222222222223,0.0404559551036799,126,100,24,2,not_evaluated,not_evaluated
Guess we weren’t really thinking that far a head,1.2222222222222223,0.0531677943241404,108,91,10,7,not_evaluated,not_evaluated
"Ok frosty, no more warming up",1.2222222222222223,0.0402681265957577,135,108,24,3,not_evaluated,not_evaluated
So much for that magic in that old silk hat,1.2214285714285715,0.0406370862553844,140,113,23,4,not_evaluated,not_evaluated
You can’t start the count until the rest of the body is down!,1.2213740458015268,0.0463463388857468,131,109,15,7,not_evaluated,not_evaluated
"""What do you mean,' I should have ducked' ?""",1.2213740458015268,0.0463463388857468,131,109,15,7,not_evaluated,not_evaluated
"Every snowflake may be unique, but your left hook is remarkably consistent.",1.2213740458015268,0.0395067597713478,131,104,25,2,not_evaluated,not_evaluated
"I’m cute but, you’re a knockout.",1.2213740458015268,0.048814575203571,131,111,11,9,not_evaluated,not_evaluated
"Lucky shot! Come on, let's see what ya got?",1.2213740458015268,0.0437390386716476,131,107,19,5,not_evaluated,not_evaluated
"OK you win.  But we're both in a heap of trouble, according to the experts.",1.2213740458015268,0.0463463388857468,131,109,15,7,not_evaluated,not_evaluated
Please put my head back on before the squirrels eat my nose.,1.2213740458015268,0.0450615503063996,131,108,17,6,not_evaluated,not_evaluated
Don't flatter yourself...it's global warming,1.2213740458015268,0.0450615503063996,131,108,17,6,not_evaluated,not_evaluated
What do you mean you're still in?,1.221311475409836,0.0487095290474045,122,102,13,7,not_evaluated,not_evaluated
Let's not lose our head over this !,1.221311475409836,0.0487095290474045,122,102,13,7,not_evaluated,not_evaluated
"What's a butterfly, and what's a bee?",1.221311475409836,0.0443415068459369,122,99,19,4,not_evaluated,not_evaluated
Ok.  You can be called ‘Frosty’.,1.221311475409836,0.0427865192845174,122,98,21,3,not_evaluated,not_evaluated
That went pear-shaped fast.,1.2212389380530972,0.043062506524023,113,90,21,2,not_evaluated,not_evaluated
You are very strong headed,1.2212389380530972,0.0448598626951375,113,91,19,3,not_evaluated,not_evaluated
"No, it’s one,two, three…THEN go!",1.2212389380530972,0.0448598626951375,113,91,19,3,not_evaluated,not_evaluated
"Can we do this later Pete, I'm feeling a little lightheaded.",1.2206896551724138,0.0420601711805333,145,119,20,6,not_evaluated,not_evaluated
"No no no, you misheard me! I said you had SNOWballs!",1.2206896551724138,0.0442789891592143,145,121,16,8,not_evaluated,not_evaluated
It had been a long time since Martha gave head.,1.220472440944882,0.0459772660096567,127,105,16,6,not_evaluated,not_evaluated
You picked heads?,1.220472440944882,0.0473169458722308,127,106,14,7,not_evaluated,not_evaluated
"Dagnabbit! Haven't you read the rules? ""No hitting above the neck",1.220472440944882,0.0431733741537186,127,103,20,4,not_evaluated,not_evaluated
"First the carrot nose, now the cauliflower ear.",1.220472440944882,0.0445973610516346,127,104,18,5,not_evaluated,not_evaluated
At least you're ahead in the standings.,1.220472440944882,0.0417007896671525,127,102,22,3,not_evaluated,not_evaluated
"Ok, best of three.",1.2203389830508475,0.0498230873092185,118,99,12,7,not_evaluated,not_evaluated
Is this why you wear that stupid scarf?,1.2203389830508475,0.045252031712282,118,96,18,4,not_evaluated,not_evaluated
It seems all of my backup plans are predicated on my head still being attached.,1.2203389830508475,0.0468253235518302,118,97,16,5,not_evaluated,not_evaluated
"Looks like I won't be needing the hat, either.",1.2203389830508475,0.0468253235518302,118,97,16,5,not_evaluated,not_evaluated
Guess it wasn’t attached  after all.,1.2203389830508475,0.0483474454069478,118,98,14,6,not_evaluated,not_evaluated
I really need to improve my footwork,1.2202380952380951,0.0417277242156007,168,141,17,10,not_evaluated,not_evaluated
"Great, what do we do now?",1.220183486238532,0.0458205628861519,109,88,18,3,not_evaluated,not_evaluated
"Oh, fuck!",1.220183486238532,0.0527171949598406,109,92,10,7,not_evaluated,not_evaluated
"Oh, you meant that literally.",1.220183486238532,0.0510804069984405,109,91,12,6,not_evaluated,not_evaluated
I didn't hear no jingle bell.,1.220183486238532,0.0476384156801138,109,89,16,4,not_evaluated,not_evaluated
"I said, 'chip off, not knock off'.",1.220183486238532,0.0543046711594992,109,93,8,8,not_evaluated,not_evaluated
"I told you to wear your scarf, and not that stupid hat.",1.2198581560283688,0.0416140887090432,141,115,21,5,not_evaluated,not_evaluated
What’s next my socks?,1.2198581560283688,0.0451185521361809,141,118,15,8,not_evaluated,not_evaluated
I never knew snow was this cold!,1.2196969696969695,0.0420864497249456,132,107,21,4,not_evaluated,not_evaluated
"Okay, I think we’ve done enough for now with the left hook.",1.2196969696969695,0.0447503082945608,132,109,17,6,not_evaluated,not_evaluated
"I'm so cold! I can't feel my feet."" 

""Neither can I.""",1.2196969696969695,0.0460244556020184,132,110,15,7,not_evaluated,not_evaluated
Just keep it on ice,1.2196969696969695,0.0434388037525702,132,108,19,5,not_evaluated,not_evaluated
I thought we were just going to warm up!,1.2195121951219512,0.0424753621082386,123,99,21,3,not_evaluated,not_evaluated
"The perspective from this angle, is far more pleasant!",1.2195121951219512,0.0440163197865382,123,100,19,4,not_evaluated,not_evaluated
"Don't worry, it's not so bad. At least my hat stayed on.",1.219298245614035,0.0408700059582141,114,90,23,1,not_evaluated,not_evaluated
Remember when we were rain?,1.2191780821917808,0.0450613927353668,146,123,14,9,not_evaluated,not_evaluated
"Eddy, we agreed no head shots.",1.2190476190476192,0.0487592432881728,105,86,15,4,not_evaluated,not_evaluated
I think I won.,1.2190476190476192,0.0468435013943775,105,85,17,3,not_evaluated,not_evaluated
"OK, I give!  Your mom isn't made of yellow snow.",1.218978102189781,0.0397438779404246,137,110,24,3,not_evaluated,not_evaluated
How about a little more carrot and a lot less stick.,1.218978102189781,0.0410721078190437,137,111,22,4,not_evaluated,not_evaluated
I’m guessing you’re down for the count.,1.218978102189781,0.0410721078190437,137,111,22,4,not_evaluated,not_evaluated
I'm beside myself with embarrassment!,1.218978102189781,0.0436073669763573,137,113,18,6,not_evaluated,not_evaluated
"If I didn’t have coal for eyes, I would have seen that coming!",1.218978102189781,0.0397438779404246,137,110,24,3,not_evaluated,not_evaluated
Oh my God the Sun,1.218978102189781,0.0410721078190437,137,111,22,4,not_evaluated,not_evaluated
Next time let’s just thumb wrestle…,1.21875,0.0414095577901763,128,103,22,3,not_evaluated,not_evaluated
"In all honesty, I’m perfectly OK with hitting below the belt.",1.218543046357616,0.0429528616157302,151,126,17,8,not_evaluated,not_evaluated
I still say your butt looks like a sno cone.,1.218487394957983,0.0464670711408131,119,98,16,5,not_evaluated,not_evaluated
"How could I have ""startled you"" ?",1.218487394957983,0.0449083382804144,119,97,18,4,not_evaluated,not_evaluated
"You know, I may have warmed up a bit too much for a good match",1.218487394957983,0.0449083382804144,119,97,18,4,not_evaluated,not_evaluated
I hope you're seeing a therapist for your attachment issues.,1.218487394957983,0.0479751868542753,119,99,14,6,not_evaluated,not_evaluated
We really didn’t think this through.,1.218487394957983,0.0449083382804144,119,97,18,4,not_evaluated,not_evaluated
You're stronger than you look.,1.218487394957983,0.0416160923263301,119,95,22,2,not_evaluated,not_evaluated
Now how am I going to get that hat?,1.218487394957983,0.0464670711408131,119,98,16,5,not_evaluated,not_evaluated
"You’re never gonna put those dukes down, are you?",1.218487394957983,0.0432935213838154,119,96,20,3,not_evaluated,not_evaluated
"It was a lot cooler when ‘Rock ‘em, Sock ‘em Robots’ did it on TV.",1.2183098591549295,0.0425397358509777,142,117,19,6,not_evaluated,not_evaluated
Looks like I’ll have to move to swelterweight.,1.2181818181818185,0.0489792694684981,110,91,14,5,not_evaluated,not_evaluated
I thought we agreed to only hit below the belt.,1.2181818181818185,0.0435723745449943,110,88,20,2,not_evaluated,not_evaluated
"If you want notoriety, just bite off my carrot next time.",1.2181818181818185,0.0454462044056717,110,89,18,3,not_evaluated,not_evaluated
Double or nothing?,1.2181818181818185,0.0472457740573157,110,90,16,4,not_evaluated,not_evaluated
This is why you wear a scarf,1.218045112781955,0.0404158519313769,133,107,23,3,not_evaluated,not_evaluated
You only counted to two!,1.218045112781955,0.0444432738105241,133,110,17,6,not_evaluated,not_evaluated
Is smelling carrots a sign of a concussion?,1.218045112781955,0.0431425940393537,133,109,19,5,not_evaluated,not_evaluated
I am literally a standing eight count.,1.218045112781955,0.0431425940393537,133,109,19,5,not_evaluated,not_evaluated
Shaq was right — with IcyHot you don’t feel a thing.,1.218045112781955,0.0469366266374429,133,112,13,8,not_evaluated,not_evaluated
We may disagree but there’s no reason to lose your head over this.,1.217741935483871,0.0405839939544974,124,99,23,2,not_evaluated,not_evaluated
You knocked me out cold.,1.217741935483871,0.0436957807164682,124,101,19,4,not_evaluated,not_evaluated
I’m now a head on the scorecard.,1.217741935483871,0.0451713581374656,124,102,17,5,not_evaluated,not_evaluated
What don’t you get about “pose?”,1.217741935483871,0.0451713581374656,124,102,17,5,not_evaluated,not_evaluated
Why Calvin finds this amusing is beyond me!,1.217687074829932,0.0458073567437983,147,125,12,10,not_evaluated,not_evaluated
"…7,8,9…HE’SOUT COLD! HE’S OUT COLD! HE’S OUT COLD!!!",1.217687074829932,0.0426468058769581,147,122,18,7,not_evaluated,not_evaluated
Adrian!!!,1.2173913043478262,0.0423969270068783,115,92,21,2,not_evaluated,not_evaluated
So let’s practice body shots.,1.2173913043478262,0.0423969270068783,115,92,21,2,not_evaluated,not_evaluated
I think climate change won this round.,1.2173913043478262,0.044523560604864,138,115,16,7,not_evaluated,not_evaluated
I didn’t do it!  That was climate change!!,1.2171052631578947,0.0395136024488412,152,124,23,5,not_evaluated,not_evaluated
I thought it was just a figure of speech!,1.2170542635658914,0.0439691911028621,129,106,18,5,not_evaluated,not_evaluated
At least we settled this like adults rather than having a meltdown.,1.2170542635658914,0.0439691911028621,129,106,18,5,not_evaluated,not_evaluated
I didn't know you were a snowflake,1.2170542635658914,0.0396221866284125,129,103,24,2,not_evaluated,not_evaluated
Don't lose your head. It's not that big a deal.,1.2169811320754718,0.0464454717648888,106,86,17,3,not_evaluated,not_evaluated
I melt in the face of competition.,1.2166666666666666,0.0445697346993128,120,98,18,4,not_evaluated,not_evaluated
"The shame is not in losing. It's in falling yet again for ""Hey, your shoe is untied!""",1.2166666666666666,0.0445697346993128,120,98,18,4,not_evaluated,not_evaluated
Just work the body until someone comes along.,1.2166666666666666,0.0395764220709786,120,95,24,1,not_evaluated,not_evaluated
Best two outta’ three.,1.2166666666666666,0.0490574083945944,120,101,12,7,not_evaluated,not_evaluated
My doctor says my Seasonal Affective Disorder makes me more aggressive.,1.2166666666666666,0.0445697346993128,120,98,18,4,not_evaluated,not_evaluated
Calvin and Hobbes did it again!,1.2166666666666666,0.0445697346993128,120,98,18,4,not_evaluated,not_evaluated
Ok.  We'll call this one a draw.,1.2166666666666666,0.0445697346993128,120,98,18,4,not_evaluated,not_evaluated
So much for keeping a cool head,1.2166666666666666,0.046114176492442,120,99,16,5,not_evaluated,not_evaluated
"Okay,no hitting below the carrot.",1.21656050955414,0.0397181719273351,157,129,22,6,not_evaluated,not_evaluated
I feel like I’ve been here before.,1.2164179104477613,0.0466134466675031,134,113,13,8,not_evaluated,not_evaluated
I told you we should warm up first,1.2164179104477613,0.0415202361227385,134,109,21,4,not_evaluated,not_evaluated
Uh-oh,1.2164179104477613,0.0415202361227385,134,109,21,4,not_evaluated,not_evaluated
The hat is cashmere.,1.2162162162162162,0.0485757940234966,111,92,14,5,not_evaluated,not_evaluated
Dying like this is better than slowly melting.,1.2162162162162162,0.0468594451654413,111,91,16,4,not_evaluated,not_evaluated
"I was out cold before we started, Larry.",1.216,0.0476330056348164,125,105,13,7,not_evaluated,not_evaluated
Oh for heaven's sake.  You don't have to lose your head.,1.216,0.0476330056348164,125,105,13,7,not_evaluated,not_evaluated
"Alright, I’m sorry I called you a liberal snowflake.",1.2158273381294964,0.0453931147746619,139,117,14,8,not_evaluated,not_evaluated
No head start!,1.2158273381294964,0.0442297462618803,139,116,16,7,not_evaluated,not_evaluated
Worst cold headache ever,1.2156862745098038,0.0495121825239626,102,84,14,4,not_evaluated,not_evaluated
'.......and tails you lose....',1.2155172413793105,0.0454958265920638,116,95,17,4,not_evaluated,not_evaluated
I'm not dead yet.,1.2155172413793105,0.043817179277241,116,94,19,3,not_evaluated,not_evaluated
This isn’t over!,1.2155172413793105,0.0471147033820271,116,96,15,5,not_evaluated,not_evaluated
How soon is Timmy coming back?,1.2153846153846153,0.0408388712265031,130,105,22,3,not_evaluated,not_evaluated
I told you sledding would have been safer.,1.2153846153846153,0.0393516558568765,130,104,24,2,not_evaluated,not_evaluated
At least I still have my hat.,1.2152777777777777,0.0408286287718996,144,118,21,5,not_evaluated,not_evaluated
Give up!  I'm way ahead of you.,1.2152777777777777,0.0396213557348622,144,117,23,4,not_evaluated,not_evaluated
"...and just like that, Frosty's dreams of becoming the ""rockem-sockem-snowman"" spokesmodel were dashed.",1.2149532710280373,0.0460540216687255,107,87,17,3,not_evaluated,not_evaluated
"He's fixated on our head. Right jab, NOW!",1.2149532710280373,0.0497357456802826,107,89,13,5,not_evaluated,not_evaluated
You really know how to push my buttons,1.2149532710280373,0.0440980404168743,107,86,19,2,not_evaluated,not_evaluated
Try as I might I still always lose my head when I’m fighting mad.,1.2148760330578512,0.0472473876874144,121,101,14,6,not_evaluated,not_evaluated
Thanks for making me feel like a no-body,1.2148760330578512,0.0472473876874144,121,101,14,6,not_evaluated,not_evaluated
You were not kidding when you said you felt light-headed.,1.2148760330578512,0.0457665226607056,121,100,16,5,not_evaluated,not_evaluated
I guess I need to work on my head fake.,1.2142857142857142,0.04471519236255,112,91,18,3,not_evaluated,not_evaluated
Time out! I'm having a meltdown!,1.2142857142857142,0.0430682630651238,126,103,19,4,not_evaluated,not_evaluated
Head injuries in this sport have just gotten out of control.,1.2142857142857142,0.0415679101767527,126,102,21,3,not_evaluated,not_evaluated
Touche,1.2142857142857142,0.0445180795905533,126,104,17,5,not_evaluated,not_evaluated
Oh dear! I really did knock his block off.,1.2142857142857142,0.0481788205518792,112,93,14,5,not_evaluated,not_evaluated
Well you said to knock it off.,1.2142857142857142,0.0481788205518792,112,93,14,5,not_evaluated,not_evaluated
Still think I'm headstrong?,1.2142857142857142,0.0415679101767527,126,102,21,3,not_evaluated,not_evaluated
When it gets warmer this will all be a memory!,1.2142857142857142,0.0472845393802149,126,106,13,7,not_evaluated,not_evaluated
You're right. I lost my  head.,1.2142857142857142,0.0486087624959041,126,107,11,8,not_evaluated,not_evaluated
"You've gotta get your head in the game, bro!",1.2142857142857142,0.0376407455172582,140,112,26,2,not_evaluated,not_evaluated
You look taller than I remember.,1.2142857142857142,0.0400113362620952,126,101,23,2,not_evaluated,not_evaluated
This one doesn't count... You caught me cold,1.2142857142857142,0.0415679101767527,126,102,21,3,not_evaluated,not_evaluated
Rock em sock em snowmen ⛄️,1.2142857142857142,0.0472845393802149,126,106,13,7,not_evaluated,not_evaluated
"Ok, I tried 'duck' so when do I weave?",1.2142857142857142,0.0428785875134045,112,90,20,2,not_evaluated,not_evaluated
"Every time we spar, I get so light headed.",1.2137931034482758,0.0417369601272765,145,120,19,6,not_evaluated,not_evaluated
No fair! I was cold-cocked.,1.2137931034482758,0.0393751566274957,145,118,23,4,not_evaluated,not_evaluated
"Dude, I didn't even swing yet.",1.213740458015267,0.0446919824213734,131,109,16,6,not_evaluated,not_evaluated
"Fly like a butterfly, sting like— ” , “…Climate change.",1.213740458015267,0.0459870971561442,131,110,14,7,not_evaluated,not_evaluated
Traumatic brain injury is a real problem in this sport.,1.213740458015267,0.0459870971561442,131,110,14,7,not_evaluated,not_evaluated
"You know, the view’s pretty good from down here.",1.2136752136752136,0.0467465840727086,117,97,15,5,not_evaluated,not_evaluated
Hats off to the winner,1.2136752136752136,0.0482970531067326,117,98,13,6,not_evaluated,not_evaluated
It was just a light flurry,1.2136752136752136,0.0451428943039664,117,96,17,4,not_evaluated,not_evaluated
I think you win…,1.2136752136752136,0.0434800953289128,117,95,19,3,not_evaluated,not_evaluated
Please give me a heads up next time you want to box.,1.2135922330097086,0.0450278282651293,103,83,18,2,not_evaluated,not_evaluated
Didn't your mother tell you to always wear a scarf ?,1.2135922330097086,0.0490738233325375,103,85,14,4,not_evaluated,not_evaluated
Mind blown.,1.2135922330097086,0.0490738233325375,103,85,14,4,not_evaluated,not_evaluated
"You know, we could have let spring settle this.",1.213235294117647,0.042277339629055,136,112,19,5,not_evaluated,not_evaluated
I hate that Calvin kid.,1.213235294117647,0.0435465946772432,136,113,17,6,not_evaluated,not_evaluated
"“Nah, it’s nothing compared to my chronic brain freeze.”",1.213235294117647,0.042277339629055,136,112,19,5,not_evaluated,not_evaluated
"Looks like another split decision.""",1.213114754098361,0.0407049188785325,122,98,22,2,not_evaluated,not_evaluated
I did tell you that the scarf was more than just a fashion statement,1.213114754098361,0.0423364313303779,122,99,20,3,not_evaluated,not_evaluated
Your turn.,1.213114754098361,0.0454239959884595,122,101,16,5,not_evaluated,not_evaluated
I prefer kick boxing.,1.212962962962963,0.0510379051440824,108,91,11,6,not_evaluated,not_evaluated
"You won! And now, somehow this seems better than just standing and gradually melting away.",1.212962962962963,0.0456689934409739,108,88,17,3,not_evaluated,not_evaluated
"Well done, but your next fight's in August.",1.212962962962963,0.0527061479148738,108,92,9,7,not_evaluated,not_evaluated
I said when the bell rings.,1.212962962962963,0.0437331304091476,108,87,19,2,not_evaluated,not_evaluated
"Ahh, thanks.  No more headache.",1.2127659574468086,0.0412672985905092,141,116,20,5,not_evaluated,not_evaluated
Do you really think people can't tell that this is staged?,1.2127659574468086,0.038734425099268,141,114,24,3,not_evaluated,not_evaluated
Please don’t tell mom.,1.2125984251968505,0.0455903536665036,127,106,15,6,not_evaluated,not_evaluated
"I've killed the head, but it will be a race to see whose body dies first in the Spring!",1.2125984251968505,0.0469410771541276,127,107,13,7,not_evaluated,not_evaluated
"I'm afraid this is end, Champ.  I can only see a bright light up ahead.",1.2125984251968505,0.0441983706768021,127,105,17,5,not_evaluated,not_evaluated
I said I was going to knock your head off as a manner of speech,1.2125984251968505,0.0381255618014014,127,101,25,1,not_evaluated,not_evaluated
See? This is why I said ‘Not in the face’,1.2125984251968505,0.0482540060652237,127,108,11,8,not_evaluated,not_evaluated
So that's what it's like to be cold cocked.,1.2123893805309736,0.044358269149919,113,92,18,3,not_evaluated,not_evaluated
Down goes Frosty! Down goes Frosty! Down goes Frosty!,1.2123893805309736,0.0477881959040807,113,94,14,5,not_evaluated,not_evaluated
You wouldn't have been able to do that before global warming.,1.2123287671232876,0.0414759625106755,146,121,19,6,not_evaluated,not_evaluated
"You said Rock ‘em Sock ‘em
would be FUN!",1.2123287671232876,0.0391319414750641,146,119,23,4,not_evaluated,not_evaluated
"OK. I guess your scarf isn't any stupider than my hat.""",1.2123287671232876,0.0379056134671144,146,118,25,3,not_evaluated,not_evaluated
I’m not putting ice on it.,1.2123287671232876,0.0414759625106755,146,121,19,6,not_evaluated,not_evaluated
"Who has more Balls now, Jeremy!",1.2121212121212122,0.0430589316786362,132,109,18,5,not_evaluated,not_evaluated
It's still a lose/lose as soon as it warms up.,1.2121212121212122,0.0430589316786362,132,109,18,5,not_evaluated,not_evaluated
I didn’t expect to be this out of shape,1.2121212121212122,0.045666097263871,132,111,14,7,not_evaluated,not_evaluated
Round two has to wait until Timmy gets home from school to put me back together.,1.2118644067796611,0.0447953074932042,118,97,17,4,not_evaluated,not_evaluated
I guess it's a TKO 'cause I'm still standing.,1.2118644067796611,0.0447953074932042,118,97,17,4,not_evaluated,not_evaluated
My hat’s off to you!,1.2118644067796611,0.0463840934486698,118,98,15,5,not_evaluated,not_evaluated
"Float like a snowflake, sting like a global warming.",1.2118644067796611,0.0431480593047533,118,96,19,3,not_evaluated,not_evaluated
Work on your footwork.,1.2118644067796611,0.0414353770360823,118,95,21,2,not_evaluated,not_evaluated
"I just need you to call out where you are and you’re toast, buddy.",1.2118644067796611,0.0447953074932042,118,97,17,4,not_evaluated,not_evaluated
I didn't know what you meant by butterfly or bee.,1.2116788321167884,0.0419964638637787,137,113,19,5,not_evaluated,not_evaluated
Mom was right. Scarves over toques.,1.2116788321167884,0.0419964638637787,137,113,19,5,not_evaluated,not_evaluated
"Ow, that hurt! I can taste carrot juice",1.2116788321167884,0.0419964638637787,137,113,19,5,not_evaluated,not_evaluated
I’m too warmed up.,1.2116788321167884,0.0406984123781985,137,112,21,4,not_evaluated,not_evaluated
Good luck landing any more blows to my head.,1.2113821138211385,0.0465410704741558,123,103,14,6,not_evaluated,not_evaluated
Bet ya can't do that again!,1.2113821138211385,0.0435833821339135,123,101,18,4,not_evaluated,not_evaluated
The “head to head” match didn’t go as well as Frank planned…,1.2113821138211385,0.0479515511970691,123,104,12,7,not_evaluated,not_evaluated
"Didn't the rules say that you've lost when you lose your head?  Yeah, well that's a no-brainer!",1.2113821138211385,0.0465410704741558,123,103,14,6,not_evaluated,not_evaluated
Really hoping for an early spring.  Like before the referee counts to ten.,1.211009174311927,0.043374078106816,109,88,19,2,not_evaluated,not_evaluated
I need to maintain a cool head for this.,1.211009174311927,0.0488977979825135,109,91,13,5,not_evaluated,not_evaluated
What did you think would happen?,1.211009174311927,0.0522569036410858,109,93,9,7,not_evaluated,not_evaluated
You never got me down Ray.,1.2109375,0.0452632606483195,128,107,15,6,not_evaluated,not_evaluated
There's a cloud that looks like you.,1.2109375,0.0438831547231363,128,106,17,5,not_evaluated,not_evaluated
Happy jolly soul my ass.,1.2109375,0.0452632606483195,128,107,15,6,not_evaluated,not_evaluated
Not in the face!,1.2109375,0.0409837562496257,128,104,21,3,not_evaluated,not_evaluated
How did you get that close? You don't even have feet!,1.2109375,0.0424582120724805,128,105,19,4,not_evaluated,not_evaluated
"Geez, it's just a game! No need to lose my head.",1.2109375,0.0409837562496257,128,104,21,3,not_evaluated,not_evaluated
I told you your hat would stay on,1.2105263157894737,0.0440755678609802,133,111,16,6,not_evaluated,not_evaluated
I always wanted to be a middleweight.,1.2105263157894737,0.0414103048668128,133,109,20,4,not_evaluated,not_evaluated
You want another piece of me?,1.2105263157894737,0.0440068945822071,114,93,18,3,not_evaluated,not_evaluated
Of course it's fair; I got 'heads' in the coin toss!,1.2105263157894737,0.0490140077543597,114,96,12,6,not_evaluated,not_evaluated
"I know I am not suppose to lose my head in a fight, but look out cuz now I'm really mad!",1.2105263157894737,0.0427637055891456,133,110,18,5,not_evaluated,not_evaluated
KO? Is he down or is it just a knock off?,1.2105263157894737,0.0457368797131426,114,94,16,4,not_evaluated,not_evaluated
I think you just knocked me down to the lightweight division.,1.210144927536232,0.0453635811637912,138,117,13,8,not_evaluated,not_evaluated
Unfair advantage.  My head wasn't screwed on straight.,1.2100840336134453,0.0428209615727119,119,97,19,3,not_evaluated,not_evaluated
"i swear, one punch! he was out cold!",1.2100840336134453,0.0444529481959174,119,98,17,4,not_evaluated,not_evaluated
tis but a scratch.. I've had worse.. but alright we’ll call it a draw,1.2097902097902098,0.0395148691580853,143,117,22,4,not_evaluated,not_evaluated
I hate when that happens.,1.2096774193548387,0.0461956771915549,124,104,14,6,not_evaluated,not_evaluated
Things are looking up.,1.2096774193548387,0.0432640717462347,124,102,18,4,not_evaluated,not_evaluated
I gave you a head start,1.2096774193548387,0.0447538852796586,124,103,16,5,not_evaluated,not_evaluated
"Herb, I told you playing Rock 'Em Sock 'Em snowmen would not end well for one of us.",1.2096774193548387,0.0432640717462347,124,102,18,4,not_evaluated,not_evaluated
I didn't mean I would literally knock your block off!,1.2096774193548387,0.0461956771915549,124,104,14,6,not_evaluated,not_evaluated
Beats slowly melting.,1.2096774193548387,0.0432640717462347,124,102,18,4,not_evaluated,not_evaluated
I guess there won't be six more weeks of winter for you!,1.2095238095238094,0.0518790472982919,105,89,10,6,not_evaluated,not_evaluated
I knew I should have worn the scarf!,1.2095238095238094,0.0482196555595126,105,87,14,4,not_evaluated,not_evaluated
Can' get my head into this fight!,1.2095238095238094,0.0462815838009878,105,86,16,3,not_evaluated,not_evaluated
"That's round 1, two to go.",1.2094594594594594,0.0398256200544441,148,122,21,5,not_evaluated,not_evaluated
Quick!  Get the ice pack.,1.2093023255813953,0.0435723394494517,129,107,17,5,not_evaluated,not_evaluated
"If they had just put on my head, I could ‘a been somebody! I could ‘a been a contender!",1.2093023255813953,0.0421595153445873,129,106,19,4,not_evaluated,not_evaluated
Block with your hands not head dude,1.2093023255813953,0.0391813306572785,129,104,23,2,not_evaluated,not_evaluated
"What, give up? It's just a flesh wound.",1.2093023255813953,0.0449407698655241,129,108,15,6,not_evaluated,not_evaluated
"Ah, I should've gone with the scarf too.",1.209090909090909,0.0430207478417466,110,89,19,2,not_evaluated,not_evaluated
Where are those bratty kids when you need them?,1.208695652173913,0.0470254036121303,115,96,14,5,not_evaluated,not_evaluated
Heads - you win!,1.208695652173913,0.0486204060676222,115,97,12,6,not_evaluated,not_evaluated
Everyone has a plan until their head falls off.,1.208695652173913,0.0470254036121303,115,96,14,5,not_evaluated,not_evaluated
Yeah? Well I plowed your wife.,1.208695652173913,0.0486204060676222,115,97,12,6,not_evaluated,not_evaluated
I guess I shouldn't have bobbed and weaved.,1.20863309352518,0.0426849141004352,139,116,17,6,not_evaluated,not_evaluated
So much for your presidential immunity.,1.2083333333333333,0.0471837598071887,120,101,13,6,not_evaluated,not_evaluated
"Meet, your, MAKER! No, really, you need his help.",1.2083333333333333,0.0441157017934041,120,99,17,4,not_evaluated,not_evaluated
Okay...should I try for the middle?,1.2083333333333333,0.0441157017934041,120,99,17,4,not_evaluated,not_evaluated
You STILL can’t have my hat.,1.2083333333333333,0.0441157017934041,120,99,17,4,not_evaluated,not_evaluated
"With friends like you, who needs climate change?",1.208,0.0414199577887979,125,102,20,3,not_evaluated,not_evaluated
"Knock my block off,” not a figure of speech then",1.208,0.0444260893997529,125,104,16,5,not_evaluated,not_evaluated
Give me a moment while I pickup where we left off.,1.208,0.0429493324894616,125,103,18,4,not_evaluated,not_evaluated
"Well, that should cure the head cold.",1.208,0.0398319048648353,125,101,22,2,not_evaluated,not_evaluated
You’re ahead a head.,1.208,0.0458553124230917,125,105,14,6,not_evaluated,not_evaluated
But we agreed: Nothing above the scarf!,1.208,0.0398319048648353,125,101,22,2,not_evaluated,not_evaluated
Think you were right… perhaps we should’ve warmed up first,1.208,0.0414199577887979,125,102,20,3,not_evaluated,not_evaluated
I don't need my head to kick your butt.,1.208,0.0444260893997529,125,104,16,5,not_evaluated,not_evaluated
It really doesn't feel all that different.,1.2076923076923076,0.0432658350221217,130,108,17,5,not_evaluated,not_evaluated
It’s the body blows that really hurt.,1.2076923076923076,0.0389120897283976,130,105,23,2,not_evaluated,not_evaluated
Hah! That’s not even a flesh wound!,1.2075471698113207,0.0496474201848481,106,89,12,5,not_evaluated,not_evaluated
I won't let this distract me. It's necessary to move ahead.,1.2074074074074077,0.0421850621536888,135,112,18,5,not_evaluated,not_evaluated
Oh my. Geeze. Didn’t see that one coming. Ughh. Now what?,1.2074074074074077,0.0408536552758385,135,111,20,4,not_evaluated,not_evaluated
"I may have ""tucked my chin"" a tad too much.",1.207207207207207,0.0513807982009836,111,95,9,7,not_evaluated,not_evaluated
We said from the waist down,1.207207207207207,0.0497612927883715,111,94,11,6,not_evaluated,not_evaluated
We have to stop mitten like this.,1.207142857142857,0.0399079472279066,140,115,21,4,not_evaluated,not_evaluated
"You wanted the hat so badly, go ahead and take it.",1.206896551724138,0.0466529522958364,116,97,14,5,not_evaluated,not_evaluated
"Unfair strike! I had the sun at
My back!",1.206896551724138,0.0482330073227748,116,98,12,6,not_evaluated,not_evaluated
"Hey, kicking's not allowed.",1.206896551724138,0.0433202941235984,116,95,18,3,not_evaluated,not_evaluated
*Fighting a head cold*,1.206896551724138,0.0482330073227748,116,98,12,6,not_evaluated,not_evaluated
"I said ""Try and knock my socks off; not my block off!""",1.206611570247934,0.0437834568993582,121,100,17,4,not_evaluated,not_evaluated
Maybe Yoga was a better idea.,1.206611570247934,0.0387784470751743,121,97,23,1,not_evaluated,not_evaluated
"C'mon, this doesn't change a thing!",1.206611570247934,0.0453291533661276,121,101,15,5,not_evaluated,not_evaluated
Did we ever agree on losing conditions?,1.206611570247934,0.042181157537768,121,99,19,3,not_evaluated,not_evaluated
"Well at least you won't have to endure
 a long slow painful Spring thaw.",1.206611570247934,0.048272292658976,121,103,11,7,not_evaluated,not_evaluated
You win.,1.206611570247934,0.042181157537768,121,99,19,3,not_evaluated,not_evaluated
It's too early to spring ahead!,1.206611570247934,0.0453291533661276,121,101,15,5,not_evaluated,not_evaluated
I thought your nose and your fists were just for show...,1.206611570247934,0.0453291533661276,121,101,15,5,not_evaluated,not_evaluated
At least you keep a cool head.,1.206611570247934,0.0453291533661276,121,101,15,5,not_evaluated,not_evaluated
I'm blaming this loss on climate change.,1.206611570247934,0.0437834568993582,121,100,17,4,not_evaluated,not_evaluated
I’m gonna quit while I’m a head.,1.2063492063492065,0.0468939503560423,126,107,12,7,not_evaluated,not_evaluated
Running away eh?  It is but a slush wound...come back here and take what’s coming to you.,1.2063492063492065,0.0455198687718982,126,106,14,6,not_evaluated,not_evaluated
This must look so much worse than it feels.,1.2063492063492065,0.0455198687718982,126,106,14,6,not_evaluated,not_evaluated
What--you'd rather melt?,1.2063492063492065,0.0426390689279512,126,104,18,4,not_evaluated,not_evaluated
Where's Elsa when you need her?,1.2061068702290076,0.0415743569785591,131,108,19,4,not_evaluated,not_evaluated
"If you think this is bad, just wait until I warm up.",1.2061068702290076,0.0415743569785591,131,108,19,4,not_evaluated,not_evaluated
"Ha!  That's all you got?  My cap is still on, Sid.",1.2061068702290076,0.0429635539763294,131,109,17,5,not_evaluated,not_evaluated
"Dang, I forgot my scarf again.",1.2061068702290076,0.0415743569785591,131,108,19,4,not_evaluated,not_evaluated
Looks like you have a head start.,1.2061068702290076,0.0415743569785591,131,108,19,4,not_evaluated,not_evaluated
three.,1.2058823529411764,0.0468130838678953,136,117,10,9,not_evaluated,not_evaluated
"No, it's nothing to do with global warming.",1.2058823529411764,0.0447999398827269,102,83,17,2,not_evaluated,not_evaluated
"Dude, you're the one that wanted to play Rock'em Sock'em.",1.205607476635514,0.0454959886830417,107,88,16,3,not_evaluated,not_evaluated
"Sorry Joe! I thought we were fighting, not boxing.",1.2053571428571428,0.0476918884655355,112,94,13,5,not_evaluated,not_evaluated
I said Hats off!,1.2053571428571428,0.0459743522470292,112,93,15,4,not_evaluated,not_evaluated
Thanks for the scarf but I didn't realize it held you head on.,1.2053571428571428,0.0476918884655355,112,94,13,5,not_evaluated,not_evaluated
okay! you can wear the hat,1.2053571428571428,0.0403858339261236,112,90,21,1,not_evaluated,not_evaluated
Can you count to ten? My head feels off.,1.2053571428571428,0.0459743522470292,112,93,15,4,not_evaluated,not_evaluated
It really is hard to wrap my head around.,1.205128205128205,0.0429848285055057,117,96,18,3,not_evaluated,not_evaluated
"Steve, your head’s just not in this fight.",1.205128205128205,0.0462862821395627,117,98,14,5,not_evaluated,not_evaluated
"Ok, maybe this hat was too warm.",1.205128205128205,0.0429848285055057,117,96,18,3,not_evaluated,not_evaluated
Let's get ready to cruuuumble!,1.205128205128205,0.0374914501275229,117,93,24,0,not_evaluated,not_evaluated
I already regret giving you a head start.,1.205128205128205,0.0478516680025988,117,99,12,6,not_evaluated,not_evaluated
"Well, I would have knocked your socks off, but...",1.205128205128205,0.0412350974937613,117,95,20,2,not_evaluated,not_evaluated
"Quick,get the children over here to fix me!",1.205128205128205,0.04466606875443,117,97,16,4,not_evaluated,not_evaluated
Do you even know what capitulate and decapitate mean?,1.2049180327868851,0.0479049274528924,122,104,11,7,not_evaluated,not_evaluated
"On the bright side, I'm not stuck staring at your dumb face anymore.",1.2049180327868851,0.0418682467597023,122,100,19,3,not_evaluated,not_evaluated
"Okay Frosty, you can keep the scarf.",1.2049180327868851,0.0418682467597023,122,100,19,3,not_evaluated,not_evaluated
"Honey, this is what I mean when I say ‘unresolved anger’.",1.2049180327868851,0.0434561052513363,122,101,17,4,not_evaluated,not_evaluated
"Oh,great ... now what?",1.204724409448819,0.0437845086674015,127,106,16,5,not_evaluated,not_evaluated
"Eh, I'll pick it up later!",1.204724409448819,0.0423331881895621,127,105,18,4,not_evaluated,not_evaluated
Don't be such a snowflake!,1.204724409448819,0.0423331881895621,127,105,18,4,not_evaluated,not_evaluated
I’m starting to feel cold all over.,1.204724409448819,0.0478752162408109,127,109,10,8,not_evaluated,not_evaluated
New rule - Nothing above the carrot.,1.204724409448819,0.0392699639468528,127,103,22,2,not_evaluated,not_evaluated
I didn't feel a thing.,1.2045454545454546,0.0412877328857137,132,109,19,4,not_evaluated,not_evaluated
"I  just want to find, uh, 11780 votes to show that I won.",1.2045454545454546,0.0465544688602262,132,113,11,8,not_evaluated,not_evaluated
"Just occurred to me, why aren't we fighting climate change instead?",1.2045454545454546,0.0398624693896165,132,108,21,3,not_evaluated,not_evaluated
"Not everything has to be about global warming, Klaus.",1.2045454545454546,0.0412877328857137,132,109,19,4,not_evaluated,not_evaluated
"That's not what I meant when I told you that you're always trying to get ahead, and you should just knock it off!",1.2045454545454546,0.0412877328857137,132,109,19,4,not_evaluated,not_evaluated
"C’mon, Man! What did I tell you about dropping your head?",1.2045454545454546,0.0412877328857137,132,109,19,4,not_evaluated,not_evaluated
"Whatever. We're both dead come spring, anyways.",1.2043795620437956,0.0453253660501153,137,117,12,8,not_evaluated,not_evaluated
"It's not like our eyes work, anyway....",1.2043795620437956,0.0416216552615297,137,114,18,5,not_evaluated,not_evaluated
Do overs?,1.204225352112676,0.040645491482586,142,118,19,5,not_evaluated,not_evaluated
"Hey, no fair -- they didn't give me a scarf!",1.203883495145631,0.0465018914581891,103,85,15,3,not_evaluated,not_evaluated
How’s this for a punch line…,1.203883495145631,0.0485056008960693,103,86,13,4,not_evaluated,not_evaluated
"I finally realize that I'm not a third of the
snowman I used to be",1.2037037037037035,0.0451129486309011,108,89,16,3,not_evaluated,not_evaluated
If a head falls in the forest and nobody hears it ...,1.2037037037037035,0.0451129486309011,108,89,16,3,not_evaluated,not_evaluated
You win by TKO - top knocked off.,1.2037037037037035,0.0451129486309011,108,89,16,3,not_evaluated,not_evaluated
I could have been a contender.,1.2035398230088497,0.0438349897536935,113,93,17,3,not_evaluated,not_evaluated
Why is Boxing Day a holiday again?,1.2035398230088497,0.0505333313594769,113,97,9,7,not_evaluated,not_evaluated
"Ha!
I'm a politician.
I don't need a brain to win!",1.2035398230088497,0.0473028746747653,113,95,13,5,not_evaluated,not_evaluated
"I could use better footwork, and maybe a neck.",1.2035398230088497,0.0456019093854795,113,94,15,4,not_evaluated,not_evaluated
"Well, I think I'm in over my head on this one.",1.2035398230088497,0.0419937913721939,113,92,19,2,not_evaluated,not_evaluated
I said 'Metaphorically,1.2035398230088497,0.0456019093854795,113,94,15,4,not_evaluated,not_evaluated
That cloud looks like a dolphin.,1.2035398230088497,0.0456019093854795,113,94,15,4,not_evaluated,not_evaluated
You snowflake!,1.2035398230088497,0.0438349897536935,113,93,17,3,not_evaluated,not_evaluated
"Like I said, this is how we roll!",1.2033898305084745,0.0409210948503549,118,96,20,2,not_evaluated,not_evaluated
"So that's what a ""blockbuster"" means!",1.2033898305084745,0.0459252616615777,118,99,14,5,not_evaluated,not_evaluated
"OK, so let's wrestle.",1.2033898305084745,0.0426544318376878,118,97,18,3,not_evaluated,not_evaluated
Rock-em-Sock-em Snow Bots,1.2033898305084745,0.0459252616615777,118,99,14,5,not_evaluated,not_evaluated
Where's the damn ref?,1.2032520325203253,0.0431335416062896,123,102,17,4,not_evaluated,not_evaluated
"I’ve fallen apart, and I’m not sure how to put myself back together again.",1.2032520325203253,0.0399242078049385,123,100,21,2,not_evaluated,not_evaluated
Now I know TKO means totally knocked off.,1.2032520325203253,0.0415598651366522,123,101,19,3,not_evaluated,not_evaluated
It'll be a Cold Day in Hell before I say Uncle.,1.2032520325203253,0.0431335416062896,123,102,17,4,not_evaluated,not_evaluated
"Ice pack, now.",1.2032520325203253,0.0446517909251838,123,103,15,5,not_evaluated,not_evaluated
"Fine, you win, but I still don't believe in climate change.",1.2032520325203253,0.0415598651366522,123,101,19,3,not_evaluated,not_evaluated
"A chip off the ol' block, son!",1.203125,0.0405416315990925,128,105,20,3,not_evaluated,not_evaluated
God bless you! This cold really knocked you out.,1.203125,0.0420315998836533,128,106,18,4,not_evaluated,not_evaluated
Snow man down!,1.203125,0.0420315998836533,128,106,18,4,not_evaluated,not_evaluated
"Did I get knocked out, or has the kid gone home for the day before finishing us?",1.2030075187969924,0.043694967987333,133,112,15,6,not_evaluated,not_evaluated
You said you had kid gloves on!,1.2030075187969924,0.0381256548953992,133,108,23,2,not_evaluated,not_evaluated
We said no hitting below the carrot,1.2030075187969924,0.0449796775662832,133,113,13,7,not_evaluated,not_evaluated
I guess technically you made the standing 8 count.,1.2028985507246377,0.0413454820128994,138,115,18,5,not_evaluated,not_evaluated
I can’t wait to see them convict you for snowmanslaughter.,1.202127659574468,0.0491980697282263,94,78,13,3,not_evaluated,not_evaluated
Global warming sucks!,1.202127659574468,0.0491980697282263,94,78,13,3,not_evaluated,not_evaluated
"Well, to look on the bright side of things, you are now limited to ineffectual body blows.",1.2019230769230769,0.0440224662845252,104,85,17,2,not_evaluated,not_evaluated
Don't gloat! You have a snowball's chance of making the Olympic boxing squad this summer.,1.2019230769230769,0.0418481904075439,104,84,19,1,not_evaluated,not_evaluated
"All things considered, I would have preferred melting.",1.2019230769230769,0.0460942950391723,104,86,15,3,not_evaluated,not_evaluated
"I'd say one more round, but it looks like you're still beside yourself",1.2019230769230769,0.0460942950391723,104,86,15,3,not_evaluated,not_evaluated
What happened to the jolly happy soul?,1.201834862385321,0.0427952487863065,109,89,18,2,not_evaluated,not_evaluated
"On the positive side, the clouds are lovely today.",1.201834862385321,0.0465963802166744,109,91,14,4,not_evaluated,not_evaluated
"Now, I know how it feels to be knocked out cold.",1.201834862385321,0.0447362043985559,109,90,16,3,not_evaluated,not_evaluated
Powdery Ray surprised him with a snowmaker.,1.201834862385321,0.0465963802166744,109,91,14,4,not_evaluated,not_evaluated
Why didn't you tell me my butt was so big?,1.2017543859649122,0.0416620700362891,114,93,19,2,not_evaluated,not_evaluated
I wasn't warmed up yet.,1.2017543859649122,0.046920083813689,114,96,13,5,not_evaluated,not_evaluated
"Hey, we're supposed to stay below the belt!",1.2017543859649122,0.043485439802693,114,94,17,3,not_evaluated,not_evaluated
Not a knockout until all of me is down.,1.2017543859649122,0.0416620700362891,114,93,19,2,not_evaluated,not_evaluated
Wait! Let me get my head straight first,1.2017543859649122,0.0452353718892486,114,95,15,4,not_evaluated,not_evaluated
Th very definition of a cold-cock.,1.2017543859649122,0.043485439802693,114,94,17,3,not_evaluated,not_evaluated
"Ok, you win but neither of us is getting out of this alive.",1.2017543859649122,0.043485439802693,114,94,17,3,not_evaluated,not_evaluated
Well you proved me wrong... There WAS a snowballs chance you'd knock my head off.,1.2016806722689075,0.0471066149981157,119,101,12,6,not_evaluated,not_evaluated
Some sunglasses would be nice.,1.2016806722689075,0.0423289926254919,119,98,18,3,not_evaluated,not_evaluated
"No, no, it’s not your fault, I think I just overdid it on the warmup routine this year.",1.2016806722689075,0.038818602629338,119,96,22,1,not_evaluated,not_evaluated
"I would agree to a rematch, but the sun is coming out.",1.2016806722689075,0.0439792390792087,119,99,16,4,not_evaluated,not_evaluated
Look...sky!,1.2016806722689075,0.0439792390792087,119,99,16,4,not_evaluated,not_evaluated
My head is not in this match.,1.2016806722689075,0.0439792390792087,119,99,16,4,not_evaluated,not_evaluated
"i just realized, I'm the first snowman to see the sky!",1.2016129032258065,0.0457759952383053,124,105,13,6,not_evaluated,not_evaluated
I should really start wearing scarves.,1.2016129032258065,0.0412559172649555,124,102,19,3,not_evaluated,not_evaluated
Necks would be nice.,1.2016129032258065,0.0396348377795514,124,101,21,2,not_evaluated,not_evaluated
We said two out of three.,1.2016129032258065,0.0412559172649555,124,102,19,3,not_evaluated,not_evaluated
Bird strikes don't count!,1.2016129032258065,0.0457759952383053,124,105,13,6,not_evaluated,not_evaluated
Your left hook has improved considerably.  Next year we’ll work on your right uppercut.,1.2015503875968991,0.0387233356641242,129,105,22,2,not_evaluated,not_evaluated
"I thought I'd be a snow angel in the afterlife, but nooooo.",1.2015503875968991,0.0458815527199679,129,110,12,7,not_evaluated,not_evaluated
Heads up!,1.2,0.0452196630590152,120,101,14,5,not_evaluated,not_evaluated
We’re going to need Calvin and Hobbes again.,1.2,0.049540008621441,105,89,11,5,not_evaluated,not_evaluated
"'Let it go, let it go, let it go' is not helping!",1.2,0.0424440955969441,110,90,18,2,not_evaluated,not_evaluated
Rematch next year?,1.2,0.0456936766731687,105,87,15,3,not_evaluated,not_evaluated
This is more of a knock off rather than a knockout.,1.2,0.0513552591013095,105,90,9,6,not_evaluated,not_evaluated
"You know,we aren’t supposed to actually punch each other.",1.2,0.0420084025208403,120,99,18,3,not_evaluated,not_evaluated
Just keep it on ice till EMS gets here.,1.2,0.0455536405587679,130,111,12,7,not_evaluated,not_evaluated
I really hate Boxing Day.,1.2,0.0456936766731687,105,87,15,3,not_evaluated,not_evaluated
You're right:  The scarf is more important than the hat.,1.2,0.0476556635780289,105,88,13,4,not_evaluated,not_evaluated
How am I supposed to dance like a butterfly and sting like a bee without feet?!,1.2,0.0439941345064059,125,105,15,5,not_evaluated,not_evaluated
"Interesting, I didn't feel a thing!",1.2,0.0425023718503241,125,104,17,4,not_evaluated,not_evaluated
Darn it! Coach told me to focus on keeping my head in the game!,1.2,0.0462072785806326,110,92,14,4,not_evaluated,not_evaluated
"Ah, the old Sleepy Hollow ploy",1.2,0.0462072785806326,110,92,14,4,not_evaluated,not_evaluated
"Sorry, I thought it was UFC rules.",1.2,0.0420084025208403,120,99,18,3,not_evaluated,not_evaluated
Now that’s how you roll with the punches! This is what we have been training for.,1.2,0.0509704259596523,95,80,11,4,not_evaluated,not_evaluated
"What do you mean, I have slow footwork?",1.2,0.0413354493688319,115,94,19,2,not_evaluated,not_evaluated
Could I get some ice for this?,1.2,0.0420443655464497,140,118,16,6,not_evaluated,not_evaluated
I coulda been snow body. I coulda been a contender!,1.2,0.0456936766731687,105,87,15,3,not_evaluated,not_evaluated
"They always sing about my corncob pipe and button nose, but never my glass jaw.",1.2,0.0471404520791031,100,83,14,3,not_evaluated,not_evaluated
"Alright, but next time I want to be 'Ali'.",1.2,0.0479783103622982,110,93,12,5,not_evaluated,not_evaluated
I think that cloud looks like a snowman,1.2,0.0452196630590152,120,101,14,5,not_evaluated,not_evaluated
What’s the point?  We’ll both be gone by spring.,1.2,0.0409563103176874,125,103,19,3,not_evaluated,not_evaluated
I haven't lost!  My hat's still in the ring.,1.2,0.049540008621441,105,89,11,5,not_evaluated,not_evaluated
You weren’t supposed to lose your head over it!,1.2,0.0487239177075788,95,79,13,3,not_evaluated,not_evaluated
"There's no ""n"" in ice.",1.2,0.0395244080077852,140,116,20,4,not_evaluated,not_evaluated
You won't even look at me!,1.2,0.0431413337278761,115,95,17,3,not_evaluated,not_evaluated
I’m sorry I stole your hat. Snow excuses.,1.2,0.0403069455546308,120,98,20,2,not_evaluated,not_evaluated
My name ain’t Frosty Balboa for nuthin!,1.2,0.0448746028073419,115,96,15,4,not_evaluated,not_evaluated
"No wonder nobody watches these fights.  
We never get past the first punch.",1.2,0.0425023718503241,125,104,17,4,not_evaluated,not_evaluated
"It's almost spring, anyhow.",1.2,0.0404507494219877,135,112,19,4,not_evaluated,not_evaluated
"Joke’s on you, now I can give myself a blowjob",1.2,0.0513552591013095,105,90,9,6,not_evaluated,not_evaluated
No fair. No hitting above the charcoal!,1.2,0.0425023718503241,125,104,17,4,not_evaluated,not_evaluated
Rigged!,1.2,0.0425023718503241,125,104,17,4,not_evaluated,not_evaluated
Stars?  Why aren't there stars?  All I see is blue sky!,1.2,0.036872356337726,130,105,24,1,not_evaluated,not_evaluated
Please put me back in the right order this time.,1.2,0.0409563103176874,125,103,19,3,not_evaluated,not_evaluated
I'm seeing birdies.,1.2,0.049540008621441,105,89,11,5,not_evaluated,not_evaluated
Darn it ! If they'd just given you a scarf you wouldn't have lost your head.,1.2,0.0420084025208403,120,99,18,3,not_evaluated,not_evaluated
"It's nice and all how the humans prop us, but I've been lying here for 3 weeks now.",1.2,0.0436435780471984,105,86,17,2,not_evaluated,not_evaluated
Damn Gen Alpha kids - they can’t build a snowman to survive today’s climate of toxic masculinity.,1.2,0.0462072785806326,110,92,14,4,not_evaluated,not_evaluated
And that’s what happens when a heavyweight meets melterweight,1.2,0.0467426352442802,120,102,12,6,not_evaluated,not_evaluated
"But in another way, I’m ahead.",1.2,0.0443656051737758,110,91,16,3,not_evaluated,not_evaluated
"Wait wait, stop fighting! None of us have ever looked up. I see where we came from, what we are made of.",1.1985294117647058,0.0387998789123625,136,112,21,3,not_evaluated,not_evaluated
Mindfulness is not everything.,1.1984732824427482,0.0411517212360108,131,109,18,4,not_evaluated,not_evaluated
There must have been some magic in that old right hook you threw...,1.1984732824427482,0.0411517212360108,131,109,18,4,not_evaluated,not_evaluated
I concede.,1.1984126984126984,0.0390682614168915,126,103,21,2,not_evaluated,not_evaluated
"so much for the carrot,now watch out for the stick",1.1984126984126984,0.0421935694639222,126,105,17,4,not_evaluated,not_evaluated
its okay! we'll both be gone by spring,1.1984126984126984,0.0406609539622806,126,104,19,3,not_evaluated,not_evaluated
Before this round we were Neck and Neck.,1.1984126984126984,0.0436724333085638,126,106,15,5,not_evaluated,not_evaluated
"Oh, so that's why you wore a scarf.",1.1984126984126984,0.0390682614168915,126,103,21,2,not_evaluated,not_evaluated
… literally.,1.1984126984126984,0.0421935694639222,126,105,17,4,not_evaluated,not_evaluated
Never been cold-cocked before.,1.1984126984126984,0.0421935694639222,126,105,17,4,not_evaluated,not_evaluated
I told you I needed to warm up!,1.1984126984126984,0.0421935694639222,126,105,17,4,not_evaluated,not_evaluated
You're lucky I can't duck.,1.1983471074380163,0.0382464004873686,121,98,22,1,not_evaluated,not_evaluated
I got thumpety thumped.”,1.1983471074380163,0.0448748408082749,121,102,14,5,not_evaluated,not_evaluated
Not as bad as those kids messing with my balls.,1.1983471074380163,0.0478459343229069,121,104,10,7,not_evaluated,not_evaluated
TKO - technical knock over.,1.1982758620689655,0.0391434290004603,116,94,21,1,not_evaluated,not_evaluated
"Great! Now go on, let's see you land a knockout punch to my jaw.",1.1982758620689655,0.0461725912619068,116,98,13,5,not_evaluated,not_evaluated
"Well, you're icing it, so there's that.",1.1982758620689655,0.0410138156161473,116,95,19,2,not_evaluated,not_evaluated
It’s a knock off! Ding. Ding. Ding.,1.1982758620689655,0.0445194692955548,116,97,15,4,not_evaluated,not_evaluated
"From here,
It looks like six more weeks of winter.",1.1982758620689655,0.0461725912619068,116,98,13,5,not_evaluated,not_evaluated
"Sorry, my head's just not that into it.",1.1982758620689655,0.0461725912619068,116,98,13,5,not_evaluated,not_evaluated
Powder! Right in the kisser!,1.1982758620689655,0.0461725912619068,116,98,13,5,not_evaluated,not_evaluated
Let’s see who’s the last man melting,1.1982758620689655,0.0410138156161473,116,95,19,2,not_evaluated,not_evaluated
"Next time, let's try fencing.",1.1982758620689655,0.0445194692955548,116,97,15,4,not_evaluated,not_evaluated
Some winters are tougher than others.,1.1981981981981982,0.0401059608409346,111,90,20,1,not_evaluated,not_evaluated
"No, that's not what I meant by float like a butterfly.",1.1981981981981982,0.0458245413111257,111,93,14,4,not_evaluated,not_evaluated
They're right. Brain freeze is a thing.,1.1981981981981982,0.0475782381995722,111,94,12,5,not_evaluated,not_evaluated
Wardrobe malfunction! This is what happens when you forget your scarf.,1.1981981981981982,0.0475782381995722,111,94,12,5,not_evaluated,not_evaluated
Trade you my hat for your scarf,1.1981981981981982,0.0458245413111257,111,93,14,4,not_evaluated,not_evaluated
You gotta keep your head in the game or else you'll melt under the pressure.,1.1981981981981982,0.0475782381995722,111,94,12,5,not_evaluated,not_evaluated
Take off your head if you want a fair fight.,1.19811320754717,0.0491066853351966,106,90,11,5,not_evaluated,not_evaluated
I’m having an off-of-body experience.,1.19811320754717,0.0432710409703594,106,87,17,2,not_evaluated,not_evaluated
I don’t need your pity!,1.19811320754717,0.045299862096652,106,88,15,3,not_evaluated,not_evaluated
How to get ahead!,1.19811320754717,0.0509034484482846,106,91,9,6,not_evaluated,not_evaluated
"Well my dear, this should certainly prove I am head over heels in love with you",1.198019801980198,0.050775767940428,101,86,10,5,not_evaluated,not_evaluated
I didn’t hear the bell ring.”,1.198019801980198,0.0467133707409324,101,84,14,3,not_evaluated,not_evaluated
Ok let’s just work on going to the body,1.198019801980198,0.0467133707409324,101,84,14,3,not_evaluated,not_evaluated
A slushy head connection turned out to be his Achilles heel.,1.198019801980198,0.0422622692483426,101,82,18,1,not_evaluated,not_evaluated
"Sorry."" (I'm Canadian",1.198019801980198,0.0445434529869386,101,83,16,2,not_evaluated,not_evaluated
Why are you stopping?  It's just a flesh wound.,1.1979166666666667,0.050479698165704,96,81,11,4,not_evaluated,not_evaluated
Good!  Now you're one a-head of me!,1.1979166666666667,0.0482586953956128,96,80,13,3,not_evaluated,not_evaluated
Putting ice on it helps...,1.1979166666666667,0.045930419502466,96,79,15,2,not_evaluated,not_evaluated
"I thought ""knock my block off"" didn't apply to round things.",1.197080291970803,0.0425156451621582,137,116,15,6,not_evaluated,not_evaluated
"Oh, don't be such a wuss! 
It's only a flake wound.",1.196969696969697,0.040866445674562,132,110,18,4,not_evaluated,not_evaluated
Looks like the geese are headed back earlier than usual this year.,1.196969696969697,0.0436048990834722,132,112,14,6,not_evaluated,not_evaluated
"Not bad, but they won't start counting till you go to your corner.",1.1968503937007875,0.0418891623466291,127,106,17,4,not_evaluated,not_evaluated
The first rule of Snowman Fight Club is: you do not talk about Snowman Fight Club!,1.1968503937007875,0.0461481858035708,127,109,11,7,not_evaluated,not_evaluated
I'm falling for you.,1.1967213114754098,0.0429871985152189,122,102,16,4,not_evaluated,not_evaluated
"When my Coach hears about this, heads will roll!",1.1967213114754098,0.0379664357760268,122,99,22,1,not_evaluated,not_evaluated
Left hook? More like Spring thaw!,1.1967213114754098,0.0397106187614731,122,100,20,2,not_evaluated,not_evaluated
Well that chiropractor was good for nothing.,1.1967213114754098,0.041381351346989,122,101,18,3,not_evaluated,not_evaluated
You cheated. No fair manifesting!,1.1967213114754098,0.0445351797242442,122,103,14,5,not_evaluated,not_evaluated
you should have worn your scarf,1.1967213114754098,0.0397106187614731,122,100,20,2,not_evaluated,not_evaluated
Consider me out cold.,1.1967213114754098,0.0429871985152189,122,102,16,4,not_evaluated,not_evaluated
They told me if I threw this fight heads would roll!,1.1965811965811963,0.0458076107215507,117,99,13,5,not_evaluated,not_evaluated
No fair! You hit me where the sun shines.,1.1965811965811963,0.0458076107215507,117,99,13,5,not_evaluated,not_evaluated
"OK … … 
New contest:
Who can see the most clouds?",1.1965811965811963,0.0424689624003419,117,97,17,3,not_evaluated,not_evaluated
Does my carrot look broken?,1.1965811965811963,0.0424689624003419,117,97,17,3,not_evaluated,not_evaluated
"When you threw that punch, I froze.",1.1965811965811963,0.0424689624003419,117,97,17,3,not_evaluated,not_evaluated
"How the headless horseman came to be in ""The Legend of Snowy Hollow""",1.1964285714285714,0.0417584941425998,112,92,18,2,not_evaluated,not_evaluated
My trainer told me to work on rolling with the punches.,1.1964285714285714,0.0436422615584104,112,93,16,3,not_evaluated,not_evaluated
"C'mon Frosty, get ya head in the game!",1.1964285714285714,0.0454480159611821,112,94,14,4,not_evaluated,not_evaluated
No hitting above the carrot!,1.1964285714285714,0.0436422615584104,112,93,16,3,not_evaluated,not_evaluated
Guess I can't take the heat.,1.1962616822429906,0.0486808026797143,107,91,11,5,not_evaluated,not_evaluated
Where did you go?,1.1962616822429906,0.0486808026797143,107,91,11,5,not_evaluated,not_evaluated
Okay...so that's your best shot,1.1962616822429906,0.0486808026797143,107,91,11,5,not_evaluated,not_evaluated
Dude. Body blows only. We talked about this.,1.1962616822429906,0.0429047004391804,107,88,17,2,not_evaluated,not_evaluated
That was quick,1.1962616822429906,0.0468346539037722,107,90,13,4,not_evaluated,not_evaluated
You really gave me a thumpity thumpity thump thump.,1.1962616822429906,0.0468346539037722,107,90,13,4,not_evaluated,not_evaluated
Float like a snowflake and sting like a guillotine!,1.196078431372549,0.0462938536577277,102,85,14,3,not_evaluated,not_evaluated
C'omn...keep your head in the game,1.196078431372549,0.0503129705743252,102,87,10,5,not_evaluated,not_evaluated
You win! You can have the hat already.,1.196078431372549,0.0462938536577277,102,85,14,3,not_evaluated,not_evaluated
You thumpity-thump-thump thumpity-thump-thumped me pretty good.,1.196078431372549,0.0462938536577277,102,85,14,3,not_evaluated,not_evaluated
"With the weight off my shoulder, I am ready for you. Let's go!",1.196078431372549,0.0483451956997591,102,86,12,4,not_evaluated,not_evaluated
Is that your best shot snowflake?,1.196078431372549,0.0462938536577277,102,85,14,3,not_evaluated,not_evaluated
I can't go on. I lost my head.,1.1958762886597938,0.045500215384417,97,80,15,2,not_evaluated,not_evaluated
Call it a draw?,1.1958762886597938,0.0521018185568945,97,83,9,5,not_evaluated,not_evaluated
Rosebud.,1.1958762886597938,0.0478021571932768,97,81,13,3,not_evaluated,not_evaluated
Let's continue this next winter.,1.1958762886597938,0.0430754334595246,97,79,17,1,not_evaluated,not_evaluated
That boy needs therapy.,1.1958762886597938,0.0478021571932768,97,81,13,3,not_evaluated,not_evaluated
I bobbed when I should have weaved.,1.1958762886597938,0.0478021571932768,97,81,13,3,not_evaluated,not_evaluated
The Rubicon has been crossed.,1.1956521739130437,0.0518163411891826,92,78,10,4,not_evaluated,not_evaluated
Does this make me a snowball?,1.1956521739130437,0.0518163411891826,92,78,10,4,not_evaluated,not_evaluated
"Hey, look over there. Oh, you’re already there",1.1953125,0.0444489911441228,128,109,13,6,not_evaluated,not_evaluated
"Don’t  start celebrating yet;
I’ve still got two rounds left in me",1.1953125,0.0444489911441228,128,109,13,6,not_evaluated,not_evaluated
I thought we were just warming up,1.1953125,0.0430427847341145,128,108,15,5,not_evaluated,not_evaluated
If you could come over here I'd bite your arms off!,1.1953125,0.0400826436945137,128,106,19,3,not_evaluated,not_evaluated
You said on the count of 3!,1.1953125,0.0400826436945137,128,106,19,3,not_evaluated,not_evaluated
Fine.  Keep the scarf.,1.195121951219512,0.0410746883863817,123,102,18,3,not_evaluated,not_evaluated
It’s only a snow wound. I can keep fighting.,1.195121951219512,0.0410746883863817,123,102,18,3,not_evaluated,not_evaluated
Looks like we have to wait for that demented kid to come back before we can finish this round!,1.194915254237288,0.0421404606445338,118,98,17,3,not_evaluated,not_evaluated
"What do you mean ""Spineless?""  Oh, wait...",1.194915254237288,0.0454482950903764,118,100,13,5,not_evaluated,not_evaluated
By springtime I'll gaslight everyone- this never happened.,1.194915254237288,0.0421404606445338,118,98,17,3,not_evaluated,not_evaluated
At the horrific realization of what he'd just done Blizzard Bomber froze.,1.194915254237288,0.0438255972575128,118,99,15,4,not_evaluated,not_evaluated
let's end this before things start to heat up,1.1946902654867255,0.048456594741078,113,97,10,6,not_evaluated,not_evaluated
Thanks for the heads up.,1.1946902654867255,0.0450775548151287,113,95,14,4,not_evaluated,not_evaluated
"It wasn’t me, I have sticks for arms and can’t move that fast.",1.1946902654867255,0.0432892380992766,113,94,16,3,not_evaluated,not_evaluated
Bobsled! Maybe we should try the Bobsled.,1.1946902654867255,0.0394702737439928,113,92,20,1,not_evaluated,not_evaluated
"Yeah, this is more or less how I thought I’d go.",1.1946902654867255,0.0414237893283653,113,93,18,2,not_evaluated,not_evaluated
So the neck bone ISN’T connected to the head bone…,1.1946902654867255,0.0467975828543099,113,96,12,5,not_evaluated,not_evaluated
Okay Frosty so you are not a jolly happy soul.,1.1946902654867255,0.0414237893283653,113,93,18,2,not_evaluated,not_evaluated
Don't judge me,1.1946902654867255,0.0450775548151287,113,95,14,4,not_evaluated,not_evaluated
I'm not meant to be a snowMMAn.,1.1946902654867255,0.0414237893283653,113,93,18,2,not_evaluated,not_evaluated
"No fair, you have salt in your gloves!!",1.1946902654867255,0.0450775548151287,113,95,14,4,not_evaluated,not_evaluated
I was hoping it came out tails.,1.1946902654867255,0.0450775548151287,113,95,14,4,not_evaluated,not_evaluated
I think you're ready for Frosty.,1.1944444444444444,0.0425444066528241,108,89,17,2,not_evaluated,not_evaluated
Isn’t it better to go this way than a slow death in the spring,1.1944444444444444,0.0445319750737498,108,90,15,3,not_evaluated,not_evaluated
Played so hard I lost my head,1.1944444444444444,0.0445319750737498,108,90,15,3,not_evaluated,not_evaluated
"Thumpety, thump, thump.",1.1944444444444444,0.0517240550429093,108,94,7,7,not_evaluated,not_evaluated
I guess spring came early this year.,1.1944444444444444,0.0445319750737498,108,90,15,3,not_evaluated,not_evaluated
"Times like these, I'm glad the magic keeping us alive doesn't depend on a central nervous system.",1.1944444444444444,0.0482621729413989,108,92,11,5,not_evaluated,not_evaluated
Okay. You can have your cap back.,1.1944444444444444,0.0425444066528241,108,89,17,2,not_evaluated,not_evaluated
"Head up, time to fight!",1.1944444444444444,0.0500230707129591,108,93,9,6,not_evaluated,not_evaluated
"If I were human, I would really be angry at you about this.",1.1944444444444444,0.0425444066528241,108,89,17,2,not_evaluated,not_evaluated
I am not down!,1.1944444444444444,0.0425444066528241,108,89,17,2,not_evaluated,not_evaluated
"Good, now work the body.",1.1944444444444444,0.0445319750737498,108,90,15,3,not_evaluated,not_evaluated
I believe that's a TKO.,1.1944444444444444,0.0464345460890626,108,91,13,4,not_evaluated,not_evaluated
Not my head. You already gave me a black eye.,1.1944444444444444,0.0404593162437609,108,88,19,1,not_evaluated,not_evaluated
"Well Carl, that's a hell of a left hook. And frankly, I'm not sure we thought this all the way through.",1.1942446043165469,0.0431741554528215,139,119,13,7,not_evaluated,not_evaluated
Is my carrot broken?,1.194174757281553,0.0437580101767949,103,85,16,2,not_evaluated,not_evaluated
Guess I warmed up too much this time.,1.194174757281553,0.0437580101767949,103,85,16,2,not_evaluated,not_evaluated
That's quite an uppercut you've got there.,1.194174757281553,0.04791135849495,103,87,12,4,not_evaluated,not_evaluated
Wu said protect ya neck,1.194174757281553,0.0437580101767949,103,85,16,2,not_evaluated,not_evaluated
This happens every time I freeze.,1.1940298507462686,0.0374198907777915,134,110,22,2,not_evaluated,not_evaluated
"You just couldn’t wait for the bell, could you?",1.1938775510204085,0.0450778676534156,98,81,15,2,not_evaluated,not_evaluated
"Well, at least that wasn’t below the belt.",1.1938775510204085,0.0473540662235426,98,82,13,3,not_evaluated,not_evaluated
"Pick up your head, dummy....",1.1938775510204085,0.0473540662235426,98,82,13,3,not_evaluated,not_evaluated
Snowman Showdown: Heads Will Roll,1.193798449612403,0.0412931700632994,129,108,17,4,not_evaluated,not_evaluated
I should have known he had no spine...,1.193798449612403,0.0412931700632994,129,108,17,4,not_evaluated,not_evaluated
Listen.  Its quieter now.,1.193798449612403,0.0412931700632994,129,108,17,4,not_evaluated,not_evaluated
It’s not over. I only lost one round.,1.1932773109243695,0.0466470272764993,119,102,11,6,not_evaluated,not_evaluated
"OK, you won! Now, lay me down close to my head and I'll tell Mom I was making snow angels.",1.1932773109243695,0.0466470272764993,119,102,11,6,not_evaluated,not_evaluated
Thank goodness for my hat.,1.1932773109243695,0.0434866122748136,119,100,15,4,not_evaluated,not_evaluated
Wow! That was quick. I guess I just froze.,1.1929824561403508,0.0447130147115116,114,96,14,4,not_evaluated,not_evaluated
two outta three ?,1.1929824561403508,0.0410943170565212,114,94,18,2,not_evaluated,not_evaluated
What do you think I meant by “no headshots”?,1.1929824561403508,0.0447130147115116,114,96,14,4,not_evaluated,not_evaluated
"I'm still conscious, so technically it's not a knockout.",1.1929824561403508,0.0447130147115116,114,96,14,4,not_evaluated,not_evaluated
"And just like that, it ended in a flurry of punches",1.1929824561403508,0.0429418011902956,114,95,16,3,not_evaluated,not_evaluated
Come down here and go head-to-head with me.,1.1929824561403508,0.0464166896677998,114,97,12,5,not_evaluated,not_evaluated
"I shouldn't have said ""heads you win, tales I lose.""",1.1926605504587156,0.0421900144476552,109,90,17,2,not_evaluated,not_evaluated
"It's true all my ancestors were snowflakes, but I ain't no wuss.",1.1926605504587156,0.0478506145730217,109,93,11,5,not_evaluated,not_evaluated
Icabod Crane's lost cousin,1.1926605504587156,0.0401260844561969,109,89,19,1,not_evaluated,not_evaluated
Take your glovews off -- it's over.,1.1926605504587156,0.0478506145730217,109,93,11,5,not_evaluated,not_evaluated
I've lost my head -- can my heart keep going??,1.1926605504587156,0.0441575812788796,109,91,15,3,not_evaluated,not_evaluated
"Sorry, but you weren’t using it anyway.",1.1926605504587156,0.0495941123554338,109,94,9,6,not_evaluated,not_evaluated
I' was out cold anyway.,1.1926605504587156,0.0441575812788796,109,91,15,3,not_evaluated,not_evaluated
I'm not out cold if that's what you're thinking.,1.1925925925925926,0.0413913575182363,135,114,16,5,not_evaluated,not_evaluated
Let's go back to pickleball.,1.1925925925925926,0.0386280705986641,135,112,20,3,not_evaluated,not_evaluated
This gives me a whole new perspective on our disagreement.,1.1925925925925926,0.0371694702499488,135,111,22,2,not_evaluated,not_evaluated
Betcha can’t knock my socks off,1.1925925925925926,0.0400335628902664,135,113,18,4,not_evaluated,not_evaluated
My cornerman doesn't get home from school till 3:00.,1.1923076923076923,0.043375419446059,104,86,16,2,not_evaluated,not_evaluated
"Whoa, you cold-cocked me!",1.1923076923076923,0.045476735915275,104,87,14,3,not_evaluated,not_evaluated
"So much for, “magic in that old silk hat…”",1.1923076923076923,0.0395203107374121,130,108,19,3,not_evaluated,not_evaluated
Tis but an ice wound!,1.1923076923076923,0.043375419446059,104,86,16,2,not_evaluated,not_evaluated
Ever get the feeling you're in a 'Calvin and Hobbes' cartoon?,1.1923076923076923,0.045476735915275,104,87,14,3,not_evaluated,not_evaluated
I thought you were just joking!,1.1923076923076923,0.045476735915275,104,87,14,3,not_evaluated,not_evaluated
"In retrospect, I think a snowball fight was a better idea.",1.1923076923076923,0.0395203107374121,130,108,19,3,not_evaluated,not_evaluated
"Float like a snowflake, sting like the wind.",1.1923076923076923,0.045476735915275,104,87,14,3,not_evaluated,not_evaluated
"You forgot to hit record, didn't you.",1.1923076923076923,0.0494120076932711,104,89,10,5,not_evaluated,not_evaluated
"Yeah, you coulda been a contender.",1.1923076923076923,0.0388331561600308,104,84,20,0,not_evaluated,not_evaluated
"Ok, let's do a staring context instead.",1.1923076923076923,0.0411669833086595,104,85,18,1,not_evaluated,not_evaluated
What do you mean Taylor who?,1.1923076923076923,0.045476735915275,104,87,14,3,not_evaluated,not_evaluated
Does something smell like carrots to you?,1.1923076923076923,0.0438136589879481,130,111,13,6,not_evaluated,not_evaluated
What are you waiting for? İce belt?,1.192,0.0420383849172588,125,105,16,4,not_evaluated,not_evaluated
At least you didn't punch me in the nose.,1.192,0.0388479251739726,125,103,20,2,not_evaluated,not_evaluated
Some people will do anything to get ahead.,1.192,0.0435460453372763,125,106,14,5,not_evaluated,not_evaluated
Try not to roll me around too much as you fix me- my head's pretty big as it is.,1.1919191919191918,0.0511197390589274,99,85,9,5,not_evaluated,not_evaluated
"Quick, find my old silk hat!",1.1919191919191918,0.0446631675051722,99,82,15,2,not_evaluated,not_evaluated
So what? At least I’m not wearing a stupid scarf!,1.1916666666666669,0.0397749856877567,120,99,19,2,not_evaluated,not_evaluated
"Well, that knocks the fun out of it.",1.1916666666666669,0.0414982591065,120,100,17,3,not_evaluated,not_evaluated
"Float like a flake, sting like hail” -Muhammad Frost",1.1916666666666669,0.0462847013180068,120,103,11,6,not_evaluated,not_evaluated
"'Tis but a scratch' sounded so funny in the movie, but now I don't feel like laughing.",1.1916666666666669,0.0379735890330672,120,98,21,1,not_evaluated,not_evaluated
"Unfortunately, my ‘corner’ is presently sledding.",1.1916666666666669,0.0414982591065,120,100,17,3,not_evaluated,not_evaluated
"That was just giving me a headache, let’s go again.",1.1916666666666669,0.043152769682596,120,101,15,4,not_evaluated,not_evaluated
I really wish Calvin had a softer sense of humor.,1.1914893617021276,0.0529966690757358,94,81,8,5,not_evaluated,not_evaluated
"All right, let's just wait until the sun comes out.",1.191304347826087,0.0443542568735967,115,97,14,4,not_evaluated,not_evaluated
You've got to have to quit loosing you head if you want to make it to the next Winter Olympics,1.191304347826087,0.0425998216136205,115,96,16,3,not_evaluated,not_evaluated
scratch It’s just a scratch.,1.191304347826087,0.0460418874950379,115,98,12,5,not_evaluated,not_evaluated
Fox News said I won with a knockout.,1.191304347826087,0.0443542568735967,115,97,14,4,not_evaluated,not_evaluated
O yeah?  Well from here I can see how huge your bottom is!,1.191304347826087,0.0460418874950379,115,98,12,5,not_evaluated,not_evaluated
Ouch - you really did knock my block off.,1.191304347826087,0.0443542568735967,115,97,14,4,not_evaluated,not_evaluated
Hold up - did you get taller?,1.191304347826087,0.0407699583052959,115,95,18,2,not_evaluated,not_evaluated
OK how about best out of 3?,1.191304347826087,0.0425998216136205,115,96,16,3,not_evaluated,not_evaluated
I knew my head wasn't in the match.,1.190909090909091,0.0456542734561957,110,93,13,4,not_evaluated,not_evaluated
Very thoughtful of you not punching my carrot.,1.190909090909091,0.0456542734561957,110,93,13,4,not_evaluated,not_evaluated
Over here!,1.1904761904761905,0.0401809963994837,126,105,18,3,not_evaluated,not_evaluated
Now do your shuffle.,1.1904761904761905,0.0432259265444198,126,107,14,5,not_evaluated,not_evaluated
"You were right:
Maybe I should have worn a scarf to stay cold!""",1.1904761904761905,0.0432259265444198,126,107,14,5,not_evaluated,not_evaluated
"Float like a flurry, sting like a breeze.",1.1904761904761905,0.0408141461130498,105,86,18,1,not_evaluated,not_evaluated
Ouch! Was it something I said?,1.1904761904761905,0.0470663900505225,105,89,12,4,not_evaluated,not_evaluated
The Marquess of Queensbury said nothing about decapitation.,1.1904761904761905,0.0450787631733363,105,88,14,3,not_evaluated,not_evaluated
I think we need to redefine the nature of our relationship.,1.1904761904761905,0.0450787631733363,105,88,14,3,not_evaluated,not_evaluated
I thought the lyrics were “do you want to BUILD a snowman”?,1.1904761904761905,0.0368855556781658,126,103,22,1,not_evaluated,not_evaluated
"""My wife might be right. I need a backbone.""",1.1900826446280992,0.0459279133133558,121,104,11,6,not_evaluated,not_evaluated
Best not to overthink this.,1.1900826446280992,0.0428239550678731,121,102,15,4,not_evaluated,not_evaluated
"A mere technicality, my icy friend!",1.1900826446280992,0.041184342665912,121,101,17,3,not_evaluated,not_evaluated
"You may have gotten in the last punch, but I'm still ahead.",1.19,0.0486068540704524,100,85,11,4,not_evaluated,not_evaluated
Not nice!,1.19,0.0464823198711731,100,84,13,3,not_evaluated,not_evaluated
"That was a sucker punch, Dude. It's a little late for 'sorry'.",1.19,0.0442559132612339,100,83,15,2,not_evaluated,not_evaluated
"Lucky punch, Poppin' Fresh.",1.19,0.0464823198711731,100,84,13,3,not_evaluated,not_evaluated
Oh...duck AND weave.,1.19,0.0442559132612339,100,83,15,2,not_evaluated,not_evaluated
"Sorry, my head is just not into it today",1.19,0.0525991127935316,100,87,7,6,not_evaluated,not_evaluated
"Hey, I said 'Not at all,' not ""Knock it off""",1.1896551724137931,0.0422631740121166,116,97,16,3,not_evaluated,not_evaluated
Last time I lend you my scarf.,1.1896551724137931,0.0456730330998606,116,99,12,5,not_evaluated,not_evaluated
I'm telling you he lost his head.  I just stood there.  I wasn't going to even hit him.  If I had feet I would have walked away.,1.1896551724137931,0.0440011467470986,116,98,14,4,not_evaluated,not_evaluated
It's not over yet; I'm still standing!,1.1896551724137931,0.0404505975246002,116,96,18,2,not_evaluated,not_evaluated
They should outlaw heated gloves.,1.1896551724137931,0.0422631740121166,116,97,16,3,not_evaluated,not_evaluated
You really need to know when to roll with the punches!,1.1896551724137931,0.0404505975246002,116,96,18,2,not_evaluated,not_evaluated
I think we need to cancel the snowball fight. .,1.1896551724137931,0.0440011467470986,116,98,14,4,not_evaluated,not_evaluated
You know I don't like winter sports.,1.1896551724137931,0.0422631740121166,116,97,16,3,not_evaluated,not_evaluated
What can I say. My trainer is only 4 years old.,1.1894736842105262,0.0480172067938968,95,80,12,3,not_evaluated,not_evaluated
Let's just do body work today.,1.1891891891891893,0.0414983763011126,111,92,17,2,not_evaluated,not_evaluated
I said not the nose!,1.1891891891891893,0.043427127460021,111,93,15,3,not_evaluated,not_evaluated
"I was hoping things wouldn't snowball, but here we are.",1.1891891891891893,0.0414983763011126,111,92,17,2,not_evaluated,not_evaluated
"If I pass the concussion protocol, we can go another round.",1.1891891891891893,0.0452737845030551,111,94,13,4,not_evaluated,not_evaluated
"the young rookie southpaw has a disarmingly cool demeanor and a wicked left jab, but not much of a head on his shoulders.",1.1891891891891893,0.0452737845030551,111,94,13,4,not_evaluated,not_evaluated
I think you’re finally ready to fight climate change.,1.1891891891891893,0.0452737845030551,111,94,13,4,not_evaluated,not_evaluated
"Wow, that’s a mean left hook",1.1891891891891893,0.043427127460021,111,93,15,3,not_evaluated,not_evaluated
Do you see my scarf anywhere?,1.188976377952756,0.0382929776728512,127,105,20,2,not_evaluated,not_evaluated
That’s one way to get a head in a fight,1.188976377952756,0.042910433112614,127,108,14,5,not_evaluated,not_evaluated
"Did you hear a bell ? I didn't hear a bell, they are supposed to ring a bell. """,1.1888888888888889,0.0471257367823253,90,75,13,2,not_evaluated,not_evaluated
Hi Mom!,1.1888888888888889,0.0497043555175433,90,76,11,3,not_evaluated,not_evaluated
Next time keep your eyes open and your head up.,1.1888888888888889,0.0521556406110755,90,77,9,4,not_evaluated,not_evaluated
Super uncool.,1.1886792452830188,0.04262966067122,106,88,16,2,not_evaluated,not_evaluated
I think my warm-up was too long.,1.1886792452830188,0.0404671897915607,106,87,18,1,not_evaluated,not_evaluated
What are the rules on ‘thaw’?,1.1886792452830188,0.04262966067122,106,88,16,2,not_evaluated,not_evaluated
Now what do we do?,1.1886792452830188,0.048542471371932,106,91,10,5,not_evaluated,not_evaluated
Ok... maybe I’m not the Greatest.,1.1886792452830188,0.04262966067122,106,88,16,2,not_evaluated,not_evaluated
Nice try! I’m laughing my head off!,1.1886792452830188,0.0446876100083739,106,89,14,3,not_evaluated,not_evaluated
So that's the jab that makes people lose their heads?',1.1886792452830188,0.04262966067122,106,88,16,2,not_evaluated,not_evaluated
I’m keeping the hat.,1.1885245901639343,0.0408750764587257,122,102,17,3,not_evaluated,not_evaluated
It's just a frost wound.,1.188118811881188,0.0415369840859466,101,83,17,1,not_evaluated,not_evaluated
Hats off !,1.188118811881188,0.0415369840859466,101,83,17,1,not_evaluated,not_evaluated
"In hindsight, I should have returned your toque.",1.188118811881188,0.0481599465624368,101,86,11,4,not_evaluated,not_evaluated
"On second thought, I’ll take the scarf and you can have the hat.",1.188118811881188,0.0415369840859466,101,83,17,1,not_evaluated,not_evaluated
"For the record, this is the sunny side of the ring.",1.188118811881188,0.0481599465624368,101,86,11,4,not_evaluated,not_evaluated
You cold-cocked me.,1.188034188034188,0.0436535538448001,117,99,14,4,not_evaluated,not_evaluated
I’ve always hated Boxing Day!,1.188034188034188,0.0401361225160751,117,97,18,2,not_evaluated,not_evaluated
"""Stupid global warming.""",1.188034188034188,0.0419317367509757,117,98,16,3,not_evaluated,not_evaluated
How many times did I say don't lead with your face?,1.188034188034188,0.0419317367509757,117,98,16,3,not_evaluated,not_evaluated
"To quote the Black Knight, ""Tis but a scratch!""",1.188034188034188,0.0436535538448001,117,99,14,4,not_evaluated,not_evaluated
"Oh, that's cold.",1.18796992481203,0.0372046368228757,133,110,21,2,not_evaluated,not_evaluated
"Do you not know the definition of ""shadow box?",1.1875,0.0430707754613461,112,94,15,3,not_evaluated,not_evaluated
"Oh Jacques, its a Coup de tête",1.1875,0.0411608617252668,112,93,17,2,not_evaluated,not_evaluated
"Not fair! I didn't say, ""Ready""",1.1875,0.046656639619587,112,96,11,5,not_evaluated,not_evaluated
You can’t hurt me now!,1.1875,0.0430707754613461,112,94,15,3,not_evaluated,not_evaluated
How about two out of three,1.1875,0.0391579031242912,112,92,19,1,not_evaluated,not_evaluated
Sorry. I just couldn’t stand the hat.,1.1875,0.0451908720017737,96,80,14,2,not_evaluated,not_evaluated
Bet you never saw that coming.,1.1875,0.0430707754613461,112,94,15,3,not_evaluated,not_evaluated
I told you this kid would grow up to be a sicko.,1.1875,0.0467312428158947,128,112,8,8,not_evaluated,not_evaluated
"I’m but sticks and stones, don’t got no bones, so decapitation doesn’t hurt me.",1.1875,0.0483499449996293,112,97,9,6,not_evaluated,not_evaluated
I thought we both agreed no hitting above the scarf.,1.1869918699186992,0.043732300730015,123,105,13,5,not_evaluated,not_evaluated
"Well, that was a real thumpity thump thumping!",1.1869918699186992,0.0421809685262876,123,104,15,4,not_evaluated,not_evaluated
"Hey, I’m still standing.  Let’s fight till one of us melts.",1.1869158878504673,0.0462504149761827,107,91,12,4,not_evaluated,not_evaluated
Let's go back to pretending you're Parson Brown.,1.1869158878504673,0.0481189840782644,107,92,10,5,not_evaluated,not_evaluated
I see your point about the 10 count rule not applying here,1.1869158878504673,0.0422661732234986,107,89,16,2,not_evaluated,not_evaluated
Muhammad Snowbali!!,1.1869158878504673,0.0401259723334355,107,88,18,1,not_evaluated,not_evaluated
"Well, I guess you were right about me being cold, brittle, and spineless. Didn't think I'd lose my head over it though.",1.1869158878504673,0.0443031053337568,107,90,14,3,not_evaluated,not_evaluated
"It's not the hit, it's the humidity.",1.1869158878504673,0.0422661732234986,107,89,16,2,not_evaluated,not_evaluated
"Yo, man, that was cold.",1.1869158878504673,0.0422661732234986,107,89,16,2,not_evaluated,not_evaluated
I thought we said only below the belt.,1.1869158878504673,0.0401259723334355,107,88,18,1,not_evaluated,not_evaluated
"It’s fine, spring comes for everyone",1.1869158878504673,0.0443031053337568,107,90,14,3,not_evaluated,not_evaluated
Which one of us is Trump?,1.1869158878504673,0.0481189840782644,107,92,10,5,not_evaluated,not_evaluated
"This gives a whole new meaning to ""the dead of winter.""",1.1868131868131868,0.0516210667544404,91,78,9,4,not_evaluated,not_evaluated
"I find our fights frivolous now that I behold the Sun, our true Destroyer!",1.1868131868131868,0.0561527828452596,91,80,5,6,not_evaluated,not_evaluated
Was that a left hook or a strong breeze?,1.1868131868131868,0.0466511955309391,91,76,13,2,not_evaluated,not_evaluated
Existence is pain.,1.1868131868131868,0.0466511955309391,91,76,13,2,not_evaluated,not_evaluated
Wait a minute while I get my head straight.,1.1865671641791045,0.0438930235237551,134,116,11,7,not_evaluated,not_evaluated
"I confess, best head fake I’ve ever encountered.",1.1864406779661016,0.0433113515977435,118,100,14,4,not_evaluated,not_evaluated
"You've got a cold uppercut, man",1.1864406779661016,0.0398264243177182,118,98,18,2,not_evaluated,not_evaluated
"Well, I no longer believe in intelligent design.",1.1864406779661016,0.0416053917849496,118,99,16,3,not_evaluated,not_evaluated
"Okay, my turn.",1.1864406779661016,0.0433113515977435,118,100,14,4,not_evaluated,not_evaluated
"I thought,  ""I'll knock your head off"" was just a turn of phrase",1.1864406779661016,0.0398264243177182,118,98,18,2,not_evaluated,not_evaluated
I guess global warming wins again this year.,1.1864406779661016,0.0416053917849496,118,99,16,3,not_evaluated,not_evaluated
"Boy, this is what the climate change finally comes to...",1.1864406779661016,0.0433113515977435,118,100,14,4,not_evaluated,not_evaluated
"This isn’t what I meant by a snowball fight, Jerry",1.1864406779661016,0.0416053917849496,118,99,16,3,not_evaluated,not_evaluated
"As the fight heated up, some problems started to surface...",1.1862745098039216,0.0477211049217531,102,87,11,4,not_evaluated,not_evaluated
I assume a June rematch is out of the question?,1.1862745098039216,0.0477211049217531,102,87,11,4,not_evaluated,not_evaluated
No uppercuts on sunny days Larry!,1.1862745098039216,0.0477211049217531,102,87,11,4,not_evaluated,not_evaluated
"try that shit again, pussy",1.1862745098039216,0.045641722077372,102,86,13,3,not_evaluated,not_evaluated
Minus one... minus two... minus three...,1.1862745098039216,0.0387395871414935,102,83,19,0,not_evaluated,not_evaluated
I think we need to upgrade your nickname from “Frosty” to “Abominable”,1.1862745098039216,0.045641722077372,102,86,13,3,not_evaluated,not_evaluated
You do have snow balls.,1.186046511627907,0.0393248524955484,129,108,18,3,not_evaluated,not_evaluated
"Not cool, man.",1.1858407079646018,0.0427201529433709,113,95,15,3,not_evaluated,not_evaluated
"Iʻve fallen head over heels for you, Frosty.",1.1858407079646018,0.0427201529433709,113,95,15,3,not_evaluated,not_evaluated
"Dont worry,we all know you dont need a brain to fight",1.1858407079646018,0.0445313292009128,113,96,13,4,not_evaluated,not_evaluated
c'mon I'm getting brain freeze down here.,1.1858407079646018,0.0408287111553859,113,94,17,2,not_evaluated,not_evaluated
Cripes. I guess there wasn’t some magic in that old silk hat they found.,1.1858407079646018,0.0445313292009128,113,96,13,4,not_evaluated,not_evaluated
"‘This hot glue will hold you together,’ they said. ‘We used it to glue funny googly eyes on the reindeer ornament,’ they said…",1.1858407079646018,0.0408287111553859,113,94,17,2,not_evaluated,not_evaluated
"Good job, son, but next time turn your whole body into the punch.",1.1855670103092784,0.0447643143302853,97,81,14,2,not_evaluated,not_evaluated
"Oh look, the sun is coming out!",1.185483870967742,0.0386076437411221,124,103,19,2,not_evaluated,not_evaluated
…I’m just not in the right headspace.,1.185483870967742,0.0402700943480755,124,104,17,3,not_evaluated,not_evaluated
I guess that's a technical knockout,1.185483870967742,0.0418665838391957,124,105,15,4,not_evaluated,not_evaluated
"I call this sculpture ""An Example of the Inherent Violence Found in White People's Culture.""",1.185483870967742,0.0463271181172421,124,108,9,7,not_evaluated,not_evaluated
"Illegal punch, you lose!",1.1851851851851851,0.043925083623096,108,91,14,3,not_evaluated,not_evaluated
It's beginning to look a lot like I kicked your ass!,1.1851851851851851,0.0458528432905113,108,92,12,4,not_evaluated,not_evaluated
"Nope, didn’t see that one coming.",1.1851851851851851,0.0458528432905113,108,92,12,4,not_evaluated,not_evaluated
"Thumpity thump thump, thumpity thump thump… look at Frosty go.",1.1851851851851851,0.0419087425815636,108,90,16,2,not_evaluated,not_evaluated
They were right! I do see stars.,1.1851851851851851,0.0375526586503718,108,88,20,0,not_evaluated,not_evaluated
I’m seeing snowballs.,1.1851851851851851,0.0494835707167602,108,94,8,6,not_evaluated,not_evaluated
At least you don’t have a glass jaw.,1.1851851851851851,0.0419087425815636,108,90,16,2,not_evaluated,not_evaluated
"More precisely, everyone has a plan until their head falls off”",1.184873949579832,0.0461699062308419,119,103,10,6,not_evaluated,not_evaluated
No fair cold-cocking me!,1.184873949579832,0.0429744172126887,119,101,14,4,not_evaluated,not_evaluated
I am giving you a head start.,1.184873949579832,0.0412840245309609,119,100,16,3,not_evaluated,not_evaluated
"Remember, we practice active listening and empathy before things get heated.",1.184873949579832,0.0429744172126887,119,101,14,4,not_evaluated,not_evaluated
That punchline had me laughing my head off”,1.184873949579832,0.0412840245309609,119,100,16,3,not_evaluated,not_evaluated
"I'm not done yet, there's still two rounds.",1.184782608695652,0.0435230299847753,92,76,15,1,not_evaluated,not_evaluated
"Unfair, you collided with climate change to win!",1.184782608695652,0.0487035648134137,92,78,11,3,not_evaluated,not_evaluated
Your jab has improved but your footwork is still abominable.,1.184782608695652,0.0487035648134137,92,78,11,3,not_evaluated,not_evaluated
It's a TKO,1.1844660194174756,0.0408075087796715,103,85,17,1,not_evaluated,not_evaluated
I can still beat you with one head behind my back!,1.1844660194174756,0.0452325943430408,103,87,13,3,not_evaluated,not_evaluated
I still think your mom is cold and wet.,1.1844660194174756,0.049261774320473,103,89,9,5,not_evaluated,not_evaluated
"I'm not too fast on my feet,but I've got a hell of a good right hook.",1.1844660194174756,0.0472901152472866,103,88,11,4,not_evaluated,not_evaluated
Whaddaya think? Did I sell it OK?,1.1844660194174756,0.0430769100783996,103,86,15,2,not_evaluated,not_evaluated
And that was just an icebreaker.,1.1842105263157894,0.0423751249516645,114,96,15,3,not_evaluated,not_evaluated
"Not really a knock out, but more of a melt down.",1.1842105263157894,0.0423751249516645,114,96,15,3,not_evaluated,not_evaluated
Merely a flesh wound!,1.1842105263157894,0.0441690684732445,114,97,13,4,not_evaluated,not_evaluated
That scarf's a knockout!,1.1842105263157894,0.0364675887507556,114,93,21,0,not_evaluated,not_evaluated
"Well,at least you don’t have a glass jaw.",1.1842105263157894,0.0405018002012775,114,95,17,2,not_evaluated,not_evaluated
"Pull yourself together, and fight like a [snow]man!",1.1842105263157894,0.0441690684732445,114,97,13,4,not_evaluated,not_evaluated
"Jeez, I would have traded my hat for the scarf.",1.1842105263157894,0.0423751249516645,114,96,15,3,not_evaluated,not_evaluated
The grandkids are going to be mad at you!,1.1842105263157894,0.0423751249516645,114,96,15,3,not_evaluated,not_evaluated
Should’ve stuck to kickboxing.,1.1842105263157894,0.0423751249516645,114,96,15,3,not_evaluated,not_evaluated
I guess I got caught cold.,1.184,0.0399741852183502,125,105,17,3,not_evaluated,not_evaluated
"It's  just an idiom, you idiot !",1.184,0.0399741852183502,125,105,17,3,not_evaluated,not_evaluated
Totally disagree -- 'knock off' is NOT the same as 'knock out'.,1.183673469387755,0.0466575609972682,98,83,12,3,not_evaluated,not_evaluated
And Mike Tyson got all that bad press for just an ear...,1.183673469387755,0.041906337548922,98,81,16,1,not_evaluated,not_evaluated
"I'm no brain surgeon, but that thing glowing up there can't be good.",1.183673469387755,0.0488602234331629,98,84,10,4,not_evaluated,not_evaluated
"Well, yes, it does give me a new perspective on things. 

Bill Aiken, San Francisco, CA",1.183673469387755,0.0443456261934477,98,82,14,2,not_evaluated,not_evaluated
Stop calling me a snowflake Frosty!,1.183673469387755,0.0466575609972682,98,83,12,3,not_evaluated,not_evaluated
You caught me cold.,1.18348623853211,0.0415572214284189,109,91,16,2,not_evaluated,not_evaluated
"Ay, ay, a scratch, a scratch!",1.18348623853211,0.0435533846923308,109,92,14,3,not_evaluated,not_evaluated
Bodyshots only then?,1.18348623853211,0.0435533846923308,109,92,14,3,not_evaluated,not_evaluated
Looks like someone's idea of a 'cool down' got a bit too literal.,1.18348623853211,0.0415572214284189,109,91,16,2,not_evaluated,not_evaluated
I never saw it coming.,1.18348623853211,0.0415572214284189,109,91,16,2,not_evaluated,not_evaluated
"Honestly, there’s no point fighting if you’re just going to lose your head.",1.18348623853211,0.0415572214284189,109,91,16,2,not_evaluated,not_evaluated
We said no hitting above the belt,1.18348623853211,0.0435533846923308,109,92,14,3,not_evaluated,not_evaluated
I guess I shouldn't lose my head just because it's cold out.,1.18348623853211,0.0435533846923308,109,92,14,3,not_evaluated,not_evaluated
Wait a while. He'll go away.,1.18348623853211,0.0435533846923308,109,92,14,3,not_evaluated,not_evaluated
"I know you’re angry, but I swear I didn’t plow your wife!",1.18348623853211,0.0472936216499981,109,94,10,5,not_evaluated,not_evaluated
Global warming is really affecting my performance.,1.18348623853211,0.0415572214284189,109,91,16,2,not_evaluated,not_evaluated
"Coach! You can't take me out, I'm still a head!",1.18348623853211,0.0454619839367538,109,93,12,4,not_evaluated,not_evaluated
Have I succeeded in changing your mind?,1.18348623853211,0.0394602076469845,109,90,18,1,not_evaluated,not_evaluated
So that's what the scarf is for.,1.1833333333333331,0.0442543788419331,120,103,12,5,not_evaluated,not_evaluated
Now you are REALLY not going to get to wear the hat!!!,1.1833333333333331,0.0409675237458576,120,101,16,3,not_evaluated,not_evaluated
So much for the warm-up.,1.1833333333333331,0.0409675237458576,120,101,16,3,not_evaluated,not_evaluated
Why did our species consider taking on this sport?,1.1833333333333331,0.0442543788419331,120,103,12,5,not_evaluated,not_evaluated
You just wait 'till I warm up.,1.183206106870229,0.0430781653340134,131,113,12,6,not_evaluated,not_evaluated
"Well, I guess that's it for the 'Thunda' in the Tundra'",1.1827956989247312,0.0482179788329505,93,79,11,3,not_evaluated,not_evaluated
Do you wanna go one more round when Susie gets home from school?,1.1827956989247312,0.0457298523071995,93,78,13,2,not_evaluated,not_evaluated
"You know, Jed, there’s a such thing as warming up too much.",1.1827956989247312,0.0457298523071995,93,78,13,2,not_evaluated,not_evaluated
"Who are you callin' a jolly, happy soul!?",1.1827956989247312,0.0457298523071995,93,78,13,2,not_evaluated,not_evaluated
"Dammit, I froze when you threw that left jab.",1.1826923076923077,0.040452128921755,104,86,17,1,not_evaluated,not_evaluated
I 'm glad I  am wearing this hat. I didn't feel a thing.,1.1826923076923077,0.0448306561303145,104,88,13,3,not_evaluated,not_evaluated
"I need a little help, can you call the kids?",1.1826923076923077,0.0506942523490862,104,91,7,6,not_evaluated,not_evaluated
I'm afraid things are getting a little too heated between us.,1.1826923076923077,0.0448306561303145,104,88,13,3,not_evaluated,not_evaluated
"Luck punch. 
I want a rematch.",1.1826923076923077,0.0426975553362063,104,87,15,2,not_evaluated,not_evaluated
Why you wanna cold-cock me like that?,1.1826923076923077,0.0488180368700619,104,90,9,5,not_evaluated,not_evaluated
No fair! What's under that scarf?,1.1826923076923077,0.0468667710266092,104,89,11,4,not_evaluated,not_evaluated
That's what happens when you don't have a neck.,1.1826923076923077,0.0468667710266092,104,89,11,4,not_evaluated,not_evaluated
I saw my first blimp this morning.,1.182608695652174,0.0471662407157639,115,100,9,6,not_evaluated,not_evaluated
I see clouds...Am I in heaven?,1.182608695652174,0.0455203137287153,115,99,11,5,not_evaluated,not_evaluated
Round? You win this season!,1.182608695652174,0.0420355606524669,115,97,15,3,not_evaluated,not_evaluated
With a nose like that who wants a head?,1.182608695652174,0.0401800081890298,115,96,17,2,not_evaluated,not_evaluated
"I know we're snowman, but that punch was cold.",1.182608695652174,0.0438125970545452,115,98,13,4,not_evaluated,not_evaluated
"How many times do I have to tell you…
“My head’s not into this!”",1.182608695652174,0.0382345100239794,115,95,19,1,not_evaluated,not_evaluated
Am I down for the count?,1.182608695652174,0.0420355606524669,115,97,15,3,not_evaluated,not_evaluated
I never realized how big the sky really is.,1.182608695652174,0.0438125970545452,115,98,13,4,not_evaluated,not_evaluated
It sounded good in theory.,1.182608695652174,0.0401800081890298,115,96,17,2,not_evaluated,not_evaluated
"That was global warming, not your left jab!",1.182608695652174,0.0455203137287153,115,99,11,5,not_evaluated,not_evaluated
I wish Calvin had never grown up.,1.1825396825396826,0.042762977090289,126,108,13,5,not_evaluated,not_evaluated
"Just don't add salt to the wound!""",1.181818181818182,0.0439345955198797,99,83,14,2,not_evaluated,not_evaluated
You gotta roll with the punches.,1.181818181818182,0.0389249472080761,121,101,18,2,not_evaluated,not_evaluated
My icy stare fell flat.,1.181818181818182,0.0389249472080761,121,101,18,2,not_evaluated,not_evaluated
Hat envy?,1.181818181818182,0.0439345955198797,99,83,14,2,not_evaluated,not_evaluated
You are spineless.,1.181818181818182,0.0524863881081477,88,76,8,4,not_evaluated,not_evaluated
"And that's how the uppercut is done, folks!",1.181818181818182,0.0389249472080761,121,101,18,2,not_evaluated,not_evaluated
Consider me cold-cocked.,1.181818181818182,0.0462211179741615,99,84,12,3,not_evaluated,not_evaluated
"I know you got ahead,  but I'm still standing !  Yeah, Yeah, Yeah !  """,1.181818181818182,0.0524863881081477,88,76,8,4,not_evaluated,not_evaluated
Why didn't you move?,1.181818181818182,0.043187853491586,110,93,14,3,not_evaluated,not_evaluated
If I block your knock-off you can’t knock my…,1.181818181818182,0.0415223508511923,99,82,16,1,not_evaluated,not_evaluated
That's your best punch?,1.181818181818182,0.0412114670670418,110,92,16,2,not_evaluated,not_evaluated
"For once, Sam lay there and wished their disagreement would snowball.",1.181818181818182,0.0468913854774665,110,95,10,5,not_evaluated,not_evaluated
"Give me a moment. I seem to have lost my head.

Ellen Sullivan
Newbury, MA",1.181818181818182,0.0462211179741615,99,84,12,3,not_evaluated,not_evaluated
Frosty's Hat Loses its Magic,1.181818181818182,0.0462211179741615,99,84,12,3,not_evaluated,not_evaluated
Why is it that every time we have a disagreement you always lose your head?,1.181818181818182,0.0450776703102936,110,94,12,4,not_evaluated,not_evaluated
Sorry - my head's just not in it,1.181818181818182,0.0423158789205119,121,103,14,4,not_evaluated,not_evaluated
It doesn’t pay to be a hothead,1.181818181818182,0.043187853491586,110,93,14,3,not_evaluated,not_evaluated
"I think there is some confusion around using the word ""fist"" as a verb.",1.181818181818182,0.0415223508511923,99,82,16,1,not_evaluated,not_evaluated
I’m still warming up”  ⛄,1.181818181818182,0.043187853491586,110,93,14,3,not_evaluated,not_evaluated
"Uh, that's a bit more than a chip off the old block",1.181818181818182,0.0415223508511923,99,82,16,1,not_evaluated,not_evaluated
I call bullshit on this magic hat!,1.181818181818182,0.0462211179741615,99,84,12,3,not_evaluated,not_evaluated
"They just don’t make us like they used to, Larry.",1.181818181818182,0.043187853491586,110,93,14,3,not_evaluated,not_evaluated
"9352, 9353, 9354..",1.181818181818182,0.0462211179741615,99,84,12,3,not_evaluated,not_evaluated
That's what happens when you don't wear a scarf.,1.1811023622047243,0.0424492651504915,127,109,13,5,not_evaluated,not_evaluated
Tis but a scratch; I've had worse.,1.1810344827586208,0.0398632180283953,116,97,17,2,not_evaluated,not_evaluated
a chip off the ole block,1.1810344827586208,0.0417013331808545,116,98,15,3,not_evaluated,not_evaluated
Somehow I thought I'd roll with the punches,1.1810344827586208,0.0451536406508175,116,100,11,5,not_evaluated,not_evaluated
"Frosty, the trainer was right; you've got a glass carrot!",1.1810344827586208,0.0417013331808545,116,98,15,3,not_evaluated,not_evaluated
"So, there's this bell, right?",1.1810344827586208,0.0417013331808545,116,98,15,3,not_evaluated,not_evaluated
Parson Brown is going to be very disappointed in you.,1.180952380952381,0.0502392670383971,105,92,7,6,not_evaluated,not_evaluated
Steve should have listened to his mother and worn a scarf that day.,1.180952380952381,0.0401027809111097,105,87,17,1,not_evaluated,not_evaluated
I always assumed we were more sturdily built than that.,1.180952380952381,0.0401027809111097,105,87,17,1,not_evaluated,not_evaluated
Biting my ear off wasn't enough?,1.180952380952381,0.0401027809111097,105,87,17,1,not_evaluated,not_evaluated
The Boleyn.,1.180952380952381,0.0423247353205504,105,88,15,2,not_evaluated,not_evaluated
"Hey, what happened to the Marquis of Northpole rules?",1.180952380952381,0.0483821637528252,105,91,9,5,not_evaluated,not_evaluated
It was supposed to be an exhibition!,1.180952380952381,0.0444357221512696,105,89,13,3,not_evaluated,not_evaluated
Is my nose okay?,1.180952380952381,0.0464508728255456,105,90,11,4,not_evaluated,not_evaluated
That was a real snow blow.,1.180952380952381,0.0444357221512696,105,89,13,3,not_evaluated,not_evaluated
You know I'm really regretting not putting that scarf on now,1.180952380952381,0.0423247353205504,105,88,15,2,not_evaluated,not_evaluated
Always keep your head in the game!,1.180952380952381,0.0423247353205504,105,88,15,2,not_evaluated,not_evaluated
Let's call it a technical knockout. We'd melt if we went 12 rounds.,1.180851063829787,0.0452825238703954,94,79,13,2,not_evaluated,not_evaluated
"Apparently I have a ""head start""...",1.180851063829787,0.0500806166783444,94,81,9,4,not_evaluated,not_evaluated
Fred finally understood Sylvie’s insistence that the scarf tied it all together,1.180851063829787,0.0477418848337401,94,80,11,3,not_evaluated,not_evaluated
"Crap, the sun’s in my eyes.",1.18018018018018,0.0446997411953551,111,95,12,4,not_evaluated,not_evaluated
"Well, it would have melted anyway",1.18018018018018,0.0408713412470327,111,93,16,2,not_evaluated,not_evaluated
"Looks like you're not very familiar with the Marquess of Queensbury boxing rules.""",1.18018018018018,0.0388158005396157,111,92,18,1,not_evaluated,not_evaluated
Sorry.  I didn't mean it when I said I would knock your block off.,1.18018018018018,0.0366451389372597,111,91,20,0,not_evaluated,not_evaluated
Tails.,1.18018018018018,0.0446997411953551,111,95,12,4,not_evaluated,not_evaluated
I always take it off before a fight… and no hitting below the belt either,1.18018018018018,0.0446997411953551,111,95,12,4,not_evaluated,not_evaluated
Maybe we should allow punching below the scarf.,1.18018018018018,0.0408713412470327,111,93,16,2,not_evaluated,not_evaluated
I feel really frosty about this.,1.18018018018018,0.0388158005396157,111,92,18,1,not_evaluated,not_evaluated
My gosh - I didn't mean to hit you THAT hard.,1.18018018018018,0.0428283399063232,111,94,14,3,not_evaluated,not_evaluated
"SH-Sorry, sorry, Don't tell mom, don't tell mom!!",1.18018018018018,0.0446997411953551,111,95,12,4,not_evaluated,not_evaluated
It might as well be spring.,1.18,0.0435310176190437,100,84,14,2,not_evaluated,not_evaluated
Hey! We agreed no head-butting!,1.18,0.0435310176190437,100,84,14,2,not_evaluated,not_evaluated
It's really my arms that are more of a problem.,1.18,0.041145221993924,100,83,16,1,not_evaluated,not_evaluated
Now let’s see you get to a neutral corner.,1.18,0.045792681696639,100,85,12,3,not_evaluated,not_evaluated
That didn't hurt,1.18,0.0479477830456205,100,86,10,4,not_evaluated,not_evaluated
I'm losing my mind over this climate change thing,1.18,0.0435310176190437,100,84,14,2,not_evaluated,not_evaluated
I'll never use child labor again,1.1798561151079137,0.0398775607064169,139,119,15,5,not_evaluated,not_evaluated
"I coulda been a contender, 
I coulda been somebody instead of just a nobody.",1.1797752808988764,0.0494138207127139,89,76,10,3,not_evaluated,not_evaluated
"Great, now I have to enter concussion protocols.",1.1797752808988764,0.0494138207127139,89,76,10,3,not_evaluated,not_evaluated
Seems like a bit of an overreaction to a comment about your nose.”,1.1797752808988764,0.0439431501784053,89,74,14,1,not_evaluated,not_evaluated
They ran that way dang it,1.1797752808988764,0.0467585613820085,89,75,12,2,not_evaluated,not_evaluated
keep your head up,1.1796875,0.0435754303328256,128,111,11,6,not_evaluated,not_evaluated
Let me give you a heads up.,1.1796875,0.0421400834435333,128,110,13,5,not_evaluated,not_evaluated
I don’t think you have your head in the game.,1.1794871794871795,0.0479699664971018,117,103,7,7,not_evaluated,not_evaluated
You barely punched me.  This minor head dislocation can only be attributed to global warming.,1.1794871794871795,0.0413723194953115,117,99,15,3,not_evaluated,not_evaluated
Merely a head wound!,1.1794871794871795,0.0413723194953115,117,99,15,3,not_evaluated,not_evaluated
“I never thought I’d see a cold day in Hell!”,1.1794871794871795,0.0447927812607969,117,101,11,5,not_evaluated,not_evaluated
"Oh, that's what High Noon looks like.",1.1794871794871795,0.0413723194953115,117,99,15,3,not_evaluated,not_evaluated
"'Sorry, I didn't mean it when I said your mother was an icicle!'",1.1794871794871795,0.0431164821935865,117,100,13,4,not_evaluated,not_evaluated
"I said let's have a ball, not knock my head off!",1.179245283018868,0.0479539495543939,106,92,9,5,not_evaluated,not_evaluated
No need to fight for the scarf anymore.,1.179245283018868,0.0440476133204858,106,90,13,3,not_evaluated,not_evaluated
You can’t face me!,1.179245283018868,0.0460422279928784,106,91,11,4,not_evaluated,not_evaluated
"I told you not to sing ""Frosty the Snowman.""",1.179245283018868,0.0460422279928784,106,91,11,4,not_evaluated,not_evaluated
"Lacking the spine to follow through, Frosty lost his head.",1.1789473684210523,0.0448437560484542,95,80,13,2,not_evaluated,not_evaluated
"Not to disparage your win, but is that Ice Melt on your glove?",1.1789473684210523,0.0422729025594385,95,79,15,1,not_evaluated,not_evaluated
"That's just a decoy, the rest of me is buried in the snow. I'm pretending I'm at the beach.",1.1789473684210523,0.0448437560484542,95,80,13,2,not_evaluated,not_evaluated
That punch knocked me cold.,1.1789473684210523,0.0422729025594385,95,79,15,1,not_evaluated,not_evaluated
"I probably shouldn'ta said, ""Knock it off with the trash talk.""",1.1789473684210523,0.0395352263818775,95,78,17,0,not_evaluated,not_evaluated
I don't remember this in Frosty the Snowman.,1.1789473684210523,0.0495872038735825,95,82,9,4,not_evaluated,not_evaluated
Hmmm...that was easier than expected!,1.1789473684210523,0.0422729025594385,95,79,15,1,not_evaluated,not_evaluated
"I said, ""give me your best shot, not take my head off!",1.1789473684210523,0.0448437560484542,95,80,13,2,not_evaluated,not_evaluated
"Once again, Larry was caught cold in the first round.",1.1789473684210523,0.0422729025594385,95,79,15,1,not_evaluated,not_evaluated
I feel my head's just not in the game today.,1.1789473684210523,0.0517962832038527,95,83,7,5,not_evaluated,not_evaluated
My wife might be right. I need to grow a backbone.,1.1789473684210523,0.0448437560484542,95,80,13,2,not_evaluated,not_evaluated
I guess it wasn't just a taunt.,1.1788617886178865,0.0400461554401195,123,104,16,3,not_evaluated,not_evaluated
It's obviously the stocking cap!,1.1788617886178865,0.0416770270875817,123,105,14,4,not_evaluated,not_evaluated
"From here on in, it's all uppercuts.",1.1788617886178865,0.0383459847208207,123,103,18,2,not_evaluated,not_evaluated
You just wait 'till March!,1.1788617886178865,0.0432464404105566,123,106,12,5,not_evaluated,not_evaluated
I guess I’m not The Great White Hope.,1.1785714285714286,0.0405367099985996,112,94,16,2,not_evaluated,not_evaluated
I think I'll melt down to welterweight.,1.1785714285714286,0.0424746985673321,112,95,14,3,not_evaluated,not_evaluated
And you thought you could show Sonny Liston a thing or two!,1.1785714285714286,0.0424746985673321,112,95,14,3,not_evaluated,not_evaluated
Oops. I was going for the hat.,1.1785714285714286,0.0405367099985996,112,94,16,2,not_evaluated,not_evaluated
"Yeah, but you look stupid from this angle.",1.1785714285714286,0.0424746985673321,112,95,14,3,not_evaluated,not_evaluated
I think I'm going to head out now.,1.1785714285714286,0.0424746985673321,112,95,14,3,not_evaluated,not_evaluated
"Wait, my mind wasn't there. Let's start again!",1.1785714285714286,0.0405367099985996,112,94,16,2,not_evaluated,not_evaluated
"I may have gotten cold-cocked, but I'm still ahead.",1.1782178217821782,0.0431346948728553,101,85,14,2,not_evaluated,not_evaluated
"That's a ""knock off.""",1.1782178217821782,0.0431346948728553,101,85,14,2,not_evaluated,not_evaluated
"Wow, That Was Some Climate Changeup!",1.1782178217821782,0.0475041209342382,101,87,10,4,not_evaluated,not_evaluated
What are you going to do? Melt on me?,1.1782178217821782,0.0431346948728553,101,85,14,2,not_evaluated,not_evaluated
Not fair! You packed your gloves with ice.,1.1782178217821782,0.040774772835592,101,84,16,1,not_evaluated,not_evaluated
Whenever you're ready,1.1782178217821782,0.0475041209342382,101,87,10,4,not_evaluated,not_evaluated
The lack of dignity is hardest to bear.,1.1782178217821782,0.0453720365837212,101,86,12,3,not_evaluated,not_evaluated
Timeout until Billy gets home from school to patch me up.,1.1782178217821782,0.040774772835592,101,84,16,1,not_evaluated,not_evaluated
a complete knock off,1.1779661016949152,0.042776579033124,118,101,13,4,not_evaluated,not_evaluated
"Cold-hearted, Bro.",1.1779661016949152,0.0444375996811407,118,102,11,5,not_evaluated,not_evaluated
I need to get my head in the game.,1.1779661016949152,0.0410484002384124,118,100,15,3,not_evaluated,not_evaluated
"""Hey!  I'm over here!""",1.1779661016949152,0.0410484002384124,118,100,15,3,not_evaluated,not_evaluated
"Hey, I said that you could wear my hat!",1.1779661016949152,0.0392441920605926,118,99,17,2,not_evaluated,not_evaluated
This headgear isn't working.,1.1779661016949152,0.0373529390924525,118,98,19,1,not_evaluated,not_evaluated
"Sorry, I am feeling a bit lightheaded today.",1.1779661016949152,0.0410484002384124,118,100,15,3,not_evaluated,not_evaluated
"Some think boxing is mostly physical but, for me, it’s mostly in my head",1.1779661016949152,0.042776579033124,118,101,13,4,not_evaluated,not_evaluated
I'm sorry I said you were hoary.,1.1779661016949152,0.0410484002384124,118,100,15,3,not_evaluated,not_evaluated
No problem. It's just a flesh wound.,1.1777777777777778,0.0489025063318591,90,77,10,3,not_evaluated,not_evaluated
Maybe I trained too much on my footwork,1.1777777777777778,0.0434980384070691,90,75,14,1,not_evaluated,not_evaluated
I didn't do it Honest!  I was just standing here!,1.1777777777777778,0.0462792311453009,90,76,12,2,not_evaluated,not_evaluated
Your heads not even in the game,1.1777777777777778,0.0434980384070691,90,75,14,1,not_evaluated,not_evaluated
"I must say, Edgar, your left mitten has improved considerably.",1.1777777777777778,0.0462792311453009,90,76,12,2,not_evaluated,not_evaluated
"Body work, I said to focus on body work!",1.1775700934579438,0.0415980465952582,107,90,15,2,not_evaluated,not_evaluated
They said you had no fist in your glove.,1.1775700934579438,0.0456406503793667,107,92,11,4,not_evaluated,not_evaluated
''I didn't hit the body yet but the head still fell',1.1775700934579438,0.0415980465952582,107,90,15,2,not_evaluated,not_evaluated
I’m guessing this is the winter of your discontent.,1.1775700934579438,0.0436661565035947,107,91,13,3,not_evaluated,not_evaluated
"If the fight was to end right now, I'd be a head.",1.1775700934579438,0.0436661565035947,107,91,13,3,not_evaluated,not_evaluated
"That's a snow blow, Jim.",1.1775700934579438,0.0415980465952582,107,90,15,2,not_evaluated,not_evaluated
This game is just mindless.,1.1775700934579438,0.0436661565035947,107,91,13,3,not_evaluated,not_evaluated
"So THAT's what ""bumpity bump bump""  means.",1.1775700934579438,0.0475331958772681,107,93,9,5,not_evaluated,not_evaluated
Not a snowball’s chance in hell I’ll work through these attachment issues.,1.1774193548387095,0.0444218433886578,124,108,10,6,not_evaluated,not_evaluated
I coulda been a contender!,1.1770833333333333,0.0444133091782603,96,81,13,2,not_evaluated,not_evaluated
Huh. Get hit hard enough and you really do see stars.,1.1770833333333333,0.0512877838184284,96,84,7,5,not_evaluated,not_evaluated
That’s a nasty left mitten-on-a-stick you’ve got there.,1.1770833333333333,0.0468170938630088,96,82,11,3,not_evaluated,not_evaluated
"You used to be such a happy, jolly soul. What happened?",1.1770833333333333,0.0491033453380909,96,83,9,4,not_evaluated,not_evaluated
Did you say go?,1.1770833333333333,0.0468170938630088,96,82,11,3,not_evaluated,not_evaluated
"I'll never give you the hat. I'm taking it to my grave, sucka.",1.176991150442478,0.0402074434735505,113,95,16,2,not_evaluated,not_evaluated
"Keep your head, Frank!",1.176991150442478,0.0381917621717523,113,94,18,1,not_evaluated,not_evaluated
Come spring you're in for a big surprise yourself.,1.176991150442478,0.0457244130565278,113,98,10,5,not_evaluated,not_evaluated
"Okay, round one to you.",1.176991150442478,0.0457244130565278,113,98,10,5,not_evaluated,not_evaluated
Remember we agreed.  No body blows.,1.176991150442478,0.0421267886691334,113,96,14,3,not_evaluated,not_evaluated
"You say you’ve won. I say, things are only looking up for me.",1.176991150442478,0.0402074434735505,113,95,16,2,not_evaluated,not_evaluated
"What a pity…
A hat would indeed complete me.",1.176923076923077,0.0369779457154703,130,109,19,2,not_evaluated,not_evaluated
Knocking your block off was always just a figure of speech,1.1764705882352942,0.0404108311699465,102,85,16,1,not_evaluated,not_evaluated
I'm just happy we're in Scorsese's yard and not Lars Von Triers's.,1.1764705882352942,0.0404108311699465,102,85,16,1,not_evaluated,not_evaluated
That wasn't a knock down. It was a meltdown!,1.1764705882352942,0.047857370340045,85,72,11,2,not_evaluated,not_evaluated
"Head down, keep your head dow...ah!",1.1764705882352942,0.0440879641872274,119,103,11,5,not_evaluated,not_evaluated
A surprising end to the Thrilla in the Chilla,1.1764705882352942,0.042745436441927,102,86,14,2,not_evaluated,not_evaluated
Coldcocked before the bell,1.1764705882352942,0.0490875087869156,102,89,8,5,not_evaluated,not_evaluated
OOPS. SORRY. I ONLY MEANT THAT FIGURATIVELY,1.1764705882352942,0.0407294596033356,119,101,15,3,not_evaluated,not_evaluated
Ten-second rule?,1.1764705882352942,0.047857370340045,85,72,11,2,not_evaluated,not_evaluated
"Put your head back on, I'm on a roll here.",1.1764705882352942,0.0449589746032504,102,87,12,3,not_evaluated,not_evaluated
Just wanted to give you a heads up.,1.1764705882352942,0.0424419454417089,119,102,13,4,not_evaluated,not_evaluated
But I told you that my head hadn't set yet!,1.1764705882352942,0.0404108311699465,102,85,16,1,not_evaluated,not_evaluated
I curse the cartoonist who made my life meaningless!,1.1764705882352942,0.0407294596033356,119,101,15,3,not_evaluated,not_evaluated
"You can keep going through the motions, but, face it, I've already won by a knock-off.",1.1764705882352942,0.0370678994951864,119,99,19,1,not_evaluated,not_evaluated
frozen 3- do you want to womp a snowman- coming this Christmas,1.1764705882352942,0.0506995063159608,85,73,9,3,not_evaluated,not_evaluated
So much for “The Great White Hope”.,1.1764705882352942,0.0404108311699465,102,85,16,1,not_evaluated,not_evaluated
I didn’t hear no bell. One more round.,1.176,0.039454342743104,125,106,16,3,not_evaluated,not_evaluated
Now that's a head-fake.,1.1759259259259258,0.0432911842775757,108,92,13,3,not_evaluated,not_evaluated
"Give up, you don’t have a snowball's chance.",1.1759259259259258,0.0452459600703005,108,93,11,4,not_evaluated,not_evaluated
Not Fair!  You knew I was melting!,1.1759259259259258,0.0412438646301096,108,91,15,2,not_evaluated,not_evaluated
Stop whining. You were always a sucker for a left hook.,1.1759259259259258,0.0432911842775757,108,92,13,3,not_evaluated,not_evaluated
Now we know why spines evolved.,1.1759259259259258,0.0452459600703005,108,93,11,4,not_evaluated,not_evaluated
"When I get my head back on I'm gonna whup your ass, Clyde!",1.1759259259259258,0.0471197110476225,108,94,9,5,not_evaluated,not_evaluated
'Tis but a mere flakewound.,1.175824175824176,0.0458095185373288,91,77,12,2,not_evaluated,not_evaluated
Well... at least I'm not melting...,1.175824175824176,0.0401261946890231,91,75,16,0,not_evaluated,not_evaluated
No sense in losing your head over this!,1.175824175824176,0.0430617201749028,91,76,14,1,not_evaluated,not_evaluated
Now you’ve really done it,1.175824175824176,0.0484015726275719,91,78,10,3,not_evaluated,not_evaluated
My eye!  It burns!,1.175824175824176,0.0508616995097722,91,79,8,4,not_evaluated,not_evaluated
Mom was right.  You'll never get ahead.,1.1754385964912282,0.0436027252080136,114,98,12,4,not_evaluated,not_evaluated
"No, I’m not seeing stars. Cool clouds, though.",1.1754385964912282,0.0378870883044687,114,95,18,1,not_evaluated,not_evaluated
"DING, DING, DING!  (announcer) ""...and as the final bell rings, Frosty takes another header into the snow!""",1.1754385964912282,0.0417844737963824,114,97,14,3,not_evaluated,not_evaluated
Apologies to Bill Watterson.,1.1754385964912282,0.0436027252080136,114,98,12,4,not_evaluated,not_evaluated
You said you would wait til spring,1.1754385964912282,0.0436027252080136,114,98,12,4,not_evaluated,not_evaluated
"If we come from clouds, then why are there still clouds?",1.1754385964912282,0.0378870883044687,114,95,18,1,not_evaluated,not_evaluated
Ready ?,1.1754385964912282,0.0398834157929782,114,96,16,2,not_evaluated,not_evaluated
"I really don't know what made us think this was a better idea than playing ""got your nose"".",1.1754385964912282,0.0417844737963824,114,97,14,3,not_evaluated,not_evaluated
"I told you the goal is a Knock Out,
 not a Knock Off!",1.1754385964912282,0.0357795481394836,114,94,20,0,not_evaluated,not_evaluated
Just let it cool off for a bit.,1.175257731958763,0.043990952283478,97,82,13,2,not_evaluated,not_evaluated
I want my scarf back.  Now.,1.175257731958763,0.043990952283478,97,82,13,2,not_evaluated,not_evaluated
A little help please,1.175257731958763,0.0486287687219412,97,84,9,4,not_evaluated,not_evaluated
Damn Global Warming!,1.175257731958763,0.0414780333490491,97,81,15,1,not_evaluated,not_evaluated
"Let’s go, get me back up there before that pesky dog comes around…",1.175257731958763,0.043990952283478,97,82,13,2,not_evaluated,not_evaluated
Glass snow jaw.,1.175257731958763,0.043990952283478,97,82,13,2,not_evaluated,not_evaluated
"You said "" knock it off, correct?""s",1.175257731958763,0.043990952283478,97,82,13,2,not_evaluated,not_evaluated
I blame my maker.,1.175,0.0496028531233303,80,68,10,2,not_evaluated,not_evaluated
Two out of three?,1.174757281553398,0.0466407922327535,103,89,10,4,not_evaluated,not_evaluated
Now who's the snowflake?,1.174757281553398,0.0486387798901087,103,90,8,5,not_evaluated,not_evaluated
"Gee Frosty, I didn’t mean it…",1.174757281553398,0.0486387798901087,103,90,8,5,not_evaluated,not_evaluated
That right hook was truly abominable.,1.174757281553398,0.0423630579856997,103,87,14,2,not_evaluated,not_evaluated
I don’t think we thought this through.,1.174757281553398,0.0400532304914372,103,86,16,1,not_evaluated,not_evaluated
I thought you said to protect my body and keep my head down!,1.174757281553398,0.0423630579856997,103,87,14,2,not_evaluated,not_evaluated
How about we go for a double header?,1.174757281553398,0.0400532304914372,103,86,16,1,not_evaluated,not_evaluated
Global warming my ass,1.174757281553398,0.0423630579856997,103,87,14,2,not_evaluated,not_evaluated
It's actually quite peaceful lying here.,1.174757281553398,0.0466407922327535,103,89,10,4,not_evaluated,not_evaluated
I’ll be fine! Just lost my head for a minute!,1.174757281553398,0.0445532949510955,103,88,12,3,not_evaluated,not_evaluated
"My coach was right,you have to keep a cool head to win.",1.174757281553398,0.0466407922327535,103,89,10,4,not_evaluated,not_evaluated
"Sorry, Frosty, but I’ll take that hat now.",1.174757281553398,0.0445532949510955,103,88,12,3,not_evaluated,not_evaluated
"``Enjoy the knockout, Rocky. Tomorrow's going to be 68.''",1.174757281553398,0.0486387798901087,103,90,8,5,not_evaluated,not_evaluated
Global warming is really kicking our ass,1.174757281553398,0.0423630579856997,103,87,14,2,not_evaluated,not_evaluated
It's not even a flesh wound.,1.1746031746031746,0.0391648774940727,126,107,16,3,not_evaluated,not_evaluated
See? Thats why humans have necks,1.1746031746031746,0.0391648774940727,126,107,16,3,not_evaluated,not_evaluated
Let's go Monty it's just a flesh wound,1.1744186046511629,0.0473421069773522,86,73,11,2,not_evaluated,not_evaluated
"You didn’t win, I melted away!",1.1744186046511629,0.0528059723467912,86,75,7,4,not_evaluated,not_evaluated
Now we really aren't in the same weight class.,1.1743119266055049,0.0387627998814098,109,91,17,1,not_evaluated,not_evaluated
"When your kids are stuck at home for a snow day but you're still virtually commuting, it's really capitalism that's winning.",1.1743119266055049,0.0429225347021963,109,93,13,3,not_evaluated,not_evaluated
I blame Climate Change.,1.1743119266055049,0.0408955904707798,109,92,15,2,not_evaluated,not_evaluated
I most certainly am ahead!,1.1743119266055049,0.0448579831308626,109,94,11,4,not_evaluated,not_evaluated
"I could see that upper cut coming, but danm, I was frozen",1.1743119266055049,0.0467133098364509,109,95,9,5,not_evaluated,not_evaluated
The sky looks much better from here!,1.1743119266055049,0.0408955904707798,109,92,15,2,not_evaluated,not_evaluated
I don't know what happened. I'm sorry... I just lost my head!!,1.1743119266055049,0.0408955904707798,109,92,15,2,not_evaluated,not_evaluated
That's some arm!,1.1743119266055049,0.0408955904707798,109,92,15,2,not_evaluated,not_evaluated
You could never have done that if it weren’t for global warming.,1.1742424242424243,0.0395092087480598,132,113,15,4,not_evaluated,not_evaluated
Don’t lose your cool,1.173913043478261,0.0453491410020727,92,78,12,2,not_evaluated,not_evaluated
"I said, “Wait! My scarf!”",1.173913043478261,0.0375871619943746,115,96,18,1,not_evaluated,not_evaluated
There must have been no magic in that old silk hat they found.,1.173913043478261,0.0453491410020727,92,78,12,2,not_evaluated,not_evaluated
The sky…it looks so nice.,1.173913043478261,0.0426339424213443,92,77,14,1,not_evaluated,not_evaluated
Hey...not fair. I was in the sun!,1.173913043478261,0.0479107100016816,92,79,10,3,not_evaluated,not_evaluated
I thought  'Gonna knock your head off' was just a hyperbolic cliche.,1.173913043478261,0.0503421063932034,92,80,8,4,not_evaluated,not_evaluated
It's the best way I've found to avoid a knockout.,1.173913043478261,0.0503421063932034,92,80,8,4,not_evaluated,not_evaluated
I feel strangely light-headed.”,1.173913043478261,0.0479107100016816,92,79,10,3,not_evaluated,not_evaluated
What do you say we go best two out of three seasons?,1.173913043478261,0.0426339424213443,92,77,14,1,not_evaluated,not_evaluated
Grab some cauliflower for my ear,1.173913043478261,0.039564504901339,115,97,16,2,not_evaluated,not_evaluated
"You wouldn’t hit a guy who only has two balls, wouldja?",1.173913043478261,0.0503421063932034,92,80,8,4,not_evaluated,not_evaluated
I told you to knock my socks off,1.1736111111111112,0.0359814404253181,144,122,19,3,not_evaluated,not_evaluated
"Oh shit, it looks like rain",1.1735537190082646,0.0401060679621518,121,103,15,3,not_evaluated,not_evaluated
No worry. Come spring this won't have mattered.,1.1735537190082646,0.0401060679621518,121,103,15,3,not_evaluated,not_evaluated
"Just wait, you'll be a puddle just like me.",1.1735537190082646,0.043404824398316,121,105,11,5,not_evaluated,not_evaluated
"That uppercut is ""snow"" joke hahaha... but actually I'm still seeing stars",1.173469387755102,0.0502999841767414,98,86,7,5,not_evaluated,not_evaluated
That's quite a flurry.,1.173469387755102,0.0410915400694743,98,82,15,1,not_evaluated,not_evaluated
"I love the passion, but maybe you dial it back just a bit for the next round.",1.173469387755102,0.0410915400694743,98,82,15,1,not_evaluated,not_evaluated
I say it’s a technical knockout!,1.173469387755102,0.0481632118162361,98,85,9,4,not_evaluated,not_evaluated
"Okay, ready... just give me a sec...",1.173469387755102,0.0435764626949689,98,83,13,2,not_evaluated,not_evaluated
These children have a cruel sense of humor.,1.173469387755102,0.0459271329034463,98,84,11,3,not_evaluated,not_evaluated
I knew I shouldn’t have worn this hat.,1.1730769230769231,0.0441548037461247,104,89,12,3,not_evaluated,not_evaluated
I can do “Hands Up” but not “Heads Up”,1.1730769230769231,0.0462207008952147,104,90,10,4,not_evaluated,not_evaluated
"Com'on, you promised to give me a head's UP!",1.1730769230769231,0.0441548037461247,104,89,12,3,not_evaluated,not_evaluated
Two out of three wins?,1.1730769230769231,0.0397018097709232,104,87,16,1,not_evaluated,not_evaluated
"Oops. You OK?""",1.1730769230769231,0.0462207008952147,104,90,10,4,not_evaluated,not_evaluated
That's illegal.  I'm calling ICE.,1.1730769230769231,0.0441548037461247,104,89,12,3,not_evaluated,not_evaluated
Mike Tyson was right. I have no plan.,1.1730769230769231,0.041987381395756,104,88,14,2,not_evaluated,not_evaluated
Winter is almost over. Let's pick this up next season.,1.1730769230769231,0.0397018097709232,104,87,16,1,not_evaluated,not_evaluated
"You bloke, that was my head!!",1.1730769230769231,0.0397018097709232,104,87,16,1,not_evaluated,not_evaluated
I guess that kickboxing class was a bad idea.,1.1730769230769231,0.0441548037461247,104,89,12,3,not_evaluated,not_evaluated
I have not yet begun to fight.,1.1730769230769231,0.041987381395756,104,88,14,2,not_evaluated,not_evaluated
It’s not a knockout till my butt is on the ground!,1.1728395061728396,0.0490342644647789,81,69,10,2,not_evaluated,not_evaluated
"They kept saying, “you don’t have a glass jaw, you’ll be great!” I kept saying, “I don’t think that’s the issue.”",1.1727272727272726,0.0362069183392922,110,91,19,0,not_evaluated,not_evaluated
That felt like a bee,1.1727272727272726,0.0425600511020212,110,94,13,3,not_evaluated,not_evaluated
Now let me show you my Nor'Easter...,1.1727272727272726,0.0405530797648443,110,93,15,2,not_evaluated,not_evaluated
"House, MD. Season 9 cold open.",1.1727272727272726,0.0425600511020212,110,94,13,3,not_evaluated,not_evaluated
Well you did say you were going to knock my block off.,1.1724137931034482,0.0392505924266361,116,98,16,2,not_evaluated,not_evaluated
"I am sorta regretting my ""snowballs chance in hell"" remark right about now.",1.1724137931034482,0.0468377070002293,87,74,11,2,not_evaluated,not_evaluated
"You can’t blame global warming for this one, Bill.",1.1724137931034482,0.0372918753666351,116,97,18,1,not_evaluated,not_evaluated
I thought global warming was my biggest threat.,1.1724137931034482,0.0468377070002293,87,74,11,2,not_evaluated,not_evaluated
Remember the time I found your eyes for you?,1.1724137931034482,0.043891486539845,87,73,13,1,not_evaluated,not_evaluated
Now that's a flurry of punches.,1.1721311475409837,0.0398014019704132,122,104,15,3,not_evaluated,not_evaluated
I told you I would knock your head off.,1.1721311475409837,0.0380613794012582,122,103,17,2,not_evaluated,not_evaluated
I'm blaming global warming.,1.1721311475409837,0.0414684771325678,122,105,13,4,not_evaluated,not_evaluated
"If you help me up, I’ll promise to go easy on you next round.",1.1721311475409837,0.0430710760554945,122,106,11,5,not_evaluated,not_evaluated
I’m thinking maybe there is another sport that would benefit from my flexibility.,1.1721311475409837,0.0414684771325678,122,105,13,4,not_evaluated,not_evaluated
Wow!  I got caught cold!,1.1720430107526882,0.0474296208855697,93,80,10,3,not_evaluated,not_evaluated
"You really ARE the Abominable Snowman, aren't you.",1.1720430107526882,0.0474296208855697,93,80,10,3,not_evaluated,not_evaluated
I warned you that you were choosing fashion over function with that hat.,1.1720430107526882,0.0474296208855697,93,80,10,3,not_evaluated,not_evaluated
Not fair! My arms are douglas fir. Yours are mahogany.,1.1720430107526882,0.0448978267475418,93,79,12,2,not_evaluated,not_evaluated
"Well, I still think Robert Frost is overrated.",1.1720430107526882,0.0474296208855697,93,80,10,3,not_evaluated,not_evaluated
"I liked that head…If I had to lose it, I’m glad I lost it to you.",1.1720430107526882,0.0474296208855697,93,80,10,3,not_evaluated,not_evaluated
I'm warming up.,1.1720430107526882,0.0448978267475418,93,79,12,2,not_evaluated,not_evaluated
I thought you were made of colder stuff than that.,1.1720430107526882,0.0474296208855697,93,80,10,3,not_evaluated,not_evaluated
I never realized how big the sky is.,1.1720430107526882,0.0474296208855697,93,80,10,3,not_evaluated,not_evaluated
THIS is why I suggested a thumb war Hank,1.1720430107526882,0.0474296208855697,93,80,10,3,not_evaluated,not_evaluated
You chose correctly. The scarf does give you superpowers.,1.1720430107526882,0.0422144614552371,93,78,14,1,not_evaluated,not_evaluated
That's why you should always wear a scarf.,1.171875,0.0401605032177235,128,110,14,4,not_evaluated,not_evaluated
Wonder if Parson Brown does Last Rites.,1.1717171717171715,0.0477064220918226,99,86,9,4,not_evaluated,not_evaluated
I told you I had an Ice jaw!,1.1717171717171715,0.0454946111700849,99,85,11,3,not_evaluated,not_evaluated
"You win. Here's your beanie back. Now, come and get it!",1.1717171717171715,0.0477064220918226,99,86,9,4,not_evaluated,not_evaluated
I've knocked your iceblock off.,1.1717171717171715,0.0431696256901921,99,84,13,2,not_evaluated,not_evaluated
"So, you’re saying I don’t have a snowball’s chance?",1.1717171717171715,0.0431696256901921,99,84,13,2,not_evaluated,not_evaluated
"“Well, I didn’t lose my hat. At least that.”",1.1717171717171715,0.0407120807493964,99,83,15,1,not_evaluated,not_evaluated
Still life,1.1717171717171715,0.0454946111700849,99,85,11,3,not_evaluated,not_evaluated
Oh great. You know I’m supposed to do a wedding today. How’s that going to work?,1.1717171717171715,0.0407120807493964,99,83,15,1,not_evaluated,not_evaluated
Oh great. Here comes that leg lifting Lab,1.1717171717171715,0.0431696256901921,99,84,13,2,not_evaluated,not_evaluated
"More like ""Frosty the SlowMan!""",1.1717171717171715,0.0454946111700849,99,85,11,3,not_evaluated,not_evaluated
I didn't believe in climate change until it affected me personally.,1.1717171717171715,0.0407120807493964,99,83,15,1,not_evaluated,not_evaluated
"If you wanted my cap that badly, go pick it up.",1.1717171717171715,0.0431696256901921,99,84,13,2,not_evaluated,not_evaluated
That kid has a warped sense of humor.,1.1717171717171715,0.0431696256901921,99,84,13,2,not_evaluated,not_evaluated
Am I allowed to eat you now?,1.1717171717171715,0.0431696256901921,99,84,13,2,not_evaluated,not_evaluated
At least I landed nose-up.,1.1714285714285717,0.0416182345416424,105,89,14,2,not_evaluated,not_evaluated
"Don't know when to retire, do you?",1.1714285714285717,0.0416182345416424,105,89,14,2,not_evaluated,not_evaluated
Sorry! The kids will roll you another one.,1.1714285714285717,0.0458080540152441,105,91,10,4,not_evaluated,not_evaluated
I knew I should've warmed up first.,1.1714285714285717,0.0416182345416424,105,89,14,2,not_evaluated,not_evaluated
"OK you win !
It’ my turn to take out the trash !",1.1714285714285717,0.0458080540152441,105,91,10,4,not_evaluated,not_evaluated
"My carrot nose didn't help, but I blame my glass jaw most.",1.1714285714285717,0.0437633137400876,105,90,12,3,not_evaluated,not_evaluated
I hollared stop.,1.1714285714285717,0.0393564132412111,105,88,16,1,not_evaluated,not_evaluated
"Yeah, looks like snow clouds. Say,can we check the weather a different way next time?",1.1714285714285717,0.0437633137400876,105,90,12,3,not_evaluated,not_evaluated
"You got 1 out of 3, let’s go again.",1.1714285714285717,0.0437633137400876,105,90,12,3,not_evaluated,not_evaluated
Is that a hole in one?,1.1711711711711712,0.0422035818584496,111,95,13,3,not_evaluated,not_evaluated
I really don't see the humor in this!,1.1711711711711712,0.0459210479985288,111,97,9,5,not_evaluated,not_evaluated
Rock em Sock Snowmen my Butt!  How do I get it back on?,1.1711711711711712,0.0422035818584496,111,95,13,3,not_evaluated,not_evaluated
"See, I knocked you out cold.",1.170940170940171,0.0458900232812305,117,103,8,6,not_evaluated,not_evaluated
"Don't blame me, global warming did it.",1.170940170940171,0.0389415635464339,117,99,16,2,not_evaluated,not_evaluated
Okay… “Uncle”?,1.170940170940171,0.0407897975941127,117,100,14,3,not_evaluated,not_evaluated
"Uhh, I'm new at this. Does that mean you concede?",1.170731707317073,0.0484784385365808,82,70,10,2,not_evaluated,not_evaluated
I'm sorry. I don't even know why I'm wearing these gloves. It occurs to me that the system might be pitting us against each other.,1.170731707317073,0.0442740503358665,123,108,9,6,not_evaluated,not_evaluated
But honey all I said was that you had a few more buttons this year.,1.1704545454545454,0.0490814021910268,88,76,9,3,not_evaluated,not_evaluated
What? I’m icing it.,1.1704545454545454,0.0434340649874026,88,74,13,1,not_evaluated,not_evaluated
Thought you said if I was a couple of inches taller I'd be a knockout!!!,1.1703703703703705,0.0357200910166503,135,114,19,2,not_evaluated,not_evaluated
That was a snow melt! Not an illegal punch!,1.1702127659574468,0.0444553142500922,94,80,12,2,not_evaluated,not_evaluated
"Oh, knock it off!",1.1702127659574468,0.0469580191711663,94,81,10,3,not_evaluated,not_evaluated
Don't underestimate a good head fake.,1.1702127659574468,0.0469580191711663,94,81,10,3,not_evaluated,not_evaluated
"Now that was a bit Frosty of you, wasn't it?",1.17,0.0403394686042432,100,84,15,1,not_evaluated,not_evaluated
Too hard?,1.17,0.0427702341505506,100,85,13,2,not_evaluated,not_evaluated
That’s not exactly what I had in mind when I asked for tips on how I could make weight.,1.17,0.0450700913168936,100,86,11,3,not_evaluated,not_evaluated
At least now you know why you shouldn’t pee in the snow!,1.17,0.047258156262526,100,87,9,4,not_evaluated,not_evaluated
I’m sure there’s a “can’t get it up” joke in here somewhere.,1.17,0.0450700913168936,100,86,11,3,not_evaluated,not_evaluated
"The “Thilla in Vanilla.”
Six rounds.",1.17,0.0427702341505506,100,85,13,2,not_evaluated,not_evaluated
"That jab was perfect!, So, what now?",1.17,0.047258156262526,100,87,9,4,not_evaluated,not_evaluated
I thought dad was talking about work when he said heads will roll.,1.169811320754717,0.0433786440415932,106,91,12,3,not_evaluated,not_evaluated
"That was not your punch, it is global warming.",1.169811320754717,0.0473402133235748,106,93,8,5,not_evaluated,not_evaluated
Ever since climate change I’ve had to deal with this “glass” head!,1.169811320754717,0.0412554510285621,106,90,14,2,not_evaluated,not_evaluated
Now there was no need to lose your head over this disagreement.,1.1696428571428572,0.0398847939908136,112,95,15,2,not_evaluated,not_evaluated
I miss Calvin & Hobbes also.,1.1696428571428572,0.0437326778672421,112,97,11,4,not_evaluated,not_evaluated
"The blue sky is lovely, but I can't see your face.",1.1696428571428572,0.0455348468133486,112,98,9,5,not_evaluated,not_evaluated
"Little did he know, the thaw would be quick and efficient",1.1696428571428572,0.0398847939908136,112,95,15,2,not_evaluated,not_evaluated
"Get your head in the game, Michael",1.1696428571428572,0.0398847939908136,112,95,15,2,not_evaluated,not_evaluated
Hey!!...  No punching above the scarf!!,1.1694915254237288,0.0404685808127088,118,101,14,3,not_evaluated,not_evaluated
Is this a knock out or a white out?,1.1694915254237288,0.0404685808127088,118,101,14,3,not_evaluated,not_evaluated
Can't wait until the kid comes back and finishes me off.,1.1694915254237288,0.042220499578273,118,102,12,4,not_evaluated,not_evaluated
Now will you give me back my hat?,1.1694915254237288,0.03863730685944,118,100,16,2,not_evaluated,not_evaluated
"I said 'bob and weave,'",1.1694915254237288,0.0404685808127088,118,101,14,3,not_evaluated,not_evaluated
"I think that would be a TKO, a Technical Knock Off",1.1693548387096775,0.0392056153777788,124,106,15,3,not_evaluated,not_evaluated
I thought we agreed to nothing above the scarf.,1.1685393258426966,0.0399052601749081,89,74,15,0,not_evaluated,not_evaluated
‘Told ‘ you this wouldn’t work!!,1.1685393258426966,0.0458601681140994,89,76,11,2,not_evaluated,not_evaluated
I hate it when you want to play Rock'em - Sock'em Robots.,1.1685393258426966,0.042985955898878,89,75,13,1,not_evaluated,not_evaluated
I'm going to liquidate  you.,1.1685393258426966,0.0511261210075614,89,78,7,4,not_evaluated,not_evaluated
January is too early in the season for a midlife crisis.,1.168421052631579,0.0440213517849932,95,81,12,2,not_evaluated,not_evaluated
Joke's on you!  Phil didn't see his shadow!!,1.168421052631579,0.0464956296732457,95,82,10,3,not_evaluated,not_evaluated
"Influence that, bee-atch",1.168421052631579,0.0413994595042573,95,80,14,1,not_evaluated,not_evaluated
The Headless Snowman rides tonight...,1.1683168316831682,0.0423780882357083,101,86,13,2,not_evaluated,not_evaluated
Global warming ruins the annual Snowman Boxing Match.,1.1683168316831682,0.0399735232439334,101,85,15,1,not_evaluated,not_evaluated
That's hitting above the belt,1.1683168316831682,0.0399735232439334,101,85,15,1,not_evaluated,not_evaluated
It happens when you're modular.,1.1683168316831682,0.0399735232439334,101,85,15,1,not_evaluated,not_evaluated
Body blows only?  Since when?,1.1683168316831682,0.0468181798714332,101,88,9,4,not_evaluated,not_evaluated
You never did have much of a chin,1.1683168316831682,0.0423780882357083,101,86,13,2,not_evaluated,not_evaluated
Same time next year?,1.1683168316831682,0.0399735232439334,101,85,15,1,not_evaluated,not_evaluated
The commission’s delayed ruling vis-á-vis non-regulation scarves really ruined the sport,1.1683168316831682,0.0399735232439334,101,85,15,1,not_evaluated,not_evaluated
"Hey Sal, we've got another Ichibod Crane situation over here...",1.1683168316831682,0.0399735232439334,101,85,15,1,not_evaluated,not_evaluated
We said no uppercuts,1.1683168316831682,0.0399735232439334,101,85,15,1,not_evaluated,not_evaluated
I'm going to need some ice on this...,1.1682242990654206,0.0408988699663355,107,91,14,2,not_evaluated,not_evaluated
I think we should wear helmets.,1.1682242990654206,0.0450043225816536,107,93,10,4,not_evaluated,not_evaluated
"Look, I just can’t get my head in the game.",1.1682242990654206,0.0430006198534205,107,92,12,3,not_evaluated,not_evaluated
"Whoa, ice really does stop the bleeding.",1.1682242990654206,0.0430006198534205,107,92,12,3,not_evaluated,not_evaluated
Your Nor'easter packs a wallop.,1.1682242990654206,0.0450043225816536,107,93,10,4,not_evaluated,not_evaluated
Sure the hat looks cool but the scarf keeps your head in the game.,1.1682242990654206,0.0469225403648257,107,94,8,5,not_evaluated,not_evaluated
Rock ‘em sock ‘em snowmen. Now what?,1.1682242990654206,0.0408988699663355,107,91,14,2,not_evaluated,not_evaluated
"Hmm, first punch again. You think this is why no one watches?",1.1682242990654206,0.0408988699663355,107,91,14,2,not_evaluated,not_evaluated
"Can we talk about this, before we both lose our heads?",1.1682242990654206,0.0408988699663355,107,91,14,2,not_evaluated,not_evaluated
I am head and shoulders above my frozen competitors,1.1682242990654206,0.0430006198534205,107,92,12,3,not_evaluated,not_evaluated
"What do you mean, ""it's just a flesh wound""?",1.168141592920354,0.0375082267993597,113,95,17,1,not_evaluated,not_evaluated
"That’s it! Jab, cross, and then the Snowmaker !",1.168141592920354,0.0415081040692338,113,97,13,3,not_evaluated,not_evaluated
"You’re so hot-headed, I didn’t break a sweat.",1.168141592920354,0.0375082267993597,113,95,17,1,not_evaluated,not_evaluated
"No,it's okay.  I always roll with the punches.",1.168141592920354,0.0395587523884067,113,96,15,2,not_evaluated,not_evaluated
"He could stomach carrots and pieces of coal, but this was the moment Curly’s trainer knew it was time to find a different line of work.",1.168141592920354,0.0395587523884067,113,96,15,2,not_evaluated,not_evaluated
brought to you by the inventor of rockem sockem robots.,1.1680672268907564,0.041888423716586,119,103,12,4,not_evaluated,not_evaluated
"No, I just froze, and you took the shot; Well played!",1.168,0.0354437309621339,125,105,19,1,not_evaluated,not_evaluated
Rock ‘em sock ‘em snowmen,1.1666666666666667,0.0460421876210901,96,83,10,3,not_evaluated,not_evaluated
"Live it up Frosty, you schnook! 
A certain unscrupulous groundhog and Pittsburgh underboss promised me a garden full of carrots if I take an ""early swing.""",1.1666666666666667,0.0447814938007989,114,100,9,5,not_evaluated,not_evaluated
I throw in the scarf.,1.1666666666666667,0.0483650833406674,96,84,8,4,not_evaluated,not_evaluated
"When you go high,I go low.",1.1666666666666667,0.0529998940003179,90,80,5,5,not_evaluated,not_evaluated
"You know, it's customary to touch gloves before a match begins.",1.1666666666666667,0.0382359556450936,96,80,16,0,not_evaluated,not_evaluated
Why was I made to fail?,1.1666666666666667,0.0411688158292297,114,98,13,3,not_evaluated,not_evaluated
Ugh. They don’t make us like they used to.,1.1666666666666667,0.0405483357490538,108,92,14,2,not_evaluated,not_evaluated
nothing like getting ahead,1.1666666666666667,0.0442441939246956,102,88,11,3,not_evaluated,not_evaluated
There must have been some magic in that old right glove they found.,1.1666666666666667,0.042546882418053,90,76,13,1,not_evaluated,not_evaluated
The kids are in their Rocky phase.,1.1666666666666667,0.0410034943597201,96,81,14,1,not_evaluated,not_evaluated
"Ooh! That ice left hook laid him out cold. Snowball's chance he's getting packed up after that. Looks like Frosty Ray Robinson's chance at the cold have melted away. And Muhammed Al-Freeze wins it all with that blizzarding white-out.""",1.1666666666666667,0.0465121310154956,108,95,8,5,not_evaluated,not_evaluated
"No matter how hard I try, I can’t get a head",1.1666666666666667,0.0460421876210901,96,83,10,3,not_evaluated,not_evaluated
"If I had been warmed up, I would have been more elusive.",1.1666666666666667,0.0361550763031093,120,101,18,1,not_evaluated,not_evaluated
Tell me when you're ready to learn about body shots.,1.1666666666666667,0.0435956969817163,96,82,12,2,not_evaluated,not_evaluated
"Boy, that was cold.",1.1666666666666667,0.0419929950739545,102,87,13,2,not_evaluated,not_evaluated
Where’s the magic in your old silk hat now?”,1.1666666666666667,0.0382359556450936,96,80,16,0,not_evaluated,not_evaluated
"Alrighty then,two out of three!",1.1666666666666667,0.0410034943597201,96,81,14,1,not_evaluated,not_evaluated
There's not enough time for a rematch.  We're already starting to melt.,1.1666666666666667,0.0386272376965204,126,108,15,3,not_evaluated,not_evaluated
No hitting below the carrot.,1.1666666666666667,0.0410034943597201,96,81,14,1,not_evaluated,not_evaluated
At least I got the hat.,1.1666666666666667,0.0442441939246956,102,88,11,3,not_evaluated,not_evaluated
That’s a knock off not a knock out!,1.1666666666666667,0.0483650833406674,96,84,8,4,not_evaluated,not_evaluated
It’s about that time that we’ll have to continue this next year.,1.1666666666666667,0.0463862668988459,102,89,9,4,not_evaluated,not_evaluated
Dang! Cold-cocked again!,1.1666666666666667,0.0442441939246956,102,88,11,3,not_evaluated,not_evaluated
Float like a butterfly sting like a bee – his hands can’t hit what his eyes can’t see.,1.1666666666666667,0.0405483357490538,108,92,14,2,not_evaluated,not_evaluated
Spring thaw for the win.,1.1666666666666667,0.0435956969817163,96,82,12,2,not_evaluated,not_evaluated
"Sorry, but you really need to dispense with your warm-up routine.",1.1666666666666667,0.042546882418053,90,76,13,1,not_evaluated,not_evaluated
"Let it go, let it go
Can't hold it back anymore",1.1666666666666667,0.0435956969817163,96,82,12,2,not_evaluated,not_evaluated
"Help, lil help now!",1.1666666666666667,0.0480584330140953,90,78,9,3,not_evaluated,not_evaluated
"Oops! Do the 
Marquess of Queensberry Rules apply here?",1.1666666666666667,0.044612868828113,108,94,10,4,not_evaluated,not_evaluated
Frosty fought on despite his injury.,1.1666666666666667,0.0380426808320946,120,102,16,2,not_evaluated,not_evaluated
We need to find another way to pass the time.,1.1666666666666667,0.0419929950739545,102,87,13,2,not_evaluated,not_evaluated
HEADSHOT- doesn't count! Below the scarf only!,1.1666666666666667,0.0483650833406674,96,84,8,4,not_evaluated,not_evaluated
"Once we melt, you're mine.",1.1666666666666667,0.0442441939246956,102,88,11,3,not_evaluated,not_evaluated
I didn't even punch you.,1.1666666666666667,0.0442743925959454,84,71,12,1,not_evaluated,not_evaluated
Boxers need feet!,1.1666666666666667,0.0361550763031093,120,101,18,1,not_evaluated,not_evaluated
It's the final meltdown!,1.1666666666666667,0.03923794084373,114,97,15,2,not_evaluated,not_evaluated
I told you i have fists of flurry.,1.1666666666666667,0.0435956969817163,96,82,12,2,not_evaluated,not_evaluated
"Now that's what I call SNOW FALL!""",1.1666666666666667,0.0474034130879283,84,72,10,2,not_evaluated,not_evaluated
"You no longer look like a jolly, happy soul.",1.1666666666666667,0.0442441939246956,102,88,11,3,not_evaluated,not_evaluated
Stick beats carrot,1.1666666666666667,0.0435956969817163,96,82,12,2,not_evaluated,not_evaluated
"This isn't going well, is it?",1.1666666666666667,0.0369469804595634,126,107,17,2,not_evaluated,not_evaluated
I guess that’s considered a TKSNOW,1.1666666666666667,0.0453863976719122,90,77,11,2,not_evaluated,not_evaluated
"Jab! Cross! Hook! Oops, I think you need to ice that",1.1666666666666667,0.042546882418053,90,76,13,1,not_evaluated,not_evaluated
"If you can keep your head when all about you are losing theirs and blaming it on you... you'll be a snowman, my son.",1.165289256198347,0.0428770865462076,121,106,10,5,not_evaluated,not_evaluated
"Fine, you can have the corncob pipe this year.",1.165289256198347,0.0377521047121232,121,103,16,2,not_evaluated,not_evaluated
I didn't see it coming.,1.1652173913043478,0.0408349822035594,115,99,13,3,not_evaluated,not_evaluated
"No, I said heads up!",1.1652173913043478,0.0408349822035594,115,99,13,3,not_evaluated,not_evaluated
Thant was my good hat!,1.1652173913043478,0.0408349822035594,115,99,13,3,not_evaluated,not_evaluated
Your bad. I lost my head.,1.1652173913043478,0.036910502150087,115,97,17,1,not_evaluated,not_evaluated
Rats. I wanted your cap.,1.165137614678899,0.0402036978448828,109,93,14,2,not_evaluated,not_evaluated
There. I threw my hat in the ring. What’s next?,1.165137614678899,0.0442281205910635,109,95,10,4,not_evaluated,not_evaluated
Okay NOW I see things from a different perspective.,1.165137614678899,0.0422638378014839,109,94,12,3,not_evaluated,not_evaluated
Call the kids!,1.165137614678899,0.0422638378014839,109,94,12,3,not_evaluated,not_evaluated
I didn't want to hit below the belt!,1.165137614678899,0.0442281205910635,109,95,10,4,not_evaluated,not_evaluated
I'm worried about a dog coming and eating my nose!,1.165137614678899,0.0380321266180991,109,92,16,1,not_evaluated,not_evaluated
Pffft! Is that all you got?,1.1650485436893203,0.045962199390622,103,90,9,4,not_evaluated,not_evaluated
"Hurt?!  Not in the least. No, matter of fact, I feel 6-8” deep over the tri-state area!",1.1650485436893203,0.045962199390622,103,90,9,4,not_evaluated,not_evaluated
"I told you, “Don’t hit me in the carrot!” but did you listen? No! Now in anger, I’ve completely lost my head!",1.1650485436893203,0.0367566883223319,103,86,17,0,not_evaluated,not_evaluated
Hands up. Got it.,1.1650485436893203,0.0416147684677468,103,88,13,2,not_evaluated,not_evaluated
Out by a knockout in Round -12!,1.1650485436893203,0.0416147684677468,103,88,13,2,not_evaluated,not_evaluated
The fix is in.,1.1650485436893203,0.0416147684677468,103,88,13,2,not_evaluated,not_evaluated
But it’s below the belt NOW.,1.1650485436893203,0.0367566883223319,103,86,17,0,not_evaluated,not_evaluated
Are those oven mitts regulation?,1.1650485436893203,0.0416147684677468,103,88,13,2,not_evaluated,not_evaluated
"With yet another beheading, it was clear that snowman boxing would benefit from regulatory reform.",1.1650485436893203,0.045962199390622,103,90,9,4,not_evaluated,not_evaluated
"Enough with the drama, already! Put your head back on and let's get back to whatever it was we were fighting about in the first place!",1.1650485436893203,0.0438424037174484,103,89,11,3,not_evaluated,not_evaluated
The betting fans want to know if this counts as a tko,1.1650485436893203,0.0438424037174484,103,89,11,3,not_evaluated,not_evaluated
That's for disappearing on me last summer.,1.1650485436893203,0.0416147684677468,103,88,13,2,not_evaluated,not_evaluated
Come on that’s not fair,1.1649484536082475,0.0431781164025053,97,83,12,2,not_evaluated,not_evaluated
My body's a fighter.  My head is a passive resister.,1.1649484536082475,0.0455974381777168,97,84,10,3,not_evaluated,not_evaluated
This isn’t a head game!,1.1649484536082475,0.0478947074390596,97,85,8,4,not_evaluated,not_evaluated
That was not in the forecast.,1.1649484536082475,0.0455974381777168,97,84,10,3,not_evaluated,not_evaluated
"Frosty proving the old adage, “work the body and the head will fall.”",1.1649484536082475,0.0455974381777168,97,84,10,3,not_evaluated,not_evaluated
"Like I always told you son,hard work  and  practice will always get you AHEAD.",1.1649484536082475,0.0406149369538584,97,82,14,1,not_evaluated,not_evaluated
Sorry. That's a bit of a gruesome start.,1.1649484536082475,0.0478947074390596,97,85,8,4,not_evaluated,not_evaluated
A knock off!,1.1649484536082475,0.0406149369538584,97,82,14,1,not_evaluated,not_evaluated
Good one!  How long have you been boxing?,1.1649484536082475,0.0431781164025053,97,83,12,2,not_evaluated,not_evaluated
Now that's gonna leave a mark...,1.1649484536082475,0.0455974381777168,97,84,10,3,not_evaluated,not_evaluated
See?  Mom told you to wear your scarf!,1.1649484536082475,0.0406149369538584,97,82,14,1,not_evaluated,not_evaluated
"Lost your head again,eh?",1.1649484536082475,0.0378787073626264,97,81,16,0,not_evaluated,not_evaluated
Rematch?,1.164835164835165,0.050064028024234,91,80,7,4,not_evaluated,not_evaluated
I told you we should wear headgear.,1.164835164835165,0.0449222262762077,91,78,11,2,not_evaluated,not_evaluated
Rockem-Sockem yes but that was robots.,1.164835164835165,0.0449222262762077,91,78,11,2,not_evaluated,not_evaluated
I guess we won't be going the full 12 rounds today.,1.164835164835165,0.0449222262762077,91,78,11,2,not_evaluated,not_evaluated
I told you; this is why we don't celebrate Boxing Day.,1.164835164835165,0.0475626603315147,91,79,9,3,not_evaluated,not_evaluated
This is why we can't have nice things.,1.164835164835165,0.0475626603315147,91,79,9,3,not_evaluated,not_evaluated
The Marquess of Queensberry rules say decapitation is not allowed.,1.1647058823529413,0.0437943335152785,85,72,12,1,not_evaluated,not_evaluated
Go aHEAD and try that again.,1.1647058823529413,0.0437943335152785,85,72,12,1,not_evaluated,not_evaluated
"Well, it's better than melting away.",1.1647058823529413,0.0468834266331438,85,73,10,2,not_evaluated,not_evaluated
I was led to believe that cooler heads would prevail.,1.1647058823529413,0.0468834266331438,85,73,10,2,not_evaluated,not_evaluated
Refreshing change of scenery from down here,1.1645569620253164,0.0456848771435583,79,67,11,1,not_evaluated,not_evaluated
Now I’m no longer in your weight class.,1.1637931034482758,0.0386115190439946,116,99,15,2,not_evaluated,not_evaluated
"No throwing at the head. And also, no throwing the head.”",1.1637931034482758,0.0405064740549708,116,100,13,3,not_evaluated,not_evaluated
You knocked my ice block off.,1.1636363636363636,0.0398648105955026,110,94,14,2,not_evaluated,not_evaluated
"I thought we agreed, 'No hitting above the neck.",1.1636363636363636,0.0377146848379046,110,93,16,1,not_evaluated,not_evaluated
"So much for ""a jolly happy soul.""",1.1636363636363636,0.043849908399003,110,96,10,4,not_evaluated,not_evaluated
"Don’t you cry, I’ll be back again someday!",1.1636363636363636,0.0419047586224778,110,95,12,3,not_evaluated,not_evaluated
No fair! I wasn't ready yet.,1.1636363636363636,0.0377146848379046,110,93,16,1,not_evaluated,not_evaluated
I told you the scarf serves a purpose.,1.1636363636363636,0.0377146848379046,110,93,16,1,not_evaluated,not_evaluated
I don't think I can blame global warming for this one.,1.1636363636363636,0.0398648105955026,110,94,14,2,not_evaluated,not_evaluated
Heavy is the head that wears the pom.,1.1636363636363636,0.043849908399003,110,96,10,4,not_evaluated,not_evaluated
"No fair, you know the carrot is off limits…",1.1636363636363636,0.0398648105955026,110,94,14,2,not_evaluated,not_evaluated
Looks like more of us is on the way.,1.1634615384615383,0.0364361209749636,104,87,17,0,not_evaluated,not_evaluated
"Nice one, champ. Good luck fighting climate change!",1.1634615384615383,0.0455457671056995,104,91,9,4,not_evaluated,not_evaluated
"When dad said ""keep your head on your shoulders"" I didn't think he meant literally",1.1634615384615383,0.0412432286136088,104,89,13,2,not_evaluated,not_evaluated
Not feeling so jolly or happy now,1.1634615384615383,0.0434477894013091,104,90,11,3,not_evaluated,not_evaluated
How about we take our gloves off and band together against global warming?,1.1634615384615383,0.0434477894013091,104,90,11,3,not_evaluated,not_evaluated
The etymology of Bob and Weave,1.1634615384615383,0.0389139744704687,104,88,15,1,not_evaluated,not_evaluated
It's been a brutal winter.,1.1634615384615383,0.0434477894013091,104,90,11,3,not_evaluated,not_evaluated
"I ASKED you not to say, ""I'll knock your block off!..",1.1634615384615383,0.0412432286136088,104,89,13,2,not_evaluated,not_evaluated
Caught off-guard with fancy footwork.,1.1634615384615383,0.0434477894013091,104,90,11,3,not_evaluated,not_evaluated
La Nina clobbered me again!,1.1634615384615383,0.0412432286136088,104,89,13,2,not_evaluated,not_evaluated
I thought we agreed not to loose our heads over a girl...,1.1634615384615383,0.0434477894013091,104,90,11,3,not_evaluated,not_evaluated
"If you call the match over, I’ll finish ahead.",1.1634615384615383,0.0434477894013091,104,90,11,3,not_evaluated,not_evaluated
... Whenever you're rea... dy... HEY!!!,1.1634615384615383,0.0412432286136088,104,89,13,2,not_evaluated,not_evaluated
"Stung like a Bee, Spring is Coming!",1.1634615384615383,0.0412432286136088,104,89,13,2,not_evaluated,not_evaluated
Somehow this reminds me of the French Revolution.,1.1634615384615383,0.0455457671056995,104,91,9,4,not_evaluated,not_evaluated
Hmm. I just told him to take off his hat.,1.1634615384615383,0.0434477894013091,104,90,11,3,not_evaluated,not_evaluated
That does it! I’m gonna totally melt you now!,1.1634615384615383,0.0412432286136088,104,89,13,2,not_evaluated,not_evaluated
Still can't knock me off my feet.,1.1634615384615383,0.0455457671056995,104,91,9,4,not_evaluated,not_evaluated
Does that count as a knock-out? The rules are a little unclear on this scenario,1.1634615384615383,0.0434477894013091,104,90,11,3,not_evaluated,not_evaluated
I just can’t keep my head in the game.,1.163265306122449,0.0402335846278346,98,83,14,1,not_evaluated,not_evaluated
"Yeah, but I didn’t hit below the belt.",1.163265306122449,0.0427683851428825,98,84,12,2,not_evaluated,not_evaluated
Uncle!,1.163265306122449,0.0451611359849898,98,85,10,3,not_evaluated,not_evaluated
I had a plan until you punched me in the face.,1.163265306122449,0.0427683851428825,98,84,12,2,not_evaluated,not_evaluated
"Okay, sorry...I didn't know you were so sensitive about the ugly scarf.",1.163265306122449,0.0375279615257787,98,82,16,0,not_evaluated,not_evaluated
That’s the last time I argue with you about climate change.,1.163265306122449,0.0427683851428825,98,84,12,2,not_evaluated,not_evaluated
I said befriending!,1.163265306122449,0.0427683851428825,98,84,12,2,not_evaluated,not_evaluated
The kids today don't build snowmen with the same passion they felt before e-games and climate changes.,1.163265306122449,0.0427683851428825,98,84,12,2,not_evaluated,not_evaluated
The climate discussion made me lose my head,1.163265306122449,0.0427683851428825,98,84,12,2,not_evaluated,not_evaluated
"Get up!
Show me what you're made of!",1.163265306122449,0.0427683851428825,98,84,12,2,not_evaluated,not_evaluated
Duck and ...what?!,1.163265306122449,0.0402335846278346,98,83,14,1,not_evaluated,not_evaluated
Great.  Now we have to wait for that little kid with the stuffed tiger.,1.163265306122449,0.0474333388997606,98,86,8,4,not_evaluated,not_evaluated
I thought you were joking when you said you'd knock my....,1.163265306122449,0.0402335846278346,98,83,14,1,not_evaluated,not_evaluated
"On the bright side, we can play basketball now!",1.1630434782608696,0.0470769412025354,92,80,9,3,not_evaluated,not_evaluated
Talk about a frosty reception!,1.1630434782608696,0.041694787522042,92,78,13,1,not_evaluated,not_evaluated
"Tis but a flesh wound. Come back here, you coward!",1.1630434782608696,0.0444673683699362,92,79,11,2,not_evaluated,not_evaluated
Calvin is going to be very upset.,1.1630434782608696,0.0444673683699362,92,79,11,2,not_evaluated,not_evaluated
If you don’t stop this I’ll punch you in the f… forget it!,1.1630434782608696,0.0470769412025354,92,80,9,3,not_evaluated,not_evaluated
"That's cold, man.",1.1630434782608696,0.041694787522042,92,78,13,1,not_evaluated,not_evaluated
Where’s the head ref?,1.1630434782608696,0.049549267766803,92,81,7,4,not_evaluated,not_evaluated
At least Holyfield isn't hearing this,1.1630434782608696,0.0444673683699362,92,79,11,2,not_evaluated,not_evaluated
I know precisely where it went,1.1630434782608696,0.0444673683699362,92,79,11,2,not_evaluated,not_evaluated
Where's the ref?,1.1630434782608696,0.041694787522042,92,78,13,1,not_evaluated,not_evaluated
They call me Snowhamed Ali,1.1630434782608696,0.041694787522042,92,78,13,1,not_evaluated,not_evaluated
Dance like a snow flutter but sting like a  sleet,1.1630434782608696,0.041694787522042,92,78,13,1,not_evaluated,not_evaluated
I didn't call you Olaf!,1.162790697674419,0.0492362047906117,86,75,8,3,not_evaluated,not_evaluated
Garabanzo!,1.162790697674419,0.0492362047906117,86,75,8,3,not_evaluated,not_evaluated
"Come on Alice, don’t lose your head over this!",1.162790697674419,0.0400426076639686,86,72,14,0,not_evaluated,not_evaluated
Roll me around a bit so we can be in the same weight class.,1.162790697674419,0.0519403665119968,86,76,6,4,not_evaluated,not_evaluated
"All it took was one thumpety, thump thump to look at Frosty go.",1.162790697674419,0.0492362047906117,86,75,8,3,not_evaluated,not_evaluated
This never happened to the Rock'em Sock'em Robots,1.162790697674419,0.0519403665119968,86,76,6,4,not_evaluated,not_evaluated
And we didn't even start the warming-up part.,1.162790697674419,0.0433244531384763,86,73,12,1,not_evaluated,not_evaluated
Better luck next year.,1.162790697674419,0.0492362047906117,86,75,8,3,not_evaluated,not_evaluated
Forgot to put sunscreen on my neck,1.162790697674419,0.0463746272326316,86,74,10,2,not_evaluated,not_evaluated
I thought you said this would be a “friendly”,1.1625,0.0485346998405016,80,69,9,2,not_evaluated,not_evaluated
My insurance won't cover this.,1.1625,0.045157074666159,80,68,11,1,not_evaluated,not_evaluated
I’ll get you next year.,1.1625,0.045157074666159,80,68,11,1,not_evaluated,not_evaluated
You didn’t even wait for the bell,1.1625,0.0485346998405016,80,69,9,2,not_evaluated,not_evaluated
It’s so cold I can’t feel my face,1.1623931623931625,0.0401831662390206,117,101,13,3,not_evaluated,not_evaluated
This didn't go quite the way I thought it would...,1.162162162162162,0.0374024322669326,111,94,16,1,not_evaluated,not_evaluated
JOE: I'M SO SORRY!,1.162162162162162,0.0415516818803139,111,96,12,3,not_evaluated,not_evaluated
Frosty learns that all hats are not magical.,1.162162162162162,0.0415516818803139,111,96,12,3,not_evaluated,not_evaluated
I should have trained harder -- I put on 10 lbs. during the last blizzard.,1.162162162162162,0.0415516818803139,111,96,12,3,not_evaluated,not_evaluated
Let's try baseball.,1.162162162162162,0.0415516818803139,111,96,12,3,not_evaluated,not_evaluated
Anderson has really taken a hit this winter…he is out cold,1.162162162162162,0.0434780683895107,111,97,10,4,not_evaluated,not_evaluated
You are made of pow,1.162162162162162,0.0415516818803139,111,96,12,3,not_evaluated,not_evaluated
"I don't think Rock-em, Sock-em Snowbots is going to sell.",1.161904761904762,0.0408782018356128,105,90,13,2,not_evaluated,not_evaluated
What do you hope to accomplish by this?,1.161904761904762,0.047121947484836,105,93,7,5,not_evaluated,not_evaluated
What’s your second punch?,1.161904761904762,0.0408782018356128,105,90,13,2,not_evaluated,not_evaluated
"Put my scarf back, twerp!",1.161904761904762,0.0385730113183157,105,89,15,1,not_evaluated,not_evaluated
"Actually, this is better than getting punched in the nose.",1.161904761904762,0.0408782018356128,105,90,13,2,not_evaluated,not_evaluated
"Win or lose, we’ll all end up in the same place.",1.161904761904762,0.0408782018356128,105,90,13,2,not_evaluated,not_evaluated
"Touch gloves, touch gloves!",1.161904761904762,0.0430601621973638,105,91,11,3,not_evaluated,not_evaluated
HOW is my hat still on?,1.161904761904762,0.0408782018356128,105,90,13,2,not_evaluated,not_evaluated
Clearly you didn't get the memo that this was an exhibition match,1.1616161616161615,0.0447330447330447,99,86,10,3,not_evaluated,not_evaluated
"""You didn't have to do that.  I'm sorry I took your cap.  I was cold.""",1.1616161616161615,0.0447330447330447,99,86,10,3,not_evaluated,not_evaluated
I'm ok. It's only a frost wound.,1.1616161616161615,0.0398592418959109,99,84,14,1,not_evaluated,not_evaluated
It’s only because I wasn’t warmed up yet”-Matthew F,1.1616161616161615,0.0423662864528231,99,85,12,2,not_evaluated,not_evaluated
Now give me back the gosh darn hat!,1.1616161616161615,0.0447330447330447,99,86,10,3,not_evaluated,not_evaluated
He fights like he has ice in his veins,1.1616161616161615,0.0447330447330447,99,86,10,3,not_evaluated,not_evaluated
"Oops, I don’t think we thought this through.",1.1616161616161615,0.0398592418959109,99,84,14,1,not_evaluated,not_evaluated
"You still can't have my hat, Ron.",1.1612903225806452,0.0466009753880396,93,81,9,3,not_evaluated,not_evaluated
"I'd go another round, but I think this puts me in a different weight class.",1.1612903225806452,0.0440215494550122,93,80,11,2,not_evaluated,not_evaluated
Now I see why you're wearing a scarf.,1.1612903225806452,0.0440215494550122,93,80,11,2,not_evaluated,not_evaluated
Frosty's got something for your mama too!,1.1612903225806452,0.0412812636158766,93,79,13,1,not_evaluated,not_evaluated
"Snow, you didn't

Thomas Frizzell
Crockett, Texas",1.1612903225806452,0.0440215494550122,93,80,11,2,not_evaluated,not_evaluated
You should see the other guy,1.1612903225806452,0.0383456468849713,93,78,15,0,not_evaluated,not_evaluated
"But, I barely touched you.",1.1612903225806452,0.0440215494550122,93,80,11,2,not_evaluated,not_evaluated
The Johnson’s always pride themselves on having the best seasonal display in their gated community. This year’s theme was Rumble in the Jungle.,1.1612903225806452,0.0434348355914069,124,110,8,6,not_evaluated,not_evaluated
Wait! Was it on three or after three? Well I guess I will never know...,1.1612903225806452,0.0383456468849713,93,78,15,0,not_evaluated,not_evaluated
"Technically, it's a knock *off*",1.1612903225806452,0.0440215494550122,93,80,11,2,not_evaluated,not_evaluated
"Oh no, I can see the sun.",1.1612903225806452,0.0440215494550122,93,80,11,2,not_evaluated,not_evaluated
"You're still cool George, just roll it off",1.1612903225806452,0.0440215494550122,93,80,11,2,not_evaluated,not_evaluated
It's just a head wound.,1.1612903225806452,0.0440215494550122,93,80,11,2,not_evaluated,not_evaluated
Feisty the snowman had a hell of a right hook...,1.1610169491525424,0.0398649374534149,118,102,13,3,not_evaluated,not_evaluated
"Sorry, I’m not really a fighter.  I just lost my head.",1.160919540229885,0.039623877256794,87,73,14,0,not_evaluated,not_evaluated
Any other bright ideas?,1.160919540229885,0.0487029390072846,87,76,8,3,not_evaluated,not_evaluated
"C’mon, Frosty, keep your head in the game",1.160919540229885,0.0428644357856652,87,74,12,1,not_evaluated,not_evaluated
Spare me the punchline!,1.160919540229885,0.0458766614040881,87,75,10,2,not_evaluated,not_evaluated
I could kill that Calvin!,1.1607142857142858,0.0431124420817713,112,98,10,4,not_evaluated,not_evaluated
Still better than water polo.,1.1607142857142858,0.0392037286556236,112,96,14,2,not_evaluated,not_evaluated
"That was a little aggressive. I would have GIVEN  you my carrot.""",1.1607142857142858,0.0412044597268175,112,97,12,3,not_evaluated,not_evaluated
Your midsection is next,1.1607142857142858,0.0392037286556236,112,96,14,2,not_evaluated,not_evaluated
Okay Round One to you then,1.1607142857142858,0.0412044597268175,112,97,12,3,not_evaluated,not_evaluated
"HAY ,  I SAID , NO HITTING BELOW THE HAT",1.1607142857142858,0.0412044597268175,112,97,12,3,not_evaluated,not_evaluated
This is unfortunate. I was just getting warmed up.,1.1607142857142858,0.0449394906861353,112,99,8,5,not_evaluated,not_evaluated
"…he took a tremendous blow from his northeast, an uppercut right to the carrot…",1.1607142857142858,0.0392037286556236,112,96,14,2,not_evaluated,not_evaluated
"Of course you won, you have 'The Scarf of Unhittability""",1.160493827160494,0.0446411968685544,81,69,11,1,not_evaluated,not_evaluated
That was a cold blooded knock-out if there ever was one...,1.160493827160494,0.0410389386138139,81,68,13,0,not_evaluated,not_evaluated
… and stop calling me Louie.,1.160377358490566,0.0382379001593291,106,90,15,1,not_evaluated,not_evaluated
My block slipping off can't be a TKO.,1.160377358490566,0.0426793398171661,106,92,11,3,not_evaluated,not_evaluated
I meant to knock your SOCKS off.,1.160377358490566,0.0405195203317115,106,91,13,2,not_evaluated,not_evaluated
"Climate change!
Climate change!
left hook.",1.160377358490566,0.0405195203317115,106,91,13,2,not_evaluated,not_evaluated
Blame it on the global warming,1.160377358490566,0.0405195203317115,106,91,13,2,not_evaluated,not_evaluated
"You pack a good punch,
If only my builder could pack so well.",1.160377358490566,0.0382379001593291,106,90,15,1,not_evaluated,not_evaluated
Best of freeze?,1.160377358490566,0.0426793398171661,106,92,11,3,not_evaluated,not_evaluated
So much for building a contender.,1.160377358490566,0.0426793398171661,106,92,11,3,not_evaluated,not_evaluated
"Y’know Adrian, I’m starting to think it is about how hard you hit.",1.160377358490566,0.0426793398171661,106,92,11,3,not_evaluated,not_evaluated
It was supposed to be no contact…,1.160377358490566,0.0358112061969107,106,89,17,0,not_evaluated,not_evaluated
….. told you not to lose your head.,1.160377358490566,0.0426793398171661,106,92,11,3,not_evaluated,not_evaluated
I guess I’ll just lie here now and wait for spring.,1.16,0.041971611377408,100,86,12,2,not_evaluated,not_evaluated
It’s cold down here !,1.16,0.0348267601968149,125,106,18,1,not_evaluated,not_evaluated
OK I regret mentioning your butt looks big in that outfit!,1.16,0.0394917201397452,100,85,14,1,not_evaluated,not_evaluated
"A little more to the left?""",1.16,0.041971611377408,100,86,12,2,not_evaluated,not_evaluated
"But still, you don't win unless I melt!""",1.16,0.0383531972843918,125,108,14,3,not_evaluated,not_evaluated
Darn! That happens every time I blow my nose.,1.16,0.046536615322309,100,88,8,4,not_evaluated,not_evaluated
If only hurts when I laugh.,1.16,0.0394917201397452,100,85,14,1,not_evaluated,not_evaluated
Put em up! I can still see you!,1.16,0.0394917201397452,100,85,14,1,not_evaluated,not_evaluated
"Well Joe, that's one way to avoid a head shot.",1.16,0.0383531972843918,125,108,14,3,not_evaluated,not_evaluated
You never did have your head on straight!,1.16,0.041971611377408,100,86,12,2,not_evaluated,not_evaluated
Nice scarf.,1.16,0.046536615322309,100,88,8,4,not_evaluated,not_evaluated
Down goes Frozier!,1.1595744680851063,0.0408757694301515,94,80,13,1,not_evaluated,not_evaluated
The emotional hit! When somebody finds out they both have feelings.,1.1595744680851063,0.0485506984988107,94,83,7,4,not_evaluated,not_evaluated
"For the last time, I didn't steal your stocking cap.",1.1595744680851063,0.0408757694301515,94,80,13,1,not_evaluated,not_evaluated
"I said on the count of THREE, Larry!",1.1595744680851063,0.0435845055714996,94,81,11,2,not_evaluated,not_evaluated
"I know I can explain the black eyes to my wife, but this?!",1.1595744680851063,0.0408757694301515,94,80,13,1,not_evaluated,not_evaluated
"Put up your dukes, I'm not going for that head fake.",1.1595744680851063,0.0435845055714996,94,81,11,2,not_evaluated,not_evaluated
"The body, Jake. Always start with the body.",1.1595744680851063,0.0408757694301515,94,80,13,1,not_evaluated,not_evaluated
"No biggie, dude. Life's short. Spring's around the corner.",1.1595744680851063,0.0435845055714996,94,81,11,2,not_evaluated,not_evaluated
Brainless is the best way to play the game.,1.1595744680851063,0.0408757694301515,94,80,13,1,not_evaluated,not_evaluated
"Nice going jerk, you win - and now  I'm uninsurable with a ""pre-existing""  condition!",1.1595744680851063,0.0461344743691444,94,82,9,3,not_evaluated,not_evaluated
Quit bragging just because you're ahead.,1.1595744680851063,0.0461344743691444,94,82,9,3,not_evaluated,not_evaluated
Chiller in Manilla,1.1595744680851063,0.0435845055714996,94,81,11,2,not_evaluated,not_evaluated
"I'm so embarrassed, I wish the sun would come out and just melt me already.",1.15929203539823,0.040862949074321,113,98,12,3,not_evaluated,not_evaluated
"No fair, you cold cocked me.",1.15929203539823,0.040862949074321,113,98,12,3,not_evaluated,not_evaluated
I've got two rounds left in me!,1.15929203539823,0.042752876159922,113,99,10,4,not_evaluated,not_evaluated
I just can’t get my head into this boxing thing,1.15929203539823,0.042752876159922,113,99,10,4,not_evaluated,not_evaluated
The Super Glue was supposed to have set by now.,1.15929203539823,0.0445627224576853,113,100,8,5,not_evaluated,not_evaluated
"This isn't quite what I meant by a ""face-off""",1.1590909090909092,0.0424139784568489,88,75,12,1,not_evaluated,not_evaluated
"I said, ""Take of my HAT!""",1.1590909090909092,0.0481810295473795,88,77,8,3,not_evaluated,not_evaluated
When you’re in the ring it’s best to keep a cool head.,1.1590909090909092,0.0392136780815614,88,74,14,0,not_evaluated,not_evaluated
Looks like I've lost some water-weight since the weigh-in.,1.1590909090909092,0.0481810295473795,88,77,8,3,not_evaluated,not_evaluated
The results of a wicked right slush punch to the carrot.,1.1590909090909092,0.0481810295473795,88,77,8,3,not_evaluated,not_evaluated
"Sorry I listened to you about today being ""boxing day"".",1.158878504672897,0.0379084938720798,107,91,15,1,not_evaluated,not_evaluated
"Hmm. Maybe I should rethink this... every time we have a little conflict,he loses his head.",1.158878504672897,0.0401670219322352,107,92,13,2,not_evaluated,not_evaluated
"Why did you punch my head?
How can snowmen even fight? 
And why can I still talk with just my head??",1.158878504672897,0.0401670219322352,107,92,13,2,not_evaluated,not_evaluated
It’s only a flesh wound,1.1585365853658536,0.0505003933701469,82,72,7,3,not_evaluated,not_evaluated
I was undefeated at kickboxing.,1.1585365853658536,0.0505003933701469,82,72,7,3,not_evaluated,not_evaluated
"Didn't work, I'm still thinking about her.",1.1585365853658536,0.0505003933701469,82,72,7,3,not_evaluated,not_evaluated
Mother is always right.  She told you to wear a scarf.,1.1585365853658536,0.0474254742547425,82,71,9,2,not_evaluated,not_evaluated
Below the hat does not count.,1.1584158415841583,0.0415841584158416,101,87,12,2,not_evaluated,not_evaluated
Should I call you Ice-abod Crane?,1.1584158415841583,0.0439005926285057,101,88,10,3,not_evaluated,not_evaluated
we can do this all winter long!,1.1584158415841583,0.0391308373175634,101,86,14,1,not_evaluated,not_evaluated
"Well, now you've got the scarf AND the belt.",1.1584158415841583,0.0415841584158416,101,87,12,2,not_evaluated,not_evaluated
Where's the rest of me?,1.1584158415841583,0.0391308373175634,101,86,14,1,not_evaluated,not_evaluated
Great footwork.,1.1584158415841583,0.0391308373175634,101,86,14,1,not_evaluated,not_evaluated
"You know, I used to be a movie star.",1.1584158415841583,0.0415841584158416,101,87,12,2,not_evaluated,not_evaluated
"Caught me nodding off, din't ya'?",1.1584158415841583,0.0365130473556154,101,85,16,0,not_evaluated,not_evaluated
Yikes! Sorry can’t help you. Just got my nails done.,1.1584158415841583,0.0482006393847053,101,90,6,5,not_evaluated,not_evaluated
Nothing to lose your head over.,1.1584158415841583,0.0415841584158416,101,87,12,2,not_evaluated,not_evaluated
That’s no excuse. The devil’s not anywhere near here.,1.1584158415841583,0.0415841584158416,101,87,12,2,not_evaluated,not_evaluated
It was over with a single snow blow.,1.1584158415841583,0.0415841584158416,101,87,12,2,not_evaluated,not_evaluated
"Sticks and stones Gerry, sticks and stones.",1.1584158415841583,0.0461007791161299,101,89,8,4,not_evaluated,not_evaluated
Dad said you were supposed to let me win...,1.1583333333333334,0.0442741543901795,120,107,7,6,not_evaluated,not_evaluated
"So, this is how I die.",1.1583333333333334,0.0392432501169126,120,104,13,3,not_evaluated,not_evaluated
"Sure, I started it, but now you need to pick on somebody your own size.",1.1578947368421053,0.0405270114083259,114,99,12,3,not_evaluated,not_evaluated
"Ok, but I'll win the long game because you will melt before me.",1.1578947368421053,0.0431559828052723,95,82,11,2,not_evaluated,not_evaluated
"I'd continue, but the concussion protocol won't allow it.",1.1578947368421053,0.0497454276447643,76,66,8,2,not_evaluated,not_evaluated
"See, you gotta roll with the punches!",1.1578947368421053,0.0404780766113642,95,81,13,1,not_evaluated,not_evaluated
I am going to tell everyone it was a split decision.,1.1578947368421053,0.0456771607876676,95,83,9,3,not_evaluated,not_evaluated
Does this count as below the belt?,1.1578947368421053,0.0431559828052723,95,82,11,2,not_evaluated,not_evaluated
FREEZE,1.1578947368421053,0.0456771607876676,95,83,9,3,not_evaluated,not_evaluated
Go ahead. Tell me that's not 'cold-cocked'.,1.1578947368421053,0.0480662790670957,95,84,7,4,not_evaluated,not_evaluated
Hey!  I'll be back again someday.,1.1578947368421053,0.0480662790670957,95,84,7,4,not_evaluated,not_evaluated
Some snowmen knock another snowman's head off just to make themselves seem taller.,1.1578947368421053,0.0404780766113642,95,81,13,1,not_evaluated,not_evaluated
It's not fair play if you're in a shadow for most of the day.,1.1578947368421053,0.0404780766113642,95,81,13,1,not_evaluated,not_evaluated
I wish I had finished high school”,1.1578947368421053,0.0431559828052723,95,82,11,2,not_evaluated,not_evaluated
"Dude, that's just cold.",1.1578947368421053,0.0456771607876676,95,83,9,3,not_evaluated,not_evaluated
Hell of a crosswind.,1.1574074074074074,0.0419374112037157,108,94,11,3,not_evaluated,not_evaluated
I knew this sparring would snowball,1.1574074074074074,0.0419374112037157,108,94,11,3,not_evaluated,not_evaluated
Okay.  Now let's try sumo.,1.1574074074074074,0.0375846501302476,108,92,15,1,not_evaluated,not_evaluated
I can predict your punches much better from down here.,1.1574074074074074,0.0352070399051796,108,91,17,0,not_evaluated,not_evaluated
"Knockout?  Nah, man. I want a 10-count.",1.1574074074074074,0.0375846501302476,108,92,15,1,not_evaluated,not_evaluated
Ah this is why my manager told me to wear the scarf.,1.1574074074074074,0.0375846501302476,108,92,15,1,not_evaluated,not_evaluated
Nobody calls me the Pillsbury Doughboy and gets away with it,1.1573033707865168,0.0476701200799919,89,78,8,3,not_evaluated,not_evaluated
This went from Guerra & Boothby to Calvin & Hobbes.,1.1573033707865168,0.0388117572869526,89,75,14,0,not_evaluated,not_evaluated
Strictly speaking I’m not down for the count.,1.1573033707865168,0.0449118885544538,89,77,10,2,not_evaluated,not_evaluated
I can do this all day.,1.1573033707865168,0.0449118885544538,89,77,10,2,not_evaluated,not_evaluated
Classic - now I'm a torso!,1.1573033707865168,0.0476701200799919,89,78,8,3,not_evaluated,not_evaluated
Enough fighting. Let's make snow angels.,1.1573033707865168,0.0419727902171692,89,76,12,1,not_evaluated,not_evaluated
I didn’t mean for you to lose your head over our battle over whether climate change is real!,1.1573033707865168,0.0449118885544538,89,77,10,2,not_evaluated,not_evaluated
"If I'd known those kids brought us to life just to watch us fight, I'd never have let them put this old silk hat on me.",1.156862745098039,0.0434958008340934,102,89,10,3,not_evaluated,not_evaluated
Since when is telekinesis allowed under Marquess of Queensbury rules?,1.156862745098039,0.0412037331977846,102,88,12,2,not_evaluated,not_evaluated
Guess I’ve been cold cocked!,1.156862745098039,0.0434958008340934,102,89,10,3,not_evaluated,not_evaluated
Hurry up I'm getting a brain freeze!,1.156862745098039,0.0434958008340934,102,89,10,3,not_evaluated,not_evaluated
Be thankful I didn't bite your ear off.,1.156862745098039,0.0412037331977846,102,88,12,2,not_evaluated,not_evaluated
"Even for little Timmy, this tableau is dark.",1.156862745098039,0.0477510084891295,102,91,6,5,not_evaluated,not_evaluated
You call that a body blow!,1.156862745098039,0.0387764176874208,102,87,14,1,not_evaluated,not_evaluated
I'm already on ice...Now get me to a hospital!,1.156862745098039,0.0361866481993624,102,86,16,0,not_evaluated,not_evaluated
You didn’t need to cold-cock me just because I stole your cap!,1.1566265060240963,0.0436436553063486,83,71,11,1,not_evaluated,not_evaluated
Best of three?,1.1566265060240963,0.0436436553063486,83,71,11,1,not_evaluated,not_evaluated
And I was forecast to win.,1.1566265060240963,0.046889519178274,83,72,9,2,not_evaluated,not_evaluated
Where the hell is the ref?,1.1566265060240963,0.0401361469031224,83,70,13,0,not_evaluated,not_evaluated
"Hey, it’s nothing to lose your head over.",1.1566265060240963,0.046889519178274,83,72,9,2,not_evaluated,not_evaluated
I'm through fighting. Now I going to give  you the cold shoulder.,1.1566265060240963,0.0436436553063486,83,71,11,1,not_evaluated,not_evaluated
"And thats why we wear scarves, Bob",1.1566265060240963,0.046889519178274,83,72,9,2,not_evaluated,not_evaluated
I didn’t realize that was an option.,1.1565217391304348,0.0382518538715596,115,99,14,2,not_evaluated,not_evaluated
I thought we agreed head shots were out of line.,1.1565217391304348,0.0420513368063916,115,101,10,4,not_evaluated,not_evaluated
"There must have been NO magic in
The old wool hat they found
For when they placed it on
His head fell to the ground",1.1565217391304348,0.0401965126087807,115,100,12,3,not_evaluated,not_evaluated
"See! I said I don't worry about facial cuts, didn't I?",1.15625,0.0400879652282371,96,82,13,1,not_evaluated,not_evaluated
"I said let's settle this on the ice *rink*, with a ""k""",1.15625,0.0400879652282371,96,82,13,1,not_evaluated,not_evaluated
Weren't we supposed to touch gloves first?,1.15625,0.0427357368224111,96,83,11,2,not_evaluated,not_evaluated
Don't feel bad-I was just warming up.,1.15625,0.0400879652282371,96,82,13,1,not_evaluated,not_evaluated
Cutman!,1.15625,0.0400879652282371,96,82,13,1,not_evaluated,not_evaluated
Hey! That’s a foul!,1.15625,0.0400879652282371,96,82,13,1,not_evaluated,not_evaluated
That’s not fair - you cold-cocked me.,1.15625,0.0400879652282371,96,82,13,1,not_evaluated,not_evaluated
"Hey, I'm warning you, stop while you are a head!",1.15625,0.0427357368224111,96,83,11,2,not_evaluated,not_evaluated
Lucky punch. Now I got ya where I want ya!,1.15625,0.0372524725424543,96,81,15,0,not_evaluated,not_evaluated
Climate change is still my biggest problem.,1.15625,0.0427357368224111,96,83,11,2,not_evaluated,not_evaluated
So much for...cooler heads prevail!,1.15625,0.0452287679178686,96,84,9,3,not_evaluated,not_evaluated
I think I’ve lost my mind,1.15625,0.0372524725424543,96,81,15,0,not_evaluated,not_evaluated
I still think we have time before climate change becomes a problem.,1.1559633027522935,0.043571274766896,109,96,9,4,not_evaluated,not_evaluated
You know the rules! No head blows or blow torches.,1.1559633027522935,0.0372662312139264,109,93,15,1,not_evaluated,not_evaluated
"Oh no, you've given me two black ice!",1.1559633027522935,0.0415759704577637,109,95,11,3,not_evaluated,not_evaluated
This is why I suggested we only do body shots.,1.1559633027522935,0.039479952560728,109,94,13,2,not_evaluated,not_evaluated
Um-- would this be a technical knock-off?,1.155844155844156,0.0455277215879749,77,66,10,1,not_evaluated,not_evaluated
Don't lose your head over it!,1.1557377049180328,0.0368457088377827,122,105,15,2,not_evaluated,not_evaluated
"Yes, this means I win.",1.1555555555555554,0.038417871644596,90,76,14,0,not_evaluated,not_evaluated
"Okay, I guess I'll refer to you as 'snow person' from here on out.",1.1555555555555554,0.038417871644596,90,76,14,0,not_evaluated,not_evaluated
"Well, that escalated quickly.",1.1555555555555554,0.0415405916163694,90,77,12,1,not_evaluated,not_evaluated
Eric finally gets back at donny jr.,1.1555555555555554,0.0415405916163694,90,77,12,1,not_evaluated,not_evaluated
Winter primary season can be so unforgiving.,1.1555555555555554,0.0444444444444444,90,78,10,2,not_evaluated,not_evaluated
Hey! I thought this was a cardio class,1.1555555555555554,0.038417871644596,90,76,14,0,not_evaluated,not_evaluated
This wouldn't have happened if you had a neck.,1.1555555555555554,0.0444444444444444,90,78,10,2,not_evaluated,not_evaluated
I thought we agreed not to lose our heads over this.,1.1555555555555554,0.0471698689007362,90,79,8,3,not_evaluated,not_evaluated
"Welp, our fates were sealed anyway thanks to that pesky groundhog",1.1555555555555554,0.0471698689007362,90,79,8,3,not_evaluated,not_evaluated
This would be all right if I were a Rock ‘em Sock ‘em robot.,1.1555555555555554,0.0444444444444444,90,78,10,2,not_evaluated,not_evaluated
"Sometimes, sports aren't just all fun and games when someone loses their head!",1.1555555555555554,0.038417871644596,90,76,14,0,not_evaluated,not_evaluated
You could have warned me you were the Rock 'em Sock 'em champ of '69!!!,1.1555555555555554,0.0415405916163694,90,77,12,1,not_evaluated,not_evaluated
"Forget your headgear?
Jean Godden, Seattle, Wa.",1.1555555555555554,0.0497462000784981,90,80,6,4,not_evaluated,not_evaluated
"Oh Frosty, what have you done? All my life--all two days of it--is passing before my eyes!",1.1555555555555554,0.0471698689007362,90,79,8,3,not_evaluated,not_evaluated
Being scarfless was his undoing,1.1555555555555554,0.0444444444444444,90,78,10,2,not_evaluated,not_evaluated
"move like a butterfly, it stings when I freeze",1.1555555555555554,0.0444444444444444,90,78,10,2,not_evaluated,not_evaluated
Oh look! I can finally watch the sundogs without getting a stiff neck.,1.1553398058252426,0.0358659473857397,103,87,16,0,not_evaluated,not_evaluated
"Didn't you hear me say ""Heads Up""!",1.1553398058252426,0.0408301481760203,103,89,12,2,not_evaluated,not_evaluated
"It’s nothing, just water weight.",1.1553398058252426,0.0408301481760203,103,89,12,2,not_evaluated,not_evaluated
"FIGHTING WITH HIS HEART, NOT HIS HEAD",1.1553398058252426,0.0430983573837256,103,90,10,3,not_evaluated,not_evaluated
"Technically, I am down but NOT out.",1.1553398058252426,0.0408301481760203,103,89,12,2,not_evaluated,not_evaluated
"After a quick, ice bath plunge,
you won't recognize me for Round Two.",1.1553398058252426,0.038428291543812,103,88,14,1,not_evaluated,not_evaluated
"At least my head's kind of warm.""",1.1553398058252426,0.0408301481760203,103,89,12,2,not_evaluated,not_evaluated
I thought we agreed not to hit above the belt.,1.1553398058252426,0.0358659473857397,103,87,16,0,not_evaluated,not_evaluated
I must say. I never saw that one-two punch coming.,1.1553398058252426,0.0452530199906581,103,91,8,4,not_evaluated,not_evaluated
Uh-oh. Does this mean I'm the anti-hero?,1.1553398058252426,0.0408301481760203,103,89,12,2,not_evaluated,not_evaluated
I’m shouldering this match.,1.1553398058252426,0.0408301481760203,103,89,12,2,not_evaluated,not_evaluated
"I hope your whole damn family melts,  Don.",1.1553398058252426,0.0452530199906581,103,91,8,4,not_evaluated,not_evaluated
"Well, you knocked me out cold...",1.1553398058252426,0.0358659473857397,103,87,16,0,not_evaluated,not_evaluated
I'm rolling with the punches buddy !,1.1553398058252426,0.038428291543812,103,88,14,1,not_evaluated,not_evaluated
This isn't what I meant when I said to knock it off.,1.1551724137931034,0.0379446615837848,116,100,14,2,not_evaluated,not_evaluated
I said BELOW the belt!,1.1551724137931034,0.0398713227795268,116,101,12,3,not_evaluated,not_evaluated
Sorry you lost your head!  I was just playing around.,1.1547619047619049,0.0431612528997741,84,72,11,1,not_evaluated,not_evaluated
Get up by 10 or else Spring will call it a draw,1.1547619047619049,0.0493621030464464,84,74,7,3,not_evaluated,not_evaluated
You said you had twig arms.,1.1547619047619049,0.0431612528997741,84,72,11,1,not_evaluated,not_evaluated
I'm pretty sure this isn't the right sport for us.,1.1547619047619049,0.0493621030464464,84,74,7,3,not_evaluated,not_evaluated
I think I would have preferred a low blow.,1.1547619047619049,0.0463654557243119,84,73,9,2,not_evaluated,not_evaluated
"So, that's why they call you ""The Avalanche.""",1.154639175257732,0.0397052233961902,97,83,13,1,not_evaluated,not_evaluated
Rats!  You started melting before I even got a chance to knock your head for a loop.,1.154639175257732,0.0369016006785473,97,82,15,0,not_evaluated,not_evaluated
Wanta try again.?,1.154639175257732,0.0423235324287065,97,84,11,2,not_evaluated,not_evaluated
You haven’t one. I’m still on my feet,1.154639175257732,0.0423235324287065,97,84,11,2,not_evaluated,not_evaluated
Thank god you did not hit below the belt,1.154639175257732,0.0423235324287065,97,84,11,2,not_evaluated,not_evaluated
Oh Snow! Are you ok?,1.154639175257732,0.0447890391674813,97,85,9,3,not_evaluated,not_evaluated
"Let’s keep it under the belt from now on, okay?!",1.154639175257732,0.0397052233961902,97,83,13,1,not_evaluated,not_evaluated
Tis but a scratch - a flesh wound!,1.154639175257732,0.0423235324287065,97,84,11,2,not_evaluated,not_evaluated
Well the first rule of boxing is protect your face.,1.154639175257732,0.0447890391674813,97,85,9,3,not_evaluated,not_evaluated
"Float like an ice bug, sting like a bee",1.154639175257732,0.0423235324287065,97,84,11,2,not_evaluated,not_evaluated
"I can take you with my head
lying behind my back!",1.154639175257732,0.0423235324287065,97,84,11,2,not_evaluated,not_evaluated
"For the purpose of practice, I’m giving you a head start.",1.154639175257732,0.0423235324287065,97,84,11,2,not_evaluated,not_evaluated
I'd like to give another go but I 've seemed to have lost my head!?,1.154639175257732,0.0423235324287065,97,84,11,2,not_evaluated,not_evaluated
Calvin would be proud.,1.154639175257732,0.0423235324287065,97,84,11,2,not_evaluated,not_evaluated
"Oh Dear, I seem to have lost my head",1.154639175257732,0.0447890391674813,97,85,9,3,not_evaluated,not_evaluated
"I didn't say ""ding"".",1.154639175257732,0.0423235324287065,97,84,11,2,not_evaluated,not_evaluated
Nice hit. Is that my ex-girlfriend’s scarf?,1.154639175257732,0.0471257324807645,97,86,7,4,not_evaluated,not_evaluated
"Hey, wait for the bell. 
 
🛎️",1.154639175257732,0.0397052233961902,97,83,13,1,not_evaluated,not_evaluated
"Let’s take off the heads, Harry, and see who can fight like a real snowman",1.1545454545454543,0.0391450833952655,110,95,13,2,not_evaluated,not_evaluated
Were we not supposed to do a warm up?,1.1545454545454543,0.0412206650287828,110,96,11,3,not_evaluated,not_evaluated
Don’t bother. Global warming is gonna knock us both out.,1.1545454545454543,0.0391450833952655,110,95,13,2,not_evaluated,not_evaluated
"One sec, I forgot my scarf.",1.1538461538461535,0.038086294966923,104,89,14,1,not_evaluated,not_evaluated
Darn Calvin!,1.1538461538461535,0.041117114140373,91,78,12,1,not_evaluated,not_evaluated
I told you I didn’t have a head for this.,1.1538461538461535,0.041117114140373,91,78,12,1,not_evaluated,not_evaluated
Float like a butterfly sting like a... snowman?,1.1538461538461535,0.043986558394954,91,79,10,2,not_evaluated,not_evaluated
Coward! It’s just a flesh wound.,1.1538461538461535,0.041117114140373,91,78,12,1,not_evaluated,not_evaluated
Could I borrow your scarf?,1.1538461538461535,0.038086294966923,104,89,14,1,not_evaluated,not_evaluated
Can someone get me some ice for my head?,1.1538461538461535,0.041117114140373,91,78,12,1,not_evaluated,not_evaluated
"If I had a brain I might have thought this through,",1.1538461538461535,0.043986558394954,91,79,10,2,not_evaluated,not_evaluated
I give up. Let's make snow angels instead,1.1538461538461535,0.0334995515658225,117,99,18,0,not_evaluated,not_evaluated
FROSTY THE SNOWMAN WITH A GLASS JAW,1.1538461538461535,0.0448406663249532,104,92,8,4,not_evaluated,not_evaluated
How the hell can I go to a neutral corner?,1.1538461538461535,0.0427080655038329,104,91,10,3,not_evaluated,not_evaluated
You and your lucky scarf.,1.1538461538461535,0.043986558394954,91,79,10,2,not_evaluated,not_evaluated
That was a frosty reception,1.1538461538461535,0.038086294966923,104,89,14,1,not_evaluated,not_evaluated
Don't mind me - I'm keeping a cool head!,1.1538461538461535,0.0448406663249532,104,92,8,4,not_evaluated,not_evaluated
No fair you have a heads up,1.1538461538461535,0.0466799481965538,91,80,8,3,not_evaluated,not_evaluated
Ok. I think we should donate these gloves or something. I’m pretty sure we’re doing boxing day wrong.,1.1538461538461535,0.0404632223345296,104,90,12,2,not_evaluated,not_evaluated
Am still leading on points !!,1.1538461538461535,0.0427080655038329,104,91,10,3,not_evaluated,not_evaluated
I told you your head wasn’t on straight back when this was just a snowball fight.,1.1538461538461535,0.0427080655038329,104,91,10,3,not_evaluated,not_evaluated
I'm sorry I insulted your scarf,1.1538461538461535,0.043986558394954,91,79,10,2,not_evaluated,not_evaluated
"By tomorrow, the pain will all melt away.",1.1538461538461535,0.0485450073770014,78,68,8,2,not_evaluated,not_evaluated
"As The Black Knight once said,  ‘Tis but a scratch.’",1.1538461538461535,0.0395513160854908,117,102,12,3,not_evaluated,not_evaluated
"A day late,a head short.",1.1538461538461535,0.0466799481965538,91,80,8,3,not_evaluated,not_evaluated
I think my footwork is lacking.,1.1538461538461535,0.0448406663249532,104,92,8,4,not_evaluated,not_evaluated
"Hey, head first is in baseball!",1.1538461538461535,0.0395513160854908,117,102,12,3,not_evaluated,not_evaluated
Pull yourself together man and let's do this.,1.1538461538461535,0.038086294966923,104,89,14,1,not_evaluated,not_evaluated
"Tis but a scratch,I’ve had worse. Nothing compared to global warming!",1.1538461538461535,0.0427080655038329,104,91,10,3,not_evaluated,not_evaluated
"I hope next year, the kids are into golf.",1.1538461538461535,0.043986558394954,91,79,10,2,not_evaluated,not_evaluated
I said you were way over your head!,1.1538461538461535,0.043986558394954,91,79,10,2,not_evaluated,not_evaluated
' I guess I should have mentioned my frozen shoulders...',1.153225806451613,0.0362921437897186,124,107,15,2,not_evaluated,not_evaluated
"Oh--until a momentnago, Unthought ypunwere a head!",1.1531531531531531,0.0408713412470327,111,97,11,3,not_evaluated,not_evaluated
Sorry about it. I hope that did not kill you.,1.1531531531531531,0.0408713412470327,111,97,11,3,not_evaluated,not_evaluated
Haven't you heard about male fragility?,1.1531531531531531,0.0388158005396157,111,96,13,2,not_evaluated,not_evaluated
What did you think was gonna happen?,1.1531531531531531,0.0408713412470327,111,97,11,3,not_evaluated,not_evaluated
Better me than global warming.,1.1531531531531531,0.0428283399063232,111,98,9,4,not_evaluated,not_evaluated
"Oh, snow...""",1.153061224489796,0.0443577276061967,98,86,9,3,not_evaluated,not_evaluated
More like Fisty the Snow Man.,1.153061224489796,0.0443577276061967,98,86,9,3,not_evaluated,not_evaluated
Just one of the downsides of having no spine.,1.153061224489796,0.0443577276061967,98,86,9,3,not_evaluated,not_evaluated
I told you not to go for the carrot.,1.153061224489796,0.0443577276061967,98,86,9,3,not_evaluated,not_evaluated
"Well,Calvin just likes to mess with people",1.153061224489796,0.0419191431527499,98,85,11,2,not_evaluated,not_evaluated
"Okay, you were right, the hat was dumb.",1.153061224489796,0.0443577276061967,98,86,9,3,not_evaluated,not_evaluated
"You did tell my to get my head in the game, Frank.",1.153061224489796,0.0443577276061967,98,86,9,3,not_evaluated,not_evaluated
"Ohhhhhh, I forgot my scarf",1.153061224489796,0.0419191431527499,98,85,11,2,not_evaluated,not_evaluated
"Oh, so now you think you're ahead of the game .",1.153061224489796,0.0419191431527499,98,85,11,2,not_evaluated,not_evaluated
"Oh, great. I never liked my carrot nose, and now I’ve got a cauliflower ear.",1.153061224489796,0.0443577276061967,98,86,9,3,not_evaluated,not_evaluated
That should clinch a win on points,1.153061224489796,0.0419191431527499,98,85,11,2,not_evaluated,not_evaluated
You're supposed to hit BELOW the belt!,1.153061224489796,0.0393296469210688,98,84,13,1,not_evaluated,not_evaluated
We can schedule a rematch in the spring .,1.153061224489796,0.0365571838523037,98,83,15,0,not_evaluated,not_evaluated
Now you're outnumbered!,1.153061224489796,0.0419191431527499,98,85,11,2,not_evaluated,not_evaluated
Seems we're not identical twins any more.,1.153061224489796,0.0393296469210688,98,84,13,1,not_evaluated,not_evaluated
I asked you to give me head.....,1.153061224489796,0.0419191431527499,98,85,11,2,not_evaluated,not_evaluated
"It's just a flesh wound. Come on and fight, you pansy. I'll poke your eyes out with my nose!",1.153061224489796,0.048871206961105,98,88,5,5,not_evaluated,not_evaluated
"Okay, next round, no head shots",1.153061224489796,0.0419191431527499,98,85,11,2,not_evaluated,not_evaluated
That didn't take long.,1.153061224489796,0.0419191431527499,98,85,11,2,not_evaluated,not_evaluated
Come over here and try that again.,1.153061224489796,0.0393296469210688,98,84,13,1,not_evaluated,not_evaluated
"— Am I winning coach? 
— That’s not what I meant with «hands up and head down» kiddo “  

Cc @fatu",1.153061224489796,0.0443577276061967,98,86,9,3,not_evaluated,not_evaluated
"I thought Boxing Day, was something different",1.153061224489796,0.0466690629229938,98,87,7,4,not_evaluated,not_evaluated
"When I said 'Knock my block off!' I meant that figuratively...""   #LuxyPostcardsEtc #Etsy #FaceBoo",1.153061224489796,0.0419191431527499,98,85,11,2,not_evaluated,not_evaluated
"So, who does this benefit?",1.153061224489796,0.0393296469210688,98,84,13,1,not_evaluated,not_evaluated
So that’s what snow clouds look like.,1.153061224489796,0.0393296469210688,98,84,13,1,not_evaluated,not_evaluated
We should’ve made a ref first,1.153061224489796,0.0443577276061967,98,86,9,3,not_evaluated,not_evaluated
"No, it isn't!",1.152941176470588,0.045852895808718,85,74,9,2,not_evaluated,not_evaluated
"The ref just called a 'TK Snow""",1.152941176470588,0.0392716687245308,85,72,13,0,not_evaluated,not_evaluated
"Hold on, would ya'? I need to get my head on straight.",1.152941176470588,0.0488118848116222,85,75,7,3,not_evaluated,not_evaluated
A little help here and the hat is yours.,1.152941176470588,0.0392716687245308,85,72,13,0,not_evaluated,not_evaluated
Maybe we should take up bowling.”,1.152941176470588,0.0426892961903475,85,73,11,1,not_evaluated,not_evaluated
The Mike Tyson Christmas card range never really caught on.,1.152941176470588,0.0426892961903475,85,73,11,1,not_evaluated,not_evaluated
You don't stand a snowballs chance in Hell,1.152941176470588,0.045852895808718,85,74,9,2,not_evaluated,not_evaluated
"If only I had knees, I would have ducked that one!",1.152941176470588,0.0426892961903475,85,73,11,1,not_evaluated,not_evaluated
They’re saying it’s overly symbolic.,1.152941176470588,0.0488118848116222,85,75,7,3,not_evaluated,not_evaluated
That was the coldest left hook I've ever felt...,1.152941176470588,0.0392716687245308,85,72,13,0,not_evaluated,not_evaluated
"Ok, so what if I lost my head !",1.1526717557251909,0.0397781316604578,131,116,10,5,not_evaluated,not_evaluated
I blame Taylor Swift.,1.152542372881356,0.0427694035606198,118,105,8,5,not_evaluated,not_evaluated
"Fight,I still got two balls intact.",1.1523809523809525,0.0401027809111097,105,91,12,2,not_evaluated,not_evaluated
I don't have a head for this kind of thing.,1.1523809523809525,0.0423247353205504,105,92,10,3,not_evaluated,not_evaluated
I told you no one wants to see white guys box.,1.1523809523809525,0.0401027809111097,105,91,12,2,not_evaluated,not_evaluated
The NFL just called and said you're good to keep going.,1.1523809523809525,0.0377502695838623,105,90,14,1,not_evaluated,not_evaluated
"Actually, I was just jealous of your hat.",1.1523809523809525,0.0423247353205504,105,92,10,3,not_evaluated,not_evaluated
"Yeah - it's a knock off - not a ""technical knockout."" .",1.1521739130434785,0.0407020996930237,92,79,12,1,not_evaluated,not_evaluated
A new perspective looking up at the sun - no need to fight since life is short and precious!,1.1521739130434785,0.043537942793157,92,80,10,2,not_evaluated,not_evaluated
Why do I always lose my head in these situations?,1.1521739130434785,0.043537942793157,92,80,10,2,not_evaluated,not_evaluated
"Technically, it's not a block. It's a ball.",1.1521739130434785,0.043537942793157,92,80,10,2,not_evaluated,not_evaluated
"Next round, I get the scarf.",1.1521739130434785,0.0376532784254103,92,78,14,0,not_evaluated,not_evaluated
"The buttons work as eyes too, you know.",1.1521739130434785,0.0462000433538712,92,81,8,3,not_evaluated,not_evaluated
TKO - total knock off!,1.1521739130434785,0.043537942793157,92,80,10,2,not_evaluated,not_evaluated
I didn't think you meant it literally.,1.1521739130434785,0.0407020996930237,92,79,12,1,not_evaluated,not_evaluated
"Well, guess who's sorry now?",1.1521739130434785,0.0462000433538712,92,81,8,3,not_evaluated,not_evaluated
"Snowy stared, unblinking...suddenly grasping that he too was simply part of the water cycle...",1.1521739130434785,0.043537942793157,92,80,10,2,not_evaluated,not_evaluated
"Well, I did say ‘Heads up!’”. And I think your hat is dorky, too.",1.1521739130434785,0.0376532784254103,92,78,14,0,not_evaluated,not_evaluated
I've had worse.,1.1521739130434785,0.0407020996930237,92,79,12,1,not_evaluated,not_evaluated
Not fair.  I haven't got a scarf.,1.1518987341772151,0.0479661232117135,79,69,8,2,not_evaluated,not_evaluated
"Hey, you gotta come check this out!",1.1518987341772151,0.0479661232117135,79,69,8,2,not_evaluated,not_evaluated
"I may love to box,but what I really would prefer to do is to play music with Mark!",1.1518987341772151,0.0512378660834386,79,70,6,3,not_evaluated,not_evaluated
The outcome was fixed! I was setup from the start. ”,1.1518987341772151,0.0406399936800568,79,67,12,0,not_evaluated,not_evaluated
Okay Climate change is real. What are you going to d o about it?,1.1518987341772151,0.0512378660834386,79,70,6,3,not_evaluated,not_evaluated
I said: below the waist!,1.1517857142857142,0.0384919667457111,112,97,13,2,not_evaluated,not_evaluated
What Next?,1.1517857142857142,0.0363422115875984,112,96,15,1,not_evaluated,not_evaluated
Why do I suddenly feel like I have two eyes made out of coal?,1.1517857142857142,0.0340570283818569,112,95,17,0,not_evaluated,not_evaluated
"Once again, we're snowmen, not Rock-em
Sock-em Robots!",1.1515151515151516,0.0439345955198796,99,87,9,3,not_evaluated,not_evaluated
I didn't know your heart was made out of coal too?,1.1515151515151516,0.0462211179741614,99,88,7,4,not_evaluated,not_evaluated
"I said, only below the buttons",1.1515151515151516,0.0389610389610389,99,85,13,1,not_evaluated,not_evaluated
That’s how you roll with the punches.,1.1515151515151516,0.0439345955198796,99,87,9,3,not_evaluated,not_evaluated
Not sure I am going to get up from this one,1.1515151515151516,0.0389610389610389,99,85,13,1,not_evaluated,not_evaluated
Karma is going to be that you will melt first!,1.1515151515151516,0.0415223508511923,99,86,11,2,not_evaluated,not_evaluated
Guess you’ve gotta roll with the punches.,1.1515151515151516,0.0462211179741614,99,88,7,4,not_evaluated,not_evaluated
Head to head boxing match!,1.1515151515151516,0.0439345955198796,99,87,9,3,not_evaluated,not_evaluated
We could have talked this through like grown snowmen.,1.1515151515151516,0.0389610389610389,99,85,13,1,not_evaluated,not_evaluated
"Fight me, coward, it’s just a flesh wound!",1.1515151515151516,0.0415223508511923,99,86,11,2,not_evaluated,not_evaluated
My shoe was not untied!  I don’t even wear shoes.,1.1515151515151516,0.0439345955198796,99,87,9,3,not_evaluated,not_evaluated
"This wasn't what I had in mind when you said ""snowball fight.""",1.1515151515151516,0.0389610389610389,99,85,13,1,not_evaluated,not_evaluated
Fifteen Love.,1.1515151515151516,0.0415223508511923,99,86,11,2,not_evaluated,not_evaluated
Knock . . . off?,1.1511627906976745,0.0422274534842042,86,74,11,1,not_evaluated,not_evaluated
"Ok, I shouldn’t have called you a snowflake",1.1511627906976745,0.0422274534842042,86,74,11,1,not_evaluated,not_evaluated
"Hey, we said no kicking!",1.1511627906976745,0.0422274534842042,86,74,11,1,not_evaluated,not_evaluated
I don't think the Johnson's have a sense of humor.,1.1511627906976745,0.0422274534842042,86,74,11,1,not_evaluated,not_evaluated
You didn't give me a chance to warm up.,1.1511627906976745,0.0422274534842042,86,74,11,1,not_evaluated,not_evaluated
"If you think you have the upper hand, think again. The groundhog did not see its shadow.",1.1511627906976745,0.0422274534842042,86,74,11,1,not_evaluated,not_evaluated
It fell off before you hit me. Climates gotten too warm for boxing snowmen.,1.1511627906976745,0.0536427914321269,86,78,3,5,not_evaluated,not_evaluated
I told the kid I wanted the scarf and not the hat.,1.1511627906976745,0.0422274534842042,86,74,11,1,not_evaluated,not_evaluated
"Oh great, now you really *did* knock my block off",1.1511627906976745,0.0422274534842042,86,74,11,1,not_evaluated,not_evaluated
I guess things are looking up now.,1.1511627906976745,0.0422274534842042,86,74,11,1,not_evaluated,not_evaluated
"The snowman themed 'rock em, sock em' robots weren't big sellers...",1.1511627906976745,0.0453514678811848,86,75,9,2,not_evaluated,not_evaluated
I give them points for creativity and flair plus an extra mark for leaving me the beanie.,1.1511627906976745,0.0453514678811848,86,75,9,2,not_evaluated,not_evaluated
"Head down, dukes up.",1.1511627906976745,0.0453514678811848,86,75,9,2,not_evaluated,not_evaluated
This was rigged .,1.150943396226415,0.039748655133722,106,92,12,2,not_evaluated,not_evaluated
Now what ... a kick to the groin?,1.150943396226415,0.0419481835632572,106,93,10,3,not_evaluated,not_evaluated
Heads up!...oops,1.150943396226415,0.0419481835632572,106,93,10,3,not_evaluated,not_evaluated
Guess you're the 'head' referee now?,1.150943396226415,0.039748655133722,106,92,12,2,not_evaluated,not_evaluated
Give me a heads-up when you're ready to end our cold war.,1.150943396226415,0.0440379906850197,106,94,8,4,not_evaluated,not_evaluated
I'll put some ice on it tomorrow.,1.150943396226415,0.0419481835632572,106,93,10,3,not_evaluated,not_evaluated
That right hook is snow joke.,1.150943396226415,0.0374200623412415,106,91,14,1,not_evaluated,not_evaluated
I knocked his head off.,1.150943396226415,0.0374200623412415,106,91,14,1,not_evaluated,not_evaluated
This isn't something to lose your head over!,1.150943396226415,0.0419481835632572,106,93,10,3,not_evaluated,not_evaluated
Clearly you give a whole new meaning to “I will knock your block off”.,1.150943396226415,0.0374200623412415,106,91,14,1,not_evaluated,not_evaluated
No! The ring was your idea!,1.1505376344086022,0.0372821286938999,93,79,14,0,not_evaluated,not_evaluated
Don't you miss Calvin and Hobbes?,1.1505376344086022,0.0402953001061551,93,80,12,1,not_evaluated,not_evaluated
"Okay, I take it back.",1.1505376344086022,0.0430983213285818,93,81,10,2,not_evaluated,not_evaluated
You are such a doll,1.1505376344086022,0.0402953001061551,93,80,12,1,not_evaluated,not_evaluated
Looks like a storm is coming.,1.1505376344086022,0.0482179788329505,93,83,6,4,not_evaluated,not_evaluated
That wasn't so bad. I still got my hat on.,1.1505376344086022,0.0457298523071995,93,82,8,3,not_evaluated,not_evaluated
Shall we call that round a draw?,1.1505376344086022,0.0457298523071995,93,82,8,3,not_evaluated,not_evaluated
"Okay, my turn next.",1.1505376344086022,0.0402953001061551,93,80,12,1,not_evaluated,not_evaluated
''I'll beheading off then.'',1.1505376344086022,0.0430983213285818,93,81,10,2,not_evaluated,not_evaluated
"Wow, you really did knock my block off.",1.1505376344086022,0.0457298523071995,93,82,8,3,not_evaluated,not_evaluated
"Toughen up Dave, stop being such a snowflake",1.1505376344086022,0.0482179788329505,93,83,6,4,not_evaluated,not_evaluated
Hey! Check out the eclipse!,1.1505376344086022,0.0430983213285818,93,81,10,2,not_evaluated,not_evaluated
Yaahh!  Wise guy!,1.1505376344086022,0.0402953001061551,93,80,12,1,not_evaluated,not_evaluated
Tis but a scratch.  Chicken.  Victory is mine.,1.1505376344086022,0.0402953001061551,93,80,12,1,not_evaluated,not_evaluated
Let's keep it fair. Pop your eyes out.,1.1505376344086022,0.0402953001061551,93,80,12,1,not_evaluated,not_evaluated
"The Headless Snowman's undefeated, and today is just another day.",1.1505376344086022,0.0482179788329505,93,83,6,4,not_evaluated,not_evaluated
This is NOT how a snowman is supposed to teach children about loss!,1.1505376344086022,0.0482179788329505,93,83,6,4,not_evaluated,not_evaluated
"And, China wins by a cheap knock off",1.1505376344086022,0.0430983213285818,93,81,10,2,not_evaluated,not_evaluated
"''Put Up Your Mittens""",1.1505376344086022,0.0430983213285818,93,81,10,2,not_evaluated,not_evaluated
"It’s okay, this specifically qualifies for my AD&D Insurance",1.1505376344086022,0.0402953001061551,93,80,12,1,not_evaluated,not_evaluated
Have you seen my scarf?,1.1505376344086022,0.0430983213285818,93,81,10,2,not_evaluated,not_evaluated
"Just wait till spring, motherfucker.",1.1504424778761062,0.0381734491703773,113,98,13,2,not_evaluated,not_evaluated
I never had a snowman's chance in hell.,1.1504424778761062,0.0401900489481967,113,99,11,3,not_evaluated,not_evaluated
"That's what you get for biting my ear off, Mike.",1.1504424778761062,0.0401900489481967,113,99,11,3,not_evaluated,not_evaluated
Dukes up! Head off,1.1504424778761062,0.0439465090792043,113,101,7,5,not_evaluated,not_evaluated
Allergies! I wish I hadn't sneezed!,1.15,0.0411329453348431,100,87,11,2,not_evaluated,not_evaluated
So no head?,1.15,0.0411329453348431,100,87,11,2,not_evaluated,not_evaluated
"You're sorry, you're sorry.  Roll with the punch you said. ""Oops"" just doesn't cut it!",1.15,0.0411329453348431,100,87,11,2,not_evaluated,not_evaluated
"Go on, hit me below the belt.",1.15,0.0411329453348431,100,87,11,2,not_evaluated,not_evaluated
"If I feel a phantom limb, can I feel my face twice?",1.15,0.0411329453348431,100,87,11,2,not_evaluated,not_evaluated
Do we know how to count backwards?,1.15,0.0474007958059564,80,70,8,2,not_evaluated,not_evaluated
"You’re right, scarves are the superior winter accessory.",1.15,0.0358870281282637,100,85,15,0,not_evaluated,not_evaluated
At least I don't have to worry about putting some ice on it.,1.15,0.0411329453348431,100,87,11,2,not_evaluated,not_evaluated
"If you can keep your head when all about you   
    Are losing theirs and blaming it on you,",1.15,0.0411329453348431,100,87,11,2,not_evaluated,not_evaluated
It’s not your fault… I’ve been a little weaker since global warming.,1.15,0.0411329453348431,100,87,11,2,not_evaluated,not_evaluated
"NOT TO WORRY I  AM STILL FIERCE..BESIDES WE ARE BOTH STANDING STILL .. I GAVE YOU THE FIRST PUNCH TO ""SEE"" WHAT YOUR PUNCHING WITH..MY RETURN PUNCH WILL KNOCK YOUR BLOCK OFF AND TOTAL THE OTHER 2  BODILY SECTIONS..",1.15,0.0435194139889244,100,88,9,3,not_evaluated,not_evaluated
I didn’t realize that you’re a Northpaw,1.15,0.0474007958059564,80,70,8,2,not_evaluated,not_evaluated
"Dude,not cool!",1.15,0.0386211941640268,120,105,12,3,not_evaluated,not_evaluated
Just wait for spring and it'll be your turn too!,1.15,0.0385992097056273,100,86,13,1,not_evaluated,not_evaluated
"In the end, the climate wars came down to hand-to-hand combat",1.15,0.0474007958059564,80,70,8,2,not_evaluated,not_evaluated
I knew he was a knock-off!,1.15,0.0411329453348431,100,87,11,2,not_evaluated,not_evaluated
KO. And here comes the sun.,1.15,0.0401736736014135,80,68,12,0,not_evaluated,not_evaluated
"Off in the distance, a child’s voice is heard screaming, “He knocked his block off!”",1.15,0.0385992097056273,100,86,13,1,not_evaluated,not_evaluated
"Time out, I’m feeling a bit light headed…",1.15,0.0457816513022367,100,89,7,4,not_evaluated,not_evaluated
It's a face-off!,1.15,0.050628955541671,80,71,6,3,not_evaluated,not_evaluated
Look. It's a comet!,1.1495327102803738,0.0394006819698034,107,93,12,2,not_evaluated,not_evaluated
This is what I get after a hot streak.,1.1495327102803738,0.0346372956966227,107,91,16,0,not_evaluated,not_evaluated
"Not bad for a first lesson. Pick up your head, work on your basics, and we'll meet again next week.",1.1494252873563218,0.0448608160649388,87,76,9,2,not_evaluated,not_evaluated
"Nobody is ever gonna call ME ""Snow Flake"" again!",1.1494252873563218,0.0417754067801899,87,75,11,1,not_evaluated,not_evaluated
Let’s just work the body for a while.,1.1494252873563218,0.0448608160649388,87,76,9,2,not_evaluated,not_evaluated
I’d keep icing that head injury,1.1494252873563218,0.0448608160649388,87,76,9,2,not_evaluated,not_evaluated
"Okay, one round down.",1.1494252873563218,0.0417754067801899,87,75,11,1,not_evaluated,not_evaluated
Okay-you've won round one!,1.1494252873563218,0.0448608160649388,87,76,9,2,not_evaluated,not_evaluated
Down but not out,1.1494252873563218,0.0417754067801899,87,75,11,1,not_evaluated,not_evaluated
You should have seen the other guy,1.1494252873563218,0.0417754067801899,87,75,11,1,not_evaluated,not_evaluated
"Okay, new rules.",1.1494252873563218,0.0417754067801899,87,75,11,1,not_evaluated,not_evaluated
"Okay, spring break !",1.1494252873563218,0.0417754067801899,87,75,11,1,not_evaluated,not_evaluated
"You still can't have my hat, you can't reach it!",1.148936170212766,0.0426674284505853,94,82,10,2,not_evaluated,not_evaluated
"Now,do you understand why I always pick briefs over boxers😏?!?",1.148936170212766,0.0452690849254874,94,83,8,3,not_evaluated,not_evaluated
Would I rather play soccer? Why do you ask?,1.148936170212766,0.0426674284505853,94,82,10,2,not_evaluated,not_evaluated
Note to self: don’t try to hold in your sneeze.,1.148936170212766,0.0398964766762762,94,81,12,1,not_evaluated,not_evaluated
I didn’t expect that flurry of punches.,1.148936170212766,0.0452690849254874,94,83,8,3,not_evaluated,not_evaluated
"When you said you wanted to reënact “Rocky,” I didn’t think you meant “Rocky IV.”",1.148936170212766,0.0452690849254874,94,83,8,3,not_evaluated,not_evaluated
Now you're Frosty the headless snowman!,1.148936170212766,0.036918129039477,94,80,14,0,not_evaluated,not_evaluated
You've knocked me off my feet!,1.148936170212766,0.0452690849254874,94,83,8,3,not_evaluated,not_evaluated
How am I doing?,1.148936170212766,0.036918129039477,94,80,14,0,not_evaluated,not_evaluated
"That's not what the coach meant when he said, ""Keep your neck loose.""",1.148936170212766,0.0398964766762762,94,81,12,1,not_evaluated,not_evaluated
"No fair, you hit me!",1.148936170212766,0.036918129039477,94,80,14,0,not_evaluated,not_evaluated
No fair.  The referee's taking his nap.,1.148936170212766,0.0398964766762762,94,81,12,1,not_evaluated,not_evaluated
"Time out, I'm having an off of body experience",1.148936170212766,0.0452690849254874,94,83,8,3,not_evaluated,not_evaluated
"Dude, I'm just helping you with the inevitable.""",1.148936170212766,0.036918129039477,94,80,14,0,not_evaluated,not_evaluated
Why do I always have to be the Sonny Liston snow man?,1.148936170212766,0.0398964766762762,94,81,12,1,not_evaluated,not_evaluated
No fair! You didn't wait for the sleigh bell!,1.148936170212766,0.036918129039477,94,80,14,0,not_evaluated,not_evaluated
Lost ahead of happenstance...,1.148936170212766,0.0452690849254874,94,83,8,3,not_evaluated,not_evaluated
Gee...... I TOLD you to beware of my left jab....☹️,1.148936170212766,0.036918129039477,94,80,14,0,not_evaluated,not_evaluated
You didn't hit me. I turned my head.,1.148936170212766,0.0398964766762762,94,81,12,1,not_evaluated,not_evaluated
Okay okay. I’ll admit it…maybe global warming is real.,1.148936170212766,0.0426674284505853,94,82,10,2,not_evaluated,not_evaluated
Warming up to much is a thing too,1.148936170212766,0.0398964766762762,94,81,12,1,not_evaluated,not_evaluated
I was expecting a less intense flurry.,1.1485148514851484,0.0382439760709465,101,87,13,1,not_evaluated,not_evaluated
"I don't like violence, don't force me to use it against you.",1.1485148514851484,0.0431119624892619,101,89,9,3,not_evaluated,not_evaluated
Don't worry about it. Probably would've fallen off during this weekend's warm up anyways.,1.1485148514851484,0.0453504257053417,101,90,7,4,not_evaluated,not_evaluated
Climate change is partially responsible for that wallop.,1.1485148514851484,0.0355609603882534,101,86,15,0,not_evaluated,not_evaluated
I just gotta put some ice on it.,1.1485148514851484,0.0407507240143697,101,88,11,2,not_evaluated,not_evaluated
Just a slush wound. No worries!,1.1485148514851484,0.0431119624892619,101,89,9,3,not_evaluated,not_evaluated
Should have listened to my trainer and took a scarf sponsorship.,1.1485148514851484,0.0355609603882534,101,86,15,0,not_evaluated,not_evaluated
This isn’t what happens when the humans do it.,1.148148148148148,0.0367765153714786,108,93,14,1,not_evaluated,not_evaluated
Snow reason to concede. I'll just appeal.,1.148148148148148,0.0397177973880133,81,69,12,0,not_evaluated,not_evaluated
I thought Boxing Day was about presents,1.148148148148148,0.0452193890823554,108,97,6,5,not_evaluated,not_evaluated
How about a rematch?,1.148148148148148,0.0390587038878252,108,94,12,2,not_evaluated,not_evaluated
"Kill the head and the body will die...I think""",1.148148148148148,0.0390587038878252,108,94,12,2,not_evaluated,not_evaluated
"-
. . . best 2 out of 3?!",1.148148148148148,0.0500342818003937,81,72,6,3,not_evaluated,not_evaluated
"Knocked out cold,martyr-style",1.1478260869565218,0.0395309614405387,115,101,11,3,not_evaluated,not_evaluated
The champ seems to have lost his head as he goes down in a flurry!,1.1477272727272727,0.0443805993487705,88,77,9,2,not_evaluated,not_evaluated
Come on Bob. Keep a cool head.,1.1477272727272727,0.0413328510836402,88,76,11,1,not_evaluated,not_evaluated
Shit,1.1477272727272727,0.0443805993487705,88,77,9,2,not_evaluated,not_evaluated
You said you’d knock my head off.  I didn’t know you really meant it,1.1477272727272727,0.0443805993487705,88,77,9,2,not_evaluated,not_evaluated
This cloud looks just like you,1.1477272727272727,0.0443805993487705,88,77,9,2,not_evaluated,not_evaluated
Well that was a bit cold.,1.1477272727272727,0.0472320930979117,88,78,7,3,not_evaluated,not_evaluated
"May be in the winter of my years, folks, but at least I haven't lost my mind.",1.1477272727272727,0.0380417081484083,88,75,13,0,not_evaluated,not_evaluated
Of course you can still run for President.,1.1477272727272727,0.0413328510836402,88,76,11,1,not_evaluated,not_evaluated
Everyone has a game plan until you get punched in the mouth,1.1477272727272727,0.0443805993487705,88,77,9,2,not_evaluated,not_evaluated
"Right, it's those kids who staged the whole scene.",1.1477272727272727,0.0443805993487705,88,77,9,2,not_evaluated,not_evaluated
No fair!  We're only allowed to punch below the belt!,1.1477272727272727,0.0443805993487705,88,77,9,2,not_evaluated,not_evaluated
You better call 911. I can’t feel my body.”,1.1477272727272727,0.0472320930979117,88,78,7,3,not_evaluated,not_evaluated
"Can't feel my legs, Johnny!",1.1477272727272727,0.0413328510836402,88,76,11,1,not_evaluated,not_evaluated
I’m gonna try this from a different perspective.,1.1477272727272727,0.0380417081484083,88,75,13,0,not_evaluated,not_evaluated
"Yeah, the kiddo forgot the stick again.",1.1473684210526316,0.0422450088562631,95,83,10,2,not_evaluated,not_evaluated
Good luck getting it off my head.,1.1473684210526316,0.0422450088562631,95,83,10,2,not_evaluated,not_evaluated
This could have been a win-win!,1.1473684210526316,0.0422450088562631,95,83,10,2,not_evaluated,not_evaluated
"You not only have a height advantage over me, but you also struck before I said, ""Ready!!",1.1473684210526316,0.0395053997262686,95,82,12,1,not_evaluated,not_evaluated
"So, you probably think I should turn the other cheek?",1.1473684210526316,0.0448174624337348,95,84,8,3,not_evaluated,not_evaluated
I think we should try some other sport,1.1473684210526316,0.0395053997262686,95,82,12,1,not_evaluated,not_evaluated
I don’t care what your pronouns are. That was still a cheap shot.,1.1473684210526316,0.0472500698912998,95,85,6,4,not_evaluated,not_evaluated
Can you hand me my phone?,1.1473684210526316,0.0422450088562631,95,83,10,2,not_evaluated,not_evaluated
"Damnit Larry, you know I don't have health insurance 😂",1.1473684210526316,0.0395053997262686,95,82,12,1,not_evaluated,not_evaluated
I've just been cold-cocked.,1.1472868217054264,0.0349778016429845,129,112,15,2,not_evaluated,not_evaluated
I know you wanted the hat.....but now nobody gets to wear it.,1.1470588235294117,0.0403754915644375,102,89,11,2,not_evaluated,not_evaluated
Should we take it down a notch?,1.1470588235294117,0.0378951614101994,102,88,13,1,not_evaluated,not_evaluated
"Yeah, but you didn't break my carrot nose, Ray!",1.1470588235294117,0.0403754915644375,102,89,11,2,not_evaluated,not_evaluated
I probably should have warmed up first.,1.1470588235294117,0.0427120285146335,102,90,9,3,not_evaluated,not_evaluated
Global warming was going to kill us anyway.,1.1470588235294117,0.0378951614101994,102,88,13,1,not_evaluated,not_evaluated
"Hey,no fair,you know I have a glacé jaw",1.1470588235294117,0.0427120285146335,102,90,9,3,not_evaluated,not_evaluated
I wonder when I come back someday if I'll still have CTE.,1.1470588235294117,0.0449272126956455,102,91,7,4,not_evaluated,not_evaluated
"As the severity of the blow sank in, both boxers froze.",1.146788990825688,0.0408574593758023,109,96,10,3,not_evaluated,not_evaluated
"Yeah, I said, ‘Don’t lose your head.’ Now, just don’t lose mine.",1.146788990825688,0.0428862058470186,109,97,8,4,not_evaluated,not_evaluated
"I said ""get ready,"" not ""behead me!"" Co-pay isn't going to cover this either.",1.146788990825688,0.0428862058470186,109,97,8,4,not_evaluated,not_evaluated
"I didn't mean to hurt him, I swear.",1.146788990825688,0.0408574593758023,109,96,10,3,not_evaluated,not_evaluated
I can watch global warming better from here,1.1466666666666667,0.0491122389228185,75,66,7,2,not_evaluated,not_evaluated
Oh well. Winter’s almost over anyway.,1.1466666666666667,0.0452951614596046,75,65,9,1,not_evaluated,not_evaluated
No más.,1.146551724137931,0.0372485278274388,116,101,13,2,not_evaluated,not_evaluated
Do you wanna build a snowman?,1.146551724137931,0.0351785131554791,116,100,15,1,not_evaluated,not_evaluated
he was always head and shoulders above me,1.146341463414634,0.0429349038421541,82,71,10,1,not_evaluated,not_evaluated
"Okay, I’m sorry I took your hat.",1.146341463414634,0.0392720237024104,82,70,12,0,not_evaluated,not_evaluated
"No, it's only a TKO. I am, at the end of the day, ""still standing """,1.146341463414634,0.0463089633892549,82,72,8,2,not_evaluated,not_evaluated
Oh no!  Now you've done it.,1.146341463414634,0.0463089633892549,82,72,8,2,not_evaluated,not_evaluated
I’ll make a snowman out of you one day.,1.146067415730337,0.0467278698385757,89,79,7,3,not_evaluated,not_evaluated
"They told me to float like a snowflake.""",1.146067415730337,0.0408994937600029,89,77,11,1,not_evaluated,not_evaluated
"I’m the rope-a-dope dope, not the great white hope.",1.146067415730337,0.0408994937600029,89,77,11,1,not_evaluated,not_evaluated
"You used to be a jolly happy soul, Frosty. Now you need anger management.",1.146067415730337,0.043910490827793,89,78,9,2,not_evaluated,not_evaluated
s'no knockout,1.146067415730337,0.0408994937600029,89,77,11,1,not_evaluated,not_evaluated
"Dang it, I couldn't match his foot work!.",1.146067415730337,0.0467278698385757,89,79,7,3,not_evaluated,not_evaluated
Rematch next snowfall?,1.146067415730337,0.0467278698385757,89,79,7,3,not_evaluated,not_evaluated
I still say your mama was a snow machine.,1.146067415730337,0.0493847793815468,89,80,5,4,not_evaluated,not_evaluated
"Thanks for the concussion Champ! Half the time I’m seeing stars and the rest of the time, little birds are flying around.",1.146067415730337,0.0408994937600029,89,77,11,1,not_evaluated,not_evaluated
"You wouldn't do that if this were July,",1.146067415730337,0.0467278698385757,89,79,7,3,not_evaluated,not_evaluated
I just had some work done!,1.146067415730337,0.0376484524902597,89,76,13,0,not_evaluated,not_evaluated
Is your personal liability insurance paid up?,1.146067415730337,0.0467278698385757,89,79,7,3,not_evaluated,not_evaluated
I’m a head on points,1.146067415730337,0.043910490827793,89,78,9,2,not_evaluated,not_evaluated
‘Knock it off’ means stop.,1.146067415730337,0.043910490827793,89,78,9,2,not_evaluated,not_evaluated
Hats off to you for that hit!,1.146067415730337,0.043910490827793,89,78,9,2,not_evaluated,not_evaluated
Stop calling me Marie Antionette!,1.146067415730337,0.0467278698385757,89,79,7,3,not_evaluated,not_evaluated
"When I said freeze, you punched!",1.146067415730337,0.043910490827793,89,78,9,2,not_evaluated,not_evaluated
"Hey! That was below the carrot,man.",1.146067415730337,0.0408994937600029,89,77,11,1,not_evaluated,not_evaluated
"No, really, things are looking up!",1.146067415730337,0.0467278698385757,89,79,7,3,not_evaluated,not_evaluated
"Float like a butterfly, sting like a third grader at recess",1.1458333333333333,0.0443747168675589,96,85,8,3,not_evaluated,not_evaluated
This is the Only season I'll let you do that.,1.1458333333333333,0.0362107823753356,96,82,14,0,not_evaluated,not_evaluated
That was a some right hook!,1.1458333333333333,0.0362107823753356,96,82,14,0,not_evaluated,not_evaluated
"Hmmm, the knockout gets it over with faster than the usual way.",1.1458333333333333,0.0443747168675589,96,85,8,3,not_evaluated,not_evaluated
My dad was right… I am snowflakes,1.1458333333333333,0.0391218481905949,96,83,12,1,not_evaluated,not_evaluated
I know that wouldn't have happened if I'd had my old top hat.,1.1458333333333333,0.0362107823753356,96,82,14,0,not_evaluated,not_evaluated
"OK, you can punch. We’ll see who melts first.",1.1458333333333333,0.0418308170068669,96,84,10,2,not_evaluated,not_evaluated
"Better call our ""maker"" before the sun comes out.",1.1458333333333333,0.0362107823753356,96,82,14,0,not_evaluated,not_evaluated
"You always just have to take that illegal head shot, don’t you?",1.1458333333333333,0.0443747168675589,96,85,8,3,not_evaluated,not_evaluated
Sully knew his anger problem was snowballing.,1.1458333333333333,0.046780484635049,96,86,6,4,not_evaluated,not_evaluated
"Boy, you really knocked me out cold",1.1458333333333333,0.0418308170068669,96,84,10,2,not_evaluated,not_evaluated
Put up your........oops!,1.145631067961165,0.0375525952386118,103,89,13,1,not_evaluated,not_evaluated
I know it feels like putting a hat on a hat but ice always helps with snow-related injuries.,1.145631067961165,0.0400070596052068,103,90,11,2,not_evaluated,not_evaluated
Hey! No hitting above the scarf!,1.145631067961165,0.0400070596052068,103,90,11,2,not_evaluated,not_evaluated
Losing your head due to global warming is no excuse.,1.145631067961165,0.0400070596052068,103,90,11,2,not_evaluated,not_evaluated
"Yield, yon snowy knave?",1.145631067961165,0.0423194072188415,103,91,9,3,not_evaluated,not_evaluated
Just a mere scratch!,1.145631067961165,0.0400070596052068,103,90,11,2,not_evaluated,not_evaluated
"He's out cold, doc.",1.145631067961165,0.0375525952386118,103,89,13,1,not_evaluated,not_evaluated
We were just horsing around and I lost my head.,1.145631067961165,0.0400070596052068,103,90,11,2,not_evaluated,not_evaluated
"You know, it really is nice to look up more!",1.145631067961165,0.0375525952386118,103,89,13,1,not_evaluated,not_evaluated
Pick your head up off the ground and fight like a snowman!,1.145631067961165,0.0400070596052068,103,90,11,2,not_evaluated,not_evaluated
Told you I could knock your [ice] block off!,1.145631067961165,0.0375525952386118,103,89,13,1,not_evaluated,not_evaluated
I think I can see your snowballs.,1.1454545454545455,0.0383921289984653,110,96,12,2,not_evaluated,not_evaluated
I shoulda worn that old silk hat.,1.1454545454545455,0.0361545280378816,110,95,14,1,not_evaluated,not_evaluated
": ""3-2-1, sock it to me, Man!""",1.1454545454545455,0.0361545280378816,110,95,14,1,not_evaluated,not_evaluated
There's a nicer way to ask to borrow my hat.,1.1454545454545455,0.0425154902573221,110,98,8,4,not_evaluated,not_evaluated
"I meant Sleigh bells, not Slay bells, Parson Brown!",1.1454545454545455,0.0405063111184865,110,97,10,3,not_evaluated,not_evaluated
"Just hold on. My cornerman will be here on Saturday.""",1.1452991452991452,0.0388930180504621,117,103,11,3,not_evaluated,not_evaluated
No! My shoulders have to be in contact with the ground.,1.144736842105263,0.0447368421052631,76,66,9,1,not_evaluated,not_evaluated
We are both going to melt anyway so why all the fuss over a condom?”,1.144578313253012,0.0488857030843788,83,74,6,3,not_evaluated,not_evaluated
You don’t seem to have your wits about you!,1.144578313253012,0.0424510923948176,83,72,10,1,not_evaluated,not_evaluated
"Wow, I didn’t see that coming !",1.144578313253012,0.0457815858810471,83,73,8,2,not_evaluated,not_evaluated
Good one!,1.144578313253012,0.0388360256108036,83,71,12,0,not_evaluated,not_evaluated
"Not knowing what to do, they both just stood there, frozen.",1.144578313253012,0.0457815858810471,83,73,8,2,not_evaluated,not_evaluated
"Ummm, Frosty?  Come on, don’t lose your cool.  It’s just a game.  Not worth a meltdown.  Seriously, get your head back in the game.",1.144578313253012,0.0424510923948176,83,72,10,1,not_evaluated,not_evaluated
"It has become much more difficult to plant a right hook, don't you think?",1.144578313253012,0.0388360256108036,83,71,12,0,not_evaluated,not_evaluated
They said my head wasn’t screwed on tight….,1.144578313253012,0.0424510923948176,83,72,10,1,not_evaluated,not_evaluated
The hat still looks better on me.,1.144578313253012,0.0424510923948176,83,72,10,1,not_evaluated,not_evaluated
He tends to lose his head when he gets too cold.,1.144578313253012,0.0457815858810471,83,73,8,2,not_evaluated,not_evaluated
"I may have lost this round, but at least I'm 'a-head'!",1.144578313253012,0.0424510923948176,83,72,10,1,not_evaluated,not_evaluated
Now I know how your wife feels.,1.144578313253012,0.0424510923948176,83,72,10,1,not_evaluated,not_evaluated
"What's next, big shot? The steps of the Philadelphia Museum of Art?",1.144578313253012,0.0488857030843788,83,74,6,3,not_evaluated,not_evaluated
so this is what snowmen do at night...,1.144578313253012,0.0424510923948176,83,72,10,1,not_evaluated,not_evaluated
Tis but a bruise.,1.144578313253012,0.0424510923948176,83,72,10,1,not_evaluated,not_evaluated
I'll have what she's having,1.144578313253012,0.0488857030843788,83,74,6,3,not_evaluated,not_evaluated
Now I'm frosted!,1.1444444444444444,0.0404750539257196,90,78,11,1,not_evaluated,not_evaluated
Thank you sir! May I have another?,1.1444444444444444,0.0404750539257196,90,78,11,1,not_evaluated,not_evaluated
That right hook is a killer.,1.1444444444444444,0.0434501769895963,90,79,9,2,not_evaluated,not_evaluated
I swear I never laid a hand on him.,1.1444444444444444,0.0404750539257196,90,78,11,1,not_evaluated,not_evaluated
I should've chosen the scarf over the hat.,1.1444444444444444,0.0404750539257196,90,78,11,1,not_evaluated,not_evaluated
He said it was nostalgia for his Rock-em-Sock-em Robots,1.1444444444444444,0.0372631466754028,90,77,13,0,not_evaluated,not_evaluated
"Nope, obviously not rigged, but they'll believe anything I tell  'em.",1.1444444444444444,0.0434501769895963,90,79,9,2,not_evaluated,not_evaluated
"Bowling’s a no too, Olaf",1.1444444444444444,0.0462342488915368,90,80,7,3,not_evaluated,not_evaluated
"Rockem Sockem Snowman Mayhem? Seriously, Frank?",1.1444444444444444,0.0434501769895963,90,79,9,2,not_evaluated,not_evaluated
I'll see you in Hell! As soon as the sun comes out.,1.1444444444444444,0.0434501769895963,90,79,9,2,not_evaluated,not_evaluated
"Well,wanna rematch next snow day?",1.1444444444444444,0.0404750539257196,90,78,11,1,not_evaluated,not_evaluated
All I can say is you're lucky the sun rises in the east.,1.1444444444444444,0.0434501769895963,90,79,9,2,not_evaluated,not_evaluated
"Snow fair, my eyes were coals.",1.1444444444444444,0.0434501769895963,90,79,9,2,not_evaluated,not_evaluated
"Oh, that’s gonna need ice!",1.1444444444444444,0.0434501769895963,90,79,9,2,not_evaluated,not_evaluated
Next time wear a scarf,1.1443298969072164,0.0414246166709319,97,85,10,2,not_evaluated,not_evaluated
Rock 'em Sock.........,1.1443298969072164,0.0439405905585719,97,86,8,3,not_evaluated,not_evaluated
I always did look up to you.,1.1443298969072164,0.035867054544928,97,83,14,0,not_evaluated,not_evaluated
I thought we were shadowboxing.,1.1443298969072164,0.0387456092226106,97,84,12,1,not_evaluated,not_evaluated
"I said, on the count of three!!!",1.1443298969072164,0.0387456092226106,97,84,12,1,not_evaluated,not_evaluated
Reducing headcount,1.1443298969072164,0.0387456092226106,97,84,12,1,not_evaluated,not_evaluated
I thought we said heads were off limits,1.1443298969072164,0.0387456092226106,97,84,12,1,not_evaluated,not_evaluated
We've been set up!,1.1443298969072164,0.0439405905585719,97,86,8,3,not_evaluated,not_evaluated
Get over yourself - it's just a flesh wound.,1.1443298969072164,0.0414246166709319,97,85,10,2,not_evaluated,not_evaluated
"Hey, you said no head hits!",1.1443298969072164,0.0387456092226106,97,84,12,1,not_evaluated,not_evaluated
Note to self: next time invest in a sturdier neck.,1.1443298969072164,0.0414246166709319,97,85,10,2,not_evaluated,not_evaluated
With one hand tied behind my back? How about this?,1.1443298969072164,0.0414246166709319,97,85,10,2,not_evaluated,not_evaluated
You would have melted soon anyway.,1.1443298969072164,0.0414246166709319,97,85,10,2,not_evaluated,not_evaluated
Next time I’ll wear a scarf to stay cold.,1.1443298969072164,0.035867054544928,97,83,14,0,not_evaluated,not_evaluated
"Never heard of the Headless Snowman, have you ?",1.1443298969072164,0.0414246166709319,97,85,10,2,not_evaluated,not_evaluated
Sorry--sometimes I get so into it I just lose my head.,1.1443298969072164,0.0387456092226106,97,84,12,1,not_evaluated,not_evaluated
"It's called knockout, NOT knockoff!",1.1443298969072164,0.0414246166709319,97,85,10,2,not_evaluated,not_evaluated
The $4 well drinks did it.,1.1443298969072164,0.0414246166709319,97,85,10,2,not_evaluated,not_evaluated
The scarf apparently protects your neck,1.1443298969072164,0.0387456092226106,97,84,12,1,not_evaluated,not_evaluated
when did you get such a great right hook?,1.1442307692307692,0.0372161129719919,104,90,13,1,not_evaluated,not_evaluated
"I always said, you got no footwork.",1.1442307692307692,0.0441039517152646,104,93,7,4,not_evaluated,not_evaluated
I'm still no snow angel?,1.1442307692307692,0.0372161129719919,104,90,13,1,not_evaluated,not_evaluated
How not to stay ahead of the competition.,1.1442307692307692,0.0372161129719919,104,90,13,1,not_evaluated,not_evaluated
"If I had a belt, this would all be below it now.",1.1441441441441442,0.0380672426454619,111,97,12,2,not_evaluated,not_evaluated
"OK, that was just a warm-up.",1.1441441441441442,0.0334890226048498,111,95,16,0,not_evaluated,not_evaluated
Keep your head about you.,1.1441441441441442,0.0358512872687761,111,96,14,1,not_evaluated,not_evaluated
I told you heads would roll Frank,1.1441441441441442,0.040161114606403,111,98,10,3,not_evaluated,not_evaluated
"I know we don't see eye to eye, but have you lost your mind?!!",1.1440677966101696,0.0385816621133522,118,104,11,3,not_evaluated,not_evaluated
"In the heat of the third round, Joe Frostey landed a decisive head-spinning punch.",1.1440677966101696,0.0366562423031148,118,103,13,2,not_evaluated,not_evaluated
"Hey, guess where there’s an extra acorn?",1.1440677966101696,0.0366562423031148,118,103,13,2,not_evaluated,not_evaluated
this climate change snowpack isnt what it used to be,1.1428571428571428,0.0479030039081015,77,68,7,2,not_evaluated,not_evaluated
I don't deserve the name Snowy Balboa.,1.1428571428571428,0.0384094898527046,84,72,12,0,not_evaluated,not_evaluated
I think I won that round on points!,1.1428571428571428,0.0400592618739701,91,79,11,1,not_evaluated,not_evaluated
Another climate change debate.,1.1428571428571428,0.0419779780764853,84,73,10,1,not_evaluated,not_evaluated
"Ok, new rule: no punches below the belt OR above the tie",1.1428571428571428,0.0419779780764853,84,73,10,1,not_evaluated,not_evaluated
It took two people to draw us,1.1428571428571428,0.0392898765693818,105,92,11,2,not_evaluated,not_evaluated
What shall we do for an encore?,1.1428571428571428,0.0435148356485836,98,87,8,3,not_evaluated,not_evaluated
I thought a punch global warming combination was below the belt.,1.1428571428571428,0.0457509010871677,91,81,7,3,not_evaluated,not_evaluated
"My head may no longer be in the game, but you better believe the gloves are coming off!",1.1428571428571428,0.0400592618739701,91,79,11,1,not_evaluated,not_evaluated
"Come Spring, we'll both be losers!",1.1428571428571428,0.0368855556781658,105,91,13,1,not_evaluated,not_evaluated
I can still see you!,1.1428571428571428,0.0383764778226668,98,85,12,1,not_evaluated,not_evaluated
"Oh, so that’s what “cold-cock” means.",1.1428571428571428,0.0419779780764853,84,73,10,1,not_evaluated,not_evaluated
So what?  Everyone still thinks I’m smarter than you.,1.1428571428571428,0.0410261804924421,98,86,10,2,not_evaluated,not_evaluated
Frosty wins by TKsnOw!,1.1428571428571428,0.0419779780764853,84,73,10,1,not_evaluated,not_evaluated
Nice job on your footwork,1.1428571428571428,0.0400592618739701,91,79,11,1,not_evaluated,not_evaluated
Calvin did it.,1.1428571428571428,0.0508089110165559,91,83,3,5,not_evaluated,not_evaluated
"Suppose you were right, I am spineless
.....................................after all ..",1.1428571428571428,0.0383764778226668,98,85,12,1,not_evaluated,not_evaluated
"Following a loss, one gains a profoundly altered perspective.",1.1428571428571428,0.0400592618739701,91,79,11,1,not_evaluated,not_evaluated
I was cold cocked!,1.1428571428571428,0.0457509010871677,91,81,7,3,not_evaluated,not_evaluated
upper cut landed literally,1.1428571428571428,0.0410261804924421,98,86,10,2,not_evaluated,not_evaluated
"Yeah, everybody’s got a plan until they get hit in the carrot.",1.1428571428571428,0.0479030039081015,77,68,7,2,not_evaluated,not_evaluated
"I told you not to make fun 
of my ice sickle!",1.1428571428571428,0.0383764778226668,98,85,12,1,not_evaluated,not_evaluated
I'm watching you!,1.1428571428571428,0.0384094898527046,84,72,12,0,not_evaluated,not_evaluated
These handicap rules are a real pain in the neck!,1.1428571428571428,0.0452660178946055,84,74,8,2,not_evaluated,not_evaluated
"I didn't want to lose my head over this, but we promised each other there would be no head shots!",1.1428571428571428,0.0429993570427229,91,80,9,2,not_evaluated,not_evaluated
And the announcer said: “Boxing is not for snowmen.”,1.1428571428571428,0.0392898765693818,105,92,11,2,not_evaluated,not_evaluated
Handicapped,1.1428571428571428,0.0457509010871677,91,81,7,3,not_evaluated,not_evaluated
You weren’t supposed to actually hit me.,1.1428571428571428,0.0429993570427229,91,80,9,2,not_evaluated,not_evaluated
This is exactly why we need a referee.,1.1428571428571428,0.0392898765693818,105,92,11,2,not_evaluated,not_evaluated
"…
(he can’t talk his head is off. he’s dead)",1.1428571428571428,0.0400592618739701,91,79,11,1,not_evaluated,not_evaluated
"Everybody else was losing theirs 
And blaming it on me.",1.1428571428571428,0.0429993570427229,91,80,9,2,not_evaluated,not_evaluated
I had expected to lose my cool in the fight but not my head.,1.1428571428571428,0.0392898765693818,105,92,11,2,not_evaluated,not_evaluated
"Keep swingin', Frosty!  I'm just chilling til you go into meltdown in the final round!",1.1428571428571428,0.0368855556781658,91,78,13,0,not_evaluated,not_evaluated
The clouds are rolling in.,1.1428571428571428,0.0400592618739701,91,79,11,1,not_evaluated,not_evaluated
"No, I won. You know it. Everyone knows it.",1.1428571428571428,0.0415553195630528,105,93,9,3,not_evaluated,not_evaluated
It’s economical and  there is no suffering.,1.1428571428571428,0.0513464826748417,77,69,5,3,not_evaluated,not_evaluated
"It’s a better end than encountering Duke, the neighbor’s dog.",1.1428571428571428,0.0383764778226668,98,85,12,1,not_evaluated,not_evaluated
my girlfriend gave me that head,1.1428571428571428,0.0457509010871677,91,81,7,3,not_evaluated,not_evaluated
This feels like a lot of work for a melting art installation.,1.1428571428571428,0.0435148356485836,98,87,8,3,not_evaluated,not_evaluated
I think you took ‘knock me out’ a bit too seriously.,1.1428571428571428,0.0377477718817566,112,98,12,2,not_evaluated,not_evaluated
Can we do two out of three?,1.1428571428571428,0.0479030039081015,77,68,7,2,not_evaluated,not_evaluated
I told you this was a bad idea.,1.1428571428571428,0.0384094898527046,84,72,12,0,not_evaluated,not_evaluated
Thanks for honoring the No Low Blows rule,1.1428571428571428,0.0429993570427229,91,80,9,2,not_evaluated,not_evaluated
Are you part of the Monty Python troupe?,1.1428571428571428,0.0452660178946055,84,74,8,2,not_evaluated,not_evaluated
I'm just glad Timmy gave up hot yoga for boxing.,1.1428571428571428,0.0401393919249297,77,66,11,0,not_evaluated,not_evaluated
"Ok. OK, I'll trade you my hat for your scarf.",1.1428571428571428,0.0400592618739701,91,79,11,1,not_evaluated,not_evaluated
"Ah, it's only a flesh wound!",1.1428571428571428,0.0400592618739701,91,79,11,1,not_evaluated,not_evaluated
T. K. (Sn)O.,1.1428571428571428,0.0429993570427229,91,80,9,2,not_evaluated,not_evaluated
And the winner by TK-Snow - Joe Freezer.,1.1428571428571428,0.0417928774289048,112,100,8,4,not_evaluated,not_evaluated
I think the stupid hat made you a warmer target.,1.1428571428571428,0.0355297145267005,98,84,14,0,not_evaluated,not_evaluated
Confused? You haven't read the latest on neuroplasticity?,1.1428571428571428,0.0452660178946055,84,74,8,2,not_evaluated,not_evaluated
"Now I know why they call you ""Manos de Hielo. """,1.1428571428571428,0.0400592618739701,91,79,11,1,not_evaluated,not_evaluated
"It seemed like a winning blow,
but then there was a meltdown.",1.1428571428571428,0.0355297145267005,98,84,14,0,not_evaluated,not_evaluated
Well it’s not as bad as last year’s Normandy beach recreation.,1.1428571428571428,0.0458686642191382,98,88,6,4,not_evaluated,not_evaluated
"I'm out, but I'm not down.",1.1428571428571428,0.0400592618739701,91,79,11,1,not_evaluated,not_evaluated
Thus ended the punch out at the OK corral.,1.1428571428571428,0.0400592618739701,91,79,11,1,not_evaluated,not_evaluated
"I told you before, Fred, run your mouth one more time, and I’d effing knock your head off. Did you think i was joking, Fred? Did you think this was a MF game? That I won golden gloves back in 97 just to have some punk b talk sht in my yard? Not me. I’m not the one.",1.1428571428571428,0.0410261804924421,98,86,10,2,not_evaluated,not_evaluated
"Don’t be ableist, I can still fight.",1.1428571428571428,0.0398217207427341,112,99,10,3,not_evaluated,not_evaluated
I wouldn't gloat! You have a snowball's chance to make the Olympic boxing team this summer.,1.1428571428571428,0.0410261804924421,98,86,10,2,not_evaluated,not_evaluated
"Huh, you are right, we DO look a lot like clouds. Now if you could just put my head back on before Janice wakes up and freaks out, I would appreciate it.",1.1428571428571428,0.0355297145267005,98,84,14,0,not_evaluated,not_evaluated
I didn’t think of you as ‘abominable’ beforehand either,1.1428571428571428,0.0479030039081015,77,68,7,2,not_evaluated,not_evaluated
T'is is but a flesh wound,1.141732283464567,0.0330214306056303,127,110,16,1,not_evaluated,not_evaluated
Coming Soon: “Rock ‘Em Sock ‘Em Snowmen - The Movie”,1.1416666666666666,0.0397749856877567,120,107,9,4,not_evaluated,not_evaluated
There goes my six weeks.,1.1415094339622642,0.0365607698405773,106,92,13,1,not_evaluated,not_evaluated
"Yes, I am aware of Chekhov saying one should not have a loaded rifle on the stage unless it will be going off.",1.1415094339622642,0.0389407808171951,106,93,11,2,not_evaluated,not_evaluated
What a way to get ahead.,1.1415094339622642,0.0365607698405773,106,92,13,1,not_evaluated,not_evaluated
It's merely a flesh wound!,1.1415094339622642,0.0365607698405773,106,92,13,1,not_evaluated,not_evaluated
I'll never be able to hold my head up high again!,1.1414141414141414,0.0406352895824782,99,87,10,2,not_evaluated,not_evaluated
The snowman goeth.,1.1414141414141414,0.0380142564857705,99,86,12,1,not_evaluated,not_evaluated
Can you give me a heads up next time you want to get in a fight?,1.1414141414141414,0.0430972136307881,99,88,8,3,not_evaluated,not_evaluated
I will be revenged in the Spring.,1.1414141414141414,0.0406352895824782,99,87,10,2,not_evaluated,not_evaluated
I win!  I can see the sky is blue!,1.1414141414141414,0.0406352895824782,99,87,10,2,not_evaluated,not_evaluated
"Great... now you're going to miss wight, Jim.",1.1414141414141414,0.0406352895824782,99,87,10,2,not_evaluated,not_evaluated
Dude - that was after the bell.,1.1414141414141414,0.0351985885069277,99,85,14,0,not_evaluated,not_evaluated
"I should've eaten my Wheaties instead of ""Frosted"" Flakes",1.1414141414141414,0.0454259054507855,99,89,6,4,not_evaluated,not_evaluated
"It was just a small spat, you didn't have to loose your head over it!",1.1414141414141414,0.0454259054507855,99,89,6,4,not_evaluated,not_evaluated
OK! I apologize of saying that you didn't have a snowball's chance in hell of beating me.,1.1414141414141414,0.0406352895824782,99,87,10,2,not_evaluated,not_evaluated
"I guess you’re still not over me sleeping with your wife, then.",1.1414141414141414,0.0430972136307881,99,88,8,3,not_evaluated,not_evaluated
"Ahrgh, you knocked my block off!",1.1414141414141414,0.0406352895824782,99,87,10,2,not_evaluated,not_evaluated
"Global warming is NOT an excuse, Ted.",1.141304347826087,0.0425577422846148,92,81,9,2,not_evaluated,not_evaluated
"Frankly,we did win.",1.141304347826087,0.0425577422846148,92,81,9,2,not_evaluated,not_evaluated
Which one of us is Biden and which one is Trump?,1.141304347826087,0.0425577422846148,92,81,9,2,not_evaluated,not_evaluated
I thought we said no left hooks.,1.141304347826087,0.0425577422846148,92,81,9,2,not_evaluated,not_evaluated
"I said, “Nice mitts.”",1.141304347826087,0.0452775106604047,92,82,7,3,not_evaluated,not_evaluated
It’snow fair!,1.141304347826087,0.0452775106604047,92,82,7,3,not_evaluated,not_evaluated
"you can put me back, y'know!",1.141304347826087,0.0425577422846148,92,81,9,2,not_evaluated,not_evaluated
"I am leaving, I  am leaving, but the fighter still remains",1.141304347826087,0.0452775106604047,92,82,7,3,not_evaluated,not_evaluated
That’s a strong left hook but spring is undefeated.,1.141304347826087,0.0396518585330413,92,80,11,1,not_evaluated,not_evaluated
I don't think a standing eight count will extend the bout.,1.141304347826087,0.0396518585330413,92,80,11,1,not_evaluated,not_evaluated
"Uh, a little help…",1.141304347826087,0.0396518585330413,92,80,11,1,not_evaluated,not_evaluated
Was it hat envy that started this?,1.141304347826087,0.0365154534667852,92,79,13,0,not_evaluated,not_evaluated
"Ok, you're a head by one.",1.141304347826087,0.0396518585330413,92,80,11,1,not_evaluated,not_evaluated
I told you! ‘Just having two balls doesn’t mean you win.’,1.141304347826087,0.0452775106604047,92,82,7,3,not_evaluated,not_evaluated
Hold on I’m getting a brain freeze,1.141304347826087,0.0425577422846148,92,81,9,2,not_evaluated,not_evaluated
"Hey, I wasn’t ready yet!",1.141304347826087,0.0396518585330413,92,80,11,1,not_evaluated,not_evaluated
TMO- Technical Melt Off,1.141304347826087,0.0396518585330413,92,80,11,1,not_evaluated,not_evaluated
"Alright, Parson Brown. Just wait ‘till the other kids get here.",1.141304347826087,0.0396518585330413,92,80,11,1,not_evaluated,not_evaluated
Next time I'll wear a belt so you can hit below it.,1.1411764705882352,0.0447618697040631,85,75,8,2,not_evaluated,not_evaluated
I guess I'm just feeling past my prime.,1.1411764705882352,0.04151521329086,85,74,10,1,not_evaluated,not_evaluated
I've gotta work on my footwork.,1.1411764705882352,0.0447618697040631,85,75,8,2,not_evaluated,not_evaluated
Olaf was caught cold by Jack's left hook.,1.1411764705882352,0.0447618697040631,85,75,8,2,not_evaluated,not_evaluated
What part of - 'this is just for show' - did you NOT understand?,1.1411764705882352,0.04151521329086,85,74,10,1,not_evaluated,not_evaluated
don't worry in another month we will be one again,1.1411764705882352,0.0379921161527977,85,73,12,0,not_evaluated,not_evaluated
What part of 'no mas' don't you get?,1.1411764705882352,0.04151521329086,85,74,10,1,not_evaluated,not_evaluated
It's only a technical knock-off.,1.1411764705882352,0.0447618697040631,85,75,8,2,not_evaluated,not_evaluated
I see why they call it Head and Shoulders,1.1411764705882352,0.0477884612037409,85,76,6,3,not_evaluated,not_evaluated
"Come on Mike, fight fair! First you bit my ear, now this?",1.1411764705882352,0.0379921161527977,85,73,12,0,not_evaluated,not_evaluated
I bet you feel real cool.,1.1411764705882352,0.0379921161527977,85,73,12,0,not_evaluated,not_evaluated
I have a snowball’s chance in hell of winning this fight.,1.1411764705882352,0.0477884612037409,85,76,6,3,not_evaluated,not_evaluated
Guess that will be the last time you say something about my scarf being too feminine.,1.1411764705882352,0.0379921161527977,85,73,12,0,not_evaluated,not_evaluated
And that’s how you get ahead,1.1411764705882352,0.04151521329086,85,74,10,1,not_evaluated,not_evaluated
"Well, I guess this concludes 'The Thrilla in Vanilla.'",1.1411764705882352,0.0379921161527977,85,73,12,0,not_evaluated,not_evaluated
"Do you think little Jimmy was too young to watch Rocky?""",1.1411764705882352,0.04151521329086,85,74,10,1,not_evaluated,not_evaluated
Just you wait until spring!,1.141025641025641,0.0436602043590611,78,68,9,1,not_evaluated,not_evaluated
What else ya got?,1.141025641025641,0.0396637506001972,78,67,11,0,not_evaluated,not_evaluated
Maybe we should have tried pilates instead.,1.141025641025641,0.0473203315465489,78,69,7,2,not_evaluated,not_evaluated
I wasn't built to fight,1.141025641025641,0.0436602043590611,78,68,9,1,not_evaluated,not_evaluated
You really need to take a look outside.  The kids spent the day making snowmen.,1.141025641025641,0.0473203315465489,78,69,7,2,not_evaluated,not_evaluated
"Geesh, I should have worn my scarf like Mom said!",1.141025641025641,0.0396637506001972,78,67,11,0,not_evaluated,not_evaluated
Joni was right. I really don’t know clouds at all.,1.141025641025641,0.0473203315465489,78,69,7,2,not_evaluated,not_evaluated
"When I said I’d knock your block off, I didn’t think it would really happen!",1.141025641025641,0.0396637506001972,78,67,11,0,not_evaluated,not_evaluated
You can’t call me spineless for trying,1.141025641025641,0.0473203315465489,78,69,7,2,not_evaluated,not_evaluated
Does the three second rule apply here?,1.141025641025641,0.0396637506001972,78,67,11,0,not_evaluated,not_evaluated
"Nice left hook, Frosty.",1.1401869158878504,0.0385977956736652,107,94,11,2,not_evaluated,not_evaluated
Now I see the flaw in the idea.,1.1401869158878504,0.0408182015052251,107,95,9,3,not_evaluated,not_evaluated
See ya next December.,1.14,0.0376587548676509,100,87,12,1,not_evaluated,not_evaluated
I'm not brain-dead...I'm cryopreserved.,1.14,0.042687494916219,100,89,8,3,not_evaluated,not_evaluated
"Remember, no hitting above the neck!",1.14,0.0402517331328978,100,88,10,2,not_evaluated,not_evaluated
Best scarf advertisement ever.,1.14,0.0402517331328978,100,88,10,2,not_evaluated,not_evaluated
… so stop sticking that carrot where it don’t belong!,1.14,0.0402517331328978,100,88,10,2,not_evaluated,not_evaluated
How’d you get so tall all of a sudden?,1.14,0.0402517331328978,100,88,10,2,not_evaluated,not_evaluated
Doesn't count unless I'm totally down.,1.14,0.0376587548676509,100,87,12,1,not_evaluated,not_evaluated
My cornerman told me to knock his block off.,1.14,0.0376587548676509,100,87,12,1,not_evaluated,not_evaluated
"Bring on Jack Frost!""",1.14,0.0376587548676509,100,87,12,1,not_evaluated,not_evaluated
What did you expect when you invited Don King to the winter party?,1.14,0.0376587548676509,100,87,12,1,not_evaluated,not_evaluated
Ice jaw.,1.14,0.042687494916219,100,89,8,3,not_evaluated,not_evaluated
"- ""Now stand aside, worthy adversary.
- 'Tis but a scratch. Come back,I'll bite your carrot off!""",1.14,0.0402517331328978,100,88,10,2,not_evaluated,not_evaluated
Snow problem! I’m gonna roll with the punches.,1.14,0.0376587548676509,100,87,12,1,not_evaluated,not_evaluated
"Once again Bob, you’ve lost your head over a little spat.",1.14,0.0376587548676509,100,87,12,1,not_evaluated,not_evaluated
"Technically, it’s not a block.",1.1397849462365592,0.0392525949552448,93,81,11,1,not_evaluated,not_evaluated
It's only a frost wound. Put up your dukes!,1.1397849462365592,0.0361526225884641,93,80,13,0,not_evaluated,not_evaluated
"Round 3 is on the ground, just two rounds to go!",1.1397849462365592,0.0421250555063978,93,82,9,2,not_evaluated,not_evaluated
"At least, the carrot didn't break off.",1.1397849462365592,0.044813774580074,93,83,7,3,not_evaluated,not_evaluated
Burl Ives is not going to be happy about this.,1.1397849462365592,0.0421250555063978,93,82,9,2,not_evaluated,not_evaluated
I guess you floored me,1.1397849462365592,0.044813774580074,93,83,7,3,not_evaluated,not_evaluated
"I can beat you with one hand behind my back, ok...i can beat that.",1.1397849462365592,0.0392525949552448,93,81,11,1,not_evaluated,not_evaluated
I don’t like the view as much from down here.,1.1397849462365592,0.0392525949552448,93,81,11,1,not_evaluated,not_evaluated
Swing a little harder next time,1.1397849462365592,0.0421250555063978,93,82,9,2,not_evaluated,not_evaluated
I guess that’s the last time I call you a snowflake!,1.1397849462365592,0.0392525949552448,93,81,11,1,not_evaluated,not_evaluated
"I hope this cartoon gets laughs, but my head knocked off like this is a hell of a deal for me.",1.1397849462365592,0.0392525949552448,93,81,11,1,not_evaluated,not_evaluated
"No, it has to be two thirds knock out",1.1397849462365592,0.0421250555063978,93,82,9,2,not_evaluated,not_evaluated
"Nails said take a dive, not a header.",1.1395348837209305,0.0442687684162645,86,76,8,2,not_evaluated,not_evaluated
"Wow, man, the sky...",1.1395348837209305,0.0410624651704613,86,75,10,1,not_evaluated,not_evaluated
My footwork needs improvement.,1.1395348837209305,0.0375836165723556,86,74,12,0,not_evaluated,not_evaluated
Low your center of gravity -- the key to many victories!,1.1395348837209305,0.0375836165723556,86,74,12,0,not_evaluated,not_evaluated
What's the point in losing your head over global warming?,1.1395348837209305,0.0442687684162645,86,76,8,2,not_evaluated,not_evaluated
"Give me a sec, you got me right in the ball.",1.1395348837209305,0.0410624651704613,86,75,10,1,not_evaluated,not_evaluated
I didn’t know you don’t need a brain to keep on fighting.,1.1395348837209305,0.0442687684162645,86,76,8,2,not_evaluated,not_evaluated
"There's nothing wrong wtih having two eyes made out of coal, Ron.",1.1395348837209305,0.0410624651704613,86,75,10,1,not_evaluated,not_evaluated
This yard ain’t big enough for the two of us,1.1395348837209305,0.0442687684162645,86,76,8,2,not_evaluated,not_evaluated
You could have asked nicely and I would have lent you my hat.,1.1395348837209305,0.0410624651704613,86,75,10,1,not_evaluated,not_evaluated
"And thus, Frosty was s-no-w more...",1.1395348837209305,0.0472580328442728,86,77,6,3,not_evaluated,not_evaluated
Not the way I saw Boxing Day going,1.1395348837209305,0.0472580328442728,86,77,6,3,not_evaluated,not_evaluated
We SAID no hand warmers in gloves.,1.1395348837209305,0.0410624651704613,86,75,10,1,not_evaluated,not_evaluated
"It's fine, spring would have it even harder in a couple of weeks!",1.1395348837209305,0.0472580328442728,86,77,6,3,not_evaluated,not_evaluated
Bill Watterson called. He says your assault is uninspired and derivative.,1.139240506329114,0.0467515938462338,79,70,7,2,not_evaluated,not_evaluated
"'This must be a case of the mind-body problem.""",1.139240506329114,0.0391991280198551,79,68,11,0,not_evaluated,not_evaluated
"Fred, I lost my head. Can you put it back in place? What about the best 2 out of 3?",1.139240506329114,0.0391991280198551,79,68,11,0,not_evaluated,not_evaluated
"Oops, I did it again.",1.139240506329114,0.0467515938462338,79,70,7,2,not_evaluated,not_evaluated
No matter. I see the sun's coming out.,1.139240506329114,0.0467515938462338,79,70,7,2,not_evaluated,not_evaluated
Christ!  What an asshole.,1.139240506329114,0.0467515938462338,79,70,7,2,not_evaluated,not_evaluated
Let's try again. I was snow-blinded.,1.1391304347826088,0.0407536861201315,115,103,8,4,not_evaluated,not_evaluated
Maybe 'carrot-nose' was a poor chose of words.,1.1391304347826088,0.0407536861201315,115,103,8,4,not_evaluated,not_evaluated
"Good luck taking possession of the hat, now.",1.1391304347826088,0.036820542225567,115,101,12,2,not_evaluated,not_evaluated
"That’s not the Marquess of Queensbury rules. It is a knock out, not a knock your block off.",1.1388888888888888,0.0404593162437609,108,96,9,3,not_evaluated,not_evaluated
It's that damn muffler. He always wins when he wears his lucky muffler.,1.1388888888888888,0.0382607632488486,108,95,11,2,not_evaluated,not_evaluated
I don't need A.I.  My scarf protects me.,1.1388888888888888,0.0404593162437609,108,96,9,3,not_evaluated,not_evaluated
"No fair ,
You got a scarf !",1.1388888888888888,0.0496685239103373,72,64,6,2,not_evaluated,not_evaluated
It snow good now apologizing ...,1.1386138613861383,0.0398753080506975,101,89,10,2,not_evaluated,not_evaluated
"I thought you were a jolly happy soul, Frosty.",1.1386138613861383,0.0422854584238864,101,90,8,3,not_evaluated,not_evaluated
You look like Marie Antoinette..,1.1386138613861383,0.037309789468152,101,88,12,1,not_evaluated,not_evaluated
Oops - gotta quit working out those biceps!,1.1386138613861383,0.037309789468152,101,88,12,1,not_evaluated,not_evaluated
You wanna get that?,1.1386138613861383,0.0422854584238864,101,90,8,3,not_evaluated,not_evaluated
"No rematch.""
""Don't want one",1.1386138613861383,0.0345543135972577,101,87,14,0,not_evaluated,not_evaluated
"Concussion's Snow Joke, Man",1.1386138613861383,0.0445654551878293,101,91,6,4,not_evaluated,not_evaluated
I can see my cloud from here.,1.1386138613861383,0.0345543135972577,101,87,14,0,not_evaluated,not_evaluated
"And once again, Mike Iceson was no match for Muhammed Frosty.",1.1386138613861383,0.0422854584238864,101,90,8,3,not_evaluated,not_evaluated
He was used to getting two black eyes but not this.,1.1386138613861383,0.0398753080506975,101,89,10,2,not_evaluated,not_evaluated
It was a bad idea to eat those frosted flakes.,1.1382978723404256,0.0388612318344454,94,82,11,1,not_evaluated,not_evaluated
"Technically, you’re down for the count!",1.1382978723404256,0.041701030432061,94,83,9,2,not_evaluated,not_evaluated
"Float like a butterfly, sting like a be-headed snowman.",1.1382978723404256,0.0388612318344454,94,82,11,1,not_evaluated,not_evaluated
I don't even know who Parson Brown is!,1.1382978723404256,0.0388612318344454,94,82,11,1,not_evaluated,not_evaluated
Let’s finish this when it gets colder!,1.1382978723404256,0.041701030432061,94,83,9,2,not_evaluated,not_evaluated
You don’t have a snowball’s chance in Hell,1.1382978723404256,0.0388612318344454,94,82,11,1,not_evaluated,not_evaluated
Now you wear the hat and I try the scarf on.,1.1382978723404256,0.0388612318344454,94,82,11,1,not_evaluated,not_evaluated
"That sneaky jab was cold, man.",1.1382978723404256,0.0357968537763494,94,81,13,0,not_evaluated,not_evaluated
S'no joke!,1.1382978723404256,0.0388612318344454,94,82,11,1,not_evaluated,not_evaluated
Stand Up! And HEAD UP!,1.1382978723404256,0.0388612318344454,94,82,11,1,not_evaluated,not_evaluated
Is that all you've got? Just wait till spring when my puddle floods your puddle.,1.1382978723404256,0.0443594019177541,94,84,7,3,not_evaluated,not_evaluated
I’d be more excited if the spring thaw wasn’t so close.,1.1382978723404256,0.0388612318344454,94,82,11,1,not_evaluated,not_evaluated
I finally understand why it’s called “Boxing Day.”,1.1382978723404256,0.0443594019177541,94,84,7,3,not_evaluated,not_evaluated
"And now I'm a meme. Thanks, Larry.",1.1382978723404256,0.0443594019177541,94,84,7,3,not_evaluated,not_evaluated
I always say ‘I’d lose my head if it weren’t attached to my neck’ and now here we are.,1.1382978723404256,0.041701030432061,94,83,9,2,not_evaluated,not_evaluated
Nice flurry...,1.1382978723404256,0.041701030432061,94,83,9,2,not_evaluated,not_evaluated
Hat's too heavy.,1.1382978723404256,0.041701030432061,94,83,9,2,not_evaluated,not_evaluated
"I said, not.in.the.face, Randy!",1.1382978723404256,0.041701030432061,94,83,9,2,not_evaluated,not_evaluated
I believe the Queensbury Boxing rules still apply in a winter wonderland,1.1382978723404256,0.041701030432061,94,83,9,2,not_evaluated,not_evaluated
"Put up your dukes!
Even without a head I can still win the GOP nomination .",1.137931034482759,0.0437863570798038,87,77,8,2,not_evaluated,not_evaluated
Sorry about the low blow. I lost my head.,1.137931034482759,0.0385193573178032,116,103,10,3,not_evaluated,not_evaluated
Didn’t touch him! I swear. With him brains always play second fiddle to the heart,1.137931034482759,0.0437863570798038,87,77,8,2,not_evaluated,not_evaluated
I can still see you from here.,1.137931034482759,0.0467392048785815,87,78,6,3,not_evaluated,not_evaluated
The Hat Lost the Snowman,1.137931034482759,0.0371837148977373,87,75,12,0,not_evaluated,not_evaluated
"Hey, look on the bright side, you’ll finally be featured in Calvin’s Snowmen House of Horrors",1.137931034482759,0.0371837148977373,87,75,12,0,not_evaluated,not_evaluated
Those clouds look an awful lot like stars spinning in a circle.,1.137931034482759,0.0406194148155552,87,76,10,1,not_evaluated,not_evaluated
I sure hope it’s an early Spring!,1.137931034482759,0.0406194148155552,87,76,10,1,not_evaluated,not_evaluated
Now that’s what you call a violent climate warming.,1.137931034482759,0.0371837148977373,87,75,12,0,not_evaluated,not_evaluated
I think i got ahead of myself,1.137931034482759,0.0406194148155552,87,76,10,1,not_evaluated,not_evaluated
"Billy, that is not what I meant by icebox,"" said Grandpa.",1.1376146788990826,0.0401066576409908,109,97,9,3,not_evaluated,not_evaluated
"Existentially, I  am still  a whole person, er, snowman.",1.1375,0.0426338176224378,80,70,9,1,not_evaluated,not_evaluated
I guess this was not what Mom meant when she told us to go out and play in the snow!,1.1375,0.0426338176224378,80,70,9,1,not_evaluated,not_evaluated
I told you I have been taking lessons...,1.1375,0.0495030685661843,80,72,5,3,not_evaluated,not_evaluated
"When Guerra and Boothby  put my head back on,we'll call it a draw.",1.1375,0.0461962996490608,80,71,7,2,not_evaluated,not_evaluated
There must have been some magic in that old silk glove you found...,1.1375,0.0387451507786556,80,69,11,0,not_evaluated,not_evaluated
And that one's for Shannon Elizabeth!,1.1375,0.0387451507786556,80,69,11,0,not_evaluated,not_evaluated
"Should I count? Or, are we good?",1.1375,0.0495030685661843,80,72,5,3,not_evaluated,not_evaluated
You did too much warm up,1.1375,0.0426338176224378,80,70,9,1,not_evaluated,not_evaluated
"No fair, Jim! You were made with wetter snow!",1.1375,0.0461962996490608,80,71,7,2,not_evaluated,not_evaluated
"Sorry..,i couldn’t wait any longer for you to
Melt",1.1375,0.0387451507786556,80,69,11,0,not_evaluated,not_evaluated
Snowball fight?,1.1375,0.0461962996490608,80,71,7,2,not_evaluated,not_evaluated
"Nice one, but would you help me out with my head before we go to round two?",1.1372549019607845,0.0418908911931139,102,91,8,3,not_evaluated,not_evaluated
Maybe we should switch to _only_ punches below the belt?,1.1372549019607845,0.0342408466989152,102,88,14,0,not_evaluated,not_evaluated
"I’ve lost my head, can you see it?",1.1372549019607845,0.0369671833309425,102,89,12,1,not_evaluated,not_evaluated
Knock it off Frosty,1.1372549019607845,0.0395058186117996,102,90,10,2,not_evaluated,not_evaluated
You'll do ANYTHING to get ahead!,1.1370967741935485,0.0402175395532879,124,112,7,5,not_evaluated,not_evaluated
You should have taken dancing lessons.,1.1369863013698631,0.0490203437296435,73,65,6,2,not_evaluated,not_evaluated
"You said ""Block Off.""",1.1369863013698631,0.0449719534328588,73,64,8,1,not_evaluated,not_evaluated
What? Now you have nothing to say.,1.136842105263158,0.0384775390503995,95,83,11,1,not_evaluated,not_evaluated
you have to put it back on stupid.,1.136842105263158,0.0384775390503995,95,83,11,1,not_evaluated,not_evaluated
Ain’t gonna be no rematch.,1.136842105263158,0.0384775390503995,95,83,11,1,not_evaluated,not_evaluated
"Of course, it’s best two out of three.",1.136842105263158,0.0412854111897714,95,84,9,2,not_evaluated,not_evaluated
Thank you for helping me look at the sky.,1.136842105263158,0.0412854111897714,95,84,9,2,not_evaluated,not_evaluated
We’re a dying breed,1.136842105263158,0.0384775390503995,95,83,11,1,not_evaluated,not_evaluated
ALWAYS READ THE RULES FIRST!,1.136842105263158,0.0412854111897714,95,84,9,2,not_evaluated,not_evaluated
I call it the 'King Henry hook.',1.136842105263158,0.0354479455771634,95,82,13,0,not_evaluated,not_evaluated
"Right, you've had it. I'm going knock your block off too.",1.136842105263158,0.0412854111897714,95,84,9,2,not_evaluated,not_evaluated
A much better way to choose a president!,1.136842105263158,0.0412854111897714,95,84,9,2,not_evaluated,not_evaluated
Just thinking how different my life would have been if I'd gone with the top hat.,1.136842105263158,0.0354479455771634,95,82,13,0,not_evaluated,not_evaluated
Do you even need that scarf?,1.1363636363636365,0.0367921460636535,88,76,12,0,not_evaluated,not_evaluated
You knocked my block off!,1.1363636363636365,0.0401857565789537,88,77,10,1,not_evaluated,not_evaluated
The best defense is a,1.1363636363636365,0.0433142938494515,88,78,8,2,not_evaluated,not_evaluated
"You stole my scarf, so I stole your hat.  That's no reason to knock my block off!",1.1363636363636365,0.0401857565789537,88,77,10,1,not_evaluated,not_evaluated
Hope you know your password.  Face recognition is now out,1.1363636363636365,0.0376039515058302,110,97,11,2,not_evaluated,not_evaluated
"No head, no worries...fight on!",1.1363636363636365,0.0401857565789537,88,77,10,1,not_evaluated,not_evaluated
All that POWder really knocked me out!,1.1363636363636365,0.0367921460636535,88,76,12,0,not_evaluated,not_evaluated
I knew we should've just played pickleball.,1.1363636363636365,0.0433142938494515,88,78,8,2,not_evaluated,not_evaluated
"I said """"freeze, stick em up!"" and he lost his mind",1.1363636363636365,0.0433142938494515,88,78,8,2,not_evaluated,not_evaluated
"Abominable"" is the word that comes to mind to describe your behavior here this afternoon.",1.1363636363636365,0.0401857565789537,88,77,10,1,not_evaluated,not_evaluated
Hey! I wasn’t warmed up.,1.1363636363636365,0.0401857565789537,88,77,10,1,not_evaluated,not_evaluated
"Damn it,Steve.",1.1363636363636365,0.0367921460636535,88,76,12,0,not_evaluated,not_evaluated
Looks like you win on a split decision.,1.135922330097087,0.0415035880167018,103,92,8,3,not_evaluated,not_evaluated
What happened to one arm tied behind your back?,1.135922330097087,0.0391430761330858,103,91,10,2,not_evaluated,not_evaluated
that hurt!,1.135922330097087,0.0415035880167018,103,92,8,3,not_evaluated,not_evaluated
Don't let something like that discourage you.,1.135922330097087,0.0391430761330858,103,91,10,2,not_evaluated,not_evaluated
Spring training is worse.,1.135922330097087,0.0366307657585941,103,90,12,1,not_evaluated,not_evaluated
Boxing would be great for my temper if I didn't get so hot under the collar....,1.135922330097087,0.0391430761330858,103,91,10,2,not_evaluated,not_evaluated
Hey! No! I'm down here!,1.1358024691358024,0.0456539804619767,81,72,7,2,not_evaluated,not_evaluated
Why was I born like this?,1.1358024691358024,0.0489175623608863,81,73,5,3,not_evaluated,not_evaluated
That’s the oldest trick in the book,1.1358024691358024,0.0421383905330272,81,71,9,1,not_evaluated,not_evaluated
"Hey, my eyes are down here.",1.1358024691358024,0.0456539804619767,81,72,7,2,not_evaluated,not_evaluated
That took balls!,1.1358024691358024,0.0456539804619767,81,72,7,2,not_evaluated,not_evaluated
Definitely not a sport for angels.,1.1358024691358024,0.0383014618703421,81,70,11,0,not_evaluated,not_evaluated
"Rock 'em, Sock 'em, Too much . . .",1.1358024691358024,0.0421383905330272,81,71,9,1,not_evaluated,not_evaluated
I told you I would knock your block off,1.1358024691358024,0.0421383905330272,81,71,9,1,not_evaluated,not_evaluated
I knew I shouldn't have played In the Air Tonight by Phil Collins.,1.1358024691358024,0.0383014618703421,81,70,11,0,not_evaluated,not_evaluated
"That's a point deduction, hitting before the bell.",1.1358024691358024,0.0383014618703421,81,70,11,0,not_evaluated,not_evaluated
Musk vs Zuckerberg,1.1358024691358024,0.0421383905330272,81,71,9,1,not_evaluated,not_evaluated
"I just like to see things from a different perspective when I feel a challenge, don’t mind me",1.1358024691358024,0.0421383905330272,81,71,9,1,not_evaluated,not_evaluated
"Come on, I said gimme your best shot.",1.1354166666666667,0.0434776401160237,96,86,7,3,not_evaluated,not_evaluated
I'd like to see you try that in the summer.,1.1354166666666667,0.0381012952382252,96,84,11,1,not_evaluated,not_evaluated
That's gonna hurt in the spring.,1.1354166666666667,0.0381012952382252,96,84,11,1,not_evaluated,not_evaluated
"OH GOD THE PAIN! TAKE THE HAT OFF! FOR THE LOVE OF GOD, TAKE THE HAT OFF",1.1354166666666667,0.0408779518132262,96,85,9,2,not_evaluated,not_evaluated
Are we done?,1.1354166666666667,0.0351057039983016,96,83,13,0,not_evaluated,not_evaluated
It’s only an ice wound.,1.1354166666666667,0.0408779518132262,96,85,9,2,not_evaluated,not_evaluated
Everyone has a plan until... .,1.1354166666666667,0.0408779518132262,96,85,9,2,not_evaluated,not_evaluated
I told you if we did this 'heads will roll'.,1.1354166666666667,0.045930419502466,96,87,5,4,not_evaluated,not_evaluated
There won't be a snow Mike Tyson! Whatever it takes!,1.1354166666666667,0.0408779518132262,96,85,9,2,not_evaluated,not_evaluated
Fight you? Have you totally lost your head!?,1.1354166666666667,0.0381012952382252,96,84,11,1,not_evaluated,not_evaluated
"You SAY it wasn't a sucker punch, but why am I seeing stars?",1.1354166666666667,0.0434776401160237,96,86,7,3,not_evaluated,not_evaluated
Can you believe my mom used to tell me I had sticks for arms.,1.1354166666666667,0.0408779518132262,96,85,9,2,not_evaluated,not_evaluated
Snow reason to lose your head!,1.135135135135135,0.0400126059566273,74,64,10,0,not_evaluated,not_evaluated
"That's a good left hook, but you need to focus on your footwork.",1.135135135135135,0.0400126059566273,74,64,10,0,not_evaluated,not_evaluated
Ref! Trainer? God?,1.135135135135135,0.0443986698267628,74,65,8,1,not_evaluated,not_evaluated
I told you to stretch first.,1.135135135135135,0.0394193866057619,111,99,9,3,not_evaluated,not_evaluated
I knew you'd melt first.,1.1348314606741574,0.0397611973935687,89,78,10,1,not_evaluated,not_evaluated
Looks like Frosty's punch was snow joke!,1.1348314606741574,0.0397611973935687,89,78,10,1,not_evaluated,not_evaluated
Aren''t there rules in boxing against knocking your opponent's head off?!,1.1348314606741574,0.0364086556090328,89,77,12,0,not_evaluated,not_evaluated
In a shocking turns of events an unseasonable thaw ended the event before it began.,1.1348314606741574,0.0397611973935687,89,78,10,1,not_evaluated,not_evaluated
It's not over. My cornerman just went inside for hot chocolate.,1.1348314606741574,0.0457348668741551,89,80,6,3,not_evaluated,not_evaluated
So much for stick and move,1.1348314606741574,0.0397611973935687,89,78,10,1,not_evaluated,not_evaluated
"I coulda had class. I coulda been a contender, I could’ve been somebody, instead of a snowball, which is what I am.”",1.1348314606741574,0.0457348668741551,89,80,6,3,not_evaluated,not_evaluated
Ha! You just got snow powed!,1.1348314606741574,0.0457348668741551,89,80,6,3,not_evaluated,not_evaluated
Just a cheap knockoff,1.1348314606741574,0.042852251202049,89,79,8,2,not_evaluated,not_evaluated
And so ends my dream of fighting in the Summer Olympics.,1.1348314606741574,0.0397611973935687,89,78,10,1,not_evaluated,not_evaluated
Snow way I hit you that hard!,1.1348314606741574,0.042852251202049,89,79,8,2,not_evaluated,not_evaluated
Are you boxing or have you lost your head,1.1348314606741574,0.0397611973935687,89,78,10,1,not_evaluated,not_evaluated
"Well, that’s a TKO, a Top Knock Off.",1.1348314606741574,0.0397611973935687,89,78,10,1,not_evaluated,not_evaluated
Chill out Tyson Flurry!,1.1348314606741574,0.042852251202049,89,79,8,2,not_evaluated,not_evaluated
I am sorry because I just lost my head.,1.1348314606741574,0.042852251202049,89,79,8,2,not_evaluated,not_evaluated
"You’ll do anything to get out of fighting me, won’t you?!",1.1348314606741574,0.0457348668741551,89,80,6,3,not_evaluated,not_evaluated
"Look on the bright side, you can always go into politics.",1.1348314606741574,0.042852251202049,89,79,8,2,not_evaluated,not_evaluated
"Total knock OUT, not OFF.",1.1348314606741574,0.0364086556090328,89,77,12,0,not_evaluated,not_evaluated
Ow! But wow! You should see the sky!,1.1348314606741574,0.0397611973935687,89,78,10,1,not_evaluated,not_evaluated
"Hey, that wasn’t  fair! I forgot my scarf, I want a do over!",1.1348314606741574,0.0397611973935687,89,78,10,1,not_evaluated,not_evaluated
Let's stick to snowball fights.,1.1346153846153846,0.0411233510936345,104,93,8,3,not_evaluated,not_evaluated
Maybe you should try pickleball.,1.1346153846153846,0.0411233510936345,104,93,8,3,not_evaluated,not_evaluated
Shucks! I forgot my muffler.,1.1346153846153846,0.0363003720421446,104,91,12,1,not_evaluated,not_evaluated
Keep swinging. He doesn't know what to hit.,1.1346153846153846,0.038786898661587,104,92,10,2,not_evaluated,not_evaluated
Now do you admit climate change is real?,1.1346153846153846,0.0411233510936345,104,93,8,3,not_evaluated,not_evaluated
We probably should've hired coaches instead of trees.,1.1346153846153846,0.038786898661587,104,92,10,2,not_evaluated,not_evaluated
Say you like Summer one more time....,1.1346153846153846,0.0363003720421446,104,91,12,1,not_evaluated,not_evaluated
Don't flatter yourself.  It was climate change.,1.1341463414634143,0.0378677198170247,82,71,11,0,not_evaluated,not_evaluated
You've seen too many Rocky sequels.,1.1341463414634143,0.0378677198170247,82,71,11,0,not_evaluated,not_evaluated
You just knocked us out of the heavyweight division!,1.1341463414634143,0.0378677198170247,82,71,11,0,not_evaluated,not_evaluated
"There has to be a better way to settle this divorce, Barbra.",1.1341463414634143,0.0451241891743813,82,73,7,2,not_evaluated,not_evaluated
3 second rule?,1.1341463414634143,0.0451241891743813,82,73,7,2,not_evaluated,not_evaluated
"I support inclusivity in sports, but let's  reconsider this one.”",1.1341463414634143,0.0416542714063398,82,72,9,1,not_evaluated,not_evaluated
What was I thinking?  I must have lost my head.,1.1341463414634143,0.0451241891743813,82,73,7,2,not_evaluated,not_evaluated
"Really, Donald? You're going to appeal the judges' decision that I won that round ?!",1.1341463414634143,0.0483456985769953,82,74,5,3,not_evaluated,not_evaluated
I told you-you don't have a snowball's chance in hell to beat me!,1.1341463414634143,0.0378677198170247,82,71,11,0,not_evaluated,not_evaluated
"Yeah, I think I'm gonna head out.",1.134020618556701,0.0377322873814394,97,85,11,1,not_evaluated,not_evaluated
From this angle I can see it wasn't fair. Your scarf is hiding a solid case of neck ice.,1.134020618556701,0.0347699421732784,97,84,13,0,not_evaluated,not_evaluated
"Sorry, my head just isn't into it.",1.134020618556701,0.0377322873814394,97,85,11,1,not_evaluated,not_evaluated
"Ok, ok.  I'll tie it on with a scarf.",1.134020618556701,0.0404784157710987,97,86,9,2,not_evaluated,not_evaluated
I said”not in the face.”,1.134020618556701,0.0404784157710987,97,86,9,2,not_evaluated,not_evaluated
Going to make an interesting headline,1.134020618556701,0.0404784157710987,97,86,9,2,not_evaluated,not_evaluated
Are you channeling Rock 'Em Sock 'Em Snobots?,1.134020618556701,0.0430497244548713,97,87,7,3,not_evaluated,not_evaluated
In the face of climate change this seems like a Pyrrhic victory,1.134020618556701,0.0377322873814394,97,85,11,1,not_evaluated,not_evaluated
I could've knocked your block off.  Don't matter.  We ain't makin it to Spring training no how.,1.134020618556701,0.0347699421732784,97,84,13,0,not_evaluated,not_evaluated
When do those sexy ladies walk by?,1.134020618556701,0.0377322873814394,97,85,11,1,not_evaluated,not_evaluated
It is all fun and games until someone loses an eye.,1.134020618556701,0.0377322873814394,97,85,11,1,not_evaluated,not_evaluated
bet you think I am nothing but a flake for knocking your head off.,1.134020618556701,0.0404784157710987,97,86,9,2,not_evaluated,not_evaluated
What was that? A bout?,1.134020618556701,0.0347699421732784,97,84,13,0,not_evaluated,not_evaluated
Humans! They make all of us look barbaric!!!,1.1339285714285714,0.0390844705174772,112,100,9,3,not_evaluated,not_evaluated
You know this fight was rigged.,1.1333333333333333,0.0407499897001417,105,94,8,3,not_evaluated,not_evaluated
"Just before you hit me, I think I saw Waterson go by.",1.1333333333333333,0.0438397299480952,75,66,8,1,not_evaluated,not_evaluated
You didn't tell me your neck was melting!,1.1333333333333333,0.0423999152002544,90,80,8,2,not_evaluated,not_evaluated
You need some backbone,1.1333333333333333,0.0423999152002544,90,80,8,2,not_evaluated,not_evaluated
Calvin and Hobbes wouldn't be impressed.,1.1333333333333333,0.0393454561398319,90,79,10,1,not_evaluated,not_evaluated
Fair warning! A bloke has gotta be mighty tough to survive a beheading!,1.1333333333333333,0.0423999152002544,90,80,8,2,not_evaluated,not_evaluated
You're a chip off the old block!,1.1333333333333333,0.0452486541139744,90,81,6,3,not_evaluated,not_evaluated
I'm having another out of body experience thanks to your left hook.,1.1333333333333333,0.0393454561398319,90,79,10,1,not_evaluated,not_evaluated
"The sun is coming out, so you probably would have lost your head anyway.",1.1333333333333333,0.0514066400637373,75,68,4,3,not_evaluated,not_evaluated
Hey! Just because I don’t have an ear to bite off….,1.1333333333333333,0.0438397299480952,75,66,8,1,not_evaluated,not_evaluated
Come’on snowflake. Gimme your best shot.,1.1333333333333333,0.0423999152002544,90,80,8,2,not_evaluated,not_evaluated
I think it's time for a thaw in our relations.,1.1333333333333333,0.0333333333333333,105,91,14,0,not_evaluated,not_evaluated
I'm a head now. I win.,1.1333333333333333,0.0438397299480952,75,66,8,1,not_evaluated,not_evaluated
Not fair! You had a scarf to hold your head on.,1.1333333333333333,0.0384371106798036,105,93,10,2,not_evaluated,not_evaluated
"Get that, would you? I can't see",1.1333333333333333,0.0438397299480952,75,66,8,1,not_evaluated,not_evaluated
But I got the surgery!  I’ve been on hormones! I am supposed to be a snowman now!,1.1333333333333333,0.0384371106798036,105,93,10,2,not_evaluated,not_evaluated
"It's not you, it's me. 100%",1.1333333333333333,0.0423999152002544,90,80,8,2,not_evaluated,not_evaluated
Don't let this go to your head.,1.1333333333333333,0.0423999152002544,90,80,8,2,not_evaluated,not_evaluated
I guess I won the fight without even trying,1.1333333333333333,0.0423999152002544,90,80,8,2,not_evaluated,not_evaluated
"Calvin, Mr. Watterson, a little help please.",1.1333333333333333,0.0360329991634627,90,78,12,0,not_evaluated,not_evaluated
"Well, that's a blow",1.1333333333333333,0.0452486541139744,90,81,6,3,not_evaluated,not_evaluated
"Now, can I have my cap back?",1.1333333333333333,0.0360329991634627,90,78,12,0,not_evaluated,not_evaluated
"Shut up, I’m not crying!  It’s just, like, a littler warmer down here so I melted a tiny bit.",1.1333333333333333,0.0360329991634627,90,78,12,0,not_evaluated,not_evaluated
This is what happens when I can't do kickboxing.,1.1333333333333333,0.0395165985575879,75,65,10,0,not_evaluated,not_evaluated
Why Rock'em Sock'em Snowmen never caught on.,1.1333333333333333,0.0393454561398319,90,79,10,1,not_evaluated,not_evaluated
"Oh no, Bob!",1.1333333333333333,0.0393454561398319,90,79,10,1,not_evaluated,not_evaluated
Little boys can be cruel near the end of the season.,1.1333333333333333,0.0423999152002544,90,80,8,2,not_evaluated,not_evaluated
Ding! Ding! Ding! Sit back and watch as these two warriors go head to hea...,1.1333333333333333,0.0423999152002544,90,80,8,2,not_evaluated,not_evaluated
Perspective is everything.,1.1333333333333333,0.0393454561398319,90,79,10,1,not_evaluated,not_evaluated
"She said ""gloves off!""",1.1333333333333333,0.0393454561398319,90,79,10,1,not_evaluated,not_evaluated
I think you win by default.,1.1326530612244898,0.0373703104271054,98,86,11,1,not_evaluated,not_evaluated
The rematch will be held at a lower weight class,1.1326530612244898,0.0400865755227735,98,87,9,2,not_evaluated,not_evaluated
snowball fight instead?,1.1326530612244898,0.0344404800444682,98,85,13,0,not_evaluated,not_evaluated
"It happens every time; I get nervous, sweat and lose me head.",1.1326530612244898,0.0400865755227735,98,87,9,2,not_evaluated,not_evaluated
"So which one of us is the ego and which is the super-ego, I wonder?",1.1326530612244898,0.0400865755227735,98,87,9,2,not_evaluated,not_evaluated
Rigged! Very unfair! I actually won!,1.1326530612244898,0.0450302166172075,98,89,5,4,not_evaluated,not_evaluated
"Hey! Where did you go ? Heck,where did the ring go? Best two out of three ?",1.1326530612244898,0.0400865755227735,98,87,9,2,not_evaluated,not_evaluated
"Weighing in on the Riverdale, Georgia charges…",1.1326530612244898,0.0400865755227735,98,87,9,2,not_evaluated,not_evaluated
Nice combo—the ol’ thumpety-thump-thump!,1.1326530612244898,0.0426301181427853,98,88,7,3,not_evaluated,not_evaluated
I miss my beach bod.,1.1325301204819278,0.0446064988608805,83,74,7,2,not_evaluated,not_evaluated
Rock’em Sock’em Snowmen,1.1325301204819278,0.0446064988608805,83,74,7,2,not_evaluated,not_evaluated
O.K.—you win the hat too.,1.1325301204819278,0.0477870076578988,83,75,5,3,not_evaluated,not_evaluated
I said knock your socks off not knock your block off!,1.1325301204819278,0.0411810803689678,83,73,9,1,not_evaluated,not_evaluated
I guess I need to improve my footwork... by having feet.,1.1325301204819278,0.0411810803689678,83,73,9,1,not_evaluated,not_evaluated
Heads  off to your surprise left hook,1.1325301204819278,0.0374435978517695,83,72,11,0,not_evaluated,not_evaluated
This isn't my first meltdown after a warm-up.,1.1325301204819278,0.0411810803689678,83,73,9,1,not_evaluated,not_evaluated
I told you! Not all heads roll!,1.1325301204819278,0.0411810803689678,83,73,9,1,not_evaluated,not_evaluated
Cooler head fails to prevail,1.1325301204819278,0.0411810803689678,83,73,9,1,not_evaluated,not_evaluated
I’m really trying to keep a cool head here.,1.1325301204819278,0.0374435978517695,83,72,11,0,not_evaluated,not_evaluated
One heck of an uppercut.,1.1325301204819278,0.0411810803689678,83,73,9,1,not_evaluated,not_evaluated
I guess round two will have to be a snowball fight.,1.1325301204819278,0.0374435978517695,83,72,11,0,not_evaluated,not_evaluated
Well - that's disappointing.,1.1325301204819278,0.0411810803689678,83,73,9,1,not_evaluated,not_evaluated
I told you before we started that it is better to give than to receive.,1.1325301204819278,0.0374435978517695,83,72,11,0,not_evaluated,not_evaluated
"Well, at least you didn't hit me below the belt this time...",1.1325301204819278,0.0374435978517695,83,72,11,0,not_evaluated,not_evaluated
I think we scared the children off. You can put my head back on now.,1.1325301204819278,0.0477870076578988,83,75,5,3,not_evaluated,not_evaluated
"I said nothing below the belt!"" ""I didn't know it was a scarf!",1.1325301204819278,0.0374435978517695,83,72,11,0,not_evaluated,not_evaluated
"What happened is, first you froze and then you had a meltdown",1.1322314049586777,0.0330750643890991,121,106,14,1,not_evaluated,not_evaluated
That was cold hearted.,1.1320754716981132,0.0380935428262033,106,94,10,2,not_evaluated,not_evaluated
I didn’t hear no bell,1.1318681318681318,0.03893826305031,91,80,10,1,not_evaluated,not_evaluated
"Hey,you were right,the world is not all white !",1.1318681318681318,0.03893826305031,91,80,10,1,not_evaluated,not_evaluated
I have an ice jaw.,1.1318681318681318,0.0447726346977216,91,82,6,3,not_evaluated,not_evaluated
Not a problem. With global warming I may not need that part anymore.,1.1318681318681318,0.0447726346977216,91,82,6,3,not_evaluated,not_evaluated
I feel cold Gary!,1.1318681318681318,0.0356649419623094,91,79,12,0,not_evaluated,not_evaluated
"Geeeez, how many times have I asked you to keep your head on straight?",1.1318681318681318,0.0356649419623094,91,79,12,0,not_evaluated,not_evaluated
I still think Jada looked better with hair....,1.1318681318681318,0.0447726346977216,91,82,6,3,not_evaluated,not_evaluated
You could've just rearranged my face.,1.1318681318681318,0.03893826305031,91,80,10,1,not_evaluated,not_evaluated
CALVIN!......................................................................................................................................................................................................................................... Hobbes?,1.1318681318681318,0.0419569848008098,91,81,8,2,not_evaluated,not_evaluated
Hats off to winner,1.1318681318681318,0.0356649419623094,91,79,12,0,not_evaluated,not_evaluated
I just can't get my head around this sport!,1.1318681318681318,0.03893826305031,91,80,10,1,not_evaluated,not_evaluated
It's snow use. You no longer have any face value!,1.1318681318681318,0.0356649419623094,91,79,12,0,not_evaluated,not_evaluated
I could've used a neck.,1.1318681318681318,0.0447726346977216,91,82,6,3,not_evaluated,not_evaluated
Mom said you  weren't actually allowed to hit me!,1.1318681318681318,0.0419569848008098,91,81,8,2,not_evaluated,not_evaluated
"Hey Frosty, when did we stop being icons of winter fun?",1.1318681318681318,0.0419569848008098,91,81,8,2,not_evaluated,not_evaluated
"Global Warming Tony, I tell ya",1.1318681318681318,0.0356649419623094,91,79,12,0,not_evaluated,not_evaluated
Why didn't you wear a scarf?,1.1318681318681318,0.03893826305031,91,80,10,1,not_evaluated,not_evaluated
"Frosty, sorry I didn't warn you...things always get weird on Super Bowl Sunday.",1.1318681318681318,0.0419569848008098,91,81,8,2,not_evaluated,not_evaluated
"When I said ""I'm losing my head over you,"" this is not what I had in mind.",1.1318681318681318,0.0356649419623094,91,79,12,0,not_evaluated,not_evaluated
I knew I needed a scarf!,1.1318681318681318,0.03893826305031,91,80,10,1,not_evaluated,not_evaluated
"Whose idea was this, anyway?",1.1318681318681318,0.0447726346977216,91,82,6,3,not_evaluated,not_evaluated
I will break you.  #rocky4,1.1318681318681318,0.0419569848008098,91,81,8,2,not_evaluated,not_evaluated
Yeah...that's not how I see it.,1.1318681318681318,0.0356649419623094,91,79,12,0,not_evaluated,not_evaluated
We said light sparing,1.1318681318681318,0.0419569848008098,91,81,8,2,not_evaluated,not_evaluated
"The world looks different, but it's not the afterlife.  I think I'll take up existentialism.",1.131578947368421,0.0471730865254342,76,68,6,2,not_evaluated,not_evaluated
No fair!  You had a head start.,1.131578947368421,0.043294605892116,76,67,8,1,not_evaluated,not_evaluated
"All ice, and nothing nice",1.131578947368421,0.043294605892116,76,67,8,1,not_evaluated,not_evaluated
"So, my first pep talk to myself didn't work. Maybe I'll have more luck with 'keep your cool.'",1.131578947368421,0.0471730865254342,76,68,6,2,not_evaluated,not_evaluated
Tradition is now lost when people feel they have to create a diorama to tell a story. Can’t we just be a nice couple made of snow?,1.131578947368421,0.0471730865254342,76,68,6,2,not_evaluated,not_evaluated
"I thought we said ""on three""",1.131578947368421,0.0341534522059445,114,100,13,1,not_evaluated,not_evaluated
Have you had enough?,1.131578947368421,0.043294605892116,76,67,8,1,not_evaluated,not_evaluated
Owwwwwww!!!!,1.1313131313131313,0.0397022120986943,99,88,9,2,not_evaluated,not_evaluated
"when you said prepare for heavy blowing,",1.1313131313131313,0.0422185825059965,99,89,7,3,not_evaluated,not_evaluated
That was so unfair dad!,1.1313131313131313,0.0370151669217335,99,87,11,1,not_evaluated,not_evaluated
Joe Freezier wins in the Chillah in Manila.,1.1313131313131313,0.0397022120986943,99,88,9,2,not_evaluated,not_evaluated
You’re cold hearted.,1.1313131313131313,0.0370151669217335,99,87,11,1,not_evaluated,not_evaluated
"Jeez, waddaya got in them gloves, rocks?!",1.1313131313131313,0.0370151669217335,99,87,11,1,not_evaluated,not_evaluated
"Gives new meaning to ""I'll knock your block off.""",1.1313131313131313,0.0341171440621555,99,86,13,0,not_evaluated,not_evaluated
"You're ahead, one - zero.",1.1313131313131313,0.0370151669217335,99,87,11,1,not_evaluated,not_evaluated
"I swear that when I called you frosty, it wasn't meant as an insult.",1.1313131313131313,0.0370151669217335,99,87,11,1,not_evaluated,not_evaluated
"Hey, this was only supposed to be a photo OP for my page.",1.1313131313131313,0.0397022120986943,99,88,9,2,not_evaluated,not_evaluated
Stop the fight. I’m getting a head cold.,1.1313131313131313,0.0397022120986943,99,88,9,2,not_evaluated,not_evaluated
I wish they had used a shorter carrot.,1.1313131313131313,0.0370151669217335,99,87,11,1,not_evaluated,not_evaluated
Snow jaw?,1.1313131313131313,0.0341171440621555,99,86,13,0,not_evaluated,not_evaluated
Don't worry about it. I fight with my heart.,1.130952380952381,0.0407184542225608,84,74,9,1,not_evaluated,not_evaluated
"DOWN GOES FROZEN, DOWN GOES FROZEN!",1.130952380952381,0.0441005016629023,84,75,7,2,not_evaluated,not_evaluated
"Goodbye, Ruby Tuesday!",1.130952380952381,0.0407184542225608,84,74,9,1,not_evaluated,not_evaluated
Maybe I'll do better in the snowball fight.,1.130952380952381,0.0407184542225608,84,74,9,1,not_evaluated,not_evaluated
Sorry! I thought you were going to deflect.,1.130952380952381,0.0441005016629023,84,75,7,2,not_evaluated,not_evaluated
I hate boxing in the wind.,1.130952380952381,0.0370287831508128,84,73,11,0,not_evaluated,not_evaluated
That was a dirty shot!,1.130952380952381,0.0441005016629023,84,75,7,2,not_evaluated,not_evaluated
I knew I shoulda worn a scarf,1.130952380952381,0.0407184542225608,84,74,9,1,not_evaluated,not_evaluated
I just had a nose job.  I can’t risk it.,1.130952380952381,0.0441005016629023,84,75,7,2,not_evaluated,not_evaluated
"That’s Frosty’s son, Fighty.",1.130952380952381,0.0472410412624924,84,76,5,3,not_evaluated,not_evaluated
No fair. What are you hiding under that scarf ?,1.130952380952381,0.0407184542225608,84,74,9,1,not_evaluated,not_evaluated
Sorry about that. Now you really have no chance in hell.,1.130952380952381,0.0407184542225608,84,74,9,1,not_evaluated,not_evaluated
"Okay, this is beyond cold.",1.130952380952381,0.0407184542225608,84,74,9,1,not_evaluated,not_evaluated
Pretty sure that's a foul!,1.130952380952381,0.0407184542225608,84,74,9,1,not_evaluated,not_evaluated
I break you.,1.130952380952381,0.0370287831508128,84,73,11,0,not_evaluated,not_evaluated
You've got a glass head.,1.1304347826086956,0.0353042583887457,92,80,12,0,not_evaluated,not_evaluated
Knock your block off is only a phrase.,1.1304347826086956,0.0385393591490399,92,81,10,1,not_evaluated,not_evaluated
"I do believe we're beginning to get the knack of this, but we may need to invest in the 2024 U.S.A. Boxing Rulebook.",1.1304347826086956,0.0415231712042572,92,82,8,2,not_evaluated,not_evaluated
Stupid top-heavy hat.,1.1304347826086956,0.0415231712042572,92,82,8,2,not_evaluated,not_evaluated
"I shall remember this moment until spring thaw.""",1.1304347826086956,0.0415231712042572,92,82,8,2,not_evaluated,not_evaluated
I'm losing head over fist.,1.1304347826086956,0.0385393591490399,92,81,10,1,not_evaluated,not_evaluated
"That’s a frosty left hook you’ve got there, South Pole.",1.1304347826086956,0.0443064926404407,92,83,6,3,not_evaluated,not_evaluated
"You know, I always thought the expression, 'I'll knock your block off was just figurative.",1.1304347826086956,0.0385393591490399,92,81,10,1,not_evaluated,not_evaluated
"I'm telling you, it's not your fault. They staged us this way.",1.1304347826086956,0.0353042583887457,92,80,12,0,not_evaluated,not_evaluated
I said headgear was a must,1.1304347826086956,0.0415231712042572,92,82,8,2,not_evaluated,not_evaluated
That was my hat!,1.1304347826086956,0.0353042583887457,92,80,12,0,not_evaluated,not_evaluated
The only ones who need therapy are the kids that made us this way.,1.1304347826086956,0.0415231712042572,92,82,8,2,not_evaluated,not_evaluated
"ok, listen, maybe we should rethink Snowflake MegaBattle 2024",1.1304347826086956,0.0385393591490399,92,81,10,1,not_evaluated,not_evaluated
"We’re more like, “Slush-em, Mush-em, Sno-bots”.",1.1304347826086956,0.0353042583887457,92,80,12,0,not_evaluated,not_evaluated
"The Ref Who Came In From the Cold.""  Scene 1. Take 1",1.1304347826086956,0.0385393591490399,92,81,10,1,not_evaluated,not_evaluated
Two snowmen fighting the cold but at the last second turned on each other.,1.1304347826086956,0.0385393591490399,92,81,10,1,not_evaluated,not_evaluated
I can still hear you humming 'Eye of the Tiger.',1.1304347826086956,0.0385393591490399,92,81,10,1,not_evaluated,not_evaluated
"Damnit, I know better than coming in without a dowel.",1.1304347826086956,0.0415231712042572,92,82,8,2,not_evaluated,not_evaluated
Unfair advantage! Where are those kids?,1.1304347826086956,0.0385393591490399,92,81,10,1,not_evaluated,not_evaluated
It wasn't me! My arms don't move!,1.13,0.0393251147037697,100,89,9,2,not_evaluated,not_evaluated
"Was it the Queen of Hearts, or something I said?",1.13,0.0366666666666667,100,88,11,1,not_evaluated,not_evaluated
"give up! what do you mean, it's but a flesh wound!",1.13,0.0337997668989631,100,87,13,0,not_evaluated,not_evaluated
I thought we were just fooling around.,1.13,0.0366666666666667,100,88,11,1,not_evaluated,not_evaluated
"It was a fun idea, but I don’t think they really thought this through.",1.13,0.0366666666666667,100,88,11,1,not_evaluated,not_evaluated
"And in the scarf, victor by global warming TKO.”  (Whoops; forgot the hashtag earlier, sorry.",1.13,0.0366666666666667,100,88,11,1,not_evaluated,not_evaluated
"If a snowman’s head gets knocked off in the woods, does anybody hear it?",1.12987012987013,0.0427627951322407,77,68,8,1,not_evaluated,not_evaluated
Please don't tell mom! You can hit me!,1.12987012987013,0.0427627951322407,77,68,8,1,not_evaluated,not_evaluated
Global warming certainly has a good left hook.”,1.12987012987013,0.0501216883877475,77,70,4,3,not_evaluated,not_evaluated
Did I go full on abominable on you man?,1.12987012987013,0.0427627951322407,77,68,8,1,not_evaluated,not_evaluated
I've lost my head over you........,1.12987012987013,0.0427627951322407,77,68,8,1,not_evaluated,not_evaluated
My footwork was wrong,1.12987012987013,0.0465877682142021,77,69,6,2,not_evaluated,not_evaluated
Were you one of those 'Rock 'Em Sock 'Em' robots before you went pro,1.12987012987013,0.0385602534725039,77,67,10,0,not_evaluated,not_evaluated
Turns out I can't float like a butterfly,1.1296296296296295,0.0324722438991795,108,94,14,0,not_evaluated,not_evaluated
You could at least have waited until I was warmed up.,1.1296296296296295,0.0374244192594116,108,96,10,2,not_evaluated,not_evaluated
You didn’t wait for the count of three.,1.1296296296296295,0.039669351184919,108,97,8,3,not_evaluated,not_evaluated
One sneeze and everyone leaves??,1.1294117647058823,0.0402660455486082,85,75,9,1,not_evaluated,not_evaluated
Do you want a timeout?,1.1294117647058823,0.0366229761120619,85,74,11,0,not_evaluated,not_evaluated
Hey! Ice-knuckles are against the rules!,1.1294117647058823,0.0467073710859265,85,77,5,3,not_evaluated,not_evaluated
I’ll be back again some day!,1.1294117647058823,0.0467073710859265,85,77,5,3,not_evaluated,not_evaluated
Not an ideal winter sport.,1.1294117647058823,0.0366229761120619,85,74,11,0,not_evaluated,not_evaluated
Another plus of being made of snow is we can re-position body parts without going to the ER.,1.1294117647058823,0.0402660455486082,85,75,9,1,not_evaluated,not_evaluated
I'm just going to leave this right here.,1.1294117647058823,0.0402660455486082,85,75,9,1,not_evaluated,not_evaluated
I'm a knock-off.  He's the real thing.,1.1294117647058823,0.0436058077432412,85,76,7,2,not_evaluated,not_evaluated
The fight was rigged. I won.,1.1294117647058823,0.0402660455486082,85,75,9,1,not_evaluated,not_evaluated
Scrooge.,1.1294117647058823,0.0402660455486082,85,75,9,1,not_evaluated,not_evaluated
I really don’t think your head’s in the game.,1.1294117647058823,0.0366229761120619,85,74,11,0,not_evaluated,not_evaluated
"So, that's what knock your block off looks like, Dad?",1.1294117647058823,0.0402660455486082,85,75,9,1,not_evaluated,not_evaluated
I think they put the gloves on backwards.,1.1294117647058823,0.0402660455486082,85,75,9,1,not_evaluated,not_evaluated
"When Spring comes, I can still piss on your grave.",1.1294117647058823,0.0436058077432412,85,76,7,2,not_evaluated,not_evaluated
"Don't worry, I'll just put some ice on it.",1.1294117647058823,0.0366229761120619,85,74,11,0,not_evaluated,not_evaluated
"Okay, so you're NOT a liberal snowflake.",1.1294117647058823,0.0436058077432412,85,76,7,2,not_evaluated,not_evaluated
A chill came over Frosty after he inadvertently coldcocked his friend!,1.1294117647058823,0.0366229761120619,85,74,11,0,not_evaluated,not_evaluated
You weren't kiddin' when you said you'd knock my head off! Geez!,1.1294117647058823,0.0436058077432412,85,76,7,2,not_evaluated,not_evaluated
i’m beat,1.1294117647058823,0.0436058077432412,85,76,7,2,not_evaluated,not_evaluated
I was not expecting that punch from those arms.,1.1294117647058823,0.0436058077432412,85,76,7,2,not_evaluated,not_evaluated
"Geez, did a 3 yr old build ya? This is too easy.",1.1294117647058823,0.0402660455486082,85,75,9,1,not_evaluated,not_evaluated
"As in life, so in the ring - let cooler heads prevail, I say!",1.1293103448275863,0.0377996224364846,116,104,9,3,not_evaluated,not_evaluated
This isn't fair. Next time I get the scarf and you get the hat! And no punching above the waist!,1.1290322580645162,0.0438499248271065,93,84,6,3,not_evaluated,not_evaluated
That's what I get for forgetting my scarf.,1.1290322580645162,0.0381484957232879,93,82,10,1,not_evaluated,not_evaluated
Another snowflake.,1.1290322580645162,0.0349507315410297,93,81,12,0,not_evaluated,not_evaluated
"OK, take your choice, Elsa or Anna?",1.1290322580645162,0.0349507315410297,93,81,12,0,not_evaluated,not_evaluated
Hey! I said body shots only!,1.1290322580645162,0.0349507315410297,93,81,12,0,not_evaluated,not_evaluated
I tried to tell them that my head was loose,1.1290322580645162,0.0381484957232879,93,82,10,1,not_evaluated,not_evaluated
"Okay. So I think you're confused by the ""no head-on hits"" rule",1.1290322580645162,0.0410981972432648,93,83,8,2,not_evaluated,not_evaluated
I guess I only had a snowball's chance in hell of beating you.,1.1290322580645162,0.0349507315410297,93,81,12,0,not_evaluated,not_evaluated
"Looks like you're already melting
I didn't even have to touch you and your head is already off",1.1290322580645162,0.0464388845477524,93,85,4,4,not_evaluated,not_evaluated
"Gloat while you can. 
Soon we'll both be spring runoff.",1.1290322580645162,0.0381484957232879,93,82,10,1,not_evaluated,not_evaluated
"Congrats tough guy, but I swear if it were two degrees colder…",1.1290322580645162,0.0410981972432648,93,83,8,2,not_evaluated,not_evaluated
"Is she really worth kicking my snowballs, George?",1.1290322580645162,0.0381484957232879,93,82,10,1,not_evaluated,not_evaluated
Guess I got knocked out cold huh,1.1290322580645162,0.0349507315410297,93,81,12,0,not_evaluated,not_evaluated
"Never lead with the head, mate!",1.1290322580645162,0.0410981972432648,93,83,8,2,not_evaluated,not_evaluated
Have my elbows always been this pointy?,1.1290322580645162,0.0410981972432648,93,83,8,2,not_evaluated,not_evaluated
Let's get ready to Rumble!!!....oh wait a minute? Is that the sky?!,1.1287128712871286,0.0414188131947562,101,91,7,3,not_evaluated,not_evaluated
Think they'll come back after cocoa and s'mores? ... I want a rematch.,1.1287128712871286,0.0389550803423881,101,90,9,2,not_evaluated,not_evaluated
"Glide, I said, weave and glide...You need to keep your head about you in kick-boxing.",1.1287128712871286,0.0389550803423881,101,90,9,2,not_evaluated,not_evaluated
Frost BITE? More like frost PUNCH!,1.1287128712871286,0.0389550803423881,101,90,9,2,not_evaluated,not_evaluated
"We are all part of someone else’s narrative, Mike.",1.1287128712871286,0.0389550803423881,101,90,9,2,not_evaluated,not_evaluated
I don't know . . . if feels worse than a 'cold freeze' headache.  Does the sun seem really bright to you?,1.128440366972477,0.0321949270078568,109,95,14,0,not_evaluated,not_evaluated
Gee. I didn’t know I could really do that!,1.1282051282051282,0.0460167423779545,78,70,6,2,not_evaluated,not_evaluated
"Getting punched in the balls is no joke, it can make you lose your head!",1.1282051282051282,0.0460167423779545,78,70,6,2,not_evaluated,not_evaluated
"Don’t worry Bill, I just froze.",1.1282051282051282,0.0422438190280981,78,69,8,1,not_evaluated,not_evaluated
"I still say we go 15 rounds, or until we melt.  Whichever comes first.",1.1282051282051282,0.0422438190280981,78,69,8,1,not_evaluated,not_evaluated
What? You said you can float like a butterfly.,1.1282051282051282,0.049502938418637,78,71,4,3,not_evaluated,not_evaluated
I guess it's not head-to-head anymore.,1.1282051282051282,0.0380990802130231,78,68,10,0,not_evaluated,not_evaluated
When I threatened to knock his block off I didn't mean in literally.,1.1282051282051282,0.0380990802130231,78,68,10,0,not_evaluated,not_evaluated
When snow days for parents hit different.,1.1282051282051282,0.0422438190280981,78,69,8,1,not_evaluated,not_evaluated
"You’re laughing now, but just wait till spring!",1.1282051282051282,0.0422438190280981,78,69,8,1,not_evaluated,not_evaluated
I demand a rematch!,1.127906976744186,0.0431220443080996,86,77,7,2,not_evaluated,not_evaluated
Climate change takes the fun out of everything!,1.127906976744186,0.0398235218695207,86,76,9,1,not_evaluated,not_evaluated
"Jeez, all I said was that Taylor and Travis aren’t endgame.",1.127906976744186,0.0398235218695207,86,76,9,1,not_evaluated,not_evaluated
Hey! We said no hitting above the charcoal buttons.,1.127906976744186,0.0431220443080996,86,77,7,2,not_evaluated,not_evaluated
This kind of defeat really changes my point of view,1.127906976744186,0.0398235218695207,86,76,9,1,not_evaluated,not_evaluated
Still better than snow wrestling.,1.127906976744186,0.0362258896767862,86,75,11,0,not_evaluated,not_evaluated
This was only Lesson 3 of the 5 I paid for!,1.127906976744186,0.0398235218695207,86,76,9,1,not_evaluated,not_evaluated
"<i>Who<i/> just said, 'Heads up?'",1.127906976744186,0.0398235218695207,86,76,9,1,not_evaluated,not_evaluated
Gloves off!  Not heads off!,1.127906976744186,0.0431220443080996,86,77,7,2,not_evaluated,not_evaluated
Next time simply ask for my bobcap,1.127906976744186,0.0398235218695207,86,76,9,1,not_evaluated,not_evaluated
You’re so tough. Big Deal! By Spring we’ll both be soggy pools of water.,1.127906976744186,0.0362258896767862,86,75,11,0,not_evaluated,not_evaluated
"Rock 'em Sock 'em Snowmen
consequences",1.127906976744186,0.0431220443080996,86,77,7,2,not_evaluated,not_evaluated
It’s just a neck wound.,1.127906976744186,0.0398235218695207,86,76,9,1,not_evaluated,not_evaluated
"In the name of the New Jersey Boxing Commission, I request that you to submit those gloves for forensic examination.",1.127906976744186,0.0398235218695207,86,76,9,1,not_evaluated,not_evaluated
‘The Killer in the Chiller’ - yes it has a ring to it,1.127906976744186,0.0398235218695207,86,76,9,1,not_evaluated,not_evaluated
"Wait, do I win if the body's still standing?",1.127906976744186,0.0398235218695207,86,76,9,1,not_evaluated,not_evaluated
"Ok, I'm ready for spring.",1.127906976744186,0.0398235218695207,86,76,9,1,not_evaluated,not_evaluated
Never touch me…never touched me! Bring it on,1.127906976744186,0.0431220443080996,86,77,7,2,not_evaluated,not_evaluated
Seeing the sky has always been on my bucket list.,1.127906976744186,0.0398235218695207,86,76,9,1,not_evaluated,not_evaluated
"Drop the drama, Fros t y. That punch wasn't hard enough to lose your head over.",1.127906976744186,0.0398235218695207,86,76,9,1,not_evaluated,not_evaluated
"Winning in a no win situation, the groundhog has spoken .",1.127906976744186,0.0362258896767862,86,75,11,0,not_evaluated,not_evaluated
I'll hit back again. Some day.,1.127906976744186,0.0398235218695207,86,76,9,1,not_evaluated,not_evaluated
I told you that snowmen shouldn't box.,1.127906976744186,0.0398235218695207,86,76,9,1,not_evaluated,not_evaluated
"Your head is going to melt before mine, tough guy",1.127906976744186,0.0362258896767862,86,75,11,0,not_evaluated,not_evaluated
You punched my head off,1.127906976744186,0.0431220443080996,86,77,7,2,not_evaluated,not_evaluated
"We've been through this so many times. Slip and duck , slip and duck!",1.127906976744186,0.0398235218695207,86,76,9,1,not_evaluated,not_evaluated
Still think I prefer Christmas as a holiday,1.127906976744186,0.0431220443080996,86,77,7,2,not_evaluated,not_evaluated
I said we start on 2!,1.127906976744186,0.0431220443080996,86,77,7,2,not_evaluated,not_evaluated
"Ugh, I was on such a roll.",1.127659574468085,0.0377654338256094,94,83,10,1,not_evaluated,not_evaluated
"Sorry, but you're no longer in the heavyweight class.",1.127659574468085,0.0406817968069462,94,84,8,2,not_evaluated,not_evaluated
At least I won't have to watch my future prospects melt before my eyes.,1.127659574468085,0.0377654338256094,94,83,10,1,not_evaluated,not_evaluated
"Hey, we said no hitting in the face.",1.127659574468085,0.0406817968069462,94,84,8,2,not_evaluated,not_evaluated
Maybe we should have opted for flag boxing instead of full contact.,1.127659574468085,0.034604152823488,94,82,12,0,not_evaluated,not_evaluated
We will call it a draw.,1.127659574468085,0.0406817968069462,94,84,8,2,not_evaluated,not_evaluated
Frosty's off-season training was going well until he met an opponent with a truly solid right hook.,1.127659574468085,0.0434026403672268,94,85,6,3,not_evaluated,not_evaluated
"Don’t just lie there…
Pick up your head and start swinging!",1.127659574468085,0.0406817968069462,94,84,8,2,not_evaluated,not_evaluated
What difference does it make who wins the boxing match or if I lost my head? We're going to melt by tomorrow anyway.,1.127659574468085,0.034604152823488,94,82,12,0,not_evaluated,not_evaluated
Nothing spreads holiday cheer like snowmen,1.127659574468085,0.0377654338256094,94,83,10,1,not_evaluated,not_evaluated
Put up your dukes. C’mon put ‘em up”. [The Three Stooges,1.127659574468085,0.034604152823488,94,82,12,0,not_evaluated,not_evaluated
Now how am I going to get the winning hat?,1.1274509803921569,0.0331822492194207,102,89,13,0,not_evaluated,not_evaluated
Foul! No hitting above the scarf.,1.1274509803921569,0.0359888694463253,102,90,11,1,not_evaluated,not_evaluated
Little Johnny had no idea that calling them Bob and Weave would amount to this.,1.1274509803921569,0.0385919134636979,102,91,9,2,not_evaluated,not_evaluated
That's ten straight times you've caught me cold.,1.1267605633802815,0.0397658006245487,71,62,9,0,not_evaluated,not_evaluated
So it's come to this,1.1267605633802815,0.0488482125891461,71,64,5,2,not_evaluated,not_evaluated
I need to improve my footwork.,1.1265822784810129,0.0417372214363609,79,70,8,1,not_evaluated,not_evaluated
I’ve learned to roll with the punches.,1.1265822784810129,0.0376487145651045,79,69,10,0,not_evaluated,not_evaluated
"So cold,every contact is a jab!",1.1265822784810129,0.0417372214363609,79,70,8,1,not_evaluated,not_evaluated
Could we have just gone with the whole climate-change-melting-snow route?,1.1265822784810129,0.0454594940364599,79,71,6,2,not_evaluated,not_evaluated
"Ok,let's make best of three.",1.1265822784810129,0.0454594940364599,79,71,6,2,not_evaluated,not_evaluated
i could have been thrown by somebody.,1.1265822784810129,0.0417372214363609,79,70,8,1,not_evaluated,not_evaluated
"You've taken ""cold-cocked"" to an alarming new level!",1.1265822784810129,0.0376487145651045,79,69,10,0,not_evaluated,not_evaluated
"Don’t blame yourself son, this was always part of your mother’s master plan…",1.1265822784810129,0.0454594940364599,79,71,6,2,not_evaluated,not_evaluated
"Oooh, that one looks like a bear.",1.1265822784810129,0.0376487145651045,79,69,10,0,not_evaluated,not_evaluated
"Okay, okay, I'm starting to see your point.",1.1265822784810129,0.0417372214363609,79,70,8,1,not_evaluated,not_evaluated
"If you give me your hat, I’ll let you win.",1.1265822784810129,0.0417372214363609,79,70,8,1,not_evaluated,not_evaluated
Are you claiming a TKO?,1.1265822784810129,0.0417372214363609,79,70,8,1,not_evaluated,not_evaluated
"Calm down, global warming is the real winner in this fight!",1.1265822784810129,0.0417372214363609,79,70,8,1,not_evaluated,not_evaluated
"So THAT'S what ""thumpity thump thump"" means.",1.1264367816091954,0.042648854691642,87,78,7,2,not_evaluated,not_evaluated
Don't lose your head about this!,1.1264367816091954,0.0393905648619928,87,77,9,1,not_evaluated,not_evaluated
"This gives new meaning to the term ""snow fall"".",1.1264367816091954,0.0358372486916187,87,76,11,0,not_evaluated,not_evaluated
I only you yellow after that German shepherd peed on you.,1.1264367816091954,0.042648854691642,87,78,7,2,not_evaluated,not_evaluated
That’s the last time I use double-sided tape.,1.1264367816091954,0.042648854691642,87,78,7,2,not_evaluated,not_evaluated
You're still not getting your stocking cap back.,1.1264367816091954,0.0393905648619928,87,77,9,1,not_evaluated,not_evaluated
So much for the snowp-a-dope.,1.1264367816091954,0.0456752998115035,87,79,5,3,not_evaluated,not_evaluated
Don't you dare think you have an head start!,1.1264367816091954,0.0393905648619928,87,77,9,1,not_evaluated,not_evaluated
Looks like I was given a snow job about you being a serious contender.,1.1264367816091954,0.0358372486916187,87,76,11,0,not_evaluated,not_evaluated
"I see the sun so clearly now. I'm afraid, Carl, you won't be able to punch your way out of this one.",1.1264367816091954,0.0456752998115035,87,79,5,3,not_evaluated,not_evaluated
This head cold is keeping me down.,1.1264367816091954,0.0393905648619928,87,77,9,1,not_evaluated,not_evaluated
"It just seems like the right time to ask, if I can borrow your hat, too, now.",1.1264367816091954,0.042648854691642,87,78,7,2,not_evaluated,not_evaluated
"Now, how will I wear my participation medal?",1.1264367816091954,0.0358372486916187,87,76,11,0,not_evaluated,not_evaluated
Before global warming I would have lasted at least one round.,1.1264367816091954,0.0393905648619928,87,77,9,1,not_evaluated,not_evaluated
"Hmm, did I leave my oven on?",1.1264367816091954,0.042648854691642,87,78,7,2,not_evaluated,not_evaluated
"Psst, Joe, get up, they haven't rung the bell yet.
Donald, is that you? I must have started sweating under the lights and my head slipped off.",1.1264367816091954,0.042648854691642,87,78,7,2,not_evaluated,not_evaluated
The first clue is— no footprints.,1.1264367816091954,0.0456752998115035,87,79,5,3,not_evaluated,not_evaluated
"Nice work, champ. I told you you had abominable in ya.",1.1264367816091954,0.042648854691642,87,78,7,2,not_evaluated,not_evaluated
What a snowflake!,1.1264367816091954,0.0358372486916187,87,76,11,0,not_evaluated,not_evaluated
"'I thought I would get a head start.""",1.1264367816091954,0.0393905648619928,87,77,9,1,not_evaluated,not_evaluated
"Oh it always has to be about you, Carl",1.1264367816091954,0.0393905648619928,87,77,9,1,not_evaluated,not_evaluated
there’s those darn contrails again!,1.1264367816091954,0.0358372486916187,87,76,11,0,not_evaluated,not_evaluated
"What doesn’t kill you makes you stronger, Frosty. Remember that.",1.1264367816091954,0.042648854691642,87,78,7,2,not_evaluated,not_evaluated
...But you said no hitting above the scarf !!!!!,1.1263157894736842,0.0373899438042335,95,84,10,1,not_evaluated,not_evaluated
"It wasn't a knock-out, I  was just flaked out.",1.1263157894736842,0.0373899438042335,95,84,10,1,not_evaluated,not_evaluated
So that’s what you mean by reaching across the aisle.,1.1263157894736842,0.0342643215597544,95,83,12,0,not_evaluated,not_evaluated
Where did you learn to kick box?,1.1263157894736842,0.0342643215597544,95,83,12,0,not_evaluated,not_evaluated
"Hit me again,before global warming gets us both.",1.1263157894736842,0.0402737142987485,95,85,8,2,not_evaluated,not_evaluated
"No offense, but I still hate a bald snowman.",1.1263157894736842,0.0373899438042335,95,84,10,1,not_evaluated,not_evaluated
Queensberry Rules?,1.1263157894736842,0.0402737142987485,95,85,8,2,not_evaluated,not_evaluated
You’ve clearly been working on your stick jab,1.1263157894736842,0.0373899438042335,95,84,10,1,not_evaluated,not_evaluated
"If you thought I was chicken before, I really am now.",1.1262135922330097,0.0382354256258999,103,92,9,2,not_evaluated,not_evaluated
Remember when playing Rock ‘em Sock ‘em Robots was fun?,1.1262135922330097,0.0382354256258999,103,92,9,2,not_evaluated,not_evaluated
I may be seeing stars now but I’m still awake.,1.1262135922330097,0.0382354256258999,103,92,9,2,not_evaluated,not_evaluated
I think the guy who took a leak on you uses P.E.D.’s.,1.1262135922330097,0.0382354256258999,103,92,9,2,not_evaluated,not_evaluated
"You're right, we really are out of ideas for the next Rocky movie.",1.1262135922330097,0.0382354256258999,103,92,9,2,not_evaluated,not_evaluated
"Good, but that’s not gonna work against Rocco the Scarecrow.  He’s got a spine like a two by four.",1.1262135922330097,0.0382354256258999,103,92,9,2,not_evaluated,not_evaluated
Time out. I can’t see you.,1.1262135922330097,0.0382354256258999,103,92,9,2,not_evaluated,not_evaluated
Tis but a scratch. Just a flesh wound.,1.1261261261261262,0.0386443434045535,111,100,8,3,not_evaluated,not_evaluated
"Hey, I could use some help. You got me when I wasn't looking.",1.125,0.0372087848617242,80,70,10,0,not_evaluated,not_evaluated
Now you’re just showing off…,1.125,0.0370218048599432,96,85,10,1,not_evaluated,not_evaluated
"A loss for me, a win for Calvin and Hobbes fans.",1.125,0.04253481546117,96,87,6,3,not_evaluated,not_evaluated
I warned you I was going to knock your block off.,1.125,0.0449155325393247,80,72,6,2,not_evaluated,not_evaluated
I knew I should have worn a scarf instead of a hat.,1.125,0.0421858974984934,88,79,7,2,not_evaluated,not_evaluated
I can't afford another organic nose.,1.125,0.0412425674163067,80,71,8,1,not_evaluated,not_evaluated
Told you I don't want to build a snowman!,1.125,0.0412425674163067,80,71,8,1,not_evaluated,not_evaluated
This is why the sport should be outlawed.,1.125,0.0354567893081984,88,77,11,0,not_evaluated,not_evaluated
"If this keeps happening,I may need to consider retirement.",1.125,0.0370218048599432,96,85,10,1,not_evaluated,not_evaluated
I told you the scarf helps keep your head on.,1.125,0.0389668696189427,88,78,9,1,not_evaluated,not_evaluated
That was a sleigh.  Not the bell.,1.125,0.0372087848617242,80,70,10,0,not_evaluated,not_evaluated
That was just a global warm-up.,1.125,0.0389668696189427,88,78,9,1,not_evaluated,not_evaluated
"Well, you're right--it is a full moon.",1.125,0.0421858974984934,88,79,7,2,not_evaluated,not_evaluated
"Alas, poor Olaf! I knew him.""
""You're a riot, Frosty.",1.125,0.0392491141014224,72,63,9,0,not_evaluated,not_evaluated
The boy who made me said he wants to work for Boeing.,1.125,0.0421858974984934,88,79,7,2,not_evaluated,not_evaluated
Does my head sliding off count as a TKO?,1.125,0.0370218048599432,96,85,10,1,not_evaluated,not_evaluated
"TV Announcer: ""Oh my goodness! He just knocked Frosty out cold!""",1.125,0.0449155325393247,80,72,6,2,not_evaluated,not_evaluated
Your next opponent is climate. Good luck.,1.125,0.0392491141014224,72,63,9,0,not_evaluated,not_evaluated
I'm fine.  I'll walk it off.,1.125,0.0354567893081984,88,77,11,0,not_evaluated,not_evaluated
No more head games buddy,1.125,0.0370218048599432,96,85,10,1,not_evaluated,not_evaluated
"You went thumpety thump whump, instead of thumpety thump thump.",1.125,0.0389668696189427,88,78,9,1,not_evaluated,not_evaluated
Wait until Lilly puts my head back on... You're gonna pay!!!,1.125,0.0412425674163067,80,71,8,1,not_evaluated,not_evaluated
Cold-cocked!,1.125,0.0354567893081984,88,77,11,0,not_evaluated,not_evaluated
I don't think 'stick and jab' is supposed to involve actual sticks.,1.125,0.04253481546117,96,87,6,3,not_evaluated,not_evaluated
Global warming throws a hard punch!,1.125,0.0398737041256735,96,86,8,2,not_evaluated,not_evaluated
"Wait a minute, are we in a Monty Python sketch?",1.125,0.0372087848617242,80,70,10,0,not_evaluated,not_evaluated
May Weather wins again.,1.125,0.0483100482249156,80,73,4,3,not_evaluated,not_evaluated
"Touche, Jimmy Thurber!",1.125,0.0389668696189427,88,78,9,1,not_evaluated,not_evaluated
"Well, at least summer is coming.",1.125,0.0449155325393247,80,72,6,2,not_evaluated,not_evaluated
I don't feel that your head is the game today,1.125,0.0412425674163067,80,71,8,1,not_evaluated,not_evaluated
Try not to lose your mind while fighting.,1.125,0.0389668696189427,88,78,9,1,not_evaluated,not_evaluated
That groundhog couldn’t have predicted this.,1.125,0.0370218048599432,96,85,10,1,not_evaluated,not_evaluated
"Just because I said I had a headache last night, you didn't have to go this far",1.125,0.0421858974984934,88,79,7,2,not_evaluated,not_evaluated
I’m good! It’s just a frost wound!,1.125,0.0398737041256735,96,86,8,2,not_evaluated,not_evaluated
Sometimes you just have to roll with the punches.,1.125,0.0398737041256735,96,86,8,2,not_evaluated,not_evaluated
"Southpaw, eh?",1.125,0.0412425674163067,80,71,8,1,not_evaluated,not_evaluated
You be headed in the wrong direction.,1.125,0.0449155325393247,80,72,6,2,not_evaluated,not_evaluated
A snowball fight is a non-contact sport!,1.125,0.0421858974984934,88,79,7,2,not_evaluated,not_evaluated
You wanted the cap with the fuzzy ball. I told you the scarf was gonna tie your head and body together.,1.125,0.0398737041256735,96,86,8,2,not_evaluated,not_evaluated
And you said the climate change reports were going to MY head,1.1238095238095238,0.035017625324641,105,93,11,1,not_evaluated,not_evaluated
I guess keeping your eye on the ball really works.,1.1238095238095238,0.035017625324641,105,93,11,1,not_evaluated,not_evaluated
My footwork is much better when I wear my old silk hat.,1.1238095238095238,0.0375417669606416,105,94,9,2,not_evaluated,not_evaluated
I knew I didn't have a chance in Hell.,1.1238095238095238,0.035017625324641,105,93,11,1,not_evaluated,not_evaluated
At least it wasn't the sun.,1.1237113402061856,0.0394815302167562,97,87,8,2,not_evaluated,not_evaluated
You put a rock in that one.,1.1237113402061856,0.0366608046277523,97,86,10,1,not_evaluated,not_evaluated
Maybe we should try jogging instead.,1.1237113402061856,0.0366608046277523,97,86,10,1,not_evaluated,not_evaluated
"You said you'd knock my socks off.  Those are at the other end, idiot!",1.1237113402061856,0.033604136109292,97,85,12,0,not_evaluated,not_evaluated
You lose your head every time,1.1235955056179776,0.0385521439566202,89,79,9,1,not_evaluated,not_evaluated
Well at least close your eyes.,1.1235955056179776,0.0446877279963786,89,81,5,3,not_evaluated,not_evaluated
"Never surrender, never give up.",1.1235955056179776,0.0385521439566202,89,79,9,1,not_evaluated,not_evaluated
Joke's on you! Now my head's below the belt!,1.1235955056179776,0.0385521439566202,89,79,9,1,not_evaluated,not_evaluated
You've got a snowball's chance in hell of doing that again!,1.1235955056179776,0.0385521439566202,89,79,9,1,not_evaluated,not_evaluated
I see why they call you Frosty The KO-Man.,1.1235955056179776,0.0385521439566202,89,79,9,1,not_evaluated,not_evaluated
"You win, Sunny!",1.1235955056179776,0.0350842584179685,89,78,11,0,not_evaluated,not_evaluated
Ahh! I don’t have any legs!,1.1235955056179776,0.0385521439566202,89,79,9,1,not_evaluated,not_evaluated
"The felled snowman asks, ""Give up?""",1.1235955056179776,0.0385521439566202,89,79,9,1,not_evaluated,not_evaluated
"Hey, it looks like snow!",1.1235955056179776,0.0417328457999828,89,80,7,2,not_evaluated,not_evaluated
When did you get a French boxing coach?,1.1235955056179776,0.0385521439566202,89,79,9,1,not_evaluated,not_evaluated
Ok I take it back! You don't have a big nose or a big butt.,1.1235955056179776,0.0385521439566202,89,79,9,1,not_evaluated,not_evaluated
I'll be stronger when I roll back up.,1.1235955056179776,0.0350842584179685,89,78,11,0,not_evaluated,not_evaluated
Damn bird.,1.1235955056179776,0.0385521439566202,89,79,9,1,not_evaluated,not_evaluated
I said no hitting below the snow belt.,1.1235955056179776,0.0417328457999828,89,80,7,2,not_evaluated,not_evaluated
His head just wasn’t in the fight.,1.1235955056179776,0.0446877279963786,89,81,5,3,not_evaluated,not_evaluated
Now what did I say about freezing up?,1.1235955056179776,0.0385521439566202,89,79,9,1,not_evaluated,not_evaluated
"Carl ""Frosty""  Weathers lands a punch, and that bell means both the fight and recess are over!",1.123456790123457,0.0407594420227633,81,72,8,1,not_evaluated,not_evaluated
It's not over; I'm still standing!,1.123456790123457,0.0367789360734968,81,71,10,0,not_evaluated,not_evaluated
Put'em up. It's only a flesh wound!,1.123456790123457,0.0367789360734968,81,71,10,0,not_evaluated,not_evaluated
"OK, you can have the hat already!",1.123456790123457,0.0407594420227633,81,72,8,1,not_evaluated,not_evaluated
"Okay, two outta three!",1.123456790123457,0.0407594420227633,81,72,8,1,not_evaluated,not_evaluated
Calvin's at it again.,1.123456790123457,0.0443843901536976,81,73,6,2,not_evaluated,not_evaluated
"Okay,but I'm still taking a standing count.",1.123456790123457,0.0407594420227633,81,72,8,1,not_evaluated,not_evaluated
"We both know he's a precocious and lovable boy, but do you sometimes wonder if Calvin could benefit from therapy?",1.123456790123457,0.0407594420227633,81,72,8,1,not_evaluated,not_evaluated
"Joni, you’re so right. Now I’ve looked at clouds from both sides, too…",1.123456790123457,0.0367789360734968,81,71,10,0,not_evaluated,not_evaluated
I think I can see Taylor Swift in the skybox.,1.123456790123457,0.0443843901536976,81,73,6,2,not_evaluated,not_evaluated
I wasn't expecting the South Pole stance.,1.123456790123457,0.0443843901536976,81,73,6,2,not_evaluated,not_evaluated
I always knew your head wasn't packed on straight,1.123456790123457,0.0367789360734968,81,71,10,0,not_evaluated,not_evaluated
It looks like the spring thaw is beginning,1.123456790123457,0.0443843901536976,81,73,6,2,not_evaluated,not_evaluated
"You're thinking of a Monty Python movie, aren't you?",1.123456790123457,0.0443843901536976,81,73,6,2,not_evaluated,not_evaluated
I guessed you knocked my block off.,1.123456790123457,0.0407594420227633,81,72,8,1,not_evaluated,not_evaluated
I guess I hadn't considered this scenario before I threw the first punch.  Why do you ask?,1.123456790123457,0.0443843901536976,81,73,6,2,not_evaluated,not_evaluated
I guess you were right — the scarf really was important.,1.123456790123457,0.0407594420227633,81,72,8,1,not_evaluated,not_evaluated
Tomorrow we fix your footwork.,1.123456790123457,0.0407594420227633,81,72,8,1,not_evaluated,not_evaluated
Does that count as a knockout?,1.1232876712328768,0.0387455770513176,73,64,9,0,not_evaluated,not_evaluated
You are disqualified for punching above the belt.,1.1232876712328768,0.0475631658812777,73,66,5,2,not_evaluated,not_evaluated
This isn’t Rockem Sockem Robots!,1.1232876712328768,0.0475631658812777,73,66,5,2,not_evaluated,not_evaluated
This wasn't what I imagined when you told me I had to give my all.,1.123076923076923,0.0465527632188854,65,58,6,1,not_evaluated,not_evaluated
Two words: Global Warming.,1.1226415094339623,0.0320119872782385,106,93,13,0,not_evaluated,not_evaluated
Put up your du…,1.1226415094339623,0.0372042520168922,106,95,9,2,not_evaluated,not_evaluated
"That's some left hook you got there, knocked me right off",1.1224489795918366,0.0363067387817978,98,87,10,1,not_evaluated,not_evaluated
"Seriously, Bill? On my birthday?",1.1224489795918366,0.039096965568884,98,88,8,2,not_evaluated,not_evaluated
"Kipling was right,  you da man.",1.1224489795918366,0.0363067387817978,98,87,10,1,not_evaluated,not_evaluated
"Hurry up and help me, they just let Rover out",1.1224489795918366,0.0363067387817978,98,87,10,1,not_evaluated,not_evaluated
I miss Bill Watterson.,1.1224489795918366,0.039096965568884,98,88,8,2,not_evaluated,not_evaluated
You know that the head lives for a few minutes before it dies.,1.1224489795918366,0.0363067387817978,98,87,10,1,not_evaluated,not_evaluated
"So much for the ""good head on my shoulders.""",1.1224489795918366,0.0363067387817978,98,87,10,1,not_evaluated,not_evaluated
"It's not worth it Carl, just take the damn carrot.",1.1224489795918366,0.039096965568884,98,88,8,2,not_evaluated,not_evaluated
Did you put ice cubes in your gloves?,1.1222222222222222,0.0381461077637357,90,80,9,1,not_evaluated,not_evaluated
Just a flesh wound.,1.1222222222222222,0.0412893863802777,90,81,7,2,not_evaluated,not_evaluated
I’m aiight! It’s just a flesh wound!,1.1222222222222222,0.0347194131198269,90,79,11,0,not_evaluated,not_evaluated
If only boxing was in the Winter Olympics.,1.1222222222222222,0.0381461077637357,90,80,9,1,not_evaluated,not_evaluated
Fuck you!,1.1222222222222222,0.0442097423403167,90,82,5,3,not_evaluated,not_evaluated
M-ooo-m!,1.1222222222222222,0.0381461077637357,90,80,9,1,not_evaluated,not_evaluated
Since when do we celebrate Boxing Day?,1.1222222222222222,0.0412893863802777,90,81,7,2,not_evaluated,not_evaluated
I should've worn a scarf.,1.1222222222222222,0.0412893863802777,90,81,7,2,not_evaluated,not_evaluated
That’s a snowkdown!,1.1222222222222222,0.0347194131198269,90,79,11,0,not_evaluated,not_evaluated
You still look stupid in that scarf.,1.1222222222222222,0.0381461077637357,90,80,9,1,not_evaluated,not_evaluated
"'I COLD COCKED THIS HOT HEAD""",1.1222222222222222,0.0381461077637357,90,80,9,1,not_evaluated,not_evaluated
and no Calvin references please...,1.1222222222222222,0.0412893863802777,90,81,7,2,not_evaluated,not_evaluated
I told you not to lose your head over this.,1.1219512195121952,0.0402874491797248,82,73,8,1,not_evaluated,not_evaluated
NOW I'M THE GREAT WHITE MOPE,1.1219512195121952,0.0402874491797248,82,73,8,1,not_evaluated,not_evaluated
I was just borrowing your hat!,1.1219512195121952,0.0363588289024355,82,72,10,0,not_evaluated,not_evaluated
Hey! You knocked my sphere off!,1.1219512195121952,0.0363588289024355,82,72,10,0,not_evaluated,not_evaluated
And this is why I hate Wednesday Addams.,1.1219512195121952,0.0402874491797248,82,73,8,1,not_evaluated,not_evaluated
Was that a snowball punch?,1.1219512195121952,0.0402874491797248,82,73,8,1,not_evaluated,not_evaluated
Figured I might as well get it over with.,1.1219512195121952,0.0402874491797248,82,73,8,1,not_evaluated,not_evaluated
Nice Hit. You had me distracted by the way your were moving your feet.,1.1219512195121952,0.0402874491797248,82,73,8,1,not_evaluated,not_evaluated
I told you to knock it off!,1.1219512195121952,0.0438656207486141,82,74,6,2,not_evaluated,not_evaluated
"Don't blame me, blame global warming...",1.1219512195121952,0.0402874491797248,82,73,8,1,not_evaluated,not_evaluated
I wish they’d stop pitting us against each other…,1.1219512195121952,0.0363588289024355,82,72,10,0,not_evaluated,not_evaluated
I know you’re here somewhere.,1.1219512195121952,0.0402874491797248,82,73,8,1,not_evaluated,not_evaluated
I was just made different.,1.1219512195121952,0.0402874491797248,82,73,8,1,not_evaluated,not_evaluated
I told you badminton was a better idea.,1.1219512195121952,0.0402874491797248,82,73,8,1,not_evaluated,not_evaluated
"Hey, there’s a bird nest up there…",1.1219512195121952,0.0402874491797248,82,73,8,1,not_evaluated,not_evaluated
Great left hook!  Now what?,1.1216216216216215,0.0428212003892668,74,66,7,1,not_evaluated,not_evaluated
"I guess we're going for the sucker punch, not the rope-a-dope?",1.1216216216216215,0.0428212003892668,74,66,7,1,not_evaluated,not_evaluated
"When in love heart snows, mind lies",1.1216216216216215,0.0428212003892668,74,66,7,1,not_evaluated,not_evaluated
That’s why I said no head shots,1.1216216216216215,0.0469455903117995,74,67,5,2,not_evaluated,not_evaluated
Doggone that Calvin! I told him I needed a stronger neck.,1.1214953271028036,0.0368727273255625,107,96,9,2,not_evaluated,not_evaluated
I want you to have my hat.,1.1214953271028036,0.0368727273255625,107,96,9,2,not_evaluated,not_evaluated
Head cold,1.1214953271028036,0.0317321057277163,107,94,13,0,not_evaluated,not_evaluated
Float like a butterfly!,1.121212121212121,0.0329687147439996,99,87,12,0,not_evaluated,not_evaluated
I told them to use more hard pack.,1.121212121212121,0.035959410661983,99,88,10,1,not_evaluated,not_evaluated
Let's go.  The force is with me.,1.121212121212121,0.035959410661983,99,88,10,1,not_evaluated,not_evaluated
Whoa!!  I said You knock my Socks Off--Not my Head,1.121212121212121,0.0387197918181782,99,89,8,2,not_evaluated,not_evaluated
I knew I'd lose my head over you!,1.121212121212121,0.0387197918181782,99,89,8,2,not_evaluated,not_evaluated
"Jeez, he coulda just thrown in a towel.",1.121212121212121,0.0387197918181782,99,89,8,2,not_evaluated,not_evaluated
You are fine. There is no blood yet.,1.121212121212121,0.035959410661983,99,88,10,1,not_evaluated,not_evaluated
"I fight out of raw instinct, Kyle—Im not all up in my head like you",1.121212121212121,0.0387197918181782,99,89,8,2,not_evaluated,not_evaluated
I can still fight from this angle.,1.120879120879121,0.0408552190288606,91,82,7,2,not_evaluated,not_evaluated
"Well, on the bright side, you managed to avoid the yellow snow.",1.120879120879121,0.0343620202184866,91,80,11,0,not_evaluated,not_evaluated
Well Shoot.  Looks like another grey and gloomy day.,1.120879120879121,0.0343620202184866,91,80,11,0,not_evaluated,not_evaluated
"FROSTY DEFIES ODDS, KOS ABOMINABLE",1.120879120879121,0.0377484923897091,91,81,9,1,not_evaluated,not_evaluated
Destroying one's bodily matter really puts it in perspective.,1.120879120879121,0.0343620202184866,91,80,11,0,not_evaluated,not_evaluated
"Come on, Bob, this isn't the NFL.",1.120879120879121,0.0408552190288606,91,82,7,2,not_evaluated,not_evaluated
"Rock ‘em Sock ‘em Robits, snowman style!",1.120879120879121,0.0377484923897091,91,81,9,1,not_evaluated,not_evaluated
"Well,YOU knocked my hat off!",1.120879120879121,0.0343620202184866,91,80,11,0,not_evaluated,not_evaluated
And you thought that the hat would protect you,1.120879120879121,0.0437418468528298,91,83,5,3,not_evaluated,not_evaluated
I can’t even remember what  we were fighting about.,1.120879120879121,0.0343620202184866,91,80,11,0,not_evaluated,not_evaluated
I don’t think you understand the gravity of the situation.,1.120879120879121,0.0343620202184866,91,80,11,0,not_evaluated,not_evaluated
Hey! You hit too hard! That's unfair!,1.120879120879121,0.0343620202184866,91,80,11,0,not_evaluated,not_evaluated
I’m working up a sweat.,1.120879120879121,0.0343620202184866,91,80,11,0,not_evaluated,not_evaluated
No hitting above the scarf!,1.120481927710843,0.0359481389331235,83,73,10,0,not_evaluated,not_evaluated
No fair!,1.120481927710843,0.0398262106284982,83,74,8,1,not_evaluated,not_evaluated
Put ‘em up! I’ll fight you with one snowball behind my back!,1.120481927710843,0.0359481389331235,83,73,10,0,not_evaluated,not_evaluated
I think we had better have a snow BALL fight instead of a snow Man fight!,1.120481927710843,0.0433587985684088,83,75,6,2,not_evaluated,not_evaluated
I said only shots below the belt!,1.120481927710843,0.0398262106284982,83,74,8,1,not_evaluated,not_evaluated
My nose is melting into my face.,1.120481927710843,0.0398262106284982,83,74,8,1,not_evaluated,not_evaluated
Put ‘em up! I dare you. You don’t have the snowballs to fight me.,1.120481927710843,0.0359481389331235,83,73,10,0,not_evaluated,not_evaluated
"Toto, I’ve a feeling we’re not walking in the air anymore.",1.120481927710843,0.0433587985684088,83,75,6,2,not_evaluated,not_evaluated
You had one job - keep your head in the game.,1.120481927710843,0.0466244975690484,83,76,4,3,not_evaluated,not_evaluated
What a wimp. You didn’t even knock my hat off.,1.120481927710843,0.0466244975690484,83,76,4,3,not_evaluated,not_evaluated
Oops. Too much neck flexing.,1.120481927710843,0.0359481389331235,83,73,10,0,not_evaluated,not_evaluated
"I should have know better, my 
Dad was a Snowflake.",1.120481927710843,0.0398262106284982,83,74,8,1,not_evaluated,not_evaluated
I think we're stuck here till June thaw.,1.120481927710843,0.0359481389331235,83,73,10,0,not_evaluated,not_evaluated
The first rule of ice club...,1.120481927710843,0.0433587985684088,83,75,6,2,not_evaluated,not_evaluated
I didn't realize you'd laugh your head off about fighting me!,1.120481927710843,0.0398262106284982,83,74,8,1,not_evaluated,not_evaluated
It's like the start of Rocky IV!,1.1203703703703705,0.0365470355426557,108,97,9,2,not_evaluated,not_evaluated
"Hey, look! I told you I could make you fall head over heels for me.",1.1203703703703705,0.0410100760790877,108,99,5,4,not_evaluated,not_evaluated
"Okay, maybe a jab is faster than a hook.",1.1203703703703705,0.0340971485674085,108,96,11,1,not_evaluated,not_evaluated
I finally get why everyone calls you the Iceman.,1.1203703703703705,0.0340971485674085,108,96,11,1,not_evaluated,not_evaluated
I guess I don't have to worry about your job anymore.,1.12,0.0422775045075674,75,67,7,1,not_evaluated,not_evaluated
I'll blame it on climate control!,1.12,0.0463437994530848,75,68,5,2,not_evaluated,not_evaluated
"As I was saying, does that cloud look a little bit like Mike Tyson?",1.12,0.0422775045075674,75,67,7,1,not_evaluated,not_evaluated
Just trying to help you out with that headache bud.,1.12,0.0377760112641213,75,66,9,0,not_evaluated,not_evaluated
No facial bruises for me!,1.12,0.0463437994530848,75,68,5,2,not_evaluated,not_evaluated
Jack Frost seems to have a heavier punch this winter.,1.12,0.0422775045075674,75,67,7,1,not_evaluated,not_evaluated
Do you believe in global warming.,1.12,0.0383497988352881,100,90,8,2,not_evaluated,not_evaluated
Everyone has a plan 'till they get punched in the top button.,1.12,0.0408989886516435,100,91,6,3,not_evaluated,not_evaluated
Now I am a smaller target.,1.12,0.0356186309210063,100,89,10,1,not_evaluated,not_evaluated
I'm ahead in this round,1.12,0.0383497988352881,100,90,8,2,not_evaluated,not_evaluated
So nobody explained to you what sparring is?,1.12,0.0408989886516435,100,91,6,3,not_evaluated,not_evaluated
"You know, dying isn't so bad after all.",1.12,0.0463437994530848,75,68,5,2,not_evaluated,not_evaluated
Sorry! I lost my head there for a sec!,1.12,0.0463437994530848,75,68,5,2,not_evaluated,not_evaluated
Your head isn't into this!,1.12,0.0356186309210063,100,89,10,1,not_evaluated,not_evaluated
You lose! ... decapitations don't count.,1.12,0.0377760112641213,75,66,9,0,not_evaluated,not_evaluated
"After a heated discussion on climate change, the snowmen get down to business.",1.12,0.0383497988352881,100,90,8,2,not_evaluated,not_evaluated
"Nice left hook, but your footwork is terrible.",1.1195652173913044,0.0373590400693583,92,82,9,1,not_evaluated,not_evaluated
It's just a scratch.,1.1195652173913044,0.0432837262880942,92,84,5,3,not_evaluated,not_evaluated
Everybody knows that it is impossible for a snowman to duck!,1.1195652173913044,0.0340118557515545,92,81,11,0,not_evaluated,not_evaluated
You have an odd way of ducking!,1.1195652173913044,0.0373590400693583,92,82,9,1,not_evaluated,not_evaluated
"Float like an iceberg, sting like like frostbite; looks like Snowbert takes it tonight!",1.1195652173913044,0.0373590400693583,92,82,9,1,not_evaluated,not_evaluated
You think you’re so smart.  Let’s see you move to a neutral corner.,1.1195652173913044,0.0373590400693583,92,82,9,1,not_evaluated,not_evaluated
There goes my rose.,1.1195652173913044,0.0340118557515545,92,81,11,0,not_evaluated,not_evaluated
I was never good in snowball fights either.,1.1195652173913044,0.0404300558760842,92,83,7,2,not_evaluated,not_evaluated
"Now I've got your muffler. 
Next will be your stocking cap.",1.1195652173913044,0.0404300558760842,92,83,7,2,not_evaluated,not_evaluated
At least my nose is already on ice until for transport to the organ donor program.,1.1195652173913044,0.0373590400693583,92,82,9,1,not_evaluated,not_evaluated
Wicked right hook!,1.1195652173913044,0.0373590400693583,92,82,9,1,not_evaluated,not_evaluated
"Float like a butterfly, sting like a freeze!",1.1195652173913044,0.0404300558760842,92,83,7,2,not_evaluated,not_evaluated
No hitting above the neck!,1.1195652173913044,0.0340118557515545,92,81,11,0,not_evaluated,not_evaluated
It's easy to knock your head off since it isn't screwed on properly.,1.1195652173913044,0.0340118557515545,92,81,11,0,not_evaluated,not_evaluated
You told me to use my head instead of my fists!!,1.1195652173913044,0.0404300558760842,92,83,7,2,not_evaluated,not_evaluated
"Nice work, doofus, but you 'rained' blows down on me, not 'reigned'.",1.1195652173913044,0.0373590400693583,92,82,9,1,not_evaluated,not_evaluated
Too much heat !,1.1195652173913044,0.0404300558760842,92,83,7,2,not_evaluated,not_evaluated
"End of winter wonderland Bob. ""Spring"" into action !",1.1195652173913044,0.0373590400693583,92,82,9,1,not_evaluated,not_evaluated
"Adios, you know what I mean?",1.1195652173913044,0.0373590400693583,92,82,9,1,not_evaluated,not_evaluated
It’s only a flesh wound! Bring it coward… I’ll stab you with my carrot!,1.1194029850746268,0.0499768741621394,67,61,4,2,not_evaluated,not_evaluated
ok hit me lower this time!,1.1194029850746268,0.0399139058759117,67,59,8,0,not_evaluated,not_evaluated
"Ok, new rule-no hitting below the belt, OR above the shoulders!",1.1192660550458715,0.0362270247582402,109,98,9,2,not_evaluated,not_evaluated
I’ll be back… again…somedaaaaay!!,1.119047619047619,0.039375364944759,84,75,8,1,not_evaluated,not_evaluated
Boxing will never be the same.,1.119047619047619,0.039375364944759,84,75,8,1,not_evaluated,not_evaluated
So much for Round One,1.119047619047619,0.039375364944759,84,75,8,1,not_evaluated,not_evaluated
"Who's a snowflake now, huh?",1.119047619047619,0.0355465558372129,84,74,10,0,not_evaluated,not_evaluated
I know how this looks but I’m innocent.,1.119047619047619,0.0428635170882864,84,76,6,2,not_evaluated,not_evaluated
What is that called when jets make that trail behind them?,1.119047619047619,0.0428635170882864,84,76,6,2,not_evaluated,not_evaluated
I can only look at the sky… Please throw scissors!,1.119047619047619,0.0355465558372129,84,74,10,0,not_evaluated,not_evaluated
That's what you get for making fun of my hairline.,1.119047619047619,0.0355465558372129,84,74,10,0,not_evaluated,not_evaluated
"I can't fight with someone who is so uptight that they lose their head over a little boxing match.""",1.119047619047619,0.039375364944759,84,75,8,1,not_evaluated,not_evaluated
Alright my turn with the scarf.,1.119047619047619,0.0355465558372129,84,74,10,0,not_evaluated,not_evaluated
"Okay,okay,I apologize,Barbie",1.119047619047619,0.0355465558372129,84,74,10,0,not_evaluated,not_evaluated
"Oh, We didn't even get through Round One!",1.119047619047619,0.039375364944759,84,75,8,1,not_evaluated,not_evaluated
Just wait till Spring.,1.119047619047619,0.0428635170882864,84,76,6,2,not_evaluated,not_evaluated
Frosty the snowman,1.119047619047619,0.039375364944759,84,75,8,1,not_evaluated,not_evaluated
"You'll never star in Rocky, Olaf. Let it go!",1.119047619047619,0.0428635170882864,84,76,6,2,not_evaluated,not_evaluated
You really got in my head.,1.119047619047619,0.0428635170882864,84,76,6,2,not_evaluated,not_evaluated
Did you see that eagle? The bastard!,1.119047619047619,0.0355465558372129,84,74,10,0,not_evaluated,not_evaluated
« I was hoping cooler heads would prevail.”,1.119047619047619,0.039375364944759,84,75,8,1,not_evaluated,not_evaluated
Should have worn a scarf Harvey,1.119047619047619,0.0355465558372129,84,74,10,0,not_evaluated,not_evaluated
It’s not over! I’m quite the abdominal snowman.,1.119047619047619,0.039375364944759,84,75,8,1,not_evaluated,not_evaluated
"Of course I can still talk, you think normal biology applies to snowmen?",1.119047619047619,0.0428635170882864,84,76,6,2,not_evaluated,not_evaluated
Just wait for round two!,1.119047619047619,0.039375364944759,84,75,8,1,not_evaluated,not_evaluated
Just...let me get it out of my head,1.119047619047619,0.039375364944759,84,75,8,1,not_evaluated,not_evaluated
"Bring me an aspirin...make that two.""",1.119047619047619,0.039375364944759,84,75,8,1,not_evaluated,not_evaluated
That Calvin boy has a weird sense of humor.,1.119047619047619,0.0428635170882864,84,76,6,2,not_evaluated,not_evaluated
Sorry I called you a flake!,1.119047619047619,0.0355465558372129,84,74,10,0,not_evaluated,not_evaluated
"I guess Rock ‘Em, Sock ‘Em Snowmen is a non starter”",1.119047619047619,0.0355465558372129,84,74,10,0,not_evaluated,not_evaluated
Now you are ready to run for president.,1.119047619047619,0.039375364944759,84,75,8,1,not_evaluated,not_evaluated
Your hat? You’re worried you lost your hat? Seriously?,1.119047619047619,0.039375364944759,84,75,8,1,not_evaluated,not_evaluated
Beginner's Luck....,1.119047619047619,0.039375364944759,84,75,8,1,not_evaluated,not_evaluated
"Excuse me, but I need to take an injury timeout.",1.119047619047619,0.0355465558372129,84,74,10,0,not_evaluated,not_evaluated
It always snows on Boxing Day,1.119047619047619,0.039375364944759,84,75,8,1,not_evaluated,not_evaluated
"When I said ""Cut me, Mick"" I meant a little higher.",1.119047619047619,0.0355465558372129,84,74,10,0,not_evaluated,not_evaluated
"Humpty Frosty sat on no wall, Humpty Frosty had a great fall...",1.119047619047619,0.039375364944759,84,75,8,1,not_evaluated,not_evaluated
"Don’t lose your head in the squared circle, Iceman.",1.118811881188119,0.037986784343071,101,91,8,2,not_evaluated,not_evaluated
That's cheating !,1.118811881188119,0.037986784343071,101,91,8,2,not_evaluated,not_evaluated
"Drop your mitts, you get plowed.",1.118811881188119,0.037986784343071,101,91,8,2,not_evaluated,not_evaluated
I’m going to need to ice that tomorrow.,1.118811881188119,0.0352842171905058,101,90,10,1,not_evaluated,not_evaluated
Frosty Two The Movie: The Knoxk Off Punch,1.118811881188119,0.0323567022541943,101,89,12,0,not_evaluated,not_evaluated
I blame Joey’s mom. She made HIM wear the mittens.,1.118421052631579,0.0373090707335732,76,67,9,0,not_evaluated,not_evaluated
That's not the way to make weight.,1.118421052631579,0.0494428795475156,76,70,3,3,not_evaluated,not_evaluated
I feel like a kid again.,1.118421052631579,0.045757197739456,76,69,5,2,not_evaluated,not_evaluated
You’ve beheaded the nothing that is not there and the nothing that is.,1.118421052631579,0.0417473825764589,76,68,7,1,not_evaluated,not_evaluated
He ran away I won.,1.118421052631579,0.0417473825764589,76,68,7,1,not_evaluated,not_evaluated
Global Warming doesn’t exis…,1.118421052631579,0.0417473825764589,76,68,7,1,not_evaluated,not_evaluated
Going out of my head,1.118421052631579,0.0417473825764589,76,68,7,1,not_evaluated,not_evaluated
"I know I said only two rounds, but I think you misunderstood!",1.118421052631579,0.045757197739456,76,69,5,2,not_evaluated,not_evaluated
no head no game,1.118421052631579,0.0494428795475156,76,70,3,3,not_evaluated,not_evaluated
Fight fair!  Give me a target!,1.118421052631579,0.0373090707335732,76,67,9,0,not_evaluated,not_evaluated
"For god's sakes man, wait until I've warmed-up!",1.118421052631579,0.045757197739456,76,69,5,2,not_evaluated,not_evaluated
"Not over yet, best of 3",1.118421052631579,0.0417473825764589,76,68,7,1,not_evaluated,not_evaluated
I blame the violent video games.,1.118279569892473,0.0336687045434798,93,82,11,0,not_evaluated,not_evaluated
"Oh, man! And I thought he had the head for this job!",1.118279569892473,0.0369775033815525,93,83,9,1,not_evaluated,not_evaluated
"I'm challenging the hypothesis that  'One head is better than none'.""",1.118279569892473,0.0336687045434798,93,82,11,0,not_evaluated,not_evaluated
Don't worry. Just give me some water and I can get back to the fight.,1.118279569892473,0.0369775033815525,93,83,9,1,not_evaluated,not_evaluated
You missed the ice chip on my shoulder.,1.118279569892473,0.0369775033815525,93,83,9,1,not_evaluated,not_evaluated
"Norman manifested his dream of becoming champ, but instantly regretted it.",1.118279569892473,0.0369775033815525,93,83,9,1,not_evaluated,not_evaluated
I thought we agreed no scarves.,1.118279569892473,0.0369775033815525,93,83,9,1,not_evaluated,not_evaluated
"Well, at least we quit smoking.",1.118279569892473,0.0400136207687996,93,84,7,2,not_evaluated,not_evaluated
The Carrotee Kid is playing it safe!,1.118279569892473,0.0336687045434798,93,82,11,0,not_evaluated,not_evaluated
"Technically, I'm still standing, so it's not a knockout and we'll just have to call it a draw.",1.1176470588235294,0.0423793879457469,85,77,6,2,not_evaluated,not_evaluated
Next time I'll weave; never should have bobbed.,1.1176470588235294,0.0351537826274821,85,75,10,0,not_evaluated,not_evaluated
I think the referee is sick of this long winter.  He knocked my head off and left,1.1176470588235294,0.0389345666193704,85,76,8,1,not_evaluated,not_evaluated
"No, it isn’t a TKO.",1.1176470588235294,0.0389345666193704,85,76,8,1,not_evaluated,not_evaluated
"My mother warned me that life
full of handicaps!",1.1176470588235294,0.0320590773314452,102,90,12,0,not_evaluated,not_evaluated
Are you heading off into this match?,1.1176470588235294,0.0389345666193704,85,76,8,1,not_evaluated,not_evaluated
I blame Calvin.,1.1176470588235294,0.0389345666193704,85,76,8,1,not_evaluated,not_evaluated
"If I had known you were going to take the “Picasso in Fontainebleau” that way, I would have stayed in Palm Beach.",1.1176470588235294,0.0423793879457469,85,77,6,2,not_evaluated,not_evaluated
'At least you didn't knock the magic hat off.',1.1176470588235294,0.0423793879457469,85,77,6,2,not_evaluated,not_evaluated
I guess you're a head on rounds,1.1176470588235294,0.0389345666193704,85,76,8,1,not_evaluated,not_evaluated
Spring is in the air!,1.1176470588235294,0.0389345666193704,85,76,8,1,not_evaluated,not_evaluated
"If that kid who stole my scarf comes back, I'll knock his block off.",1.1176470588235294,0.0389345666193704,85,76,8,1,not_evaluated,not_evaluated
I'll knock your block off,1.1176470588235294,0.0351537826274821,85,75,10,0,not_evaluated,not_evaluated
You warmed up yet,1.1176470588235294,0.0351537826274821,85,75,10,0,not_evaluated,not_evaluated
Next time I’ll pack a punch with upside down cake.”,1.1176470588235294,0.0376305535552347,102,92,8,2,not_evaluated,not_evaluated
I guess I need to work on my footwork...if I had feet!,1.1176470588235294,0.0351537826274821,85,75,10,0,not_evaluated,not_evaluated
Can you smell carrots ?,1.1176470588235294,0.0423793879457469,85,77,6,2,not_evaluated,not_evaluated
You still didn't break my carrot Ray.,1.1176470588235294,0.0389345666193704,85,76,8,1,not_evaluated,not_evaluated
"Ok, this time we touch mittens first.",1.1176470588235294,0.0389345666193704,85,76,8,1,not_evaluated,not_evaluated
"Sorry Chip, I didn’t mean to knock off your old  block",1.1176470588235294,0.0389345666193704,85,76,8,1,not_evaluated,not_evaluated
"O.K., let’s call it a TKO.",1.1176470588235294,0.0351537826274821,85,75,10,0,not_evaluated,not_evaluated
"Sorry, I misunderstood your ""give me a little head"" comment.",1.1176470588235294,0.0351537826274821,85,75,10,0,not_evaluated,not_evaluated
Now look what you've done. No more sequels.,1.1176470588235294,0.0389345666193704,85,76,8,1,not_evaluated,not_evaluated
Is this what they call a concussion?,1.1176470588235294,0.0423793879457469,85,77,6,2,not_evaluated,not_evaluated
"Well, see you next Winter.",1.1176470588235294,0.0423793879457469,85,77,6,2,not_evaluated,not_evaluated
This is a global warning,1.1176470588235294,0.0351537826274821,85,75,10,0,not_evaluated,not_evaluated
You need to get a new cornerman.,1.1170212765957446,0.0396056486832844,94,85,7,2,not_evaluated,not_evaluated
"Rock Em, Sock Em, Snowbots",1.1170212765957446,0.0423956130634871,94,86,5,3,not_evaluated,not_evaluated
Sorry!,1.1170212765957446,0.0366036447395417,94,84,9,1,not_evaluated,not_evaluated
Did you ever wonder why this doesn't happen more often in this sport?,1.1170212765957446,0.0423956130634871,94,86,5,3,not_evaluated,not_evaluated
"Fine, but I'm still ahead on points",1.1170212765957446,0.0396056486832844,94,85,7,2,not_evaluated,not_evaluated
"Ok, lucky punch.  How about two out of three?",1.1170212765957446,0.0396056486832844,94,85,7,2,not_evaluated,not_evaluated
Hey! That's snow fair!,1.1170212765957446,0.0396056486832844,94,85,7,2,not_evaluated,not_evaluated
I shouldn’t have lost my head!,1.1170212765957446,0.0366036447395417,94,84,9,1,not_evaluated,not_evaluated
It must be because it was a dry snow...,1.1170212765957446,0.0366036447395417,94,84,9,1,not_evaluated,not_evaluated
Jack Johnson vs Jack Frost,1.1170212765957446,0.0366036447395417,94,84,9,1,not_evaluated,not_evaluated
NO FAIR!  Losing your head … not allowed!,1.1170212765957446,0.0366036447395417,94,84,9,1,not_evaluated,not_evaluated
"OK, so you have a good uppercut.",1.1170212765957446,0.0333323597846508,94,83,11,0,not_evaluated,not_evaluated
"Thet told me that he can take a punch, but this is going to be a tough fiight.",1.1170212765957446,0.0333323597846508,94,83,11,0,not_evaluated,not_evaluated
Heads are going to roll over your actions just now.,1.1170212765957446,0.0396056486832844,94,85,7,2,not_evaluated,not_evaluated
"Melt me, Mick!",1.1170212765957446,0.0366036447395417,94,84,9,1,not_evaluated,not_evaluated
No hitting the face!,1.1170212765957446,0.0366036447395417,94,84,9,1,not_evaluated,not_evaluated
This motherfucker,1.1168831168831168,0.0451852190869129,77,70,5,2,not_evaluated,not_evaluated
"No,a knockoff is not the same as a knockout!",1.1168831168831168,0.0451852190869129,77,70,5,2,not_evaluated,not_evaluated
"If you think about it, this would be like if human boxers fought on mat made out of their human skin, since we are snowmen fighting on top of snow. What an existential nightmare.",1.1168831168831168,0.0451852190869129,77,70,5,2,not_evaluated,not_evaluated
this climate change it's making me loose my head (mind),1.1168831168831168,0.0412303350007502,77,69,7,1,not_evaluated,not_evaluated
Bring it!  Bring it!,1.1168831168831168,0.0451852190869129,77,70,5,2,not_evaluated,not_evaluated
"It’s too late now to give me a heads-up, Joe",1.1168831168831168,0.0451852190869129,77,70,5,2,not_evaluated,not_evaluated
"Dude, I told you no hitting below the carrot.",1.116504854368932,0.0346337913035018,103,92,10,1,not_evaluated,not_evaluated
Frosty my ass!,1.116504854368932,0.0346337913035018,103,92,10,1,not_evaluated,not_evaluated
That snow angel act is not gonna work this time around.,1.116504854368932,0.0346337913035018,103,92,10,1,not_evaluated,not_evaluated
I doubt the Marquess of Queensberry covered this.,1.116504854368932,0.0397521611771441,103,94,6,3,not_evaluated,not_evaluated
"Well, you don't have to knock my head off!",1.116504854368932,0.0397521611771441,103,94,6,3,not_evaluated,not_evaluated
Boxing Day,1.116504854368932,0.0346337913035018,103,92,10,1,not_evaluated,not_evaluated
That's what you get for nodding off.,1.1162790697674418,0.0347695349579722,86,76,10,0,not_evaluated,not_evaluated
That was quite frosty of you.,1.1162790697674418,0.0385034851982409,86,77,8,1,not_evaluated,not_evaluated
"Despite his best effort, Frosty's head juke failed to fool his opponent.",1.1162790697674418,0.0347695349579722,86,76,10,0,not_evaluated,not_evaluated
But I'll beat you in snowball slow pitch!!,1.1162790697674418,0.0385034851982409,86,77,8,1,not_evaluated,not_evaluated
Snowcapitation of the top of the third round.,1.1162790697674418,0.0385034851982409,86,77,8,1,not_evaluated,not_evaluated
"Good fight. You really snowed me!"" Scott Connolly, Burlington, V",1.1162790697674418,0.0347695349579722,86,76,10,0,not_evaluated,not_evaluated
Heads will roll at the first Climatemania!!,1.1162790697674418,0.0385034851982409,86,77,8,1,not_evaluated,not_evaluated
"Well, that’s a chip off the ole ice block",1.1162790697674418,0.0385034851982409,86,77,8,1,not_evaluated,not_evaluated
"Looks like six extra weeks of summer for you, buddy.",1.1162790697674418,0.0385034851982409,86,77,8,1,not_evaluated,not_evaluated
let's not get ahead of ourselves,1.1162790697674418,0.0419060399420975,86,78,6,2,not_evaluated,not_evaluated
There must be magic in those gloves.,1.1162790697674418,0.0450523472734349,86,79,4,3,not_evaluated,not_evaluated
Why can’t we just go to the mall on Boxing Day?,1.1162790697674418,0.0385034851982409,86,77,8,1,not_evaluated,not_evaluated
"From this viewpoint I can't really  anticipate your next punch, so I think i should have a  handicap of at least one third of a body.",1.1162790697674418,0.0419060399420975,86,78,6,2,not_evaluated,not_evaluated
It doesn't matter.  It looks like rain.,1.1162790697674418,0.0347695349579722,86,76,10,0,not_evaluated,not_evaluated
It was those kids; they set this all up.,1.1162790697674418,0.0419060399420975,86,78,6,2,not_evaluated,not_evaluated
I'll never understand these high-concept pieces.,1.1162790697674418,0.0347695349579722,86,76,10,0,not_evaluated,not_evaluated
I thought we said no below the belt or above the scarf.,1.1162790697674418,0.0385034851982409,86,77,8,1,not_evaluated,not_evaluated
Just because you've knocked my block off doesn't mean much. Neither one of has a spine!,1.115942028985507,0.0439727492730052,69,62,6,1,not_evaluated,not_evaluated
"See, this is why I always say scarfs > hats.",1.115942028985507,0.0439727492730052,69,62,6,1,not_evaluated,not_evaluated
"Yeah. Go ahead and blame global warming, but we both know you were outmatched.",1.1157894736842104,0.0362372359108475,95,85,9,1,not_evaluated,not_evaluated
I call it the snowp-a-dope,1.1157894736842104,0.0362372359108475,95,85,9,1,not_evaluated,not_evaluated
"It's 3, 2, 1...go. NOT 3,2, punch. Now, pick my head up.",1.1157894736842104,0.0330026226340413,95,84,11,0,not_evaluated,not_evaluated
Now that's just cold!,1.1157894736842104,0.0392058851729163,95,86,7,2,not_evaluated,not_evaluated
test data,1.1157894736842104,0.0330026226340413,95,84,11,0,not_evaluated,not_evaluated
"Global warming, doesn’t count.",1.1157894736842104,0.0330026226340413,95,84,11,0,not_evaluated,not_evaluated
I feel this was a set up!,1.1157894736842104,0.0362372359108475,95,85,9,1,not_evaluated,not_evaluated
They said it was a face off thingy,1.1157894736842104,0.0362372359108475,95,85,9,1,not_evaluated,not_evaluated
At least wait until the kids finish putting on my head before we box.,1.1153846153846154,0.0446273250984673,78,71,5,2,not_evaluated,not_evaluated
"I've looked at clouds from both sides now
From up and down and still somehow
It's cloud illusions I recall
I really don't know clouds at all """,1.1153846153846154,0.0407258862695947,78,70,7,1,not_evaluated,not_evaluated
I've lost my mouth guard.,1.1153846153846154,0.0446273250984673,78,71,5,2,not_evaluated,not_evaluated
"Oh, START on 3.",1.1153846153846154,0.0407258862695947,78,70,7,1,not_evaluated,not_evaluated
Are you trying to qualify for the feather weight division?,1.1153846153846154,0.036408755532751,78,69,9,0,not_evaluated,not_evaluated
If you didn’t like my hat you could have just said so.,1.1153846153846154,0.036408755532751,78,69,9,0,not_evaluated,not_evaluated
Down before the fight? Sn'oh'man,1.1153846153846154,0.0369376993699478,104,94,8,2,not_evaluated,not_evaluated
I told you NOT to sneeze!”,1.1153846153846154,0.036408755532751,78,69,9,0,not_evaluated,not_evaluated
Uh...let's just end the session with some jump roping.,1.1153846153846154,0.0369376993699478,104,94,8,2,not_evaluated,not_evaluated
"Sorry I knocked off your top hat, Frosty.",1.1153846153846154,0.0407258862695947,78,70,7,1,not_evaluated,not_evaluated
"You may have knocked me senseless with a great left hook, but I'm still a head on points!",1.1153846153846154,0.0407258862695947,78,70,7,1,not_evaluated,not_evaluated
Down goes freezer! Down goes freezer!,1.1153846153846154,0.0407258862695947,78,70,7,1,not_evaluated,not_evaluated
"Oh chill out, Gary! I haven't even warmed up!",1.1153846153846154,0.036408755532751,78,69,9,0,not_evaluated,not_evaluated
"OK, the stocking cap’s yours.",1.1153846153846154,0.036408755532751,78,69,9,0,not_evaluated,not_evaluated
Calvin needs some serious therapy.,1.1153846153846154,0.0407258862695947,78,70,7,1,not_evaluated,not_evaluated
Calvin thought it would be funny.,1.1153846153846154,0.036408755532751,78,69,9,0,not_evaluated,not_evaluated
"Well,according to Kipling,if I blame this on you,and you keep your head,then you",1.1153846153846154,0.0407258862695947,78,70,7,1,not_evaluated,not_evaluated
And I thought springtime was bad.,1.1153846153846154,0.036408755532751,78,69,9,0,not_evaluated,not_evaluated
"Oh no! Sorry Frosty, I didn't know we were just posing for the 'gram.",1.1153846153846154,0.0407258862695947,78,70,7,1,not_evaluated,not_evaluated
May cool heads prevail,1.1153846153846154,0.036408755532751,78,69,9,0,not_evaluated,not_evaluated
And that is precisely why no one really knows whos' running,1.1153846153846154,0.036408755532751,78,69,9,0,not_evaluated,not_evaluated
"Ever since that concussion last winter, my head's been feeling a little off.",1.1153846153846154,0.0407258862695947,78,70,7,1,not_evaluated,not_evaluated
Let’s try skiing next.,1.1153846153846154,0.0407258862695947,78,70,7,1,not_evaluated,not_evaluated
"It’s too late, No trying to get into a lower weight bracket",1.1153846153846154,0.0314798449801206,104,92,12,0,not_evaluated,not_evaluated
Does it still count as a knock out?,1.1153846153846154,0.0343174465448484,104,93,10,1,not_evaluated,not_evaluated
Cries of excessive violence greet Peloton’s latest exercise craze.,1.1149425287356325,0.0380818044768951,87,78,8,1,not_evaluated,not_evaluated
"Come Springtime, I will have my revenge.",1.1149425287356325,0.0414431181087814,87,79,6,2,not_evaluated,not_evaluated
You see what happens when you get all hot-headed Bob.,1.1149425287356325,0.0380818044768951,87,78,8,1,not_evaluated,not_evaluated
I'd roll with the punches but this field is too flat,1.1149425287356325,0.0380818044768951,87,78,8,1,not_evaluated,not_evaluated
Thank you for not knocking the carrot off.  That's actually the toughest thing to put back together.,1.1149425287356325,0.0380818044768951,87,78,8,1,not_evaluated,not_evaluated
"If not for that pivotal day in the Stallone family backyard,  we would be lining up for “Frosty VII.”",1.1149425287356325,0.0380818044768951,87,78,8,1,not_evaluated,not_evaluated
Now take your next best shot.,1.1149425287356325,0.0343935404669908,87,77,10,0,not_evaluated,not_evaluated
Let's not overreact to the news from Punxsutawney.,1.1149425287356325,0.0343935404669908,87,77,10,0,not_evaluated,not_evaluated
The Spirit of Calvin Lives,1.1149425287356325,0.0343935404669908,87,77,10,0,not_evaluated,not_evaluated
Somehow ice dancing still felt more humiliating.,1.1149425287356325,0.0380818044768951,87,78,8,1,not_evaluated,not_evaluated
I can't think of what to do next.,1.1149425287356325,0.0380818044768951,87,78,8,1,not_evaluated,not_evaluated
That which doesn’t kill you makes you stronger,1.1149425287356325,0.0380818044768951,87,78,8,1,not_evaluated,not_evaluated
"You gotta keep up head up, man.",1.1149425287356325,0.0343935404669908,87,77,10,0,not_evaluated,not_evaluated
It's just a flake wound!,1.1149425287356325,0.0343935404669908,87,77,10,0,not_evaluated,not_evaluated
"Let’s do“Pat-a-cake, pat-a-cake” next.",1.1149425287356325,0.0343935404669908,87,77,10,0,not_evaluated,not_evaluated
You're now Frosty the No-man!,1.1149425287356325,0.0343935404669908,87,77,10,0,not_evaluated,not_evaluated
"Didn’t see that cross-kick coming, didja ?",1.1149425287356325,0.0343935404669908,87,77,10,0,not_evaluated,not_evaluated
Outta My Head Over You,1.1149425287356325,0.0414431181087814,87,79,6,2,not_evaluated,not_evaluated
"The no head, no play rule became a source of considerable disappointment in colder climes.",1.1149425287356325,0.0380818044768951,87,78,8,1,not_evaluated,not_evaluated
I can tell you've been working on your footwork,1.1145833333333333,0.0326793018439171,96,85,11,0,not_evaluated,not_evaluated
I thought the rule was no hitting above the belt.,1.1145833333333333,0.0388140858482319,96,87,7,2,not_evaluated,not_evaluated
I hate global warming.,1.1145833333333333,0.0326793018439171,96,85,11,0,not_evaluated,not_evaluated
Why are you always losing your head?!,1.1145833333333333,0.0388140858482319,96,87,7,2,not_evaluated,not_evaluated
"No, I don't need an ice bag.",1.1145833333333333,0.0358780575647551,96,86,9,1,not_evaluated,not_evaluated
"Ok, ok... I shouldn't have called you Mike Tyson. Although with part of my body on the ground you did sorta prove my point.",1.1145833333333333,0.0388140858482319,96,87,7,2,not_evaluated,not_evaluated
"Come on now Bob, these flops are ruining the sport.",1.1145833333333333,0.0358780575647551,96,86,9,1,not_evaluated,not_evaluated
It's a TKO: total knock off,1.1145833333333333,0.0358780575647551,96,86,9,1,not_evaluated,not_evaluated
"That's what I call a snow blow, Frosty",1.1142857142857143,0.0433716527952698,70,63,6,1,not_evaluated,not_evaluated
"That’s not fair! You got the scarf, I got this hat!",1.1142857142857143,0.031197955091381,105,93,12,0,not_evaluated,not_evaluated
You’re on a roll.,1.1142857142857143,0.0383017178628478,70,62,8,0,not_evaluated,not_evaluated
"Oh ice sickles, now I am all flurried.",1.1142857142857143,0.0383017178628478,70,62,8,0,not_evaluated,not_evaluated
Let’s go in and watch ‘The Great British Bake-off’.,1.1142857142857143,0.0366007208697342,105,95,8,2,not_evaluated,not_evaluated
"Rot in hell!,",1.1142857142857143,0.0413027012976701,105,97,4,4,not_evaluated,not_evaluated
"Wonderful progress Jack. Can you see how when you're hurting, you hurt others? I'll get together here and we'll head back to the office for the rest of the session",1.1142857142857143,0.0366007208697342,105,95,8,2,not_evaluated,not_evaluated
The score is me ahead.,1.1139240506329111,0.0440830033984124,79,72,5,2,not_evaluated,not_evaluated
Who's your second?,1.1139240506329111,0.0402335835316881,79,71,7,1,not_evaluated,not_evaluated
This wouldn't have happened if I had my top hat on.,1.1139240506329111,0.0402335835316881,79,71,7,1,not_evaluated,not_evaluated
My answer is still the same…I never touched your corncob pipe.,1.1139240506329111,0.0359745924087851,79,70,9,0,not_evaluated,not_evaluated
"Nice left hook, never saw it coming, Frosty.",1.1139240506329111,0.0359745924087851,79,70,9,0,not_evaluated,not_evaluated
"Whoops, my bad",1.1139240506329111,0.0402335835316881,79,71,7,1,not_evaluated,not_evaluated
"Told you, no punching below the hat",1.1139240506329111,0.0402335835316881,79,71,7,1,not_evaluated,not_evaluated
I worry more about that kid every year.,1.1139240506329111,0.0440830033984124,79,72,5,2,not_evaluated,not_evaluated
"Oh yeah,I dare you to do that again.",1.1139240506329111,0.0402335835316881,79,71,7,1,not_evaluated,not_evaluated
"Let’s see your upper cut now, Clive”",1.1139240506329111,0.0402335835316881,79,71,7,1,not_evaluated,not_evaluated
Where did you get those sticks?,1.1139240506329111,0.0402335835316881,79,71,7,1,not_evaluated,not_evaluated
"I call a ""Time Out""! While I collect my wits.",1.1139240506329111,0.0440830033984124,79,72,5,2,not_evaluated,not_evaluated
It ain’t over. Still two rounds to go!,1.1139240506329111,0.0402335835316881,79,71,7,1,not_evaluated,not_evaluated
I said bite off my ear!,1.1139240506329111,0.0359745924087851,79,70,9,0,not_evaluated,not_evaluated
You had a tougher chin before climate change.,1.1139240506329111,0.0402335835316881,79,71,7,1,not_evaluated,not_evaluated
This is not worth losing your head over!,1.1139240506329111,0.0359745924087851,79,70,9,0,not_evaluated,not_evaluated
Well at least my nose isn’t broken.,1.1139240506329111,0.0402335835316881,79,71,7,1,not_evaluated,not_evaluated
I would have given you the carrot had you only asked.,1.1139240506329111,0.0402335835316881,79,71,7,1,not_evaluated,not_evaluated
"Okay, so you're not a snowflake.",1.1139240506329111,0.0402335835316881,79,71,7,1,not_evaluated,not_evaluated
Just tell him that Hobbes did it!,1.1139240506329111,0.0402335835316881,79,71,7,1,not_evaluated,not_evaluated
It’s a win by K-Snow,1.1139240506329111,0.0402335835316881,79,71,7,1,not_evaluated,not_evaluated
Do you still want that ice bath?,1.1139240506329111,0.0359745924087851,79,70,9,0,not_evaluated,not_evaluated
Still haven't melted...,1.1136363636363635,0.0376692217457787,88,79,8,1,not_evaluated,not_evaluated
TKO?,1.1136363636363635,0.0340255381600195,88,78,10,0,not_evaluated,not_evaluated
That’s what I get for accepting Boeing as my sponsor.,1.1136363636363635,0.0340255381600195,88,78,10,0,not_evaluated,not_evaluated
Better from you than global warming.,1.1136363636363635,0.0376692217457787,88,79,8,1,not_evaluated,not_evaluated
I thought you said this would help my migraine.,1.1136363636363635,0.0409902828336956,88,80,6,2,not_evaluated,not_evaluated
Just skip the count.,1.1136363636363635,0.0409902828336956,88,80,6,2,not_evaluated,not_evaluated
Time out!,1.1136363636363635,0.0409902828336956,88,80,6,2,not_evaluated,not_evaluated
"Ya, but I still poll better than you.",1.1136363636363635,0.0340255381600195,88,78,10,0,not_evaluated,not_evaluated
What do you mean by “I won’t fight you?,1.1136363636363635,0.0376692217457787,88,79,8,1,not_evaluated,not_evaluated
"You know, there are easier ways to make sure I don't talk about Fight Club.",1.1136363636363635,0.0376692217457787,88,79,8,1,not_evaluated,not_evaluated
"All right, I take it back. I shouldn’t have called your girlfriend as cold as ice.",1.1136363636363635,0.0340255381600195,88,78,10,0,not_evaluated,not_evaluated
"I just said, ""Put em up...""",1.1136363636363635,0.0376692217457787,88,79,8,1,not_evaluated,not_evaluated
Henry I said let’s practice  a jab cross…not a cross jab!,1.1136363636363635,0.0376692217457787,88,79,8,1,not_evaluated,not_evaluated
"You didn’t float like a butterfly, but you did sting like a bee.",1.1136363636363635,0.0409902828336956,88,80,6,2,not_evaluated,not_evaluated
"Spring, Summer, Winter,…",1.1136363636363635,0.0340255381600195,88,78,10,0,not_evaluated,not_evaluated
"Uh, oh, doesn't look like we'll be able to fight into the mid-30s.",1.1136363636363635,0.0340255381600195,88,78,10,0,not_evaluated,not_evaluated
Global warming is real.,1.1136363636363635,0.0409902828336956,88,80,6,2,not_evaluated,not_evaluated
That cloud looks like Frosty.,1.1136363636363635,0.0376692217457787,88,79,8,1,not_evaluated,not_evaluated
This is for keeps.,1.1136363636363635,0.0340255381600195,88,78,10,0,not_evaluated,not_evaluated
"Funny, you both do and don't have a cooler head.",1.1136363636363635,0.0340255381600195,88,78,10,0,not_evaluated,not_evaluated
We said no head or groin shots!,1.1136363636363635,0.0376692217457787,88,79,8,1,not_evaluated,not_evaluated
So she got to keep all my scarves after the divorce,1.1136363636363635,0.0409902828336956,88,80,6,2,not_evaluated,not_evaluated
Surprising result for a man that obviously skips arm day,1.1136363636363635,0.0409902828336956,88,80,6,2,not_evaluated,not_evaluated
Mark put a whole new meaning on the phrase heads will roll.,1.1136363636363635,0.0376692217457787,88,79,8,1,not_evaluated,not_evaluated
"That was an icy move, my friend.",1.1136363636363635,0.0440617329055504,88,81,4,3,not_evaluated,not_evaluated
A left to the thaw.,1.11340206185567,0.0323622134052188,97,86,11,0,not_evaluated,not_evaluated
This seems counter-productive.,1.11340206185567,0.0323622134052188,97,86,11,0,not_evaluated,not_evaluated
I wish those kids hadn't rediscovered Calvin and Hobbes.,1.11340206185567,0.0355258988455933,97,87,9,1,not_evaluated,not_evaluated
"Same time, tomorrow?",1.11340206185567,0.0411295848920475,97,89,5,3,not_evaluated,not_evaluated
Oh yeah!I’m not finished with you.,1.11340206185567,0.0355258988455933,97,87,9,1,not_evaluated,not_evaluated
"Sorry, global warming…",1.11340206185567,0.0384300158871908,97,88,7,2,not_evaluated,not_evaluated
"This isn't too bad. You should see some of the other ""Calvin"" gory scenes!",1.1132075471698113,0.030921035902318,106,94,12,0,not_evaluated,not_evaluated
"Hey, I said no hitting above the scarf!",1.1132075471698113,0.0337017059002893,106,95,10,1,not_evaluated,not_evaluated
This light powder snow is going to be the death of you!,1.1132075471698113,0.0337017059002893,106,95,10,1,not_evaluated,not_evaluated
"I hurt someone 'cause I was hurt, ain't feel better.",1.1126760563380282,0.0472558674868078,71,65,4,2,not_evaluated,not_evaluated
"I know that trick, I look down, you hit me.",1.1126760563380282,0.037792698211264,71,63,8,0,not_evaluated,not_evaluated
I meant a snowball fight.,1.1126760563380282,0.0427867096772959,71,64,6,1,not_evaluated,not_evaluated
"Dont just stand there! Get help! Tell them there's a snow emergency, and turn yourself in. Do the right thing for once in your life, Jerry!",1.1126760563380282,0.037792698211264,71,63,8,0,not_evaluated,not_evaluated
You cannot hit me in the face now.,1.1126760563380282,0.0427867096772959,71,64,6,1,not_evaluated,not_evaluated
"No, knock out, not knock off.",1.1126760563380282,0.0427867096772959,71,64,6,1,not_evaluated,not_evaluated
"Only BELOW the belt""!",1.1126760563380282,0.037792698211264,71,63,8,0,not_evaluated,not_evaluated
"That's one way to avoid my devastating left jab""",1.1126760563380282,0.0427867096772959,71,64,6,1,not_evaluated,not_evaluated
Apparently shouldn't have warmed up.,1.1125,0.0435517660849008,80,73,5,2,not_evaluated,not_evaluated
Calvin!,1.1125,0.0355505968544673,80,71,9,0,not_evaluated,not_evaluated
"Hmm, I wonder where this round is headed?",1.1125,0.0397529952696824,80,72,7,1,not_evaluated,not_evaluated
Sorry about the hat.,1.1125,0.0355505968544673,80,71,9,0,not_evaluated,not_evaluated
"You heard me holler ""stop""!",1.1125,0.0435517660849008,80,73,5,2,not_evaluated,not_evaluated
I should have worn my scarf instead of the hat.,1.1125,0.0355505968544673,80,71,9,0,not_evaluated,not_evaluated
I meant to knock your socks off . . . .,1.1125,0.0397529952696824,80,72,7,1,not_evaluated,not_evaluated
"Heads up you loose, heads down I win",1.1125,0.0355505968544673,80,71,9,0,not_evaluated,not_evaluated
All of this started because you said I was spineless.,1.1125,0.0355505968544673,80,71,9,0,not_evaluated,not_evaluated
I know in my head that K.O. is the exact opposite of O.K.,1.1125,0.0355505968544673,80,71,9,0,not_evaluated,not_evaluated
Phil was right.,1.1125,0.0397529952696824,80,72,7,1,not_evaluated,not_evaluated
I might have lost. But it’s still a better outcome than if we tried swimming first.,1.1125,0.0355505968544673,80,71,9,0,not_evaluated,not_evaluated
I’ll bite your legs off!,1.1125,0.0397529952696824,80,72,7,1,not_evaluated,not_evaluated
It was a liability anyways,1.1123595505617978,0.040547209043072,89,81,6,2,not_evaluated,not_evaluated
It’s going to be warm tomorrow anyway.,1.1123595505617978,0.0336652778297793,89,79,10,0,not_evaluated,not_evaluated
"By head start, I didn't mean start at the head first.",1.1123595505617978,0.0372654470826449,89,80,8,1,not_evaluated,not_evaluated
This is why I prefer snowball fights!,1.1123595505617978,0.0372654470826449,89,80,8,1,not_evaluated,not_evaluated
"So, that’s a cloud.",1.1123595505617978,0.0435825512802516,89,82,4,3,not_evaluated,not_evaluated
It was only a groundhog’s opinion! Certainly nothing to lose you head over.,1.1123595505617978,0.040547209043072,89,81,6,2,not_evaluated,not_evaluated
That really knocked me off my butthead.,1.1123595505617978,0.0336652778297793,89,79,10,0,not_evaluated,not_evaluated
I can't make any decisions like this!,1.1123595505617978,0.040547209043072,89,81,6,2,not_evaluated,not_evaluated
But I just bent down to pick up a button and farted.,1.1123595505617978,0.040547209043072,89,81,6,2,not_evaluated,not_evaluated
"""My left hook knock your head off!!",1.1123595505617978,0.0372654470826449,89,80,8,1,not_evaluated,not_evaluated
I  wouldn't have knocked your head off if you had had a neck scarf like mine.,1.1123595505617978,0.040547209043072,89,81,6,2,not_evaluated,not_evaluated
"Right, and you never lose your head when we resolve our arguments you way.",1.1123595505617978,0.0372654470826449,89,80,8,1,not_evaluated,not_evaluated
Scarves win.,1.1123595505617978,0.040547209043072,89,81,6,2,not_evaluated,not_evaluated
I'm not feeling so hot.,1.1123595505617978,0.0372654470826449,89,80,8,1,not_evaluated,not_evaluated
And the champ has put yet another challenger on ice!,1.1123595505617978,0.0372654470826449,89,80,8,1,not_evaluated,not_evaluated
It’s not a knockout if two-thirds of my body is still standing.,1.1123595505617978,0.0336652778297793,89,79,10,0,not_evaluated,not_evaluated
There must be no magic in this new knit hat we found.,1.1123595505617978,0.040547209043072,89,81,6,2,not_evaluated,not_evaluated
Darn! I think my neck was beginning to thaw before we started...,1.1123595505617978,0.0372654470826449,89,80,8,1,not_evaluated,not_evaluated
Frosty does anyone know you were a heavy weight champion before you became a snowman?,1.1123595505617978,0.0372654470826449,89,80,8,1,not_evaluated,not_evaluated
I heard he had a glass jaw but this is ridiculous.,1.1123595505617978,0.0372654470826449,89,80,8,1,not_evaluated,not_evaluated
I'm not giving up until spring.,1.1123595505617978,0.0336652778297793,89,79,10,0,not_evaluated,not_evaluated
"Well, I could not find your socks, so...",1.1123595505617978,0.0336652778297793,89,79,10,0,not_evaluated,not_evaluated
Annie optimist says “things are lookin up,1.1123595505617978,0.0372654470826449,89,80,8,1,not_evaluated,not_evaluated
"‘I said protect your neck!’, ‘…sure, says the one with the scarf.’",1.1122448979591837,0.0351805569701229,98,88,9,1,not_evaluated,not_evaluated
The Inuit may have 32 words for snow but I have just one word for KO.,1.1122448979591837,0.03205118021233,98,87,11,0,not_evaluated,not_evaluated
"Take your best shot, I need refreshing anyway.",1.1122448979591837,0.03205118021233,98,87,11,0,not_evaluated,not_evaluated
Can we start over? I wasn’t ready yet.,1.1122448979591837,0.0351805569701229,98,88,9,1,not_evaluated,not_evaluated
And I thought it would be spring that brought my demise.,1.1111111111111112,0.0368702026886648,90,81,8,1,not_evaluated,not_evaluated
I told you “No punching above the belt.”,1.1111111111111112,0.0351364184463153,81,72,9,0,not_evaluated,not_evaluated
"We can either quit now,or wait until the spring fall when all will be forgiven.",1.1111111111111112,0.0333125195109271,90,80,10,0,not_evaluated,not_evaluated
Would you like to see my impression of Jeremy Irons doing his impression of Claus von Bülow doing his impression of Queen Victoria?,1.1111111111111112,0.0392837100659193,81,73,7,1,not_evaluated,not_evaluated
"In boxing, you must keep your cool. Otherwise, you'll fall apart.",1.1111111111111112,0.0392837100659193,81,73,7,1,not_evaluated,not_evaluated
Lost my head over…nothing!,1.1111111111111112,0.0422172800006767,72,65,6,1,not_evaluated,not_evaluated
Snowbrawls!,1.1111111111111112,0.0401135854348693,90,82,6,2,not_evaluated,not_evaluated
I was so excited about the snow I guess I lost my head!,1.1111111111111112,0.0368702026886648,90,81,8,1,not_evaluated,not_evaluated
"Nonviolence, and an end to human-caused global warming, are the only hopes for the survival of our species.",1.1111111111111112,0.0392837100659193,81,73,7,1,not_evaluated,not_evaluated
Lose the scarf and try that again.,1.1111111111111112,0.0348418368474736,99,89,9,1,not_evaluated,not_evaluated
"So that’s how we’re gonna play it, Frosty?",1.1111111111111112,0.0392837100659193,81,73,7,1,not_evaluated,not_evaluated
I thought we agreed 'snow holds barred',1.1111111111111112,0.0317460317460317,99,88,11,0,not_evaluated,not_evaluated
I fly like a butterfly and sting like spring!,1.1111111111111112,0.0333125195109271,90,80,10,0,not_evaluated,not_evaluated
So the effects of global warming are true!,1.1111111111111112,0.0368702026886648,90,81,8,1,not_evaluated,not_evaluated
"Rock-em,Sock-em Snowbots,eh? I knocked your ice block off!",1.1111111111111112,0.0392837100659193,81,73,7,1,not_evaluated,not_evaluated
Hey! Put me up!,1.1111111111111112,0.0351364184463153,81,72,9,0,not_evaluated,not_evaluated
Since when was Calvin interested in boxing ?,1.1111111111111112,0.0351364184463153,81,72,9,0,not_evaluated,not_evaluated
"OK,OK You can have the hat!",1.1111111111111112,0.0422172800006767,72,65,6,1,not_evaluated,not_evaluated
I told you to keep your chin down.,1.1111111111111112,0.0333125195109271,90,80,10,0,not_evaluated,not_evaluated
Hey. How about a little heads up on the situation?,1.1111111111111112,0.0372969492576306,72,64,8,0,not_evaluated,not_evaluated
"When I say 'nothing above the scarf,' you really can't imagine where my scarf would be?",1.1111111111111112,0.0464811125852264,81,75,3,3,not_evaluated,not_evaluated
So that's what you meant by sublimation.,1.1111111111111112,0.0401135854348693,90,82,6,2,not_evaluated,not_evaluated
"Thumpety, thump, thump,
thumpety, thump, thump,
Frosty really goes. 

Thumpety, thump, thump,
thumpety, thump, thump,
I’m gonna break your nose.",1.1111111111111112,0.0422172800006767,72,65,6,1,not_evaluated,not_evaluated
Is this a TKO?,1.1111111111111112,0.0368702026886648,90,81,8,1,not_evaluated,not_evaluated
How could I have known the kid had a slush jaw?,1.1111111111111112,0.0368702026886648,90,81,8,1,not_evaluated,not_evaluated
Rock em’ sock em’ snowmen,1.1111111111111112,0.0351364184463153,81,72,9,0,not_evaluated,not_evaluated
"Wait . . . Wait, sorry, sorry . . . I lost my head.",1.1111111111111112,0.0422172800006767,72,65,6,1,not_evaluated,not_evaluated
"Lucky you,no more dandruff!",1.1111111111111112,0.0392837100659193,81,73,7,1,not_evaluated,not_evaluated
Wow!  So this is how it ends.,1.1111111111111112,0.0392837100659193,81,73,7,1,not_evaluated,not_evaluated
"Damn, dude.",1.1111111111111112,0.0430331482911935,81,74,5,2,not_evaluated,not_evaluated
Not your fault Frank ... who knew they moved !,1.1111111111111112,0.0464811125852264,81,75,3,3,not_evaluated,not_evaluated
"Beyond the ""glass jaw.""",1.1111111111111112,0.0466211865720382,72,66,4,2,not_evaluated,not_evaluated
Where were you headed?,1.1111111111111112,0.0351364184463153,81,72,9,0,not_evaluated,not_evaluated
We said nothing below the scarf!!,1.1111111111111112,0.0430331482911935,81,74,5,2,not_evaluated,not_evaluated
I hope Ron Howard makes a movie about you.,1.1111111111111112,0.0333125195109271,90,80,10,0,not_evaluated,not_evaluated
That was a cold blow.,1.1111111111111112,0.0333125195109271,90,80,10,0,not_evaluated,not_evaluated
I always suspected you never had your head on straight,1.1111111111111112,0.0392837100659193,81,73,7,1,not_evaluated,not_evaluated
UFC: Ultimate Frosty Championship,1.1111111111111112,0.0368702026886648,90,81,8,1,not_evaluated,not_evaluated
I always thought that Jack had a good head on his shoulders.,1.1111111111111112,0.0401135854348693,90,82,6,2,not_evaluated,not_evaluated
still boxing clever,1.1111111111111112,0.0392837100659193,81,73,7,1,not_evaluated,not_evaluated
"I can't fight you anymore, you made me lose my head.",1.1111111111111112,0.0401135854348693,90,82,6,2,not_evaluated,not_evaluated
"Hey, it wasn't me who said it would be an early Spring.",1.1111111111111112,0.0401135854348693,90,82,6,2,not_evaluated,not_evaluated
Snowck-Out!,1.1111111111111112,0.0333125195109271,90,80,10,0,not_evaluated,not_evaluated
"OK, you win - you can have the hat too.",1.1111111111111112,0.0372969492576306,72,64,8,0,not_evaluated,not_evaluated
Jabby the snowman was a happy jolly … look out!,1.1111111111111112,0.0430331482911935,81,74,5,2,not_evaluated,not_evaluated
Have you ever seen a boxer wearing mittens?,1.1111111111111112,0.0401135854348693,90,82,6,2,not_evaluated,not_evaluated
Please don’t stick that carrot up my ass and fuck me with it til I cum! Anything but that!!!,1.1111111111111112,0.0430331482911935,81,74,5,2,not_evaluated,not_evaluated
You have never learned to keep a cool head.,1.1111111111111112,0.0401135854348693,90,82,6,2,not_evaluated,not_evaluated
T'is just a flesh wound.  We'll call it a draw.,1.1111111111111112,0.0372969492576306,72,64,8,0,not_evaluated,not_evaluated
Do I get like a do-over?,1.1111111111111112,0.0422172800006767,72,65,6,1,not_evaluated,not_evaluated
I still say Trump won in 2020!,1.1111111111111112,0.0392837100659193,81,73,7,1,not_evaluated,not_evaluated
That was mostly the wind.,1.1111111111111112,0.0333125195109271,90,80,10,0,not_evaluated,not_evaluated
Gloves were not off yet!,1.1111111111111112,0.0351364184463153,81,72,9,0,not_evaluated,not_evaluated
"You threw your best punch and I’m still standing, sucker.",1.1111111111111112,0.0372969492576306,72,64,8,0,not_evaluated,not_evaluated
"Pull yourself together man!
She is not worth losing you head over .",1.1111111111111112,0.0351364184463153,81,72,9,0,not_evaluated,not_evaluated
He walked into my fist.,1.1111111111111112,0.0333125195109271,90,80,10,0,not_evaluated,not_evaluated
That’s not ducking.,1.1111111111111112,0.0333125195109271,90,80,10,0,not_evaluated,not_evaluated
Are you sure you don't have frozen snowballs in those mittens?,1.1111111111111112,0.0392837100659193,81,73,7,1,not_evaluated,not_evaluated
We agreed that Above the scarf is off limits,1.1111111111111112,0.0348418368474736,99,89,9,1,not_evaluated,not_evaluated
".. now I have lost my head, you just look out"".",1.1111111111111112,0.0368702026886648,90,81,8,1,not_evaluated,not_evaluated
"You're right. From this angle, that carrot could use a different filter.",1.1111111111111112,0.0392837100659193,81,73,7,1,not_evaluated,not_evaluated
"Get up, snowflake!",1.1111111111111112,0.0333125195109271,90,80,10,0,not_evaluated,not_evaluated
"You may have won this round, but I have won the battle to make you face your own mortality.",1.11,0.0373219679669935,100,91,7,2,not_evaluated,not_evaluated
Now I'll need a snowblower to get some head.,1.11,0.0345095507201859,100,90,9,1,not_evaluated,not_evaluated
"Frosty’s less jolly brother, Rocky.",1.11,0.0399368187885501,100,92,5,3,not_evaluated,not_evaluated
He asked me if I was Frosty and things just snowballed,1.10989010989011,0.0364832222651684,91,82,8,1,not_evaluated,not_evaluated
But perhaps I'm getting ahead of myself here...,1.10989010989011,0.0364832222651684,91,82,8,1,not_evaluated,not_evaluated
Global warming was going to kill me eventually.,1.10989010989011,0.0364832222651684,91,82,8,1,not_evaluated,not_evaluated
Clarence - looks like I’ve got a head start on settling some unfinished business with you.,1.10989010989011,0.0329670329670329,91,81,10,0,not_evaluated,not_evaluated
Ooh right on the button! Look for Frosty to mostly work the body in Round 2.,1.10989010989011,0.0426547300454494,91,84,4,3,not_evaluated,not_evaluated
You resemble a chicken in more ways than one.,1.10989010989011,0.0329670329670329,91,81,10,0,not_evaluated,not_evaluated
You win. Now let's pretend to be Ichabod Crane and the headless horseman!,1.10989010989011,0.0364832222651684,91,82,8,1,not_evaluated,not_evaluated
Won't wear a cap next match,1.10989010989011,0.0396891137599458,91,83,6,2,not_evaluated,not_evaluated
It ain’t over. I just slipped.,1.10989010989011,0.0329670329670329,91,81,10,0,not_evaluated,not_evaluated
It's just an ice wound.,1.10989010989011,0.0364832222651684,91,82,8,1,not_evaluated,not_evaluated
I warned you ….,1.10989010989011,0.0364832222651684,91,82,8,1,not_evaluated,not_evaluated
"When you said to you wanted to play rocket sock'em snowmen, this isn't what I had I mind",1.10989010989011,0.0396891137599458,91,83,6,2,not_evaluated,not_evaluated
How about freeze tag?,1.10989010989011,0.0364832222651684,91,82,8,1,not_evaluated,not_evaluated
Where's Billy?,1.10989010989011,0.0426547300454494,91,84,4,3,not_evaluated,not_evaluated
"I may have lost my head, but I just need to chill out and try to pull myself together for the next round.",1.10989010989011,0.0364832222651684,91,82,8,1,not_evaluated,not_evaluated
"Rock 'em Sock 'em Snowmen
Knock their blocks off",1.10989010989011,0.0329670329670329,91,81,10,0,not_evaluated,not_evaluated
At least they won't be able to accuse me of giving you a low blow.,1.10989010989011,0.0426547300454494,91,84,4,3,not_evaluated,not_evaluated
Take my Superman Punch,1.1097560975609757,0.0388253354522883,82,74,7,1,not_evaluated,not_evaluated
Oh dear! I forgot about the impact of climate change on our constitution.,1.1097560975609757,0.0388253354522883,82,74,7,1,not_evaluated,not_evaluated
"I know people say I'm a chip off the old block, Dad, but did you really have to prove the point?",1.1097560975609757,0.0388253354522883,82,74,7,1,not_evaluated,not_evaluated
Hey! That was above the neck!,1.1097560975609757,0.0347317225419411,82,73,9,0,not_evaluated,not_evaluated
New Hampshire primary. The dead of winter.  And the winner is?,1.1097560975609757,0.0388253354522883,82,74,7,1,not_evaluated,not_evaluated
I know what you did last winter.,1.1097560975609757,0.0388253354522883,82,74,7,1,not_evaluated,not_evaluated
"This isn't Rock 'em, Sock 'em--we said no head shots",1.1097560975609757,0.0388253354522883,82,74,7,1,not_evaluated,not_evaluated
That Calvin.,1.1097560975609757,0.0425267068468162,82,75,5,2,not_evaluated,not_evaluated
I’m here but my head is somewhere else.,1.1097560975609757,0.0425267068468162,82,75,5,2,not_evaluated,not_evaluated
It strikes me now : you are the one I would melt for...,1.1097560975609757,0.0388253354522883,82,74,7,1,not_evaluated,not_evaluated
So much for heads will roll. Now what?,1.1097560975609757,0.0388253354522883,82,74,7,1,not_evaluated,not_evaluated
"I said let it snow, not let it blow.",1.1097560975609757,0.0388253354522883,82,74,7,1,not_evaluated,not_evaluated
"Ok, you can have your darned old crocheted hat back.",1.1097560975609757,0.0388253354522883,82,74,7,1,not_evaluated,not_evaluated
"I said, ""No hitting above the waist!""",1.1097560975609757,0.0388253354522883,82,74,7,1,not_evaluated,not_evaluated
"Wow, Diego, I didn't think you had a snowball's chance in hell to land that left hook""",1.1095890410958904,0.0416627570568371,73,66,6,1,not_evaluated,not_evaluated
Rock'em Sock'em Robots made this look a lot safer.,1.1095890410958904,0.0368139623209979,73,65,8,0,not_evaluated,not_evaluated
Punchatawney Paulie wins! Six more weeks of winter!,1.1095890410958904,0.0416627570568371,73,66,6,1,not_evaluated,not_evaluated
Extreme CTE,1.1095890410958904,0.0460032915059586,73,67,4,2,not_evaluated,not_evaluated
I thought we agreed not to plant our feet.,1.1095890410958904,0.0368139623209979,73,65,8,0,not_evaluated,not_evaluated
Barnaby wasn’t so sure this was what they meant by “Boxing Day.”,1.1095890410958904,0.0368139623209979,73,65,8,0,not_evaluated,not_evaluated
That was an ice-cold left hook.,1.1095890410958904,0.0416627570568371,73,66,6,1,not_evaluated,not_evaluated
Guess we’ll have to resume after school.,1.1095890410958904,0.0368139623209979,73,65,8,0,not_evaluated,not_evaluated
Breaking the ice has a nice ring to it,1.1095890410958904,0.0416627570568371,73,66,6,1,not_evaluated,not_evaluated
you always urged me to get a head.,1.109375,0.0451913233305363,64,58,5,1,not_evaluated,not_evaluated
"I guess when my life coach told me to 'roll with the punches', I didn't consider this in visceral terms.",1.108910891089109,0.0311527380644599,101,90,11,0,not_evaluated,not_evaluated
"Didn't have a snowball's chance in hell of winning, did I?",1.108910891089109,0.0341835178250139,101,91,9,1,not_evaluated,not_evaluated
Move your head!,1.108695652173913,0.0392735081475974,92,84,6,2,not_evaluated,not_evaluated
"Don't bother to call 911, we're both going to melt soon anyway.",1.108695652173913,0.0326285972076745,92,82,10,0,not_evaluated,not_evaluated
Fighting climate change is tougher!,1.108695652173913,0.0392735081475974,92,84,6,2,not_evaluated,not_evaluated
This is why we agreee no head shots.,1.108695652173913,0.0361042504281703,92,83,8,1,not_evaluated,not_evaluated
"Do to the recent thaw, the promoters had no choice but to reschedule",1.108695652173913,0.0392735081475974,92,84,6,2,not_evaluated,not_evaluated
Roger was never a very athletic snowman.,1.108695652173913,0.0361042504281703,92,83,8,1,not_evaluated,not_evaluated
I knew I wasn't cold enough to get into boxing.,1.108695652173913,0.0326285972076745,92,82,10,0,not_evaluated,not_evaluated
Nice left hook for such a skinny arm.,1.108695652173913,0.0326285972076745,92,82,10,0,not_evaluated,not_evaluated
"That’s some thumpety, thump thump you got there!",1.108695652173913,0.0326285972076745,92,82,10,0,not_evaluated,not_evaluated
Well!  This is an unexpected development... things seem to be snow balling on us here.,1.108695652173913,0.0326285972076745,92,82,10,0,not_evaluated,not_evaluated
It's only a head wound.,1.108695652173913,0.0361042504281703,92,83,8,1,not_evaluated,not_evaluated
I'm a victim of a cold blooded attack.,1.108695652173913,0.0326285972076745,92,82,10,0,not_evaluated,not_evaluated
"From this angle, I think we should not get ahead of ourselves",1.108695652173913,0.0392735081475974,92,84,6,2,not_evaluated,not_evaluated
"For the last time, I didn't take your hat.",1.108695652173913,0.0326285972076745,92,82,10,0,not_evaluated,not_evaluated
Calvin's got a weird sense of humor.,1.108695652173913,0.0361042504281703,92,83,8,1,not_evaluated,not_evaluated
You know the rules: No shivs.,1.108433734939759,0.0343361894107853,83,74,9,0,not_evaluated,not_evaluated
Thanks for not breaking my nose.,1.108433734939759,0.0383774968376479,83,75,7,1,not_evaluated,not_evaluated
I knew I’d regret not wearing a scarf.,1.108433734939759,0.0383774968376479,83,75,7,1,not_evaluated,not_evaluated
"If I see Hobbes start to lift his leg, you are so dead.",1.108433734939759,0.0383774968376479,83,75,7,1,not_evaluated,not_evaluated
"Just ""put on some ice""...?!",1.108433734939759,0.0343361894107853,83,74,9,0,not_evaluated,not_evaluated
"That was the wrong TKO - technical knock-off, not technical knock-out.",1.108433734939759,0.0383774968376479,83,75,7,1,not_evaluated,not_evaluated
DO OVER! I slipped.,1.108433734939759,0.0383774968376479,83,75,7,1,not_evaluated,not_evaluated
"Sure, I’ll lose this fight, but at least I’ll drop down one weight class for my next one.",1.108433734939759,0.0343361894107853,83,74,9,0,not_evaluated,not_evaluated
"All your 'float like a snowflake, sting like Frosty...'  didn't really prepare me for this.",1.108433734939759,0.0383774968376479,83,75,7,1,not_evaluated,not_evaluated
It decreases the risk of a concussion.,1.108433734939759,0.0383774968376479,83,75,7,1,not_evaluated,not_evaluated
Mark! Stop beheading the snowmen!,1.108433734939759,0.0383774968376479,83,75,7,1,not_evaluated,not_evaluated
Frosty ain’t got nothing on me.,1.108433734939759,0.0343361894107853,83,74,9,0,not_evaluated,not_evaluated
You peeled my carrot!,1.108433734939759,0.0343361894107853,83,74,9,0,not_evaluated,not_evaluated
Right. So now I gotta fight your heart?,1.108433734939759,0.0383774968376479,83,75,7,1,not_evaluated,not_evaluated
"Gee, you don't have a head anymore. Oh, there it is.",1.108433734939759,0.0383774968376479,83,75,7,1,not_evaluated,not_evaluated
Dang it all…why did he wear that warm hat - I told him the key to victory was KEEPING a cool head!,1.108433734939759,0.0343361894107853,83,74,9,0,not_evaluated,not_evaluated
‘That was a low blow!’,1.108433734939759,0.0383774968376479,83,75,7,1,not_evaluated,not_evaluated
I’ll give you the TKO.,1.108433734939759,0.0383774968376479,83,75,7,1,not_evaluated,not_evaluated
Maybe you warmed up too much!,1.108433734939759,0.0383774968376479,83,75,7,1,not_evaluated,not_evaluated
Old Man Winter Strikes Another Chilling Knockout Blow,1.108433734939759,0.0383774968376479,83,75,7,1,not_evaluated,not_evaluated
The sky is so blue!,1.108433734939759,0.0343361894107853,83,74,9,0,not_evaluated,not_evaluated
"Corn cob pipe, button nose, two eyes made out of coal… and a chin like an ice sickle.",1.108433734939759,0.0343361894107853,83,74,9,0,not_evaluated,not_evaluated
Wanna snow again?,1.108433734939759,0.0383774968376479,83,75,7,1,not_evaluated,not_evaluated
You look better from this angle!,1.108433734939759,0.0383774968376479,83,75,7,1,not_evaluated,not_evaluated
Someone stole our tent.,1.108433734939759,0.0383774968376479,83,75,7,1,not_evaluated,not_evaluated
"'No it's not a knockout, I am still standing!'",1.108433734939759,0.0343361894107853,83,74,9,0,not_evaluated,not_evaluated
You knocked my sphere off,1.108108108108108,0.0363432541778838,74,66,8,0,not_evaluated,not_evaluated
"I know you think you've won, but like a chicken, I can still run circles around you!",1.108108108108108,0.0454015266057147,74,68,4,2,not_evaluated,not_evaluated
"Brilliant, the kids aren’t back until Sunday…",1.108108108108108,0.0411225652310728,74,67,6,1,not_evaluated,not_evaluated
"Good job, that's called a cold-cock punch; now give the Siberian Necktie choke a try",1.108108108108108,0.0363432541778838,74,66,8,0,not_evaluated,not_evaluated
I take it the groundhog didn’t see its shadow.,1.108108108108108,0.0363432541778838,74,66,8,0,not_evaluated,not_evaluated
Don't hit me so hard!  You knocked my block off!,1.108108108108108,0.0454015266057147,74,68,4,2,not_evaluated,not_evaluated
"I can't feel my toes. Oh hey, the moon is full.",1.108108108108108,0.0411225652310728,74,67,6,1,not_evaluated,not_evaluated
Damn that global warming!,1.108108108108108,0.0411225652310728,74,67,6,1,not_evaluated,not_evaluated
I told you I was going to knock your block off!,1.108108108108108,0.0411225652310728,74,67,6,1,not_evaluated,not_evaluated
"Headless, yes.  Heedless, no!",1.108108108108108,0.0296066247300089,111,99,12,0,not_evaluated,not_evaluated
"It is not the same as ""knocking your block off.""",1.108108108108108,0.0411225652310728,74,67,6,1,not_evaluated,not_evaluated
If he melts...he melts.,1.108108108108108,0.0363432541778838,74,66,8,0,not_evaluated,not_evaluated
Life takes on a whole new complexion when you suddenly see where you came from.,1.108108108108108,0.0411225652310728,74,67,6,1,not_evaluated,not_evaluated
"Now that the fight is over,  tell me why you wore that hat.",1.108108108108108,0.0363432541778838,74,66,8,0,not_evaluated,not_evaluated
"I said 'look', not 'hook'..........",1.108108108108108,0.0454015266057147,74,68,4,2,not_evaluated,not_evaluated
Giving up so soon?,1.108108108108108,0.0411225652310728,74,67,6,1,not_evaluated,not_evaluated
This reminds me of an old Calvin and Hobbes comic I saw once.,1.107843137254902,0.0338635640722446,102,92,9,1,not_evaluated,not_evaluated
Dowwwwwn goes Frosty!”,1.107843137254902,0.0366180014806914,102,93,7,2,not_evaluated,not_evaluated
You didn't have to cold-cock me.,1.107843137254902,0.0366180014806914,102,93,7,2,not_evaluated,not_evaluated
THAT…was an over reaction,1.107843137254902,0.0366180014806914,102,93,7,2,not_evaluated,not_evaluated
"You’re supposed to go for a knockout, not a knock off!

Neil Kurshan, New York",1.1076923076923078,0.038748926306942,65,58,7,0,not_evaluated,not_evaluated
Does that count as a knockdown or a TKO?,1.1076923076923078,0.0445224496261162,65,59,5,1,not_evaluated,not_evaluated
You gotta put your twig into it”,1.1076923076923078,0.038748926306942,65,58,7,0,not_evaluated,not_evaluated
You are not going to punch me in the face again.,1.10752688172043,0.03229700003364,93,83,10,0,not_evaluated,not_evaluated
"You told me to block it, you didn’t say with what.",1.10752688172043,0.0357330421580577,93,84,8,1,not_evaluated,not_evaluated
"Man, that was frosty.",1.10752688172043,0.03229700003364,93,83,10,0,not_evaluated,not_evaluated
2 out of 3 and give me a head start!,1.10752688172043,0.0357330421580577,93,84,8,1,not_evaluated,not_evaluated
I told you we needed headgear.,1.10752688172043,0.0357330421580577,93,84,8,1,not_evaluated,not_evaluated
"Dang, cold cocked.",1.10752688172043,0.0388664944723102,93,85,6,2,not_evaluated,not_evaluated
I think you're ready.,1.10752688172043,0.0357330421580577,93,84,8,1,not_evaluated,not_evaluated
That was like hitting the netherlands!,1.10752688172043,0.0388664944723102,93,85,6,2,not_evaluated,not_evaluated
I don't think boxing is our love language.,1.10752688172043,0.0417655178737521,93,86,4,3,not_evaluated,not_evaluated
I mis Calvin.,1.10752688172043,0.03229700003364,93,83,10,0,not_evaluated,not_evaluated
This is a metaphor for the political situation in the United States.,1.10752688172043,0.0388664944723102,93,85,6,2,not_evaluated,not_evaluated
I barely touched him.,1.10752688172043,0.0357330421580577,93,84,8,1,not_evaluated,not_evaluated
"I’m thirteen and you wanna know what *I* think is funny?! Okay, how’s this? ‘Boy, the kids in this neighborhood sure have a dark sense of humor!’",1.10752688172043,0.03229700003364,93,83,10,0,not_evaluated,not_evaluated
"This is a loss against climate change, not you.",1.10752688172043,0.0388664944723102,93,85,6,2,not_evaluated,not_evaluated
"Now give me my hat back, Larry",1.10752688172043,0.03229700003364,93,83,10,0,not_evaluated,not_evaluated
Now I have an even better view of your pathetic right jab.,1.1071428571428572,0.0339495134209541,84,75,9,0,not_evaluated,not_evaluated
Oh! My dear! You are still fighting with your head off on the ground!,1.1071428571428572,0.0379398365068223,84,76,7,1,not_evaluated,not_evaluated
"‘C’mon man, my Cutman is taking a potty break’",1.1071428571428572,0.0339495134209541,84,75,9,0,not_evaluated,not_evaluated
I said LET’S head off after one more round.,1.1071428571428572,0.0339495134209541,84,75,9,0,not_evaluated,not_evaluated
"Better call this off, we are melting?",1.1071428571428572,0.0339495134209541,84,75,9,0,not_evaluated,not_evaluated
Looks like you fell for the ol’ climate change-up.,1.1071428571428572,0.0379398365068223,84,76,7,1,not_evaluated,not_evaluated
I thought Boxing Day was 26th December!,1.1071428571428572,0.0379398365068223,84,76,7,1,not_evaluated,not_evaluated
No rematch!,1.1071428571428572,0.0379398365068223,84,76,7,1,not_evaluated,not_evaluated
Keep Going. I'm gonna head out.,1.1071428571428572,0.0339495134209541,84,75,9,0,not_evaluated,not_evaluated
I thought we agreed - no head shots.,1.1071428571428572,0.0379398365068223,84,76,7,1,not_evaluated,not_evaluated
22-0. There’s a reason they call me global warming.,1.1071428571428572,0.0379398365068223,84,76,7,1,not_evaluated,not_evaluated
We used to be best buddies. And now we're not.,1.1071428571428572,0.0319797807973918,112,101,10,1,not_evaluated,not_evaluated
Wrong season for a haymaker.,1.1071428571428572,0.0415486814087917,84,77,5,2,not_evaluated,not_evaluated
Bring it on: I'm way a head of you.,1.1071428571428572,0.0379398365068223,84,76,7,1,not_evaluated,not_evaluated
I told you I needed a scarf to secure it.,1.1071428571428572,0.0339495134209541,84,75,9,0,not_evaluated,not_evaluated
"Rock'em Sock'em Snowobots

""Hey, you knocked my ice block off!""",1.1071428571428572,0.0339495134209541,84,75,9,0,not_evaluated,not_evaluated
"Yeah, the thaw definitely starts earlier every year.",1.1071428571428572,0.0379398365068223,84,76,7,1,not_evaluated,not_evaluated
"That was pretty good, but it left you wide open",1.1071428571428572,0.0379398365068223,84,76,7,1,not_evaluated,not_evaluated
Somewhere in Ukraine...,1.1071428571428572,0.0379398365068223,84,76,7,1,not_evaluated,not_evaluated
I can still see from down here,1.1071428571428572,0.0339495134209541,84,75,9,0,not_evaluated,not_evaluated
Rock ‘em sock ‘em snowbots  caption,1.1071428571428572,0.0415486814087917,84,77,5,2,not_evaluated,not_evaluated
"Mmm. Ok, it’s your turn to win the scarf. No cheating.",1.1071428571428572,0.0339495134209541,84,75,9,0,not_evaluated,not_evaluated
Your headspace looks to be grounded,1.1071428571428572,0.0339495134209541,84,75,9,0,not_evaluated,not_evaluated
You’ve really rung my snowbell.,1.1071428571428572,0.0379398365068223,84,76,7,1,not_evaluated,not_evaluated
It would look something like this if you were a good boxer..,1.1071428571428572,0.0415486814087917,84,77,5,2,not_evaluated,not_evaluated
Owww! My fuckin’… top… snowball… HEAD!!! That’s the word.,1.1067961165048543,0.038811148235284,103,95,5,3,not_evaluated,not_evaluated
Whoa! Didn’t you hear the bell?,1.106666666666667,0.04481526981296,75,69,4,2,not_evaluated,not_evaluated
I have no excuse other than climate change.,1.106666666666667,0.0405961580454117,75,68,6,1,not_evaluated,not_evaluated
Is my right hand moving?,1.106666666666667,0.0358843655048781,75,67,8,0,not_evaluated,not_evaluated
"I said, give me the friggen hat!",1.106666666666667,0.0405961580454117,75,68,6,1,not_evaluated,not_evaluated
"Sorry, I thought I was back in a Calvin & Hobbes cartoon.",1.106666666666667,0.04481526981296,75,69,4,2,not_evaluated,not_evaluated
"Hey, quit having a meltdown and lend a hand...or a head!",1.106666666666667,0.0358843655048781,75,67,8,0,not_evaluated,not_evaluated
"Sure, go for the carrot.  We said no rabbit punches.",1.106666666666667,0.0405961580454117,75,68,6,1,not_evaluated,not_evaluated
Are you sure it said Boxing Day?,1.106666666666667,0.04481526981296,75,69,4,2,not_evaluated,not_evaluated
C’mon !! Get your head back into this thing !!,1.1063829787234043,0.03536936228202,94,85,8,1,not_evaluated,not_evaluated
"Hey, Calvin! A little help, please!",1.1063829787234043,0.03536936228202,94,85,8,1,not_evaluated,not_evaluated
"That shot was a little below the belt, don’t you think?",1.1063829787234043,0.0319720376083791,94,84,10,0,not_evaluated,not_evaluated
"You really want the hat, don't you.",1.1063829787234043,0.0319720376083791,94,84,10,0,not_evaluated,not_evaluated
"I'm used to 15 below 0, not 10 over 9.",1.1063829787234043,0.0384678097588354,94,86,6,2,not_evaluated,not_evaluated
We'll be even in the spring,1.1063829787234043,0.03536936228202,94,85,8,1,not_evaluated,not_evaluated
oopsie frosty,1.106060606060606,0.048898295472687,66,61,3,2,not_evaluated,not_evaluated
Many of life's failures are people who did not realize how close they were to success when they gave up.,1.106060606060606,0.0381921767870499,66,59,7,0,not_evaluated,not_evaluated
I'm Mike Tyson's Snowman.,1.106060606060606,0.0438730308268501,66,60,5,1,not_evaluated,not_evaluated
Even without snow balls I can still beat you!,1.1058823529411763,0.0375120126857039,85,77,7,1,not_evaluated,not_evaluated
I didn't see that Nor'easter coming.,1.1058823529411763,0.0335714022780473,85,76,9,0,not_evaluated,not_evaluated
"Okay, okay, next time I'll protect my face. Now, call the ice cream truck. Stat!",1.1058823529411763,0.0410763087503044,85,78,5,2,not_evaluated,not_evaluated
"Sorry- forgot you were made of snow, man.",1.1058823529411763,0.0375120126857039,85,77,7,1,not_evaluated,not_evaluated
"Carrigan,I warned you!",1.1058823529411763,0.0410763087503044,85,78,5,2,not_evaluated,not_evaluated
Wait a second my hat fell off!,1.1058823529411763,0.0375120126857039,85,77,7,1,not_evaluated,not_evaluated
"I didn’t hear the bell, but it sure feels like my head's been rung.",1.1058823529411763,0.0375120126857039,85,77,7,1,not_evaluated,not_evaluated
"Another win, another year as “the Unbeatable Snowman”",1.1058823529411763,0.0335714022780473,85,76,9,0,not_evaluated,not_evaluated
I coulda been a contender...I coulda been SOMEONE...,1.1058823529411763,0.0335714022780473,85,76,9,0,not_evaluated,not_evaluated
"Having finally defeated his inner critic, Dave the Snowman contemplated the pros and cons of solitude.",1.1058823529411763,0.0375120126857039,85,77,7,1,not_evaluated,not_evaluated
"For this to be fun, you have to keep your head in the game!",1.1058823529411763,0.0335714022780473,85,76,9,0,not_evaluated,not_evaluated
I should have worn the green scarf.,1.1058823529411763,0.0335714022780473,85,76,9,0,not_evaluated,not_evaluated
Narrator’s voice: It was then that Frosty realized he was not quite ready to claim the name ‘The Abominable Snowman’.,1.1058823529411763,0.0335714022780473,85,76,9,0,not_evaluated,not_evaluated
"Well, now I guess I'll be called the Headless Abominable snowman.",1.1057692307692308,0.0332412291990669,104,94,9,1,not_evaluated,not_evaluated
"When the humans said ""Heads will roll,"" I didn't know they meant it literally!",1.105263157894737,0.0354368594328493,76,68,8,0,not_evaluated,not_evaluated
I think I need something more protective than a knit cap.,1.105263157894737,0.0354368594328493,76,68,8,0,not_evaluated,not_evaluated
This gives TKO a whole new meaning.,1.105263157894737,0.031653514053981,95,85,10,0,not_evaluated,not_evaluated
It's just a scratch. I'll bite your legs off!,1.105263157894737,0.0442439305716437,76,70,4,2,not_evaluated,not_evaluated
"When I said knock it off, I didn't it mean literally.",1.105263157894737,0.0442439305716437,76,70,4,2,not_evaluated,not_evaluated
Did I tell you Lately how much I hate boxing?,1.105263157894737,0.040083016346652,76,69,6,1,not_evaluated,not_evaluated
"Oomph! I hope climate change halts your championship run, Frosty!",1.105263157894737,0.0350129849869881,95,86,8,1,not_evaluated,not_evaluated
"Frosty and Frostie are going head to head....er, uh.....",1.105263157894737,0.0354368594328493,76,68,8,0,not_evaluated,not_evaluated
"You just got lucky, if it wasn't for global warming you'd be getting it.",1.105263157894737,0.0380772016229205,95,87,6,2,not_evaluated,not_evaluated
I finally saw a butterfly and felt a bee.,1.105263157894737,0.0354368594328493,76,68,8,0,not_evaluated,not_evaluated
"Well, don't just stand there gawking, get me some water!",1.105263157894737,0.040083016346652,76,69,6,1,not_evaluated,not_evaluated
How many’s a knockout anyway?,1.105263157894737,0.040083016346652,76,69,6,1,not_evaluated,not_evaluated
Maybe Rock’em Sock’em Snowmen isn’t the best marketing concept.,1.105263157894737,0.0354368594328493,76,68,8,0,not_evaluated,not_evaluated
I guess that ices it…,1.105263157894737,0.031653514053981,95,85,10,0,not_evaluated,not_evaluated
That's snow way to win!,1.105263157894737,0.040083016346652,76,69,6,1,not_evaluated,not_evaluated
I guess we can call this a TKSnow.,1.105263157894737,0.0350129849869881,95,86,8,1,not_evaluated,not_evaluated
Dang my ice jaw.,1.105263157894737,0.040083016346652,76,69,6,1,not_evaluated,not_evaluated
"If you can keep your head when all about you are losing theirs, you'll be a snowman, my son.",1.105263157894737,0.040083016346652,76,69,6,1,not_evaluated,not_evaluated
Rockem Sockem Slushbots!,1.105263157894737,0.040083016346652,76,69,6,1,not_evaluated,not_evaluated
I never imagined I'd have a glass jaw.,1.105263157894737,0.0350129849869881,95,86,8,1,not_evaluated,not_evaluated
Global warming isn't worth fighting over.,1.105263157894737,0.0354368594328493,76,68,8,0,not_evaluated,not_evaluated
That cloud looks like a horse's ass.,1.105263157894737,0.0350129849869881,95,86,8,1,not_evaluated,not_evaluated
Mamaaaaa!,1.105263157894737,0.0350129849869881,95,86,8,1,not_evaluated,not_evaluated
"Like I told you last time ""Only below the belt!""",1.1047619047619048,0.0356103493718145,105,96,7,2,not_evaluated,not_evaluated
What will these kids think of next?,1.1047619047619048,0.0329385306173865,105,95,9,1,not_evaluated,not_evaluated
"Oh, knock it off. You're fine, Snowy.",1.1046511627906976,0.0370936986674589,86,78,7,1,not_evaluated,not_evaluated
"I hate a punch in the face,so I keep it out",1.1046511627906976,0.0370936986674589,86,78,7,1,not_evaluated,not_evaluated
I can't help but feel this match has been rigged.,1.1046511627906976,0.040614533015286,86,79,5,2,not_evaluated,not_evaluated
My head fell off,1.1046511627906976,0.0370936986674589,86,78,7,1,not_evaluated,not_evaluated
"Lucky shot, baldy",1.1046511627906976,0.0332015763121984,86,77,9,0,not_evaluated,not_evaluated
This is the best caption ChatGPT  could come up with.,1.1046511627906976,0.0370936986674589,86,78,7,1,not_evaluated,not_evaluated
I told you to not lose your head over this.,1.1046511627906976,0.0370936986674589,86,78,7,1,not_evaluated,not_evaluated
"We differ, I think, on adverbs attached to ‘sparring’.",1.1046511627906976,0.0332015763121984,86,77,9,0,not_evaluated,not_evaluated
My right hook knocked off your head. Tonight’s deep freeze will reconnect it.,1.1046511627906976,0.0332015763121984,86,77,9,0,not_evaluated,not_evaluated
"Rocky meets Highlander
""Adrian! There can only be One!""",1.1046511627906976,0.0370936986674589,86,78,7,1,not_evaluated,not_evaluated
Hey man get your head in the game,1.1046511627906976,0.0332015763121984,86,77,9,0,not_evaluated,not_evaluated
That's what you get for stealing my corncob pipe.,1.1046511627906976,0.0332015763121984,86,77,9,0,not_evaluated,not_evaluated
Pick-up for another round ?,1.1046511627906976,0.0370936986674589,86,78,7,1,not_evaluated,not_evaluated
You have to look for that left hook.,1.1046511627906976,0.0332015763121984,86,77,9,0,not_evaluated,not_evaluated
Had enough ?,1.1046511627906976,0.0438535985212988,86,80,3,3,not_evaluated,not_evaluated
It’s only a knockout if you want to get technical.,1.1046511627906976,0.0332015763121984,86,77,9,0,not_evaluated,not_evaluated
"Wow, you've really been training.",1.1046511627906976,0.0332015763121984,86,77,9,0,not_evaluated,not_evaluated
"Blocking, bobbing & weaving, pivoting…It’s all irrelevant if you get sucker punched by a gust of wind.",1.1046511627906976,0.0332015763121984,86,77,9,0,not_evaluated,not_evaluated
Hey Frosty--the count doesn't start till you go to a neutral corner!,1.1046511627906976,0.0370936986674589,86,78,7,1,not_evaluated,not_evaluated
"OK, OK. Santa's real.",1.1046511627906976,0.040614533015286,86,79,5,2,not_evaluated,not_evaluated
"It's all fun and games until someone loses a head...

it's the classic caption",1.1044776119402986,0.0432422329358218,67,61,5,1,not_evaluated,not_evaluated
You dangled a carrot…,1.1044776119402986,0.0376511178439935,67,60,7,0,not_evaluated,not_evaluated
Must be the hat.,1.1041666666666667,0.0313412410700799,96,86,10,0,not_evaluated,not_evaluated
I knew I shoulda stayed in that cloud.,1.1041666666666667,0.0346636933610211,96,87,8,1,not_evaluated,not_evaluated
Not exactly a head start,1.1041666666666667,0.0346636933610211,96,87,8,1,not_evaluated,not_evaluated
I'm just warming up.,1.103896103896104,0.0395826466272485,77,70,6,1,not_evaluated,not_evaluated
What did you mean by 'turn the other cheek'?,1.103896103896104,0.0350003202036694,77,69,8,0,not_evaluated,not_evaluated
KO? It was the Sun!,1.103896103896104,0.0350003202036694,77,69,8,0,not_evaluated,not_evaluated
"I didn't say ""go.""",1.103896103896104,0.0395826466272485,77,70,6,1,not_evaluated,not_evaluated
"This didn’t hurt, thanks to my spinal cord stimulator.",1.103896103896104,0.0350003202036694,77,69,8,0,not_evaluated,not_evaluated
"Geez, Bobby, I could’ve been a contender!",1.103896103896104,0.0436869478640459,77,71,4,2,not_evaluated,not_evaluated
Thanks Frosty.  I had such a headcold!,1.103896103896104,0.0395826466272485,77,70,6,1,not_evaluated,not_evaluated
I don't know what I was thinking.,1.103896103896104,0.0395826466272485,77,70,6,1,not_evaluated,not_evaluated
I guess it wasn't a good idea to throw my hat in the ring!,1.103896103896104,0.0350003202036694,77,69,8,0,not_evaluated,not_evaluated
I can go on,1.103896103896104,0.0350003202036694,77,69,8,0,not_evaluated,not_evaluated
"I missed my coach's fifth class, which taught how to keep my head straight.",1.103896103896104,0.0350003202036694,77,69,8,0,not_evaluated,not_evaluated
I suppose I should have worn my scarf too!,1.103896103896104,0.0395826466272485,77,70,6,1,not_evaluated,not_evaluated
That is one decisive snowball fight.,1.103896103896104,0.0395826466272485,77,70,6,1,not_evaluated,not_evaluated
I don’t have health insurance.,1.103896103896104,0.0350003202036694,77,69,8,0,not_evaluated,not_evaluated
"..., welp more of a knock off...",1.103896103896104,0.0395826466272485,77,70,6,1,not_evaluated,not_evaluated
So now who has snow balls?,1.103896103896104,0.0395826466272485,77,70,6,1,not_evaluated,not_evaluated
"See, I told you that it would be hard to knock me out.",1.103896103896104,0.0350003202036694,77,69,8,0,not_evaluated,not_evaluated
We can’t call the fight until one of us learns how to count.,1.103896103896104,0.0395826466272485,77,70,6,1,not_evaluated,not_evaluated
Boxing? Have you lost your mind?,1.103896103896104,0.0395826466272485,77,70,6,1,not_evaluated,not_evaluated
"Well, if you had LEGS, you could go fetch the Creator - Timmy.",1.103896103896104,0.0350003202036694,77,69,8,0,not_evaluated,not_evaluated
"If someone asks, remember the first rule of Fight Club, Larry.",1.103896103896104,0.0395826466272485,77,70,6,1,not_evaluated,not_evaluated
One heck of a snowball fight!,1.103896103896104,0.0350003202036694,77,69,8,0,not_evaluated,not_evaluated
So soon? These warmer gloves really work!,1.103896103896104,0.0350003202036694,77,69,8,0,not_evaluated,not_evaluated
"Guess you can't be the head snowman anymore, can you?",1.103896103896104,0.0350003202036694,77,69,8,0,not_evaluated,not_evaluated
"Okay, I get it. Wear a scarf...",1.103896103896104,0.0350003202036694,77,69,8,0,not_evaluated,not_evaluated
"As a matter of fact, I do remember the line from 'Apocalypse Now.'",1.1037735849056605,0.0326412757263808,106,96,9,1,not_evaluated,not_evaluated
"Hey, that's not a neutral corner!",1.103448275862069,0.0328397678098528,87,78,9,0,not_evaluated,not_evaluated
Well at least my head will be a little bigger now.,1.103448275862069,0.0328397678098528,87,78,9,0,not_evaluated,not_evaluated
You can’t say I didn’t win!,1.103448275862069,0.0366845819952604,87,79,7,1,not_evaluated,not_evaluated
"Hey, you didn’t hit me,  I was just slipping your punch.",1.103448275862069,0.0328397678098528,87,78,9,0,not_evaluated,not_evaluated
I can see green leaves and birds singing!,1.103448275862069,0.0366845819952604,87,79,7,1,not_evaluated,not_evaluated
I am moving to Florida,1.103448275862069,0.0366845819952604,87,79,7,1,not_evaluated,not_evaluated
The ref said no hitting below the belt.,1.103448275862069,0.0366845819952604,87,79,7,1,not_evaluated,not_evaluated
I'm going to need some ice after this.,1.103448275862069,0.0328397678098528,87,78,9,0,not_evaluated,not_evaluated
"Witness the biggest winter war for snowman supremacy, ending with a headless twist, and leaving Snowy in victory for the reign""
Naomi Murillo, Costa Ric",1.103448275862069,0.0328397678098528,87,78,9,0,not_evaluated,not_evaluated
I wish I didn’t lose my mind when I fight.,1.103448275862069,0.0328397678098528,87,78,9,0,not_evaluated,not_evaluated
I think i am losing my mind ! 😂,1.103448275862069,0.0328397678098528,87,78,9,0,not_evaluated,not_evaluated
You're such a snowflake ...!,1.103448275862069,0.0366845819952604,87,79,7,1,not_evaluated,not_evaluated
"It’s a setback, but it doesn’t count as a knockout",1.103448275862069,0.0366845819952604,87,79,7,1,not_evaluated,not_evaluated
Frosty with a chilling display of dominance.,1.103448275862069,0.0328397678098528,87,78,9,0,not_evaluated,not_evaluated
"Shit man, I thought you were supposed to be a jolly happy soul.",1.103448275862069,0.0366845819952604,87,79,7,1,not_evaluated,not_evaluated
"I still have two balls left---let's rock!""",1.103448275862069,0.0366845819952604,87,79,7,1,not_evaluated,not_evaluated
They call me a “South Pole paw”,1.103448275862069,0.0328397678098528,87,78,9,0,not_evaluated,not_evaluated
"Thumpety, thump and Frosty's out cold!",1.1030927835051547,0.0310350375742069,97,87,10,0,not_evaluated,not_evaluated
I'll knock your block off.  Just give me a minute.,1.1030927835051547,0.0310350375742069,97,87,10,0,not_evaluated,not_evaluated
"It was going to happen sooner or later, Frosty.",1.1030927835051547,0.0343212789612339,97,88,8,1,not_evaluated,not_evaluated
"This is where you're supposed to sing the 'thumpety-thump-thump' part.""",1.1030927835051547,0.0343212789612339,97,88,8,1,not_evaluated,not_evaluated
sorry. i just lost my head in the excitement of the moment.,1.1030927835051547,0.037319255376243,97,89,6,2,not_evaluated,not_evaluated
I thought you had a good head on your shoulders!,1.1030927835051547,0.0343212789612339,97,88,8,1,not_evaluated,not_evaluated
Doesn’t count…I did it to myself.,1.1030927835051547,0.0310350375742069,97,87,10,0,not_evaluated,not_evaluated
"You're cold as ice, Larry",1.1029411764705883,0.0371250992576067,68,61,7,0,not_evaluated,not_evaluated
The fight has been declared a snow-contest.,1.1029411764705883,0.0426292687910726,68,62,5,1,not_evaluated,not_evaluated
…at least I didn’t freeze up.,1.1029411764705883,0.0426292687910726,68,62,5,1,not_evaluated,not_evaluated
The sad results of Heads Up play.,1.102803738317757,0.0323493195651367,107,97,9,1,not_evaluated,not_evaluated
Let's keep going! What are you afraid of?,1.1025641025641026,0.0390945794678847,78,71,6,1,not_evaluated,not_evaluated
Rock'm Sock'm Snowmen,1.1025641025641026,0.0390945794678847,78,71,6,1,not_evaluated,not_evaluated
What's under your scarf?......,1.1025641025641026,0.0345743519211918,78,70,8,0,not_evaluated,not_evaluated
Nine... Nine and a half... Nine and three fourths... Nine and seven eighths... Nine and fifteen sixteenths... Nine and thirty-one thirty-seconds...,1.1025641025641026,0.0431437883915064,78,72,4,2,not_evaluated,not_evaluated
Nice shot!  Spring is coming.,1.1025641025641026,0.0345743519211918,78,70,8,0,not_evaluated,not_evaluated
"OK, Frosty. I get it. I'll stay away from Elsa, but is she really worth melting for?",1.1025641025641026,0.0345743519211918,78,70,8,0,not_evaluated,not_evaluated
I guess you really meant it when you said you were gonna coldcock me.,1.1025641025641026,0.0431437883915064,78,72,4,2,not_evaluated,not_evaluated
Andy’s coming!,1.1025641025641026,0.0345743519211918,78,70,8,0,not_evaluated,not_evaluated
"Idiot, I'm Frosty the Snowman and I'll be back to get you some day.",1.1025641025641026,0.0390945794678847,78,71,6,1,not_evaluated,not_evaluated
Well...I challenge you to a rematch in the spring.,1.1025641025641026,0.0345743519211918,78,70,8,0,not_evaluated,not_evaluated
This is not a knock out!,1.1025641025641026,0.0431437883915064,78,72,4,2,not_evaluated,not_evaluated
Frosty! You motherf*,1.1025641025641026,0.0390945794678847,78,71,6,1,not_evaluated,not_evaluated
Hold your head high. You fought well.,1.1025641025641026,0.0390945794678847,78,71,6,1,not_evaluated,not_evaluated
These early spring thaws always throw my game off.,1.1022727272727273,0.0362843636973534,88,80,7,1,not_evaluated,not_evaluated
“Oh my…and this match is over as Lefty quickly delivers another of his trademark cold-cock knockouts.”,1.1022727272727273,0.0362843636973534,88,80,7,1,not_evaluated,not_evaluated
I switched to artificial intelligence,1.1022727272727273,0.0397213804993674,88,81,5,2,not_evaluated,not_evaluated
"I'll be honest, I don't get the appeal",1.1022727272727273,0.0324857203870887,88,79,9,0,not_evaluated,not_evaluated
but your made of sticky snow ... thats not fair,1.1022727272727273,0.0324857203870887,88,79,9,0,not_evaluated,not_evaluated
I've got two rounds to go.,1.1022727272727273,0.0362843636973534,88,80,7,1,not_evaluated,not_evaluated
How many times have I told you you would forget your head if it wasn’t attached?,1.1022727272727273,0.0397213804993674,88,81,5,2,not_evaluated,not_evaluated
"Who do you think you are, Muhammad  snowb-Ali?",1.1022727272727273,0.0362843636973534,88,80,7,1,not_evaluated,not_evaluated
I’m hoping this scene is generated by Artificial Intelligence and my block is not really knocked off.,1.1022727272727273,0.0397213804993674,88,81,5,2,not_evaluated,not_evaluated
If I’ve told that kid once I’ve told him a thousand times: a twig is no substitute for rebar.,1.1022727272727273,0.0362843636973534,88,80,7,1,not_evaluated,not_evaluated
You have Seasonal Affective Disorder,1.1022727272727273,0.0397213804993674,88,81,5,2,not_evaluated,not_evaluated
"Can we just call it a draw?""$",1.1022727272727273,0.0362843636973534,88,80,7,1,not_evaluated,not_evaluated
You won the stare down.,1.1022727272727273,0.0362843636973534,88,80,7,1,not_evaluated,not_evaluated
The Headless Boxer,1.1022727272727273,0.0362843636973534,88,80,7,1,not_evaluated,not_evaluated
So this is what they call a technical knockout. Doesn't feel great.,1.1022727272727273,0.0324857203870887,88,79,9,0,not_evaluated,not_evaluated
Ugh Global Warming!!!,1.1022727272727273,0.0324857203870887,88,79,9,0,not_evaluated,not_evaluated
"Well, I guess I did commit gnostical turpitude, after all.",1.1022727272727273,0.0397213804993674,88,81,5,2,not_evaluated,not_evaluated
"The sleigh bell rang,were you listening?",1.1022727272727273,0.0362843636973534,88,80,7,1,not_evaluated,not_evaluated
"Your manager told you: ""Keep your head down""?",1.1022727272727273,0.0397213804993674,88,81,5,2,not_evaluated,not_evaluated
"Stars? No. Star, yes.",1.1022727272727273,0.0324857203870887,88,79,9,0,not_evaluated,not_evaluated
That's some Eskimo pie you just threw my way.,1.1022727272727273,0.0324857203870887,88,79,9,0,not_evaluated,not_evaluated
"Listen, I used to be a headhunter - it’s a no-brainer",1.1022727272727273,0.0428838091665052,88,82,3,3,not_evaluated,not_evaluated
Hey prop me up will you? I wanna see if I win.,1.1022727272727273,0.0362843636973534,88,80,7,1,not_evaluated,not_evaluated
Told you the scarf it not just for decor,1.1022727272727273,0.0362843636973534,88,80,7,1,not_evaluated,not_evaluated
*yelling instructions*,1.1022727272727273,0.0324857203870887,88,79,9,0,not_evaluated,not_evaluated
I threw a punch and rock salt”,1.1022727272727273,0.0362843636973534,88,80,7,1,not_evaluated,not_evaluated
I should’ve worn my lucky scarf as well.,1.1022727272727273,0.0362843636973534,88,80,7,1,not_evaluated,not_evaluated
Surprised that your arm managed that jab.,1.1020408163265305,0.036951460869878,98,90,6,2,not_evaluated,not_evaluated
I’m gonna tell the Marquess of Queensberry,1.1020408163265305,0.0339855414065058,98,89,8,1,not_evaluated,not_evaluated
When that kid who made us puts my head back on your your in real trouble.,1.1020408163265305,0.0396963965133226,98,91,4,3,not_evaluated,not_evaluated
The real winner is climate change,1.1014492753623188,0.0420333948358774,69,63,5,1,not_evaluated,not_evaluated
blow me,1.1014492753623188,0.0468301584551483,69,64,3,2,not_evaluated,not_evaluated
This is the only way I could make the weight class...,1.1014492753623188,0.0366135060042496,69,62,7,0,not_evaluated,not_evaluated
How many views so far?,1.1014492753623188,0.0366135060042496,69,62,7,0,not_evaluated,not_evaluated
You were only supposed to knock my socks off!,1.1014492753623188,0.0420333948358774,69,63,5,1,not_evaluated,not_evaluated
No! I'm not the great white hope. I told you to keep your right stick up.,1.1012658227848102,0.0386183680916298,79,72,6,1,not_evaluated,not_evaluated
"Sorry, friends don't let friends bite their carrot to spite their face.",1.1012658227848102,0.0386183680916298,79,72,6,1,not_evaluated,not_evaluated
I’ve got a chili pepper for a nose.”,1.1012658227848102,0.0386183680916298,79,72,6,1,not_evaluated,not_evaluated
I hear that snowmen with heads melt faster.,1.1012658227848102,0.034158577388959,79,71,8,0,not_evaluated,not_evaluated
Coach told me I need to cut weight…,1.1012658227848102,0.034158577388959,79,71,8,0,not_evaluated,not_evaluated
You’re fighting a battle of wits with an unarmed opponent.,1.1012658227848102,0.034158577388959,79,71,8,0,not_evaluated,not_evaluated
"George, I think we're looking at a unanimous decision.",1.1012658227848102,0.0386183680916298,79,72,6,1,not_evaluated,not_evaluated
I told you to pack the snow on tight,1.1012658227848102,0.034158577388959,79,71,8,0,not_evaluated,not_evaluated
"Announcer: As a reminder folks, ""KO"" in snowman boxing stands for ""Knock Off"" not ""Knock Out""",1.1012658227848102,0.0386183680916298,79,72,6,1,not_evaluated,not_evaluated
"Well,I don't need a scarf anymore",1.1012658227848102,0.034158577388959,79,71,8,0,not_evaluated,not_evaluated
"We said, no punches above the waist.",1.1012658227848102,0.034158577388959,79,71,8,0,not_evaluated,not_evaluated
"Dude, I thought we agreed — no punches in the balls.",1.1012658227848102,0.0386183680916298,79,72,6,1,not_evaluated,not_evaluated
"Well, I guess spring came early.",1.1012658227848102,0.0386183680916298,79,72,6,1,not_evaluated,not_evaluated
"Thumpety, thump, thump
Thumpety, thump, thump",1.1012658227848102,0.0386183680916298,79,72,6,1,not_evaluated,not_evaluated
"I see birdies. Hello birdies, tweet tweet.",1.1012658227848102,0.0426139448876036,79,73,4,2,not_evaluated,not_evaluated
Why it pays to keep your guard up,1.1012658227848102,0.034158577388959,79,71,8,0,not_evaluated,not_evaluated
TKSnowed!,1.1012658227848102,0.0386183680916298,79,72,6,1,not_evaluated,not_evaluated
I said No Más not Christmas.,1.1012658227848102,0.034158577388959,79,71,8,0,not_evaluated,not_evaluated
This doesn't happen with the  robots.,1.101123595505618,0.035892757570611,89,81,7,1,not_evaluated,not_evaluated
"I think, it's the sweat.",1.101123595505618,0.0321391884015368,89,80,9,0,not_evaluated,not_evaluated
"When you said you'd fight 'til the last snowman standing, I didn't think you'd take it literally, Kevin.",1.101123595505618,0.035892757570611,89,81,7,1,not_evaluated,not_evaluated
Now it's a gut reaction,1.101123595505618,0.0321391884015368,89,80,9,0,not_evaluated,not_evaluated
"Sorry man,Climate change is making us softer than I remember",1.101123595505618,0.035892757570611,89,81,7,1,not_evaluated,not_evaluated
"I said  - knock my block off, not my head",1.101123595505618,0.035892757570611,89,81,7,1,not_evaluated,not_evaluated
My coach always says I get caught cold,1.101123595505618,0.0321391884015368,89,80,9,0,not_evaluated,not_evaluated
This is why I said no hitting above the belt.,1.101123595505618,0.0321391884015368,89,80,9,0,not_evaluated,not_evaluated
"He WAS a jolly good fellow…”
Callum J Rolfe, New Malden U",1.101123595505618,0.035892757570611,89,81,7,1,not_evaluated,not_evaluated
The Maquis of Queensborough said no hitting above the scarf!,1.101123595505618,0.035892757570611,89,81,7,1,not_evaluated,not_evaluated
"Why ! did you have to go and do that ? 
When all I did was knock your hat off",1.101123595505618,0.035892757570611,89,81,7,1,not_evaluated,not_evaluated
"Don't worry, I can't die in a dream of good old days.",1.101123595505618,0.0321391884015368,89,80,9,0,not_evaluated,not_evaluated
"Looks pretty sunny up there, loser...",1.101123595505618,0.035892757570611,89,81,7,1,not_evaluated,not_evaluated
"Nevermind, it's going to be an early spring anyway!",1.101123595505618,0.035892757570611,89,81,7,1,not_evaluated,not_evaluated
I told you not to 'bring the heat'.,1.101010101010101,0.0304401487874877,99,89,10,0,not_evaluated,not_evaluated
Thank God it spring and I am melting,1.101010101010101,0.0304401487874877,99,89,10,0,not_evaluated,not_evaluated
Six more weeks of winter... I wish I could have seen them.,1.1,0.0381535870205101,80,73,6,1,not_evaluated,not_evaluated
Sorry. I was aiming for your mid-section.,1.1,0.0414539081515265,70,64,5,1,not_evaluated,not_evaluated
Let me get my head together and then it’ll be MY turn to knock your block off!,1.1,0.0381535870205101,80,73,6,1,not_evaluated,not_evaluated
Really?  Cut the drama.,1.1,0.0361157559257307,70,63,7,0,not_evaluated,not_evaluated
Good luck against May weather - it's undefeated.,1.1,0.0337526370277806,80,72,8,0,not_evaluated,not_evaluated
Pretty clouds today.,1.1,0.0381535870205101,80,73,6,1,not_evaluated,not_evaluated
"- Two things fill the mind with ever new and increasing admiration and awe, the more often and steadily we reflect upon them: the starry heavens above me and the moral law within me. - Stop quoting Kant every time you lose, Olaf, the hat is mine now.",1.1,0.0361157559257307,70,63,7,0,not_evaluated,not_evaluated
"I think the phrase ""knock it off"" doesn't mean what you think it does.

Dan Schechter
Los Alamitos CA",1.1,0.0420969345526984,80,74,4,2,not_evaluated,not_evaluated
"Oh, jumping head first was a bit rash!",1.1,0.0457012865785713,80,75,2,3,not_evaluated,not_evaluated
"When life gets rough, I like to hold onto my dream 
Relaxing in the summer sun, just letting off steam",1.1,0.0381535870205101,80,73,6,1,not_evaluated,not_evaluated
Can we please put our differences aside....??,1.1,0.0381535870205101,80,73,6,1,not_evaluated,not_evaluated
Maybe the robots really should take our jobs.,1.1,0.0420969345526984,80,74,4,2,not_evaluated,not_evaluated
"Hey,who let Bill Waterson draw this week",1.1,0.0414387707005373,100,94,2,4,not_evaluated,not_evaluated
"Bernie wonders what life could be like if he wasn't build by a kindergartner.
Luke Sevelius, Tampa FL",1.1,0.0381535870205101,80,73,6,1,not_evaluated,not_evaluated
"For God's sake, Albert, don't let success go to my head.",1.1,0.0381535870205101,80,73,6,1,not_evaluated,not_evaluated
"When I said ""put up or shut up,"" I didn't mean "" shut me up.""",1.1,0.0381535870205101,80,73,6,1,not_evaluated,not_evaluated
I keep telling you that we need AI.,1.1,0.0381535870205101,80,73,6,1,not_evaluated,not_evaluated
Let’s pick another day!,1.1,0.0381535870205101,80,73,6,1,not_evaluated,not_evaluated
"Good job, son. That’s how you go for a gut punch.",1.1,0.0414539081515265,70,64,5,1,not_evaluated,not_evaluated
I hope I have better luck next year.,1.1,0.0337526370277806,80,72,8,0,not_evaluated,not_evaluated
Groovy..that is putting it mildly,1.1,0.0381535870205101,80,73,6,1,not_evaluated,not_evaluated
I can't get used to these new handicap rules!,1.1,0.0355094895090524,90,82,7,1,not_evaluated,not_evaluated
"I demand a re-match, same time, same place, next winter.",1.1,0.0337526370277806,80,72,8,0,not_evaluated,not_evaluated
"Hey not fair, I was just starting to thaw.",1.1,0.0381535870205101,80,73,6,1,not_evaluated,not_evaluated
First rule of Snowman Fight Club: You do not talk about Snowman Fight Club.,1.1,0.0355094895090524,90,82,7,1,not_evaluated,not_evaluated
I just can’t seem to get my head out of the snow and into the game,1.1,0.0333333333333332,100,91,8,1,not_evaluated,not_evaluated
At least I bit your ear off when I had the chance.,1.1,0.0420969345526984,80,74,4,2,not_evaluated,not_evaluated
I have what's known in boxing as an ice jaw.,1.1,0.0337526370277806,80,72,8,0,not_evaluated,not_evaluated
"Come on Frosty, don't be such a snowflake!",1.1,0.0361157559257307,70,63,7,0,not_evaluated,not_evaluated
"Hey, no coldcocking.",1.1,0.0317999364001907,90,81,9,0,not_evaluated,not_evaluated
"This is a TKO,isn’t it?",1.1,0.0381535870205101,80,73,6,1,not_evaluated,not_evaluated
"I wanna say TKO, but . . .",1.1,0.0355094895090524,90,82,7,1,not_evaluated,not_evaluated
"Gary was so worried about global warming, he failed to see Paul’s left hook.",1.1,0.0361157559257307,70,63,7,0,not_evaluated,not_evaluated
I never had a snow balls chance in hell to beat you.,1.1,0.0317999364001907,90,81,9,0,not_evaluated,not_evaluated
Maybe we should have taken up skiing instead.,1.1,0.0337526370277806,80,72,8,0,not_evaluated,not_evaluated
You knocked my block off and now I'm going to knock you out Cold!,1.1,0.0381535870205101,80,73,6,1,not_evaluated,not_evaluated
Knocked him out ice cold.,1.1,0.0317999364001907,90,81,9,0,not_evaluated,not_evaluated
"You're right, it doesn' t  hurt with a toque on.",1.1,0.0388665889335664,90,83,5,2,not_evaluated,not_evaluated
"Huh, you were right. A strong wind can knock me over.",1.099009900990099,0.0330164990109565,101,92,8,1,not_evaluated,not_evaluated
Your head is not in the game and this bothers me more than you'll ever know!,1.099009900990099,0.0298675309485115,101,91,10,0,not_evaluated,not_evaluated
I’ve always said accessories are essential!,1.098901098901099,0.0314677386006073,91,82,9,0,not_evaluated,not_evaluated
"I'm glad I chose the scarf,and not the hat.",1.098901098901099,0.0351342968740858,91,83,7,1,not_evaluated,not_evaluated
I told you not to lose your head over that climate change story!,1.098901098901099,0.0384528160351961,91,84,5,2,not_evaluated,not_evaluated
So we are now grown up and not playing with blocks any more!,1.098901098901099,0.0351342968740858,91,83,7,1,not_evaluated,not_evaluated
"You’re watching Hagler v Hearns again, aren’t you!",1.0987654320987654,0.0333561878669291,81,73,8,0,not_evaluated,not_evaluated
This is the last time we play ‘Rock ‘Em Sock ‘Em Robots!,1.0987654320987654,0.0376998308261789,81,74,6,1,not_evaluated,not_evaluated
Don't kid yourself - global warming did this.,1.0987654320987654,0.0333561878669291,81,73,8,0,not_evaluated,not_evaluated
Can you be any MORE of a cliché?,1.0987654320987654,0.0376998308261789,81,74,6,1,not_evaluated,not_evaluated
In Alaska we play rock ‘em sock ‘em snowbots!,1.0987654320987654,0.0333561878669291,81,73,8,0,not_evaluated,not_evaluated
I need someone to help me with footwork.,1.0987654320987654,0.0376998308261789,81,74,6,1,not_evaluated,not_evaluated
"Okay.  You win round one, but it ain't over until  the spring defrost.",1.0987654320987654,0.0376998308261789,81,74,6,1,not_evaluated,not_evaluated
Summer can't come soon enough.,1.0987654320987654,0.0415922975998099,81,75,4,2,not_evaluated,not_evaluated
"Don't look at me, blame the little squirt to said, ""Mittens are so last year"".",1.0987654320987654,0.0333561878669291,81,73,8,0,not_evaluated,not_evaluated
This can't happen; I have immunity from my last bout!,1.0987654320987654,0.0376998308261789,81,74,6,1,not_evaluated,not_evaluated
I passed the concussion protocol. I’m ready for Round 2!!,1.0987654320987654,0.0333561878669291,81,73,8,0,not_evaluated,not_evaluated
Mind blowing taken to a whole new level....Brain freeze upends itself,1.0987654320987654,0.0333561878669291,81,73,8,0,not_evaluated,not_evaluated
"Ok, who are going to call now, ""ghost busters?""",1.0987654320987654,0.0376998308261789,81,74,6,1,not_evaluated,not_evaluated
"To preserve my pride, just say global warming melted my head off.",1.0987654320987654,0.0333561878669291,81,73,8,0,not_evaluated,not_evaluated
"Float like snowflake, hit like an avalanche.",1.0987654320987654,0.0415922975998099,81,75,4,2,not_evaluated,not_evaluated
"Ohhh, you knocked my ice block off!",1.0987654320987654,0.0376998308261789,81,74,6,1,not_evaluated,not_evaluated
"Actually , I’ve been feeling a little detached lately.",1.0985915492957747,0.0455457829116165,71,66,3,2,not_evaluated,not_evaluated
That was some flurry of punches.,1.0985915492957747,0.0408901437281721,71,65,5,1,not_evaluated,not_evaluated
I sneezed and you hit me. That's beyond cold.,1.0985915492957747,0.0408901437281721,71,65,5,1,not_evaluated,not_evaluated
Hit me whenever you're ready,1.0985915492957747,0.0408901437281721,71,65,5,1,not_evaluated,not_evaluated
Don't Play Chicken!,1.0985915492957747,0.0356312975793619,71,64,7,0,not_evaluated,not_evaluated
I said heads will roll!,1.0985915492957747,0.0356312975793619,71,64,7,0,not_evaluated,not_evaluated
that's not what I had in mind when I said snow job,1.0985915492957747,0.0408901437281721,71,65,5,1,not_evaluated,not_evaluated
Stop that or I'll knock your block off. OH.....,1.0978260869565215,0.0380477439421366,92,85,5,2,not_evaluated,not_evaluated
Next time I'll wear the scarf,1.0978260869565215,0.0380477439421366,92,85,5,2,not_evaluated,not_evaluated
Rock'em Sock'em Frosty.,1.0978260869565215,0.0380477439421366,92,85,5,2,not_evaluated,not_evaluated
It ain't over 'til my head says it's over.,1.0978260869565215,0.0311423784031929,92,83,9,0,not_evaluated,not_evaluated
You’ve gotta to roll with the punches!,1.0978260869565215,0.0347669279034979,92,84,7,1,not_evaluated,not_evaluated
I didn’t even take one step closer!,1.0978260869565215,0.0347669279034979,92,84,7,1,not_evaluated,not_evaluated
"Nice shot! Keep it on, I'll watch the rest from here.",1.0978260869565215,0.0311423784031929,92,83,9,0,not_evaluated,not_evaluated
Is this some kid's idea of a sick joke?,1.0978260869565215,0.0347669279034979,92,84,7,1,not_evaluated,not_evaluated
Rockem Sockem Robots has taken a turn,1.0978260869565215,0.0380477439421366,92,85,5,2,not_evaluated,not_evaluated
Now’s as good a time as any; I think we should break up.,1.0978260869565215,0.0347669279034979,92,84,7,1,not_evaluated,not_evaluated
What’s a butterfly?,1.0978260869565215,0.0311423784031929,92,83,9,0,not_evaluated,not_evaluated
I guess you win by a knockoff!,1.0975609756097562,0.0372567129671206,82,75,6,1,not_evaluated,not_evaluated
"Well, not everyone was built by kids with access to pay-per-view, Karl.",1.0975609756097562,0.0329689026032423,82,74,8,0,not_evaluated,not_evaluated
Whoops! Snowdown!,1.0975609756097562,0.0329689026032423,82,74,8,0,not_evaluated,not_evaluated
"If you keep punching like that, Frosty doesn't stand a chance this Saturday.",1.0975609756097562,0.0329689026032423,82,74,8,0,not_evaluated,not_evaluated
"With one hand tied behind your back? Try THIS, Snow Cone!",1.0975609756097562,0.0372567129671206,82,75,6,1,not_evaluated,not_evaluated
"You're a quick learner, but next time aim for the nose.",1.0975609756097562,0.0329689026032423,82,74,8,0,not_evaluated,not_evaluated
"Oh great, now I have cauliflower ear.",1.0975609756097562,0.0329689026032423,82,74,8,0,not_evaluated,not_evaluated
"What do you mean, move my feet!?",1.0975609756097562,0.0372567129671206,82,75,6,1,not_evaluated,not_evaluated
I lost my head when I agreed to box you.,1.0975609756097562,0.0410995959027184,82,76,4,2,not_evaluated,not_evaluated
Come on man… no hits below the carrot!,1.0975609756097562,0.0372567129671206,82,75,6,1,not_evaluated,not_evaluated
"I warned you, ""I can handle anything except an uppercut.""",1.0975609756097562,0.0372567129671206,82,75,6,1,not_evaluated,not_evaluated
Winter is dead! Warm temps always wins!,1.0975609756097562,0.0329689026032423,82,74,8,0,not_evaluated,not_evaluated
I never even threw a punch and you completely lost your head. I think it’s social media’s influence.,1.0975609756097562,0.0372567129671206,82,75,6,1,not_evaluated,not_evaluated
I guess that qualifies as a TKO.,1.0975609756097562,0.0329689026032423,82,74,8,0,not_evaluated,not_evaluated
Frosty and Defrosty duking it out.,1.0975609756097562,0.0372567129671206,82,75,6,1,not_evaluated,not_evaluated
"C’mon ,get your head in the fight!",1.0975609756097562,0.0329689026032423,82,74,8,0,not_evaluated,not_evaluated
Well that was an out of body experience.,1.0975609756097562,0.0372567129671206,82,75,6,1,not_evaluated,not_evaluated
I did not expect that climate change would have such an immediate effect on life expectancy.,1.0975609756097562,0.0329689026032423,82,74,8,0,not_evaluated,not_evaluated
Dude your head fell off,1.0975609756097562,0.0329689026032423,82,74,8,0,not_evaluated,not_evaluated
"Ashes to ashes, snow to snow...",1.0975609756097562,0.0372567129671206,82,75,6,1,not_evaluated,not_evaluated
"Wow, you really meant head off!",1.0975609756097562,0.0372567129671206,82,75,6,1,not_evaluated,not_evaluated
I told you to put your mits up!,1.0975609756097562,0.0410995959027184,82,76,4,2,not_evaluated,not_evaluated
"You may be the contender today, but we’re both gonna be on the waterfront this time tomorrow.",1.0975609756097562,0.0329689026032423,82,74,8,0,not_evaluated,not_evaluated
This is not what I envisioned when you said you wanted to ring in the new year together”,1.0975609756097562,0.0372567129671206,82,75,6,1,not_evaluated,not_evaluated
Timeout.  I'm Going To My Corner!,1.0972222222222223,0.0351596082531163,72,65,7,0,not_evaluated,not_evaluated
Next time I’ll have my head screwed on.,1.0972222222222223,0.0403414719518496,72,66,5,1,not_evaluated,not_evaluated
No way I'm letting you get a shot at my nose,1.0972222222222223,0.0403414719518496,72,66,5,1,not_evaluated,not_evaluated
"And with that one jab to the chin, he knocked his opponent out hot.",1.0972222222222223,0.0403414719518496,72,66,5,1,not_evaluated,not_evaluated
Where are the neighborhood kids when you need them?,1.0972222222222223,0.0351596082531163,72,65,7,0,not_evaluated,not_evaluated
Was it really worth it just to get the girl?,1.0972222222222223,0.0351596082531163,72,65,7,0,not_evaluated,not_evaluated
Why do you keep losing your head? Its just a friendly match!,1.0972222222222223,0.0351596082531163,72,65,7,0,not_evaluated,not_evaluated
It's OK... at least I finally got to see the beautiful white Winter sky.,1.0972222222222223,0.0403414719518496,72,66,5,1,not_evaluated,not_evaluated
"It's climate change,not your left jab.",1.0972222222222223,0.0403414719518496,72,66,5,1,not_evaluated,not_evaluated
Mom’s gonna kill us.,1.0972222222222223,0.0449296190276652,72,67,3,2,not_evaluated,not_evaluated
That’s only a TKO.,1.0970873786407769,0.0324005106588894,103,94,8,1,not_evaluated,not_evaluated
That's why I don't wear a scarf!,1.0970873786407769,0.0324005106588894,103,94,8,1,not_evaluated,not_evaluated
"It's more like being ""knocked out in the cold""",1.0970873786407769,0.0293159629188134,103,93,10,0,not_evaluated,not_evaluated
I’m tellin u dude … heads are gonna roll,1.0970873786407769,0.0324005106588894,103,94,8,1,not_evaluated,not_evaluated
I forgot to bob and weave,1.096774193548387,0.037651101620759,93,86,5,2,not_evaluated,not_evaluated
I think you're getting a little head of yourself.,1.096774193548387,0.0344071411564538,93,85,7,1,not_evaluated,not_evaluated
No fair--you're like a head taller than I am.,1.096774193548387,0.0344071411564538,93,85,7,1,not_evaluated,not_evaluated
"My loss of street cred wasn't worth the 5,000 likes on Instagram.",1.096774193548387,0.037651101620759,93,86,5,2,not_evaluated,not_evaluated
"Come on, Snowflake!! You’re not suppose to take a dive until the warmer rounds…",1.096774193548387,0.0308236479324487,93,84,9,0,not_evaluated,not_evaluated
Why do you always lose your head when we fight?,1.096774193548387,0.037651101620759,93,86,5,2,not_evaluated,not_evaluated
My Pro always tells me a headwind hurts more than a tailwind helps,1.096774193548387,0.0308236479324487,93,84,9,0,not_evaluated,not_evaluated
"Once again, Frosty McTreehugger loses his head, but wins the fight over the existence of climate change.",1.096774193548387,0.037651101620759,93,86,5,2,not_evaluated,not_evaluated
You've been working on your uppercut.,1.096774193548387,0.0344071411564538,93,85,7,1,not_evaluated,not_evaluated
Not a chance I’ll fight you now. Have you lost your head?,1.096774193548387,0.0308236479324487,93,84,9,0,not_evaluated,not_evaluated
Super snowman smack down challenge crowns a new champeen!,1.0963855421686748,0.0325904687229191,83,75,8,0,not_evaluated,not_evaluated
I think this counts as a TK snow,1.0963855421686748,0.0325904687229191,83,75,8,0,not_evaluated,not_evaluated
Can someone please call a knockout so I can melt already?,1.0963855421686748,0.0325904687229191,83,75,8,0,not_evaluated,not_evaluated
That takes out the rope-a-dope tactic.,1.0963855421686748,0.0406184117380317,83,77,4,2,not_evaluated,not_evaluated
"Sorry, man. I meant to just punch that stupid hat off! Not your whole head!",1.0963855421686748,0.0325904687229191,83,75,8,0,not_evaluated,not_evaluated
This is better than 'Rock'em Sock'em Robots!,1.0963855421686748,0.0368238647055129,83,76,6,1,not_evaluated,not_evaluated
"Okay, okay you can keep the hat",1.0963855421686748,0.0368238647055129,83,76,6,1,not_evaluated,not_evaluated
"The people 1, the King 0.",1.0963855421686748,0.0368238647055129,83,76,6,1,not_evaluated,not_evaluated
"Thanks, Stan ... now I can see a cloud that looks like my mother!",1.0963855421686748,0.0368238647055129,83,76,6,1,not_evaluated,not_evaluated
Your corner guy sucks.,1.0963855421686748,0.0368238647055129,83,76,6,1,not_evaluated,not_evaluated
I want a rematch in another season,1.0963855421686748,0.0368238647055129,83,76,6,1,not_evaluated,not_evaluated
What do you mean my therapist is on vacation,1.0963855421686748,0.0325904687229191,83,75,8,0,not_evaluated,not_evaluated
I thought I was the Trump and you were the Biden.,1.0963855421686748,0.0325904687229191,83,75,8,0,not_evaluated,not_evaluated
I never knew you were into self-harm,1.0963855421686748,0.0368238647055129,83,76,6,1,not_evaluated,not_evaluated
"Geez, stop being such a snowflake.”   @danrmccallu",1.0963855421686748,0.0368238647055129,83,76,6,1,not_evaluated,not_evaluated
"Yep, the scarf was too tight ...",1.0963855421686748,0.0368238647055129,83,76,6,1,not_evaluated,not_evaluated
You never did have your head screwed on right!,1.0963855421686748,0.0325904687229191,83,75,8,0,not_evaluated,not_evaluated
"Hey, this wasn't in the terms and conditions",1.0963855421686748,0.0325904687229191,83,75,8,0,not_evaluated,not_evaluated
"Why so chilly? I said, ‘head’s up’…",1.0963855421686748,0.0368238647055129,83,76,6,1,not_evaluated,not_evaluated
"I can accept your coldheartedness, but this mindless pugilism has got to stop.",1.0963855421686748,0.0325904687229191,83,75,8,0,not_evaluated,not_evaluated
"Floats like an iceberg, stings like a mint julep.",1.095890410958904,0.0347001921314398,73,66,7,0,not_evaluated,not_evaluated
"So what, if it's December 26th. That's no reason to box my head off.",1.095890410958904,0.0398072962880426,73,67,5,1,not_evaluated,not_evaluated
"Once again, Rock’em Sock’em Robots has led us astray.",1.095890410958904,0.0398072962880426,73,67,5,1,not_evaluated,not_evaluated
Frosty doesn't have a snowball's chance in hell of winning this bout.,1.095890410958904,0.0347001921314398,73,66,7,0,not_evaluated,not_evaluated
I'll be fine once I get an ice pack.,1.095890410958904,0.0347001921314398,73,66,7,0,not_evaluated,not_evaluated
No fair! I slipped!,1.095890410958904,0.0347001921314398,73,66,7,0,not_evaluated,not_evaluated
"Okay, you can have the hat back and you don't really look like you have gained weight.",1.095890410958904,0.0398072962880426,73,67,5,1,not_evaluated,not_evaluated
"@If you had a brain, you’d be dangerous”",1.095890410958904,0.0347001921314398,73,66,7,0,not_evaluated,not_evaluated
"Frosty just wasn't expecting the 'Thumpety, thump thump' punch from the young challenger from the lake district.",1.095890410958904,0.0398072962880426,73,67,5,1,not_evaluated,not_evaluated
Do you want to put ice on that?,1.095890410958904,0.0347001921314398,73,66,7,0,not_evaluated,not_evaluated
Winter fun,1.095890410958904,0.0398072962880426,73,67,5,1,not_evaluated,not_evaluated
Those twigs have turned into sticks with your new workout routine.,1.0957446808510638,0.0305113476052096,94,85,9,0,not_evaluated,not_evaluated
Don’t worry about me. I can run on autopilot.,1.0957446808510638,0.0305113476052096,94,85,9,0,not_evaluated,not_evaluated
"All right, then, we’ll call it a draw",1.0957446808510638,0.0372626291543722,94,87,5,2,not_evaluated,not_evaluated
Timeout! I just lost vision in both eyes.,1.0957446808510638,0.0340547049919846,94,86,7,1,not_evaluated,not_evaluated
I said wait until I count three!,1.0957446808510638,0.0305113476052096,94,85,9,0,not_evaluated,not_evaluated
Your left stick is better than mine.,1.0957446808510638,0.0305113476052096,94,85,9,0,not_evaluated,not_evaluated
Hey ! Shouldn't you retreat to the neutral corner ?,1.0957446808510638,0.0305113476052096,94,85,9,0,not_evaluated,not_evaluated
They call me Mike T'Iceso,1.0957446808510638,0.0340547049919846,94,86,7,1,not_evaluated,not_evaluated
"Well, who'm I gonna talk to now? Darnit, Larry. You gone done my head in.",1.0957446808510638,0.0305113476052096,94,85,9,0,not_evaluated,not_evaluated
Sorry Charley.,1.0952380952380951,0.0322205876812368,84,76,8,0,not_evaluated,not_evaluated
reassemble me before i have a meltdown”,1.0952380952380951,0.028784310706047,105,95,10,0,not_evaluated,not_evaluated
I never saw the Rockys,1.0952380952380951,0.0322205876812368,84,76,8,0,not_evaluated,not_evaluated
That’s the last time we argue over the ethics of clothing snowmen with hats and scarves.,1.0952380952380951,0.0322205876812368,84,76,8,0,not_evaluated,not_evaluated
I didn't know we were playing rockem sockem robots,1.0952380952380951,0.0364009340974807,84,77,6,1,not_evaluated,not_evaluated
"OK, two out of three…..",1.0952380952380951,0.0436100447513928,63,58,4,1,not_evaluated,not_evaluated
"OK, I’ll spot you the obvious Python joke …",1.0952380952380951,0.0322205876812368,84,76,8,0,not_evaluated,not_evaluated
"Ok ,Ok, you can keep the hat.",1.0952380952380951,0.0364009340974807,84,77,6,1,not_evaluated,not_evaluated
Things got heated at the square garden,1.0952380952380951,0.0322205876812368,84,76,8,0,not_evaluated,not_evaluated
"It's global warming, not me.""",1.0952380952380951,0.0364009340974807,84,77,6,1,not_evaluated,not_evaluated
I told you we should've played basketball instead.,1.0952380952380951,0.0364009340974807,84,77,6,1,not_evaluated,not_evaluated
It sure beats Ozempic!,1.0947368421052632,0.0337093970786436,95,87,7,1,not_evaluated,not_evaluated
I thought we agreed no body shots?,1.0947368421052632,0.0337093970786436,95,87,7,1,not_evaluated,not_evaluated
I'd rather play Pat-A-Cake.,1.0947368421052632,0.0337093970786436,95,87,7,1,not_evaluated,not_evaluated
"I still don't think Taylor Swift would ever look at you sideways, but by Spring it won't matter anyway.",1.0945945945945943,0.034252578598678,74,67,7,0,not_evaluated,not_evaluated
Is that why they call you abominable?,1.0945945945945943,0.0392870511441644,74,68,5,1,not_evaluated,not_evaluated
Don't you know the difference between knockout and knock off?,1.0945945945945943,0.034252578598678,74,67,7,0,not_evaluated,not_evaluated
"With all the snow, I couldn’t see the punch coming.",1.0945945945945943,0.0392870511441644,74,68,5,1,not_evaluated,not_evaluated
I swear no more jokes about the Buffalo Bills!,1.0945945945945943,0.034252578598678,74,67,7,0,not_evaluated,not_evaluated
The cap slowed me down.,1.0945945945945943,0.034252578598678,74,67,7,0,not_evaluated,not_evaluated
How humiliating. Now I might be mistaken for the common snowball!,1.0945945945945943,0.0392870511441644,74,68,5,1,not_evaluated,not_evaluated
Is that a knock out or a knock off?,1.0945945945945943,0.034252578598678,74,67,7,0,not_evaluated,not_evaluated
We’re not rock em sock em robots Ted.,1.0945945945945943,0.0392870511441644,74,68,5,1,not_evaluated,not_evaluated
Why Rockem Sockem Snow-bots never took off.,1.0945945945945943,0.034252578598678,74,67,7,0,not_evaluated,not_evaluated
"Ouch, I think I got frostbite.",1.0945945945945943,0.034252578598678,74,67,7,0,not_evaluated,not_evaluated
"You're a narcissist.
You only care about yourself.
Think of the kids!
Do you even love our children?",1.0941176470588236,0.0359875850510316,85,78,6,1,not_evaluated,not_evaluated
"Well, that's one way to make weight.",1.0941176470588236,0.0359875850510316,85,78,6,1,not_evaluated,not_evaluated
"""Oh my,  guess I finally got the 'Marie Antoinette Punch', right! I'm sorry,,,""",1.0941176470588236,0.0318589741358272,85,77,8,0,not_evaluated,not_evaluated
I need to get my head together and stop having out-of-the-box thoughts.,1.0941176470588236,0.0318589741358272,85,77,8,0,not_evaluated,not_evaluated
I’m afraid that you’ve lost your head again!,1.0941176470588236,0.0318589741358272,85,77,8,0,not_evaluated,not_evaluated
Okay. Less filling.,1.0941176470588236,0.0359875850510316,85,78,6,1,not_evaluated,not_evaluated
"Y""ou can't hit me in the head again, it's below my belt.""",1.0941176470588236,0.0359875850510316,85,78,6,1,not_evaluated,not_evaluated
"Don’t you cry, I’ll be back again next year…to kick your ass!",1.0941176470588236,0.0359875850510316,85,78,6,1,not_evaluated,not_evaluated
You should have maintained your cool. I have yet to throw a punch.,1.0941176470588236,0.0359875850510316,85,78,6,1,not_evaluated,not_evaluated
"On second thought, I’m going to cancel our bowling night.",1.0941176470588236,0.0318589741358272,85,77,8,0,not_evaluated,not_evaluated
I guess it rolled with the punches.,1.0941176470588236,0.0396890201771618,85,79,4,2,not_evaluated,not_evaluated
Sorry. I bet that hurt.,1.0941176470588236,0.0359875850510316,85,78,6,1,not_evaluated,not_evaluated
"As I said, best two out of three!",1.0941176470588236,0.0359875850510316,85,78,6,1,not_evaluated,not_evaluated
"The Snowman fightclub; blood, sweat and melt"".
Maria José Romero, Costa Rica",1.0941176470588236,0.0318589741358272,85,77,8,0,not_evaluated,not_evaluated
I slipped.,1.09375,0.0299052780942551,96,87,9,0,not_evaluated,not_evaluated
"You may have bested me today, but eventually you'll be laid low by a swelterweight.",1.09375,0.0367231032120626,64,58,6,0,not_evaluated,not_evaluated
Not fair!  The sun is in my eyes.,1.09375,0.0333710039331868,96,88,7,1,not_evaluated,not_evaluated
I think I know how James Thurber would caption this.,1.09375,0.0367231032120626,64,58,6,0,not_evaluated,not_evaluated
"You said you'd never hurt me. 
You said, and I quote: 
""You're my nutella gelato,
my pina colada sorbet.""
Lies, all lies!",1.0933333333333333,0.0387801998950999,75,69,5,1,not_evaluated,not_evaluated
Come out where I can see you.,1.0933333333333333,0.0387801998950999,75,69,5,1,not_evaluated,not_evaluated
"Well, if it makes you feel any better... I love the hat.",1.0933333333333333,0.0338163206683332,75,68,7,0,not_evaluated,not_evaluated
Will global warming make it a TKO?,1.0933333333333333,0.0338163206683332,75,68,7,0,not_evaluated,not_evaluated
Wanna go another round for the scarf?,1.0933333333333333,0.0338163206683332,75,68,7,0,not_evaluated,not_evaluated
"#885

Let's make this a double-header.",1.0933333333333333,0.0338163206683332,75,68,7,0,not_evaluated,not_evaluated
'Tis but a frost wound,1.0933333333333333,0.0338163206683332,75,68,7,0,not_evaluated,not_evaluated
"All sale items are final--Don't lose your head over it!
(My life in Retail...)",1.0933333333333333,0.0387801998950999,75,69,5,1,not_evaluated,not_evaluated
"That all you got, scarf-face?",1.0933333333333333,0.0338163206683332,75,68,7,0,not_evaluated,not_evaluated
We should probably rethink this.,1.0933333333333333,0.0338163206683332,75,68,7,0,not_evaluated,not_evaluated
"You know, the old ice-in-the-glove trick is illegal",1.0933333333333333,0.0387801998950999,75,69,5,1,not_evaluated,not_evaluated
More melt and wait than welterweight...,1.0933333333333333,0.0431771266327932,75,70,3,2,not_evaluated,not_evaluated
You're lucky they made me this way,1.0933333333333333,0.0387801998950999,75,69,5,1,not_evaluated,not_evaluated
"Call me a Snowflake, will you?",1.0933333333333333,0.0387801998950999,75,69,5,1,not_evaluated,not_evaluated
Stay frosty,1.0933333333333333,0.0338163206683332,75,68,7,0,not_evaluated,not_evaluated
"You always did have a hell of a left, Ray.",1.0933333333333333,0.0387801998950999,75,69,5,1,not_evaluated,not_evaluated
But you had a head start,1.0933333333333333,0.0387801998950999,75,69,5,1,not_evaluated,not_evaluated
What do Queensbury rules say about this?,1.0933333333333333,0.0338163206683332,75,68,7,0,not_evaluated,not_evaluated
So this is what Brits do the day after Christmas?,1.0933333333333333,0.0387801998950999,75,69,5,1,not_evaluated,not_evaluated
No big deal. It’s going to be an early Spring.,1.0930232558139534,0.0315053552295152,86,78,8,0,not_evaluated,not_evaluated
I think you forgot.  Snowmen are supposed to hit below the belt.,1.0930232558139534,0.0315053552295152,86,78,8,0,not_evaluated,not_evaluated
"Sigh, I don't think we'll ever be Rock 'Em Sock 'Em Robots.",1.0930232558139534,0.0315053552295152,86,78,8,0,not_evaluated,not_evaluated
Ice Punch,1.0930232558139534,0.0315053552295152,86,78,8,0,not_evaluated,not_evaluated
That was some snowball fight!,1.0930232558139534,0.0355834964464631,86,79,6,1,not_evaluated,not_evaluated
"Global warming really got to you, didn't it?",1.0930232558139534,0.0355834964464631,86,79,6,1,not_evaluated,not_evaluated
"Hal Corklin redefined boxing in the winter of ‘93, with a powerful knock off in the 3rd round against Big Jim Sadler.",1.0930232558139534,0.0355834964464631,86,79,6,1,not_evaluated,not_evaluated
When did Frosty start fighting southpaw?,1.0930232558139534,0.0355834964464631,86,79,6,1,not_evaluated,not_evaluated
We can still try and just melt away in the sun.,1.0930232558139534,0.0315053552295152,86,78,8,0,not_evaluated,not_evaluated
Down goes Freezah! Down goes Freezah! Down goes Freezah!,1.0930232558139534,0.0355834964464631,86,79,6,1,not_evaluated,not_evaluated
"So, yeah, I need to improve on my footwork.",1.0930232558139534,0.0315053552295152,86,78,8,0,not_evaluated,not_evaluated
Was it just my new hat which didn't match your scarf?,1.0930232558139534,0.0355834964464631,86,79,6,1,not_evaluated,not_evaluated
I thought you said this was a friendly match up !,1.0930232558139534,0.0355834964464631,86,79,6,1,not_evaluated,not_evaluated
I see dead snow people.,1.0930232558139534,0.0355834964464631,86,79,6,1,not_evaluated,not_evaluated
Just wait until the sun comes out,1.0930232558139534,0.0355834964464631,86,79,6,1,not_evaluated,not_evaluated
Ichabod Crane woulda been proud of me.,1.0930232558139534,0.0355834964464631,86,79,6,1,not_evaluated,not_evaluated
I should've remembered my coach advice on not losing my head during the first round,1.0930232558139534,0.0355834964464631,86,79,6,1,not_evaluated,not_evaluated
"I think I can, I think I can…",1.0930232558139534,0.0315053552295152,86,78,8,0,not_evaluated,not_evaluated
Oh great.....Now I have a bent carrot.,1.092783505154639,0.0330393204863048,97,89,7,1,not_evaluated,not_evaluated
"You’re right, ‘1-2-3 snow!’ doesn’t make any sense.",1.092783505154639,0.0330393204863048,97,89,7,1,not_evaluated,not_evaluated
"Yeah, well, your wife told me they only gave you one carrot.",1.092783505154639,0.0330393204863048,97,89,7,1,not_evaluated,not_evaluated
Winter can be so cold,1.092783505154639,0.0296111476625672,97,88,9,0,not_evaluated,not_evaluated
Was it worth it?,1.092783505154639,0.0330393204863048,97,89,7,1,not_evaluated,not_evaluated
Lucky punch. That’’s not happening again.,1.092783505154639,0.0296111476625672,97,88,9,0,not_evaluated,not_evaluated
I’ve been avoiding thinking about talking to you about this…,1.092783505154639,0.0296111476625672,97,88,9,0,not_evaluated,not_evaluated
"Technology I am now ahead in this fight.""",1.0923076923076922,0.0423076923076923,65,60,4,1,not_evaluated,not_evaluated
Rematch in the spring?,1.0923076923076922,0.0361824763888976,65,59,6,0,not_evaluated,not_evaluated
Was it the flurry of our punches or just the big warm-up creeping in?,1.0921052631578947,0.0333909935274987,76,69,7,0,not_evaluated,not_evaluated
-I wouldn't have punch you in the face anyway...,1.0921052631578947,0.0333909935274987,76,69,7,0,not_evaluated,not_evaluated
Why must cooler heads always prevail?,1.0921052631578947,0.0333909935274987,76,69,7,0,not_evaluated,not_evaluated
C’mon now. It’s only a flesh wound.,1.0921052631578947,0.0382862330575354,76,70,5,1,not_evaluated,not_evaluated
"I said you can have the damn hat, and I'll take the scarf, you didn't need to knock my whole head off.",1.0921052631578947,0.0426229144324784,76,71,3,2,not_evaluated,not_evaluated
Which is why you always have to protect your chin.,1.0921052631578947,0.0333909935274987,76,69,7,0,not_evaluated,not_evaluated
When did you become such a hot-head?,1.0921052631578947,0.0426229144324784,76,71,3,2,not_evaluated,not_evaluated
I can't believe I didn't see that climate change technique coming!,1.0921052631578947,0.0333909935274987,76,69,7,0,not_evaluated,not_evaluated
"I don’t care if you knocked my block off, I’m not finished yet.",1.0921052631578947,0.0333909935274987,76,69,7,0,not_evaluated,not_evaluated
"Thanks a lot, Frosty. Now I can see the what kills us.",1.0921052631578947,0.0333909935274987,76,69,7,0,not_evaluated,not_evaluated
Now you've done it!  Now I can't watch Punxsutawney Phil see his shadow!,1.0921052631578947,0.0333909935274987,76,69,7,0,not_evaluated,not_evaluated
I'll just wait for our relationship to thaw.,1.0921052631578947,0.0333909935274987,76,69,7,0,not_evaluated,not_evaluated
You committed a major violation of the Queensbury rules.,1.0921052631578947,0.0382862330575354,76,70,5,1,not_evaluated,not_evaluated
I told you I'd knock your block off!,1.0921052631578947,0.0382862330575354,76,70,5,1,not_evaluated,not_evaluated
You always win when the temperature goes above freezing,1.0921052631578947,0.0333909935274987,76,69,7,0,not_evaluated,not_evaluated
"Okay, but no faces.",1.0921052631578947,0.0333909935274987,76,69,7,0,not_evaluated,not_evaluated
Just when I thought I finally had my head on straight...,1.0921052631578947,0.0333909935274987,76,69,7,0,not_evaluated,not_evaluated
Heads will roll when they see this,1.0921052631578947,0.0333909935274987,76,69,7,0,not_evaluated,not_evaluated
Lucky shot and a big shout out for global warming!!!,1.0921052631578947,0.0382862330575354,76,70,5,1,not_evaluated,not_evaluated
"Snow Cap or a Scraf  hmm""",1.0921052631578947,0.0333909935274987,76,69,7,0,not_evaluated,not_evaluated
If you put my head back on we could finish this once and for all.,1.0921052631578947,0.0382862330575354,76,70,5,1,not_evaluated,not_evaluated
"A bit obsessed with getting a ‘head start’, aren’t we?",1.0921052631578947,0.0333909935274987,76,69,7,0,not_evaluated,not_evaluated
I should have said “cut it out”,1.091954022988506,0.0351883613144799,87,80,6,1,not_evaluated,not_evaluated
This is not what I meant when I said snowball fight now knock it off...oh,1.091954022988506,0.0311594699190543,87,79,8,0,not_evaluated,not_evaluated
I am so done with the Swiftie talk.,1.091954022988506,0.0351883613144799,87,80,6,1,not_evaluated,not_evaluated
I guess this hat isn't magic.,1.091954022988506,0.0351883613144799,87,80,6,1,not_evaluated,not_evaluated
"Yes, it's very humiliating to just lie here like this. But, on the upside,  look at all the people driving by to see us! I guess fake fighting really is all the rage these days.",1.091954022988506,0.0311594699190543,87,79,8,0,not_evaluated,not_evaluated
I'm used to flurries of punches not haymakers.,1.091954022988506,0.0351883613144799,87,80,6,1,not_evaluated,not_evaluated
"To be fair, you have longer limbs.",1.091954022988506,0.0351883613144799,87,80,6,1,not_evaluated,not_evaluated
"How could I have knocked your head off?
I can’t move.",1.091954022988506,0.0351883613144799,87,80,6,1,not_evaluated,not_evaluated
"Wait a second, we agreed that kicking was not allowed!",1.091954022988506,0.0351883613144799,87,80,6,1,not_evaluated,not_evaluated
Put'me up!,1.091954022988506,0.0351883613144799,87,80,6,1,not_evaluated,not_evaluated
Maybe I need to practice more on Wii sports,1.091954022988506,0.0311594699190543,87,79,8,0,not_evaluated,not_evaluated
OK you knocked my block off. For the record tho it's an orb. -- ORB!,1.091954022988506,0.0351883613144799,87,80,6,1,not_evaluated,not_evaluated
"I said feint, feint.",1.091954022988506,0.0351883613144799,87,80,6,1,not_evaluated,not_evaluated
hats off- you win!,1.091954022988506,0.0388011466114124,87,81,4,2,not_evaluated,not_evaluated
I find that exercise really helps with my migraines.,1.091954022988506,0.0351883613144799,87,80,6,1,not_evaluated,not_evaluated
"Man, you have an ice jaw.",1.091954022988506,0.0351883613144799,87,80,6,1,not_evaluated,not_evaluated
A tribute to Bill Watterson,1.091954022988506,0.0351883613144799,87,80,6,1,not_evaluated,not_evaluated
"Illegal hit, dude.",1.091954022988506,0.0311594699190543,87,79,8,0,not_evaluated,not_evaluated
That’s not fair… you had a head start!,1.091954022988506,0.0311594699190543,87,79,8,0,not_evaluated,not_evaluated
Damn you really pack a punch.,1.091954022988506,0.0311594699190543,87,79,8,0,not_evaluated,not_evaluated
"I said swing like a butterfly but NOT sting like a bee, Roger. Great, now my hat is soaked in yellow snow.",1.0918367346938775,0.0357855980052069,98,91,5,2,not_evaluated,not_evaluated
Maybe that wasn’t such a good idea.,1.091743119266055,0.0333366063726153,109,101,6,2,not_evaluated,not_evaluated
I'm seeing stars.,1.0909090909090908,0.0378046666002046,77,71,5,1,not_evaluated,not_evaluated
"His head’s gone, he’s lost total sense of movement",1.0909090909090908,0.0348018860676716,88,81,6,1,not_evaluated,not_evaluated
"I’ll see you, but I can’t raise you one.",1.0909090909090908,0.0348018860676716,88,81,6,1,not_evaluated,not_evaluated
Knock Yourself  Out.,1.0909090909090908,0.0329761931868187,77,70,7,0,not_evaluated,not_evaluated
Don't be afraid to fail.,1.0909090909090908,0.0348018860676716,88,81,6,1,not_evaluated,not_evaluated
You call that a jab?,1.0909090909090908,0.0308210683464004,88,80,8,0,not_evaluated,not_evaluated
At least I did better than with kickboxing.,1.0909090909090908,0.0308210683464004,88,80,8,0,not_evaluated,not_evaluated
Your HAT! I just wanted to grab your hat!,1.0909090909090908,0.0378046666002046,77,71,5,1,not_evaluated,not_evaluated
That punch was abominable.,1.0909090909090908,0.0348018860676716,88,81,6,1,not_evaluated,not_evaluated
I don't mind. Judging by the weather we're both going to be melted within a week anyways.,1.0909090909090908,0.0308210683464004,88,80,8,0,not_evaluated,not_evaluated
"If I just wait, the rest of you will disassemble!",1.0909090909090908,0.0329761931868187,77,70,7,0,not_evaluated,not_evaluated
Is that the punch you call your Chilly Special?,1.0909090909090908,0.0308210683464004,88,80,8,0,not_evaluated,not_evaluated
The kids are not okay.,1.0909090909090908,0.0308210683464004,88,80,8,0,not_evaluated,not_evaluated
Kids . . I need a lozenge!,1.0909090909090908,0.0348018860676716,88,81,6,1,not_evaluated,not_evaluated
You fight like a robot!,1.0909090909090908,0.0378046666002046,77,71,5,1,not_evaluated,not_evaluated
They said he had a glass jaw.  More like a glass neck.,1.0909090909090908,0.0308210683464004,88,80,8,0,not_evaluated,not_evaluated
Pick on some one your own size,1.0909090909090908,0.0348018860676716,88,81,6,1,not_evaluated,not_evaluated
"Sorry, I gotta head out.",1.0909090909090908,0.0329761931868187,77,70,7,0,not_evaluated,not_evaluated
Did I get it wrong?  “ Sting lika butterfly” ?,1.0909090909090908,0.0348018860676716,88,81,6,1,not_evaluated,not_evaluated
It's ok!!!.... I have a short memory!!!,1.0909090909090908,0.0308210683464004,88,80,8,0,not_evaluated,not_evaluated
Your scarf is untied.,1.0909090909090908,0.0420827318078432,77,72,3,2,not_evaluated,not_evaluated
"Ok, you got the uppercut, how about we work on the piledriver and then gently patting into place",1.0909090909090908,0.0348018860676716,88,81,6,1,not_evaluated,not_evaluated
Doesn't it strike you that this whole situation is weirdly preposterous?,1.0909090909090908,0.0348018860676716,88,81,6,1,not_evaluated,not_evaluated
For goodness take Frosty!  Are you going to Box or goof around?,1.0909090909090908,0.0348018860676716,88,81,6,1,not_evaluated,not_evaluated
I guess the scarf isn’t just a fashion statement.,1.0909090909090908,0.0348018860676716,88,81,6,1,not_evaluated,not_evaluated
"You know, standing in the field doesn't look so bad right now.",1.0909090909090908,0.0348018860676716,88,81,6,1,not_evaluated,not_evaluated
Did the sun come out? Or am I a good boxer,1.0909090909090908,0.0308210683464004,88,80,8,0,not_evaluated,not_evaluated
Play to win,1.0909090909090908,0.0329761931868187,77,70,7,0,not_evaluated,not_evaluated
"Get over here where I can see you, you coward!",1.0909090909090908,0.0329761931868187,77,70,7,0,not_evaluated,not_evaluated
I thought I had immunity,1.0909090909090908,0.0329761931868187,77,70,7,0,not_evaluated,not_evaluated
« It’s only a flesh wound ! »,1.0909090909090908,0.0308210683464004,88,80,8,0,not_evaluated,not_evaluated
"Damn, where's that old silk hat when you need it?",1.0909090909090908,0.0378046666002046,77,71,5,1,not_evaluated,not_evaluated
I told you to punch below the waist!,1.0909090909090908,0.0348018860676716,88,81,6,1,not_evaluated,not_evaluated
It’s okay. I can direct from down here.,1.0909090909090908,0.0329761931868187,77,70,7,0,not_evaluated,not_evaluated
#I told you I was a cold-hearted killer! You shouldn’t have slid into the ring if you didn’t have the head for it !”,1.0909090909090908,0.0348018860676716,88,81,6,1,not_evaluated,not_evaluated
Aren’t you supposed to say ‘Touche!’ now?,1.09,0.0320825954263822,100,92,7,1,not_evaluated,not_evaluated
There you go Ground hog lover!,1.0898876404494382,0.0304899112494367,89,81,8,0,not_evaluated,not_evaluated
Frosty f***ed around  and found out.,1.0898876404494382,0.0344237897813664,89,82,6,1,not_evaluated,not_evaluated
That's the one thing I asked you not to do.,1.0898876404494382,0.0304899112494367,89,81,8,0,not_evaluated,not_evaluated
So you still think you're not passive aggressive? Maybe we should just switch to pickleball.,1.0898876404494382,0.0304899112494367,89,81,8,0,not_evaluated,not_evaluated
"sorry Roc, I feel like I'm missing something today",1.0898876404494382,0.0344237897813664,89,82,6,1,not_evaluated,not_evaluated
Don't worry about it. I got distracted looking out for your fancy footwork.,1.0898876404494382,0.0304899112494367,89,81,8,0,not_evaluated,not_evaluated
And that’s what you call a knock off.,1.0898876404494382,0.0344237897813664,89,82,6,1,not_evaluated,not_evaluated
"Come on Donald,did you lose your Head?",1.0898876404494382,0.0304899112494367,89,81,8,0,not_evaluated,not_evaluated
What will it take for you to believe in climate change?,1.0898876404494382,0.0344237897813664,89,82,6,1,not_evaluated,not_evaluated
I do believe you seemed to have lost your head sir !,1.0898876404494382,0.0304899112494367,89,81,8,0,not_evaluated,not_evaluated
"Sorry ,but it was either me or the sun that was going to do you in.”",1.0898876404494382,0.0304899112494367,89,81,8,0,not_evaluated,not_evaluated
He should've kept a cool head.,1.0898876404494382,0.0304899112494367,89,81,8,0,not_evaluated,not_evaluated
Stick ‘em sticks up,1.0898876404494382,0.0344237897813664,89,82,6,1,not_evaluated,not_evaluated
"It was your left hook,and not global warming.",1.0898876404494382,0.0344237897813664,89,82,6,1,not_evaluated,not_evaluated
You were a result of weather; Carl Weathers you weren't.,1.0898876404494382,0.0304899112494367,89,81,8,0,not_evaluated,not_evaluated
"Snow by blow description: ""Lost his ears to frostbite, doesn't have a leg to stand on. And he thought he was getting ahead!""",1.0898876404494382,0.0304899112494367,89,81,8,0,not_evaluated,not_evaluated
Soggy mittens still  pack a punch.,1.0898876404494382,0.0379520739594674,89,83,4,2,not_evaluated,not_evaluated
It was rigged -- hugely rigged.,1.0897435897435896,0.0325715352272311,78,71,7,0,not_evaluated,not_evaluated
"I was trying to add to my body count, but I suppose a head count increase will do.",1.0897435897435896,0.0325715352272311,78,71,7,0,not_evaluated,not_evaluated
…and they Iron Mike was a dirty fighter.,1.0897435897435896,0.0373350403784312,78,72,5,1,not_evaluated,not_evaluated
"In retrospect, this was inevitable.",1.0897435897435896,0.0325715352272311,78,71,7,0,not_evaluated,not_evaluated
Damn global warming! I used be able to survive in here at least 3 weeks.,1.0897435897435896,0.0325715352272311,78,71,7,0,not_evaluated,not_evaluated
Heads down to the champ!,1.0897435897435896,0.0325715352272311,78,71,7,0,not_evaluated,not_evaluated
Umm.. you're meaner than that famous boxer who bit his opponents ear off Dude,1.0897435897435896,0.0373350403784312,78,72,5,1,not_evaluated,not_evaluated
MURDER,1.0897435897435896,0.0325715352272311,78,71,7,0,not_evaluated,not_evaluated
I'll flip you for it. Heads or tails?,1.0897435897435896,0.0373350403784312,78,72,5,1,not_evaluated,not_evaluated
Calvin strikes again!,1.0897435897435896,0.0373350403784312,78,72,5,1,not_evaluated,not_evaluated
If you would’ve let me finish. Ring… Is the ring really necessary? Not swing.,1.0897435897435896,0.0373350403784312,78,72,5,1,not_evaluated,not_evaluated
That all ya got? My wife hits harder,1.0897435897435896,0.0373350403784312,78,72,5,1,not_evaluated,not_evaluated
I told you Rock ‘Em Sock ‘Em Snowbots wasn’t a good idea!,1.0897435897435896,0.0325715352272311,78,71,7,0,not_evaluated,not_evaluated
hey we said anywhere but the face...,1.0895522388059702,0.0351474459891142,67,61,6,0,not_evaluated,not_evaluated
Aaannd Vargas is down! It’s over before it started! Global Warming’s done it again!,1.0895522388059702,0.0351474459891142,67,61,6,0,not_evaluated,not_evaluated
TKO! Technical Knock-Off!,1.0895522388059702,0.0351474459891142,67,61,6,0,not_evaluated,not_evaluated
Hey! You knocked my block off!,1.0888888888888888,0.0301657694093163,90,82,8,0,not_evaluated,not_evaluated
"Sorry, Lost your head for a stupid hat!
Mary Cay Burke-Hamill
Pittsburgh, Pa.",1.0888888888888888,0.0340538035202145,90,83,6,1,not_evaluated,not_evaluated
Calvin...Calvin...,1.0888888888888888,0.0301657694093163,90,82,8,0,not_evaluated,not_evaluated
Oops … looks like it’s off to the protocol mound for me.,1.0888888888888888,0.0375413029120021,90,84,4,2,not_evaluated,not_evaluated
"I believe you're treating me quite frostily, Frost Ali...",1.0888888888888888,0.0301657694093163,90,82,8,0,not_evaluated,not_evaluated
"Come on givè me your best shot,one more round yeah",1.0888888888888888,0.0340538035202145,90,83,6,1,not_evaluated,not_evaluated
you should see the Snow-Woman there fighting over,1.0888888888888888,0.0340538035202145,90,83,6,1,not_evaluated,not_evaluated
"Take that, you imposter!",1.0888888888888888,0.0340538035202145,90,83,6,1,not_evaluated,not_evaluated
Why don't you pick on someone your own size?,1.0888888888888888,0.0340538035202145,90,83,6,1,not_evaluated,not_evaluated
"When I said ""Hit me with your best shot,"" Frosty,I didn't mean LITERALLY.",1.0888888888888888,0.0340538035202145,90,83,6,1,not_evaluated,not_evaluated
"Hey, at least it’s not my ear.",1.0888888888888888,0.0340538035202145,90,83,6,1,not_evaluated,not_evaluated
That darn global warming. Necks just aren’t holding up the way they used to.,1.0886075949367089,0.0368769166824679,79,73,5,1,not_evaluated,not_evaluated
"I’m calling a foul—I had 
charcoal in my eyes.",1.0886075949367089,0.0321766536355565,79,72,7,0,not_evaluated,not_evaluated
That was an illegal hit!,1.0886075949367089,0.0368769166824679,79,73,5,1,not_evaluated,not_evaluated
"You couldn't even let Michael Buffer finish, ""Let's get ready to rumble""?",1.0886075949367089,0.0321766536355565,79,72,7,0,not_evaluated,not_evaluated
"Go ahead!
Guilt feelings ?",1.0886075949367089,0.0321766536355565,79,72,7,0,not_evaluated,not_evaluated
Lucky punch!,1.0886075949367089,0.0368769166824679,79,73,5,1,not_evaluated,not_evaluated
"When you said you were going to knock my block off, I thought it was just a saying !",1.0886075949367089,0.0321766536355565,79,72,7,0,not_evaluated,not_evaluated
Do you think ice will fix this?,1.0886075949367089,0.0368769166824679,79,73,5,1,not_evaluated,not_evaluated
Shoulda worn my scarf .,1.0886075949367089,0.0368769166824679,79,73,5,1,not_evaluated,not_evaluated
"Not what I pictured when you said, ""snowball fight,"" Ned.",1.0886075949367089,0.0368769166824679,79,73,5,1,not_evaluated,not_evaluated
"Just give me the hat,Carl.",1.0886075949367089,0.0321766536355565,79,72,7,0,not_evaluated,not_evaluated
"Sorry, but you did take my toque.",1.0886075949367089,0.0321766536355565,79,72,7,0,not_evaluated,not_evaluated
"I always did roll after the punches, not with them.",1.0886075949367089,0.0368769166824679,79,73,5,1,not_evaluated,not_evaluated
Monty Python of snow knights,1.0886075949367089,0.0368769166824679,79,73,5,1,not_evaluated,not_evaluated
"I said, How come you never give me head?, not how come you never give me A head.",1.0886075949367089,0.0321766536355565,79,72,7,0,not_evaluated,not_evaluated
Wow! Climate change IS a thing then...,1.0886075949367089,0.0321766536355565,79,72,7,0,not_evaluated,not_evaluated
Someone put that on ice.,1.0886075949367089,0.0321766536355565,79,72,7,0,not_evaluated,not_evaluated
But remember. It's best two out of three.,1.0886075949367089,0.0321766536355565,79,72,7,0,not_evaluated,not_evaluated
This way I can coach myself too.,1.0886075949367089,0.0368769166824679,79,73,5,1,not_evaluated,not_evaluated
Excellent.  Now show me how you work the body.,1.0886075949367089,0.0368769166824679,79,73,5,1,not_evaluated,not_evaluated
Can we just chill?,1.0886075949367089,0.0321766536355565,79,72,7,0,not_evaluated,not_evaluated
Was that too much of a head fake?,1.0886075949367089,0.0368769166824679,79,73,5,1,not_evaluated,not_evaluated
I guess you’re feeling pretty good about those boxing lessons.,1.0886075949367089,0.0368769166824679,79,73,5,1,not_evaluated,not_evaluated
I think it’s the hat.,1.0886075949367089,0.0321766536355565,79,72,7,0,not_evaluated,not_evaluated
do you want to box a snowman?,1.0886075949367089,0.0368769166824679,79,73,5,1,not_evaluated,not_evaluated
This fight was fixed!,1.088235294117647,0.0404935210766684,68,63,4,1,not_evaluated,not_evaluated
Put 'em up... It's just a mere flake wound.,1.088235294117647,0.034651748677552,68,62,6,0,not_evaluated,not_evaluated
I'll need my head iced,1.088235294117647,0.034651748677552,68,62,6,0,not_evaluated,not_evaluated
Knock out or knock off?,1.088235294117647,0.034651748677552,68,62,6,0,not_evaluated,not_evaluated
And frosty wins by a head!,1.088235294117647,0.0404935210766684,68,63,4,1,not_evaluated,not_evaluated
That’s it champ! Now work the body.,1.0879120879120878,0.0298484231318145,91,83,8,0,not_evaluated,not_evaluated
No hitting below the belt.,1.0879120879120878,0.0298484231318145,91,83,8,0,not_evaluated,not_evaluated
"Gee, you really had me frozen there!",1.0879120879120878,0.0298484231318145,91,83,8,0,not_evaluated,not_evaluated
Beware. Headlessness is actually an advantage in boxing!,1.0879120879120878,0.0336916697071558,91,84,6,1,not_evaluated,not_evaluated
"Oh man, knocked out by a wind gust. I never thought this would be how I went down.",1.0879120879120878,0.0298484231318145,91,83,8,0,not_evaluated,not_evaluated
They always tell you to keep your head up but no one told me having a spine would help.,1.0879120879120878,0.0298484231318145,91,83,8,0,not_evaluated,not_evaluated
I thought we said no kicking!,1.0879120879120878,0.0336916697071558,91,84,6,1,not_evaluated,not_evaluated
What's the prop for the next scene...ballet shoes?,1.0879120879120878,0.0336916697071558,91,84,6,1,not_evaluated,not_evaluated
Just because it is cold outside does not mean that you can lose your head.,1.0879120879120878,0.0298484231318145,91,83,8,0,not_evaluated,not_evaluated
Rockem' Sockem' Snowbots needs a union,1.0879120879120878,0.0371393167930742,91,85,4,2,not_evaluated,not_evaluated
Where in the rules does it say you lose the fight if you lose your head?,1.0879120879120878,0.0336916697071558,91,84,6,1,not_evaluated,not_evaluated
... ho ho ho ...,1.0875,0.0364298788901276,80,74,5,1,not_evaluated,not_evaluated
How can I punch you upside the jaw when your jaw is on the ground?,1.0875,0.0317911997217285,80,73,7,0,not_evaluated,not_evaluated
"When I called you Parson Brown, I meant it as a compliment",1.0875,0.0317911997217285,80,73,7,0,not_evaluated,not_evaluated
"I’ll admit it, I’m considering a facelift.",1.0875,0.0405412354541878,80,75,3,2,not_evaluated,not_evaluated
Post Valentine’s Day head. (He does not care-rot about you),1.0875,0.0317911997217285,80,73,7,0,not_evaluated,not_evaluated
I don’t blame you. I blame the rotten kid who rolled me into a palooka.,1.0875,0.0364298788901276,80,74,5,1,not_evaluated,not_evaluated
"all bets are off""",1.0875,0.0317911997217285,80,73,7,0,not_evaluated,not_evaluated
'Snow KO like my KO,1.0875,0.0364298788901276,80,74,5,1,not_evaluated,not_evaluated
"You better be a great body puncher, or I will absolutely knock your block off.",1.0875,0.0364298788901276,80,74,5,1,not_evaluated,not_evaluated
"If you had any balls, I send them through your brain.",1.0875,0.0364298788901276,80,74,5,1,not_evaluated,not_evaluated
"Okay, yes you may have my tuque",1.0875,0.0317911997217285,80,73,7,0,not_evaluated,not_evaluated
Sometimes I feel like I'm just watching it all unplay.,1.0875,0.0317911997217285,80,73,7,0,not_evaluated,not_evaluated
Was that PED’s or did they use oak for your arms?,1.0875,0.0364298788901276,80,74,5,1,not_evaluated,not_evaluated
That’s what happens when I take off the green ribbo,1.0875,0.0364298788901276,80,74,5,1,not_evaluated,not_evaluated
I think this only works if our gloves are made of snow.,1.0875,0.0317911997217285,80,73,7,0,not_evaluated,not_evaluated
Wanna try for Frosty II,1.0875,0.0317911997217285,80,73,7,0,not_evaluated,not_evaluated
Not off to a good start it seems...,1.0875,0.0364298788901276,80,74,5,1,not_evaluated,not_evaluated
« Now try your famous chin hook »,1.0875,0.0364298788901276,80,74,5,1,not_evaluated,not_evaluated
The kids wanted a snowman contest,1.0875,0.0364298788901276,80,74,5,1,not_evaluated,not_evaluated
I was never really happy with my figure anyways...,1.0875,0.0364298788901276,80,74,5,1,not_evaluated,not_evaluated
We agreed not to hit above the hat.,1.0875,0.0364298788901276,80,74,5,1,not_evaluated,not_evaluated
I am about to have a huge meltdown over this argument.,1.087378640776699,0.0311796014326471,103,95,7,1,not_evaluated,not_evaluated
"I can’t with us anymore, Matt. My head is just not in this.",1.0869565217391304,0.0341697933910163,69,63,6,0,not_evaluated,not_evaluated
What kind of sadist gives ME the magic hat?,1.0869565217391304,0.0295376617602938,92,84,8,0,not_evaluated,not_evaluated
"You don't have a hat, but I don't have a scarf!",1.0869565217391304,0.0295376617602938,92,84,8,0,not_evaluated,not_evaluated
So you think your carrot is bigger than mine Donald J.? #mynewyorkercaption,1.0869565217391304,0.0367458371621094,92,86,4,2,not_evaluated,not_evaluated
I found it very helpful to define life’s priorities. Shall we look at yours?,1.0869565217391304,0.0341697933910163,69,63,6,0,not_evaluated,not_evaluated
Another triumph for winner take all democracy.,1.0869565217391304,0.0341697933910163,69,63,6,0,not_evaluated,not_evaluated
I think I snapped a twig knocking your block off.,1.0869565217391304,0.0399228285557309,69,64,4,1,not_evaluated,not_evaluated
Ice Rage 2: The Knockdown,1.0869565217391304,0.0333371415317044,92,85,6,1,not_evaluated,not_evaluated
A knock off is better than a melt down. It never made sense anyway.,1.0869565217391304,0.0341697933910163,69,63,6,0,not_evaluated,not_evaluated
'I'm beginning to think my entire life is a bad mountain dew commercial from the 90s',1.0869565217391304,0.0295376617602938,92,84,8,0,not_evaluated,not_evaluated
There’s not a snowball’s chance in hell you’re going to hit me in the head again.,1.0869565217391304,0.0399228285557309,69,64,4,1,not_evaluated,not_evaluated
White Compliments,1.0869565217391304,0.0295376617602938,92,84,8,0,not_evaluated,not_evaluated
You could have given me a head’s up before we started.,1.0869565217391304,0.0399228285557309,69,64,4,1,not_evaluated,not_evaluated
"No, this is not another example of the daily impact of climate change. Now put your head back on and let's get on with it!",1.0869565217391304,0.0399228285557309,69,64,4,1,not_evaluated,not_evaluated
Wow. Climate change is a real thing.,1.0869565217391304,0.0333371415317044,92,85,6,1,not_evaluated,not_evaluated
"Rock'em, sock'em Snowmen. ""Hey, you knocked my block off!""",1.0869565217391304,0.0333371415317044,92,85,6,1,not_evaluated,not_evaluated
"Thanks, now I'll have cauliflower ear.",1.0865384615384617,0.0308897704253361,104,96,7,1,not_evaluated,not_evaluated
‘Wait a minute…I think that’s Frosty the Snowman!’,1.0865384615384617,0.0277032745274608,104,95,9,0,not_evaluated,not_evaluated
"Fortunately, I’ve got a pretty good cut guy.",1.0864197530864197,0.0314148411111098,81,74,7,0,not_evaluated,not_evaluated
That Calvin has some serious mental problems,1.0864197530864197,0.0314148411111098,81,74,7,0,not_evaluated,not_evaluated
"I'll knock your block of..... Oops!""",1.0864197530864197,0.0359935302150944,81,75,5,1,not_evaluated,not_evaluated
Frosty wasn't the title challenger Mike Iceman expected.,1.0864197530864197,0.0359935302150944,81,75,5,1,not_evaluated,not_evaluated
"Ok, this could make things a little more complicated.",1.0864197530864197,0.0314148411111098,81,74,7,0,not_evaluated,not_evaluated
Happy Birthday,1.0864197530864197,0.0359935302150944,81,75,5,1,not_evaluated,not_evaluated
"My trainer always told me ""Keep your head on a swivel!""",1.0864197530864197,0.0314148411111098,81,74,7,0,not_evaluated,not_evaluated
Where are all the kids when i need a new head?,1.0864197530864197,0.0314148411111098,81,74,7,0,not_evaluated,not_evaluated
"Oh, well, there goes some of me again... But who cares? Put 'em up! PUT 'em UP!",1.0864197530864197,0.0359935302150944,81,75,5,1,not_evaluated,not_evaluated
He must have a ice jaw.,1.0864197530864197,0.0359935302150944,81,75,5,1,not_evaluated,not_evaluated
"First you steal my scarf, and now this?",1.0864197530864197,0.0314148411111098,81,74,7,0,not_evaluated,not_evaluated
That’s not a knock down. It’s a knock off.,1.0864197530864197,0.0314148411111098,81,74,7,0,not_evaluated,not_evaluated
Watch it! You almost took my eye out!,1.0864197530864197,0.0314148411111098,81,74,7,0,not_evaluated,not_evaluated
Is Mattel going to charge us with trademark infringement?,1.0864197530864197,0.0359935302150944,81,75,5,1,not_evaluated,not_evaluated
It pays to stay a head,1.0864197530864197,0.0359935302150944,81,75,5,1,not_evaluated,not_evaluated
At least you didn’t hit me in my snowballs,1.086021505376344,0.0329899823947291,93,86,6,1,not_evaluated,not_evaluated
That's good technique Frosty!  Now help me get my head on right and we'll go again!,1.086021505376344,0.029233283218071,93,85,8,0,not_evaluated,not_evaluated
I guess global warming is settling this agreement for us.,1.086021505376344,0.029233283218071,93,85,8,0,not_evaluated,not_evaluated
I can’t feel my face when I’m with you.,1.086021505376344,0.029233283218071,93,85,8,0,not_evaluated,not_evaluated
"Will there be a lesson on ""taking a punch?""",1.0857142857142856,0.0337010185496908,70,64,6,0,not_evaluated,not_evaluated
It's only a scratch.,1.0857142857142856,0.0337010185496908,70,64,6,0,not_evaluated,not_evaluated
"Not what I meant by, ""Gimme your best punchline.""",1.0857142857142856,0.0337010185496908,70,64,6,0,not_evaluated,not_evaluated
No chance for another concussion let’s do this,1.0857142857142856,0.0393679733569667,70,65,4,1,not_evaluated,not_evaluated
Guess that's a T.K. Snow,1.0857142857142856,0.0393679733569667,70,65,4,1,not_evaluated,not_evaluated
You could have just asked for my scarf.,1.0857142857142856,0.0337010185496908,70,64,6,0,not_evaluated,not_evaluated
"The rock in the glove? Yep, that's where my Abominable handle came from.",1.0857142857142856,0.0337010185496908,70,64,6,0,not_evaluated,not_evaluated
"And that's how you do a fatality, brother are you okay?",1.0857142857142856,0.0337010185496908,70,64,6,0,not_evaluated,not_evaluated
You're only allowed to hit the carrot!,1.0857142857142856,0.0337010185496908,70,64,6,0,not_evaluated,not_evaluated
It's head to head.,1.0857142857142856,0.0337010185496908,70,64,6,0,not_evaluated,not_evaluated
"I dare you, stare into my eyes for just a few seconds.",1.0853658536585369,0.0355674925431075,82,76,5,1,not_evaluated,not_evaluated
"Dont look like that at me Mike, I still can beat you",1.0853658536585369,0.0355674925431075,82,76,5,1,not_evaluated,not_evaluated
"Knock off my top hat...will, ya.",1.0853658536585369,0.0355674925431075,82,76,5,1,not_evaluated,not_evaluated
We need a snowreferee.,1.0853658536585369,0.0355674925431075,82,76,5,1,not_evaluated,not_evaluated
You don't have a chance in hell of finishing me off!,1.0853658536585369,0.0310472608059338,82,75,7,0,not_evaluated,not_evaluated
"No fair! You said if it was heads,I",1.0853658536585369,0.0355674925431075,82,76,5,1,not_evaluated,not_evaluated
"The name is Nikki, Nikki Haley.",1.0853658536585369,0.0355674925431075,82,76,5,1,not_evaluated,not_evaluated
I told you to lose the hat!,1.0853658536585369,0.0310472608059338,82,75,7,0,not_evaluated,not_evaluated
I win by detaching with love.,1.0853658536585369,0.0310472608059338,82,75,7,0,not_evaluated,not_evaluated
"What did little Joey expect us to do, put in this position?",1.0853658536585369,0.0310472608059338,82,75,7,0,not_evaluated,not_evaluated
It's intended as a tableau about the noble art of boxing. That doesn't include knocking my block off when I'm not looking,1.0853658536585369,0.0395747476057187,82,77,3,2,not_evaluated,not_evaluated
Can I try on the hat now?,1.0853658536585369,0.0355674925431075,82,76,5,1,not_evaluated,not_evaluated
That's the last time you call me Frosty.,1.0853658536585369,0.0310472608059338,82,75,7,0,not_evaluated,not_evaluated
You were supposed to knock my block off; not my ball off!,1.0853658536585369,0.0310472608059338,82,75,7,0,not_evaluated,not_evaluated
I don't feel pregnant. Are you sure we're doing this right?,1.0853658536585369,0.0310472608059338,82,75,7,0,not_evaluated,not_evaluated
"Well, you can say goodbye to ""as alive as he could be"".",1.0853658536585369,0.0310472608059338,82,75,7,0,not_evaluated,not_evaluated
Ooops.  I didn't mean to cold-cock you.  May I have your cap?,1.0853658536585369,0.0355674925431075,82,76,5,1,not_evaluated,not_evaluated
It’s a Cold War,1.0853658536585369,0.0355674925431075,82,76,5,1,not_evaluated,not_evaluated
"Dammit Bert, we said we’d play it cool!",1.0853658536585369,0.0395747476057187,82,77,3,2,not_evaluated,not_evaluated
Shiver me timbers,1.0851063829787233,0.0289350935781512,94,86,8,0,not_evaluated,not_evaluated
I TRIED TO WARN YOU LOUIS.....,1.0851063829787233,0.0289350935781512,94,86,8,0,not_evaluated,not_evaluated
"I’ve lost my mind, now your a glass of buster!",1.0851063829787233,0.0289350935781512,94,86,8,0,not_evaluated,not_evaluated
Yah twigged me wit ya bransche mitt boy.! @lastweektonight,1.0851063829787233,0.0289350935781512,94,86,8,0,not_evaluated,not_evaluated
"Oddly, this gives me an scoring advantage.",1.0851063829787233,0.0326499653871415,94,87,6,1,not_evaluated,not_evaluated
So.. you thought you were Joe Louis...,1.0849056603773586,0.0303259457892859,106,98,7,1,not_evaluated,not_evaluated
"You're been watching those MMA videos again, haven't you?""",1.0845070422535212,0.038828306343916,71,66,4,1,not_evaluated,not_evaluated
"I said, ""my block,"" not my head!",1.0845070422535212,0.038828306343916,71,66,4,1,not_evaluated,not_evaluated
Damn you.  I was going to date Taylor Swift.,1.0845070422535212,0.0332448926395538,71,65,6,0,not_evaluated,not_evaluated
In a snowman boxing match there are no winners... except for him.,1.0845070422535212,0.038828306343916,71,66,4,1,not_evaluated,not_evaluated
"They build us inches apart from each other, fists raised, gloves on, and then they call us violent for following through on their premise. I don’t have a name, but I have fists. It’s a cruel god, what gives function but no mercy.",1.0845070422535212,0.0437041400837325,71,67,2,2,not_evaluated,not_evaluated
Its not over until the ice caps melt,1.0845070422535212,0.038828306343916,71,66,4,1,not_evaluated,not_evaluated
"This isn't a global warming thing, is it?",1.0845070422535212,0.0332448926395538,71,65,6,0,not_evaluated,not_evaluated
"This isn’t supposed to be Rock’m Sock’m Robots, you know.",1.0845070422535212,0.0332448926395538,71,65,6,0,not_evaluated,not_evaluated
"Go ahead, give me another left hook to the head",1.0845070422535212,0.0332448926395538,71,65,6,0,not_evaluated,not_evaluated
the judges have ruled this heavyweight bout a snow-contest.,1.0845070422535212,0.038828306343916,71,66,4,1,not_evaluated,not_evaluated
My parents trying to explain what “rock-em sock-em robots” are,1.0845070422535212,0.0332448926395538,71,65,6,0,not_evaluated,not_evaluated
She told me my head wasn’t screwed on right just before she left me. I’m starting to think she had a point.,1.0845070422535212,0.038828306343916,71,66,4,1,not_evaluated,not_evaluated
Global warming would have the last word here.,1.0843373493975903,0.0306881563104382,83,76,7,0,not_evaluated,not_evaluated
"Count your blessings. If the girls had made us, they'd have given us hot tea.",1.0843373493975903,0.0306881563104382,83,76,7,0,not_evaluated,not_evaluated
Where's my Elsa,1.0843373493975903,0.0306881563104382,83,76,7,0,not_evaluated,not_evaluated
oooh. don't know my own strength,1.0843373493975903,0.0306881563104382,83,76,7,0,not_evaluated,not_evaluated
I didn't hear Noel,1.0843373493975903,0.0306881563104382,83,76,7,0,not_evaluated,not_evaluated
That was above the scarf.,1.0843373493975903,0.0306881563104382,83,76,7,0,not_evaluated,not_evaluated
You sure can pack a punch.,1.0843373493975903,0.0306881563104382,83,76,7,0,not_evaluated,not_evaluated
"Come on, McChillington, get your head back in the game. This is no time for Black Knight humor.",1.0843373493975903,0.0351514053489222,83,77,5,1,not_evaluated,not_evaluated
Let’s spar some more when I’m done icing my head.,1.0843373493975903,0.0306881563104382,83,76,7,0,not_evaluated,not_evaluated
"you know it’s kinda nice laying here with the cold against the back of my neck. The cloudy sky embracing this frigid winter day. Later i’ll be able to enjoy the stars and all their glory.
 Uggh who  am i kidding where’s Frosty when you need him.",1.0843373493975903,0.0351514053489222,83,77,5,1,not_evaluated,not_evaluated
Another round of Mixed Melted Arts?,1.0843373493975903,0.0306881563104382,83,76,7,0,not_evaluated,not_evaluated
"Well if you are taking of your head, I’ll take mine off as well”",1.0843373493975903,0.0351514053489222,83,77,5,1,not_evaluated,not_evaluated
I told you hot yoga would be better for stress relief. Now who looks like the idiot?,1.0843373493975903,0.0306881563104382,83,76,7,0,not_evaluated,not_evaluated
"'No honey, you didn't hit me, I'm just melting.""",1.0843373493975903,0.0306881563104382,83,76,7,0,not_evaluated,not_evaluated
What does it matter. It’s almost spring anyway.,1.0843373493975903,0.0306881563104382,83,76,7,0,not_evaluated,not_evaluated
You heard of  the headless horseman.....I am his brother.,1.0843373493975903,0.0306881563104382,83,76,7,0,not_evaluated,not_evaluated
Won't be a fair fight,1.0843373493975903,0.0306881563104382,83,76,7,0,not_evaluated,not_evaluated
I forgot to tell you that I have a frosted glass jaw,1.0843373493975903,0.0351514053489222,83,77,5,1,not_evaluated,not_evaluated
‘At least you only rolled me’,1.0843373493975903,0.0351514053489222,83,77,5,1,not_evaluated,not_evaluated
"Sugar Ray, you never knocked me down…heads don’t count.",1.0842105263157895,0.0286429066584513,95,87,8,0,not_evaluated,not_evaluated
"From now on,no punches below the belt!",1.0842105263157895,0.0323168728001061,95,88,6,1,not_evaluated,not_evaluated
"I invented the ZEN of FIGHT, so, unassuming carrot nose, this battle is about to end!",1.0842105263157895,0.0286429066584513,95,87,8,0,not_evaluated,not_evaluated
What do you mean there's no rule against it?,1.0842105263157895,0.0356138236266723,95,89,4,2,not_evaluated,not_evaluated
No fair ! Now all I can use are body shots .,1.0842105263157895,0.0286429066584513,95,87,8,0,not_evaluated,not_evaluated
We said no hitting above the belt either!,1.0842105263157895,0.0323168728001061,95,88,6,1,not_evaluated,not_evaluated
I told him I was going to do that...but did he believe me???,1.0833333333333333,0.0347449246876021,84,78,5,1,not_evaluated,not_evaluated
"I REALLY WANTED THE CAP, BUT  THE SCARF SEEMS TO BE THE WINNER",1.0833333333333333,0.0303372388147352,84,77,7,0,not_evaluated,not_evaluated
You felt like a winner when you saw me fall,1.0833333333333333,0.0328009122358735,72,66,6,0,not_evaluated,not_evaluated
"Cut me, Mick, cut me!",1.0833333333333333,0.0303372388147352,84,77,7,0,not_evaluated,not_evaluated
"Well, I guess it's just mano y mano from now on.",1.0833333333333333,0.0303372388147352,84,77,7,0,not_evaluated,not_evaluated
"I may not be able to beat you, but climate change will.",1.0833333333333333,0.0303372388147352,84,77,7,0,not_evaluated,not_evaluated
I need to fire my trainer,1.0833333333333333,0.0347449246876021,84,78,5,1,not_evaluated,not_evaluated
Seriously. Calvin can suck it.,1.0833333333333333,0.0303372388147352,84,77,7,0,not_evaluated,not_evaluated
"Yes, I know. Sometimes my thoughts get in the way of my boxing, too.",1.0833333333333333,0.0383032133147434,72,67,4,1,not_evaluated,not_evaluated
Don't worry. It'll roll back,1.0833333333333333,0.0328009122358735,72,66,6,0,not_evaluated,not_evaluated
Let them eat ice cream cake.,1.0833333333333333,0.0319904956645797,96,89,6,1,not_evaluated,not_evaluated
"Okay, now switch bodies.",1.0833333333333333,0.0303372388147352,84,77,7,0,not_evaluated,not_evaluated
Are you really going to let me lie here until springtime?,1.0833333333333333,0.0328009122358735,72,66,6,0,not_evaluated,not_evaluated
I hope this doesn’t leave any ugly scars.,1.0833333333333333,0.0347449246876021,84,78,5,1,not_evaluated,not_evaluated
You'll get yours when Spring comes around.,1.0833333333333333,0.0347449246876021,84,78,5,1,not_evaluated,not_evaluated
"When I said you were a snowflake, I meant it as a compliment.",1.0833333333333333,0.0328009122358735,72,66,6,0,not_evaluated,not_evaluated
"Now, I feel grounded.",1.0833333333333333,0.0347449246876021,84,78,5,1,not_evaluated,not_evaluated
"Well, I couldn’t bite your ear off, could I?",1.0833333333333333,0.0383032133147434,72,67,4,1,not_evaluated,not_evaluated
"You said you'd knock my head off, and you did, but you need to count to ten and your brain is too frozen to do it.",1.0833333333333333,0.0303372388147352,84,77,7,0,not_evaluated,not_evaluated
Those pink things in Labyrinth made this look a lot more fun.,1.0833333333333333,0.0319904956645797,96,89,6,1,not_evaluated,not_evaluated
"It was at that moment that Steve realized the scarf was essential safety gear, and that perhaps the kids on his block didn’t care for him as much as they did for Frosty.",1.0833333333333333,0.0383032133147434,72,67,4,1,not_evaluated,not_evaluated
I think out-of-body experiences are overrated.,1.0833333333333333,0.0347449246876021,84,78,5,1,not_evaluated,not_evaluated
I’ll miss Carl Weathers,1.0833333333333333,0.0383032133147434,72,67,4,1,not_evaluated,not_evaluated
I know you didn't mean it...don't worry...we're both going to melt together.,1.0833333333333333,0.0383032133147434,72,67,4,1,not_evaluated,not_evaluated
Maybe a punch below the belt would have been better.,1.0833333333333333,0.0328009122358735,72,66,6,0,not_evaluated,not_evaluated
Knocked their head off cold with a left hook!,1.0833333333333333,0.0383032133147434,72,67,4,1,not_evaluated,not_evaluated
"Please, I just need a good warm-up first.",1.0833333333333333,0.0347449246876021,84,78,5,1,not_evaluated,not_evaluated
I said we’d go until round 10,1.0833333333333333,0.0328009122358735,72,66,6,0,not_evaluated,not_evaluated
I said put up your dukes not dissociate.,1.0833333333333333,0.0328009122358735,72,66,6,0,not_evaluated,not_evaluated
I didn't lose. My brain is just down to earth.,1.0833333333333333,0.0347449246876021,84,78,5,1,not_evaluated,not_evaluated
"Float like a snowman, sting like the breeze. I am the greatest, the Jolly Frosty",1.0833333333333333,0.0383032133147434,72,67,4,1,not_evaluated,not_evaluated
"When I said knock it off, I meant your “new boxing stance.” You have no legs, and now I have no head. Great.",1.0824742268041236,0.0316706333181559,97,90,6,1,not_evaluated,not_evaluated
If I got to wear the scarf maybe I wouldn't have lost my head over it.,1.0824742268041236,0.0316706333181559,97,90,6,1,not_evaluated,not_evaluated
Don't you ever say I'm old again!,1.0824742268041236,0.0280758327119728,97,89,8,0,not_evaluated,not_evaluated
How could saying ‘Fight like hell’ possibly make you do this to me?,1.0824742268041236,0.0280758327119728,97,89,8,0,not_evaluated,not_evaluated
To win you’ll have to work the body.,1.0823529411764703,0.034347722254273,85,79,5,1,not_evaluated,not_evaluated
"Take off the gloves, then we’ll see what you can do.",1.0823529411764703,0.0299942324328987,85,78,7,0,not_evaluated,not_evaluated
How many times have I told you not to lead with your head?,1.0823529411764703,0.034347722254273,85,79,5,1,not_evaluated,not_evaluated
Chill. You're supposed to be inanimate.,1.0823529411764703,0.0299942324328987,85,78,7,0,not_evaluated,not_evaluated
That's a THO: Take Head Off,1.0823529411764703,0.0299942324328987,85,78,7,0,not_evaluated,not_evaluated
"Maybe, ""C'mon champ hit me in the face!"", wasn't the best choice of quotes.........",1.0823529411764703,0.0299942324328987,85,78,7,0,not_evaluated,not_evaluated
"Touché, Mr. Thurber!",1.0823529411764703,0.038208350774073,85,80,3,2,not_evaluated,not_evaluated
I thought we were doing Monty Python,1.0823529411764703,0.034347722254273,85,79,5,1,not_evaluated,not_evaluated
The Legend of the Headless Snowman (A Sequel),1.0823529411764703,0.034347722254273,85,79,5,1,not_evaluated,not_evaluated
"Sorry, mate!",1.0823529411764703,0.0299942324328987,85,78,7,0,not_evaluated,not_evaluated
Last year it wasn’t that easy,1.0823529411764703,0.0299942324328987,85,78,7,0,not_evaluated,not_evaluated
"- Win by TKO, Technical Knock Off",1.0823529411764703,0.0299942324328987,85,78,7,0,not_evaluated,not_evaluated
This will bruise if I don't ice it.,1.0823529411764703,0.034347722254273,85,79,5,1,not_evaluated,not_evaluated
"I think we will win the Ironic Snowman Competition,",1.0823529411764703,0.034347722254273,85,79,5,1,not_evaluated,not_evaluated
Knocking my block off is a euphemism Clyde not to be taken literally contest,1.0823529411764703,0.034347722254273,85,79,5,1,not_evaluated,not_evaluated
Could you give me  a heads up before you punch me again?,1.082191780821918,0.0323686001798123,73,67,6,0,not_evaluated,not_evaluated
"This snowstorm is a knockout. Literally!
Maddy sc",1.082191780821918,0.0323686001798123,73,67,6,0,not_evaluated,not_evaluated
"Well folks, it appears that Frosty will do anything to make weight by fight time!",1.082191780821918,0.0377921126877781,73,68,4,1,not_evaluated,not_evaluated
And I thought you were the one who looked decapitated.,1.082191780821918,0.0323686001798123,73,67,6,0,not_evaluated,not_evaluated
"When they said 'chill out,' this isn't what we had in mind...",1.082191780821918,0.0323686001798123,73,67,6,0,not_evaluated,not_evaluated
Put the rest of me on a horse.,1.082191780821918,0.0377921126877781,73,68,4,1,not_evaluated,not_evaluated
Snowball fights look so much more fun on TV,1.082191780821918,0.0377921126877781,73,68,4,1,not_evaluated,not_evaluated
"Yeah, but I'm ahead on points.",1.082191780821918,0.0425295342698564,73,69,2,2,not_evaluated,not_evaluated
"MERELY A FLESH WOUND, get down here and I’ll take your scarf too!",1.082191780821918,0.0323686001798123,73,67,6,0,not_evaluated,not_evaluated
An illegal snowblow.,1.082191780821918,0.0323686001798123,73,67,6,0,not_evaluated,not_evaluated
"Now put your head on my body, or I will clear you like a driveway !",1.082191780821918,0.0323686001798123,73,67,6,0,not_evaluated,not_evaluated
"Snow boxing, as I've told you time and again, does not allow upper cuts!",1.082191780821918,0.0323686001798123,73,67,6,0,not_evaluated,not_evaluated
That was “heads up”.,1.082191780821918,0.0323686001798123,73,67,6,0,not_evaluated,not_evaluated
No Hall of Fame for you Frosty!,1.0819672131147542,0.0354138835978571,61,56,5,0,not_evaluated,not_evaluated
I said below the belt was fine,1.0816326530612246,0.027800608725704,98,90,8,0,not_evaluated,not_evaluated
I had no idea that you had such long arms,1.0813953488372092,0.029658873491137,86,79,7,0,not_evaluated,not_evaluated
This ain't no Rockem Sockem Robots Billy!,1.0813953488372092,0.029658873491137,86,79,7,0,not_evaluated,not_evaluated
He knocked his block off!,1.0813953488372092,0.0339594845069942,86,80,5,1,not_evaluated,not_evaluated
You always come to life on Boxing Day.,1.0813953488372092,0.029658873491137,86,79,7,0,not_evaluated,not_evaluated
The only rule is - no hitting below the belt.,1.0813953488372092,0.029658873491137,86,79,7,0,not_evaluated,not_evaluated
Hit me before my head froze!!,1.0813953488372092,0.029658873491137,86,79,7,0,not_evaluated,not_evaluated
Froze up once again.,1.0813953488372092,0.029658873491137,86,79,7,0,not_evaluated,not_evaluated
Rocky meets the French Revolution.,1.0813953488372092,0.029658873491137,86,79,7,0,not_evaluated,not_evaluated
Wait WAIT wait…,1.0813953488372092,0.0339594845069942,86,80,5,1,not_evaluated,not_evaluated
Caution: What happens if you neglect mindfulness.,1.0810810810810811,0.0319475038945644,74,68,6,0,not_evaluated,not_evaluated
Who would have thawed?,1.0810810810810811,0.0319475038945644,74,68,6,0,not_evaluated,not_evaluated
Don’t worry—I’m frozen numb so it doesn’t hurt,1.0810810810810811,0.0319475038945644,74,68,6,0,not_evaluated,not_evaluated
My coach did warn me to get my head on straight before the match.,1.0810810810810811,0.0319475038945644,74,68,6,0,not_evaluated,not_evaluated
I should have picked scarf over hat...,1.0810810810810811,0.0319475038945644,74,68,6,0,not_evaluated,not_evaluated
We live for the laughter of 8-year-olds.,1.0810810810810811,0.0319475038945644,74,68,6,0,not_evaluated,not_evaluated
"Every society has its monsters. For us, it’s Timmy and his ‘Olympic Accidents’.",1.0810810810810811,0.0319475038945644,74,68,6,0,not_evaluated,not_evaluated
"Oh, Charley - I coulda been a dockworker!",1.0810810810810811,0.0319475038945644,74,68,6,0,not_evaluated,not_evaluated
I thought you said on the count of THREE'!,1.0810810810810811,0.0372944533682796,74,69,4,1,not_evaluated,not_evaluated
This Ivan Drago kid sure has a weird sense of humor.,1.0810810810810811,0.0319475038945644,74,68,6,0,not_evaluated,not_evaluated
I said NO Rock-Em Sock-Em Snowmen!,1.0810810810810811,0.0319475038945644,74,68,6,0,not_evaluated,not_evaluated
tactical defence”,1.0810810810810811,0.0319475038945644,74,68,6,0,not_evaluated,not_evaluated
"Sorry, man, my head isn’t in it.",1.0810810810810811,0.0319475038945644,74,68,6,0,not_evaluated,not_evaluated
"Nope, you missed! I just moved my head to fast.",1.0804597701149423,0.0335799118478696,87,81,5,1,not_evaluated,not_evaluated
Keep your RIGHT up and your CHIN down!,1.0804597701149423,0.0293309098622725,87,80,7,0,not_evaluated,not_evaluated
Good thing I'm not wearing socks.,1.0804597701149423,0.0373486102294667,87,82,3,2,not_evaluated,not_evaluated
"It's okay, you'd be surprised how often this happens.",1.0804597701149423,0.0293309098622725,87,80,7,0,not_evaluated,not_evaluated
Losing your mind is no defense,1.0804597701149423,0.0293309098622725,87,80,7,0,not_evaluated,not_evaluated
You know you missed me! Since global warming began it’s just a matter of whose head slides off first!,1.0804597701149423,0.0373486102294667,87,82,3,2,not_evaluated,not_evaluated
Just beating global warming to the punch.,1.0804597701149423,0.0293309098622725,87,80,7,0,not_evaluated,not_evaluated
Calvin’s yard?,1.0804597701149423,0.0335799118478696,87,81,5,1,not_evaluated,not_evaluated
ISIS the Snowman was not a jolly happy soul....,1.0804597701149423,0.0335799118478696,87,81,5,1,not_evaluated,not_evaluated
"Well, I did say that the joke would knock your socks off.”
“Yeah, but I didn’t think my head would take the hit since I don’t have feet!",1.0804597701149423,0.0293309098622725,87,80,7,0,not_evaluated,not_evaluated
I know Phil predicted an early spring but I don’t feel right winning like this,1.0804597701149423,0.0293309098622725,87,80,7,0,not_evaluated,not_evaluated
I'll just wait until you melt.,1.08,0.0315371938287887,75,69,6,0,not_evaluated,not_evaluated
"Well done. Didn't see the left-handed 'thumpity' coming.  Now finish me with the 'thump thump'""",1.08,0.0368097127801203,75,70,4,1,not_evaluated,not_evaluated
"Wow, you're really bringing the heat today!",1.08,0.0315371938287887,75,69,6,0,not_evaluated,not_evaluated
The referee will call a technical knockout if you don’t stand up by St. Patrick’s Day,1.08,0.0368097127801203,75,70,4,1,not_evaluated,not_evaluated
I told that I would blow your head out,1.08,0.0368097127801203,75,70,4,1,not_evaluated,not_evaluated
"Heyyyyy, you hit me after the jingle bell.",1.08,0.0368097127801203,75,70,4,1,not_evaluated,not_evaluated
I'd always thought fighting is a fairly mindless activity.,1.08,0.0368097127801203,75,70,4,1,not_evaluated,not_evaluated
"Great , now happy ?",1.08,0.0315371938287887,75,69,6,0,not_evaluated,not_evaluated
I do believe my block has been knocked off,1.08,0.0307482445914322,100,93,6,1,not_evaluated,not_evaluated
Now you don't stand a snowball's chance in hell.,1.08,0.0315371938287887,75,69,6,0,not_evaluated,not_evaluated
I’m head and shoulders above you!,1.08,0.0315371938287887,75,69,6,0,not_evaluated,not_evaluated
Remember Rock ‘em Sock ‘em Snowbots?,1.08,0.0315371938287887,75,69,6,0,not_evaluated,not_evaluated
"Why did you do that?
The life are going to be upset when they come back.",1.08,0.0315371938287887,75,69,6,0,not_evaluated,not_evaluated
"Yeah, if it wasn't for climate change, I coulda been a contender",1.08,0.0315371938287887,75,69,6,0,not_evaluated,not_evaluated
Oh boy . . . Calvin's gonna be pissed.  Or Bill. Or both!,1.08,0.0315371938287887,75,69,6,0,not_evaluated,not_evaluated
"Gee, I meant to knock your block off, not your ball.",1.0795454545454546,0.036933074088444,88,83,3,2,not_evaluated,not_evaluated
"Use the force, Luke!",1.0795454545454546,0.0332087178579478,88,82,5,1,not_evaluated,not_evaluated
Jeez that didn't last long,1.0795454545454546,0.036933074088444,88,83,3,2,not_evaluated,not_evaluated
Can we get a climate scientist on the judge's panel?,1.0795454545454546,0.0290101003430714,88,81,7,0,not_evaluated,not_evaluated
How are you going to keep your head in the match if you can’t during practice?,1.0795454545454546,0.0290101003430714,88,81,7,0,not_evaluated,not_evaluated
Is your corner guy done with his chores yet?,1.0795454545454546,0.0290101003430714,88,81,7,0,not_evaluated,not_evaluated
I JUST got over a head cold.,1.0795454545454546,0.0290101003430714,88,81,7,0,not_evaluated,not_evaluated
That's for criticizing my haircut.,1.0795454545454546,0.0290101003430714,88,81,7,0,not_evaluated,not_evaluated
An d you thought Rocky versus Frosty was a good idea?,1.0795454545454546,0.0332087178579478,88,82,5,1,not_evaluated,not_evaluated
Democrats vs. Republicans.....,1.0795454545454546,0.0290101003430714,88,81,7,0,not_evaluated,not_evaluated
Look what Snow-Anna has done to our friendship!,1.0795454545454546,0.0332087178579478,88,82,5,1,not_evaluated,not_evaluated
"The Rumble in the Jungle has nothing on the slaying in the snow""!",1.0795454545454546,0.0332087178579478,88,82,5,1,not_evaluated,not_evaluated
Do you want to kill a snowman?,1.0793650793650793,0.0343291147810788,63,58,5,0,not_evaluated,not_evaluated
"Up ahead in the distance
I saw a shimmering light
My head grew heavy and my sight grew dim
I had to stop for the fight",1.0793650793650793,0.0411159444954116,63,59,3,1,not_evaluated,not_evaluated
You're in bombable.,1.0792079207920793,0.027006300390071,101,93,8,0,not_evaluated,not_evaluated
Unbutton my rocks so I can put my new belt on.,1.0792079207920793,0.0304525871271875,101,94,6,1,not_evaluated,not_evaluated
That's hitting below the melt!,1.0789473684210529,0.0311372620163137,76,70,6,0,not_evaluated,not_evaluated
free Palestine,1.0789473684210529,0.0363373950477333,76,71,4,1,not_evaluated,not_evaluated
"Wait
Wait
I can lose the hat",1.0789473684210529,0.0311372620163137,76,70,6,0,not_evaluated,not_evaluated
"As long as I'm standing, you haven't won anything.",1.0789473684210529,0.0311372620163137,76,70,6,0,not_evaluated,not_evaluated
I don't have remote control.,1.0789473684210529,0.0311372620163137,76,70,6,0,not_evaluated,not_evaluated
I thought we were going head to head.,1.0789473684210529,0.0363373950477333,76,71,4,1,not_evaluated,not_evaluated
Stop messing around and get your head together!,1.0789473684210529,0.0311372620163137,76,70,6,0,not_evaluated,not_evaluated
I'm not putting it back again. You lost and need to learn humility.,1.0789473684210529,0.0363373950477333,76,71,4,1,not_evaluated,not_evaluated
This ain't Halloween! You don't get points for being the headless snowman.,1.0789473684210529,0.0311372620163137,76,70,6,0,not_evaluated,not_evaluated
That’s not exactly what I meant when I told you cooler heads prevail”,1.0789473684210529,0.0311372620163137,76,70,6,0,not_evaluated,not_evaluated
"A touch, a touch; I do confess't.",1.0789473684210529,0.0311372620163137,76,70,6,0,not_evaluated,not_evaluated
Oops!  I think I knocked him cooold!,1.0789473684210529,0.0363373950477333,76,71,4,1,not_evaluated,not_evaluated
"' 1, 2 , 3 go'",1.0789473684210529,0.0311372620163137,76,70,6,0,not_evaluated,not_evaluated
"Well, I said I'd knock his block off. What'd he expect?",1.0786516853932584,0.0286962140712566,89,82,7,0,not_evaluated,not_evaluated
"Well, you really sticked it to me.",1.0786516853932584,0.0328456285818458,89,83,5,1,not_evaluated,not_evaluated
If you can keep your head when all about you.,1.0786516853932584,0.0365266742511516,89,84,3,2,not_evaluated,not_evaluated
"Well, look at it this way............!",1.0786516853932584,0.0286962140712566,89,82,7,0,not_evaluated,not_evaluated
Snowfall.,1.0786516853932584,0.0286962140712566,89,82,7,0,not_evaluated,not_evaluated
Mr Preaident lost his head again,1.0786516853932584,0.0328456285818458,89,83,5,1,not_evaluated,not_evaluated
Sorry! I was aiming at the hat!,1.0786516853932584,0.0328456285818458,89,83,5,1,not_evaluated,not_evaluated
Is it a knock-down if only my head hit the ground?,1.0786516853932584,0.0286962140712566,89,82,7,0,not_evaluated,not_evaluated
"Jolly good shot, mate.",1.0786516853932584,0.0286962140712566,89,82,7,0,not_evaluated,not_evaluated
..... where did you have the head to give me one like that....,1.0786516853932584,0.0328456285818458,89,83,5,1,not_evaluated,not_evaluated
Nice left hook you have there.,1.0786516853932584,0.0286962140712566,89,82,7,0,not_evaluated,not_evaluated
REALLY ..I'd have give you the hat,1.0786516853932584,0.0286962140712566,89,82,7,0,not_evaluated,not_evaluated
"You asked for it, Ernest Snowingway..",1.078125,0.0338112135937552,64,59,5,0,not_evaluated,not_evaluated
It’s fuckin cold down here,1.078125,0.0404874043464666,64,60,3,1,not_evaluated,not_evaluated
"Remember, no hitting below the neck.",1.077922077922078,0.030747320742153,77,71,6,0,not_evaluated,not_evaluated
Frosty's Aaron Burr moment.,1.077922077922078,0.0358770293151352,77,72,4,1,not_evaluated,not_evaluated
Apparently Bob forgot to weave…,1.077922077922078,0.030747320742153,77,71,6,0,not_evaluated,not_evaluated
Meltdown.,1.077922077922078,0.030747320742153,77,71,6,0,not_evaluated,not_evaluated
"Whoops, that was not very ICE!",1.077922077922078,0.0358770293151352,77,72,4,1,not_evaluated,not_evaluated
I told you to protect your head!,1.077922077922078,0.030747320742153,77,71,6,0,not_evaluated,not_evaluated
No reason to get disfigured before spring.,1.077922077922078,0.0358770293151352,77,72,4,1,not_evaluated,not_evaluated
"Did you have to throw that punch so early?' 'You caused the ratings to spiral down!' "". Tracy Brown, San Rafael, C",1.077922077922078,0.030747320742153,77,71,6,0,not_evaluated,not_evaluated
"Desperate, Ferd resorted to the snowman's version of rope a dope.",1.077922077922078,0.0358770293151352,77,72,4,1,not_evaluated,not_evaluated
You know the rules: no punching above the belt.,1.077922077922078,0.030747320742153,77,71,6,0,not_evaluated,not_evaluated
Getting your head punched off is actually good luck.,1.077922077922078,0.030747320742153,77,71,6,0,not_evaluated,not_evaluated
you are loosing your head over global warning...,1.0777777777777775,0.0283890299792981,90,83,7,0,not_evaluated,not_evaluated
Did you see that kid's nervous face when he secretly moved my head here?,1.0777777777777775,0.0283890299792981,90,83,7,0,not_evaluated,not_evaluated
"Anything's better than taxes.""",1.0777777777777775,0.0283890299792981,90,83,7,0,not_evaluated,not_evaluated
We put up a good fight to make the Holidays last longer,1.0777777777777775,0.0283890299792981,90,83,7,0,not_evaluated,not_evaluated
I guess he’s not coming back someday,1.0777777777777775,0.0283890299792981,90,83,7,0,not_evaluated,not_evaluated
"No, as long as I’m still standing that doesn’t count as a knockout.",1.077669902912621,0.0298779814038339,103,96,6,1,not_evaluated,not_evaluated
Best two snowfalls out of three?,1.0769230769230769,0.0303670013058355,78,72,6,0,not_evaluated,not_evaluated
Mama said knock you out...and I did.,1.0769230769230769,0.0303670013058355,78,72,6,0,not_evaluated,not_evaluated
"What are you gonna do melt on me?"" 
""I'm invincible"".  
""You're a looney. ""
""Alright we'll call it a draw.",1.0769230769230769,0.0398516678987126,78,74,2,2,not_evaluated,not_evaluated
"I said let's throw hands, not heads!",1.0769230769230769,0.0303670013058355,78,72,6,0,not_evaluated,not_evaluated
come on it's just a flesh wound,1.0769230769230769,0.0303670013058355,78,72,6,0,not_evaluated,not_evaluated
"Ay, ay, a melt, a melt.",1.0769230769230769,0.0303670013058355,78,72,6,0,not_evaluated,not_evaluated
I told you we should focus on our footwork drills.,1.0769230769230769,0.0303670013058355,78,72,6,0,not_evaluated,not_evaluated
I checked the rule book and this stance is totally legal.,1.0769230769230769,0.032142726693744,91,85,5,1,not_evaluated,not_evaluated
Snowman Showdown: A Frosty Fight Gone Wrong,1.0769230769230769,0.0303670013058355,78,72,6,0,not_evaluated,not_evaluated
Unfair! You created less of a target for me.,1.0769230769230769,0.032142726693744,91,85,5,1,not_evaluated,not_evaluated
This hat was supposed to protect me from snow people with ugly scarves!,1.0769230769230769,0.0303670013058355,78,72,6,0,not_evaluated,not_evaluated
Must have been made by the Wilson kid,1.0769230769230769,0.0280883362823162,91,84,7,0,not_evaluated,not_evaluated
Ouch! You’re gonna need some ice for that.,1.0769230769230769,0.0354281681901414,78,73,4,1,not_evaluated,not_evaluated
TKO by climate change…,1.0769230769230769,0.0398516678987126,78,74,2,2,not_evaluated,not_evaluated
No fair.  You got the scarf and I didn't.,1.0769230769230769,0.0303670013058355,78,72,6,0,not_evaluated,not_evaluated
"Looking back, I literally lost my head before the fight”",1.0769230769230769,0.0303670013058355,78,72,6,0,not_evaluated,not_evaluated
That’s not what I meant by ‘hats off to you.’,1.0769230769230769,0.0280883362823162,91,84,7,0,not_evaluated,not_evaluated
You fooled me completely with the roundhouse kick.,1.0769230769230769,0.0303670013058355,78,72,6,0,not_evaluated,not_evaluated
I can't wait to show you my ducking and weaving!,1.0769230769230769,0.0354281681901414,78,73,4,1,not_evaluated,not_evaluated
That's a TKO if I've ever seen one.,1.0769230769230769,0.032142726693744,91,85,5,1,not_evaluated,not_evaluated
"Do me a favor and keep your dog at a safe distance from me, o.k.?",1.0769230769230769,0.0303670013058355,78,72,6,0,not_evaluated,not_evaluated
Now what? How in heck am I supposed to knock you out?,1.0769230769230769,0.0303670013058355,78,72,6,0,not_evaluated,not_evaluated
Shut up. I'm ahead of you without it!,1.0769230769230769,0.0280883362823162,91,84,7,0,not_evaluated,not_evaluated
"Sorry, thought we were playing “Rock em sock em”.",1.0769230769230769,0.0354281681901414,78,73,4,1,not_evaluated,not_evaluated
"OK Dahmer, how ya goin' to put it in the freezer?",1.0769230769230769,0.0303670013058355,78,72,6,0,not_evaluated,not_evaluated
"Nooooo... I said ""Lunch?"" not ""Punch?""",1.0769230769230769,0.0303670013058355,78,72,6,0,not_evaluated,not_evaluated
It's cold on the ground.,1.0769230769230769,0.0398516678987126,78,74,2,2,not_evaluated,not_evaluated
"You didn't get me down, Ray.",1.0769230769230769,0.0354281681901414,78,73,4,1,not_evaluated,not_evaluated
O.K. Put up your dukes and fight like a man!,1.0769230769230769,0.0280883362823162,91,84,7,0,not_evaluated,not_evaluated
What’s it gonna take for me to get a head?,1.0769230769230769,0.0303670013058355,78,72,6,0,not_evaluated,not_evaluated
Gotta quit leading with your chin.,1.0769230769230769,0.0280883362823162,91,84,7,0,not_evaluated,not_evaluated
You're so stubborn.,1.0769230769230769,0.0333086693763245,65,60,5,0,not_evaluated,not_evaluated
I’m not sure if ‘the headless snowman’ has the same ring to it though.,1.0769230769230769,0.0398516678987126,78,74,2,2,not_evaluated,not_evaluated
Your punch flu me away 🤧,1.0769230769230769,0.0398777718333225,65,61,3,1,not_evaluated,not_evaluated
And that’s for taking my hat!  #snowKO,1.0769230769230769,0.0303670013058355,78,72,6,0,not_evaluated,not_evaluated
Stupid temper. Now I’ll never get my hat back.,1.0769230769230769,0.0303670013058355,78,72,6,0,not_evaluated,not_evaluated
Looks like Frosty's having a meltdown!,1.0769230769230769,0.0398777718333225,65,61,3,1,not_evaluated,not_evaluated
You took my head. You left my heart.,1.0769230769230769,0.032142726693744,91,85,5,1,not_evaluated,not_evaluated
It doesn't coun,1.076086956521739,0.02779392999765,92,85,7,0,not_evaluated,not_evaluated
"Oops, sorry.",1.076086956521739,0.02779392999765,92,85,7,0,not_evaluated,not_evaluated
"Hey, what's under that scarf?",1.076086956521739,0.0318024226742812,92,86,5,1,not_evaluated,not_evaluated
I haven't felt the same since Calvin left.,1.076086956521739,0.02779392999765,92,85,7,0,not_evaluated,not_evaluated
Down Goes Frosty!,1.0759493670886076,0.0299959528739033,79,73,6,0,not_evaluated,not_evaluated
Owning your own shadow,1.0759493670886076,0.0349903863030481,79,74,4,1,not_evaluated,not_evaluated
"It’s so annoying, every weekend, a different pose.",1.0759493670886076,0.0299959528739033,79,73,6,0,not_evaluated,not_evaluated
"I'm sorry, it's true, the ice caps are melting and Elon Musk is not a genius.",1.0759493670886076,0.0349903863030481,79,74,4,1,not_evaluated,not_evaluated
"OK, that gives you enough points to put you a-head.",1.0759493670886076,0.0299959528739033,79,73,6,0,not_evaluated,not_evaluated
"You might believe you won the fight, but will it really matter once we melt?",1.0759493670886076,0.0349903863030481,79,74,4,1,not_evaluated,not_evaluated
"I get ahead of my self sometimes, sorry.",1.0759493670886076,0.0299959528739033,79,73,6,0,not_evaluated,not_evaluated
Bring it on!  I’m not a chicken,1.0759493670886076,0.0299959528739033,79,73,6,0,not_evaluated,not_evaluated
…I remember the good old days when ‘creativity’ wasn’t a think…,1.0759493670886076,0.0299959528739033,79,73,6,0,not_evaluated,not_evaluated
"TKO, Im' sure",1.0759493670886076,0.0299959528739033,79,73,6,0,not_evaluated,not_evaluated
Where's Ferdie Pacheco?,1.0759493670886076,0.0299959528739033,79,73,6,0,not_evaluated,not_evaluated
"I looked out this morning and the sun was gone
Turned on some music to start my day
I lost myself in a familiar song
I closed my eyes and I slipped away
It's more than a feeling
(More than a feeling)
When I hear that old song they used to pl",1.0759493670886076,0.0299959528739033,79,73,6,0,not_evaluated,not_evaluated
I wish I had known you were a southpaw.,1.0759493670886076,0.0349903863030481,79,74,4,1,not_evaluated,not_evaluated
The Icicle Patrol will repair your offed block.,1.0759493670886076,0.0299959528739033,79,73,6,0,not_evaluated,not_evaluated
That’s not the snow blower I was talking about.,1.0759493670886076,0.0299959528739033,79,73,6,0,not_evaluated,not_evaluated
It appears you have mastered your training and no longer need me.,1.0757575757575757,0.032820810816617,66,61,5,0,not_evaluated,not_evaluated
"Thumpety, thump thump!  Thumpety, thump thump!
Look at those mighty blows!
Thumpety, thump thump!  Thumpety, thump thump!
Frosty wins by TKO!",1.0757575757575757,0.0392862073616254,66,62,3,1,not_evaluated,not_evaluated
So is this what they call a boxspring?,1.0757575757575757,0.0392862073616254,66,62,3,1,not_evaluated,not_evaluated
I guess the NFL would’ve been safer.,1.0757575757575757,0.032820810816617,66,61,5,0,not_evaluated,not_evaluated
I'm blaming this on global warming.,1.0757575757575757,0.032820810816617,66,61,5,0,not_evaluated,not_evaluated
Those toy robots make it look so easy.,1.0757575757575757,0.0392862073616254,66,62,3,1,not_evaluated,not_evaluated
"Hey! You knocked my block off!""  (admittingly",1.0757575757575757,0.032820810816617,66,61,5,0,not_evaluated,not_evaluated
Little help?,1.075268817204301,0.0275056164938392,93,86,7,0,not_evaluated,not_evaluated
Life is beautiful nevertheless.,1.075268817204301,0.0314692394157015,93,87,5,1,not_evaluated,not_evaluated
Now what are we supposed to do for the next month?,1.075,0.0296338414142011,80,74,6,0,not_evaluated,not_evaluated
"After the last round, you lost by a head.",1.075,0.0296338414142011,80,74,6,0,not_evaluated,not_evaluated
Those robots made this look so much safer,1.075,0.0345632789700942,80,75,4,1,not_evaluated,not_evaluated
It’s because you got the scarf and I got the hat,1.075,0.0296338414142011,80,74,6,0,not_evaluated,not_evaluated
This is why they leave this to the summer games.,1.075,0.0296338414142011,80,74,6,0,not_evaluated,not_evaluated
"When you said you gave good head, this isn't exactly what I imagined",1.075,0.0296338414142011,80,74,6,0,not_evaluated,not_evaluated
"Not to be too philosophical, but I struggle to 
understand The Creator's intentions.",1.075,0.0296338414142011,80,74,6,0,not_evaluated,not_evaluated
Huh. It's snowing.,1.075,0.0296338414142011,80,74,6,0,not_evaluated,not_evaluated
Referee called it a TKO,1.075,0.0296338414142011,80,74,6,0,not_evaluated,not_evaluated
"I know that modern art is a vicious game, but is this really necessary?",1.075,0.0345632789700942,80,75,4,1,not_evaluated,not_evaluated
God rest ye Merry Gentlemen,1.075,0.0345632789700942,80,75,4,1,not_evaluated,not_evaluated
"You know it's not a block, right?",1.075,0.0296338414142011,80,74,6,0,not_evaluated,not_evaluated
Now…you can’t knock my head off,1.075,0.0345632789700942,80,75,4,1,not_evaluated,not_evaluated
"No low blows, okay?",1.075,0.0296338414142011,80,74,6,0,not_evaluated,not_evaluated
Nobody forgets the “Chilla’ in Wasilla”.,1.075,0.0345632789700942,80,75,4,1,not_evaluated,not_evaluated
"I thought I’d be OK, not KO’d",1.075,0.0296338414142011,80,74,6,0,not_evaluated,not_evaluated
"Oh, my! From this angle I can see where we came from and where we are going, but you still win this round.",1.075,0.0296338414142011,80,74,6,0,not_evaluated,not_evaluated
No fair . I wasn't ready.,1.075,0.0345632789700942,80,75,4,1,not_evaluated,not_evaluated
The kids see a therapist for passive aggression. Don’t think it’s working.,1.075,0.0296338414142011,80,74,6,0,not_evaluated,not_evaluated
I guess you can’t let it go to your head.,1.0746268656716418,0.0387119202650939,67,63,3,1,not_evaluated,not_evaluated
"Alas, the Marquess of Queensberry Rules don't cover a startling development of this nature.",1.0746268656716418,0.0387119202650939,67,63,3,1,not_evaluated,not_evaluated
"Yo Rocky, how about a heads up for a do over?",1.0746268656716418,0.0387119202650939,67,63,3,1,not_evaluated,not_evaluated
That settles it.......MY toque.,1.0746268656716418,0.0323470050582337,67,62,5,0,not_evaluated,not_evaluated
"You’re not ahead in this match, and where’s your helmet?",1.0746268656716418,0.0323470050582337,67,62,5,0,not_evaluated,not_evaluated
"So, that's how you do the upper cut.",1.0746268656716418,0.0387119202650939,67,63,3,1,not_evaluated,not_evaluated
Whoa! I was still trying to grasp your 'Butterfly - Bee' metaphor.,1.074468085106383,0.0272232090669509,94,87,7,0,not_evaluated,not_evaluated
You over did it during the warm-up.,1.074468085106383,0.0272232090669509,94,87,7,0,not_evaluated,not_evaluated
You've been reading too much Calvin and Hobbes!,1.0740740740740742,0.0292803487052627,81,75,6,0,not_evaluated,not_evaluated
"I know you want to get your head around it, but what you did was just off base.",1.0740740740740742,0.0341464609529365,81,76,4,1,not_evaluated,not_evaluated
You were always a sucker for a left jab!,1.0740740740740742,0.0292803487052627,81,75,6,0,not_evaluated,not_evaluated
You call that a punch? It’s but a flesh wound.,1.0740740740740742,0.0341464609529365,81,76,4,1,not_evaluated,not_evaluated
You'll be accused of it but I'll defend you.,1.0740740740740742,0.0292803487052627,81,75,6,0,not_evaluated,not_evaluated
"Wow, Robin answered my text!",1.0740740740740742,0.0292803487052627,81,75,6,0,not_evaluated,not_evaluated
"Looks like you finally lost your cool, you couldn’t keep your head in the game!",1.0740740740740742,0.0292803487052627,81,75,6,0,not_evaluated,not_evaluated
Told you to open your eyes!,1.0740740740740742,0.0292803487052627,81,75,6,0,not_evaluated,not_evaluated
I'm hoping for a different theme next year.,1.0740740740740742,0.0292803487052627,81,75,6,0,not_evaluated,not_evaluated
"Worse than this, the Climate is warming.",1.0740740740740742,0.0292803487052627,81,75,6,0,not_evaluated,not_evaluated
Ok but this time I get to be Rocky and you have to be Olaf!,1.0740740740740742,0.0341464609529365,81,76,4,1,not_evaluated,not_evaluated
I told you that kid with the stuffed tiger isn’t right.,1.0740740740740742,0.0341464609529365,81,76,4,1,not_evaluated,not_evaluated
"For snow thou art, and unto snow shalt thou return...",1.0740740740740742,0.0292803487052627,81,75,6,0,not_evaluated,not_evaluated
Snowbody knows the trouble I’ve seen.,1.0740740740740742,0.0341464609529365,81,76,4,1,not_evaluated,not_evaluated
Winner by knock off … Fisty Frostee,1.0740740740740742,0.0292803487052627,81,75,6,0,not_evaluated,not_evaluated
I guess they forgot the spring,1.0740740740740742,0.0341464609529365,81,76,4,1,not_evaluated,not_evaluated
"We sure miss you, Calvin!",1.0740740740740742,0.0341464609529365,81,76,4,1,not_evaluated,not_evaluated
"How was I supposed to know that's what ""sock me"" meant?",1.0740740740740742,0.0292803487052627,81,75,6,0,not_evaluated,not_evaluated
Whose ready to talk politics,1.0740740740740742,0.0341464609529365,81,76,4,1,not_evaluated,not_evaluated
If that's the carrot I don't want to see the stick!,1.0736842105263158,0.0269465285423427,95,88,7,0,not_evaluated,not_evaluated
@corner_towns “next year I’ll get you”,1.0736842105263158,0.0269465285423427,95,88,7,0,not_evaluated,not_evaluated
I didn't even hit you. What do you think about global warming now Bob?,1.0735294117647058,0.031886654994214,68,63,5,0,not_evaluated,not_evaluated
I warned you about taking my hat.,1.0735294117647058,0.038154165296785,68,64,3,1,not_evaluated,not_evaluated
"I am sorry, but I told you that in our case, ""Warm Up"" was just a figure of speech, not a real thing.",1.0735294117647058,0.031886654994214,68,63,5,0,not_evaluated,not_evaluated
I still think they will thaw to a draw.,1.0735294117647058,0.031886654994214,68,63,5,0,not_evaluated,not_evaluated
Bill Watterson would be proud of our Timmy.,1.0735294117647058,0.038154165296785,68,64,3,1,not_evaluated,not_evaluated
Sorry buddy but my gloves are all iced up.,1.0735294117647058,0.031886654994214,68,63,5,0,not_evaluated,not_evaluated
Gotcha! I’ll only miss if you don’t move.,1.0735294117647058,0.038154165296785,68,64,3,1,not_evaluated,not_evaluated
Alright. Best of five then?,1.0735294117647058,0.038154165296785,68,64,3,1,not_evaluated,not_evaluated
I  never thought you would loose your head like THAT!,1.0731707317073171,0.037940379403794,82,78,2,2,not_evaluated,not_evaluated
"You may have won the hat, but I'll fight to the death for my corncob pipe.",1.0731707317073171,0.037940379403794,82,78,2,2,not_evaluated,not_evaluated
"If you stop this fight, I'll kill you.",1.0731707317073171,0.028935171414719,82,76,6,0,not_evaluated,not_evaluated
I didn't you had a snowball's chance in Hell to pop my head off!,1.0731707317073171,0.028935171414719,82,76,6,0,not_evaluated,not_evaluated
Whoa! I had no idea the uppercut was that effective,1.0731707317073171,0.028935171414719,82,76,6,0,not_evaluated,not_evaluated
It’s every snowman’s dream to come to life…and yet here we are.,1.0731707317073171,0.028935171414719,82,76,6,0,not_evaluated,not_evaluated
Not hit! Not hit! Not hit!  The sun did it!,1.0731707317073171,0.028935171414719,82,76,6,0,not_evaluated,not_evaluated
You win. I can't top that.,1.0731707317073171,0.028935171414719,82,76,6,0,not_evaluated,not_evaluated
"Headless heedless, heedless fearless! Next round you lose!",1.0731707317073171,0.028935171414719,82,76,6,0,not_evaluated,not_evaluated
"I told you “only”,
Bellow the belt !",1.0731707317073171,0.028935171414719,82,76,6,0,not_evaluated,not_evaluated
Confucius say “Stay in the shadows”,1.0731707317073171,0.0337395653062025,82,77,4,1,not_evaluated,not_evaluated
"After a fine flurry, T-ice-son gets his man in the 3rd round",1.0731707317073171,0.028935171414719,82,76,6,0,not_evaluated,not_evaluated
Buffer voice “And still the heavy weight snowman of the backyard…Frosty!”,1.0731707317073171,0.028935171414719,82,76,6,0,not_evaluated,not_evaluated
okay now we're even after I used your nose to pleasure your wife,1.0729166666666667,0.0305102501710011,96,90,5,1,not_evaluated,not_evaluated
"Sorry ‘bout that, but it was a head-to-head boxing match.",1.0729166666666667,0.0305102501710011,96,90,5,1,not_evaluated,not_evaluated
No need to blow your top off – global warming is here!,1.072463768115942,0.0376122394176568,69,65,3,1,not_evaluated,not_evaluated
See ya next time buddy..,1.072463768115942,0.0314391967853124,69,64,5,0,not_evaluated,not_evaluated
"Don't lose your head and you'll be fine,"" they said. Why didn't I listen",1.072463768115942,0.0314391967853124,69,64,5,0,not_evaluated,not_evaluated
That one was for disappearing on me last Spring!,1.072463768115942,0.0314391967853124,69,64,5,0,not_evaluated,not_evaluated
I don’t believe we are going to find this covered by the Queensbury Rules.,1.072463768115942,0.0314391967853124,69,64,5,0,not_evaluated,not_evaluated
Sam asked Sally to tie the knot… little did she know he meant the scarf’s,1.072463768115942,0.0429061535623584,69,66,1,2,not_evaluated,not_evaluated
I' m OK.  There now isn't as much of me to hit.,1.072289156626506,0.0285980202412033,83,77,6,0,not_evaluated,not_evaluated
"When the winter is warm, how easy it is to beat the snowman",1.072289156626506,0.0333422423059191,83,78,4,1,not_evaluated,not_evaluated
Now let's not get too heated.,1.072289156626506,0.0285980202412033,83,77,6,0,not_evaluated,not_evaluated
I forgot to keep my twigs up.,1.072289156626506,0.0333422423059191,83,78,4,1,not_evaluated,not_evaluated
"See you in... Oh, wait, we are in Hell.",1.072289156626506,0.0285980202412033,83,77,6,0,not_evaluated,not_evaluated
"Barry, what happened? Is my ex-wife back?",1.072289156626506,0.0285980202412033,83,77,6,0,not_evaluated,not_evaluated
My father told me not to be a quitter!,1.072289156626506,0.0285980202412033,83,77,6,0,not_evaluated,not_evaluated
That is for bringing me hot chicken soup.,1.072289156626506,0.0285980202412033,83,77,6,0,not_evaluated,not_evaluated
I guess you didn't find this science so sweet,1.072289156626506,0.0333422423059191,83,78,4,1,not_evaluated,not_evaluated
Why would somebody build this?,1.072289156626506,0.0333422423059191,83,78,4,1,not_evaluated,not_evaluated
Knock my block off? I am most visibly round-headed.,1.072289156626506,0.0333422423059191,83,78,4,1,not_evaluated,not_evaluated
"And Frosty, you thought my hat would give me an advantage!",1.072289156626506,0.0333422423059191,83,78,4,1,not_evaluated,not_evaluated
I didn’t have my head on straight to agree to this fight!,1.072289156626506,0.0333422423059191,83,78,4,1,not_evaluated,not_evaluated
"And now, while you're distracted, a swift left upper cut.",1.072289156626506,0.0285980202412033,83,77,6,0,not_evaluated,not_evaluated
This fighting has gone all to your head.,1.072289156626506,0.0285980202412033,83,77,6,0,not_evaluated,not_evaluated
"Wait just a moment!  I thought this was just Rockem Sockem Snowbots where my head just popped up, not off??",1.072289156626506,0.0333422423059191,83,78,4,1,not_evaluated,not_evaluated
You’re missing a couple of buttons.,1.0721649484536082,0.0264096669225762,97,90,7,0,not_evaluated,not_evaluated
Snow day! Snow Day! Calling all seven yr-olds stat!,1.0714285714285714,0.0282686191147277,84,78,6,0,not_evaluated,not_evaluated
A TKO this is not.,1.0714285714285714,0.0329541584522866,84,79,4,1,not_evaluated,not_evaluated
"Frosty is not happy, in fact, I am frosted!",1.0714285714285714,0.0282686191147277,84,78,6,0,not_evaluated,not_evaluated
Patty cake patty cake! Off with his neck!,1.0714285714285714,0.0310040975815153,70,65,5,0,not_evaluated,not_evaluated
I told you we weren't playing Rock 'em Sock'em robots.,1.0714285714285714,0.0329541584522866,84,79,4,1,not_evaluated,not_evaluated
When you mistakenly ask for hard pack instead of a hard chin.,1.0714285714285714,0.0310040975815153,70,65,5,0,not_evaluated,not_evaluated
This is not a kid's game,1.0714285714285714,0.0282686191147277,84,78,6,0,not_evaluated,not_evaluated
I know I didn’t hit you that hard. You  must be melting. Uh oh…. To be continued next winter.,1.0714285714285714,0.0332350047021995,98,93,3,2,not_evaluated,not_evaluated
"No, I'm not - all I see is stars.",1.0714285714285714,0.0370854788534861,70,66,3,1,not_evaluated,not_evaluated
"Mr. Spielberg, what is my motivation for continuing, and how do I replace my head?",1.0714285714285714,0.0310040975815153,70,65,5,0,not_evaluated,not_evaluated
"Obviously haven't perfected the 'Rock-em-Sock-em-Snow-Bots', yet""",1.0714285714285714,0.0329541584522866,84,79,4,1,not_evaluated,not_evaluated
"I’ve heard of head in the sand, but…",1.0714285714285714,0.0310040975815153,70,65,5,0,not_evaluated,not_evaluated
Down goes Brown!!!,1.0714285714285714,0.0329541584522866,84,79,4,1,not_evaluated,not_evaluated
That's just great; thanks.  After tonight's storm I'll be snow-blind.,1.0714285714285714,0.0282686191147277,84,78,6,0,not_evaluated,not_evaluated
Mom warned us about this.,1.0714285714285714,0.0310040975815153,70,65,5,0,not_evaluated,not_evaluated
"Yeah, go ahead and turn off Heads Will Roll by Yeah Yeah Yeahs. Show some respect!",1.0714285714285714,0.0282686191147277,84,78,6,0,not_evaluated,not_evaluated
Is there a medic in the house?,1.0714285714285714,0.0282686191147277,84,78,6,0,not_evaluated,not_evaluated
"My cousin, the Headless Horseman, was much better for fight night.",1.0714285714285714,0.0282686191147277,84,78,6,0,not_evaluated,not_evaluated
My footwork would be much better if I had feet.,1.0714285714285714,0.0282686191147277,84,78,6,0,not_evaluated,not_evaluated
I knew it was you Olaf...you didn't have to act up,1.0714285714285714,0.0310040975815153,70,65,5,0,not_evaluated,not_evaluated
"Sure I can use an I statement. ‘When you knock my head off, I feel like that’s a pretty cold-hearted move, Dave.’",1.0714285714285714,0.0310040975815153,70,65,5,0,not_evaluated,not_evaluated
Maybe this wasn't such a fun thing to do.,1.0705882352941176,0.027946704450951,85,79,6,0,not_evaluated,not_evaluated
Move like a statue! Sting like frostbite! Sticks can’t hit what coals can’t see!,1.0705882352941176,0.0325749955408551,85,80,4,1,not_evaluated,not_evaluated
And humans think climate change is bad for them!,1.0705882352941176,0.0325749955408551,85,80,4,1,not_evaluated,not_evaluated
See any angels down there?,1.0705882352941176,0.027946704450951,85,79,6,0,not_evaluated,not_evaluated
Well Scooby Doo!,1.0705882352941176,0.027946704450951,85,79,6,0,not_evaluated,not_evaluated
Just a scratch.  Come on!  What're you waiting for?,1.0704225352112675,0.0305808534277075,71,66,5,0,not_evaluated,not_evaluated
Bloody snowflake generation!,1.0704225352112675,0.0305808534277075,71,66,5,0,not_evaluated,not_evaluated
Still fighting?....I should have known that your brain is not in your head,1.0704225352112675,0.0305808534277075,71,66,5,0,not_evaluated,not_evaluated
Just call me Thwaites.,1.0704225352112675,0.0305808534277075,71,66,5,0,not_evaluated,not_evaluated
"BOXING
The Oldest Civilization Sport Since The Ice Age",1.0704225352112675,0.0305808534277075,71,66,5,0,not_evaluated,not_evaluated
"OK, we can start now, but remember no punching below the waist.",1.0704225352112675,0.0305808534277075,71,66,5,0,not_evaluated,not_evaluated
Damn climate change.,1.0704225352112675,0.0305808534277075,71,66,5,0,not_evaluated,not_evaluated
I guess my Rope-a-Dope technique needs me to actually be ON the ropes!,1.0704225352112675,0.0305808534277075,71,66,5,0,not_evaluated,not_evaluated
I’ve already won. I always knew my head was not a permanent fixture.,1.069767441860465,0.027632024455163,86,80,6,0,not_evaluated,not_evaluated
And now I turn into a snow angel.,1.069767441860465,0.027632024455163,86,80,6,0,not_evaluated,not_evaluated
"No ambulances, just call me an Uber.",1.069767441860465,0.027632024455163,86,80,6,0,not_evaluated,not_evaluated
Maybe we should have stuck with curling...,1.069767441860465,0.0362039279350424,86,82,2,2,not_evaluated,not_evaluated
"Rock Em’  Sock  ‘Em’
Snowmen",1.069767441860465,0.027632024455163,86,80,6,0,not_evaluated,not_evaluated
"That's not what I meant by thumpety, thump, thump!",1.069767441860465,0.032204449796701,86,81,4,1,not_evaluated,not_evaluated
"Was it you or the temperature, both are kicking",1.069767441860465,0.027632024455163,86,80,6,0,not_evaluated,not_evaluated
"No worries, it's just climate change...",1.0694444444444444,0.0301689873364169,72,67,5,0,not_evaluated,not_evaluated
Heads or Tails?,1.0694444444444444,0.0301689873364169,72,67,5,0,not_evaluated,not_evaluated
This warm snap has been stressing me out.  Sorry to take it out on you.,1.0694444444444444,0.0301689873364169,72,67,5,0,not_evaluated,not_evaluated
"If I could close by eyes, I'd fight you with them closed. So instead...",1.0694444444444444,0.0301689873364169,72,67,5,0,not_evaluated,not_evaluated
"What the heck, you know I have a sensitive carrot.",1.0694444444444444,0.0301689873364169,72,67,5,0,not_evaluated,not_evaluated
Guess we found out who's got the real ice in their veins.,1.0694444444444444,0.0360749789138421,72,68,3,1,not_evaluated,not_evaluated
Should have worn that scarf,1.0694444444444444,0.0301689873364169,72,67,5,0,not_evaluated,not_evaluated
My doctor told me that I needed more calcium!,1.0694444444444444,0.0301689873364169,72,67,5,0,not_evaluated,not_evaluated
I’m warning you” usually means a coming blizzard!,1.0694444444444444,0.0360749789138421,72,68,3,1,not_evaluated,not_evaluated
You haven't got a snowballs chance in hell!,1.0694444444444444,0.0301689873364169,72,67,5,0,not_evaluated,not_evaluated
Damn that lunar eclipse!,1.0694444444444444,0.0301689873364169,72,67,5,0,not_evaluated,not_evaluated
"Listen, your mother and I are getting a divorce, Tyler.",1.0694444444444444,0.0301689873364169,72,67,5,0,not_evaluated,not_evaluated
Early in the sport they wore stocking caps in the octagon,1.0689655172413792,0.0273243384721745,87,81,6,0,not_evaluated,not_evaluated
I guess getting coldcocked was inevitable.,1.0689655172413792,0.0357943555000761,87,83,2,2,not_evaluated,not_evaluated
"I was expecting a gut punch, not your upper-cut.",1.0689655172413792,0.0273243384721745,87,81,6,0,not_evaluated,not_evaluated
"I’m still coming for ya, Crane!",1.0689655172413792,0.0318422310666808,87,82,4,1,not_evaluated,not_evaluated
I am going to knock you out cold.,1.0689655172413792,0.0273243384721745,87,81,6,0,not_evaluated,not_evaluated
"It’s but a paper cut.  Come on now - let’s have another go now, shall we?",1.0689655172413792,0.0273243384721745,87,81,6,0,not_evaluated,not_evaluated
I told you you were melting with anger!,1.0689655172413792,0.0318422310666808,87,82,4,1,not_evaluated,not_evaluated
Don't say I didn't warn you.,1.0689655172413792,0.0318422310666808,87,82,4,1,not_evaluated,not_evaluated
": the referee flipped the coin at the game and said, ""it's heads!""",1.0689655172413792,0.0318422310666808,87,82,4,1,not_evaluated,not_evaluated
"I knew you had no backbone, but this is ridiculous.",1.0689655172413792,0.0273243384721745,87,81,6,0,not_evaluated,not_evaluated
I demand a rematch before the Spring thaw.,1.0684931506849316,0.0297680475123408,73,68,5,0,not_evaluated,not_evaluated
I feel triggered and unsafe.,1.0684931506849316,0.0297680475123408,73,68,5,0,not_evaluated,not_evaluated
"This isn't a CTE joke, is it?",1.0684931506849316,0.0297680475123408,73,68,5,0,not_evaluated,not_evaluated
Carrot on your face? Try a snowman's root-canal.,1.0684931506849316,0.0297680475123408,73,68,5,0,not_evaluated,not_evaluated
That's what is known as a Snow KO!,1.0684931506849316,0.0297680475123408,73,68,5,0,not_evaluated,not_evaluated
We’re gonna need Coach to rebuild you.,1.0684931506849316,0.0355900850870317,73,69,3,1,not_evaluated,not_evaluated
Lost his head just getting in the ring,1.0684931506849316,0.0297680475123408,73,68,5,0,not_evaluated,not_evaluated
Thumpety thump thump look at Frosty's deep fake go!,1.0684931506849316,0.0297680475123408,73,68,5,0,not_evaluated,not_evaluated
This way the odds of my losing by a knockout are a lot better.,1.0684931506849316,0.0297680475123408,73,68,5,0,not_evaluated,not_evaluated
"I didn't think you could actually hit me, Clive"".",1.0684931506849316,0.0297680475123408,73,68,5,0,not_evaluated,not_evaluated
That was easy.,1.0684931506849316,0.0297680475123408,73,68,5,0,not_evaluated,not_evaluated
Tyson Flurry defends his title in a decisive manner.,1.0684931506849316,0.0297680475123408,73,68,5,0,not_evaluated,not_evaluated
"It's OK, cut me Mickey!",1.0684931506849316,0.0355900850870317,73,69,3,1,not_evaluated,not_evaluated
He never gives up.,1.0684931506849316,0.0297680475123408,73,68,5,0,not_evaluated,not_evaluated
Let’s call it the “ Sleepy Hollow Boxing Academy”,1.0684931506849316,0.0297680475123408,73,68,5,0,not_evaluated,not_evaluated
I'm beside myself. I thought we were just joking around!,1.0684931506849316,0.0355900850870317,73,69,3,1,not_evaluated,not_evaluated
Where’s your heads at …,1.0684931506849316,0.0297680475123408,73,68,5,0,not_evaluated,not_evaluated
"Ready! 1, 2....wham!...3, Go!",1.068181818181818,0.0270234163786311,88,82,6,0,not_evaluated,not_evaluated
"Listen, since I took your head off, I’ll put it back, but you have to promise to punch off mine”",1.068181818181818,0.0270234163786311,88,82,6,0,not_evaluated,not_evaluated
Don’t go soft - I still see you,1.068181818181818,0.0270234163786311,88,82,6,0,not_evaluated,not_evaluated
C'mon you pansy. It's just a flesh wound.,1.0675675675675675,0.035118043289563,74,70,3,1,not_evaluated,not_evaluated
"Oh! We've seen this before, if a fighter isn't cool under pressure then he loses his head!",1.0675675675675675,0.0293776057149327,74,69,5,0,not_evaluated,not_evaluated
"Ugh, I'm just losing my mind over Global Warming right now!",1.0675675675675675,0.0293776057149327,74,69,5,0,not_evaluated,not_evaluated
"Well, at least I'm gonna be ahead of  you once Spring hits.",1.0675675675675675,0.035118043289563,74,70,3,1,not_evaluated,not_evaluated
I told him not to get cross with me,1.0675675675675675,0.0293776057149327,74,69,5,0,not_evaluated,not_evaluated
"Is it December twenty-seventh yet, Hank?",1.0675675675675675,0.0293776057149327,74,69,5,0,not_evaluated,not_evaluated
"You've got to work on your footwork, Frosty.",1.0675675675675675,0.0293776057149327,74,69,5,0,not_evaluated,not_evaluated
"Let me at least Google ""how to fight when you are disarmed.""",1.0675675675675675,0.0293776057149327,74,69,5,0,not_evaluated,not_evaluated
You always lose your mind when we fight.,1.0675675675675675,0.040043853603683,74,71,1,2,not_evaluated,not_evaluated
"Pull yourself together man, we’re just getting warmed up",1.0675675675675675,0.0293776057149327,74,69,5,0,not_evaluated,not_evaluated
"Freddy wanted to box, but Joey was topless.",1.0675675675675675,0.0293776057149327,74,69,5,0,not_evaluated,not_evaluated
I guess the scarf made all the difference.,1.0675675675675675,0.0293776057149327,74,69,5,0,not_evaluated,not_evaluated
"Nice going, Rocky.",1.0675675675675675,0.0293776057149327,74,69,5,0,not_evaluated,not_evaluated
The First Rule of Snowman Fight Club is Don't Talk about Snowman Fight Club,1.0675675675675675,0.0293776057149327,74,69,5,0,not_evaluated,not_evaluated
I have a snow jaw.,1.0674157303370786,0.0267290380145649,89,83,6,0,not_evaluated,not_evaluated
"Don't look so glib, Frosty...the sun is on my side!",1.0674157303370786,0.0267290380145649,89,83,6,0,not_evaluated,not_evaluated
"No upper cuts, Frosty! No upper cuts!",1.0674157303370786,0.0311416776699206,89,84,4,1,not_evaluated,not_evaluated
"Under the Marquis of Queensbury rules,
I'm only down if one knee is touching -- and I don't have any knees.",1.0674157303370786,0.0311416776699206,89,84,4,1,not_evaluated,not_evaluated
"Lucille, if you think I came out hear to pull my punches you’re very wrong.  We’ve been in training since August for this grudge match. Now swing on me dear.",1.0674157303370786,0.0267290380145649,89,83,6,0,not_evaluated,not_evaluated
Let’s continue…I can still beat you without my head,1.0674157303370786,0.0311416776699206,89,84,4,1,not_evaluated,not_evaluated
They Gotta Name a Street After  You .,1.0674157303370786,0.0267290380145649,89,83,6,0,not_evaluated,not_evaluated
Not fair! This heavy head-hat slowed my slip left-hook reaction time.,1.0666666666666669,0.0308028242621004,90,85,4,1,not_evaluated,not_evaluated
"Why is it during conflicts, that the mind is always the first to go?",1.0666666666666669,0.0308028242621004,90,85,4,1,not_evaluated,not_evaluated
Heads will literally roll!,1.0666666666666669,0.0289972557467226,75,70,5,0,not_evaluated,not_evaluated
"Call me crazy, but I prefer the other kind of icebox.",1.0666666666666669,0.0289972557467226,75,70,5,0,not_evaluated,not_evaluated
Do you smell carrots?,1.0666666666666669,0.0346583496606691,75,71,3,1,not_evaluated,not_evaluated
"Seriously ! …We’re posing for a seasonal witticism. The cartoonist said  “Look contrary“ , not “Punch your friend in the face “. “",1.0666666666666669,0.0346583496606691,75,71,3,1,not_evaluated,not_evaluated
"Hmm, I know I had a plan.",1.0666666666666669,0.0289972557467226,75,70,5,0,not_evaluated,not_evaluated
"The original Andrew ""Six Heads"" Lewis suddenly had one less head to spare.",1.0666666666666669,0.02644099265127,90,84,6,0,not_evaluated,not_evaluated
That's what happens when you let a kid be the fight captain of the show.,1.0666666666666669,0.0308028242621004,90,85,4,1,not_evaluated,not_evaluated
Hah! I meant to do that! Now I can fight bantamweight!,1.0666666666666669,0.0289972557467226,75,70,5,0,not_evaluated,not_evaluated
"Lizzie Borden’s mother.
 Who are you supposed to be?",1.0666666666666669,0.0289972557467226,75,70,5,0,not_evaluated,not_evaluated
"Okay, sorry Bob but that point was basically for climate change.",1.0666666666666669,0.0289972557467226,75,70,5,0,not_evaluated,not_evaluated
You won't be a contender in March as a bantam weight nobody.,1.0666666666666669,0.0346583496606691,75,71,3,1,not_evaluated,not_evaluated
Damn...I didn't think you were really going to hit me.,1.0666666666666669,0.0346583496606691,75,71,3,1,not_evaluated,not_evaluated
I see my God. He calls me to Him.,1.0666666666666669,0.0289972557467226,75,70,5,0,not_evaluated,not_evaluated
"Well, I guess I really got ahead of myself.",1.0666666666666669,0.0346583496606691,75,71,3,1,not_evaluated,not_evaluated
Oh no... I hope a random dog didn't come and piss all over my face. *wink*,1.065934065934066,0.0304712591107478,91,86,4,1,not_evaluated,not_evaluated
Need to have a chill head in a fight,1.065934065934066,0.0304712591107478,91,86,4,1,not_evaluated,not_evaluated
You didn't have to knock me out cold.,1.065934065934066,0.0261590784928309,91,85,6,0,not_evaluated,not_evaluated
I was following the I was following the pack all swaddled in their coats with scarves of red tied ‘round their throats.,1.065934065934066,0.0304712591107478,91,86,4,1,not_evaluated,not_evaluated
Little Washington gets his first inspiration for his novel portraying the headless snowman.,1.0657894736842106,0.0286266120562819,76,71,5,0,not_evaluated,not_evaluated
You may be ahead of me but I'll be back.,1.0657894736842106,0.0286266120562819,76,71,5,0,not_evaluated,not_evaluated
"You've lost the ""head over heels"" case, Buddy.",1.0657894736842106,0.0390030422375714,76,73,1,2,not_evaluated,not_evaluated
What happened to the good old days of top hats and corn cob pipes?,1.0657894736842106,0.0342105263157894,76,72,3,1,not_evaluated,not_evaluated
Melting Bull,1.0657894736842106,0.0286266120562819,76,71,5,0,not_evaluated,not_evaluated
Is this addressed in the Marquess of Queensberry Rules?,1.0657894736842106,0.0286266120562819,76,71,5,0,not_evaluated,not_evaluated
Can you get me the number of that therapist with the giant clock in their office?,1.0657894736842106,0.0342105263157894,76,72,3,1,not_evaluated,not_evaluated
We should have planned ahead for this situation.,1.0657894736842106,0.0342105263157894,76,72,3,1,not_evaluated,not_evaluated
Nobody likes warm hugs. Live with it or bury your head in the snow.,1.0657894736842106,0.0286266120562819,76,71,5,0,not_evaluated,not_evaluated
„Now.. don‘t act headless“,1.0657894736842106,0.0286266120562819,76,71,5,0,not_evaluated,not_evaluated
You should see the snowball,1.0655737704918034,0.0395939255360366,61,58,2,1,not_evaluated,not_evaluated
"Anything a chicken can do, a snowman can do better.",1.065217391304348,0.025883102208852,92,86,6,0,not_evaluated,not_evaluated
I thought we agreed no hitting above the scarf!,1.0649350649350648,0.0337741196953669,77,73,3,1,not_evaluated,not_evaluated
"Wow, climate change even makes snowman boxing a challenge",1.0649350649350648,0.0282653084458446,77,72,5,0,not_evaluated,not_evaluated
"Nice shot, Scarf Ace.",1.0649350649350648,0.0337741196953669,77,73,3,1,not_evaluated,not_evaluated
Ouch! I’m gonna need to ice this down.,1.0649350649350648,0.0282653084458446,77,72,5,0,not_evaluated,not_evaluated
You said we would just have a light dusting!,1.0649350649350648,0.0337741196953669,77,73,3,1,not_evaluated,not_evaluated
These gloves are not making me any warmer.,1.0649350649350648,0.0282653084458446,77,72,5,0,not_evaluated,not_evaluated
"I don’t think I’ll ace this one, can’t see you!",1.0649350649350648,0.0282653084458446,77,72,5,0,not_evaluated,not_evaluated
"so, which amendment says I can’t keep boxing without a brain?",1.0649350649350648,0.0282653084458446,77,72,5,0,not_evaluated,not_evaluated
I think I should rethink my strategy!,1.0649350649350648,0.0282653084458446,77,72,5,0,not_evaluated,not_evaluated
"Does it hurt?  DOES IT HURT? 
I never thought of you as a sore loser..",1.0649350649350648,0.0282653084458446,77,72,5,0,not_evaluated,not_evaluated
Don't try to blame this on global warming.,1.0649350649350648,0.0282653084458446,77,72,5,0,not_evaluated,not_evaluated
I can't make head or tails of it.,1.0649350649350648,0.0282653084458446,77,72,5,0,not_evaluated,not_evaluated
I warned you !! I wanna Ring before spring!,1.0649350649350648,0.0282653084458446,77,72,5,0,not_evaluated,not_evaluated
"This way, I won't lose my head if things get heated.",1.0649350649350648,0.0282653084458446,77,72,5,0,not_evaluated,not_evaluated
Great job-- winner plays the abominable snowman!,1.0649350649350648,0.0282653084458446,77,72,5,0,not_evaluated,not_evaluated
"Nice uppercut, but next round I get the scarf.",1.0649350649350648,0.0337741196953669,77,73,3,1,not_evaluated,not_evaluated
Scarfs are illegal and you well know why.,1.0649350649350648,0.0282653084458446,77,72,5,0,not_evaluated,not_evaluated
You knocked my block off!  #rockemsockemrobots,1.0649350649350648,0.0337741196953669,77,73,3,1,not_evaluated,not_evaluated
Hey! Let’s keep it below the belt,1.0649350649350648,0.0282653084458446,77,72,5,0,not_evaluated,not_evaluated
Before you go to a neutral corner…here come some huskies.,1.064516129032258,0.0256128784961426,93,87,6,0,not_evaluated,not_evaluated
"Sorry, I guess I lost my head

Gosh, I was so looking forward to having a black eye",1.064516129032258,0.0335190651160103,93,89,2,2,not_evaluated,not_evaluated
"Wait, you're alive?... Wait... I'm alive?!? We're Alive!!  What have done!?!",1.064102564102564,0.0333486990378986,78,74,3,1,not_evaluated,not_evaluated
….Got the wind taken right out of me,1.064102564102564,0.0333486990378986,78,74,3,1,not_evaluated,not_evaluated
They made it look like you've knocked my block off.,1.064102564102564,0.0279129968745745,78,73,5,0,not_evaluated,not_evaluated
"Don’t worry, I’m sure that little child that made that block of ice for a noggin will replace it within a couple days",1.064102564102564,0.0279129968745745,78,73,5,0,not_evaluated,not_evaluated
It's a sixth round knockout!,1.064102564102564,0.0333486990378986,78,74,3,1,not_evaluated,not_evaluated
"When you said you were getting warm and you were going to take it all off, this is not what I expected!"" Or ""When you said you were getting warm and you were going to take off, this is not what I expected!",1.064102564102564,0.0333486990378986,78,74,3,1,not_evaluated,not_evaluated
Brutal in the primaries--but headed for a meltdown.,1.064102564102564,0.0279129968745745,78,73,5,0,not_evaluated,not_evaluated
"Sorry, I need to be more mindful of the situation.",1.064102564102564,0.0279129968745745,78,73,5,0,not_evaluated,not_evaluated
‘You can never keep a cool head’,1.064102564102564,0.0333486990378986,78,74,3,1,not_evaluated,not_evaluated
"When you said you had me on the first round, I did not take it this literally",1.064102564102564,0.0279129968745745,78,73,5,0,not_evaluated,not_evaluated
My manager has already gotten me a rematch this summer.,1.0634920634920637,0.0309684598567075,63,59,4,0,not_evaluated,not_evaluated
A friendly snowdown.,1.0632911392405062,0.0275693463493436,79,74,5,0,not_evaluated,not_evaluated
No mas! No ice!,1.0632911392405062,0.0329338549664806,79,75,3,1,not_evaluated,not_evaluated
Best 2 outta 3!,1.0632911392405062,0.0275693463493436,79,74,5,0,not_evaluated,not_evaluated
I didn't hear a 'ding'! And that scarf is still hurting my eyes.,1.0632911392405062,0.0275693463493436,79,74,5,0,not_evaluated,not_evaluated
Down goes Olaf!  Down goes Olaf!,1.0632911392405062,0.0275693463493436,79,74,5,0,not_evaluated,not_evaluated
We said no head shots so I thought I’d  make it easy on you.,1.0632911392405062,0.0275693463493436,79,74,5,0,not_evaluated,not_evaluated
Mano de Hielo Duran beats Snow Ray Leonard again in The Brawl in Montreal rematch,1.0632911392405062,0.0329338549664806,79,75,3,1,not_evaluated,not_evaluated
Is that what I looked like before they finished me?,1.0632911392405062,0.0329338549664806,79,75,3,1,not_evaluated,not_evaluated
Did I go full on abdominal on you?,1.0632911392405062,0.0275693463493436,79,74,5,0,not_evaluated,not_evaluated
"Well, Geoarge, I can still see what you meant about ""don't lose your head"" over this.",1.0632911392405062,0.0275693463493436,79,74,5,0,not_evaluated,not_evaluated
We need to create a game that does this!,1.0632911392405062,0.0275693463493436,79,74,5,0,not_evaluated,not_evaluated
Rock-em Sock-em for the 21st century.,1.0632911392405062,0.0329338549664806,79,75,3,1,not_evaluated,not_evaluated
What say we only hit below the belt?,1.0632911392405062,0.0275693463493436,79,74,5,0,not_evaluated,not_evaluated
"Cheap shot pal, expect a very frosty reception the next time we meet!",1.0632911392405062,0.0275693463493436,79,74,5,0,not_evaluated,not_evaluated
Dad was right. I just don't have a killer competitive streak.,1.063157894736842,0.0250889852642108,95,89,6,0,not_evaluated,not_evaluated
You're no longer ahead of your time,1.063157894736842,0.0250889852642108,95,89,6,0,not_evaluated,not_evaluated
"Well, actually, it hit me what are we living for...",1.0625,0.0272340418956621,80,75,5,0,not_evaluated,not_evaluated
Wow. Not even a fleshball's chance.,1.0625,0.0272340418956621,80,75,5,0,not_evaluated,not_evaluated
I thought we said body blows only.,1.0625,0.0272340418956621,80,75,5,0,not_evaluated,not_evaluated
Getting ahead before the meltdown.,1.0625,0.0272340418956621,80,75,5,0,not_evaluated,not_evaluated
"Sorry, they must have used metal for the arms this time.",1.0625,0.0272340418956621,80,75,5,0,not_evaluated,not_evaluated
Enjoy it while you can.,1.0625,0.0438420234007626,64,62,0,2,not_evaluated,not_evaluated
I didn't realize it was headed that way.,1.0625,0.0272340418956621,80,75,5,0,not_evaluated,not_evaluated
Don’t worry. You can just use ChatGPT.,1.0625,0.0304968772796416,64,60,4,0,not_evaluated,not_evaluated
"Get up, you dumb block head.",1.0625,0.0272340418956621,80,75,5,0,not_evaluated,not_evaluated
They warned me I didn't have a head this this game.,1.0625,0.0304968772796416,64,60,4,0,not_evaluated,not_evaluated
"We can barely reach, though!",1.0625,0.0272340418956621,80,75,5,0,not_evaluated,not_evaluated
Oh come on.  It's just a flesh wound.,1.0625,0.0272340418956621,80,75,5,0,not_evaluated,not_evaluated
"Hey,I thought we were just playing",1.0625,0.0325291981791315,80,76,3,1,not_evaluated,not_evaluated
So unfair… YOUR arms move and my head did not have enough time to freeze to my body,1.0625,0.0272340418956621,80,75,5,0,not_evaluated,not_evaluated
"No, leave it! Dad always said that if I ever got the chance, I should stay a head!",1.0625,0.0272340418956621,80,75,5,0,not_evaluated,not_evaluated
Looks like I’m not gonna make my dinner reservation.  Sheila is NOT gonna be happy. It’s our anniversary.,1.0625,0.0304968772796416,64,60,4,0,not_evaluated,not_evaluated
"Honey, I think there is something wrong with our child-",1.0618556701030928,0.0245860618921893,97,91,6,0,not_evaluated,not_evaluated
"Hey buddy, I think you're melting! It looks like I knocked your block off, but we haven't thrown a punch yet!",1.0617283950617284,0.0269067836021029,81,76,5,0,not_evaluated,not_evaluated
Isn’t it supposed to be gloves off head on?,1.0617283950617284,0.0269067836021029,81,76,5,0,not_evaluated,not_evaluated
"Darn, the superglue didn't hold up. Let's try rebar.",1.0617283950617284,0.0269067836021029,81,76,5,0,not_evaluated,not_evaluated
There are no rules in a knife fight,1.0617283950617284,0.0321343582341243,81,77,3,1,not_evaluated,not_evaluated
I'm not mad at you. I'm mad at the children who inhibited this behavior.,1.0617283950617284,0.0321343582341243,81,77,3,1,not_evaluated,not_evaluated
Guess that's a TKO -- Technical Knock-Off.,1.0617283950617284,0.0269067836021029,81,76,5,0,not_evaluated,not_evaluated
Hah!  Gotcha right where I wantcha my warm weather friend.,1.0617283950617284,0.0269067836021029,81,76,5,0,not_evaluated,not_evaluated
Stand and fight don't be a headless chicken,1.0617283950617284,0.0269067836021029,81,76,5,0,not_evaluated,not_evaluated
"Now, because of my stone-cold pacifism, you’re an abominable snowman.”",1.0617283950617284,0.0269067836021029,81,76,5,0,not_evaluated,not_evaluated
A knock off doesn't count as a knockout.,1.0615384615384615,0.0300394218304102,65,61,4,0,not_evaluated,not_evaluated
"You've heard the saying, ""I could whip you with one hand tied behind my back!""",1.0612244897959184,0.024342074991636,98,92,6,0,not_evaluated,not_evaluated
Pretty sure they're gonna let this one go.  New Jersey has a 3 meltdown rule!,1.0609756097560976,0.0265872857321796,82,77,5,0,not_evaluated,not_evaluated
head high,1.0609756097560976,0.0265872857321796,82,77,5,0,not_evaluated,not_evaluated
Well it still beats your X phase,1.0609756097560976,0.0265872857321796,82,77,5,0,not_evaluated,not_evaluated
"I never believed you when you said that you lost your head over boxing!""",1.0609756097560976,0.0265872857321796,82,77,5,0,not_evaluated,not_evaluated
Head to head face off,1.0609756097560976,0.0265872857321796,82,77,5,0,not_evaluated,not_evaluated
Don't feel too bad. The person I really blame is Bill Watterson.,1.0609756097560976,0.0317489824223847,82,78,3,1,not_evaluated,not_evaluated
Ask your doctor. It could be a sign of low T.,1.0609756097560976,0.0317489824223847,82,78,3,1,not_evaluated,not_evaluated
You’ve got a bat in the cave..,1.0609756097560976,0.0317489824223847,82,78,3,1,not_evaluated,not_evaluated
I thought we were just sparring.,1.0606060606060606,0.0295954689941331,66,62,4,0,not_evaluated,not_evaluated
"We are not in Kansas anymore, Toto",1.0606060606060606,0.0295954689941331,66,62,4,0,not_evaluated,not_evaluated
"Take that, you jolly, happy soul. 
J Torpey
Jamestown, NC",1.0606060606060606,0.0366345772622417,66,63,2,1,not_evaluated,not_evaluated
I told you to keep your cool Rocky.”,1.0606060606060606,0.0295954689941331,66,62,4,0,not_evaluated,not_evaluated
I thought we were reenacting a scene from the headless horsemen.,1.0602409638554218,0.0262752758982036,83,78,5,0,not_evaluated,not_evaluated
Think you're ready to take on global warming next?,1.0602409638554218,0.0262752758982036,83,78,5,0,not_evaluated,not_evaluated
What do the rules say about falling into the yellow bits?,1.0602409638554218,0.0262752758982036,83,78,5,0,not_evaluated,not_evaluated
"Common Kyle!
I told you, not in the face!
I work in show biz dammit!",1.0602409638554218,0.0262752758982036,83,78,5,0,not_evaluated,not_evaluated
"Ok, you're right, ultimately I am a snowflake.",1.0602409638554218,0.0262752758982036,83,78,5,0,not_evaluated,not_evaluated
"Hang on, I gotta roll up a weight class.",1.0602409638554218,0.0262752758982036,83,78,5,0,not_evaluated,not_evaluated
what a blockhead,1.0602409638554218,0.0313727347197701,83,79,3,1,not_evaluated,not_evaluated
You’re a knock off Rock ‘em sock ‘em !,1.0602409638554218,0.0262752758982036,83,78,5,0,not_evaluated,not_evaluated
The Balboa household's annual winter display,1.0602409638554218,0.0262752758982036,83,78,5,0,not_evaluated,not_evaluated
No fair. That’s a snow blow.,1.0602409638554218,0.0262752758982036,83,78,5,0,not_evaluated,not_evaluated
It’s good to have a stick up your butt.,1.0597014925373134,0.0291644304751759,67,63,4,0,not_evaluated,not_evaluated
We should have taken up kickboxing,1.0597014925373134,0.0360949863459589,67,64,2,1,not_evaluated,not_evaluated
Not fair!  I was just trying to touch gloves before Round One!,1.0597014925373134,0.0291644304751759,67,63,4,0,not_evaluated,not_evaluated
Your scarf knocks me out,1.0597014925373134,0.0291644304751759,67,63,4,0,not_evaluated,not_evaluated
Not fair! It's supposed to be a beauty contest.,1.0597014925373134,0.0291644304751759,67,63,4,0,not_evaluated,not_evaluated
Well that round didn't last very long!,1.0597014925373134,0.0291644304751759,67,63,4,0,not_evaluated,not_evaluated
Don’t tell me you showed up with that light powder snow again! How many times do I have to tell you. It Doesn’t Pack well!,1.0597014925373134,0.0291644304751759,67,63,4,0,not_evaluated,not_evaluated
Better to be headless than thoughtless,1.0597014925373134,0.0291644304751759,67,63,4,0,not_evaluated,not_evaluated
Me when a five year old says Are you from stupid town because you look stupid!,1.0595238095238095,0.0310052948127085,84,80,3,1,not_evaluated,not_evaluated
And nothing below the belt!,1.0595238095238095,0.0259704942921405,84,79,5,0,not_evaluated,not_evaluated
I’m gonna need a realignment at the chiropractor after this workout.,1.0595238095238095,0.0259704942921405,84,79,5,0,not_evaluated,not_evaluated
"I told you not to forget your skarf.""",1.0595238095238095,0.0259704942921405,84,79,5,0,not_evaluated,not_evaluated
I just dropped to welterweight giving you a distinct advantage.,1.0595238095238095,0.0310052948127085,84,80,3,1,not_evaluated,not_evaluated
Snow contest,1.0595238095238095,0.0259704942921405,84,79,5,0,not_evaluated,not_evaluated
"Keep the hat,no longer need it!",1.0595238095238095,0.0310052948127085,84,80,3,1,not_evaluated,not_evaluated
So now I know the abominable snowman hides in plain sight.,1.0595238095238095,0.0310052948127085,84,80,3,1,not_evaluated,not_evaluated
Your arms are oak twigs,1.0588235294117647,0.0256726929689402,85,80,5,0,not_evaluated,not_evaluated
"They say ""stick and move"" so I think I'm halfway there.",1.0588235294117647,0.0287457516132482,68,64,4,0,not_evaluated,not_evaluated
"No fair, hitting above the belt.",1.0588235294117647,0.0256726929689402,85,80,5,0,not_evaluated,not_evaluated
"Oh, my God...you're really a chicken
.",1.0588235294117647,0.035571052818056,68,65,2,1,not_evaluated,not_evaluated
Come on man hit me hit me I dare you,1.0588235294117647,0.0287457516132482,68,64,4,0,not_evaluated,not_evaluated
We are now even.,1.0588235294117647,0.0287457516132482,68,64,4,0,not_evaluated,not_evaluated
I’m gonna need a good cut man……!,1.0588235294117647,0.0256726929689402,85,80,5,0,not_evaluated,not_evaluated
"Eddie, you were supposed to wait until the count of three!",1.0588235294117647,0.0256726929689402,85,80,5,0,not_evaluated,not_evaluated
"Yah, well I’m going to knock your block off.",1.0588235294117647,0.0287457516132482,68,64,4,0,not_evaluated,not_evaluated
It's true: you're a Republican and I'm a Democrat.  But can't we resolve this in a more bipartisan manner?,1.0588235294117647,0.030646357191278,85,81,3,1,not_evaluated,not_evaluated
"Snowman, left… behind",1.0588235294117647,0.0256726929689402,85,80,5,0,not_evaluated,not_evaluated
I lost it in the sun!,1.058139534883721,0.0253816351782208,86,81,5,0,not_evaluated,not_evaluated
"Even if I had worn my Apple watch, it still wouldn't have saved me.",1.058139534883721,0.0302956303043493,86,82,3,1,not_evaluated,not_evaluated
What are you — a chicken?,1.058139534883721,0.0253816351782208,86,81,5,0,not_evaluated,not_evaluated
This reminds me of that time Sugar Ray Robinson tried to hug his mother and accidentally decapitated her with a left hook.,1.058139534883721,0.0253816351782208,86,81,5,0,not_evaluated,not_evaluated
That hit was snow joke.,1.058139534883721,0.0302956303043493,86,82,3,1,not_evaluated,not_evaluated
Try using some Gorilla Glue,1.058139534883721,0.0253816351782208,86,81,5,0,not_evaluated,not_evaluated
I feel like a Bill Watterson illustration...,1.058139534883721,0.0302956303043493,86,82,3,1,not_evaluated,not_evaluated
"Hey, no fair! I just got caught cold!",1.058139534883721,0.0253816351782208,86,81,5,0,not_evaluated,not_evaluated
Seriously can’t melt quick enough.,1.058139534883721,0.0253816351782208,86,81,5,0,not_evaluated,not_evaluated
You’re cold as ice.,1.058139534883721,0.0302956303043493,86,82,3,1,not_evaluated,not_evaluated
Guess it's on with there head is,1.0579710144927537,0.0283389090172116,69,65,4,0,not_evaluated,not_evaluated
Hahahahaha! Your punch didn’t land but your punchline sure did!,1.0579710144927537,0.035062105239009,69,66,2,1,not_evaluated,not_evaluated
"""Just a snow wound. Had enough?""",1.0579710144927537,0.0283389090172116,69,65,4,0,not_evaluated,not_evaluated
This is how poems end up in the slush pile.,1.0579710144927537,0.0283389090172116,69,65,4,0,not_evaluated,not_evaluated
Summer is coming.,1.057471264367816,0.0250970947405482,87,82,5,0,not_evaluated,not_evaluated
Some people call it an unfair advantage; I call it damn smart.,1.057471264367816,0.0250970947405482,87,82,5,0,not_evaluated,not_evaluated
"Son, I should have listened when you kept telling me you were too big to spank anymore.",1.057471264367816,0.0299528357718929,87,83,3,1,not_evaluated,not_evaluated
I said I was gonna knock your block off.,1.0571428571428572,0.0279434083955329,70,66,4,0,not_evaluated,not_evaluated
"Damn, the sun's coming out.",1.0571428571428572,0.0279434083955329,70,66,4,0,not_evaluated,not_evaluated
"If he thaws, he thaws.",1.0571428571428572,0.0279434083955329,70,66,4,0,not_evaluated,not_evaluated
I'm a self-sabotager.,1.0571428571428572,0.0279434083955329,70,66,4,0,not_evaluated,not_evaluated
Maybe you are ahead for now but you can't win without your silk hat.,1.0571428571428572,0.0279434083955329,70,66,4,0,not_evaluated,not_evaluated
Soon enough you'll lose to the sun in a TKO.,1.0571428571428572,0.0279434083955329,70,66,4,0,not_evaluated,not_evaluated
"Por una cabeza is just a song, man!",1.0571428571428572,0.0279434083955329,70,66,4,0,not_evaluated,not_evaluated
"No fair.  Yours was in the shade.

Everybody has a plan until they're punched in the face.",1.0571428571428572,0.0279434083955329,70,66,4,0,not_evaluated,not_evaluated
I told you the scarf lets your head melt right into it and then it becomes a wider brimmed hat.,1.0571428571428572,0.0279434083955329,70,66,4,0,not_evaluated,not_evaluated
Greta Thunberg told me there'd be days like this.,1.0571428571428572,0.0279434083955329,70,66,4,0,not_evaluated,not_evaluated
"You knocked my ball off!""",1.0571428571428572,0.0279434083955329,70,66,4,0,not_evaluated,not_evaluated
"That was just Round One, and I've still got the February Thaw in my toolkit.",1.0571428571428572,0.0279434083955329,70,66,4,0,not_evaluated,not_evaluated
"C'mon, we were fighting with Ron Burgundy rules!",1.0571428571428572,0.0279434083955329,70,66,4,0,not_evaluated,not_evaluated
Oops! This is not snowman making snow,1.056818181818182,0.0248188554648853,88,83,5,0,not_evaluated,not_evaluated
"Geez, Jimmy. I thought you said we were just going to play fight.",1.056818181818182,0.0248188554648853,88,83,5,0,not_evaluated,not_evaluated
It would always be a hollow victory for frosty. For he knew climate change played a big part.,1.056818181818182,0.0248188554648853,88,83,5,0,not_evaluated,not_evaluated
"Next time you wear the scarf, and I wear the hat?",1.056818181818182,0.0248188554648853,88,83,5,0,not_evaluated,not_evaluated
That's what I get for switching chiropractors.,1.056338028169014,0.0275587825646099,71,67,4,0,not_evaluated,not_evaluated
I thought you were Henry XII.,1.056338028169014,0.0275587825646099,71,67,4,0,not_evaluated,not_evaluated
What can I say?... not much snow in Philly this year.,1.056338028169014,0.0340866687044213,71,68,2,1,not_evaluated,not_evaluated
"I won't quit until I turn to water.""",1.056338028169014,0.0275587825646099,71,67,4,0,not_evaluated,not_evaluated
Great job Palooka.,1.056338028169014,0.0275587825646099,71,67,4,0,not_evaluated,not_evaluated
"Then a nuclear blast occurred, and the War of the Snowmen was on again.",1.056338028169014,0.0275587825646099,71,67,4,0,not_evaluated,not_evaluated
And no hitting below the belt either!,1.056338028169014,0.0275587825646099,71,67,4,0,not_evaluated,not_evaluated
Maybe we should postpone this.......,1.056338028169014,0.0275587825646099,71,67,4,0,not_evaluated,not_evaluated
Looks like we both lost our heads this time,1.056338028169014,0.0275587825646099,71,67,4,0,not_evaluated,not_evaluated
I still mostly want to fight,1.056338028169014,0.0275587825646099,71,67,4,0,not_evaluated,not_evaluated
data,1.0561797752808988,0.0292899917445141,89,85,3,1,not_evaluated,not_evaluated
I thought a scarf would be superfluous – clearly that was ill-advised.,1.0561797752808988,0.0245467106040815,89,84,5,0,not_evaluated,not_evaluated
"Ready! Just put me head back on, please.",1.0561797752808988,0.0292899917445141,89,85,3,1,not_evaluated,not_evaluated
Oh yeah? I’ll knock your head off…,1.0561797752808988,0.0292899917445141,89,85,3,1,not_evaluated,not_evaluated
"Well, Mark, it would appear that my creepy long neck was designed by the same lead engineer as my non durable electric cars. 👎",1.0555555555555556,0.0271845896182162,72,68,4,0,not_evaluated,not_evaluated
"I said give me a LEFT, not a MELT!",1.0555555555555556,0.0242804623455389,90,85,5,0,not_evaluated,not_evaluated
This is embarrassing. Knocked out cold BEFORE the fight starts!,1.0555555555555556,0.0242804623455389,90,85,5,0,not_evaluated,not_evaluated
This little trick ensures that you’ll never deliver a knockout punch.,1.0555555555555556,0.0271845896182162,72,68,4,0,not_evaluated,not_evaluated
Where’d you learn Muay Thai?!,1.0555555555555556,0.0271845896182162,72,68,4,0,not_evaluated,not_evaluated
Chin-up,1.0555555555555556,0.0271845896182162,72,68,4,0,not_evaluated,not_evaluated
Looks like the thaw is coming early this year.,1.0555555555555556,0.0336190157416914,72,69,2,1,not_evaluated,not_evaluated
"Man, this global warming is just getting ridiculous.",1.0555555555555556,0.0336190157416914,72,69,2,1,not_evaluated,not_evaluated
I curse you. May you be wracked with guilt forever - or at least until spring.,1.054945054945055,0.0240199213344395,91,86,5,0,not_evaluated,not_evaluated
Tell my ventriloquist to send a really good cutman,1.0547945205479452,0.0268204112430838,73,69,4,0,not_evaluated,not_evaluated
No fair.  Your reach is longer than mine.,1.0547945205479452,0.0268204112430838,73,69,4,0,not_evaluated,not_evaluated
"We can play 20 Questions, I guess.",1.0547945205479452,0.0331640160875204,73,70,2,1,not_evaluated,not_evaluated
"It’s ok! Billy should be home from school around 3 to put my head back, then we can keep sparring”",1.0547945205479452,0.0268204112430838,73,69,4,0,not_evaluated,not_evaluated
"Come on man, I thought you had a head on your shoulder !",1.0547945205479452,0.0268204112430838,73,69,4,0,not_evaluated,not_evaluated
I am not playing this game again unless you are Brutus and I am Octavian,1.0547945205479452,0.0268204112430838,73,69,4,0,not_evaluated,not_evaluated
That upper cut is really coming along.,1.0547945205479452,0.0268204112430838,73,69,4,0,not_evaluated,not_evaluated
The glue is not working like in the commercial.,1.0547945205479452,0.0331640160875204,73,70,2,1,not_evaluated,not_evaluated
"I’ve never hid a branch under my scarf, and never will.",1.0547945205479452,0.0268204112430838,73,69,4,0,not_evaluated,not_evaluated
I told you to always keep your head on your shoulder …,1.0547945205479452,0.0268204112430838,73,69,4,0,not_evaluated,not_evaluated
"I thought we agreed, not the face",1.0543478260869563,0.023764906227132,92,87,5,0,not_evaluated,not_evaluated
"Good one, Frosty, you got me right on the button!",1.054054054054054,0.0264658511672144,74,70,4,0,not_evaluated,not_evaluated
Technical Knockoff!,1.054054054054054,0.0264658511672144,74,70,4,0,not_evaluated,not_evaluated
.  C'mon man! I knocked your snowball off. Give it up before you melt!,1.054054054054054,0.0264658511672144,74,70,4,0,not_evaluated,not_evaluated
"ROCK'EM SOCK'EM SNOWMEN !
""This was your bright idea, not mine...""",1.054054054054054,0.0264658511672144,74,70,4,0,not_evaluated,not_evaluated
Olaf with your head!!,1.054054054054054,0.0264658511672144,74,70,4,0,not_evaluated,not_evaluated
"Oh, crap, we were just supposed to be having fun!",1.053763440860215,0.0235152432724811,93,88,5,0,not_evaluated,not_evaluated
"=Hilda after the next snow 
 storm. we will just make you a new head
any way you want it and you may be able to knock my head off.",1.053763440860215,0.0235152432724811,93,88,5,0,not_evaluated,not_evaluated
When i said you looked like mike tyson i didnt think you would act like him too!,1.053763440860215,0.0280485428651927,93,89,3,1,not_evaluated,not_evaluated
This is what I call unfair!,1.0535714285714286,0.0303619171188468,56,53,3,0,not_evaluated,not_evaluated
I can't do this today. I still can't get over that Cowboys' loss.,1.0533333333333332,0.0322899774332941,75,72,2,1,not_evaluated,not_evaluated
"We said no sucker punches, Frank",1.0533333333333332,0.0261205337288939,75,71,4,0,not_evaluated,not_evaluated
You get a head start.,1.0533333333333332,0.0261205337288939,75,71,4,0,not_evaluated,not_evaluated
"Ok, so you knocked my block off... except it's a sphere.",1.0533333333333332,0.0261205337288939,75,71,4,0,not_evaluated,not_evaluated
Frosty… boma ye,1.0533333333333332,0.0261205337288939,75,71,4,0,not_evaluated,not_evaluated
He’s knocked out. On to May-weather.,1.0533333333333332,0.0261205337288939,75,71,4,0,not_evaluated,not_evaluated
Too intense for Frosty 1. Let's write this into Frosty 5.,1.0533333333333332,0.0261205337288939,75,71,4,0,not_evaluated,not_evaluated
You are heading for a loss,1.0533333333333332,0.0261205337288939,75,71,4,0,not_evaluated,not_evaluated
This makes a left hook really difficult,1.0533333333333332,0.0261205337288939,75,71,4,0,not_evaluated,not_evaluated
Humans like to take a head shot when it starts snowing,1.0533333333333332,0.0261205337288939,75,71,4,0,not_evaluated,not_evaluated
"Hey, you weren't wearing a cap when I hit you!",1.053191489361702,0.0277544437139269,94,90,3,1,not_evaluated,not_evaluated
Well... That sucks.,1.053191489361702,0.0232707659191606,94,89,5,0,not_evaluated,not_evaluated
Down for the Count,1.0526315789473684,0.0257841025556124,76,72,4,0,not_evaluated,not_evaluated
Do you see my cut man anywhere?,1.0526315789473684,0.0257841025556124,76,72,4,0,not_evaluated,not_evaluated
"In a head-to-head fight, Geoffrey realized he had work to do.",1.0526315789473684,0.0257841025556124,76,72,4,0,not_evaluated,not_evaluated
I can't believe that you meant it!,1.0526315789473684,0.0257841025556124,76,72,4,0,not_evaluated,not_evaluated
These fossil fuels are truly punchin' hot!,1.0526315789473684,0.0257841025556124,76,72,4,0,not_evaluated,not_evaluated
Killer right jab dude.,1.0526315789473684,0.0257841025556124,76,72,4,0,not_evaluated,not_evaluated
This is not what I meant with ‘face to face’ snowball fight,1.0526315789473684,0.031870003727342,76,73,2,1,not_evaluated,not_evaluated
I told you the scarf isn’t just for show,1.0526315789473684,0.0257841025556124,76,72,4,0,not_evaluated,not_evaluated
"Come on man, get your head in the game.",1.0526315789473684,0.0257841025556124,76,72,4,0,not_evaluated,not_evaluated
I told Mom she should've gotten us Rock'Em Sock'Em Robots!,1.0526315789473684,0.0257841025556124,76,72,4,0,not_evaluated,not_evaluated
"You won the scarf, fair and square.",1.051948051948052,0.0254562193431798,77,73,4,0,not_evaluated,not_evaluated
At least I did not hit you below the belt!,1.051948051948052,0.0314608105888313,77,74,2,1,not_evaluated,not_evaluated
I am sure you have immunity.  I will have to live with it.,1.051948051948052,0.0254562193431798,77,73,4,0,not_evaluated,not_evaluated
Who’s a cold heart now?,1.051948051948052,0.0254562193431798,77,73,4,0,not_evaluated,not_evaluated
"Well this is awkward, you should really take a chill pill.”",1.051948051948052,0.0254562193431798,77,73,4,0,not_evaluated,not_evaluated
"Jeez,give me a minute to warm up.",1.051948051948052,0.0254562193431798,77,73,4,0,not_evaluated,not_evaluated
"Meanwhile, that stupid kid who built us like this is off on the Big Island for his family's vacation.",1.051948051948052,0.0314608105888313,77,74,2,1,not_evaluated,not_evaluated
"Now all I need is a stadium ,an audience,a camera crew ,a referee,my opponent's head on his body and the ability to move my limbs!",1.051948051948052,0.0254562193431798,77,73,4,0,not_evaluated,not_evaluated
Where’s your hat?,1.051948051948052,0.0254562193431798,77,73,4,0,not_evaluated,not_evaluated
There can be only one,1.051948051948052,0.0254562193431798,77,73,4,0,not_evaluated,not_evaluated
"I’d throw in the scarf, but I didn’t see where it went.",1.051948051948052,0.0254562193431798,77,73,4,0,not_evaluated,not_evaluated
Losing your cool,1.051948051948052,0.0254562193431798,77,73,4,0,not_evaluated,not_evaluated
Let's kiss and make up,1.051282051282051,0.0251365627262945,78,74,4,0,not_evaluated,not_evaluated
I did warn you I'd knock your ice block off.,1.051282051282051,0.0251365627262945,78,74,4,0,not_evaluated,not_evaluated
"Right. Well, can't wait to pick this back up next winter.",1.051282051282051,0.0251365627262945,78,74,4,0,not_evaluated,not_evaluated
The sun will cover my tracks.,1.051282051282051,0.0251365627262945,78,74,4,0,not_evaluated,not_evaluated
"So much for boxing, but we could be a real contender for the most creative award in the build-a-snowman contest.",1.051282051282051,0.0251365627262945,78,74,4,0,not_evaluated,not_evaluated
"Hat, gloves, scarf”…I knew I forgot something",1.051282051282051,0.0251365627262945,78,74,4,0,not_evaluated,not_evaluated
Just one degree out.,1.051282051282051,0.0251365627262945,78,74,4,0,not_evaluated,not_evaluated
"When you offered to face the sun, I bet you knew it would melt the back of my neck!",1.0506329113924051,0.030673147734714,79,76,2,1,not_evaluated,not_evaluated
I didn’t touch you.  It must be global warming.,1.0506329113924051,0.0248248272326815,79,75,4,0,not_evaluated,not_evaluated
It’s Biden Verses Trump!,1.0506329113924051,0.0248248272326815,79,75,4,0,not_evaluated,not_evaluated
You're off your Noggin Frank.,1.0506329113924051,0.030673147734714,79,76,2,1,not_evaluated,not_evaluated
"It's weird they put your head like that. But hey, our photo will be in the news this week!",1.0506329113924051,0.0248248272326815,79,75,4,0,not_evaluated,not_evaluated
Where my shoulders would be isn't touching.  Pick me up.,1.05,0.0302939188449982,80,77,2,1,not_evaluated,not_evaluated
Sometimes I think I'm aiming a little too high.,1.05,0.0245207223136841,80,76,4,0,not_evaluated,not_evaluated
"In the heat of the moment, Karen just lost her head.",1.05,0.0245207223136841,80,76,4,0,not_evaluated,not_evaluated
And Frosty faced his problems head-on…,1.05,0.0245207223136841,80,76,4,0,not_evaluated,not_evaluated
I just can’t seem to float like a butterfly!,1.05,0.0245207223136841,80,76,4,0,not_evaluated,not_evaluated
Does it count as a KO?,1.0493827160493827,0.0242239714448747,81,77,4,0,not_evaluated,not_evaluated
Looks like you're jussst out of reach,1.0493827160493827,0.0242239714448747,81,77,4,0,not_evaluated,not_evaluated
It’ll take more than that love tap to knock me off my feet!,1.0493827160493827,0.0242239714448747,81,77,4,0,not_evaluated,not_evaluated
...Men typical!,1.0493827160493827,0.0242239714448747,81,77,4,0,not_evaluated,not_evaluated
that upper cut blew my mind ?,1.0493827160493827,0.0299239497371378,81,78,2,1,not_evaluated,not_evaluated
"Sorry for the knockout punch, but we’ll both be gone by spring.",1.048780487804878,0.0239343112908613,82,78,4,0,not_evaluated,not_evaluated
Not fair. I can’t box when I can’t see.,1.048780487804878,0.0239343112908613,82,78,4,0,not_evaluated,not_evaluated
"...and it's February with tbe TKO over January, yet again!",1.048780487804878,0.0239343112908613,82,78,4,0,not_evaluated,not_evaluated
"Okay,  okay. Your stick arms aren't too short to box with God.",1.048780487804878,0.0239343112908613,82,78,4,0,not_evaluated,not_evaluated
I just knew depending on the Supreme Court would be a losing battle...,1.048780487804878,0.0239343112908613,82,78,4,0,not_evaluated,not_evaluated
My heart says one thing and my mind another,1.048780487804878,0.0239343112908613,82,78,4,0,not_evaluated,not_evaluated
That was my stiff arm.,1.048780487804878,0.0295629054597173,82,79,2,1,not_evaluated,not_evaluated
I’m getting cold. So very cold.,1.048780487804878,0.0239343112908613,82,78,4,0,not_evaluated,not_evaluated
"Low blow, dude.""
""Technically, it was an uppercut.",1.048780487804878,0.0239343112908613,82,78,4,0,not_evaluated,not_evaluated
"Don’t you ever say, “You have a bent carrot”.",1.0483870967741935,0.0274745144619036,62,59,3,0,not_evaluated,not_evaluated
"Look on my Works, ye Mighty, and despair!",1.0483870967741935,0.0274745144619036,62,59,3,0,not_evaluated,not_evaluated
"Now,just keep your eyes on my hands and don't lose your head.",1.0483870967741935,0.0274745144619036,62,59,3,0,not_evaluated,not_evaluated
You're disqualified - that means I won.,1.0481927710843373,0.0236514909290143,83,79,4,0,not_evaluated,not_evaluated
"I hate to disappoint you, but this isn't Rock em Sock em Snowbots...",1.0481927710843373,0.0236514909290143,83,79,4,0,not_evaluated,not_evaluated
"WARNING! GRAPHIC CONTENT!
…You don’t agree? Whose heart is cold?",1.0481927710843373,0.0292104670184438,83,80,2,1,not_evaluated,not_evaluated
For a snowman fight it seems i’m better frozen than you”,1.0481927710843373,0.0236514909290143,83,79,4,0,not_evaluated,not_evaluated
I told you over and over: lead with your left!,1.0481927710843373,0.0236514909290143,83,79,4,0,not_evaluated,not_evaluated
"I have performance anxiety, this is making me have a meltdown.",1.0481927710843373,0.0236514909290143,83,79,4,0,not_evaluated,not_evaluated
Go to Hail.,1.0481927710843373,0.0292104670184438,83,80,2,1,not_evaluated,not_evaluated
Fighting headless men is such a task!,1.0481927710843373,0.0236514909290143,83,79,4,0,not_evaluated,not_evaluated
I didn't realize you had such a good left hook!,1.0476190476190477,0.0270458016308125,63,60,3,0,not_evaluated,not_evaluated
"He really got caught cold there, Larry!",1.0476190476190477,0.0270458016308125,63,60,3,0,not_evaluated,not_evaluated
I'm not going to lose my head about this.,1.0476190476190477,0.0233752711273245,84,80,4,0,not_evaluated,not_evaluated
There goes one of the headless horsemen,1.0476190476190477,0.0270458016308125,63,60,3,0,not_evaluated,not_evaluated
Down goes Frazier! Down goes Frazier!,1.0476190476190477,0.0233752711273245,84,80,4,0,not_evaluated,not_evaluated
"As much as it pains me to say this, You’re right, I should’ve worn a scarf.",1.0476190476190477,0.0270458016308125,63,60,3,0,not_evaluated,not_evaluated
This is my best headspace for boxing.,1.0476190476190477,0.0288663304373936,84,81,2,1,not_evaluated,not_evaluated
Didn't your coach warn you about neglecting the scarf?,1.0470588235294118,0.0231054236720462,85,81,4,0,not_evaluated,not_evaluated
"C'mon, Myrna, so I won another sparring session. I've told you time and time again to not lose your head over the small stuff.",1.0470588235294118,0.0231054236720462,85,81,4,0,not_evaluated,not_evaluated
Another day at the office.,1.0470588235294118,0.0231054236720462,85,81,4,0,not_evaluated,not_evaluated
I told you this was not a good idea.  Now go get your head.,1.046875,0.0266302532264483,64,61,3,0,not_evaluated,not_evaluated
There must have been some magic in your uppercut -- I'm downed!,1.046875,0.034716021271691,64,62,1,1,not_evaluated,not_evaluated
Hey! I thought we agreed on no hitting above the belt.,1.046875,0.0266302532264483,64,61,3,0,not_evaluated,not_evaluated
"Nothing personal, Frosty - just needed a hat to go with my scarf!”",1.046875,0.034716021271691,64,62,1,1,not_evaluated,not_evaluated
BLOCK HEAD,1.0465116279069768,0.0282018168646898,86,83,2,1,not_evaluated,not_evaluated
"Mike Tyson was right. I did have a plan until I got punched in the mouth.
 Harry Benner, Chevy Chase, Maryland.",1.0465116279069768,0.0228417307411674,86,82,4,0,not_evaluated,not_evaluated
And it looks like Frosty has decimated Meltman to win the 2024 Snowfall World Championship Title!,1.0465116279069768,0.0228417307411674,86,82,4,0,not_evaluated,not_evaluated
you’ll knock my block off eh?heh heh,1.0461538461538462,0.0262272724942035,65,62,3,0,not_evaluated,not_evaluated
"Whoops, I was heading in for the first punch.",1.0459770114942528,0.027880899449856,87,84,2,1,not_evaluated,not_evaluated
"don't mind it, just a global warming",1.0459770114942528,0.0225839843201116,87,83,4,0,not_evaluated,not_evaluated
Wait…Can we start over?,1.0459770114942528,0.027880899449856,87,84,2,1,not_evaluated,not_evaluated
Global warming is happening faster than I expected.  @t.robotson,1.0459770114942528,0.0225839843201116,87,83,4,0,not_evaluated,not_evaluated
No! I’m getting those “Wizard of Oz” flashbacks.,1.0454545454545454,0.0258362981844911,66,63,3,0,not_evaluated,not_evaluated
So this means less than 6 weeks left of winter,1.0454545454545454,0.0258362981844911,66,63,3,0,not_evaluated,not_evaluated
"Your left hook is wicked, but how am I still conscious afterwards?",1.0454545454545454,0.0258362981844911,66,63,3,0,not_evaluated,not_evaluated
When things started to snowball.,1.0454545454545454,0.0275672015846874,88,85,2,1,not_evaluated,not_evaluated
"Not this move again, you spineless numbnuts!",1.0454545454545454,0.0258362981844911,66,63,3,0,not_evaluated,not_evaluated
We really need to keep cooler heads about us!,1.0449438202247192,0.0220855447501936,89,85,4,0,not_evaluated,not_evaluated
"With homage to Monty Python, ""this isn't over. I could still bite you!""",1.0449438202247192,0.0220855447501936,89,85,4,0,not_evaluated,not_evaluated
"A couple more years of these kids' birthday parties, and my manager promised me a role in the remake of Frosty the Snowman.",1.044776119402985,0.0254568019529087,67,64,3,0,not_evaluated,not_evaluated
"Put up, don't put out, your dukes.",1.044776119402985,0.0254568019529087,67,64,3,0,not_evaluated,not_evaluated
"I said South Pole, not southpaw.",1.044776119402985,0.0331712646735575,67,65,1,1,not_evaluated,not_evaluated
The raccoons will get you too...,1.0444444444444445,0.0218444798782515,90,86,4,0,not_evaluated,not_evaluated
No reason to lose your head over small things.,1.0441176470588236,0.0250882859853723,68,65,3,0,not_evaluated,not_evaluated
"I'm all for reliving our childhood, but I'm beginning to rethink this whole,"" rock'em, sock'em, snowbots thing...""",1.0441176470588236,0.0250882859853723,68,65,3,0,not_evaluated,not_evaluated
What will come first:  Melting or CTE symptoms?,1.0441176470588236,0.0250882859853723,68,65,3,0,not_evaluated,not_evaluated
Would you believe this happened in Snowy Hollow?,1.0441176470588236,0.0250882859853723,68,65,3,0,not_evaluated,not_evaluated
Knew I had a snowball's chance of beating you,1.0441176470588236,0.0326864445368136,68,66,1,1,not_evaluated,not_evaluated
It seems an ice jaw is the same as a glass jaw.,1.0441176470588236,0.0250882859853723,68,65,3,0,not_evaluated,not_evaluated
It's beginning to look a lot like ISIS.,1.0441176470588236,0.0250882859853723,68,65,3,0,not_evaluated,not_evaluated
I feel like I'm in a Calvin and Hobbs strip,1.0441176470588236,0.0250882859853723,68,65,3,0,not_evaluated,not_evaluated
I can keep going like this until spring.,1.0441176470588236,0.0250882859853723,68,65,3,0,not_evaluated,not_evaluated
Hah! My head's off-limits now—below the belt.,1.0441176470588236,0.0250882859853723,68,65,3,0,not_evaluated,not_evaluated
The ultimate man vs. the ultimate snowball.,1.0441176470588236,0.0250882859853723,68,65,3,0,not_evaluated,not_evaluated
When are you going to learn Frost? You MUST always keep your head in the game no matter what!,1.0441176470588236,0.0250882859853723,68,65,3,0,not_evaluated,not_evaluated
:  now stop with the headache excuse!  Let’s go!,1.0441176470588236,0.0250882859853723,68,65,3,0,not_evaluated,not_evaluated
My agonal movements will kick your ass.,1.0434782608695652,0.021377790082367,92,88,4,0,not_evaluated,not_evaluated
Perhaps you're not totally committed to this outdoor activity.,1.0434782608695652,0.0247302808258487,69,66,3,0,not_evaluated,not_evaluated
"See I told you it’s just like those old westerns, my stocking hat is still on!",1.0434782608695652,0.0322155901580412,69,67,1,1,not_evaluated,not_evaluated
How'd that happen?,1.0434782608695652,0.0247302808258487,69,66,3,0,not_evaluated,not_evaluated
"When you said you were gonna knock my head clear off, I thought you were joking!",1.0434782608695652,0.0247302808258487,69,66,3,0,not_evaluated,not_evaluated
You mind just puttin' me back up?,1.0434782608695652,0.0247302808258487,69,66,3,0,not_evaluated,not_evaluated
"So do you think I’m ready for the big leagues, or… no?",1.0434782608695652,0.0247302808258487,69,66,3,0,not_evaluated,not_evaluated
The neighborhood snow ball fight,1.043010752688172,0.0211518392255514,93,89,4,0,not_evaluated,not_evaluated
"I’ll see you down here, come spring. You better hope that groundhog sees his shadow",1.042857142857143,0.0243823433868205,70,67,3,0,not_evaluated,not_evaluated
I didn't know you had a glass jaw.,1.042857142857143,0.0243823433868205,70,67,3,0,not_evaluated,not_evaluated
I've had enough of you acting like you're head and shoulders above the rest of us,1.042857142857143,0.0317581067442797,70,68,1,1,not_evaluated,not_evaluated
And down goes Frosty!,1.042857142857143,0.0243823433868205,70,67,3,0,not_evaluated,not_evaluated
"This isn't Rock 'Em  Sock 'Em Robots,  Snowboy !  """,1.042857142857143,0.0243823433868205,70,67,3,0,not_evaluated,not_evaluated
"Plan B: When the groundhog oversleeps, ""Ok you win, six more weeks of winter.",1.042857142857143,0.0243823433868205,70,67,3,0,not_evaluated,not_evaluated
"🎵We're walking in the air
We're floating in the moonlit sky🎶",1.042857142857143,0.0243823433868205,70,67,3,0,not_evaluated,not_evaluated
"Well,it will happen to you when spring comes around.",1.042857142857143,0.0243823433868205,70,67,3,0,not_evaluated,not_evaluated
Just wait until my corner man wakes up from his nap and it's back on!,1.042857142857143,0.0243823433868205,70,67,3,0,not_evaluated,not_evaluated
This wasn't what I had in mind when you said 'couple's spa day'.,1.042857142857143,0.0243823433868205,70,67,3,0,not_evaluated,not_evaluated
This is why we don't fight if the groundhog doesn't see its shadow.,1.042857142857143,0.0243823433868205,70,67,3,0,not_evaluated,not_evaluated
"Reporting from Sleepy Hollow, the Headless Snowman loses again.",1.042857142857143,0.0243823433868205,70,67,3,0,not_evaluated,not_evaluated
Headless snow person!,1.0422535211267605,0.0240440551248123,71,68,3,0,not_evaluated,not_evaluated
Now everybody will think that I’ve got a yellow streak down my back.,1.0422535211267605,0.0240440551248123,71,68,3,0,not_evaluated,not_evaluated
I think Calvin is losing his edge.,1.0422535211267605,0.0240440551248123,71,68,3,0,not_evaluated,not_evaluated
C,1.0416666666666667,0.0308810378331522,72,70,1,1,not_evaluated,not_evaluated
"C'mon, c'mon... it's only a flesh wound.",1.0416666666666667,0.0237150203652309,72,69,3,0,not_evaluated,not_evaluated
We may need a different strategy to fight climate change.,1.0416666666666667,0.0237150203652309,72,69,3,0,not_evaluated,not_evaluated
C’mon! Gimme a target will’ya!,1.0416666666666667,0.0237150203652309,72,69,3,0,not_evaluated,not_evaluated
You did say to fight like a girl...,1.0416666666666667,0.0237150203652309,72,69,3,0,not_evaluated,not_evaluated
The South Pole South Paw still had the iciest hook in the business,1.0416666666666667,0.0237150203652309,72,69,3,0,not_evaluated,not_evaluated
What it’s like to try to reason with a MAGA  supporter.,1.0410958904109588,0.0233948647624648,73,70,3,0,not_evaluated,not_evaluated
Why bother...,1.0410958904109588,0.0233948647624648,73,70,3,0,not_evaluated,not_evaluated
Keep your head in the game; the storm is almost over.,1.0410958904109588,0.0233948647624648,73,70,3,0,not_evaluated,not_evaluated
I thought we agreed no hits below the belt or above the neck!! It's a recreation league not NHL !,1.0410958904109588,0.0233948647624648,73,70,3,0,not_evaluated,not_evaluated
I hate the day after Christmas.,1.0410958904109588,0.0233948647624648,73,70,3,0,not_evaluated,not_evaluated
"That's not what I meant, when I said ""Protect the head""",1.0405405405405406,0.0230832338826794,74,71,3,0,not_evaluated,not_evaluated
You made my ball fall!,1.0405405405405406,0.0300511053611686,74,72,1,1,not_evaluated,not_evaluated
"Okay Hothead, so you DON’T look like Vanilla Ice!",1.0405405405405406,0.0230832338826794,74,71,3,0,not_evaluated,not_evaluated
Let’s not lose your head over it!,1.0405405405405406,0.0230832338826794,74,71,3,0,not_evaluated,not_evaluated
Wegovy worked too effectively on only one part of this snowman,1.0404040404040404,0.0198904022396684,99,95,4,0,not_evaluated,not_evaluated
You cannot be serious!,1.04,0.0227797918980599,75,72,3,0,not_evaluated,not_evaluated
"I might be down by a third, but I can still land a punch",1.04,0.0227797918980599,75,72,3,0,not_evaluated,not_evaluated
The gloves are coming off now.,1.04,0.0227797918980599,75,72,3,0,not_evaluated,not_evaluated
"And you thought there was
snow way we were in the 
same weight class! 

Colleen Weinschenker, Acworth GA",1.04,0.0227797918980599,75,72,3,0,not_evaluated,not_evaluated
"C,mon. Melt him. You can do it!!",1.0394736842105263,0.0292646093291443,76,74,1,1,not_evaluated,not_evaluated
"My hat ?
Take it !",1.0394736842105263,0.0224842203824145,76,73,3,0,not_evaluated,not_evaluated
Let's just call it a draw,1.0394736842105263,0.0224842203824145,76,73,3,0,not_evaluated,not_evaluated
"It MIGHT be an advantage, but how do you see what you're doing?",1.0394736842105263,0.0224842203824145,76,73,3,0,not_evaluated,not_evaluated
Come on Mike…,1.0394736842105263,0.0224842203824145,76,73,3,0,not_evaluated,not_evaluated
"Wait, "" Time out, but I didn't even touch you.",1.0394736842105263,0.0224842203824145,76,73,3,0,not_evaluated,not_evaluated
"Stripes, look at the pretty stars! Always the optimist.",1.0394736842105263,0.0224842203824145,76,73,3,0,not_evaluated,not_evaluated
"Way to perpetuate ideas of toxic snow masculinity. Was it 24b who thought of this, Fred? Typical.",1.0394736842105263,0.0292646093291443,76,74,1,1,not_evaluated,not_evaluated
"Bob and weave, bob and weave, bob and weeeeeeee…",1.0389610389610389,0.0221962171990835,77,74,3,0,not_evaluated,not_evaluated
We couldn’t just do this at a catchweight?,1.0389610389610389,0.0221962171990835,77,74,3,0,not_evaluated,not_evaluated
"Hey man, chill out.",1.0389610389610389,0.0221962171990835,77,74,3,0,not_evaluated,not_evaluated
What's the big idea?,1.0389610389610389,0.0221962171990835,77,74,3,0,not_evaluated,not_evaluated
This is worse than where you punched me the first time!!,1.0389610389610389,0.0221962171990835,77,74,3,0,not_evaluated,not_evaluated
Santa won’t be happy.  I was supposed to go down in the 5th!,1.0389610389610389,0.0221962171990835,77,74,3,0,not_evaluated,not_evaluated
"Not so bad that you fairly knocked my block off, but I've fallen to # 8 in the rankings for no discernable reason.",1.0384615384615383,0.0219154954730072,78,75,3,0,not_evaluated,not_evaluated
"In the ring of life, it seems the bout against nature always ends in a cold knockout.",1.0384615384615383,0.0219154954730072,78,75,3,0,not_evaluated,not_evaluated
Ready for round 2...even though I'm just two-thirds of the snowman that I used to be.,1.0384615384615383,0.0219154954730072,78,75,3,0,not_evaluated,not_evaluated
So I'm a Carrot Nose! . . WutAbout your SnowFlake lack of Tuffness . .Coal Eyes!!,1.0384615384615383,0.0219154954730072,78,75,3,0,not_evaluated,not_evaluated
An HKO on the first punch? I thought you said you were a beginner Bill!,1.0384615384615383,0.0219154954730072,78,75,3,0,not_evaluated,not_evaluated
Can’t wait for the kids to come sledding.,1.0379746835443038,0.021641782639623,79,76,3,0,not_evaluated,not_evaluated
"Sorry Mike, with this climate change, we can't play like old times anymore. No more outdoors, we'll soon have to play indoors at the Sub Zero arena!",1.0379746835443038,0.021641782639623,79,76,3,0,not_evaluated,not_evaluated
I should have been packed in better against quite the punch!,1.0379746835443038,0.021641782639623,79,76,3,0,not_evaluated,not_evaluated
Just ahead of the wind!,1.0379746835443038,0.0281591317452047,79,77,1,1,not_evaluated,not_evaluated
"Just pull yourself together, John.",1.0379746835443038,0.0281591317452047,79,77,1,1,not_evaluated,not_evaluated
I should have looked out for that avalanche left jab.,1.0379746835443038,0.021641782639623,79,76,3,0,not_evaluated,not_evaluated
I didn't really mean to knock your block off. But you made me so mad I was starting to melt. So I missed.,1.0379746835443038,0.021641782639623,79,76,3,0,not_evaluated,not_evaluated
According to the Marquess of Queensberry ....,1.0379746835443038,0.021641782639623,79,76,3,0,not_evaluated,not_evaluated
I’ve heard of throwing in the towel but….,1.0379746835443038,0.021641782639623,79,76,3,0,not_evaluated,not_evaluated
"Technically, I should still get a standing 8 count",1.0375,0.021374819563973,80,77,3,0,not_evaluated,not_evaluated
"Okay, Donald, so you beat me here in New Hampshire.  You don’t really expect me to just melt away, do you?",1.0375,0.021374819563973,80,77,3,0,not_evaluated,not_evaluated
That's how it feels to hit the frozen balls of your opponent under the belt!,1.0375,0.021374819563973,80,77,3,0,not_evaluated,not_evaluated
"As long as my coal eyes are intact, I can take you!",1.0375,0.021374819563973,80,77,3,0,not_evaluated,not_evaluated
"I’m fully going to have a melt down now, Bob. 

Mind blowing, James.",1.0375,0.021374819563973,80,77,3,0,not_evaluated,not_evaluated
I  never said block. I said blockhead.,1.0375,0.021374819563973,80,77,3,0,not_evaluated,not_evaluated
"Rocky, it's too soon to lose your head, collect yourself! In January ten heavyweight  world champions had their birthday, let's make it eleven!",1.037037037037037,0.027467401804058,81,79,1,1,not_evaluated,not_evaluated
That was an illegal above the scarf shot!  I should have known you would play dirty when you rocked up without a bobble hat,1.037037037037037,0.0211143597240581,81,78,3,0,not_evaluated,not_evaluated
"That wasn't fun, Larry.",1.037037037037037,0.0211143597240581,81,78,3,0,not_evaluated,not_evaluated
"In love's pursuit, I'll endure all, even if it means sacrificing all. From my ashes, may rise our shared triumph of love and victory. José sánchez, Costa rica",1.0365853658536586,0.0208601684530361,82,79,3,0,not_evaluated,not_evaluated
Climate change has more to do with my face’s reintroduction to the snow whence I came than your weak left hook.,1.0365853658536586,0.0208601684530361,82,79,3,0,not_evaluated,not_evaluated
Ali-Frazier ended differently; this is Ali-Freezer.,1.036144578313253,0.0206120222353807,83,80,3,0,not_evaluated,not_evaluated
Junior hadn’t yet developed the ability to make it past the warm-up.,1.036144578313253,0.0206120222353807,83,80,3,0,not_evaluated,not_evaluated
How do you say you've thrown a match without saying you've thrown a match,1.036144578313253,0.0206120222353807,83,80,3,0,not_evaluated,not_evaluated
"Facepalm, dude!",1.035294117647059,0.0261811124830205,85,83,1,1,not_evaluated,not_evaluated
TKO. Too Kold Out!,1.035294117647059,0.0261811124830205,85,83,1,1,not_evaluated,not_evaluated
"Oops, sorry, it's not my fault, it's climate change.",1.035294117647059,0.020133022774304,85,82,3,0,not_evaluated,not_evaluated
If the right one don't a-get you then the left one will.,1.0348837209302326,0.019901772591551,86,83,3,0,not_evaluated,not_evaluated
If ears melt my understanding is you don't wait for the bell.,1.0344827586206895,0.0255821076021674,87,85,1,1,not_evaluated,not_evaluated
I shouldn't have assumed you were a northpaw.,1.0344827586206895,0.019675772488188,87,84,3,0,not_evaluated,not_evaluated
"Heads down, ding-a-ling in the ring.",1.0340909090909092,0.0194548457481291,88,85,3,0,not_evaluated,not_evaluated
I should have been a snowball,1.0340909090909092,0.0194548457481291,88,85,3,0,not_evaluated,not_evaluated
"Well bravo cretin, but just wait, I swear you'll be in the ground before me in a very soon.",1.0338983050847457,0.0237621874345484,59,57,2,0,not_evaluated,not_evaluated
I am winded,1.0337078651685394,0.0250098969288973,89,87,1,1,not_evaluated,not_evaluated
"I’m, give me a sec",1.0333333333333334,0.0233696247231032,60,58,2,0,not_evaluated,not_evaluated
"Well, I usually fight orthodox, but I thought I’d try a “southpole” style this time to mix things up. Ready when you are.",1.0333333333333334,0.0233696247231032,60,58,2,0,not_evaluated,not_evaluated
"You need to stop playing ""Mortal Kombat"".",1.0327868852459017,0.0229898185442214,61,59,2,0,not_evaluated,not_evaluated
You’ll need to keep your head on straight next round,1.0327868852459017,0.0229898185442214,61,59,2,0,not_evaluated,not_evaluated
"Hey, don't worry when the kids come by later they'll put your head back on.Does this mean I have knocked you out?",1.0326086956521738,0.0186186036645608,92,89,3,0,not_evaluated,not_evaluated
"'My mom told me i could get a brain injury boxing.'
-sk whidbey island wa.",1.031746031746032,0.022266067491202,63,61,2,0,not_evaluated,not_evaluated
Not me. The dead of winter knocked him out.,1.03125,0.0219210117003813,64,62,2,0,not_evaluated,not_evaluated
Feeling fragile?,1.0303030303030305,0.0212620125892613,66,64,2,0,not_evaluated,not_evaluated
What the hell is going on around here,1.0294117647058822,0.0206414713705158,68,66,2,0,not_evaluated,not_evaluated
"Sorry, but I told you, you’ve got to stay cool",1.0294117647058822,0.0206414713705158,68,66,2,0,not_evaluated,not_evaluated
"What did I tell you, not in the face!",1.0289855072463767,0.0203445857864991,69,67,2,0,not_evaluated,not_evaluated
God...I promise I just wanna get his hat...,1.0285714285714285,0.020056117661801,70,68,2,0,not_evaluated,not_evaluated
Does this qualify as dementia pugilistica?,1.0285714285714285,0.020056117661801,70,68,2,0,not_evaluated,not_evaluated
Groundhog didn’t see its Shadowboxing,1.0285714285714285,0.020056117661801,70,68,2,0,not_evaluated,not_evaluated
"Calvin made you do it, right?",1.0285714285714285,0.020056117661801,70,68,2,0,not_evaluated,not_evaluated
"Hold on a second, I lost my talking mouthpiece, literally.",1.028169014084507,0.019775714084999,71,69,2,0,not_evaluated,not_evaluated
"Although words always win this time I know I am going to lose because my hands have been broken too many times before""   Mariana Guzmán, Costa Rica",1.0277777777777777,0.0195030415972058,72,70,2,0,not_evaluated,not_evaluated
"WOW! you reverse droned me on that one, Fwostie!",1.0273972602739727,0.0192377848702655,73,71,2,0,not_evaluated,not_evaluated
"I have grit, let’s continue.",1.0273972602739727,0.0192377848702655,73,71,2,0,not_evaluated,not_evaluated
His friend couldn't think of any cold puns and so he was harmed.,1.0273972602739727,0.0192377848702655,73,71,2,0,not_evaluated,not_evaluated
"I thought we agreed, no punching above the brim ...",1.0273972602739727,0.0192377848702655,73,71,2,0,not_evaluated,not_evaluated
"You're outta head, bro.",1.0273972602739727,0.0192377848702655,73,71,2,0,not_evaluated,not_evaluated
You should get your breath checked out.,1.027027027027027,0.0189796454912644,74,72,2,0,not_evaluated,not_evaluated
ceasefire now. End the occupation,1.0266666666666666,0.0187283408435117,75,73,2,0,not_evaluated,not_evaluated
Let's try Action Jackson instead.,1.0266666666666666,0.0187283408435117,75,73,2,0,not_evaluated,not_evaluated
Put em up Marv! Marv.... I think you just lost your head.,1.0263157894736843,0.0184836030751802,76,74,2,0,not_evaluated,not_evaluated
I'd still make a better president than that Biden guy.,1.0263157894736843,0.0184836030751802,76,74,2,0,not_evaluated,not_evaluated
"What are you trying to do, ice me?",1.0263157894736843,0.0184836030751802,76,74,2,0,not_evaluated,not_evaluated
You say you originally auditioned for Monty Python and the Holy Grail?,1.0263157894736843,0.0184836030751802,76,74,2,0,not_evaluated,not_evaluated
hello all 123,1.0263157894736843,0.0184836030751802,76,74,2,0,not_evaluated,not_evaluated
I knew you didn’t like conflict but this is a bit off-kilter,1.0263157894736843,0.0184836030751802,76,74,2,0,not_evaluated,not_evaluated
Get your head in the game! It’s a snowball fight!,1.0263157894736843,0.0184836030751802,76,74,2,0,not_evaluated,not_evaluated
Really global warming? You're ruining this too?,1.025974025974026,0.0182451781476953,77,75,2,0,not_evaluated,not_evaluated
I guess Climate Change wins.,1.0256410256410255,0.0180128249567746,78,76,2,0,not_evaluated,not_evaluated
‘Frosty realised someone was trying to ice him just as he was cold-cocked…’,1.0256410256410255,0.0180128249567746,78,76,2,0,not_evaluated,not_evaluated
Don't worry ... I'm seeing my chiropractor tomorrow anyway.,1.0253164556962024,0.0177863145197277,79,77,2,0,not_evaluated,not_evaluated
That's a mighty fine uppercut you got there Maude.,1.025,0.0175654292232632,80,78,2,0,not_evaluated,not_evaluated
hey no fair — I was looking at those trees in the background that still have leaves on them,1.025,0.0175654292232632,80,78,2,0,not_evaluated,not_evaluated
Climate change,1.0246913580246917,0.0173499621266112,81,79,2,0,not_evaluated,not_evaluated
"Okay, that was just a warm-up round.",1.024390243902439,0.0171397163152757,82,80,2,0,not_evaluated,not_evaluated
I think we should revisit the rule about no hitting below the belt.,1.0240963855421688,0.0169345043011741,83,81,2,0,not_evaluated,not_evaluated
All’s well that Enswell…,1.0227272727272727,0.0159779819053009,88,86,2,0,not_evaluated,not_evaluated
"If Jack gets up before spring, the match is back on.""",1.0224719101123596,0.0157994977510295,89,87,2,0,not_evaluated,not_evaluated
"‘Uhh, it’s a towel you’re supposed to throw.  The scarf isn’t merely decorative.’",1.0161290322580645,0.0162607000121859,62,61,1,0,not_evaluated,not_evaluated
He was a jolly good fellow,1.0161290322580645,0.0162607000121859,62,61,1,0,not_evaluated,not_evaluated
Yeah I may be down but buddy we’re both gonna melt soon !,1.015625,0.0157485197087178,64,63,1,0,not_evaluated,not_evaluated
"There must have been some magic in
That old silk scarf they found.
When they placed it around his neck
He began to dance around",1.015384615384615,0.015504341823651,65,64,1,0,not_evaluated,not_evaluated
Thumpity thump thump… look at Frosty go!!!,1.0151515151515151,0.0152676204138114,66,65,1,0,not_evaluated,not_evaluated
"I told you: if we’re gonna move to Halloween Town, we’re gonna have to try to fit in. Now do me.",1.0151515151515151,0.0152676204138114,66,65,1,0,not_evaluated,not_evaluated
"Easy there Muhammad Flurry, maybe wait for the bell next time?",1.0149253731343284,0.0150380190579342,67,66,1,0,not_evaluated,not_evaluated
"I was head over heels for you...and all that happened was I found no heels, just snowshoes ! And you never warmed me up until  I was your melted snowbunny !",1.0147058823529411,0.0148152212736489,68,67,1,0,not_evaluated,not_evaluated
If we were toy robots we could make a fortune.,1.0144927536231885,0.0145989290618445,69,68,1,0,not_evaluated,not_evaluated
Winter weight champion Frisky the Snowman,1.0136986301369864,0.0137934314767061,73,72,1,0,not_evaluated,not_evaluated
"« Hey Mike, may I borrow your mower please?
- Sure, mate, go ahead. »",1.0136986301369864,0.0137934314767061,73,72,1,0,not_evaluated,not_evaluated
"Hey Balls, we just talk trash. We don’t move.",1.0135135135135136,0.0136057569974179,74,73,1,0,not_evaluated,not_evaluated
That was not a block!,1.0133333333333334,0.0134231211042804,75,74,1,0,not_evaluated,not_evaluated
"You really caught me cold there, Jingle.",1.0133333333333334,0.0134231211042804,75,74,1,0,not_evaluated,not_evaluated
"Now that you’re done head hunting, it’s time to practice your body work.",1.0129870129870129,0.0130721746404,77,76,1,0,not_evaluated,not_evaluated
"Yeah, but your a light heavyweight and I'm a middleweight...",1.0128205128205128,0.0129034943523127,78,77,1,0,not_evaluated,not_evaluated
Just stick me in an ice box and we can get back to ice box.,1.0125,0.0125788651356656,80,79,1,0,not_evaluated,not_evaluated
I’m sorry.  I meant to knock your socks off…not your head🥲,1.0121951219512195,0.0122701695638718,82,81,1,0,not_evaluated,not_evaluated
"That’s not what I meant when I said, “Let’s head out of here!”",1.0,0.0129034943523127,78,78,0,0,not_evaluated,not_evaluated
Now you're ready to start your Christmas shopping.,1.0,0.0134231211042804,75,75,0,0,not_evaluated,not_evaluated
"It was ugly, and sad, the night they overmatched Kid Snow.",1.0,0.0119762626191325,84,84,0,0,not_evaluated,not_evaluated
